{
  "type" : "FeatureCollection",
  "features" : [{"type":"Feature","id":0,"geometry":{"type":"MultiPolygon","coordinates":[[[[-63.074468453447217,-19.826786581863573],[-63.074461827388937,-19.826756326514797],[-63.074468610472309,-19.826786905127911],[-63.074468453447217,-19.826786581863573]]],[[[-63.074468453447217,-19.826786581863573],[-63.076351537162118,-19.835384061663191],[-63.078439566378961,-19.844686163401828],[-63.056061824308863,-19.84442620524646],[-63.061205892305225,-19.876648464111003],[-63.064241858111714,-19.895659355465067],[-63.034199980517116,-19.898293230749577],[-63.032448264664595,-19.917180441256754],[-63.032177065212039,-19.918543693122871],[-63.031541409521324,-19.921738881762607],[-63.031430671761036,-19.922295503063761],[-63.031963084090826,-19.928588658830201],[-63.021163846839826,-19.951681223548928],[-63.010361470557697,-19.974773074179296],[-62.999555949069979,-19.99786420819331],[-62.988747276197508,-20.020954623061723],[-62.967692071152925,-20.025986129204551],[-62.946635530142466,-20.031015126223696],[-62.948938772597828,-20.089870813731306],[-62.96729098503404,-20.089875167402667],[-62.967367034317739,-20.092663549110664],[-62.963998680080408,-20.092658141096777],[-62.954816373548383,-20.128856867220886],[-62.945629821743346,-20.165054958182555],[-62.943710077453787,-20.200864252155529],[-62.918581297785643,-20.200917247367304],[-62.893452515566111,-20.200966649722684],[-62.89350074689321,-20.272398248699595],[-62.861990470080407,-20.272418579918622],[-62.830480223148697,-20.272433245265596],[-62.798970016822295,-20.272442244741804],[-62.767459861825351,-20.27244557835667],[-62.748356813522484,-20.272444840749976],[-62.729253790416358,-20.272442020719492],[-62.710150794896514,-20.272437118271696],[-62.691047829352456,-20.272430133414186],[-62.692511356134482,-20.442218314520545],[-62.660518278967231,-20.442287360420242],[-62.628525267930272,-20.442350524694039],[-62.596532334267287,-20.442407807318226],[-62.564539489221865,-20.442459208277835],[-62.532546744037504,-20.442504727566622],[-62.500554109957534,-20.442544365187025],[-62.468561598225151,-20.442578121150259],[-62.436569220083371,-20.442605995476189],[-62.404576986774991,-20.442627988193454],[-62.372584909542574,-20.442644099339404],[-62.340592999628456,-20.442654328960074],[-62.308601268274693,-20.442658677110259],[-62.276609726723052,-20.442657143853438],[-62.24461838621496,-20.442649729261827],[-62.212627257991535,-20.442636433416361],[-62.180636353293501,-20.442617256406677],[-62.180635041293385,-20.44261539708716],[-62.179371294434283,-20.442616377213412],[-62.178623734611264,-20.442617132488721],[-62.161063330270188,-20.418415361456837],[-62.143508337143047,-20.394211945975329],[-62.125958745155771,-20.370006892963396],[-62.108414544240532,-20.3458002093369],[-62.090875724335802,-20.321591902008414],[-62.073342275386295,-20.297381977887198],[-62.055814187342975,-20.273170443879209],[-62.038291450163072,-20.248957306887128],[-62.062653210742091,-20.24908428644482],[-62.087015160455771,-20.249207883242288],[-62.111377294350888,-20.249328097171642],[-62.13573960747393,-20.24944492812789],[-62.16010209487122,-20.249558376008963],[-62.184464751588905,-20.249668440715702],[-62.208827572672881,-20.249775122151835],[-62.233190553168903,-20.249878420224029],[-62.257553688122499,-20.249978334841831],[-62.281916972579054,-20.250074865917739],[-62.30628040158377,-20.250168013367123],[-62.330643970181683,-20.250257777108274],[-62.355007673417674,-20.250344157062411],[-62.379371506336433,-20.250427153153634],[-62.403735463982571,-20.25050676530898],[-62.428099541400492,-20.250582993458384],[-62.428389864923282,-20.250583878228706],[-62.428409923742137,-20.248161631076844],[-62.429394784094349,-20.12925506876018],[-62.430375714863686,-20.01034687030727],[-62.430375721238079,-20.010346101334871],[-62.409013686150757,-20.010289109716663],[-62.387651739762234,-20.010229542161962],[-62.366289885404839,-20.010167398713378],[-62.344928126410835,-20.010102679415244],[-62.345267068727843,-19.905733093963189],[-62.345654069849289,-19.771306989575283],[-62.346036844899722,-19.636878861395513],[-62.346408314352978,-19.594055229628086],[-62.351093985205182,-19.594495709601755],[-62.361335343859395,-19.593362933966628],[-62.361211021505234,-19.558210444836725],[-62.339155485234357,-19.557938630213965],[-62.317100110696572,-19.557664123256799],[-62.29504490154055,-19.557386924109107],[-62.272989861414779,-19.557107032916669],[-62.273618965889078,-19.443559977660211],[-62.296399285092185,-19.443677587887812],[-62.319179736212142,-19.443792338648912],[-62.341960315230608,-19.443904229864653],[-62.364741018129131,-19.444013261458295],[-62.387521840889121,-19.444119433355286],[-62.410302779491865,-19.444222745483199],[-62.433083829918544,-19.444323197771812],[-62.455864988150196,-19.444420790153007],[-62.478646250167785,-19.444515522560877],[-62.501427611952117,-19.444607394931637],[-62.524209069483945,-19.444696407203679],[-62.54699061874387,-19.444782559317563],[-62.569772255712437,-19.444865851215976],[-62.592553976370077,-19.444946282843812],[-62.615335776697165,-19.445023854148072],[-62.638117652673948,-19.445098565077974],[-62.660899600280601,-19.44517041558484],[-62.683681615497257,-19.445239405622189],[-62.706463694303956,-19.445305535145696],[-62.729245832680647,-19.44536880411318],[-62.752028026607242,-19.445429212484644],[-62.77481027206359,-19.44548676022222],[-62.79759256502949,-19.445541447290243],[-62.820374901484662,-19.445593273655167],[-62.843157277408793,-19.445642239285622],[-62.865939688781552,-19.445688344152416],[-62.888722131582512,-19.445731588228487],[-62.911504601791258,-19.44577197148897],[-62.934287095387326,-19.445809493911113],[-62.957069608350231,-19.44584415547439],[-62.979852136659424,-19.445875956160361],[-63.002634676294413,-19.445904895952808],[-63.000389583960967,-19.486637785904318],[-63.019215650588031,-19.487087642134231],[-63.038041819123983,-19.487535541246569],[-63.056868087303492,-19.487981483096355],[-63.075694452861129,-19.488425467539606],[-63.076526377075659,-19.514639523525446],[-63.076614945241325,-19.517518842851231],[-63.076750933295507,-19.521939553233569],[-63.07705060782861,-19.531680381069766],[-63.077283930448282,-19.538656022163767],[-63.077492087580097,-19.546028380699781],[-63.076462002375365,-19.571162004448034],[-63.042775562013887,-19.570298709497969],[-63.040752128583264,-19.580074797528876],[-63.037069980347013,-19.597861765492006],[-63.061023146861054,-19.598634931617234],[-63.074233852989501,-19.597042447458673],[-63.078469439437121,-19.710308897871499],[-63.07854942043523,-19.712256159106968],[-63.078957739226624,-19.722196057404592],[-63.079127834898479,-19.727991412110672],[-63.079301879885328,-19.733942771042106],[-63.079382829755957,-19.736710639477884],[-63.079604254186627,-19.744267975366963],[-63.079837028849205,-19.752205591703316],[-63.077029945362824,-19.765019231440753],[-63.07696037412363,-19.765336874424356],[-63.076810055040035,-19.766023246411205],[-63.075877185274663,-19.765851870595903],[-63.075114893644326,-19.769337424200341],[-63.075096747506471,-19.769420354560285],[-63.07499291903023,-19.769895242855032],[-63.075922188722224,-19.770076727936718],[-63.071421210527163,-19.790759069005261],[-63.07138267496186,-19.79093610890467],[-63.06836632864772,-19.804793359300294],[-63.068003496312912,-19.811180157907312],[-63.071616044485943,-19.818307757334413],[-63.071770099756975,-19.818880474304265],[-63.072151083776419,-19.820296804735623],[-63.072874341657716,-19.821685552122368],[-63.074977456327531,-19.825723645041194],[-63.074976072776217,-19.825726415983432],[-63.074461827388937,-19.826756326514797],[-63.074456484122386,-19.826745195334063],[-63.074449048667645,-19.826732167285488],[-63.074440801760247,-19.826719654675912],[-63.074431743362467,-19.826707576173519],[-63.074427997073137,-19.82670329426465],[-63.074468453447217,-19.826786581863573]]]]},"properties":{"FID":0,"Clase":"Zona Alto Isoso","SUP_HA":751189.99299099995}},{"type":"Feature","id":1,"geometry":{"type":"Polygon","coordinates":[[[-63.21226667559602,-19.919799446524134],[-63.207031862170474,-19.914088740113773],[-63.199417586853457,-19.914088740057174],[-63.188472065677132,-19.906474464649339],[-63.178478329720278,-19.906474465524187],[-63.170864054196862,-19.898384297947121],[-63.154207827546649,-19.894101267438067],[-63.147069444867036,-19.886486993034666],[-63.140096204287858,-19.877916639956947],[-63.14405734913759,-19.85805778169177],[-63.144057356380877,-19.858057743837445],[-63.143777359067705,-19.844510621680957],[-63.165713332632606,-19.844446320277253],[-63.187649266544199,-19.844379321342394],[-63.209585157199854,-19.844309624911531],[-63.231521000997034,-19.844237231021722],[-63.252088584461333,-19.844166902308338],[-63.272656120593645,-19.844094202209202],[-63.293223606424441,-19.844019130759346],[-63.313791038984306,-19.843941687995283],[-63.31398866340411,-19.843950152961252],[-63.313852612080794,-19.844637609849052],[-63.31365509582853,-19.846995867326161],[-63.313657350208942,-19.848143529130081],[-63.313659698689378,-19.849339010018678],[-63.313409072080859,-19.850391477355586],[-63.312908243853208,-19.851626068949617],[-63.312649879163615,-19.853874964609517],[-63.313837541928805,-19.8589520292537],[-63.314538921389641,-19.859522986674865],[-63.315348247972182,-19.859856292125567],[-63.316714676351516,-19.860762436805746],[-63.316867156874835,-19.861192539727469],[-63.316666806400598,-19.862108842184142],[-63.31580966834629,-19.863162387965779],[-63.315658891721583,-19.863593028903882],[-63.3157615864367,-19.864405775292223],[-63.315711705777197,-19.864740598822621],[-63.31475346036104,-19.865794318546207],[-63.3143162798075,-19.866820851768097],[-63.314408789421485,-19.87427430027692],[-63.31393172675012,-19.874766135468327],[-63.313861947959978,-19.875080211303487],[-63.313408251438474,-19.875702660446478],[-63.312903816783702,-19.876229559052366],[-63.311602261229417,-19.877282397430434],[-63.313212326097421,-19.88659800813938],[-63.311979591188916,-19.891489012154388],[-63.307219107557138,-19.895228042853478],[-63.307077358088982,-19.89542996634971],[-63.306858144631171,-19.895511541956282],[-63.305957650969212,-19.896218779168965],[-63.304310407838173,-19.902548737774303],[-63.304261312453896,-19.903244084565124],[-63.304010270159836,-19.904153077334716],[-63.303716165094784,-19.904832144823555],[-63.301529616160813,-19.913233497578712],[-63.30151040461476,-19.913573769585238],[-63.301854343884656,-19.913632313001244],[-63.302411217765339,-19.914013919741322],[-63.302665103990563,-19.91458731692396],[-63.302616364101176,-19.915543781550653],[-63.302922361176684,-19.916930013832779],[-63.303682128108093,-19.917646004030928],[-63.304339774871998,-19.917836155971695],[-63.304745080362849,-19.918265833392446],[-63.305150938494208,-19.918982423228101],[-63.305203425934721,-19.919986533234184],[-63.305053211043273,-19.920751895772767],[-63.304851791822436,-19.921182612636901],[-63.304904934247638,-19.922528833898031],[-63.305057628135835,-19.923054581345838],[-63.305767240016202,-19.923961923860464],[-63.306175695918625,-19.92601743868957],[-63.30602492818965,-19.926495888431873],[-63.305722194655615,-19.926831142430835],[-63.305166460860882,-19.927071192421131],[-63.303801166965705,-19.927025712068225],[-63.302384401173732,-19.92650211856083],[-63.301727355900091,-19.92664669211424],[-63.301272923787522,-19.926982196068007],[-63.300741113407142,-19.927198812179093],[-63.30069759887742,-19.927969474387588],[-63.299564227399046,-19.932470622653792],[-63.300019316704947,-19.932531322018118],[-63.300676659259366,-19.932530211073011],[-63.301233339299039,-19.932775742581192],[-63.302044013240419,-19.933635108399251],[-63.302196799836409,-19.934208676462351],[-63.302197527278452,-19.934591227082425],[-63.302198072871008,-19.934878140036705],[-63.302552760038722,-19.935260088309171],[-63.302856336319905,-19.935355209114107],[-63.303412376389879,-19.935258622599484],[-63.303968598693935,-19.935257671983276],[-63.305385907471994,-19.936020345283609],[-63.305740512792134,-19.936354468208943],[-63.30624644928703,-19.936497053809326],[-63.306601149737574,-19.936878993756309],[-63.306652823319247,-19.937452732007774],[-63.306856658650446,-19.938265302203874],[-63.307464845947692,-19.938981534888431],[-63.307972182717336,-19.939841397021471],[-63.308074429650304,-19.940415046923455],[-63.307925615413367,-19.941905070878612],[-63.307879774506375,-19.944343915040875],[-63.307982024245476,-19.944917564672057],[-63.308184948616287,-19.94525194503403],[-63.308792332301671,-19.94553780354244],[-63.308995166142878,-19.945824364186731],[-63.309097420933632,-19.946398013014289],[-63.309150224174161,-19.94754557449275],[-63.309302305361534,-19.947736585250425],[-63.30970732851933,-19.947974973842886],[-63.310112913181598,-19.948500273790859],[-63.310366883958906,-19.949073656656317],[-63.310825758440053,-19.950985608860066],[-63.311079548505418,-19.951463353067183],[-63.311434200594761,-19.9517974634296],[-63.311485428188867,-19.952132105568033],[-63.31143571587841,-19.952569941684111],[-63.310375685110003,-19.953575993650308],[-63.310074030916105,-19.95448507883502],[-63.309975408544524,-19.955776359832601],[-63.309573162717392,-19.956972532638758],[-63.309169048022952,-19.957212331032885],[-63.308562269424222,-19.957261205528262],[-63.308057099799143,-19.957548995860801],[-63.307249509578668,-19.958363315643897],[-63.30709853077596,-19.958746127573054],[-63.306847898313897,-19.9599015921839],[-63.306394398650731,-19.960763114440979],[-63.306550369325784,-19.962962510866586],[-63.30619837816085,-19.964015132330623],[-63.305339526593826,-19.964494800088492],[-63.305137870485588,-19.964829878578083],[-63.305038651063491,-19.965834244076909],[-63.30534366804546,-19.966646639151154],[-63.305446200412945,-19.967363744644985],[-63.305299126988139,-19.967750213333421],[-63.304941544647583,-19.96793843809364],[-63.304587512171359,-19.967939046123078],[-63.303980141158682,-19.967700993616937],[-63.30322168399816,-19.967797928834472],[-63.302311771061056,-19.968038575311379],[-63.302160498156731,-19.968277926964863],[-63.302161135771229,-19.968612657476456],[-63.302364352459762,-19.969090499286764],[-63.302365355151466,-19.969616504312683],[-63.302264657549465,-19.969855769838308],[-63.301809558308598,-19.969904363303741],[-63.3011526058241,-19.970192392281916],[-63.300900266105202,-19.970479733146963],[-63.300749442148856,-19.970958176778332],[-63.29963728903374,-19.97124697118452],[-63.299385035154472,-19.971582128557365],[-63.2992846025397,-19.971964848328646],[-63.299032256624322,-19.972252186559633],[-63.297919911529014,-19.972445333033736],[-63.296959475518726,-19.972733855950498],[-63.29600001774007,-19.97354837880286],[-63.295798687300987,-19.974074721309947],[-63.295648736180958,-19.975031347039959],[-63.295556473827297,-19.975416087216907],[-63.295300344841436,-19.974805804814707],[-63.296470625337705,-19.971950298202543],[-63.295648391239204,-19.971938864959725],[-63.295648396569952,-19.9719388210485],[-63.276512122751697,-19.971671696319994],[-63.257952327207818,-19.966912774813093],[-63.250813944212418,-19.950256547521917],[-63.238440747160176,-19.945497625618451],[-63.231778256743105,-19.934552104666778],[-63.218929167159658,-19.926937829492932],[-63.21226667559602,-19.919799446524134]]]},"properties":{"FID":1,"Clase":"Zona Charagua Pueblo","SUP_HA":17197.641260100001}},{"type":"Feature","id":2,"geometry":{"type":"Polygon","coordinates":[[[-63.11779264740683,-19.876428414499813],[-63.120222454698336,-19.876665543409899],[-63.122591714340963,-19.876787642383949],[-63.12976561739513,-19.877243318952498],[-63.130999418570525,-19.877287188096648],[-63.133344459263363,-19.877336764955896],[-63.13583524418268,-19.87745904849821],[-63.136579267816266,-19.87752638280341],[-63.137752332920968,-19.87763253902471],[-63.139115688215192,-19.877755905615221],[-63.140096204287858,-19.877916639956947],[-63.147069444867036,-19.886486993034666],[-63.154207827546649,-19.894101267438067],[-63.170864054196862,-19.898384297947121],[-63.178478329720278,-19.906474465524187],[-63.188472065677132,-19.906474464649339],[-63.199417586853457,-19.914088740057174],[-63.207031862170474,-19.914088740113773],[-63.21226667559602,-19.919799446524134],[-63.218929167159658,-19.926937829492932],[-63.231778256743105,-19.934552104666778],[-63.238440747160176,-19.945497625618451],[-63.250813944212418,-19.950256547521917],[-63.257952327207818,-19.966912774813093],[-63.276512122751697,-19.971671696319994],[-63.295648396569952,-19.9719388210485],[-63.29564839123919,-19.971938864959746],[-63.296470625337712,-19.971950298202543],[-63.295300344841486,-19.974805804814721],[-63.299099294282115,-19.983857619013079],[-63.299213115274519,-19.984706630655367],[-63.299663603255929,-19.985169563850455],[-63.300374025305928,-19.986371208909212],[-63.300678152222076,-19.986705424410879],[-63.300779770179233,-19.986944345592658],[-63.300731184534861,-19.987996439452875],[-63.300984278619836,-19.988091647389865],[-63.301287773704992,-19.988091131929387],[-63.301843634804179,-19.987803274324168],[-63.302348729064306,-19.987419864171574],[-63.302955259470629,-19.9871797353963],[-63.303714359259615,-19.987369711538314],[-63.30437312282519,-19.987990224868902],[-63.304424715849422,-19.988516141833998],[-63.304779898028819,-19.989089355808758],[-63.304881799755528,-19.989471730033934],[-63.304731260731984,-19.990101010839993],[-63.304485421695198,-19.993783470467527],[-63.304892765400901,-19.995169511163713],[-63.304944639024797,-19.995838882954306],[-63.305197932434417,-19.996029721561282],[-63.306412158087944,-19.996123263910086],[-63.306817209034513,-19.996313837753632],[-63.307121368775448,-19.996648041401585],[-63.307278170795179,-19.997232637613369],[-63.306972578993189,-19.998178495240968],[-63.306113361358456,-19.998562530376496],[-63.305608979476858,-19.999328498830206],[-63.305508637586172,-19.999759039426021],[-63.305462308854018,-20.001966154735374],[-63.305362426113376,-20.002635787380978],[-63.305009974282257,-20.003497129277893],[-63.305010803389635,-20.003927495254249],[-63.305163395590547,-20.004357599894259],[-63.306176998957483,-20.005312223080892],[-63.306380368923485,-20.00583787596673],[-63.306432530686585,-20.006650701649768],[-63.30668686245459,-20.007367540223687],[-63.306940454751512,-20.007701831059219],[-63.30704218879653,-20.007988566196651],[-63.307094354826432,-20.008801391433884],[-63.307247050381562,-20.009279312309488],[-63.307601825689602,-20.009613426554004],[-63.307906199090596,-20.010043264786216],[-63.308260977507004,-20.010377377641028],[-63.308767526533678,-20.010711225270118],[-63.309325321743771,-20.01137971174774],[-63.309579768013862,-20.012144363889274],[-63.309581171232914,-20.012861639497082],[-63.309431270206233,-20.013818272104601],[-63.309029439780836,-20.015301348047462],[-63.308931618756482,-20.017022985426173],[-63.308781710224331,-20.017979617139549],[-63.308480116207008,-20.018984331461368],[-63.307218122127111,-20.020435839008307],[-63.306410119067714,-20.021202335144832],[-63.305956076400783,-20.021872579318668],[-63.305502953581772,-20.023021005695512],[-63.305660187461186,-20.025842025028474],[-63.305257277202543,-20.026799089807561],[-63.304500011738433,-20.027661126598229],[-63.304349975158296,-20.028569935585395],[-63.30445348227849,-20.029772598389677],[-63.304001338193927,-20.031447021614547],[-63.303648725152932,-20.032260540645719],[-63.303608967331904,-20.037903184351595],[-63.303757931608999,-20.040160287374928],[-63.304309527586447,-20.040465406348364],[-63.30470069714282,-20.040557161649559],[-63.305054365453344,-20.040607956525402],[-63.305762570370909,-20.040511097174718],[-63.306166993754395,-20.040319124166722],[-63.306422328880032,-20.039986052388556],[-63.306515819277671,-20.037798886752583],[-63.306644759046186,-20.037121229502631],[-63.306615798754216,-20.036923240023238],[-63.306764530112574,-20.035344974376731],[-63.307522470543894,-20.034817656168876],[-63.307606300842743,-20.034783530143063],[-63.307927705620855,-20.034443277514391],[-63.309531540190875,-20.033840444285243],[-63.311470539981613,-20.032848749789572],[-63.311651022003176,-20.032780756870547],[-63.312273525543439,-20.032227141600242],[-63.313183600580977,-20.031890804532519],[-63.313689565136755,-20.03188990846574],[-63.314160866586008,-20.032037454563696],[-63.314604195066984,-20.031996089953584],[-63.315614239362823,-20.033123778071033],[-63.31735241037115,-20.034356037974643],[-63.318248869462977,-20.034672103319995],[-63.3198924221619,-20.035269175488608],[-63.320891629354577,-20.034856205760008],[-63.320981374877228,-20.034793755462477],[-63.32184065342711,-20.034361829392189],[-63.322649818226836,-20.034169082435032],[-63.324016038917364,-20.034214404585519],[-63.324699122482741,-20.034450824218304],[-63.325340656282918,-20.034588608428802],[-63.325390400101178,-20.034806062539726],[-63.325434038853146,-20.034833441311918],[-63.325687813822974,-20.035215521302344],[-63.325688503584821,-20.035550248530576],[-63.325437288108589,-20.036411441099304],[-63.324478874443713,-20.037847751735054],[-63.323980515552996,-20.038434082796947],[-63.323372347902144,-20.039463112632252],[-63.322740813883563,-20.040946703341543],[-63.322892257915647,-20.041991187874057],[-63.323538809218704,-20.042672668598659],[-63.323831205562087,-20.042781606148623],[-63.325453357215245,-20.044213178675275],[-63.325909944115367,-20.044786157719944],[-63.326062732704067,-20.04526405918109],[-63.325912607897543,-20.046077246963627],[-63.325858021193675,-20.046193924400203],[-63.325888366657402,-20.046785986705089],[-63.325105196139695,-20.047140389344591],[-63.32494485189072,-20.047170422698979],[-63.324549035332183,-20.047370848302371],[-63.323790407043298,-20.047563511932484],[-63.323233889229492,-20.047612348173029],[-63.322762591904038,-20.047549602234721],[-63.320813655517348,-20.04778355422901],[-63.320486820959687,-20.048716640596851],[-63.320455718640908,-20.049077699338259],[-63.320458377142103,-20.049124944271313],[-63.321016756637142,-20.052206942582249],[-63.321271619804939,-20.05311502704588],[-63.321273401375137,-20.053991869409696],[-63.321612659289833,-20.055194313808286],[-63.322699581482595,-20.057310107991473],[-63.324166878587981,-20.05803502300375],[-63.324227596669424,-20.058034911586049],[-63.325313353703237,-20.057587687329796],[-63.325683478605896,-20.057134323562206],[-63.326892930976797,-20.055208727540357],[-63.328759498629232,-20.052431808446052],[-63.329329094681469,-20.051466191685801],[-63.329599258640691,-20.050962673881312],[-63.330186657727388,-20.049767059171781],[-63.330769617155156,-20.047984974871838],[-63.330718894636618,-20.045685779422481],[-63.330866991226891,-20.043916225839354],[-63.331118589167332,-20.043246298967144],[-63.331370686494701,-20.04281546225986],[-63.331747498687889,-20.042368527143168],[-63.331833876053174,-20.042231784750644],[-63.332127372382516,-20.041714222417099],[-63.33243066758677,-20.041570197861603],[-63.332987160845683,-20.041521332991664],[-63.333241623606021,-20.041658112718054],[-63.333369491338402,-20.041654093519917],[-63.334416603554288,-20.042569817217821],[-63.334463586206219,-20.042683379337216],[-63.334609077188176,-20.042809366499249],[-63.334812692648768,-20.043382800622275],[-63.334837020596545,-20.043586007178682],[-63.33494188869836,-20.043839482721346],[-63.334945031896311,-20.04532192215196],[-63.335134885692355,-20.04683930340698],[-63.33582632655348,-20.047676405014126],[-63.336188459604685,-20.04787510806273],[-63.336543790627061,-20.048400433010809],[-63.336495140463164,-20.04931645135747],[-63.336293241898019,-20.049555926597566],[-63.33583802727982,-20.049652428108779],[-63.335676474938126,-20.049722191972283],[-63.335216663020063,-20.050192285574489],[-63.333465448869866,-20.051748632310041],[-63.332310713457765,-20.052933206424022],[-63.331945580825668,-20.053948943175229],[-63.332154337724475,-20.054536845783485],[-63.332458764940377,-20.054918819466995],[-63.33286419971509,-20.055204966016735],[-63.33337023795832,-20.05520401262639],[-63.334331102978489,-20.054915289030351],[-63.335089143947769,-20.054435671866308],[-63.33589808887978,-20.054099409446447],[-63.336555627994599,-20.053954704468502],[-63.337264177791035,-20.054001172625032],[-63.337871930411524,-20.054239103413604],[-63.338226667015888,-20.054477516251247],[-63.338430721280034,-20.055242217076408],[-63.338585711860752,-20.056724284477298],[-63.338991572936557,-20.057201688666364],[-63.339549147373383,-20.057630982365968],[-63.340511768748257,-20.058155130918188],[-63.340916813135699,-20.058249986657877],[-63.341271754160346,-20.058576649931574],[-63.341361026089849,-20.058768855819295],[-63.341506917244928,-20.058916041801215],[-63.341882836799066,-20.060115380091176],[-63.342443492336045,-20.061989020406131],[-63.342630403333892,-20.062182496873916],[-63.342698581970055,-20.062218114478352],[-63.343178695588271,-20.062424488531025],[-63.344199815287986,-20.062466356622885],[-63.345515468946445,-20.062415971624507],[-63.345870025827445,-20.062558732609027],[-63.345870326197556,-20.062695814043266],[-63.346070013570916,-20.062846207046022],[-63.345660585694915,-20.063411744100204],[-63.34487601917575,-20.063529214740381],[-63.344708382964015,-20.063613000833865],[-63.343827476502661,-20.064312612254092],[-63.343684262726441,-20.064474477690325],[-63.342417467926978,-20.065641712136465],[-63.341487269027873,-20.067090648201646],[-63.340705863943484,-20.068292229323227],[-63.340521097274532,-20.069174984778652],[-63.340521898246685,-20.069177158024409],[-63.340773590266743,-20.069414004112915],[-63.341279983995307,-20.069556481169741],[-63.341887077319193,-20.069459671397439],[-63.34244314636183,-20.069171685989204],[-63.343099909705359,-20.068644412810478],[-63.343807484964621,-20.068212674590825],[-63.344768304292295,-20.067876075904575],[-63.345526479148347,-20.067444232143739],[-63.345958467971933,-20.067332002520985],[-63.346489656149018,-20.066939729555259],[-63.347758842179168,-20.06686664444381],[-63.347843720075453,-20.066892626900103],[-63.34825792150383,-20.066817235203587],[-63.350384178215073,-20.067147759044939],[-63.350992639091501,-20.067672550594001],[-63.351551881308566,-20.068819072927983],[-63.351643292688721,-20.069747467329488],[-63.351835903904089,-20.070317597379496],[-63.351746941410418,-20.070800131608291],[-63.35175900509941,-20.070922655923422],[-63.351610662284351,-20.071539309338885],[-63.3515039044715,-20.072118361156324],[-63.351398183572933,-20.074942255385693],[-63.351612956845514,-20.075806560514604],[-63.352405299561426,-20.076552465277491],[-63.352429527059307,-20.07656384953653],[-63.353543495594877,-20.076800713779683],[-63.354150608500426,-20.076703861644489],[-63.354908583793176,-20.076176342184631],[-63.357487005683019,-20.074975692805797],[-63.358397660259769,-20.074830393680688],[-63.359663236886178,-20.074971275767417],[-63.360676968274355,-20.075638661172491],[-63.360829455411768,-20.075925257808855],[-63.360812594468719,-20.076054978033874],[-63.361235320448174,-20.076210701594754],[-63.362468207408362,-20.076561143522088],[-63.362246955467192,-20.077761657837492],[-63.362068862969963,-20.081503404594216],[-63.361365209000269,-20.084010861843836],[-63.361621213337727,-20.084486724391898],[-63.361912468036664,-20.084721549849746],[-63.364849357717532,-20.085289321854461],[-63.365356599136376,-20.085766452461222],[-63.365964626724292,-20.086052100987466],[-63.366627689264973,-20.086517909262902],[-63.368857600934994,-20.0877565310014],[-63.370784198096317,-20.089139214822069],[-63.372151693050583,-20.089518880848171],[-63.373469032998628,-20.090089913776044],[-63.374431395802041,-20.090374782687345],[-63.376153214783216,-20.090753665587147],[-63.377317588563542,-20.090846816686422],[-63.380964181152599,-20.091795342386106],[-63.381977762244631,-20.092319148375534],[-63.383048642967111,-20.093293708597155],[-63.384077608905315,-20.093164569909334],[-63.385255056338146,-20.093656145486733],[-63.387124381223664,-20.094605041926339],[-63.389032377881144,-20.096083277376948],[-63.39075404507939,-20.097703088286131],[-63.392399586090512,-20.098723013313343],[-63.394715867811222,-20.099176693422713],[-63.397441037784731,-20.098888212952524],[-63.399716408501853,-20.097930091844148],[-63.402943566814024,-20.095349639214803],[-63.403761430526721,-20.093935934663421],[-63.40517651792446,-20.092450264108354],[-63.406407697801818,-20.09177874649442],[-63.406777075910618,-20.091403029467781],[-63.408140832575803,-20.090300074451296],[-63.408848321120097,-20.089868078049722],[-63.409759009241697,-20.089722513694571],[-63.41039487506,-20.089796105092624],[-63.412561096015956,-20.089150657925256],[-63.414427463649389,-20.088934514126553],[-63.414868250611178,-20.088854074520086],[-63.416077939046026,-20.088155505298644],[-63.417290393913177,-20.087291925558112],[-63.418806896663853,-20.086571069830303],[-63.420425632032703,-20.086232499365302],[-63.421185214368322,-20.086374142298769],[-63.421438920208736,-20.086612625379153],[-63.42169326651738,-20.087090194931527],[-63.421843759747212,-20.087621875884548],[-63.422512723544173,-20.088068258561215],[-63.422665578836259,-20.089373832710919],[-63.4233782604053,-20.089861177919992],[-63.424029336961638,-20.09000147768274],[-63.427043556859516,-20.090167817064948],[-63.428603930959341,-20.089924247989064],[-63.431104554698685,-20.089529909995978],[-63.432731019827024,-20.088967969668769],[-63.434372346810235,-20.08839953589813],[-63.437430647938058,-20.087157354634801],[-63.439073520244662,-20.087153278028214],[-63.441944180509495,-20.085593997578716],[-63.44421957725924,-20.084812229365067],[-63.44577766947954,-20.084683288264902],[-63.447751988109495,-20.084491709407246],[-63.448103281646972,-20.084490817508968],[-63.448176430517726,-20.084484763359306],[-63.448288255192651,-20.084490347671817],[-63.449371588741947,-20.084487595541656],[-63.451598949938585,-20.084625366304437],[-63.452966999970954,-20.085147855424957],[-63.454842705330066,-20.08619501961968],[-63.455704889140733,-20.086794881024598],[-63.456293702658556,-20.0873332923546],[-63.457521462962724,-20.088164701940528],[-63.458723052339863,-20.090489751075953],[-63.45942081821719,-20.091535149245907],[-63.460110655178234,-20.092567382787049],[-63.461259406589733,-20.093163216863125],[-63.461306643582191,-20.093181665566725],[-63.461316383359922,-20.093192769401178],[-63.46153170958322,-20.093304454017797],[-63.461613941464755,-20.093373728674283],[-63.46175440396302,-20.093692099929203],[-63.461783185145912,-20.093724909520006],[-63.462677104679592,-20.094491375605529],[-63.463609438977706,-20.095385105412056],[-63.463656830424902,-20.095554935638049],[-63.463679599804209,-20.095576794380651],[-63.463819685819594,-20.096081758726967],[-63.463603542894596,-20.096670693156391],[-63.463605174479646,-20.097225344358261],[-63.464198072738206,-20.09808686098722],[-63.464209932521186,-20.098195560508618],[-63.464267402677862,-20.098279292797894],[-63.464407562445608,-20.099567199826126],[-63.463796933604861,-20.100599421261752],[-63.463488169216802,-20.101157078466027],[-63.464322440659842,-20.101791484085922],[-63.464385008398018,-20.101975395847997],[-63.464391950419689,-20.101980677537501],[-63.464873442012994,-20.103397326824737],[-63.465469471272421,-20.105114451803299],[-63.465746929448933,-20.106703504704711],[-63.465547510570339,-20.108444205066132],[-63.465607934825286,-20.109124992672275],[-63.46627858964149,-20.110010808316211],[-63.466280735361309,-20.110114528873677],[-63.466348263062784,-20.110203753081283],[-63.466366974771475,-20.111140486168129],[-63.466591684785904,-20.112187178264282],[-63.466826161775991,-20.112796823797627],[-63.466827812177897,-20.112811725899753],[-63.466895246391424,-20.112986684804412],[-63.466996041811015,-20.113895110845238],[-63.467739668183206,-20.114531858087933],[-63.469059889707488,-20.11493805688173],[-63.469562928793955,-20.116047891435404],[-63.47024831586409,-20.117055408611492],[-63.47111390039187,-20.117717426224484],[-63.472271284036616,-20.117200053912395],[-63.472999976384067,-20.117452569553752],[-63.473592693028259,-20.118182535788506],[-63.473599167118621,-20.118296294414343],[-63.473662429342234,-20.118374021346984],[-63.473734434647938,-20.119641360191778],[-63.473709867886562,-20.119740124405197],[-63.475988470619697,-20.121377808763771],[-63.475958449647337,-20.121497025123105],[-63.476058396698264,-20.121568900541206],[-63.475699479891169,-20.122992009523195],[-63.475772934205565,-20.124731980228738],[-63.475845805557711,-20.126278596550073],[-63.47632910565347,-20.128232294349512],[-63.476180376092081,-20.129850492809261],[-63.476769006453964,-20.130883865056663],[-63.476798693766497,-20.131006555324959],[-63.476837847000589,-20.131075496826757],[-63.477275255224271,-20.132878935974826],[-63.477826204248679,-20.134639088992298],[-63.477492249363671,-20.13696021819846],[-63.477359888667365,-20.138292552845002],[-63.476837332285378,-20.138401389549305],[-63.476722993242099,-20.138765335404457],[-63.476974838226411,-20.139111265986454],[-63.476940923637052,-20.139160220350995],[-63.477044674813321,-20.139303135099887],[-63.476867299828662,-20.13955613028557],[-63.476826968781388,-20.139615037771737],[-63.476511393875057,-20.139706676566394],[-63.476092232783742,-20.139604056617081],[-63.476037049184264,-20.139519907825097],[-63.475914151064131,-20.139747201114179],[-63.475907712402233,-20.139889890031998],[-63.475495558257315,-20.139832638204751],[-63.475179746795668,-20.139846457308284],[-63.475177727047445,-20.139911402084937],[-63.475537231065971,-20.140169089656276],[-63.475758029473887,-20.140464170545858],[-63.476152002565975,-20.14085023784115],[-63.476149710745041,-20.140969590749052],[-63.476221558032108,-20.141039698928378],[-63.476215592723172,-20.141338187801971],[-63.476133960880986,-20.141591456577078],[-63.47584571397153,-20.141637650901426],[-63.475433200857438,-20.141463581350376],[-63.475343982170081,-20.141476796415223],[-63.475355719208267,-20.141711280381447],[-63.475406578182955,-20.141812765769785],[-63.475579282044137,-20.142052309319489],[-63.475902064102833,-20.142328086842259],[-63.475842382352688,-20.142408351423889],[-63.475971983539999,-20.142519754576039],[-63.475713506631472,-20.142866990022046],[-63.476061363069007,-20.142778809254011],[-63.476577793746614,-20.142970633510586],[-63.476874001694192,-20.143493192863076],[-63.476886733170886,-20.143581285228777],[-63.476943674485113,-20.143681209254542],[-63.477013809906737,-20.144167653978091],[-63.476959904317553,-20.14450520907053],[-63.476734180743769,-20.144791308439846],[-63.476329060353223,-20.144792404351495],[-63.475978358950485,-20.14462465630525],[-63.475900739665221,-20.144772390908379],[-63.475965562342999,-20.144887303324023],[-63.476172317573443,-20.145141424559895],[-63.476218320573793,-20.145302983065662],[-63.476241422483447,-20.145331195773437],[-63.47635941209208,-20.145746141708528],[-63.476367541250148,-20.146161385575603],[-63.476067090601362,-20.146717641994069],[-63.475847771453232,-20.146858531043922],[-63.475868638335953,-20.146892212308188],[-63.476376666327013,-20.147052259896711],[-63.476632395169716,-20.147370951517008],[-63.476640390193147,-20.147483566708885],[-63.476701378155617,-20.147559433325782],[-63.476730050097899,-20.147955157290486],[-63.476518129141823,-20.148270450523274],[-63.476340195838915,-20.148465588120228],[-63.476343261249198,-20.148509904804001],[-63.476649975510384,-20.148663622139445],[-63.476692732781842,-20.148840836829564],[-63.476719037223631,-20.148853877515418],[-63.476781625693093,-20.149113253107739],[-63.476693328299227,-20.149431429657703],[-63.476632352401396,-20.149704106764361],[-63.476447478859953,-20.149879799066106],[-63.476111527983541,-20.150049413404439],[-63.475795990934188,-20.150160569480324],[-63.475357019918334,-20.15032852601367],[-63.474822341978296,-20.150634928893552],[-63.474569369787162,-20.15099896383656],[-63.474474528954843,-20.151427469324272],[-63.474592587598288,-20.151865161232283],[-63.474766099301114,-20.152474606389273],[-63.474925940197345,-20.153103561392729],[-63.474933820406036,-20.153440949914213],[-63.474978635088881,-20.153630694967795],[-63.475222723432793,-20.153850215234204],[-63.475690850004256,-20.154162086794514],[-63.475960078284629,-20.154503716355677],[-63.4759873819918,-20.154639848217492],[-63.476029457363971,-20.154693555319362],[-63.476161923793029,-20.155348535144729],[-63.476155860044067,-20.155614574496237],[-63.475773993362537,-20.15650068872192],[-63.475486387139092,-20.156767489484679],[-63.475109934595515,-20.157177283046796],[-63.474953659705477,-20.157729225548774],[-63.474906635855653,-20.158073250049782],[-63.474959256964581,-20.158322579502322],[-63.475270943009022,-20.158934651803914],[-63.475282636446103,-20.159013528547707],[-63.47534001453981,-20.159126480641966],[-63.475437727405378,-20.159781607816889],[-63.475604827565945,-20.160671241987075],[-63.475948479384371,-20.16135111666501],[-63.475984317887935,-20.161476939352649],[-63.47601744815708,-20.161542811692819],[-63.476189379988348,-20.162147045002197],[-63.47655157117314,-20.162905329641916],[-63.476875422205737,-20.163388246963169],[-63.476873865702821,-20.163473749098124],[-63.476945050249405,-20.163580182837869],[-63.476934763442507,-20.164134225075365],[-63.476876480655889,-20.164643171644979],[-63.476111070538721,-20.164792226051446],[-63.475895289641166,-20.164668436041747],[-63.476028706851807,-20.165256010909864],[-63.475850508745708,-20.165686133547805],[-63.475803637262324,-20.166014136251611],[-63.475592739568029,-20.166539371624626],[-63.475543284376627,-20.166818550990083],[-63.475814806555746,-20.167096149325381],[-63.475969034165551,-20.167353124352786],[-63.475981262750409,-20.16744756053502],[-63.476038418039238,-20.167542867141066],[-63.476108161734167,-20.16808598556268],[-63.475802485090028,-20.168336118627664],[-63.475377408753374,-20.168514203096723],[-63.474952292295185,-20.168676194857195],[-63.474902070940622,-20.168957805014738],[-63.474922092592998,-20.169181634913308],[-63.475447587113948,-20.16939418791608],[-63.475788035836764,-20.169575988518758],[-63.475762068674634,-20.169715786850066],[-63.475857897692904,-20.169767500231362],[-63.47574900006461,-20.170350110332947],[-63.475494780459726,-20.170728786644489],[-63.475570162465225,-20.171005267130294],[-63.475964155097017,-20.171373387578292],[-63.476433438367209,-20.171788854255073],[-63.476801197929397,-20.172210127657745],[-63.476980671128459,-20.172562443501882],[-63.476985318981257,-20.172623819727669],[-63.477050160089718,-20.172751236624759],[-63.477103396027061,-20.173462082352835],[-63.477131186728393,-20.174201894091723],[-63.477251485450658,-20.17457151631211],[-63.477239587073456,-20.174920506758998],[-63.477695545962362,-20.175407799271184],[-63.47857199229832,-20.174994176858434],[-63.479251889205813,-20.174812977940682],[-63.479610454448547,-20.175224955532116],[-63.479586605618941,-20.17530677514279],[-63.479680115244726,-20.175413422612941],[-63.479553751589826,-20.175848050938328],[-63.479495963311713,-20.176360958165805],[-63.479589978855344,-20.176615480278933],[-63.479589937680757,-20.176618133762155],[-63.479658828433358,-20.176804789912232],[-63.479651795308271,-20.177287346512408],[-63.47938153326055,-20.177987768332802],[-63.479596786182,-20.178786634284993],[-63.479683314892291,-20.179244808850932],[-63.479725247167636,-20.179648406823105],[-63.479897269959537,-20.179898227798251],[-63.479883979375217,-20.179967508322036],[-63.479966820088876,-20.18008847868353],[-63.479884408601563,-20.18051580594441],[-63.480165506283093,-20.18124831641088],[-63.480164924762562,-20.181256827709458],[-63.480234846714751,-20.181438845130483],[-63.480175369342611,-20.182302806097599],[-63.480125800146851,-20.182749833347355],[-63.480347688265041,-20.183077430006318],[-63.481106690440193,-20.183493007621387],[-63.481135155940322,-20.183661164006086],[-63.48117561712283,-20.183683349061923],[-63.481259285284111,-20.184172153069944],[-63.48137279203678,-20.184464848087007],[-63.481698275895759,-20.184902798997118],[-63.481741142203973,-20.185056439737274],[-63.481767342767206,-20.18509159637566],[-63.481870635061476,-20.185461261231229],[-63.481685103931142,-20.186032770353169],[-63.481483014491729,-20.186757133962551],[-63.481187002401427,-20.187393282206649],[-63.4812310697871,-20.18788374064372],[-63.481317731402143,-20.188382124717041],[-63.481183259237092,-20.188948722307309],[-63.481270760966211,-20.189720536444479],[-63.481179514922019,-20.190500891017166],[-63.480814772591472,-20.190936172765937],[-63.480338294420797,-20.191714119046619],[-63.480323599925448,-20.192153513344682],[-63.479987706939312,-20.192510452543345],[-63.479419109443,-20.192860454359892],[-63.479219943303001,-20.193323076767811],[-63.479220958618569,-20.193655075855226],[-63.479643030750374,-20.194117073373938],[-63.480181530850963,-20.194431175270434],[-63.480159976366906,-20.19456645970336],[-63.480250920810214,-20.194619283555568],[-63.480187935338151,-20.195013584121138],[-63.480061415734745,-20.195620278902602],[-63.480067197888964,-20.195815929978675],[-63.480299147217757,-20.196096179745194],[-63.480828926683927,-20.196184898693996],[-63.48104534577422,-20.196335782943986],[-63.481006973336065,-20.196449732719781],[-63.481115280189755,-20.196523212509756],[-63.480972163031602,-20.196948048241516],[-63.480685428542373,-20.197638558138244],[-63.48039134046136,-20.198029042849907],[-63.480400894343298,-20.198529255868497],[-63.480466461682347,-20.198976254941329],[-63.479984669606381,-20.198856305826165],[-63.479671628961484,-20.198819262400015],[-63.479415610248218,-20.199062499963397],[-63.479249156873671,-20.199729943325028],[-63.479163740729092,-20.200662439805917],[-63.47898988850195,-20.201534535911502],[-63.478773909741435,-20.201754926442206],[-63.47818793900489,-20.201680727608675],[-63.477980359896286,-20.201762435923676],[-63.477896857252688,-20.201969290210545],[-63.477785556425779,-20.202302724690824],[-63.476943310125662,-20.201955047865482],[-63.475993929998936,-20.201495234506798],[-63.4731153010977,-20.200568835695233],[-63.46995979069947,-20.200110205277728],[-63.467808336503488,-20.200379861297751],[-63.464437951716036,-20.200447226525824],[-63.461065672062958,-20.199871900483235],[-63.457568956737852,-20.199033945762505],[-63.454380650505477,-20.197903031841864],[-63.451096766687364,-20.195779162059118],[-63.449079647049686,-20.193272263452528],[-63.448086833363895,-20.192106396711861],[-63.445718132650896,-20.189904174105134],[-63.442805981892569,-20.18792524202502],[-63.439556824410914,-20.187027888648004],[-63.436215583688863,-20.186364368968697],[-63.432717923136522,-20.185029351075954],[-63.432106870419581,-20.184747442529986],[-63.429528475256113,-20.183313773719448],[-63.425395332845156,-20.181346315439168],[-63.423444436170826,-20.180241037222949],[-63.42242058040987,-20.178929042030838],[-63.420007138490639,-20.178262989557048],[-63.418799211199044,-20.177477191911045],[-63.417687238956738,-20.177888776137447],[-63.415520871394101,-20.17710523681367],[-63.414343048490096,-20.175998027683566],[-63.413012570299557,-20.175621418845427],[-63.411126579491068,-20.175625835242872],[-63.408196740677269,-20.174908260558226],[-63.406464215834312,-20.174474115994926],[-63.405039206089235,-20.173396628317647],[-63.403211393413656,-20.171969527987674],[-63.401785243210298,-20.17042464506952],[-63.400546397656846,-20.169580369740579],[-63.398823033220083,-20.167869672982881],[-63.397954038648294,-20.166557179175335],[-63.397054962961455,-20.165566057742229],[-63.395632454732826,-20.165423209137781],[-63.394982997946862,-20.165337033218023],[-63.394522045795313,-20.166448057569628],[-63.393286426479463,-20.166859765008258],[-63.39053466195751,-20.166778267026707],[-63.389265357080703,-20.166080031077854],[-63.388738192904974,-20.165438567378601],[-63.385905485917299,-20.165135200743542],[-63.384727744915054,-20.16394015536244],[-63.384012898862395,-20.162393576336633],[-63.384001411026958,-20.162331126181709],[-63.383942447708442,-20.162203671185868],[-63.383787904585816,-20.161364718006087],[-63.382278432615408,-20.161082887006579],[-63.381502863044922,-20.159974576955122],[-63.379616125251829,-20.159598916350166],[-63.378964524115169,-20.158607175679446],[-63.375346457724888,-20.158176766857878],[-63.364907500954295,-20.15860765294509],[-63.353951408148816,-20.160064258385624],[-63.350798335060496,-20.160187407380754],[-63.349621804792918,-20.159401062951524],[-63.343175469117035,-20.160582159520338],[-63.342156598790147,-20.161197558872995],[-63.341538865767838,-20.161461658941661],[-63.340582326840597,-20.162310606923022],[-63.339811521522769,-20.16327603917706],[-63.338545488806623,-20.163979528902878],[-63.336814518624209,-20.164128901352683],[-63.32593856930248,-20.162805699588194],[-63.322317352334757,-20.164194824557534],[-63.317968966873238,-20.165337913822814],[-63.315508728739871,-20.166018054334621],[-63.312690850951952,-20.166803399236056],[-63.309172135543534,-20.167810237854191],[-63.305852532479548,-20.168194656868035],[-63.302818317057728,-20.168145811847726],[-63.301676578298192,-20.168012960126386],[-63.301748955743577,-20.168143219844826],[-63.301433092982698,-20.169261494894617],[-63.300691352511322,-20.169412901230359],[-63.30012625640336,-20.16954732205194],[-63.299544406337546,-20.170165572279885],[-63.299351854741971,-20.171100115686926],[-63.29882313050603,-20.171784996239243],[-63.298187499276324,-20.172002944956709],[-63.297533323589171,-20.171753810367125],[-63.297127061834452,-20.171804548657736],[-63.296722008353008,-20.172489215002347],[-63.296245856809833,-20.172957119742062],[-63.295628269492667,-20.173375228046737],[-63.295010115098393,-20.173493041393314],[-63.294320386005566,-20.173127178672733],[-63.29369124093737,-20.173054195432925],[-63.292896965425292,-20.173472814061217],[-63.292474213729854,-20.17415789780727],[-63.291715116987447,-20.174493003128834],[-63.291168126083846,-20.174877824210554],[-63.290409144713742,-20.175279692951197],[-63.289844439709817,-20.175647848917503],[-63.28897923030771,-20.175933037457646],[-63.288414681632275,-20.176384648085168],[-63.287814788262018,-20.176836314739006],[-63.287249929176426,-20.177121004119044],[-63.28661387206818,-20.17712204151508],[-63.285853795537022,-20.176939669838532],[-63.285534551821321,-20.176272506945804],[-63.284774126495307,-20.175889814386338],[-63.283714130286228,-20.175941605892785],[-63.283036845502757,-20.17564224020332],[-63.282575463358086,-20.174524605861993],[-63.282150081396651,-20.173774139209552],[-63.280895153117775,-20.173492379789426],[-63.279657866935686,-20.173193894847486],[-63.278333101372958,-20.173379612041945],[-63.277415472501829,-20.173998663215535],[-63.276285929199645,-20.174684821743071],[-63.275368304288982,-20.175320562525858],[-63.274521143264174,-20.175839340361126],[-63.273107638788282,-20.175808158770387],[-63.271817897678673,-20.175826846414342],[-63.271074222052945,-20.174893234609815],[-63.269313047186074,-20.174078019115278],[-63.268253741972167,-20.174530331302375],[-63.267495985122835,-20.175683240822295],[-63.262414706441319,-20.175757661492579],[-63.260498075541882,-20.175888184685874],[-63.255499109926376,-20.176801003624597],[-63.25348927855827,-20.176101455189581],[-63.251961962222829,-20.174733854665416],[-63.250623350997138,-20.175051873981477],[-63.249506019037824,-20.174175396184399],[-63.247907078329497,-20.174528878555513],[-63.246604941147773,-20.174390220634464],[-63.245154833357077,-20.174778593157786],[-63.243591713391567,-20.174253921271497],[-63.242700138993918,-20.174548787313242],[-63.237988001593116,-20.175811413549219],[-63.231460310685733,-20.17547751890136],[-63.224449478866866,-20.175372400666564],[-63.218043336633251,-20.175494655640911],[-63.212968192097094,-20.176642862072171],[-63.206927171200043,-20.178705651099538],[-63.20621664083702,-20.178819474201216],[-63.199363641926887,-20.182064203119747],[-63.196871612175968,-20.184125673341004],[-63.196386065211975,-20.185658486128979],[-63.197284103496834,-20.190708671327332],[-63.198251490443944,-20.196148843102751],[-63.192987226820598,-20.222832607933377],[-63.190809637560953,-20.230621617514515],[-63.190031721350252,-20.239223005413287],[-63.189112881345963,-20.249382586738669],[-63.187984593492359,-20.257708489402209],[-63.186863438373777,-20.265981761239349],[-63.181436324430933,-20.268030595488568],[-63.168869880648408,-20.273197363160559],[-63.154923664807939,-20.274247737331653],[-63.145969530492557,-20.2749212032675],[-63.140965692307063,-20.275297871291226],[-63.133796182078399,-20.274625945886768],[-63.12099358451492,-20.273425345831644],[-63.1071325137424,-20.272124408673559],[-63.106992484816232,-20.272111260416882],[-63.106103966043541,-20.272112993434664],[-63.078528278789598,-20.272164550055752],[-63.078332141748746,-20.272164900795207],[-63.07634197434745,-20.272168451134402],[-63.076146308442304,-20.272168799222207],[-63.053893310890665,-20.272206938277538],[-63.031640295667998,-20.272242251622195],[-63.009387266551542,-20.272274739238711],[-62.987134227318506,-20.272304401111644],[-62.963725856742435,-20.272332553218536],[-62.940317483548412,-20.272357578525543],[-62.916909112133112,-20.272379477021971],[-62.89350074689321,-20.272398248699595],[-62.893452515566111,-20.200966649722684],[-62.918581297785643,-20.200917247367304],[-62.943710077453787,-20.200864252155529],[-62.945629821743346,-20.165054958182555],[-62.954816373548383,-20.128856867220886],[-62.963998680080408,-20.092658141096777],[-62.967367034317739,-20.092663549110664],[-62.96729098503404,-20.089875167402667],[-62.948938772597828,-20.089870813731306],[-62.946635530142466,-20.031015126223696],[-62.967692071152925,-20.025986129204551],[-62.988747276197508,-20.020954623061723],[-62.999555949069979,-19.99786420819331],[-63.010361470557697,-19.974773074179296],[-63.021163846839826,-19.951681223548928],[-63.031963084090826,-19.928588658830201],[-63.031430671761036,-19.922295503063761],[-63.031541409521324,-19.921738881762607],[-63.032177065212039,-19.918543693122871],[-63.032448264664595,-19.917180441256754],[-63.034199980517116,-19.898293230749577],[-63.064241858111714,-19.895659355465067],[-63.061205892305225,-19.876648464111003],[-63.075688707866426,-19.877157597151594],[-63.081216973867427,-19.877405391505846],[-63.083525398466392,-19.877585240865063],[-63.089417576455169,-19.8782361932547],[-63.09172608434649,-19.878358462139598],[-63.093183949965649,-19.878478075629143],[-63.098166451688847,-19.878091606334674],[-63.101326329992247,-19.877699266265736],[-63.10351393038578,-19.877418771246724],[-63.107524646728095,-19.876799181851606],[-63.109590717820048,-19.87651823374302],[-63.113674483183964,-19.876731925149201],[-63.11779264740683,-19.876428414499813]]]},"properties":{"FID":2,"Clase":"Zona Parapitiguasu","SUP_HA":150216.02691300001}},{"type":"Feature","id":3,"geometry":{"type":"Polygon","coordinates":[[[-63.056061824310724,-19.844426205243],[-63.078439566378961,-19.844686163401828],[-63.108067900545755,-19.844609527291937],[-63.137696179644458,-19.844527969915578],[-63.143777359111326,-19.844510621662454],[-63.144057356380877,-19.858057743837445],[-63.144057348940358,-19.858057781656548],[-63.140096204287858,-19.877916639956947],[-63.139115688215192,-19.877755905615221],[-63.137752332920968,-19.87763253902471],[-63.136579267816266,-19.87752638280341],[-63.13583524418268,-19.87745904849821],[-63.133344459263363,-19.877336764955896],[-63.130999418570532,-19.877287188096673],[-63.12976561739513,-19.877243318952498],[-63.122591714340963,-19.876787642383949],[-63.120222454698336,-19.876665543409899],[-63.11779264740683,-19.876428414499813],[-63.113674483183964,-19.876731925149201],[-63.109590717820048,-19.87651823374302],[-63.107524646728095,-19.876799181851606],[-63.10351393038578,-19.877418771246724],[-63.101326329992247,-19.877699266265736],[-63.098166451688847,-19.878091606334674],[-63.093183949965649,-19.878478075629143],[-63.09172608434649,-19.878358462139598],[-63.089417576455169,-19.8782361932547],[-63.083525398466392,-19.877585240865063],[-63.081216973867427,-19.877405391505846],[-63.075688707866426,-19.877157597151594],[-63.061205892305225,-19.876648464111003],[-63.056061824310724,-19.844426205243]]]},"properties":{"FID":3,"Clase":"Zona Estacion Charagua","SUP_HA":3187.9361845499998}},{"type":"Feature","id":4,"geometry":{"type":"MultiPolygon","coordinates":[[[[-63.074468453447217,-19.826786581863573],[-63.074427997073137,-19.82670329426465],[-63.074431743362467,-19.826707576173519],[-63.074440801760247,-19.826719654675912],[-63.074449048667645,-19.826732167285488],[-63.074456484122386,-19.826745195334063],[-63.074461827388959,-19.826756326514797],[-63.074468453447217,-19.826786581863573]]],[[[-63.327346197505278,-19.666707249642801],[-63.32755472986242,-19.667002331131823],[-63.328312235163324,-19.667144409809982],[-63.328666186391558,-19.667430684705497],[-63.329122565058498,-19.66843407590461],[-63.328975023555742,-19.670347158034467],[-63.328723506419458,-19.670785380441277],[-63.328623224557028,-19.671120305919722],[-63.328230136494042,-19.671627713093162],[-63.327878678154192,-19.671776448039569],[-63.327346197505278,-19.666707249642801]]],[[[-63.392448590945605,-19.034913782026987],[-63.392733167125186,-19.035071252849235],[-63.393238171165642,-19.035978822025253],[-63.393088886198314,-19.036648666557241],[-63.393043610387153,-19.03671898666585],[-63.392448590945605,-19.034913782026987]]],[[[-63.074461827388959,-19.826756326514797],[-63.074976072776245,-19.82572641598345],[-63.074977456327531,-19.825723645041144],[-63.072874341657716,-19.821685552122368],[-63.072151083776419,-19.820296804735623],[-63.071770099756975,-19.81888047430429],[-63.071616044485893,-19.818307757334438],[-63.068003496312933,-19.811180157907312],[-63.06836632864772,-19.804793359300294],[-63.071382674972618,-19.79093610890677],[-63.071421210664958,-19.790759069032148],[-63.075922188722224,-19.770076727936718],[-63.07499291903023,-19.769895242855032],[-63.075096747506471,-19.769420354560285],[-63.075114893644326,-19.769337424200341],[-63.075877185274663,-19.765851870595903],[-63.076810055040035,-19.766023246411205],[-63.076960373884731,-19.765336874377468],[-63.077029945362824,-19.765019231440753],[-63.079837028849205,-19.752205591703316],[-63.079604254186627,-19.744267975366963],[-63.079382829755957,-19.736710639477884],[-63.079301879885328,-19.733942771042106],[-63.079127834898479,-19.727991412110701],[-63.078957739226645,-19.722196057404609],[-63.07854942043523,-19.712256159106968],[-63.078469439437121,-19.710308897871499],[-63.074233852989501,-19.597042447458673],[-63.061023146861054,-19.598634931617234],[-63.037069980347013,-19.597861765492006],[-63.040752128570745,-19.580074797526521],[-63.042775562013887,-19.570298709497969],[-63.076462002375365,-19.571162004448034],[-63.077492087580097,-19.546028380699781],[-63.077283930448282,-19.538656022163767],[-63.07705060782861,-19.531680381069766],[-63.076750933295507,-19.521939553233569],[-63.076614945241353,-19.517518842851217],[-63.076526377075609,-19.514639523525446],[-63.075694452861129,-19.488425467539606],[-63.056868087303492,-19.487981483096355],[-63.038041819123983,-19.487535541246569],[-63.019215650588031,-19.487087642134231],[-63.000389583960967,-19.486637785904318],[-63.002634676294413,-19.445904895952808],[-63.003244927026913,-19.436574473366765],[-63.003673455001987,-19.429058328810733],[-63.003736339872063,-19.429060239087011],[-63.003736464877825,-19.429058327524892],[-63.038869265531666,-19.430123114439002],[-63.074002509543135,-19.43118110160848],[-63.069665118284426,-19.353142566339585],[-63.065331978364085,-19.275103247157396],[-63.061003059867957,-19.197063147670626],[-63.056678332969206,-19.119022271490454],[-63.056741434058473,-19.119026050922628],[-63.056741224409315,-19.119022252110852],[-63.091678355025927,-19.121115244155064],[-63.098203378102447,-19.087840702771917],[-63.104725826542627,-19.054565822118956],[-63.104933533588053,-19.053533976554309],[-63.107766527077985,-19.039458962854603],[-63.107960438928608,-19.038018239688366],[-63.10837908262009,-19.03552585341308],[-63.108545200357845,-19.034536852012842],[-63.108607612026901,-19.034539481223547],[-63.10878344126386,-19.034546888252027],[-63.108783905160841,-19.034544222771782],[-63.110270689360853,-19.026000951101935],[-63.11025448082308,-19.025803804496814],[-63.110253901841944,-19.025790429124058],[-63.110182492840785,-19.008445077135086],[-63.11071754087606,-19.001579971233916],[-63.110812442636345,-19.000910015107262],[-63.110875157701699,-19.000910907744267],[-63.111004378894407,-19.000912746910213],[-63.111004506982027,-19.000911816566585],[-63.111402470924794,-18.998021220517099],[-63.111558260467319,-18.996976760075679],[-63.111637830540282,-18.995668712758373],[-63.111847911676477,-18.992361804338177],[-63.111910601067123,-18.992364194352415],[-63.111910755309346,-18.992361766348825],[-63.139244154926921,-18.993401813930049],[-63.166577864941743,-18.994437822172848],[-63.193911878472285,-18.995469790376561],[-63.221246188636243,-18.996497717844907],[-63.219631173708983,-18.961354192785855],[-63.185771846203885,-18.960310851480152],[-63.191038993155431,-18.910923149708239],[-63.193127428401347,-18.894016412560649],[-63.193128371977039,-18.894008748473631],[-63.19313859545484,-18.893925987325186],[-63.193128857988164,-18.893890220611517],[-63.193094623369731,-18.893764473312132],[-63.193058907197567,-18.893764312481576],[-63.182604587049269,-18.855289776548378],[-63.182667463510249,-18.855290025073625],[-63.182667379267343,-18.855289714963593],[-63.188525479928622,-18.855312776529647],[-63.183759443982218,-18.818066148724331],[-63.192432636570629,-18.813090314697977],[-63.190499654038639,-18.811972722862574],[-63.18229355658427,-18.807227815837873],[-63.182230606568467,-18.807191414610511],[-63.182130203805414,-18.773100612619597],[-63.179384633443092,-18.752293193785391],[-63.179449495270717,-18.752309483390206],[-63.179447387479819,-18.752293133604219],[-63.179375162297468,-18.75223519820959],[-63.178014512524946,-18.743902968471012],[-63.180907440105095,-18.746478458427948],[-63.187943784215562,-18.753837389632178],[-63.188648274301976,-18.75472219616821],[-63.191588865120487,-18.756585395121149],[-63.193248224678577,-18.758879314163156],[-63.195029080245824,-18.762005255090024],[-63.195725010187381,-18.763610220984475],[-63.198502046000876,-18.767098038949012],[-63.208432116392899,-18.778565312712026],[-63.216730502070284,-18.789196992275393],[-63.22452548026591,-18.798107920943785],[-63.23369741977146,-18.803476992230951],[-63.236923095311319,-18.804554809353331],[-63.2405273124741,-18.804275575252564],[-63.244138052842395,-18.805167609708711],[-63.24775057960715,-18.80725520004356],[-63.252776076679744,-18.809639716666378],[-63.251662241117749,-18.809111219808376],[-63.255947063866081,-18.810057231646116],[-63.259713927088697,-18.810291151798342],[-63.265015338025755,-18.810054197811034],[-63.262821686978548,-18.810672012505311],[-63.268155215037581,-18.809169890273441],[-63.271762598716116,-18.807819589729892],[-63.275057027138672,-18.807067497812469],[-63.279005185774039,-18.807061633768321],[-63.280925907974229,-18.806673550917964],[-63.287956544708436,-18.806662835294038],[-63.294110010020503,-18.807609737445485],[-63.298004092478493,-18.808799181990562],[-63.299802746137949,-18.809847356857642],[-63.301239283340315,-18.810165585541828],[-63.309245806745082,-18.811647017088649],[-63.3161555632568,-18.814026682046183],[-63.316895800168773,-18.814869522728152],[-63.319473360444192,-18.817804266827967],[-63.320087559629783,-18.818503558167595],[-63.32202173285863,-18.822343485538909],[-63.324339969377199,-18.82626774588217],[-63.325138527234444,-18.833440071050894],[-63.325618905694832,-18.838371160135786],[-63.325619836928041,-18.838854326212207],[-63.325627951564194,-18.843063944793855],[-63.325137486936747,-18.84653600102774],[-63.32469879143963,-18.849641461815835],[-63.323927976052801,-18.856965954730491],[-63.32534131818035,-18.862306510332569],[-63.325667450502891,-18.863538806574265],[-63.328765661565491,-18.867545273253736],[-63.329129898311812,-18.868016271572845],[-63.333378095291344,-18.872791163936544],[-63.335132368978215,-18.880861016579253],[-63.335225507933252,-18.881289443470994],[-63.336369630172342,-18.886552056684245],[-63.340812640113683,-18.897256631408503],[-63.344045169469858,-18.905476463243968],[-63.346239882209041,-18.908690785021772],[-63.350900964699143,-18.910362228353417],[-63.354231873084181,-18.911252609081778],[-63.359135165895701,-18.91309637834506],[-63.360329631168078,-18.913572306008316],[-63.361900657742062,-18.914081711598708],[-63.36485673994865,-18.915677158665279],[-63.367536227406227,-18.917513977827813],[-63.371712167931342,-18.919801219548614],[-63.375611670275667,-18.921661531811733],[-63.37568417025529,-18.922150189834277],[-63.37548412040082,-18.922581010581293],[-63.375384895899053,-18.923155099269515],[-63.37538617722219,-18.923728984674764],[-63.37629201981629,-18.924301038680358],[-63.376645186445735,-18.924922034313479],[-63.376697476097895,-18.925830583908343],[-63.376448241655389,-18.926739745153707],[-63.376450490811273,-18.927744044079258],[-63.376703156276342,-18.928365243067347],[-63.377458156783788,-18.92888977278043],[-63.379168005321127,-18.929412351035246],[-63.379671958852057,-18.930033032114913],[-63.379774090051363,-18.930750182324267],[-63.379575141670514,-18.931428918879572],[-63.380731336372108,-18.931739449421144],[-63.380773213288151,-18.932623043107689],[-63.380472062469821,-18.932750211508456],[-63.380339439147306,-18.932910780457867],[-63.380216900297711,-18.933079989376409],[-63.380180346598287,-18.933130464214823],[-63.380128241599181,-18.933611462170727],[-63.38031579631101,-18.934218521533957],[-63.381008257627414,-18.934622061859088],[-63.381798180215,-18.935000092857749],[-63.382188748972922,-18.935207105438646],[-63.382207268765292,-18.935553184356266],[-63.38192403842087,-18.935764809737545],[-63.381587497622071,-18.935925897691497],[-63.380974605374739,-18.935420654486713],[-63.38071712454272,-18.935260784737562],[-63.380292195379923,-18.935540236265936],[-63.380142354111598,-18.935928863275311],[-63.380409957070761,-18.936645863275505],[-63.380544316335488,-18.937250011747992],[-63.38055438121858,-18.937781818833948],[-63.380511005012018,-18.938203992078734],[-63.380680003278115,-18.938440021673348],[-63.380884131780959,-18.938532462097026],[-63.3811849265295,-18.938244824094401],[-63.381361706140353,-18.938008095349854],[-63.381477253126292,-18.938134480716261],[-63.381318263803394,-18.938396495416594],[-63.381106144605788,-18.938692393497728],[-63.381062748572084,-18.939106135688931],[-63.381143228755384,-18.939406491788009],[-63.381498733947417,-18.939785635165855],[-63.381907618091688,-18.940240652332658],[-63.382130307311797,-18.94069605129074],[-63.38183839987046,-18.940992104565698],[-63.381466203276844,-18.94107728950754],[-63.381103174855738,-18.941289077753968],[-63.3807489389851,-18.94147552394044],[-63.380421501254197,-18.94174380405352],[-63.380191434875151,-18.941946877604476],[-63.380139041694989,-18.942301533028534],[-63.380157460879104,-18.942605397593589],[-63.3802995264777,-18.942697965735313],[-63.380468100759721,-18.942748276588798],[-63.380326817866795,-18.943001812978085],[-63.380238715397759,-18.943252709722518],[-63.380221403534613,-18.94343846573382],[-63.380363728885605,-18.943640775736021],[-63.380647816236248,-18.943800590132415],[-63.38111788464532,-18.943867150019447],[-63.381605897806352,-18.94402654558839],[-63.381180278563157,-18.9440105385961],[-63.380861204186679,-18.944061839778964],[-63.380640055067957,-18.944290226099266],[-63.380401124042862,-18.944493318097468],[-63.380122327332863,-18.944909744990063],[-63.380012319215119,-18.945074058562614],[-63.379943823332141,-18.945583583077465],[-63.380059594266569,-18.945879060694008],[-63.380161846336748,-18.946644032909443],[-63.380054206473922,-18.947841246143582],[-63.380303777598726,-18.948488141578387],[-63.380946477351237,-18.950385364139699],[-63.381875678728164,-18.95349001012433],[-63.382358085928104,-18.955065977008449],[-63.383713121490445,-18.958237268424057],[-63.38490832417191,-18.961290699502513],[-63.385644373020966,-18.964201476849933],[-63.385776226165262,-18.964722891811647],[-63.386089903844059,-18.965963320078767],[-63.386842479907735,-18.969452924908211],[-63.386801316141991,-18.974664462320316],[-63.386865031154002,-18.976450237842194],[-63.387256243069885,-18.987413868166666],[-63.387485420241006,-18.994517723668462],[-63.38711789362462,-18.996594183153817],[-63.386917712760379,-18.998542746040354],[-63.386649705500709,-19.001151551636649],[-63.386479199555147,-19.00340014568965],[-63.386185116208551,-19.007278333103496],[-63.386253613944177,-19.009575811899246],[-63.386300430912627,-19.011146045226912],[-63.386679228840208,-19.013929705951153],[-63.386632005440646,-19.016511755622268],[-63.387918691070141,-19.020812312691824],[-63.389101415751249,-19.026125605170925],[-63.389153668856764,-19.026263869130077],[-63.389904371662546,-19.028250223456666],[-63.392313064289212,-19.034502598152507],[-63.392448590945605,-19.034913782026987],[-63.39429095685113,-19.040503284991392],[-63.395512740021132,-19.040899767566238],[-63.396820689296895,-19.041088254911951],[-63.397575013956597,-19.041086632484692],[-63.398128527338287,-19.041228909889345],[-63.398145182202256,-19.041782105731368],[-63.398046200989363,-19.042451845154552],[-63.398148146662152,-19.043025504797974],[-63.398703265532561,-19.043837302778385],[-63.399560126063733,-19.044648446218989],[-63.400165432262042,-19.045412307587551],[-63.401071908554563,-19.045936396559149],[-63.401676996245065,-19.046604606656089],[-63.401728436910609,-19.047082727208039],[-63.402989383074086,-19.048610322714929],[-63.403192162304457,-19.049279405169262],[-63.403243839332376,-19.049853171011573],[-63.403496796699237,-19.050474320159577],[-63.403548475226316,-19.051048085816532],[-63.40415324421577,-19.051572818029769],[-63.404555575612406,-19.051571936678968],[-63.40551250685742,-19.052143715341327],[-63.405967573959707,-19.053147002179909],[-63.406370840617647,-19.053528700292325],[-63.407176446020749,-19.053909510305527],[-63.408233516145955,-19.054289760684629],[-63.408687317266647,-19.054766988121038],[-63.408941122934223,-19.05572288932883],[-63.408941826123034,-19.056009826774165],[-63.408692395570448,-19.056840482356634],[-63.408694855444722,-19.057844763285964],[-63.408999194244039,-19.058896198393075],[-63.409353009528495,-19.0596127610421],[-63.409455475121469,-19.060377703992501],[-63.409457470553207,-19.061190692935604],[-63.408908101866217,-19.062770074764313],[-63.408909860420046,-19.063487417816646],[-63.408659674341628,-19.064014026582534],[-63.408258366665635,-19.064445323252482],[-63.407806527641846,-19.064781084523034],[-63.407617497694652,-19.065142655639541],[-63.40781136723502,-19.066892263882256],[-63.408367388464164,-19.067888346369056],[-63.408871524218284,-19.068365460590794],[-63.409074000576027,-19.068891065753125],[-63.409125939941987,-19.069560473916145],[-63.408727551288266,-19.071187342383659],[-63.408980328273991,-19.071712835952845],[-63.409736200645099,-19.07228503510516],[-63.41079756043262,-19.074356175048994],[-63.41100016840052,-19.074929600303189],[-63.411352847455809,-19.075167929155946],[-63.41231123961186,-19.076265718752929],[-63.412563799074533,-19.076695561209601],[-63.413470247823149,-19.077123938065895],[-63.414175742064188,-19.077648407964432],[-63.414377932732258,-19.078047647048706],[-63.414982477484912,-19.078428871496552],[-63.415498860006792,-19.078282727771331],[-63.417058261186369,-19.078327029832561],[-63.420326033662533,-19.077650086793057],[-63.421181119787178,-19.077648135404132],[-63.4220359636086,-19.0775505346191],[-63.422992132807991,-19.077739635378638],[-63.423848313692467,-19.078168075936556],[-63.424352646343408,-19.078692968564951],[-63.424554940721286,-19.079122909589319],[-63.424707667711537,-19.079839902362998],[-63.424960630272487,-19.080413195005054],[-63.425011662103948,-19.080700015135918],[-63.426070898408476,-19.08184532091164],[-63.426674748290502,-19.081939570098825],[-63.428082423290448,-19.081649368796768],[-63.428736573823116,-19.081743494405394],[-63.428888582785682,-19.082173547225334],[-63.429094218592468,-19.083894694135576],[-63.429901502838852,-19.084849271404977],[-63.430356067592506,-19.085565554276751],[-63.431061031177713,-19.085850844276457],[-63.433192361623725,-19.085901211126544],[-63.434347677215428,-19.08527679444596],[-63.434748590785681,-19.084701974506103],[-63.435200552200044,-19.084413970541352],[-63.436105096206312,-19.084077072323065],[-63.436758884101522,-19.08402770139022],[-63.437211969617536,-19.084170095862415],[-63.437816713190543,-19.08459906630025],[-63.438372416975845,-19.085506380043409],[-63.438373423732372,-19.085888960606706],[-63.438776843861781,-19.086270583541676],[-63.439079032012899,-19.086413332443328],[-63.440487479693701,-19.086409971547489],[-63.442298975449489,-19.086644747285035],[-63.443809174683693,-19.087071522270257],[-63.445419090235326,-19.087163283962248],[-63.446875792228838,-19.086394592365835],[-63.447630059911717,-19.086297116292695],[-63.448334411188064,-19.086343227029264],[-63.44919018351225,-19.086580257313894],[-63.449695524261053,-19.08743983544267],[-63.449697331805218,-19.088109350246711],[-63.449700043263121,-19.089113622361342],[-63.449401196444803,-19.090214275643522],[-63.448951307546864,-19.091267473673572],[-63.44900341579816,-19.091936865692741],[-63.448656059991634,-19.093707154701601],[-63.44875795653769,-19.094185134278874],[-63.449060683295045,-19.094519156048037],[-63.449312590879977,-19.094662010165532],[-63.450368589456183,-19.094515963439651],[-63.450669896164328,-19.094323935584772],[-63.451222721955858,-19.094131291409141],[-63.451776065447923,-19.094129935356108],[-63.452984010684951,-19.094366083080406],[-63.454040655718892,-19.094459127526136],[-63.455752956207768,-19.095172240631161],[-63.455905309364169,-19.095697913689204],[-63.455705578458314,-19.096241566932171],[-63.455756275759505,-19.096384909690794],[-63.455706756556545,-19.096671968542438],[-63.455355146906079,-19.096864128908916],[-63.455004320655007,-19.097343223028748],[-63.454854320592489,-19.097678352540257],[-63.454756976589685,-19.09887416089537],[-63.454206357850481,-19.09987979654284],[-63.453458808272671,-19.102464064934995],[-63.453112392109198,-19.1045691164489],[-63.452862548498224,-19.105191426084637],[-63.451758514585762,-19.106198414535399],[-63.449552603383438,-19.109025352512671],[-63.448687502976654,-19.109687910799778],[-63.447734340966001,-19.110694507862014],[-63.447484725686444,-19.111412455144414],[-63.447385907961937,-19.112082212968122],[-63.447439304784766,-19.113229827619534],[-63.4475916496651,-19.113755506729461],[-63.44759409492962,-19.114664131620959],[-63.447394269280167,-19.115190666824091],[-63.447043556858581,-19.115734677383401],[-63.446541864176972,-19.11626194459533],[-63.446291337498366,-19.116645133598716],[-63.445541672655978,-19.118512033942888],[-63.444890695802663,-19.119661352703481],[-63.444288999790459,-19.120427968927164],[-63.444040249957631,-19.121480667821881],[-63.444142663155105,-19.1221499378196],[-63.444345063465121,-19.122579853024632],[-63.444295901165752,-19.123010375572658],[-63.444045614911111,-19.123489206225088],[-63.443694190591032,-19.12377698987385],[-63.44319259089113,-19.124352070540414],[-63.442491771394032,-19.125692791416164],[-63.442242030528092,-19.126380017927666],[-63.441999746420372,-19.129871652350918],[-63.44170027269945,-19.130781001538981],[-63.441651228692109,-19.131259345497732],[-63.441350734473893,-19.131786115581384],[-63.441252135697802,-19.132551513995615],[-63.44130422966952,-19.133220905569793],[-63.441155694860818,-19.13412989146779],[-63.440905764192635,-19.134752184689631],[-63.440505008992503,-19.135422661503831],[-63.440206785041973,-19.136810231021915],[-63.440208812861677,-19.137575387684024],[-63.440210967526035,-19.138388366567739],[-63.439912736331998,-19.139775935318944],[-63.439663046152191,-19.140493871289785],[-63.439112455806125,-19.141595106444292],[-63.438964913847499,-19.14288666830312],[-63.438664769809769,-19.143556900729983],[-63.43826385876401,-19.144179550357244],[-63.437814228861448,-19.145410403971347],[-63.437872116449142,-19.1482796194915],[-63.43777286287996,-19.148805903957644],[-63.437321489423397,-19.149380849102865],[-63.436869357656541,-19.149668859682361],[-63.436467922517352,-19.150100216416622],[-63.435817139939303,-19.151392969595065],[-63.435768953130456,-19.152206067073934],[-63.435218926640921,-19.153546401644377],[-63.4348179791983,-19.154169043814914],[-63.434168339312876,-19.155909300144629],[-63.434170091193714,-19.156578811379081],[-63.433870529353591,-19.157488146989255],[-63.433771508242906,-19.158110073576552],[-63.433676736949863,-19.160357955461542],[-63.433426865642488,-19.161028060294939],[-63.432223318441658,-19.162656861401661],[-63.431673105795909,-19.163949362875854],[-63.431573948645237,-19.164523465875806],[-63.431527107422511,-19.165862605758523],[-63.430976799386571,-19.167124391693491],[-63.430374870918605,-19.167890963118587],[-63.430228606871317,-19.169708560140016],[-63.430280919616777,-19.170473597154899],[-63.43058437333837,-19.171046755433785],[-63.431139840096733,-19.171762788929829],[-63.431696183438362,-19.172813575725822],[-63.431697553374519,-19.173339619476494],[-63.431497112456256,-19.173674847835528],[-63.431296048588223,-19.173770965192272],[-63.430692234284074,-19.173820205157156],[-63.430239776699523,-19.174012555864632],[-63.429838886528223,-19.174683009282202],[-63.429135154215452,-19.175019412838243],[-63.427475790115636,-19.175597153800076],[-63.427174556884559,-19.175884789773168],[-63.42687615560515,-19.177272335184856],[-63.426576272375698,-19.178086014033806],[-63.426428360169403,-19.179281918942504],[-63.426381229628682,-19.180525411949528],[-63.426231591920406,-19.181051806350204],[-63.425788415002501,-19.184865024937757],[-63.425237467931964,-19.185918395754872],[-63.425036508288542,-19.186062328618089],[-63.424836161552264,-19.186445371931864],[-63.424837388096307,-19.186923593245442],[-63.424939402153022,-19.187449403548563],[-63.425898792082755,-19.188642739162582],[-63.426956519731867,-19.188927215111896],[-63.42746071214868,-19.189260797815653],[-63.427715588040705,-19.190503585795756],[-63.427668589289333,-19.191794899580533],[-63.427266783341267,-19.192130592515305],[-63.426914446626419,-19.192131412830324],[-63.426210142410234,-19.192276517712504],[-63.425808332289229,-19.192612207514866],[-63.42515698155605,-19.193778564384701],[-63.424557138907446,-19.195405914518915],[-63.424408586295712,-19.196362705714517],[-63.424360702905958,-19.197319263813],[-63.424716608998459,-19.198705288311931],[-63.424519435792689,-19.200331704761698],[-63.424320052107909,-19.201097323755963],[-63.424272657809844,-19.202245169592633],[-63.424477071982558,-19.203440254824049],[-63.424428206553252,-19.204014235895432],[-63.424580568609187,-19.204539928708002],[-63.425136616726334,-19.205447264234255],[-63.425993099321225,-19.205732209991027],[-63.426295619903875,-19.205922796034955],[-63.426448236259752,-19.206544131074814],[-63.426735558697963,-19.207003563190199],[-63.426889949448103,-19.208311514656803],[-63.427395313540536,-19.209075493701526],[-63.42744787669961,-19.209936172255116],[-63.427198033042032,-19.210654088938732],[-63.426496609911062,-19.211946923952535],[-63.425894501904949,-19.212713480506494],[-63.425442179187883,-19.213001464713962],[-63.425140998604228,-19.213336919550262],[-63.425041669933968,-19.2138631949645],[-63.424590938654909,-19.214772862966441],[-63.424491730214676,-19.215346960034804],[-63.424347211592647,-19.217881874662609],[-63.424399271690383,-19.21855126564774],[-63.424350525378507,-19.219173067811685],[-63.424184883087129,-19.219671805966144],[-63.424136381094598,-19.220389251939775],[-63.423937341319082,-19.221298335216719],[-63.423637123270616,-19.222016363270885],[-63.423085064508733,-19.222687150378341],[-63.422483880221392,-19.223836271506379],[-63.42208198706583,-19.224171953603246],[-63.421967604345504,-19.224326135805061],[-63.422052870953188,-19.226162930384866],[-63.419398486909138,-19.231529805379424],[-63.419432952703204,-19.231733950191536],[-63.419387627360521,-19.233711873209089],[-63.419238650923567,-19.234525191706336],[-63.418888042484667,-19.23524332706241],[-63.418235832098425,-19.236153439715387],[-63.417534355025374,-19.237494062134594],[-63.41718433704979,-19.238451303800105],[-63.416581970605321,-19.239170008281011],[-63.416081741647808,-19.24046234484792],[-63.414674502476643,-19.241469803959223],[-63.414282504230506,-19.241872688725643],[-63.4121302194877,-19.246223497785888],[-63.411251793309425,-19.250272731388506],[-63.411273018860648,-19.25040662013016],[-63.411626196104173,-19.250692758829214],[-63.412029010087771,-19.250691852181308],[-63.413287085149598,-19.250402081975434],[-63.413589195043919,-19.25040139934012],[-63.413892144391042,-19.250735469264583],[-63.414045839030202,-19.251787208445183],[-63.413996806564732,-19.252313362814363],[-63.413747203546393,-19.253174725717233],[-63.41339593407529,-19.253653741027449],[-63.412491499125309,-19.254420936505127],[-63.41203856200427,-19.254517601469622],[-63.411736921820768,-19.254709569113853],[-63.411486153654174,-19.255109819198847],[-63.411186299343562,-19.256019113780802],[-63.41088525088486,-19.256450189325367],[-63.409929365826109,-19.256787088806824],[-63.409362626084651,-19.257091523319723],[-63.407688622499734,-19.261188200437015],[-63.407825862694708,-19.261382714308972],[-63.407676806933814,-19.262196022468352],[-63.406976907042342,-19.264253931815208],[-63.406575120748577,-19.264685224478278],[-63.406178495789725,-19.264883648339474],[-63.404405566972713,-19.269221979070348],[-63.400000319445482,-19.277831480127347],[-63.399114836916993,-19.280385958507232],[-63.39922844312067,-19.280457519713103],[-63.399230065318484,-19.281127024841727],[-63.398579998346868,-19.283041325750446],[-63.398833427710237,-19.283710281236981],[-63.398785149545489,-19.284571183205735],[-63.39838456519427,-19.285528497731161],[-63.397480117801187,-19.286391264285285],[-63.396909028214132,-19.286749015845086],[-63.395337362329677,-19.291282463251076],[-63.395196418934376,-19.291745225625949],[-63.395155815755828,-19.291806115115985],[-63.394882620847099,-19.292594110420648],[-63.394341652869741,-19.292849859209792],[-63.39424270137755,-19.293086303047605],[-63.393238603177508,-19.294427484026123],[-63.392685384114046,-19.294763428477328],[-63.39223243792037,-19.294907867907838],[-63.391879880273528,-19.294908624804005],[-63.390771387825204,-19.2947197121077],[-63.390384611160201,-19.294720539206569],[-63.389056735859612,-19.295348260098816],[-63.388063118701837,-19.29620997972],[-63.387512922340044,-19.297837096685903],[-63.386561016393536,-19.299991104885631],[-63.386563150440246,-19.300899718420396],[-63.386766754693987,-19.301807905152444],[-63.386566632564083,-19.302382192940726],[-63.386370888135147,-19.304821528672431],[-63.38652367851958,-19.305538534878675],[-63.386626888031898,-19.30659039970876],[-63.386528958823789,-19.307786156313682],[-63.386630484224142,-19.308120695019117],[-63.387034227379409,-19.308454593009365],[-63.387087297519777,-19.309602207398051],[-63.386938100087939,-19.310415496960278],[-63.387897839510266,-19.311561186127598],[-63.387798789753795,-19.312278725708328],[-63.387045479625996,-19.313236763794592],[-63.386996683983099,-19.313906374344615],[-63.387149711443584,-19.314719022496071],[-63.387202560050937,-19.315770992654866],[-63.387103505072574,-19.316488531625065],[-63.386752853312245,-19.317319356634652],[-63.386706867432338,-19.319184508580008],[-63.386306918548094,-19.320476547340949],[-63.385758311506521,-19.322820981225476],[-63.385710710981854,-19.324003024709736],[-63.385918159433324,-19.326537145320881],[-63.386526259842121,-19.328066157074442],[-63.38652794709931,-19.328783481354847],[-63.386277754402606,-19.329501339341167],[-63.385676272956793,-19.330793802542424],[-63.385527275730517,-19.331702732736463],[-63.385529744505568,-19.332754808033485],[-63.38533115279423,-19.333998595622404],[-63.385332723216408,-19.334668097945286],[-63.384078314928772,-19.336822727430015],[-63.383979347149548,-19.337588085092428],[-63.383628484834006,-19.338353972988685],[-63.382925300982841,-19.339264066184072],[-63.382371577108451,-19.339456515951419],[-63.380961517330434,-19.339698577791424],[-63.380508698485087,-19.339955741572361],[-63.379805158613564,-19.340722358209618],[-63.379656231410898,-19.341679104916846],[-63.379405658441151,-19.342253488553663],[-63.379256948603221,-19.343305878000812],[-63.379410631123605,-19.344405459676743],[-63.379064410547414,-19.347196953304277],[-63.378713615772305,-19.348010653234354],[-63.378161179482611,-19.348776949330631],[-63.377810927357793,-19.349829755293602],[-63.378068236664461,-19.352172488538852],[-63.378271422142511,-19.352889393237206],[-63.378876683321813,-19.353175065903983],[-63.379682484359435,-19.353029922800758],[-63.380336469264961,-19.352598162656847],[-63.381091327737138,-19.352214010949169],[-63.381745973058564,-19.352069174961677],[-63.381897233211127,-19.352116679668057],[-63.382451222978595,-19.352019873904329],[-63.382753855197272,-19.352162703529348],[-63.382805465226248,-19.352688634311615],[-63.383008225522346,-19.35321424728923],[-63.383311195541737,-19.353500540441356],[-63.383312089185814,-19.353883112476389],[-63.383313206270657,-19.354361327497468],[-63.382460139584033,-19.355845594537147],[-63.382360485789377,-19.356324021083164],[-63.382462703498803,-19.356945488921149],[-63.383172441690483,-19.358809044093473],[-63.383276268428169,-19.360117120462828],[-63.38322755885428,-19.360834548544304],[-63.383026909636698,-19.361217544331488],[-63.382373232510744,-19.361792778597739],[-63.382122416916417,-19.36227152213802],[-63.382375796693211,-19.362892672275397],[-63.382226086685101,-19.363514668644385],[-63.380919148416737,-19.364856415080187],[-63.380214618922778,-19.365240461318102],[-63.38006401204337,-19.365479884248941],[-63.379914180263057,-19.366054057272027],[-63.379915842176679,-19.366771379121289],[-63.380067891361861,-19.367153635218848],[-63.380472212740798,-19.367678829116567],[-63.380224155331518,-19.36935310604273],[-63.380023932378549,-19.369927384212364],[-63.380177577109258,-19.370996248697899],[-63.379827625649192,-19.372192520845367],[-63.378572685406702,-19.374268575457425],[-63.378170229039988,-19.374556342128361],[-63.377414931288627,-19.37479701836682],[-63.377063191664632,-19.375228142395944],[-63.375960094468191,-19.377621507303783],[-63.375356937839975,-19.37829225558054],[-63.374802964385317,-19.378436862472096],[-63.374299599532222,-19.378677006884793],[-63.373998234773033,-19.379108021413032],[-63.373898761574388,-19.379682085604777],[-63.373296896358148,-19.380926684186036],[-63.374882862538662,-19.381102148004334],[-63.375594949188667,-19.381400730934189],[-63.376587177631997,-19.381305812851394],[-63.377020666667171,-19.384207551812253],[-63.376744005880859,-19.385053155977918],[-63.376507823047483,-19.386502634560625],[-63.376055818014081,-19.387173072001666],[-63.376047712834804,-19.387181312058058],[-63.375458375862756,-19.388982522336793],[-63.375505981690836,-19.389134893300852],[-63.375506968528839,-19.389565285546066],[-63.375256310876509,-19.390139661940072],[-63.374954818640788,-19.390522856465509],[-63.374905847092379,-19.391144637990983],[-63.375007639642945,-19.391582201971321],[-63.374908272719914,-19.392204087346787],[-63.37470789516037,-19.392730537665653],[-63.374054392383073,-19.393449206719687],[-63.373851347779109,-19.393950162608384],[-63.372579434588175,-19.398698646426183],[-63.372456199522176,-19.399812755065188],[-63.372255805166567,-19.400339202529072],[-63.372069330023919,-19.400602935740046],[-63.371773348320225,-19.401707892359333],[-63.37119011668436,-19.402043525403162],[-63.370191745243432,-19.402618048910547],[-63.370094012765939,-19.402694252046842],[-63.369795040044728,-19.402846335780605],[-63.369226738486113,-19.403173367485426],[-63.368886171257884,-19.403461852048903],[-63.368785607019156,-19.403701894823403],[-63.368233103950281,-19.407614561248604],[-63.368240366163739,-19.407631014624169],[-63.368998633033236,-19.408633728360662],[-63.369303410619246,-19.409685182429449],[-63.36930492208397,-19.410354680430405],[-63.369204875722914,-19.410689634264319],[-63.36895351760937,-19.410977073850031],[-63.368600925084699,-19.411073432482421],[-63.368046512080468,-19.411074556347408],[-63.367474256830455,-19.411347489896656],[-63.367418955256632,-19.411407332742026],[-63.367191409547168,-19.411841430536292],[-63.366136191059994,-19.413278205183978],[-63.364795659654092,-19.414246014322782],[-63.364291977698628,-19.414791043382937],[-63.364067225686703,-19.415039278152797],[-63.364023356881802,-19.415099668056609],[-63.363824087727998,-19.41615214021785],[-63.363876618778995,-19.417108464867358],[-63.364181806425066,-19.41835121191076],[-63.364132254978117,-19.418733883110743],[-63.363730106703173,-19.419220283316545],[-63.363277323263205,-19.419603761323483],[-63.362723623676828,-19.419939618300013],[-63.361667468126015,-19.420993797058713],[-63.3612244112133,-19.421083212964309],[-63.361109860621987,-19.423750891775533],[-63.359841655741825,-19.429123398711251],[-63.357809436957808,-19.436325262753709],[-63.356300502327024,-19.44816692258458],[-63.353224400892117,-19.456298388764196],[-63.351476152056236,-19.465057226697603],[-63.351268558289242,-19.47102936368632],[-63.351621644570486,-19.471513039629556],[-63.351622779177568,-19.472039071223524],[-63.351623501219457,-19.472373818585517],[-63.351473271692228,-19.472852322523572],[-63.351196011892512,-19.473116367018967],[-63.351135384160436,-19.474860480506653],[-63.349760518462801,-19.478636398633977],[-63.34801600535787,-19.483427251925136],[-63.348016835787028,-19.483427486458332],[-63.348219143625407,-19.483714024874349],[-63.348220063577365,-19.484144413940452],[-63.347868117717873,-19.484623302256463],[-63.347476647268991,-19.484908399758545],[-63.346761648219861,-19.486871837360177],[-63.347211952400123,-19.488306231173738],[-63.34732161094594,-19.48845004656874],[-63.347775877670728,-19.488655218656952],[-63.348179995353945,-19.488989190362805],[-63.348282380058578,-19.489706311104005],[-63.348283914113594,-19.490423625723786],[-63.348436623987837,-19.491092828275029],[-63.348488585071195,-19.491810045727103],[-63.348385798984523,-19.492045324412896],[-63.348570416479689,-19.492633384304167],[-63.348738875046962,-19.496719314612012],[-63.348903779691383,-19.497308677849979],[-63.348786446077057,-19.497873118217228],[-63.349030502679007,-19.503792391590398],[-63.349539642827352,-19.509366002685898],[-63.348627388874966,-19.518684336293045],[-63.348321217710705,-19.520736137966942],[-63.348500562764428,-19.520947822413142],[-63.348552330867484,-19.521569395722334],[-63.348401536925266,-19.521808791333495],[-63.34810076692365,-19.522670148615784],[-63.347802056015283,-19.524495300856312],[-63.347853720470404,-19.525069053354109],[-63.347554373467908,-19.526599900574208],[-63.347606242409682,-19.527269294576552],[-63.347455544155622,-19.527556510132172],[-63.347053638689985,-19.527574603703293],[-63.341763213516415,-19.535172575183278],[-63.341560262549486,-19.535970230174794],[-63.340749791330047,-19.539155537463927],[-63.340742770619528,-19.539183130810393],[-63.340657005416276,-19.539520195648119],[-63.340656870222688,-19.539520728183945],[-63.340576109785204,-19.539838122581877],[-63.34003699281697,-19.541956869485286],[-63.341847674397556,-19.552091481586764],[-63.341721447602779,-19.56266725210595],[-63.343633572673454,-19.565454185095],[-63.345852999063162,-19.568688860818387],[-63.345247367528806,-19.580978552505542],[-63.345284111210532,-19.581039215424902],[-63.34538583458027,-19.581421586290826],[-63.345285741672612,-19.581804343535911],[-63.345192633209059,-19.581917127529387],[-63.341288506105009,-19.593218758159463],[-63.340937120217212,-19.594235864811004],[-63.336942507928221,-19.61673872216452],[-63.336438472616138,-19.617871843755943],[-63.336387845331259,-19.618028833870039],[-63.336328333017335,-19.618119459069433],[-63.334690755938013,-19.621800799518823],[-63.332405729752864,-19.631375569877971],[-63.330664435202671,-19.639776469132386],[-63.329540011680081,-19.641484714560264],[-63.329321638120263,-19.642301649545413],[-63.328364981959311,-19.643451088822399],[-63.32809160633672,-19.643685096096167],[-63.327277693036251,-19.644921541805775],[-63.329370076534076,-19.651538084827465],[-63.326531499970784,-19.658951355707629],[-63.32827246007205,-19.675525239044031],[-63.323971478848812,-19.685879779455906],[-63.324109942390542,-19.686103627105723],[-63.324061668020164,-19.687203579428374],[-63.323759609634216,-19.687634506324599],[-63.32325569559324,-19.688113616455276],[-63.32323704616222,-19.688141500442075],[-63.321694188035053,-19.694443568047365],[-63.321727048272933,-19.695940177588582],[-63.322364930645122,-19.697112795069554],[-63.322417910922091,-19.698356024408064],[-63.322166988406607,-19.699121597704377],[-63.321802277585839,-19.699366402185746],[-63.321814560588322,-19.699925806648562],[-63.319311368239227,-19.706085884294083],[-63.319668673299461,-19.709025447778245],[-63.319323036686043,-19.711966254985022],[-63.319210388038698,-19.714240947085198],[-63.317750187828054,-19.716407075687513],[-63.317578126094787,-19.718271982488016],[-63.317902758552641,-19.719219865129425],[-63.317577033160667,-19.720067898664993],[-63.317601062308555,-19.721184018087513],[-63.317101604490361,-19.722487085076619],[-63.316907119558053,-19.723479569709642],[-63.318133119066225,-19.725331083260507],[-63.318681635632295,-19.726757151683575],[-63.319316703852039,-19.727790119780245],[-63.319755020239079,-19.728672477671065],[-63.319822884270025,-19.729871899459297],[-63.320329086806737,-19.731953686064919],[-63.321160762013001,-19.733048333086568],[-63.321752537648543,-19.734246813702697],[-63.321931352618229,-19.736335353127757],[-63.319477127546612,-19.756228979453883],[-63.319614953439221,-19.771628091328768],[-63.31915641801104,-19.777939795186722],[-63.31953110281291,-19.777922757669039],[-63.320895889957981,-19.77835069220254],[-63.321148948481188,-19.778589336770196],[-63.321200326921712,-19.779019622234422],[-63.321100252749396,-19.779497999365063],[-63.321256880196138,-19.780082599697725],[-63.321709246263495,-19.780891056777875],[-63.322216528374646,-19.781942177610368],[-63.322419943418559,-19.782611287135648],[-63.322977367793854,-19.783471036213996],[-63.322928488635704,-19.784284059613622],[-63.322172453051799,-19.785146178115092],[-63.32192111195711,-19.785768286989732],[-63.321063835343587,-19.786534943646732],[-63.320458378876573,-19.78691858743457],[-63.320156127364839,-19.787349506241089],[-63.319703558248428,-19.788402349513561],[-63.318745708779716,-19.789415652807982],[-63.318315169172415,-19.789518350054571],[-63.317472550481135,-19.801114241319141],[-63.316421141895482,-19.810846496176747],[-63.316253998113929,-19.812267062300709],[-63.316265380593855,-19.812524326201309],[-63.316468906303278,-19.813241259435078],[-63.31641932521616,-19.81371954307167],[-63.316016997959309,-19.814676646935659],[-63.315963883305727,-19.814732710509666],[-63.315360698221539,-19.819858871501324],[-63.315574640738234,-19.820956550040485],[-63.315478204975122,-19.823299877742244],[-63.315885091176128,-19.824638104976319],[-63.315886697402114,-19.825451033963031],[-63.315786958248033,-19.826120683647886],[-63.315182660488986,-19.827173780938516],[-63.314678382657156,-19.827700685260734],[-63.314362866939412,-19.828338243295871],[-63.313999465347671,-19.831426145560076],[-63.313978897435206,-19.840301871790547],[-63.314046579352521,-19.84047697782615],[-63.314202889240043,-19.842867674428089],[-63.31398866340411,-19.843950152961252],[-63.313791038984306,-19.843941687995283],[-63.293223606424441,-19.844019130759346],[-63.272656120593645,-19.844094202209202],[-63.252088584461333,-19.844166902308338],[-63.231521000997034,-19.844237231021722],[-63.209585157212956,-19.844309624905989],[-63.187649266570396,-19.844379321331292],[-63.165713332671906,-19.844446320260612],[-63.143777359120108,-19.844510621658777],[-63.137696179644458,-19.844527969915603],[-63.108067900545755,-19.844609527291944],[-63.078439566378961,-19.844686163401828],[-63.076351537162118,-19.835384061663191],[-63.074468453447217,-19.826786581863573],[-63.074468610472309,-19.826786905127911],[-63.074461827388959,-19.826756326514797]]]]},"properties":{"FID":4,"Clase":"Zona Norte Charagua","SUP_HA":333013.70816500002}},{"type":"Feature","id":5,"geometry":{"type":"Polygon","coordinates":[[[-61.730678918443814,-18.175548954983451],[-61.730675882423697,-18.175545595698615],[-61.730677039411503,-18.175545407355337],[-61.753399638258834,-18.171845012226058],[-61.776121451696007,-18.168141870150539],[-61.804750180545867,-18.162994154497486],[-61.833377492062766,-18.157842074422703],[-61.86867295416851,-18.152219765321657],[-61.903966536058448,-18.146590850834418],[-61.939258224131216,-18.140955337251981],[-61.974548004793292,-18.135313230876779],[-62.009835864459085,-18.12966453802267],[-62.045121789550912,-18.124009265014909],[-62.080405766499062,-18.11834741819013],[-62.115687781741791,-18.11267900389635],[-62.150967821725352,-18.107004028492906],[-62.186245872904067,-18.101322498350466],[-62.221521921740276,-18.095634419850995],[-62.256795954704394,-18.089939799387739],[-62.292067958274991,-18.084238643365182],[-62.327337918938717,-18.078530958199078],[-62.362605823190407,-18.072816750316367],[-62.397871657533067,-18.067096026155202],[-62.418256548287573,-18.064797759798257],[-62.438640974599508,-18.062497326493567],[-62.459024933740245,-18.060194727104225],[-62.479408422981756,-18.057889962494581],[-62.49979143959667,-18.055583033530272],[-62.520173980858246,-18.053273941078231],[-62.5405560440404,-18.050962686006649],[-62.56093762641769,-18.048649269185006],[-62.588780040856292,-18.045066310856839],[-62.616621413747943,-18.041479319229456],[-62.650394645794478,-18.037525249096682],[-62.684166476733672,-18.033565254495674],[-62.716378035137971,-18.029367460907082],[-62.74858814561015,-18.025164282186324],[-62.778494849734962,-18.021759145143015],[-62.808400457709091,-18.018349373926849],[-62.808450366152762,-18.018343680684591],[-62.810358828785049,-18.018125920173627],[-62.812018414640441,-18.017937554601712],[-62.811801648719957,-18.020022420638213],[-62.81079632729535,-18.025163073772521],[-62.808913822573295,-18.032360983235389],[-62.808308071192506,-18.035324898353259],[-62.808603748805538,-18.038907290201379],[-62.808601421314108,-18.041059600761276],[-62.808149109850831,-18.043211464018558],[-62.807996157342664,-18.045937572352862],[-62.809642880042375,-18.048952435195051],[-62.809939178931657,-18.052396420472753],[-62.810686578880428,-18.05483643885195],[-62.810383247058702,-18.057935464634657],[-62.810380476880724,-18.060518230450818],[-62.81051298822301,-18.061187395632359],[-62.812379032571272,-18.06484101828455],[-62.816374647914749,-18.069388606813778],[-62.82124401450141,-18.075491362653644],[-62.825990815427765,-18.079441583886869],[-62.833485532296933,-18.086383384078225],[-62.840879533966266,-18.093828490282782],[-62.843971424125996,-18.09853351861695],[-62.84409901822989,-18.09857245736066],[-62.846648233893362,-18.100296342065626],[-62.848297599087516,-18.101589028713164],[-62.850096058811538,-18.104029709895631],[-62.850994639370043,-18.106039221294747],[-62.851292073303711,-18.109196157555566],[-62.852190333343607,-18.111636122319943],[-62.853388967301292,-18.113789337610804],[-62.85443745453356,-18.116085918104702],[-62.855185120682357,-18.119271883354404],[-62.854582157435395,-18.122571618996453],[-62.853228607751063,-18.126157754203561],[-62.851424553986483,-18.130030504248456],[-62.851121800899165,-18.130978874095415],[-62.852590234641156,-18.144322519414111],[-62.852291911596076,-18.146363937374677],[-62.853210775705143,-18.147537196068708],[-62.853831986836241,-18.150534218602385],[-62.85485541755736,-18.155143205729235],[-62.853952373199185,-18.158155728238576],[-62.851848294133219,-18.16145429410798],[-62.850750076375533,-18.162696524183527],[-62.850697879440091,-18.163572062075751],[-62.851564188877695,-18.174526198643989],[-62.853183341081817,-18.182897422389111],[-62.855531817902509,-18.189198453158131],[-62.855727929610687,-18.189264776990367],[-62.859179982145371,-18.190128253567767],[-62.86113006607205,-18.191994984381793],[-62.861878979906763,-18.194147807982961],[-62.863377867446061,-18.197162074412685],[-62.863676223547664,-18.199601539137021],[-62.864127778189626,-18.20068279353994],[-62.865802841932592,-18.202588781694825],[-62.870037919628174,-18.207655653124334],[-62.871025854154816,-18.20864619549857],[-62.873425438586544,-18.212234925668],[-62.875676099375532,-18.2142451915382],[-62.877776168981477,-18.216972760455182],[-62.879876499766802,-18.219413335434208],[-62.88032546471122,-18.221565893782323],[-62.880323405145617,-18.224579080369523],[-62.881373402719113,-18.226129371566206],[-62.883023913908659,-18.227852205992534],[-62.884223804760559,-18.22986172570964],[-62.885273473332916,-18.232014632486521],[-62.885572284604734,-18.234310571859115],[-62.88707210549795,-18.237037674938406],[-62.887597416439839,-18.237683868128951],[-62.888122403288925,-18.238329655648656],[-62.888721771240235,-18.240338794002501],[-62.888269723175533,-18.24277777256178],[-62.887217085354209,-18.245072913924911],[-62.886164792489751,-18.246794108309981],[-62.885713723346363,-18.247654749355416],[-62.884861734214944,-18.249483291402385],[-62.884510661535721,-18.250236753427178],[-62.883915743184033,-18.25179068846565],[-62.882594052592793,-18.255242854532781],[-62.881418111168266,-18.258314210258856],[-62.881338914881496,-18.258521053353668],[-62.880461645044605,-18.260314063856661],[-62.878959094986541,-18.261389254197898],[-62.877706203377699,-18.263361369109269],[-62.876640760952185,-18.265692309375655],[-62.875449749325313,-18.268561226352979],[-62.875250594375167,-18.26928567758598],[-62.87492437397929,-18.272073237510352],[-62.875170824009018,-18.273571040985217],[-62.876808879241715,-18.275875712055829],[-62.877721570548601,-18.277159796042511],[-62.87861994538622,-18.281177928177772],[-62.879218256112324,-18.284765413559999],[-62.880266711071521,-18.289070597627614],[-62.880413964115597,-18.293375213332801],[-62.882214337714522,-18.296532980734064],[-62.883263127894715,-18.300551175737969],[-62.882359319455503,-18.304281204485612],[-62.883107580925781,-18.308500089865305],[-62.884456056394079,-18.31380981124698],[-62.886707026554767,-18.317541738805975],[-62.888357068494606,-18.321416771633228],[-62.890758455915034,-18.325148736362941],[-62.891808414828859,-18.32787552333037],[-62.893008118662173,-18.331463289361484],[-62.893006177214687,-18.334619925853048],[-62.892530418826126,-18.337877129861145],[-62.892251754432351,-18.339784905326663],[-62.892249442607849,-18.343515472926388],[-62.892538678578255,-18.34491810689509],[-62.898864953259604,-18.359966374707916],[-62.899073041620028,-18.360582212600455],[-62.895757649800522,-18.356344827625868],[-62.900301077737538,-18.362151759150549],[-62.900395736018346,-18.364496732268421],[-62.902865427573289,-18.371805785933574],[-62.904121619865656,-18.374808713967443],[-62.911521254727759,-18.383901543115172],[-62.919330782516006,-18.395527117961983],[-62.922484971502314,-18.400119873363153],[-62.92503860417817,-18.403564478930605],[-62.929455960690902,-18.407468895954473],[-62.932761114427507,-18.411631086082405],[-62.935465220923376,-18.415649531139202],[-62.937116963283053,-18.420385004846057],[-62.937469406363064,-18.421507791617156],[-62.93846830324626,-18.424689915398261],[-62.938616385622701,-18.431003182531747],[-62.938362925435186,-18.432726867116244],[-62.938409102009885,-18.433018032126547],[-62.938280967896787,-18.44102905810167],[-62.938778320010421,-18.451670776220986],[-62.939738951700711,-18.455492730087361],[-62.941163271478239,-18.456543785043333],[-62.944771634099652,-18.456688351727614],[-62.946363781733112,-18.457307902334325],[-62.948228749029745,-18.45803359294316],[-62.948830630767546,-18.458267789788707],[-62.95123516700734,-18.462142430641045],[-62.952436664625758,-18.467021114937278],[-62.952885308800141,-18.467744000747782],[-62.954841404298037,-18.47089570693942],[-62.960102772358425,-18.476664847244329],[-62.963259734591212,-18.480252523568261],[-62.967168755147796,-18.483553314778224],[-62.970325866950837,-18.487858278444737],[-62.97483659170144,-18.492019890527725],[-62.97814436292385,-18.496898665121531],[-62.976527881983188,-18.494514447588273],[-62.978889700558668,-18.49514069738553],[-62.982649295185375,-18.495141079302336],[-62.989792468528087,-18.49609813914989],[-62.996685067407014,-18.497652762505368],[-63.002199252270671,-18.500163695184121],[-63.005332428125698,-18.503033250792978],[-63.007212546997941,-18.50865285442794],[-63.006928375146543,-18.513536046519853],[-63.003700414078068,-18.511274633865813],[-63.008372731963718,-18.514547919561128],[-63.009124926773566,-18.518134907924988],[-63.008072272767357,-18.521865459994832],[-63.007170013442973,-18.526313402648974],[-63.004312331421929,-18.531622278156583],[-63.003478651156868,-18.536053391499696],[-63.003703955468531,-18.538330997186378],[-63.00646192638623,-18.544787536106931],[-63.014109476370258,-18.554950297824565],[-63.017552329934979,-18.559657843545715],[-63.013188833759045,-18.557161401600098],[-63.020711269052853,-18.561465134717604],[-63.024021404547504,-18.564391738989794],[-63.042077891311067,-18.577158306514612],[-63.035625674782089,-18.572596363813329],[-63.040579842902915,-18.575035386152159],[-63.051314342117827,-18.581894834488374],[-63.050203765796816,-18.581460717709668],[-63.056072438317621,-18.583754742138296],[-63.061489982469936,-18.586335689746626],[-63.06841326442683,-18.591211617934352],[-63.074493983630276,-18.595370223568178],[-63.078858389383342,-18.596946722322908],[-63.083674159282999,-18.598235962731337],[-63.089543252174714,-18.599381101749891],[-63.093908211925054,-18.60153116883011],[-63.097672593083665,-18.605833639125727],[-63.100082886097077,-18.610280235079063],[-63.100988672798273,-18.615158048513187],[-63.099843598330139,-18.61937612567845],[-63.098137539182368,-18.624811631385263],[-63.101914846225135,-18.63291358333451],[-63.106941907449766,-18.649291263583656],[-63.10746794001772,-18.653223804113217],[-63.10876905219866,-18.654049540751416],[-63.111097672245982,-18.655527326953841],[-63.113658881645769,-18.658969281850847],[-63.116672864239824,-18.66398918237088],[-63.121494993713291,-18.671160045614954],[-63.125416373302194,-18.681200945167241],[-63.128129887504876,-18.686077368971272],[-63.136569732550413,-18.697262697178804],[-63.138832525089875,-18.702627105933683],[-63.139889433497466,-18.70621326530307],[-63.156769025867121,-18.72341721175421],[-63.166563742484627,-18.730295668695895],[-63.168887450511463,-18.734942247574704],[-63.169005823926938,-18.735881998192774],[-63.178014512524946,-18.743902968471012],[-63.179375162297468,-18.75223519820954],[-63.179447387479826,-18.752293133604219],[-63.179449495270696,-18.752309483390224],[-63.179384633443092,-18.752293193785391],[-63.182130203805414,-18.773100612619597],[-63.182230606568467,-18.807191414610511],[-63.18229355658427,-18.807227815837873],[-63.190499654038639,-18.811972722862574],[-63.192432636570629,-18.813090314697977],[-63.183759443982218,-18.818066148724331],[-63.18852547992865,-18.855312776529633],[-63.182667379267315,-18.855289714963543],[-63.182667463510271,-18.855290025073607],[-63.182604587049269,-18.855289776548378],[-63.193058907197567,-18.893764312481576],[-63.193094623369731,-18.893764473312132],[-63.193128857988164,-18.893890220611517],[-63.19313859545484,-18.893925987325186],[-63.193128371977039,-18.894008748473631],[-63.193127428401347,-18.894016412560649],[-63.191038993155431,-18.910923149708239],[-63.185771846203885,-18.960310851480152],[-63.219631173708983,-18.961354192785855],[-63.221246188636229,-18.996497717844907],[-63.193911878472278,-18.995469790376561],[-63.166577864941743,-18.994437822172848],[-63.139244154926935,-18.993401813930049],[-63.11191075530936,-18.992361766348825],[-63.111910601067123,-18.992364194352415],[-63.111847911676477,-18.992361804338177],[-63.111637830540282,-18.995668712758373],[-63.111558260467319,-18.996976760075679],[-63.111402470924794,-18.998021220517099],[-63.111004506982027,-19.000911816566568],[-63.111004378894435,-19.000912746910259],[-63.110875157701678,-19.000910907744267],[-63.110812442636345,-19.000910015107262],[-63.11071754087606,-19.001579971233916],[-63.110182492840785,-19.008445077135086],[-63.110253901841944,-19.025790429124058],[-63.11025448082308,-19.025803804496814],[-63.110270689360853,-19.026000951101935],[-63.108783905160841,-19.034544222771782],[-63.108783441263824,-19.034546888252009],[-63.10860761202688,-19.034539481223547],[-63.108545200357845,-19.034536852012842],[-63.10837908262009,-19.03552585341308],[-63.107960438928608,-19.038018239688366],[-63.107766527077985,-19.039458962854603],[-63.104933533588053,-19.053533976554309],[-63.104725826542627,-19.054565822118956],[-63.098203378102447,-19.087840702771917],[-63.091678355025927,-19.121115244155064],[-63.056741224409336,-19.119022252110902],[-63.056741434058459,-19.119026050922642],[-63.056678332969206,-19.119022271490454],[-63.061003059867957,-19.197063147670637],[-63.065331978364085,-19.275103247157421],[-63.069665118284426,-19.353142566339624],[-63.074002509543135,-19.431181101608534],[-63.038869265531673,-19.430123114439045],[-63.003736464877846,-19.429058327524928],[-63.003736339872077,-19.429060239087011],[-63.003673455001987,-19.429058328810733],[-63.003244927026913,-19.436574473366765],[-63.002634676294413,-19.445904895952808],[-62.979852136659424,-19.445875956160361],[-62.957069608350231,-19.44584415547439],[-62.934287095387326,-19.445809493911113],[-62.911504601791258,-19.44577197148897],[-62.888722131582512,-19.445731588228487],[-62.865939688781552,-19.445688344152416],[-62.843157277408793,-19.445642239285622],[-62.820374901484662,-19.445593273655167],[-62.79759256502949,-19.445541447290243],[-62.77481027206359,-19.44548676022222],[-62.752028026607242,-19.445429212484644],[-62.729245832680647,-19.44536880411318],[-62.706463694303956,-19.445305535145696],[-62.683681615497257,-19.445239405622189],[-62.660899600280601,-19.44517041558484],[-62.638117652673948,-19.445098565077974],[-62.615335776697165,-19.445023854148072],[-62.592553976370077,-19.444946282843812],[-62.569772255712437,-19.444865851215976],[-62.54699061874387,-19.444782559317563],[-62.524209069483945,-19.444696407203679],[-62.501427611952117,-19.444607394931637],[-62.478646250167785,-19.444515522560877],[-62.455864988150196,-19.444420790153007],[-62.433083829918544,-19.444323197771812],[-62.410302779491865,-19.444222745483199],[-62.387521840889121,-19.444119433355286],[-62.364741018129131,-19.444013261458295],[-62.341960315230608,-19.443904229864653],[-62.319179736212142,-19.443792338648912],[-62.296399285092185,-19.443677587887812],[-62.273618965889078,-19.443559977660211],[-62.274302081247832,-19.319497777132344],[-62.274980786636249,-19.195433868626882],[-62.292801237323133,-19.171275598851082],[-62.310616430724373,-19.147115370313198],[-62.328426376618587,-19.122953190098283],[-62.346231084779298,-19.098789065288297],[-62.364030564974925,-19.074623002962149],[-62.38182482696881,-19.050455010195677],[-62.399613880519169,-19.026285094061603],[-62.417397735379161,-19.002113261629621],[-62.417261797619901,-18.812903395472048],[-62.402402469159988,-18.812791591415685],[-62.388646615024243,-18.794997594442226],[-62.374893624489658,-18.777202632706132],[-62.361143493561762,-18.759406709326797],[-62.347396218247546,-18.74160982742265],[-62.333439495214641,-18.723479840660719],[-62.319485717369979,-18.705348872085331],[-62.305534880505235,-18.6872169249691],[-62.291586980413719,-18.669084002583631],[-62.277642012890361,-18.650950108199439],[-62.26369997373174,-18.632815245086046],[-62.249760858736039,-18.614679416511947],[-62.235824663703056,-18.596542625744579],[-62.221891384434237,-18.578404876050364],[-62.207961016732632,-18.560266170694689],[-62.194033556402935,-18.542126512941902],[-62.180108999251459,-18.523985906055369],[-62.166187341086129,-18.50584435329738],[-62.152268577716512,-18.48770185792921],[-62.138352704953796,-18.469558423211136],[-62.124439718610795,-18.451414052402388],[-62.101291078367588,-18.467486001179477],[-62.078138188712664,-18.483554910497318],[-62.054981047253023,-18.499620772470529],[-62.031819651599321,-18.515683579213327],[-62.013105118418039,-18.490837627663677],[-61.994395892067239,-18.465990015210387],[-61.975691961904076,-18.441140749927122],[-61.956993317291584,-18.416289839884058],[-61.938469045753706,-18.4051893746731],[-61.925466223538898,-18.390842766482166],[-61.912465536996905,-18.376495358745736],[-61.899466983889454,-18.36214715370981],[-61.886470561978712,-18.347798153619856],[-61.8734762690273,-18.333448360720851],[-61.860484102798303,-18.319097777257234],[-61.847494061055244,-18.304746405472965],[-61.834506141562102,-18.290394247611474],[-61.821520342083339,-18.276041305915687],[-61.808536660383844,-18.261687582628014],[-61.795555094228988,-18.247333079990355],[-61.782575641384575,-18.232977800244122],[-61.769598299616874,-18.218621745630191],[-61.756623066692647,-18.20426491838894],[-61.743649940379072,-18.189907320760234],[-61.730678918443814,-18.175548954983451]]]},"properties":{"FID":5,"Clase":"Zona Bajo Isoso","SUP_HA":1364380.7456}},{"type":"Feature","id":6,"geometry":{"type":"Polygon","coordinates":[[[-60.791023879948057,-18.459614341628541],[-60.794023730510716,-18.457637679435326],[-60.797447281366878,-18.455667236054055],[-60.798738599007102,-18.454473457084315],[-60.801731541877125,-18.452900969104402],[-60.803917389076226,-18.448889436098568],[-60.806526810663733,-18.444884191152489],[-60.807871803440946,-18.440455379012469],[-60.810010387669195,-18.439274271490376],[-60.811752154138546,-18.436469324699544],[-60.813904014158872,-18.434479430781053],[-60.817320191473634,-18.432913151720498],[-60.820319386430519,-18.43093598860494],[-60.822901508198008,-18.428548033165157],[-60.824616148416425,-18.427360430739185],[-60.827198255794819,-18.424972424038124],[-60.828919517721523,-18.42338035781723],[-60.832792327603777,-18.419798287960571],[-60.833659640979576,-18.418597844115148],[-60.837068764012187,-18.41743550274624],[-60.838346298642705,-18.417050234080996],[-60.840517699132469,-18.413846881328464],[-60.841828456517973,-18.411439644423965],[-60.842311869996749,-18.407806619879555],[-60.842358310087889,-18.404975904814108],[-60.84495975199092,-18.401374471654506],[-60.84626369881061,-18.399371625699935],[-60.84842817092327,-18.396572564971859],[-60.850592453279035,-18.393773470069561],[-60.851035971913312,-18.392566686756968],[-60.861787030309031,-18.3699761964271],[-60.872535024899506,-18.347384761930932],[-60.883279961368302,-18.32479238571015],[-60.894021845395109,-18.302199070205312],[-60.89414286677188,-18.302180975486589],[-60.917238463408822,-18.298726299226828],[-60.940333442566988,-18.295268734573629],[-60.963427800376166,-18.291808283143972],[-60.986521532967373,-18.288344946557007],[-61.009614636472932,-18.284878726434098],[-61.03270710702639,-18.28140962439879],[-61.0557989407626,-18.277937642076797],[-61.078890133817666,-18.274462781096034],[-61.101980682328993,-18.270985043086576],[-61.125070582435242,-18.267504429680692],[-61.148159830276356,-18.264020942512815],[-61.171248421993589,-18.260534583219538],[-61.194336353729454,-18.257045353439644],[-61.217423621627781,-18.253553254814079],[-61.240510221833702,-18.250058288985944],[-61.263596150493633,-18.246560457600506],[-61.288496887423634,-18.243500798123154],[-61.311047908850632,-18.24010147088169],[-61.333598284276178,-18.23669941423152],[-61.356148010108804,-18.233294629703675],[-61.378697082758322,-18.229887118831108],[-61.401245498635667,-18.226476883148759],[-61.423793254153004,-18.223063924193522],[-61.446340345723662,-18.219648243504235],[-61.468886769762207,-18.216229842621686],[-61.491432522684384,-18.212808723088621],[-61.513977600907175,-18.209384886449747],[-61.536522000848741,-18.20595833425169],[-61.559065718928466,-18.202529068043031],[-61.581608751566939,-18.199097089374302],[-61.604151095185998,-18.195662399797968],[-61.626692746208668,-18.192225000868419],[-61.64923370105921,-18.188784894142003],[-61.669595178688503,-18.185478383662414],[-61.689956036529431,-18.1821696629444],[-61.710316271976147,-18.178858733214028],[-61.730675882423725,-18.175545595698633],[-61.743647093652264,-18.189904171625084],[-61.756620409320192,-18.204261979381467],[-61.769595831659949,-18.218619016728308],[-61.782573362904436,-18.232975281425652],[-61.795553005287005,-18.247330771233017],[-61.8085347610415,-18.261685483909414],[-61.821518632402174,-18.276039417213369],[-61.834504621603799,-18.290392568902856],[-61.847492730881541,-18.304744936735371],[-61.860482962471067,-18.319096518467898],[-61.873475318608499,-18.33344731185689],[-61.886469801530374,-18.347797314658308],[-61.899466413473739,-18.362146524627612],[-61.912465156676078,-18.376494939519716],[-61.925466033375294,-18.390842557089062],[-61.938469045809761,-18.405189375089549],[-61.956993317287697,-18.416289840203937],[-61.97569196171542,-18.441140750371943],[-61.994395891693785,-18.465990015780168],[-62.013105117859737,-18.490837628358456],[-62.03181965085615,-18.515683580033144],[-62.054981046697598,-18.499620773113978],[-62.078138188344873,-18.483554910964358],[-62.101291078187366,-18.467486001470057],[-62.124439718618056,-18.451414052516458],[-62.13835270496763,-18.469558423368603],[-62.152268577736905,-18.487701858130063],[-62.166187341113101,-18.505844353541622],[-62.180108999285011,-18.523985906343004],[-62.194033556443081,-18.542126513272933],[-62.207961016779372,-18.560266171069109],[-62.221891384487591,-18.57840487646817],[-62.235824663763033,-18.596542626205782],[-62.249760858802638,-18.614679417016546],[-62.263699973804982,-18.632815245634028],[-62.277642012970247,-18.650950108790809],[-62.291586980500242,-18.669084003218384],[-62.305534880598408,-18.687216925647242],[-62.319485717469831,-18.705348872806859],[-62.33343949532118,-18.723479841425622],[-62.347396218360764,-18.741609828230942],[-62.36114349358143,-18.759406710018698],[-62.374893624415741,-18.777202633281661],[-62.388646614856704,-18.794997594901396],[-62.402402468898785,-18.812791591758504],[-62.417261797993532,-18.812903395475285],[-62.417397735017396,-19.002113261717632],[-62.399613880183708,-19.026285094237071],[-62.381824826659646,-19.050455010458609],[-62.364030564692072,-19.074623003312553],[-62.346231084522714,-19.098789065726162],[-62.328426376388279,-19.122953190623623],[-62.310616430520327,-19.147115370926016],[-62.292801237145326,-19.171275599551386],[-62.274980786484662,-19.195433869414664],[-62.274302081085452,-19.319497777525797],[-62.27361896571589,-19.443559977659334],[-62.272989861098644,-19.557107033775861],[-62.295044901145118,-19.557386924933173],[-62.31710011022183,-19.557664124045768],[-62.339155484680298,-19.557938630967865],[-62.361211020871835,-19.558210445555559],[-62.36133534405085,-19.59336293435187],[-62.351093985998588,-19.594495709609259],[-62.34640831399247,-19.594055229764972],[-62.34603684461846,-19.636878861751264],[-62.34565406970853,-19.771306989753135],[-62.345267068727843,-19.905733093963175],[-62.344928126876226,-20.010102680074628],[-62.366289885934911,-20.010167399272031],[-62.387651740356944,-20.010229542619872],[-62.40901368681007,-20.01028911007382],[-62.430375721961987,-20.010346101591256],[-62.429394787574985,-20.129254684795935],[-62.428409923579039,-20.248161631853783],[-62.428389865100122,-20.250583878443191],[-62.404001832830588,-20.25050762069386],[-62.379613920512099,-20.250427972280541],[-62.355226133114869,-20.250344933273482],[-62.33083847560895,-20.250258503745844],[-62.306450952964255,-20.250168683773687],[-62.282063570150555,-20.250075473436031],[-62.257676332137414,-20.249978872814797],[-62.233289243894284,-20.249878881994825],[-62.208902310390414,-20.249775501063887],[-62.184515536594894,-20.249668730112674],[-62.160128927476599,-20.249558569234797],[-62.135742488004233,-20.249445018526771],[-62.111356223146302,-20.249328078088077],[-62.086970137871127,-20.249207748021071],[-62.062584237146794,-20.249084028431049],[-62.038198525941198,-20.248956919426231],[-62.023853715832864,-20.229165866390435],[-62.009512475036964,-20.209373746793538],[-61.995174798072973,-20.189580564413514],[-61.980840679463157,-20.169786323026848],[-61.966510113732539,-20.149991026408582],[-61.952183095408976,-20.13019467833227],[-61.93785961902303,-20.110397282570027],[-61.923539679108117,-20.090598842892504],[-61.922536111111079,-20.089213888888914],[-61.921858701032285,-20.087569199421857],[-61.91278234422974,-20.065566544560323],[-61.901010450384,-20.037061598414329],[-61.889242574576642,-20.008555978522679],[-61.877478706439078,-19.980049688622763],[-61.865718835612931,-19.951542732449838],[-61.854601479088686,-19.924576518310836],[-61.843487680251364,-19.897609714823375],[-61.832377430360665,-19.870642325142104],[-61.821270720684382,-19.843674352419946],[-61.815844008993778,-19.830476952948953],[-61.802880788750905,-19.798961099166],[-61.789922367623163,-19.767444461792429],[-61.781230655670178,-19.746309215597751],[-61.771014362981759,-19.721470557488072],[-61.760801032841364,-19.696631419404405],[-61.749900201959626,-19.670128712992366],[-61.739002729991952,-19.643625465242938],[-61.735211111007537,-19.634405555913464],[-61.732320582828592,-19.633959570777488],[-61.732316887328892,-19.633950605698299],[-61.701445491025865,-19.629139710169618],[-61.670576261877628,-19.624323620450486],[-61.639709209026115,-19.619502340863313],[-61.60884434160748,-19.614675875737063],[-61.577981668752095,-19.609844229407226],[-61.547121199584552,-19.605007406215869],[-61.516262943223623,-19.600165410511529],[-61.485406908782252,-19.595318246649281],[-61.454553105367587,-19.590465918990681],[-61.423701542080892,-19.58560843190379],[-61.392852228017595,-19.580745789763117],[-61.362005172267253,-19.57587799694965],[-61.331160383913513,-19.571005057850844],[-61.300317872034164,-19.566126976860566],[-61.269477645701066,-19.561243758379121],[-61.238639713980156,-19.556355406813239],[-61.213928642613077,-19.552749770673394],[-61.189218960486571,-19.549140835780914],[-61.161654409005919,-19.54468097838528],[-61.13409174298085,-19.540217032568794],[-61.106530968848084,-19.53574900155489],[-61.078972093040498,-19.531276888571028],[-61.049290251583535,-19.526647380916692],[-61.019610558879137,-19.522013139365441],[-60.989933023015283,-19.517374167811063],[-60.960257652074873,-19.512730470152835],[-60.930584454135747,-19.508082050295457],[-60.900913437270567,-19.503428912149062],[-60.871244609546906,-19.498771059629238],[-60.841577979027193,-19.49410849665696],[-60.811913553768704,-19.489441227158629],[-60.782251341823581,-19.484769255066034],[-60.75259135123877,-19.480092584316353],[-60.722933590056051,-19.475411218852141],[-60.693278066312018,-19.470725162621331],[-60.663624788038078,-19.466034419577202],[-60.633973763260407,-19.461338993678403],[-60.604324999999982,-19.456638888888893],[-60.574036587239021,-19.448852023958533],[-60.543751631667938,-19.441060400141776],[-60.513470140470936,-19.433264024188222],[-60.483192120824022,-19.425462902852207],[-60.45291757989505,-19.417657042892756],[-60.422646524843692,-19.409846451073598],[-60.392378962821418,-19.402031134163103],[-60.362114900971484,-19.394211098934331],[-60.331854346428997,-19.386386352164962],[-60.301597306320843,-19.378556900637282],[-60.271343787765709,-19.37072275113821],[-60.241093797874079,-19.362883910459242],[-60.210847343748227,-19.35504038539645],[-60.180604432482212,-19.347192182750458],[-60.150365071161886,-19.339339309326437],[-60.120129266864886,-19.331481771934076],[-60.120097645473372,-19.326990469397767],[-60.119976521299328,-19.324580139761629],[-60.118315020221985,-19.3225287043362],[-60.116653636955725,-19.32047727880331],[-60.118405260894008,-19.318084104597691],[-60.119322110726792,-19.31486725751785],[-60.118520141191524,-19.312427382417695],[-60.118995000318989,-19.31001084562395],[-60.119052383360774,-19.307182442715487],[-60.121196707062339,-19.306413221093241],[-60.123365552578143,-19.304431843754497],[-60.125108843398351,-19.302442654904539],[-60.126009152000726,-19.300033878360725],[-60.127752262956498,-19.298044652638559],[-60.129937390697989,-19.295255106737692],[-60.129552689504976,-19.293226954760065],[-60.127449554753113,-19.291975922250966],[-60.125428256508755,-19.286684203413191],[-60.125469150480839,-19.284663915107519],[-60.125935685483455,-19.282651326797232],[-60.125551022061984,-19.280623247664728],[-60.124732759509186,-19.27899139183921],[-60.126025720210798,-19.278206587663796],[-60.126099372887715,-19.274569983817624],[-60.124446487315474,-19.272114416447092],[-60.12626318259975,-19.266488560798376],[-60.124201162153881,-19.263217076307001],[-60.122106615927514,-19.26156185429608],[-60.119169193603327,-19.259486967249678],[-60.116314015179611,-19.253371231996717],[-60.117246981762769,-19.24934609314759],[-60.118130678987598,-19.247745364656801],[-60.118171683576278,-19.245724916271797],[-60.118638107962269,-19.24371233605541],[-60.121657198620753,-19.241746435149828],[-60.121698129465074,-19.239725960684488],[-60.121739170026608,-19.237705597735097],[-60.123048174633539,-19.236112614205759],[-60.121412113578103,-19.232848725388294],[-60.124480019437314,-19.228458286420736],[-60.125797172801221,-19.226461198825231],[-60.128807754074558,-19.224899216725415],[-60.132660815744018,-19.223756834909981],[-60.135245917864772,-19.222187068278522],[-60.138665365114498,-19.22144089178369],[-60.148308786421275,-19.20746786435037],[-60.151736082054526,-19.206317389535833],[-60.153871013236653,-19.205951876278057],[-60.155179540303486,-19.204358678710019],[-60.157314443606658,-19.203993120486082],[-60.160283779272937,-19.204451240532268],[-60.161584231327204,-19.203261981555155],[-60.164970857818773,-19.204131810334722],[-60.167522944028569,-19.204177962642799],[-60.169682110141245,-19.202600049952313],[-60.171849275723446,-19.200618017007827],[-60.174875218316615,-19.198247144190272],[-60.175798637696907,-19.194625557223624],[-60.176288532589709,-19.191400424689789],[-60.178905078606469,-19.188213609570369],[-60.181513490255313,-19.185430855349637],[-60.18281364103666,-19.184241515433509],[-60.184547104964892,-19.182655766050754],[-60.185060995568428,-19.178218170232309],[-60.188078408991323,-19.176251279173091],[-60.191905972182845,-19.176320031444273],[-60.194457784998733,-19.176365940036078],[-60.194923282183694,-19.174353012681372],[-60.196656529375254,-19.1727671185077],[-60.198333609408479,-19.174009932112632],[-60.202153197412088,-19.174482750678351],[-60.206863449688392,-19.172950063094898],[-60.208580569337741,-19.172172262839613],[-60.209069922838658,-19.168946949542001],[-60.208724701883447,-19.164898216079735],[-60.211292350861221,-19.164135643145357],[-60.213851941913568,-19.163777153592701],[-60.216435526878001,-19.162206274499916],[-60.217759222809818,-19.159804293233485],[-60.216980608668102,-19.156152044780953],[-60.218304332478908,-19.15375012646712],[-60.222163398022346,-19.152201919283129],[-60.222620542304121,-19.150593066316908],[-60.22436937384748,-19.14819860787939],[-60.225259699975112,-19.146193225836679],[-60.226984559189972,-19.145011079597623],[-60.229126607606815,-19.144240713138341],[-60.230859313406548,-19.14265448621552],[-60.235512857132612,-19.143950032467934],[-60.236387189716964,-19.142752820786018],[-60.237702565121239,-19.140754842861639],[-60.238568896437357,-19.139961637219741],[-60.23860860690165,-19.137941030554089],[-60.239916043990192,-19.136347143206017],[-60.241199587890598,-19.135965697558849],[-60.242498948167913,-19.134775918773588],[-60.243381133632383,-19.133174526583112],[-60.245097786533549,-19.132396401672572],[-60.246846170214532,-19.130001754377407],[-60.245169145939307,-19.128759205173143],[-60.245626095068189,-19.127150256878799],[-60.247720264478573,-19.128804466253094],[-60.249429012339021,-19.128430393247982],[-60.250752020289447,-19.126028259096813],[-60.251280103993558,-19.120782070236285],[-60.251311791605858,-19.119165464214753],[-60.251800300643318,-19.115939993535832],[-60.253981453381286,-19.113148636400403],[-60.254446158263526,-19.111135435651764],[-60.253643342466255,-19.108695636094662],[-60.254108031160662,-19.106682433547409],[-60.255824452036784,-19.105904241187723],[-60.257139337310534,-19.103906051922692],[-60.258879415752396,-19.10191544034523],[-60.25732110918181,-19.094610823830404],[-60.258635985462313,-19.092612609384375],[-60.257408057435825,-19.090165220448522],[-60.256203882303261,-19.086505369127451],[-60.254149587033794,-19.082830493732274],[-60.255472273026953,-19.080428152737003],[-60.257204183825976,-19.078841665910097],[-60.257235847156601,-19.077225046398709],[-60.256866028844108,-19.074388471350805],[-60.259463817700954,-19.072008670963324],[-60.25823598770063,-19.069561225370197],[-60.257417574961089,-19.067929625851477],[-60.257456998541613,-19.065908878891598],[-60.259228313136056,-19.06230150930719],[-60.260527105941136,-19.061111583033085],[-60.261416700020654,-19.059105826872393],[-60.262754869641476,-19.0558950484177],[-60.262810137477807,-19.053065929648877],[-60.263691695215535,-19.051464369285135],[-60.264565364100221,-19.050266835645917],[-60.265439115722586,-19.049069391039463],[-60.268878560297246,-19.04710848047193],[-60.270610068200035,-19.045521785901652],[-60.270649482787334,-19.04350103264645],[-60.268548072035834,-19.042251136880388],[-60.265628261135291,-19.039369548965464],[-60.265234831122534,-19.037745376048239],[-60.263605836939803,-19.034077916462646],[-60.266604305244471,-19.0329178935459],[-60.269602853588758,-19.031757818468524],[-60.271342101956414,-19.029766891228956],[-60.270964283275006,-19.027334427441801],[-60.273970526218768,-19.02577013318507],[-60.275701838968651,-19.0241833738636],[-60.275748987725528,-19.021758364556803],[-60.271530943398261,-19.020066890874258],[-60.269461327278414,-19.017200318939505],[-60.26992559958672,-19.015186913145499],[-60.270020115635766,-19.010336821686902],[-60.270051529854179,-19.008720190484393],[-60.268855530458325,-19.00465593562291],[-60.269768316254741,-19.001437558796244],[-60.270216854024547,-19.000232497831465],[-60.270712568430277,-18.996602355614169],[-60.269894269005249,-18.994970643680237],[-60.268194758081556,-18.994940754711973],[-60.266046630247729,-18.996115807098768],[-60.263906385870982,-18.996886703258689],[-60.261789782872128,-18.996444967061525],[-60.260113838682685,-18.995202433145721],[-60.259744157067132,-18.992365657548984],[-60.260641314445074,-18.989955611162479],[-60.260680746119462,-18.987934677143546],[-60.258603716887983,-18.985472081571281],[-60.258666923939352,-18.982238659986134],[-60.259571861352306,-18.979424371937135],[-60.2592180779519,-18.975779176867487],[-60.260996352399729,-18.971767400145382],[-60.262743012080307,-18.969372240236648],[-60.264505454862771,-18.966168798451235],[-60.262853469511981,-18.963713620487137],[-60.262475989874979,-18.961280994822008],[-60.26378981035144,-18.95928258342445],[-60.265481193202433,-18.959716785101481],[-60.267148953561332,-18.961363475244113],[-60.269304518788481,-18.959784218067167],[-60.268942677462583,-18.956543127063608],[-60.267267128974744,-18.955300587751868],[-60.266881676847845,-18.95327220464851],[-60.26608722294695,-18.950427813592682],[-60.265725438278302,-18.947186816118624],[-60.266244749095854,-18.942343972296452],[-60.267582074253326,-18.939132817025818],[-60.26851036346244,-18.935105847157054],[-60.267708026104437,-18.932665615026057],[-60.269053212235917,-18.929050301729994],[-60.268266692154093,-18.925801698689384],[-60.268777965730521,-18.92136295443672],[-60.269234222381435,-18.919753655406858],[-60.271601626513814,-18.907260681834938],[-60.27167239956156,-18.903622786562288],[-60.270901636501272,-18.899565741565649],[-60.271404985251806,-18.895531098681211],[-60.271908296230812,-18.891496467487919],[-60.272427330057212,-18.886653356567059],[-60.274636995800684,-18.882244450021293],[-60.276398375584499,-18.879040544185735],[-60.279465041278563,-18.874242276160064],[-60.281241934367742,-18.870229912180658],[-60.283466974021621,-18.86501237482122],[-60.284378829919028,-18.861793500669485],[-60.286155536848526,-18.857781054851728],[-60.287947885686314,-18.852960185064426],[-60.290156782509484,-18.848550882816944],[-60.293238233057984,-18.842943785227455],[-60.294142027432585,-18.840129056510708],[-60.295493841567534,-18.836109031206739],[-60.298119117303365,-18.832111328874685],[-60.30119224462635,-18.826908260707636],[-60.302119230717878,-18.822880742252377],[-60.305593247929991,-18.818897706064259],[-60.30776250353663,-18.816509395392238],[-60.309082702005064,-18.814106190148479],[-60.311691851098018,-18.810916713035855],[-60.313428666799467,-18.808925086123779],[-60.315180954437423,-18.806124945309929],[-60.317789951544952,-18.80293544481486],[-60.320375564480663,-18.800958544301356],[-60.323408843743096,-18.797776221295496],[-60.328579723375476,-18.793822293463993],[-60.331620528164827,-18.790235622675823],[-60.332500315137409,-18.788633357243611],[-60.333403337893678,-18.785818311066162],[-60.336837388334743,-18.783855966079866],[-60.339900931582697,-18.779056329286107],[-60.341220531102586,-18.776652890218656],[-60.343805468647425,-18.774675668647156],[-60.34812653661033,-18.770706459535468],[-60.350302400435382,-18.767913327138274],[-60.351243488795916,-18.763076917066034],[-60.353419268084721,-18.760283710924455],[-60.353966548717203,-18.753822847346502],[-60.355740769021224,-18.749809450046005],[-60.358780410087832,-18.746222341288],[-60.361781497218253,-18.744656409365753],[-60.364411793869131,-18.740253296252554],[-60.367003769508301,-18.737871475088468],[-60.367496999087216,-18.734240367898625],[-60.36756590784033,-18.730601938428677],[-60.369725700780407,-18.728617001573298],[-60.368120278727801,-18.72373665512249],[-60.368158510706671,-18.721715303818122],[-60.369538579741622,-18.716077283939466],[-60.370432985194036,-18.713666277076943],[-60.380542180677075,-18.695236798639293],[-60.381489768438009,-18.689995670263958],[-60.382074039984879,-18.681512962553136],[-60.383445723741062,-18.676279089908],[-60.384763926613843,-18.673875130133133],[-60.385703758621489,-18.669038141796772],[-60.386234498922903,-18.66338531458058],[-60.38674993815907,-18.658541139761702],[-60.389825513436669,-18.652931710230185],[-60.39201463866457,-18.649329337279024],[-60.393408596829268,-18.64288227199922],[-60.394370749110749,-18.636832322153907],[-60.39534040443607,-18.630377984056693],[-60.396287288927219,-18.625136486959271],[-60.397241683656716,-18.619490695139405],[-60.399028996291129,-18.614667969151391],[-60.399112357149519,-18.61022065525902],[-60.398302239756511,-18.608184605435163],[-60.399264057490193,-18.602134401980997],[-60.396788166340727,-18.598452256466441],[-60.39728801672856,-18.594416361725663],[-60.399574929739188,-18.585557571025031],[-60.402232440774462,-18.579536225916051],[-60.404428102275062,-18.575529145453633],[-60.405382029357149,-18.569883129702653],[-60.405457690220182,-18.565839967540395],[-60.407251837702105,-18.560612575410016],[-60.409023196363364,-18.556598213136969],[-60.410817102826968,-18.551370849784867],[-60.424412617348381,-18.549983677005066],[-60.433768814079492,-18.548524154665987],[-60.448211814623491,-18.547149791829369],[-60.471995467117075,-18.545121897057854],[-60.483894440276174,-18.543702614883721],[-60.497912852895787,-18.542317803723627],[-60.507677304064309,-18.541670641686704],[-60.511930976833071,-18.540932086946185],[-60.521695290405262,-18.5402842926859],[-60.538687752937392,-18.538541352601236],[-60.547611333496185,-18.537474065075976],[-60.553129140997044,-18.537159831161272],[-60.558230414002381,-18.53643415741039],[-60.56629874019464,-18.53575662976456],[-60.578620453171304,-18.534338823377926],[-60.582011532206408,-18.53439383310889],[-60.589663065797829,-18.53330416145787],[-60.593909036772565,-18.532968313237006],[-60.601553352405219,-18.532282583774176],[-60.611324077244312,-18.531226307548028],[-60.618537127486363,-18.530937512755937],[-60.620232635527657,-18.530964672281762],[-60.62830058940061,-18.530284783915587],[-60.636361448521981,-18.530008920475275],[-60.649522900761198,-18.529004864283035],[-60.66225331693699,-18.528397642037525],[-60.670737821493212,-18.528127163737562],[-60.682627397636224,-18.527101005806749],[-60.692397365246158,-18.526040992897443],[-60.692897822676336,-18.521599799790874],[-60.6925366549426,-18.517954119087278],[-60.694746348565104,-18.512730804482999],[-60.695649731050189,-18.509509253948874],[-60.698290065933747,-18.503888176398149],[-60.700881616193591,-18.501097559404798],[-60.703063150244141,-18.497491439877994],[-60.708225057340485,-18.493122947965581],[-60.710371776835984,-18.49153864109536],[-60.723606066966397,-18.486082030661137],[-60.72700320653275,-18.485730298614325],[-60.731247996697682,-18.485391570764286],[-60.736347162591414,-18.484661637824281],[-60.740598647309689,-18.483918376931506],[-60.743161918387791,-18.482744561112558],[-60.744050587964232,-18.480331531674754],[-60.745779942890017,-18.478335882994553],[-60.748787392723933,-18.475955452182337],[-60.750940444345986,-18.473966225560833],[-60.753086586476726,-18.472381454640363],[-60.756927677270426,-18.470822599483309],[-60.760782323545357,-18.468455048761427],[-60.762928294804915,-18.466870148338622],[-60.765928573444839,-18.464893794612848],[-60.767637194500885,-18.464111024703982],[-60.770200012320664,-18.462936863545369],[-60.773596691434136,-18.462584327504644],[-60.776562865983465,-18.462629736073442],[-60.779952728235813,-18.462681486661179],[-60.784230709679477,-18.460319903840432],[-60.786773075117296,-18.460358639439615],[-60.791023879948057,-18.459614341628541]]]},"properties":{"FID":6,"Clase":"Parque Nacional Kaa Iya del Gran Chaco","SUP_HA":3173246.0469900002}},{"type":"Feature","id":7,"geometry":{"type":"Polygon","coordinates":[[[-59.080379835171101,-19.28776406794605],[-59.069203048654273,-19.251832087851767],[-59.058029744855595,-19.215900177948473],[-59.046859908503883,-19.179968342655258],[-59.035693524346009,-19.144036586389237],[-59.024530577146855,-19.108104913565523],[-59.013371051689234,-19.072173328597291],[-59.002214932773832,-19.036241835895755],[-58.991062205219201,-19.000310439870191],[-59.016013788709294,-19.000254181004639],[-59.040966035160451,-19.000194538927762],[-59.065918939325726,-19.00013151349199],[-59.090872495957477,-19.000065104552803],[-59.115826699807457,-18.999995311968753],[-59.14078154562678,-18.999922135601469],[-59.165737028165921,-18.999845575315636],[-59.190693142174737,-18.99976563097902],[-59.209999511754368,-18.999938118179159],[-59.229306308440329,-19.00010858952669],[-59.248613529804992,-19.000277044883518],[-59.267921173420518,-19.000443484112655],[-59.287229236858742,-19.000607907078173],[-59.306537717691242,-19.000770313645273],[-59.325846613489325,-19.000930703680218],[-59.345155921824045,-19.00108907705037],[-59.364465640266118,-19.001245433624177],[-59.383775766386087,-19.001399773271189],[-59.40308629775415,-19.001552095862024],[-59.422397231940288,-19.001702401268417],[-59.441708566514208,-19.001850689363192],[-59.46102029904533,-19.00199696002025],[-59.480332427102866,-19.002141213114584],[-59.499644948255707,-19.002283448522299],[-59.499769356756318,-19.074597648882836],[-59.499888324166399,-19.146911406211],[-59.500001846404075,-19.219224718261586],[-59.500109919337255,-19.291537582793158],[-59.474610303168191,-19.291336713940844],[-59.449111376252127,-19.291132282881769],[-59.42361314420021,-19.290924289911462],[-59.398115612622789,-19.290712735328846],[-59.372618787129426,-19.290497619436159],[-59.347122673328862,-19.290278942539057],[-59.321627276829027,-19.290056704946483],[-59.296132603237012,-19.289830906970742],[-59.269163547955948,-19.289586521031314],[-59.242195315111374,-19.289338151588147],[-59.215227911338012,-19.289085799024328],[-59.188261343269467,-19.288829463727129],[-59.161295617538315,-19.288569146088005],[-59.134330740776001,-19.288304846502587],[-59.107366719612919,-19.288036565370739],[-59.080403560678334,-19.287764303096477],[-59.080397847752288,-19.287764247609569],[-59.080379848970551,-19.287764112331342],[-59.080379835171101,-19.28776406794605]]]},"properties":{"FID":7,"Clase":"Parque Nacional  Otuquis","SUP_HA":156604.76444200001}},{"type":"Feature","id":8,"geometry":{"type":"Polygon","coordinates":[[[-59.975485919236206,-18.436592770602207],[-60.002349212300544,-18.432877720254464],[-60.029271646184846,-18.429048771398453],[-60.056193465813593,-18.425215825631064],[-60.08685342357424,-18.420915321685865],[-60.117512592674302,-18.416609643628256],[-60.141787531016853,-18.413084319044749],[-60.166061932348683,-18.409555750214622],[-60.19033579213994,-18.406023938924399],[-60.214609105862181,-18.402488886963365],[-60.238881868988372,-18.398950596123541],[-60.263154076992876,-18.395409068199704],[-60.287425725351461,-18.391864304989365],[-60.311696809541331,-18.38831630829279],[-60.335967325041068,-18.38476507991297],[-60.360237267330703,-18.381210621655626],[-60.384506631891703,-18.37765293532923],[-60.408775414206943,-18.374092022744971],[-60.43304360976073,-18.370527885716776],[-60.457311214038832,-18.366960526061288],[-60.481578222528455,-18.363389945597866],[-60.505844630718251,-18.359816146148606],[-60.530110434098297,-18.356239129538313],[-60.554375628160166,-18.352658897594491],[-60.578640208396905,-18.349075452147375],[-60.602904170302956,-18.345488795029901],[-60.627167509374303,-18.341898928077708],[-60.651430221108356,-18.338305853129139],[-60.675692301004034,-18.33470957202524],[-60.699953744561725,-18.331110086609758],[-60.72421454728331,-18.327507398729111],[-60.748474704672148,-18.323901510232435],[-60.772734212233118,-18.320292422971551],[-60.796993065472556,-18.316680138800951],[-60.821251259898347,-18.313064659577826],[-60.845508791019867,-18.309445987162039],[-60.869765654348001,-18.305824123416137],[-60.894021845395152,-18.302199070205326],[-60.883279961353928,-18.324792385600649],[-60.872535024870743,-18.347384761711901],[-60.861787030265866,-18.369976196098538],[-60.851035971855786,-18.392566686318887],[-60.850592453124456,-18.393773469999836],[-60.848428170416575,-18.396572564683016],[-60.846263699129928,-18.399371625424902],[-60.844959751755134,-18.401374470842558],[-60.842358310350576,-18.404975904577906],[-60.842311870328722,-18.407806619553114],[-60.84182845636326,-18.411439643629762],[-60.840517699104964,-18.413846881297228],[-60.838346298139129,-18.417050233278612],[-60.837068764394772,-18.417435502336389],[-60.833659641291597,-18.418597843842374],[-60.832792327351292,-18.419798287200077],[-60.828919517658527,-18.423380357575823],[-60.827198255482209,-18.424972423947811],[-60.82461614861684,-18.427360430323695],[-60.822901508161692,-18.428548033109688],[-60.820319386167412,-18.430935988052422],[-60.817320191598533,-18.432913151072466],[-60.81390401385007,-18.434479430245549],[-60.811752153662141,-18.436469324175476],[-60.810010387923903,-18.439274270970813],[-60.807871802972706,-18.440455378285094],[-60.806526810986036,-18.444884190574001],[-60.803917389170969,-18.448889435828644],[-60.801731541844809,-18.452900968813946],[-60.798738599169063,-18.45447345695116],[-60.797447281263693,-18.455667235638931],[-60.794023730134377,-18.457637678672228],[-60.791023879891277,-18.459614341457744],[-60.786773074874404,-18.460358638703468],[-60.784230709321214,-18.460319903356446],[-60.77995272839599,-18.462681486551944],[-60.776562866079281,-18.462629735841073],[-60.773596691684595,-18.462584327434431],[-60.770200011897053,-18.462936862701955],[-60.767637194240343,-18.464111023975381],[-60.765928573083706,-18.464893794560673],[-60.762928294751489,-18.466870148135339],[-60.760782323645472,-18.46845504817378],[-60.756927677286022,-18.470822598635134],[-60.75308658661217,-18.472381454470526],[-60.750940444114107,-18.473966224863275],[-60.748787392702091,-18.475955451842442],[-60.745779942525715,-18.478335882877744],[-60.744050588111783,-18.480331531163081],[-60.743161918092596,-18.482744560372183],[-60.740598647690746,-18.483918376065745],[-60.736347162390125,-18.484661637127235],[-60.731247996318267,-18.485391570123443],[-60.727003206616068,-18.485730298327564],[-60.723606066767118,-18.486082029817158],[-60.710371776739841,-18.491538640339986],[-60.708225057088612,-18.493122947663281],[-60.703063149863695,-18.497491439871773],[-60.700881616053834,-18.501097559388398],[-60.698290065557579,-18.503888175756416],[-60.695649731205833,-18.509509253629538],[-60.694746348379226,-18.512730804170495],[-60.692536654919941,-18.517954118259535],[-60.692897823050231,-18.521599798990582],[-60.692397365016362,-18.526040992203257],[-60.68262739776673,-18.527101005531566],[-60.670737821715264,-18.528127163625108],[-60.662253316886201,-18.528397641816554],[-60.649522900431123,-18.5290048636321],[-60.636361448409502,-18.530008920039322],[-60.628300589256746,-18.530284783363445],[-60.620232635035357,-18.530964671450349],[-60.618537127840412,-18.53093751208813],[-60.611324077584534,-18.531226307433911],[-60.60155335275288,-18.53228258338433],[-60.593909036769354,-18.532968312674946],[-60.589663065542965,-18.533304161146894],[-60.582011532167712,-18.534393832432002],[-60.57862045333934,-18.534338822551696],[-60.566298739728083,-18.535756629354179],[-60.558230413582585,-18.536434157340313],[-60.553129140900523,-18.53715983049743],[-60.547611333596805,-18.537474064626593],[-60.538687753124854,-18.538541351812928],[-60.521695290406456,-18.540284292474848],[-60.511930976541031,-18.540932086470242],[-60.50767730380899,-18.541670640945231],[-60.497912852874748,-18.54231780316395],[-60.483894440576726,-18.543702614603994],[-60.471995466985135,-18.545121896459371],[-60.448211814568673,-18.547149791034318],[-60.433768813707623,-18.548524153986378],[-60.424412617635959,-18.549983676567507],[-60.410817102663962,-18.551370848965902],[-60.409023195942538,-18.55659821242859],[-60.407251837255529,-18.560612574637901],[-60.405457690270445,-18.565839966867173],[-60.405382029027727,-18.569883129699683],[-60.404428102373338,-18.575529144738066],[-60.402232440711785,-18.579536225296614],[-60.399574929429896,-18.58555757042113],[-60.397288017047046,-18.594416361623239],[-60.396788166406424,-18.598452255821599],[-60.399264057024496,-18.602134401532474],[-60.398302239355033,-18.608184605380107],[-60.399112356846032,-18.610220655211627],[-60.399028996407893,-18.614667968790663],[-60.39724168370131,-18.619490694335685],[-60.396287288736943,-18.625136486232503],[-60.39534040476579,-18.630377983560354],[-60.394370748926313,-18.63683232167881],[-60.393408596641649,-18.642882271618806],[-60.392014638744278,-18.64932933648214],[-60.389825513447533,-18.652931710026955],[-60.38674993812046,-18.658541139426312],[-60.386234498756991,-18.663385314338594],[-60.385703758887985,-18.669038141426515],[-60.384763926951315,-18.673875129864921],[-60.383445723363884,-18.676279089822728],[-60.382074039996283,-18.681512962041669],[-60.381489768604581,-18.689995669384977],[-60.380542181011656,-18.695236798410082],[-60.370432985048893,-18.713666276924474],[-60.369538579261281,-18.716077283348916],[-60.368158510391858,-18.721715303198327],[-60.368120278629696,-18.723736654610658],[-60.369725700524498,-18.728617000950091],[-60.367565907984556,-18.730601937827913],[-60.367496999113733,-18.734240367742604],[-60.367003769581203,-18.737871474508811],[-60.364411793804642,-18.740253295700626],[-60.361781497004863,-18.744656409030608],[-60.358780410193383,-18.746222341229728],[-60.355740769368417,-18.749809449575359],[-60.353966549077597,-18.753822846646113],[-60.353419268129038,-18.760283710219515],[-60.351243488736287,-18.763076916723236],[-60.350302400074874,-18.767913327140814],[-60.348126536993725,-18.770706459453073],[-60.343805468992805,-18.774675668517084],[-60.341220531424369,-18.776652890084591],[-60.339900931552037,-18.779056329026645],[-60.336837388641634,-18.783855965390188],[-60.33340333801727,-18.785818310289809],[-60.332500315165142,-18.788633357153767],[-60.33162052824639,-18.790235622679059],[-60.328579723563777,-18.793822293325253],[-60.323408843774381,-18.797776220601222],[-60.320375564059169,-18.800958543807514],[-60.317789951668054,-18.802935444101731],[-60.315180954153313,-18.80612494462066],[-60.313428666834973,-18.808925085368823],[-60.311691851465191,-18.810916713002364],[-60.309082702134525,-18.814106189784116],[-60.307762503704438,-18.816509394615213],[-60.305593247510437,-18.818897705631716],[-60.302119230721352,-18.822880741362102],[-60.301192244721271,-18.826908260310187],[-60.298119117450852,-18.832111328512898],[-60.295493841238489,-18.836109031141664],[-60.29414202706009,-18.840129056501766],[-60.293238232627544,-18.842943784438763],[-60.29015678204042,-18.848550882656269],[-60.287947885232477,-18.852960184936776],[-60.28615553693529,-18.857781054244288],[-60.284378829569015,-18.861793500524939],[-60.283466974045091,-18.865012374138352],[-60.281241934456453,-18.870229911355995],[-60.279465041074765,-18.874242276089337],[-60.276398375600209,-18.879040543756673],[-60.274636995710381,-18.882244449280542],[-60.272427329644486,-18.886653356285976],[-60.271908295901639,-18.891496467031246],[-60.271404984980364,-18.895531098032752],[-60.270901636324801,-18.899565741565834],[-60.271672399923034,-18.903622786554351],[-60.271601626019006,-18.907260681007251],[-60.269234222629755,-18.919753655341289],[-60.26877796589433,-18.921362954391586],[-60.268266692309787,-18.925801698248954],[-60.269053212179138,-18.929050301706187],[-60.267708026454187,-18.932665614810073],[-60.26851036341494,-18.935105846861969],[-60.267582074029072,-18.939132816743232],[-60.266244748902693,-18.942343972209862],[-60.26572543817835,-18.947186815247797],[-60.266087222645879,-18.950427812731974],[-60.266881676654215,-18.953272204391418],[-60.26726712876993,-18.955300587660215],[-60.268942677297204,-18.956543126771987],[-60.26930451849266,-18.959784217863689],[-60.267148953149729,-18.961363474731108],[-60.26548119298613,-18.959716784408258],[-60.263789810433266,-18.95928258284864],[-60.262475989920759,-18.961280994101664],[-60.262853469641698,-18.963713620191324],[-60.264505454434946,-18.966168797812983],[-60.262743011690091,-18.969372239487623],[-60.260996352750723,-18.971767399670572],[-60.259218077997879,-18.975779176063611],[-60.259571861335466,-18.979424371284722],[-60.258666923863167,-18.982238659504784],[-60.258603717144801,-18.985472081101857],[-60.260680746300572,-18.98793467703053],[-60.260641314410051,-18.989955610365676],[-60.259744156790795,-18.992365657452055],[-60.260113838463162,-18.995202433103398],[-60.261789782472306,-18.996444966329893],[-60.263906386080933,-18.996886702365355],[-60.266046630075877,-18.996115806554855],[-60.268194757974705,-18.994940754035753],[-60.269894268919366,-18.994970643585859],[-60.27071256833775,-18.996602354860794],[-60.270216853675386,-19.00023249750026],[-60.269768316181704,-19.001437558721886],[-60.268855530115495,-19.004655935174668],[-60.270051529819611,-19.008720189695548],[-60.270020115385236,-19.010336820974],[-60.26992559945058,-19.015186912455526],[-60.269461327648642,-19.017200318114703],[-60.271530943645232,-19.020066890550392],[-60.275748987635787,-19.021758363923087],[-60.275701839063963,-19.024183373329269],[-60.273970526062818,-19.025770132632669],[-60.270964283225823,-19.027334426893976],[-60.271342102239203,-19.029766890908967],[-60.269602853181638,-19.031757817864765],[-60.266604304818927,-19.032917893159308],[-60.263605836994337,-19.034077916072654],[-60.265234831506682,-19.037745375254438],[-60.265628260966054,-19.039369548827114],[-60.268548071778469,-19.042251136334645],[-60.270649482615511,-19.043501032067141],[-60.270610068016097,-19.045521785367509],[-60.268878560460713,-19.047108479875956],[-60.265439115515939,-19.049069390347789],[-60.264565364191235,-19.050266835480951],[-60.26369169538259,-19.051464368645625],[-60.262810137470225,-19.053065929327275],[-60.26275486991527,-19.055895047996941],[-60.261416700097655,-19.059105826219589],[-60.260527105864774,-19.061111582994187],[-60.259228313126783,-19.062301509281017],[-60.257456998271358,-19.065908878809392],[-60.257417575263027,-19.067929625678886],[-60.258235987922276,-19.069561225273741],[-60.259463817764825,-19.072008670091037],[-60.256866028482683,-19.074388470691179],[-60.257235846788298,-19.07722504602858],[-60.257204183809243,-19.078841665557718],[-60.255472272933361,-19.080428152661021],[-60.254149587188365,-19.082830493706592],[-60.256203882513788,-19.086505368536269],[-60.257408057239125,-19.090165220218026],[-60.258635985610027,-19.092612609248793],[-60.257321108839051,-19.094610823037094],[-60.25887941585367,-19.101915440293556],[-60.257139336938693,-19.103906051706684],[-60.255824452184541,-19.105904240966428],[-60.254108031387624,-19.106682433064691],[-60.253643342200704,-19.10869563557246],[-60.254446158538478,-19.111135434764449],[-60.253981453411413,-19.113148636223535],[-60.251800300697298,-19.11593999271464],[-60.251311791548467,-19.119165464165853],[-60.2512801039001,-19.120782069425044],[-60.250752020007191,-19.126028258442666],[-60.249429012571049,-19.128430393079356],[-60.247720264176728,-19.128804466159185],[-60.245626094825184,-19.127150256572239],[-60.245169145581364,-19.128759204633695],[-60.24684617047744,-19.130001753696469],[-60.245097786207083,-19.132396401243216],[-60.243381133744222,-19.133174525987322],[-60.242498947960108,-19.13477591798566],[-60.241199587915816,-19.13596569714182],[-60.239916044079592,-19.136347142523896],[-60.238608607260808,-19.137941030274451],[-60.238568896293927,-19.139961637017098],[-60.237702565443875,-19.140754842177245],[-60.236387190097943,-19.142752820538533],[-60.235512856699891,-19.143950031868524],[-60.230859312970743,-19.142654485559429],[-60.229126607488944,-19.144240713121121],[-60.226984559060959,-19.14501107888151],[-60.225259699911717,-19.146193225654383],[-60.224369373675984,-19.148198607780714],[-60.222620542148313,-19.15059306573384],[-60.222163397983721,-19.152201918501028],[-60.218304332458459,-19.153750125929417],[-60.216980608178986,-19.156152044289385],[-60.217759222989933,-19.159804293107118],[-60.216435526713738,-19.162206274462115],[-60.213851941411136,-19.163777153586938],[-60.211292350757383,-19.164135642966091],[-60.208724701617243,-19.164898215593023],[-60.209069923079539,-19.168946949038517],[-60.208580568858928,-19.172172262649319],[-60.206863449794241,-19.172950063031038],[-60.202153197179207,-19.174482749873331],[-60.198333609040503,-19.174009932108142],[-60.196656529491548,-19.172767118048281],[-60.194923282008254,-19.174353011974777],[-60.194457784790529,-19.176365939929195],[-60.191905972390913,-19.176320030733077],[-60.188078408759843,-19.176251278478198],[-60.185060995795681,-19.178218169372983],[-60.184547105071871,-19.182655765332715],[-60.182813640583454,-19.184241515219036],[-60.18151349060976,-19.185430855072063],[-60.178905078523016,-19.188213609512289],[-60.176288532750519,-19.191400424061758],[-60.175798637277786,-19.194625556741027],[-60.1748752178977,-19.198247143538406],[-60.171849275441375,-19.200618016534047],[-60.169682109773269,-19.202600049297978],[-60.167522943664473,-19.204177962054885],[-60.164970857508244,-19.204131810058605],[-60.161584231257976,-19.203261980945442],[-60.160283778822752,-19.204451240065186],[-60.15731444364561,-19.20399312004691],[-60.155179540323296,-19.204358678116968],[-60.153871013267839,-19.205951875399101],[-60.151736082096342,-19.20631738898037],[-60.148308786244897,-19.207467864210546],[-60.138665365242026,-19.221440891236284],[-60.135245917406991,-19.222187068119972],[-60.132660816067286,-19.223756834188382],[-60.128807754116664,-19.224899216107094],[-60.125797173027742,-19.226461198622157],[-60.124480018956518,-19.228458286191241],[-60.121412113624828,-19.232848725217764],[-60.123048174225943,-19.236112613575077],[-60.121739169639646,-19.237705597375619],[-60.121698129033405,-19.239725959864032],[-60.121657198699744,-19.241746434573095],[-60.118638107801679,-19.243712335438698],[-60.11817168378667,-19.245724915739839],[-60.118130679107132,-19.247745363909548],[-60.117246982074818,-19.249346092420375],[-60.11631401512237,-19.253371231839704],[-60.119169193426892,-19.259486967253189],[-60.122106615582346,-19.261561854114369],[-60.124201162310051,-19.263217076090509],[-60.126263182137791,-19.266488560277665],[-60.124446487276622,-19.27211441589801],[-60.12609937239619,-19.274569983131684],[-60.126025720479632,-19.278206586882614],[-60.124732759487195,-19.278991391088621],[-60.125551022048157,-19.280623246989769],[-60.125935685667294,-19.282651326650509],[-60.125469150045461,-19.28466391509658],[-60.12542825667996,-19.286684202910308],[-60.12744955510567,-19.291975921853417],[-60.129552689691891,-19.293226954035966],[-60.129937390408742,-19.295255106615997],[-60.127752263031738,-19.298044651784746],[-60.126009151589045,-19.300033878320335],[-60.12510884368848,-19.302442654447542],[-60.123365552186797,-19.304431843167727],[-60.12119670676568,-19.306413220627814],[-60.11905238337711,-19.307182442507486],[-60.118995000226441,-19.310010844775498],[-60.118520140679472,-19.312427381593707],[-60.119322110499645,-19.314867257109078],[-60.118405260434585,-19.318084104216275],[-60.116653636856825,-19.320477278580924],[-60.118315020312309,-19.322528704177042],[-60.119976521390193,-19.32458013928283],[-60.120097645123892,-19.32699046928736],[-60.120130261004221,-19.331622971651196],[-60.12013254603648,-19.331697796216112],[-60.102333866373719,-19.327076971130996],[-60.08453642192719,-19.322454533107379],[-60.066740214138441,-19.317830483534827],[-60.048945244448021,-19.313204823803453],[-60.031151514295516,-19.308577555303877],[-60.013359025119492,-19.303948679427251],[-59.995567778357568,-19.299318197565288],[-59.977777775446313,-19.294686111110234],[-59.947912698573418,-19.294526754007247],[-59.91804842412062,-19.294362508553494],[-59.888184961111406,-19.294193375125086],[-59.858322318567978,-19.294019354104499],[-59.828460505511266,-19.293840445880491],[-59.798599530960935,-19.293656650848167],[-59.768739403935342,-19.293467969408958],[-59.738880133451516,-19.293274401970603],[-59.709021728525158,-19.293075948947184],[-59.679164198170618,-19.292872610759073],[-59.649307551400909,-19.292664387832961],[-59.619451797227633,-19.292451280601902],[-59.589596944661011,-19.292233289505205],[-59.55974300270988,-19.292010414988511],[-59.529889980381611,-19.291782657503784],[-59.500037886682165,-19.291550017509284],[-59.49994784640316,-19.219234048050104],[-59.49985234043767,-19.14691762856101],[-59.499751373024402,-19.074600761283389],[-59.499644948351531,-19.002283448462407],[-59.480332427216688,-19.002141213004897],[-59.461020299177186,-19.001996959860762],[-59.441708566664097,-19.001850689153908],[-59.422397232108224,-19.001702401009343],[-59.403086297940135,-19.001552095553155],[-59.383775766590134,-19.001399772912546],[-59.364465640488248,-19.001245433215765],[-59.345155922064251,-19.001089076592191],[-59.325846613747636,-19.000930703172283],[-59.306537717967657,-19.000770313087585],[-59.287229237153277,-19.000607906470737],[-59.267921173733178,-19.000443483455463],[-59.248613530135799,-19.000277044176595],[-59.229306308789276,-19.000108588770036],[-59.209999512121492,-18.999938117372782],[-59.190693142560029,-18.99976563012293],[-59.165737028471163,-18.999845574463901],[-59.140781545851965,-18.999922134754058],[-59.115826699952599,-18.999995311125655],[-59.090872496022577,-19.000065103714],[-59.065918939310791,-19.000131512657461],[-59.04096603506548,-19.000194538097475],[-59.016013788534288,-19.000254180178569],[-58.991062204964159,-19.000310439048327],[-58.986413641136004,-18.98533070267878],[-58.986413886272892,-18.985330691263663],[-58.971895347833886,-18.961769447067919],[-58.957380460401694,-18.938207771887907],[-58.942869215991998,-18.91464567038707],[-58.928361606626297,-18.891083147226812],[-58.913857624331797,-18.867520207066548],[-58.899357261141439,-18.843956854563672],[-58.884860509093926,-18.820393094373564],[-58.870367360233658,-18.796828931149605],[-58.881755674645845,-18.780230879987645],[-58.893141551378598,-18.763631681663636],[-58.90452499341005,-18.747031338152155],[-58.915906003717346,-18.730429851427207],[-58.927284585276688,-18.713827223462161],[-58.938660741063252,-18.697223456229786],[-58.9500344740513,-18.680618551702281],[-58.961405787214041,-18.664012511851208],[-58.961577701352709,-18.664036339178473],[-58.961739211910832,-18.664137315281721],[-58.9618154085125,-18.664298370369508],[-58.961551131466827,-18.66467876707074],[-58.961558167687286,-18.664832211119776],[-58.961686269241191,-18.66493984589772],[-58.961880876363814,-18.665042066821318],[-58.962125116116418,-18.665146147894756],[-58.96251956518217,-18.665224232170861],[-58.962798204735307,-18.665297967158722],[-58.962992813787018,-18.665400186147551],[-58.963186115863245,-18.665533995924175],[-58.963376818446484,-18.66573097692218],[-58.963401416108539,-18.665937538886244],[-58.96329122640806,-18.666090912085167],[-58.963070279802857,-18.666224981843172],[-58.962819835947528,-18.666270947150188],[-58.962621310229196,-18.66626349110398],[-58.962392311377222,-18.666191622777781],[-58.961854842280914,-18.665965800988502],[-58.961321513999913,-18.666040680246091],[-58.961098932465973,-18.666214233252198],[-58.960975285869829,-18.66639941054623],[-58.960789599849697,-18.666882806424031],[-58.960729520241181,-18.667133646306489],[-58.960739213183182,-18.667300102174046],[-58.960865684226924,-18.667447219837012],[-58.961057691928794,-18.667612613497717],[-58.96133306053293,-18.667765322447565],[-58.961595154003533,-18.667838445841586],[-58.962008768214559,-18.667853980138485],[-58.962486795059647,-18.667914247309529],[-58.962741851718683,-18.668064118680668],[-58.96291633432061,-18.668252578875702],[-58.963010376668514,-18.668382661061496],[-58.963085911895831,-18.668559494507772],[-58.963144258173308,-18.668751505803801],[-58.963196730452587,-18.669085667651217],[-58.963257024809458,-18.669230298094284],[-58.963434447307868,-18.669347685167693],[-58.963746505231832,-18.669414768804948],[-58.963960929634219,-18.669438634303834],[-58.964647532521887,-18.670065516123184],[-58.964897805446604,-18.670167346668915],[-58.965116040667624,-18.670180234998661],[-58.965302075135433,-18.670089315001192],[-58.965425209602991,-18.669939482214176],[-58.96543915851079,-18.669775768554931],[-58.965391041411436,-18.669637519814604],[-58.965329003842299,-18.669542287244163],[-58.965076652747889,-18.669232272254618],[-58.964950100312116,-18.669040077098696],[-58.96488615507689,-18.66887707027265],[-58.964915536215813,-18.668698338763999],[-58.965069969979105,-18.668563090631231],[-58.965691191912001,-18.668371553662816],[-58.965956292488578,-18.668398892442099],[-58.966206418236176,-18.668485855744361],[-58.96681719542223,-18.668807492713736],[-58.967068437710843,-18.669005984033042],[-58.967303140996982,-18.66910795140063],[-58.967600147349138,-18.669209364211603],[-58.9679125742948,-18.669295757455121],[-58.968458961943526,-18.669409762409636],[-58.968706858014976,-18.669273661954129],[-58.968876053076144,-18.669056481677934],[-58.968967429359573,-18.668847451242389],[-58.969012077190413,-18.668638831305],[-58.968994275119329,-18.668415914693579],[-58.968945907559764,-18.668252768653073],[-58.968959394268367,-18.668044436622544],[-58.969051664812191,-18.667924625893647],[-58.969269672835416,-18.667915205180229],[-58.969394590705342,-18.667943816844254],[-58.969520391449244,-18.668061642596211],[-58.969600070794854,-18.668239381780339],[-58.96971073677414,-18.668401969931299],[-58.969851682344299,-18.668475042187048],[-58.969960715717058,-18.668474050219057],[-58.970100170964947,-18.66839842892637],[-58.970207714025364,-18.668248732564791],[-58.970206373499401,-18.668114896915455],[-58.970251623323222,-18.667965759406105],[-58.970375789164827,-18.667920013636547],[-58.970515980234175,-18.667918737638168],[-58.970672793448685,-18.668021420364685],[-58.970767595101641,-18.668154406139493],[-58.970768787376507,-18.668273365925565],[-58.970739425129011,-18.668452095904371],[-58.970756643502263,-18.66861553454979],[-58.970913260282771,-18.668698511024694],[-58.970975569909655,-18.668697943216486],[-58.971115465701104,-18.668666930565887],[-58.971301492939453,-18.668576007833913],[-58.971457264503663,-18.668574588842073],[-58.971629510101572,-18.668662251669925],[-58.972099945728459,-18.668970280313484],[-58.972320785898098,-18.669243394288571],[-58.972557721256933,-18.66956841630186],[-58.972825667706843,-18.669878285303689],[-58.973092858878076,-18.670113798012562],[-58.973374151418206,-18.670200465020301],[-58.973732427054877,-18.670197199606584],[-58.974011318223376,-18.670045941728784],[-58.97421232937058,-18.669895391459409],[-58.974335308886538,-18.669730674022418],[-58.9743802480344,-18.669551802934446],[-58.974284986296581,-18.669374215634534],[-58.974015757973618,-18.669191544729504],[-58.973936532620712,-18.669058419742996],[-58.973950471285413,-18.668894708062556],[-58.974027307458982,-18.668789897320963],[-58.97418307820228,-18.668788477204039],[-58.974436975362643,-18.668863773691083],[-58.974890725378629,-18.669060405362593],[-58.975624933168888,-18.669261907074684],[-58.975875661262592,-18.66940833596453],[-58.976172672724935,-18.669509732177588],[-58.976437035990806,-18.669462704101402],[-58.976606735397517,-18.669297560235275],[-58.976620146734419,-18.669081797388788],[-58.976555743093549,-18.668874176507824],[-58.976585557275513,-18.668740054519027],[-58.976771582041913,-18.668649125166212],[-58.977204893694193,-18.668362603364137],[-58.977280682545882,-18.66815371026194],[-58.977200932035664,-18.667968535376758],[-58.977074816948857,-18.667820963110138],[-58.976824838989991,-18.667748893079377],[-58.976419239737538,-18.667693112311827],[-58.976059476139326,-18.667547669874015],[-58.975964669172626,-18.66741468817801],[-58.975931576583726,-18.667221658207918],[-58.976037571916919,-18.666918427844635],[-58.976108977786389,-18.666831515962247],[-58.976356263465384,-18.666635925325004],[-58.976603923677594,-18.666477508693429],[-58.977052360746072,-18.666146234418466],[-58.97719090660668,-18.665981374571366],[-58.977251421083302,-18.665802358630682],[-58.977171439795072,-18.665594887520182],[-58.977044962551666,-18.66541014179457],[-58.976871970290318,-18.665248126363739],[-58.976698391525204,-18.665026640083166],[-58.976430895135067,-18.664761387166738],[-58.976286449257628,-18.664338856205106],[-58.976267432244754,-18.663996972734882],[-58.976295453455712,-18.66368440464262],[-58.976449576539544,-18.663519413989835],[-58.976727485887594,-18.663271490070354],[-58.977068373044212,-18.663089913244445],[-58.977486997423327,-18.662892757347123],[-58.977844799963897,-18.662844873245398],[-58.978405779922682,-18.662862054731697],[-58.978702030867652,-18.662889095407433],[-58.97892100216756,-18.662976315496643],[-58.979202273575929,-18.663062974902463],[-58.979640666985823,-18.663282046081857],[-58.980267988404307,-18.663700155653363],[-58.981129192452634,-18.664138433490994],[-58.981910939383482,-18.664421279346094],[-58.982597057022751,-18.664489355790217],[-58.982986467927219,-18.66448578704906],[-58.98337558887664,-18.664452474190227],[-58.983686464968741,-18.664385301466336],[-58.983913596058194,-18.664290673761435],[-58.984162221689779,-18.664228909608337],[-58.98439511569768,-18.664152420711186],[-58.984769107575119,-18.66416386002879],[-58.985222168275804,-18.664293551934733],[-58.985439941824353,-18.664261806005179],[-58.985610086052716,-18.664141274868179],[-58.985686536172039,-18.663999286922667],[-58.985669614786886,-18.663865593688815],[-58.985558776364719,-18.663688150755121],[-58.985510095174526,-18.663495265158591],[-58.985570298453617,-18.663286503687846],[-58.985708381062381,-18.663077036372073],[-58.985925045015776,-18.662936369842932],[-58.986006524784244,-18.66290960444632],[-58.986036180360315,-18.662760616365087],[-58.985971617656169,-18.662538130483977],[-58.98600096479862,-18.662359398493322],[-58.986046342195692,-18.662225135379817],[-58.986154777680916,-18.662164655996115],[-58.986264263053172,-18.662208266276465],[-58.986342891281744,-18.662281907174219],[-58.986453430624536,-18.662429607147423],[-58.986517393041332,-18.662592605550941],[-58.986567577788854,-18.662934200343788],[-58.986709115270713,-18.66306674690976],[-58.986864881301166,-18.663065316535274],[-58.987082050989414,-18.662974091496814],[-58.987190336708153,-18.662898733899663],[-58.987344588529943,-18.662748602687131],[-58.987436542111304,-18.662599040628038],[-58.987466044697406,-18.662435176356286],[-58.987402235445394,-18.662287046974427],[-58.987165049224849,-18.661939739294702],[-58.987101248924084,-18.661791609969235],[-58.987099443660988,-18.661613163159945],[-58.987160841093839,-18.661523369259754],[-58.987269575161783,-18.661492623877869],[-58.987426092136438,-18.661565546461123],[-58.987613454602212,-18.661608442312463],[-58.987768766302956,-18.661562399752146],[-58.987829871853876,-18.661442861263549],[-58.987812938462767,-18.661309178565627],[-58.987733407608744,-18.661146315188091],[-58.987716775563051,-18.661042368924623],[-58.987793459443203,-18.660922685890473],[-58.9878711861829,-18.66090710241992],[-58.987996099697334,-18.660935692304022],[-58.988232523950039,-18.661208652952325],[-58.988297086211695,-18.661431129239912],[-58.988363143988046,-18.661802323738019],[-58.988443137736269,-18.662009789443669],[-58.98853817405616,-18.662165069945825],[-58.988741419045674,-18.662237563945361],[-58.988975362140522,-18.66226515963681],[-58.989240163000112,-18.662262723997475],[-58.989457781358276,-18.66221610698317],[-58.989720917085037,-18.662050094306213],[-58.989954414997698,-18.662033077623018],[-58.990189336003453,-18.662157322843644],[-58.990441419680955,-18.662437566806201],[-58.990584014621291,-18.662674200559792],[-58.990711482290692,-18.662955589396546],[-58.990900063845771,-18.663117445438999],[-58.991133932264148,-18.663137600750776],[-58.99156840926063,-18.662970016474571],[-58.991799952020514,-18.662759675337632],[-58.991907468282392,-18.662609969856145],[-58.992092582967388,-18.66242980390977],[-58.992369861078892,-18.662122378955981],[-58.992679116332603,-18.661896451286328],[-58.992958439643083,-18.661789778165293],[-58.993362516452876,-18.661696821542616],[-58.99368931198233,-18.66166407284917],[-58.993984502793623,-18.661586988657078],[-58.99423258993906,-18.661473162116156],[-58.994434478006909,-18.661411815386007],[-58.994604450203397,-18.661276403233614],[-58.994712127483197,-18.661141563332155],[-58.995093222951212,-18.660320098538115],[-58.99523174308657,-18.660155238686812],[-58.995418210443788,-18.660108901279212],[-58.995589540947357,-18.660107320937378],[-58.995730479914947,-18.66018037252546],[-58.995872031196207,-18.660312913457538],[-58.995951947472378,-18.660512944709446],[-58.995969792554327,-18.660735857054451],[-58.995940458787388,-18.660914588927028],[-58.995801926999931,-18.661079460655362],[-58.99541479116386,-18.66130611043063],[-58.995120051665957,-18.661427799878506],[-58.995012226635595,-18.661547772265404],[-58.994966856641376,-18.661682036488994],[-58.994983493570054,-18.661785983965956],[-58.995077854282499,-18.661874342538852],[-58.995171614162118,-18.661903224647563],[-58.995342955820732,-18.66190164292091],[-58.995545145523188,-18.661870030664101],[-58.995716025485095,-18.661823837891049],[-58.996197004100949,-18.661633498367348],[-58.996258554858521,-18.661558566119599],[-58.996570223558074,-18.661570566821421],[-58.99671026492004,-18.661554395854353],[-58.996896269157602,-18.661463457264954],[-58.996941637774796,-18.661329191698957],[-58.996893547105287,-18.661195788448868],[-58.996689546231622,-18.661048948911443],[-58.996469512794192,-18.660857650968119],[-58.996483352490387,-18.660686500544156],[-58.996544894231207,-18.660611569768648],[-58.996716235676438,-18.660609986949726],[-58.996841142498027,-18.660638579586877],[-58.996997057340494,-18.660652010418836],[-58.997168092253823,-18.660620692487843],[-58.997400671551034,-18.660514435301401],[-58.997523773882435,-18.660364582706659],[-58.997646261057945,-18.66015525231435],[-58.997659570785714,-18.659932051344537],[-58.997889208676277,-18.659535821620516],[-58.998555189316072,-18.659157874481778],[-58.999019593026119,-18.658871020470986],[-58.999297759855224,-18.658652809537461],[-58.999436428218232,-18.658502811841693],[-58.999496916678424,-18.658323791168829],[-58.999479674413941,-18.65816036717958],[-58.999400588879013,-18.658042120277845],[-58.999259499243017,-18.657954195066822],[-58.998993799626909,-18.657867420187785],[-58.998493180905143,-18.657656411589439],[-58.998196787959522,-18.657614535361997],[-58.997835678881387,-18.657335312534975],[-58.997614437985277,-18.657025048222227],[-58.997564159494239,-18.656676027411439],[-58.997531792826308,-18.656557348093504],[-58.997544648656877,-18.656289545764448],[-58.997680142814126,-18.655827272017724],[-58.997850116380469,-18.655691855073435],[-58.998036491946849,-18.655638078751945],[-58.998315489077157,-18.655501653947116],[-58.998314883426005,-18.6554421762531],[-58.998250623927525,-18.655249439735474],[-58.998233834039112,-18.655130617806368],[-58.998294777201046,-18.654996207810967],[-58.99840319329428,-18.654935723354843],[-58.9988206363887,-18.654626994613714],[-58.998866001998231,-18.654492729751862],[-58.998550706915324,-18.654123850403838],[-58.998378019694826,-18.653991600735974],[-58.998033547522084,-18.653816322419633],[-58.997969505641713,-18.653645892108958],[-58.997983563173129,-18.653497045440339],[-58.998028936704493,-18.653362780823386],[-58.998152477114331,-18.653257539442819],[-58.998275268622912,-18.653077943448512],[-58.998274210282958,-18.652973853927705],[-58.99813311730626,-18.652885926541963],[-58.998008216308776,-18.652857333617135],[-58.997805888650582,-18.652874071597253],[-58.997649227482377,-18.652786296606731],[-58.997600611410689,-18.652600846563658],[-58.997599401827046,-18.652481879152997],[-58.997676067269154,-18.652362203333571],[-58.998080723607686,-18.652328719306457],[-58.998157849066537,-18.652253651598478],[-58.998156789106282,-18.652149553813548],[-58.998107493491673,-18.651897194320725],[-58.998121702628708,-18.65176321805539],[-58.998198374394647,-18.651643531267563],[-58.998306647178417,-18.651568178156083],[-58.998477516311937,-18.651521984579997],[-58.998711101743879,-18.651514987558386],[-58.998767058390193,-18.651496602212216],[-58.99896832670931,-18.651375775486137],[-58.999106458866414,-18.651173729135337],[-58.999069262903987,-18.650579204107668],[-58.999486607605235,-18.650263037441704],[-58.999500446676755,-18.650091886422533],[-58.999405787813188,-18.649973785107711],[-58.999296305481373,-18.64993018120845],[-58.99900038002982,-18.649932916844239],[-58.998812575415215,-18.649845421648678],[-58.998671190066339,-18.649727759718768],[-58.998653948561795,-18.649564325518352],[-58.998715193291176,-18.649459661541869],[-58.998839485722243,-18.649428765265419],[-58.998948966714131,-18.649472369395369],[-58.999182741118375,-18.64948507701267],[-58.999260017881824,-18.649424879398506],[-58.99925895807781,-18.649320789573132],[-58.999211023627019,-18.649202254531634],[-58.99910070943524,-18.649076867511553],[-58.998943899986315,-18.648974216270354],[-58.998770755733659,-18.64879735525593],[-58.998676096794071,-18.648679261630154],[-58.998659006379441,-18.648530695205533],[-58.99868925652013,-18.64844118538581],[-58.998782250986082,-18.648395711144424],[-58.998906694427774,-18.648379692698089],[-58.999234984830224,-18.648495634290168],[-58.999563868245104,-18.648671056668451],[-58.999704191443861,-18.648684627270978],[-58.999843769799178,-18.648623853080821],[-58.999967004128642,-18.648488868113557],[-59.000211890052647,-18.648062756442606],[-59.000287944175732,-18.647883593050086],[-59.000611531792501,-18.647538553445958],[-59.00074989557681,-18.647358812518622],[-59.000731288798534,-18.647061546905935],[-59.000683657075726,-18.646972755108095],[-59.000590210445459,-18.646973621038001],[-59.00046621246959,-18.647034261264395],[-59.000342828507357,-18.647154370598347],[-59.000172410215242,-18.64724517667911],[-58.999985513903795,-18.647246905259848],[-58.999828707400461,-18.64714425367249],[-58.999733216280411,-18.646944367284316],[-58.99966864568816,-18.646721890242631],[-58.999651252529375,-18.646543587827246],[-58.999696158823454,-18.646364709941047],[-58.999787640781086,-18.646170535032667],[-58.999941725086863,-18.64600551680098],[-59.000096565176023,-18.645914855338479],[-59.000283458242251,-18.645913128424766],[-59.000751612312882,-18.645998028776066],[-59.000937599806043,-18.645907076501658],[-59.000982617110168,-18.645738238004721],[-59.001015849466398,-18.64537730633787],[-59.000932985410138,-18.644887312200638],[-59.000869169865737,-18.644739178533666],[-59.00063449650515,-18.644637250608426],[-59.000448058828262,-18.644683589850132],[-59.00024649433621,-18.64477468175345],[-58.999997452649588,-18.644791852995624],[-58.999871338713724,-18.644644305423512],[-58.99988472295356,-18.644428544348123],[-58.999976202180612,-18.644234358158364],[-59.000083561901548,-18.644069782363168],[-59.000299491560469,-18.643859578773181],[-59.000530532923122,-18.643604627143137],[-59.00073005064656,-18.643312782409463],[-59.000759389575563,-18.643134049601013],[-59.000679848333647,-18.642971199574152],[-59.000132927785323,-18.642797795059099],[-58.999898103481023,-18.642680989071277],[-58.999771990104463,-18.642533439371],[-58.999751611694876,-18.642281129038576],[-58.999781253328244,-18.642132140331924],[-59.000027871324477,-18.641877037200622],[-59.000182860845676,-18.641801251570875],[-59.000369144850183,-18.641740037235653],[-59.000477562358043,-18.641679549523921],[-59.000569944896363,-18.641574596815776],[-59.000629371170831,-18.641291485008733],[-59.000691168569858,-18.64124145969652],[-59.0008468806572,-18.641264711169718],[-59.001205704856247,-18.6414297962787],[-59.001848695217468,-18.641404014834112],[-59.001945023707577,-18.641403539299233],[-59.002137677882416,-18.641402586218522],[-59.002330923594016,-18.641505033287014],[-59.002476871207371,-18.641757065178606],[-59.002682358921973,-18.64189391148005],[-59.002827639570363,-18.642031062485501],[-59.003225126256481,-18.642052072236808],[-59.003705433982653,-18.641819923485734],[-59.003755589544838,-18.642164338489298],[-59.003722908012371,-18.642761910672281],[-59.003737001641383,-18.643117991035744],[-59.00411126171992,-18.643288468871877],[-59.004544677040514,-18.643274830309782],[-59.005073551677036,-18.643111371459945],[-59.005071159955747,-18.642697794654676],[-59.005310789529375,-18.642489813229247],[-59.00555081859865,-18.642350762687741],[-59.005668834548189,-18.641936584079275],[-59.005545711998359,-18.641466159434646],[-59.005616754934614,-18.641259008186204],[-59.00590540737246,-18.641200132401547],[-59.00627867897375,-18.641198287940032],[-59.006325712521615,-18.64100274283571],[-59.006251744944102,-18.640704412909749],[-59.006046252440136,-18.640567558994761],[-59.005996957824948,-18.640372502147052],[-59.006068281470085,-18.640211308448659],[-59.006272179371841,-18.640072430105036],[-59.006295457361411,-18.639934451200631],[-59.00639039247384,-18.639692717858065],[-59.006582784810931,-18.639645812410965],[-59.007027957017051,-18.63958616100928],[-59.007219144511744,-18.639332457284411],[-59.007349733924919,-18.63901012841545],[-59.007481253517717,-18.638848635820157],[-59.007662129331159,-18.638893694299163],[-59.008204027580398,-18.638902494469697],[-59.008263895618001,-18.638844747537195],[-59.008310662208245,-18.638603255020673],[-59.008429403338226,-18.638315456343861],[-59.008573891847874,-18.638314737573594],[-59.008778919088471,-18.638371161537304],[-59.009224218034518,-18.638334479177768],[-59.009452190895317,-18.63819548187098],[-59.009824450966548,-18.638021298977502],[-59.010292844606397,-18.637812175996668],[-59.010532188294903,-18.637558231039346],[-59.010868207961344,-18.637232023299234],[-59.011029522931636,-18.637145389084971],[-59.011311691952834,-18.637014382209934],[-59.011924627897592,-18.636816027330958],[-59.012658226582595,-18.636663014337127],[-59.013149344347298,-18.636223998476051],[-59.013872176192244,-18.636289319754408],[-59.014307035971065,-18.636528402800238],[-59.015126052796717,-18.636570269069253],[-59.015837842093461,-18.636807969652189],[-59.016441546914116,-18.637092156590025],[-59.017079760217754,-18.637100448046201],[-59.01836620529177,-18.636772314625635],[-59.019196595802207,-18.636699217378936],[-59.019581355129596,-18.636605370690486],[-59.020471271572461,-18.636417086793667],[-59.020989504829998,-18.636810795313739],[-59.021221073074244,-18.63697624670441],[-59.021005422762187,-18.637161147372517],[-59.020935334139153,-18.637529139922641],[-59.021116068921337,-18.637551202966367],[-59.021558383036066,-18.637609871346246],[-59.021551012618438,-18.637801760154272],[-59.021275692128782,-18.638078877204517],[-59.021253369340066,-18.638377688081992],[-59.021867902190401,-18.638455018665351],[-59.022617187105936,-18.638922267955099],[-59.022933268707384,-18.639437661694561],[-59.023682692918079,-18.639927887821131],[-59.023928165015739,-18.64071935754189],[-59.024425482150939,-18.641337229493416],[-59.024780333874361,-18.642300471858043],[-59.025438046863229,-18.643572372296997],[-59.027447607091709,-18.64538886575146],[-59.027560179432889,-18.646100582294363],[-59.027782080215609,-18.646972583671054],[-59.028223433587108,-18.648303017980783],[-59.028602949558341,-18.649358025596744],[-59.028620625683622,-18.65031148834704],[-59.028746475722734,-18.651229926227188],[-59.029510255845118,-18.652099169414779],[-59.029969998093271,-18.652464463337949],[-59.030134773195741,-18.653853733546253],[-59.030288933798779,-18.655484310861453],[-59.030621621953131,-18.656757844883941],[-59.031622589077742,-18.657005490033811],[-59.032070035596611,-18.657324878052535],[-59.033142104150897,-18.657376851090572],[-59.034688796255786,-18.656243070210504],[-59.035419090090947,-18.655527048753804],[-59.035581456170242,-18.654480765223109],[-59.035852662113207,-18.653514352848582],[-59.037079047314258,-18.653197873137426],[-59.038137665448296,-18.653020119823271],[-59.039399061569348,-18.652519637409537],[-59.040600039154356,-18.651984996851276],[-59.042283495703479,-18.651585716728302],[-59.043568398599369,-18.650993183330744],[-59.044407080379322,-18.650288058570329],[-59.045018627702198,-18.649859827272813],[-59.045303685507477,-18.649203515735866],[-59.045033946016083,-18.648400716137004],[-59.044739853260026,-18.647552094575421],[-59.04558114368055,-18.647283513171367],[-59.046266508052568,-18.64711913399681],[-59.046974093100047,-18.646644443842703],[-59.047888715865604,-18.646559294676528],[-59.049117447925376,-18.646644825805964],[-59.050213172264741,-18.646639135601038],[-59.05094746334909,-18.646600859726504],[-59.051803687450708,-18.646814689568576],[-59.052621635073727,-18.646672567444643],[-59.053573839759721,-18.646828445906973],[-59.054279584815802,-18.648042534866015],[-59.054730186219444,-18.648878828944362],[-59.055143562702753,-18.649531512170636],[-59.054832228809396,-18.649820341531065],[-59.054835300420031,-18.650325817437217],[-59.054776898572136,-18.650624816122889],[-59.055068602401654,-18.651071344235813],[-59.056278173374011,-18.651961109375165],[-59.057441047171608,-18.653092374136193],[-59.057952516406559,-18.654031729849248],[-59.058291282281566,-18.654294190267766],[-59.059464549936678,-18.655149659269572],[-59.05975753511467,-18.655802957975727],[-59.060135863036912,-18.656628128182355],[-59.060943068348827,-18.656692819948127],[-59.061713168888552,-18.656596866486829],[-59.062340380757156,-18.656765890067508],[-59.063110128257392,-18.656612482882039],[-59.063809866722259,-18.656827074417865],[-59.064631935794168,-18.657351206089871],[-59.065872780887119,-18.657436559425882],[-59.06657984269922,-18.656881384836154],[-59.066512656360857,-18.655744405004736],[-59.065720242734884,-18.654163200828545],[-59.065508430570887,-18.653004008283872],[-59.065995638170236,-18.651944513712106],[-59.067712935647322,-18.651188696989713],[-59.069614871204564,-18.65108672157815],[-59.071783534178834,-18.651282001665351],[-59.073677038707679,-18.65176593802024],[-59.074921532282637,-18.652448599125396],[-59.076120152889288,-18.653499129894065],[-59.077485078735194,-18.654181132244968],[-59.078376631394889,-18.654256787562836],[-59.078932307449634,-18.654541015506734],[-59.079897615726409,-18.654857515783263],[-59.080587181636673,-18.655370794966935],[-59.080694302586835,-18.657104937106539],[-59.080653713800515,-18.658322895659467],[-59.081213056697308,-18.659193004689197],[-59.081434591172496,-18.659961519983788],[-59.082065341562377,-18.660693373076864],[-59.082602553051231,-18.661873772686778],[-59.082680386397854,-18.662769431230611],[-59.083851096170683,-18.663188188130068],[-59.084853157275916,-18.663596371279102],[-59.085974556334136,-18.663831580722487],[-59.087044703730143,-18.663573065546753],[-59.087895857585274,-18.662959597412282],[-59.088192503312882,-18.662257217823115],[-59.088443363098257,-18.661934188755474],[-59.088923086991201,-18.661621419340815],[-59.089017550956989,-18.661322217661723],[-59.089400651561235,-18.660964011978376],[-59.089952402595124,-18.660616388680161],[-59.090251205261318,-18.660258632240712],[-59.090381281768565,-18.659878821703678],[-59.09082205458634,-18.659118218001073],[-59.091457372141754,-18.65865525558301],[-59.091719971552223,-18.658286214581661],[-59.091703890939385,-18.657642962745712],[-59.091833308581428,-18.65715975864401],[-59.091840154136051,-18.656332577209891],[-59.092353082059546,-18.655560092988281],[-59.093301304433112,-18.655072447835995],[-59.093791308090246,-18.654483897262111],[-59.09444117203472,-18.654422928414899],[-59.095055343128536,-18.654431073836214],[-59.095353830702344,-18.654027374065997],[-59.095255906323025,-18.653775166559811],[-59.095084364093339,-18.653305089397008],[-59.095179316516891,-18.653086297061456],[-59.09575554903256,-18.652807453388448],[-59.096609156344464,-18.65259601289393],[-59.096981120397551,-18.652387208861928],[-59.097193584133237,-18.65170825406291],[-59.097357876841095,-18.651029563597664],[-59.097858806425549,-18.650268620861567],[-59.09779504450438,-18.649706053939607],[-59.097755586999789,-18.649177815585318],[-59.098209355906441,-18.648577957359233],[-59.098723330603626,-18.647977782884134],[-59.09930889028491,-18.647273810186451],[-59.099907944925064,-18.646799535530675],[-59.100569152668477,-18.646635091085248],[-59.101278891966757,-18.646527816913885],[-59.101698781569439,-18.646284277675392],[-59.102287453570376,-18.646074272806963],[-59.102973835287372,-18.646082004490818],[-59.103682326944806,-18.645779429465943],[-59.104003559560063,-18.645168804988753],[-59.104482986832544,-18.644821539663038],[-59.105167024845343,-18.644461656737889],[-59.105586314722196,-18.644126208277878],[-59.106161990987339,-18.643766916941232],[-59.106773702024952,-18.643395943038502],[-59.107664829552867,-18.64341401584327],[-59.108371695897901,-18.642858703214806],[-59.109105561529049,-18.642762765281105],[-59.109622699071984,-18.642668016950854],[-59.110588269522225,-18.643030305882412],[-59.111528505438478,-18.643197441673671],[-59.112548472849831,-18.642651871282002],[-59.113316758640835,-18.642291503709103],[-59.113835002827329,-18.642369055550351],[-59.114607187946163,-18.642617515399913],[-59.115291048420765,-18.642234627159052],[-59.116001858848001,-18.642299619670926],[-59.117190509305672,-18.641776069638915],[-59.117969941841359,-18.641277762958175],[-59.118884911271088,-18.641261193782114],[-59.119479459526339,-18.641970143370123],[-59.120167664013785,-18.642264998652401],[-59.120767445070932,-18.641917027434275],[-59.121632038362364,-18.641556081514096],[-59.122523888700144,-18.641688966251358],[-59.12330545711319,-18.641523779777138],[-59.12412305899408,-18.641346895621187],[-59.124927437490044,-18.6409862773538],[-59.125657482247064,-18.640304403342466],[-59.12656032730743,-18.640276379340982],[-59.12726005986098,-18.640490731326889],[-59.128197984328082,-18.640301675715385],[-59.128705001616133,-18.640505616516794],[-59.129317546185518,-18.640272418585489],[-59.130051752222485,-18.640233837660787],[-59.130799646766128,-18.640447906294924],[-59.131765822616288,-18.640901982526891],[-59.132478129501614,-18.641196659413925],[-59.133236268273635,-18.641134953133943],[-59.13465884988247,-18.641414129715422],[-59.135289130940478,-18.64205389842056],[-59.135800739070511,-18.642958551192084],[-59.136345351403058,-18.643213728820491],[-59.136092774687349,-18.643427905724003],[-59.136587469174032,-18.643585934494048],[-59.137532414753068,-18.64353879290222],[-59.137661439341748,-18.643947474643721],[-59.13797560649526,-18.644118014958458],[-59.13837346067573,-18.644196182673838],[-59.139093980287342,-18.643904904134331],[-59.13989066421766,-18.644210562779488],[-59.140604418550176,-18.644723456810254],[-59.141476964227628,-18.6455800959687],[-59.1425019720865,-18.645815520070386],[-59.143177125071396,-18.645949533796092],[-59.14380555883789,-18.646302072656951],[-59.14449109213998,-18.646183300179565],[-59.14487645098145,-18.646192582395411],[-59.145383957788503,-18.646465399515485],[-59.145925923327496,-18.646485290332699],[-59.146417598595306,-18.646183804498275],[-59.147165455330402,-18.646386311515382],[-59.148130794406121,-18.646702453119445],[-59.148913104528518,-18.646652029330667],[-59.14950139580052,-18.646395936147961],[-59.150376304469276,-18.645782082913723],[-59.150600728561976,-18.645125995664625],[-59.150634031701529,-18.644700754934188],[-59.151234355832315,-18.644444582061734],[-59.151676638369658,-18.643959562629984],[-59.152169143912552,-18.643784420363751],[-59.152459851635108,-18.644046977475533],[-59.152884449521544,-18.644527019337612],[-59.153652572253897,-18.644155004355671],[-59.154226367491162,-18.643531371172116],[-59.15419847425202,-18.642957149318875],[-59.15452179350973,-18.642691071806677],[-59.155054302946034,-18.643101570743816],[-59.155317879288667,-18.642904763273201],[-59.15543613477616,-18.642582424791321],[-59.155712745809701,-18.642534883115395],[-59.156111290308388,-18.642716392198533],[-59.156711139643939,-18.642391286852508],[-59.156940965522402,-18.642550789670839],[-59.156873320480194,-18.643240444348198],[-59.15725029762423,-18.643801170790709],[-59.158048229854707,-18.644290543665019],[-59.158774842108954,-18.644918168661764],[-59.159536116130553,-18.645327339404858],[-59.160176233390203,-18.645622315687937],[-59.160477847095827,-18.64571247482241],[-59.160502924061511,-18.645861672611211],[-59.160662058178879,-18.646251334048475],[-59.161073115150153,-18.646501683494172],[-59.161615599376695,-18.64660193530225],[-59.16185832749948,-18.646887726116315],[-59.162377127070378,-18.647045543676285],[-59.162895464835948,-18.647134447315832],[-59.163486356308624,-18.647268877204628],[-59.163892025477288,-18.646715116293137],[-59.164275541302132,-18.646448675516908],[-59.164970470295543,-18.645939188021291],[-59.165376668762477,-18.645465833555598],[-59.165734783710207,-18.645004247004316],[-59.166286235809714,-18.644644928524471],[-59.166910226556254,-18.644331129241845],[-59.167631458472037,-18.644154625778292],[-59.168169165483171,-18.64354265033133],[-59.168552888794956,-18.6433106663434],[-59.168937241409296,-18.643170577408902],[-59.169306758698916,-18.642617020009443],[-59.169578646150335,-18.6418687392087],[-59.170594669426322,-18.640771486602205],[-59.171227432827465,-18.63997515489914],[-59.171586832279516,-18.639708837885262],[-59.172441177253575,-18.639634931087208],[-59.173142025325063,-18.640009922294933],[-59.173987432576631,-18.640395562651417],[-59.174565956949877,-18.640484076109988],[-59.175311390683895,-18.640330372136056],[-59.176106473527192,-18.640394641571699],[-59.17652917974906,-18.64058745029115],[-59.176901625863103,-18.640470397831461],[-59.177466469745113,-18.640317739516647],[-59.178202748421143,-18.640589126212301],[-59.178563465638852,-18.640518081611148],[-59.178925982303177,-18.640711237183407],[-59.17934705678497,-18.640662811551852],[-59.180000467522753,-18.64114144646619],[-59.180483065259494,-18.641287949662555],[-59.180903668001903,-18.641170596187372],[-59.181468590222906,-18.64102942636746],[-59.181953373575482,-18.641497562170532],[-59.182389219884456,-18.641851101065694],[-59.182834683740857,-18.641848473079424],[-59.183363564112604,-18.641718992817871],[-59.18401581819014,-18.642025311189077],[-59.184355281598513,-18.64236793296682],[-59.185137463068983,-18.642305872618369],[-59.185693714334718,-18.642658694902231],[-59.18616788720324,-18.643333661658282],[-59.186620733930155,-18.644410803740769],[-59.187539683730556,-18.644979738966228],[-59.188058329528452,-18.645114515283915],[-59.18827756394704,-18.645480821095074],[-59.188699901249116,-18.645616165761609],[-59.188894663916336,-18.645925172488223],[-59.188944939652352,-18.646235040317716],[-59.189080056568422,-18.646624808371332],[-59.189456521433776,-18.647093561155071],[-59.189591712497382,-18.647494821165758],[-59.189560865639656,-18.648264673463679],[-59.189505781494326,-18.649011682584888],[-59.189668442819915,-18.649906746285271],[-59.189974018738916,-18.65057120663792],[-59.190665424407008,-18.65131377780196],[-59.19143121582168,-18.652366070619205],[-59.19162851792904,-18.653042658967781],[-59.192125637260887,-18.653545155616378],[-59.192777238939193,-18.653748047869282],[-59.193165452307866,-18.65417076862801],[-59.194095174474761,-18.654544310623017],[-59.194556187730086,-18.655047017575324],[-59.19514854438264,-18.655388105334453],[-59.195713257537186,-18.655212418336358],[-59.196495811472751,-18.65519625633328],[-59.196841808228228,-18.654734689868771],[-59.197945718240781,-18.654176686708105],[-59.198956151865659,-18.65403279341395],[-59.19973309202787,-18.654947128955577],[-59.200221060610687,-18.655863196740793],[-59.200883689308483,-18.655916658700068],[-59.201448950198582,-18.655821369201323],[-59.201669980391046,-18.656440359545734],[-59.202104233870543,-18.65655262821911],[-59.202536888305168,-18.656435152666866],[-59.202933268312485,-18.656294916425416],[-59.203352611066883,-18.655993726724748],[-59.203642061516319,-18.656060910437056],[-59.204051437845109,-18.656058447741909],[-59.204459379366767,-18.655849214431374],[-59.204783588517117,-18.655720905452107],[-59.205110193699554,-18.655937205515933],[-59.205942343817647,-18.656127475010756],[-59.206579444021237,-18.655974295291436],[-59.20687933442882,-18.655811658972524],[-59.207168706529082,-18.65586734708965],[-59.207686439583853,-18.655864224640315],[-59.208115254686156,-18.655195375496994],[-59.208458981991413,-18.654412150929726],[-59.209189916213269,-18.653902290675152],[-59.210284218926276,-18.65370039032409],[-59.211124470402275,-18.653327706103912],[-59.211694767348753,-18.652232961571343],[-59.212148606549512,-18.651701790138041],[-59.212398557236099,-18.651286737295724],[-59.212682938621469,-18.65063023570368],[-59.213219192640906,-18.649834355899134],[-59.214096341475894,-18.649576316535668],[-59.214939378054488,-18.64960566033492],[-59.215592427016631,-18.650015242439963],[-59.216267542970364,-18.650137496464676],[-59.216796338284759,-18.649996432433952],[-59.217215076080535,-18.649614802268474],[-59.217707175671258,-18.649393545615514],[-59.21822125765533,-18.648873490533404],[-59.218458508774248,-18.648366605735507],[-59.218889442115355,-18.648007870599461],[-59.219467106975422,-18.647969893538558],[-59.219947321662524,-18.647771682491818],[-59.220039678909608,-18.64720823733326],[-59.219975362415028,-18.646622781542046],[-59.220284518535976,-18.646069506574225],[-59.220739120527156,-18.645653186555862],[-59.22117989294032,-18.644984241422961],[-59.221113552801313,-18.644111603495624],[-59.220833332885199,-18.643642342252381],[-59.220538653348122,-18.642828537276067],[-59.220882385581561,-18.642056795981748],[-59.221862898847107,-18.64109736041269],[-59.223386457075627,-18.640318407839935],[-59.224370025951309,-18.639795473098321],[-59.225153703994913,-18.639951498239341],[-59.22554041546492,-18.640155896192134],[-59.225720114599952,-18.640028441065244],[-59.226139130128274,-18.639692745727409],[-59.226428963034351,-18.639817329952649],[-59.22685162606178,-18.639998530609788],[-59.227394033696569,-18.640087109295337],[-59.227970048824965,-18.639819366509027],[-59.228388493434437,-18.639403255618877],[-59.228653180999764,-18.639378652340291],[-59.228896083727925,-18.639675836929811],[-59.229391475305135,-18.639925513270846],[-59.229595648332094,-18.639855335803954],[-59.230221029529595,-18.639759586351904],[-59.230753847454892,-18.640192835391275],[-59.230985928557551,-18.640662373900891],[-59.231575439328985,-18.640601317881163],[-59.231705662981192,-18.64029035832424],[-59.232184052732769,-18.639839407849319],[-59.23268773833771,-18.639560610747839],[-59.233299199509077,-18.639200744304311],[-59.233936536116126,-18.639093432726874],[-59.234489346559769,-18.63895217151844],[-59.234703926662903,-18.63865218374286],[-59.234437599306951,-18.638447056486743],[-59.234062672797222,-18.638208135996379],[-59.233856131269235,-18.637945203023609],[-59.233685060167666,-18.637590155404371],[-59.233394903819523,-18.637419638104561],[-59.23327158080081,-18.637006859079563],[-59.233280683734051,-18.636593259904568],[-59.233181515791991,-18.636191817466379],[-59.2330230594808,-18.635917096426425],[-59.232959352596403,-18.635423544464771],[-59.233124149557625,-18.634894116888276],[-59.23337353663991,-18.634410117954879],[-59.233621613383377,-18.633742330007806],[-59.233905244902338,-18.632993915988308],[-59.234575326331097,-18.632415417880935],[-59.234971288005845,-18.632229179138918],[-59.235258990066185,-18.632055096904821],[-59.235642670507296,-18.631834476019748],[-59.236353753853315,-18.631944956229493],[-59.236834145847148,-18.631781171716558],[-59.237387671505232,-18.631743287555871],[-59.237869619210983,-18.631797739747643],[-59.238556549643846,-18.631896875232599],[-59.238953330670398,-18.631825503594037],[-59.239361155994374,-18.631616202132982],[-59.239961445558968,-18.63138274677835],[-59.240466156769322,-18.631253257719042],[-59.241188699284329,-18.631283244886205],[-59.2418147846899,-18.631290846777222],[-59.242211722758071,-18.631242430014524],[-59.242905588308602,-18.630629309983696],[-59.243311603570469,-18.630167301285347],[-59.243645472382831,-18.629717229993872],[-59.244137314833132,-18.629472939831928],[-59.24453334175228,-18.629298173733424],[-59.244758123951442,-18.628745385754037],[-59.245226213942267,-18.628547193123005],[-59.245516449161144,-18.628729179059249],[-59.246059979963242,-18.628978513868685],[-59.246373212787596,-18.629011029646257],[-59.246745408812792,-18.62887086518019],[-59.246998464581743,-18.628903748658274],[-59.247602680370427,-18.629221618963907],[-59.24812073031778,-18.629275827444676],[-59.248565068562215,-18.629123721712766],[-59.248830159137626,-18.62915653366505],[-59.249649743417166,-18.629289260879368],[-59.250542557788933,-18.629559371301262],[-59.251250229349516,-18.629762171960824],[-59.251252118688306,-18.629762713004915],[-59.25152657342479,-18.629646760215675],[-59.251655596483957,-18.629751182828002],[-59.251872097578989,-18.629851706005194],[-59.251974038844629,-18.629960165703146],[-59.252148032367664,-18.630081556756288],[-59.252223441074094,-18.630381985075573],[-59.252255552128439,-18.630669188904754],[-59.252259056849873,-18.630970387339154],[-59.25226256268941,-18.631271579384926],[-59.252238261802709,-18.631655222884145],[-59.252328692514162,-18.632010267498387],[-59.252446927359195,-18.632282864944063],[-59.252592171140989,-18.632404558516015],[-59.252807878506296,-18.632402276997105],[-59.252980448634673,-18.632400449361715],[-59.253253521446425,-18.632383865982945],[-59.253512377523414,-18.632381125311579],[-59.253741987346139,-18.632337622443433],[-59.254028328495167,-18.632225054694054],[-59.254257627923771,-18.632154159511664],[-59.254430987885605,-18.632220789091122],[-59.254951564872428,-18.632461737619206],[-59.255197317762288,-18.632568673035237],[-59.255511776391643,-18.632401028723407],[-59.255798915050178,-18.632356905361],[-59.255913645272152,-18.632328311876275],[-59.256043061828336,-18.632326940600997],[-59.256257660185327,-18.63222881250606],[-59.256370311240758,-18.63202223585149],[-59.256511725508169,-18.631815355712174],[-59.256698028447424,-18.63175860508343],[-59.257000026457121,-18.631755403592141],[-59.257158687416656,-18.631794800285068],[-59.257400619616163,-18.63180787886801],[-59.257846941791243,-18.631745860311291],[-59.25804252820911,-18.631554084488055],[-59.258175565395767,-18.631428012865207],[-59.258251946890624,-18.6312479715336],[-59.258363484554458,-18.631043474565285],[-59.258840574975267,-18.630489873412678],[-59.258922381313127,-18.630105621210792],[-59.25900338977516,-18.629652916570929],[-59.259029275697216,-18.62940618096167],[-59.259127059372901,-18.629158678918998],[-59.259182345536921,-18.62896639622263],[-59.259482090056203,-18.628771526644037],[-59.259811885541907,-18.628685864829404],[-59.260241693032526,-18.628544377534297],[-59.260614300436771,-18.628430880362682],[-59.261057207263917,-18.628179716173118],[-59.26125549501721,-18.627917454584374],[-59.261276995760781,-18.627158460961937],[-59.261289032220304,-18.627158639350846],[-59.261695281377499,-18.625813147351714],[-59.262188454311932,-18.625064576364775],[-59.262362661910558,-18.624700661501578],[-59.262636183945467,-18.62414351219514],[-59.263335151625661,-18.623317851266801],[-59.263918287524952,-18.622971528773103],[-59.264040410801101,-18.622858823192509],[-59.264382179286663,-18.622554684702024],[-59.264844977639889,-18.622206552538028],[-59.265445706203927,-18.621505412264362],[-59.265752796667883,-18.62110912823125],[-59.266156687315139,-18.620679918510195],[-59.266412955563013,-18.620454686733385],[-59.266547648714585,-18.620307798101194],[-59.266852940601524,-18.620026024024476],[-59.267121244114776,-18.619800969372609],[-59.267274057518804,-18.619264916369929],[-59.26730171311727,-18.619036241141369],[-59.267592998091871,-18.618880256004427],[-59.267849440945035,-18.618643564166213],[-59.267971915266102,-18.618507952575857],[-59.268119175316187,-18.618326890190968],[-59.268508513123457,-18.618057830440542],[-59.268885094573115,-18.617834390414007],[-59.269056601169488,-18.617642246873054],[-59.269145303735662,-18.617357217332518],[-59.26920940670567,-18.617106183433815],[-59.269272257367163,-18.61693531758797],[-59.2692986438011,-18.616786812228558],[-59.26938484180917,-18.6166621032799],[-59.269482719341958,-18.616560485585122],[-59.269617573332006,-18.616402148940022],[-59.269693891376804,-18.616139844599626],[-59.269831775620176,-18.615685431798536],[-59.269856731449451,-18.615447208525978],[-59.269863497396813,-18.615235617664212],[-59.269880342329017,-18.615094424375194],[-59.269980131656695,-18.614925909851852],[-59.270107450692237,-18.614739473229786],[-59.270212471145314,-18.614532575724677],[-59.270397963738709,-18.61426926916101],[-59.270514586074675,-18.613959561503172],[-59.27043832195983,-18.61376648397815],[-59.270361533375578,-18.613529344953058],[-59.27030375890002,-18.613336072041317],[-59.270318015488527,-18.612974570191739],[-59.270278437474957,-18.612754662080579],[-59.270231243057403,-18.612562730934595],[-59.270272175188907,-18.612254084369933],[-59.270384944250139,-18.611969418890048],[-59.270472752291994,-18.611741645409865],[-59.270597188947576,-18.611480065349312],[-59.270903359108324,-18.611141030448824],[-59.271172355886122,-18.610870163938447],[-59.271318884170277,-18.610734909596328],[-59.271620040661389,-18.610716512001122],[-59.272028762301893,-18.610745549101125],[-59.272304601072342,-18.610806953590274],[-59.27256414100156,-18.610770966009024],[-59.272831856092203,-18.610724068810015],[-59.273090733151157,-18.610712493835962],[-59.273331116079802,-18.610701125753287],[-59.273709930959789,-18.61066185027282],[-59.27395031401138,-18.610650472425029],[-59.27410755556658,-18.610648790894381],[-59.274246093018299,-18.610629691746311],[-59.275241165423701,-18.611077071342152],[-59.275298320741328,-18.611217382921527],[-59.275301531751808,-18.61149039237289],[-59.275284682012959,-18.61163149289662],[-59.275277297088621,-18.611790113299584],[-59.275077645300172,-18.612118140763133],[-59.274988156408881,-18.612374529916959],[-59.274936488499577,-18.612700966000997],[-59.27503623184743,-18.613316454898065],[-59.275290734642198,-18.613718890909226],[-59.27592602877818,-18.614249381401198],[-59.276360499553832,-18.614647558677227],[-59.277481964228947,-18.615681025398317],[-59.277629698084326,-18.615890347660319],[-59.277770288250373,-18.616079970997664],[-59.277968628159655,-18.616473277964179],[-59.278025433196589,-18.616597894839494],[-59.278124447153481,-18.616781361621374],[-59.278343738026201,-18.61719222047579],[-59.278573943000325,-18.617354524414313],[-59.27894972256923,-18.61754162621272],[-59.279189205132397,-18.617702286522814],[-59.279431270968196,-18.617898942241752],[-59.279773705906855,-18.618191856772423],[-59.279893463336528,-18.618375102367803],[-59.279910179022842,-18.618618781425589],[-59.279939160247018,-18.618730506239707],[-59.279967841168762,-18.618815880037996],[-59.280088464731705,-18.619071614457749],[-59.280354500166922,-18.619338979598378],[-59.28059326076923,-18.61963958351695],[-59.280689937426601,-18.619799306391521],[-59.280796410771771,-18.620028828576661],[-59.280820513116645,-18.620311965157807],[-59.280810093697546,-18.620602061371592],[-59.280833488381091,-18.62082589318047],[-59.280828756583041,-18.621010481884195],[-59.28083319006781,-18.621386096753124],[-59.28085012980204,-18.62164954400372],[-59.280866603840394,-18.621873438617694],[-59.280890388040717,-18.622130221649915],[-59.280930188898154,-18.622571362146722],[-59.281055366759695,-18.623212548846677],[-59.281240527197589,-18.623540163707251],[-59.281427654890756,-18.623689675101332],[-59.281700665700853,-18.623960201937503],[-59.281877408915896,-18.624281244384349],[-59.281950706623924,-18.62462975654665],[-59.281954985888724,-18.624992195253657],[-59.28193221823976,-18.625407647400802],[-59.281921654225599,-18.625684565870532],[-59.281832819423855,-18.625777789531845],[-59.281780978145974,-18.626074917886037],[-59.281963475979055,-18.626297041825705],[-59.28210182406746,-18.626295555876702],[-59.282385198879972,-18.626272736081646],[-59.28276675562573,-18.626360908368923],[-59.282988089682405,-18.626589202389383],[-59.283239918731191,-18.626823759181693],[-59.283487274947142,-18.62688392449094],[-59.283656095094045,-18.626863535265006],[-59.283942838747535,-18.626592125262956],[-59.283926669212512,-18.626394582695571],[-59.283986043241484,-18.626150096427892],[-59.284150191920915,-18.625990161092563],[-59.28441392292661,-18.626061135673719],[-59.284575592893759,-18.626276881998933],[-59.284702760204802,-18.626499597971542],[-59.284882067492035,-18.626451534854592],[-59.285053750972466,-18.626344243146384],[-59.285100147786814,-18.626172385888609],[-59.285182607548123,-18.626125365877094],[-59.285307201110015,-18.62613062356839],[-59.285481692341406,-18.626260550265776],[-59.285661935125489,-18.626291569665753],[-59.285923076807101,-18.626143768724507],[-59.285969315093411,-18.625958735211288],[-59.285950025512697,-18.625497600142509],[-59.285982502669015,-18.625319312181638],[-59.286084864338036,-18.62519957848588],[-59.286201292356054,-18.625099466352886],[-59.28653207131314,-18.624990461300118],[-59.286863865457157,-18.624967115679286],[-59.28709898108152,-18.624957996493873],[-59.287272487867995,-18.624947327934521],[-59.287566153992302,-18.624972746000495],[-59.287732485331581,-18.624997312699616],[-59.288028764946937,-18.625073131551893],[-59.288219516324062,-18.625190515398902],[-59.288428351592465,-18.625339126435428],[-59.288497992680647,-18.625377910705936],[-59.288657793669962,-18.62543551208811],[-59.288934175807967,-18.625406168439774],[-59.289317018194943,-18.625019794157151],[-59.289473070563176,-18.624761084635136],[-59.289649404121548,-18.624462604241703],[-59.289833985693235,-18.624276088655026],[-59.290396973335127,-18.62391412727704],[-59.290478349144891,-18.623774847883865],[-59.290525753627968,-18.623688659009773],[-59.290604563396535,-18.623623883933416],[-59.29073598834669,-18.623622466504219],[-59.29090290761085,-18.623672696349249],[-59.29125287471161,-18.624038679942423],[-59.291375503701133,-18.623879188786731],[-59.29121699878133,-18.623597190221364],[-59.291042581657024,-18.623223724125033],[-59.291105555815548,-18.623022830180133],[-59.291123554004471,-18.623051502724106],[-59.291283275069098,-18.623102503770191],[-59.291636283809943,-18.623118463949851],[-59.291912819955094,-18.623102305102403],[-59.292305932040961,-18.622999206175159],[-59.292454354060517,-18.62268125668459],[-59.292583119707956,-18.622455786702066],[-59.292740651111636,-18.62232228236908],[-59.293334121027854,-18.622197243924333],[-59.293514282236487,-18.622221665514889],[-59.293693657632346,-18.622180184962488],[-59.294040489818634,-18.621965548844546],[-59.294337223335205,-18.621903031603566],[-59.294555412964236,-18.621745459115608],[-59.294694018116836,-18.62165533091202],[-59.295081459217364,-18.621657735642557],[-59.295380854762456,-18.621819268457173],[-59.29572277118065,-18.622066013398452],[-59.295960074567652,-18.622241386805701],[-59.296277260347608,-18.622469720020593],[-59.296949987692145,-18.622876560040591],[-59.297396604135137,-18.623201256471642],[-59.297612533301937,-18.623324135508469],[-59.297835764483821,-18.623479899179014],[-59.298121254317891,-18.62363497940839],[-59.298282891463884,-18.62373208847502],[-59.298674221800916,-18.623770693029012],[-59.298891566087683,-18.623722207082295],[-59.299104789214681,-18.623617749113905],[-59.299402662860956,-18.623360791593516],[-59.29963666535528,-18.623259391613022],[-59.300075553460502,-18.623224990460461],[-59.30046008821266,-18.622983565863017],[-59.300736641861761,-18.622912745887461],[-59.30097088816634,-18.622831173454443],[-59.301267229469985,-18.622735750464653],[-59.301371019862614,-18.622737920813265],[-59.301635959688127,-18.622619781622671],[-59.301606091531134,-18.622435689209198],[-59.301507166452105,-18.622262217446462],[-59.301380856549528,-18.6221120966574],[-59.301540228703239,-18.621843622585754],[-59.301768022358949,-18.621801636392579],[-59.302049892421365,-18.621943482036549],[-59.302309716755524,-18.622266698026785],[-59.302463618649007,-18.622120120997973],[-59.302573977302622,-18.62209258443372],[-59.302741052674307,-18.622179684436443],[-59.302855700956179,-18.622221252256374],[-59.303056925121815,-18.622271766481479],[-59.303110579653691,-18.622201961183318],[-59.303199704559809,-18.622062746761831],[-59.303272955967515,-18.621984224894703],[-59.303437439781788,-18.621984418314341],[-59.303613534904592,-18.622009976468078],[-59.303791842309465,-18.622263288666893],[-59.303895390341189,-18.622387812505838],[-59.304259058691407,-18.622533090361056],[-59.304392265232153,-18.622462926076686],[-59.30451492856546,-18.622373246795394],[-59.304730030760801,-18.62225310961173],[-59.304904355961902,-18.62217267964013],[-59.305171823169218,-18.622120689627867],[-59.30532259955541,-18.621795099189118],[-59.305362554311678,-18.621686673348403],[-59.305537583176559,-18.621665139179363],[-59.30583515474769,-18.621544107297638],[-59.305917871311578,-18.621562840595139],[-59.306145382167536,-18.621619276171792],[-59.306372199928695,-18.621616812681321],[-59.306721793435941,-18.621534477512306],[-59.306877142526893,-18.621591694388144],[-59.307136527375924,-18.621726312861632],[-59.307561922356413,-18.621947474095588],[-59.307838759471665,-18.621816851272914],[-59.30812273292463,-18.6214210830436],[-59.308284164787395,-18.621124825212362],[-59.308559942749909,-18.620905852729376],[-59.30874317319212,-18.620707529518167],[-59.308977702452673,-18.620489005781295],[-59.309162225868093,-18.620398640308025],[-59.309337251210472,-18.620377103835079],[-59.309668737372235,-18.620365853938392],[-59.309837187485876,-18.620368345067526],[-59.30993379364903,-18.620346858573352],[-59.310055708255483,-18.620245585044184],[-59.310286965096658,-18.620077190785896],[-59.310481071894323,-18.619976970950283],[-59.310565825215683,-18.61994386157161],[-59.310662254968122,-18.6199338318741],[-59.310829828785025,-18.619993575361523],[-59.310900609503406,-18.620086254426649],[-59.311018287446487,-18.620259804493816],[-59.311305299475364,-18.620378579690282],[-59.311604865121168,-18.620463181031212],[-59.311833483159113,-18.620466558776947],[-59.312062088873205,-18.620469935095205],[-59.312255484913813,-18.62041552120802],[-59.312473300933661,-18.620338555516536],[-59.31275303816841,-18.620147968545997],[-59.312948376446101,-18.619967590017318],[-59.313156970499783,-18.61970723633776],[-59.313364161417127,-18.619538487983],[-59.313695372021407,-18.619131032278126],[-59.314063029976637,-18.618701210204623],[-59.31479992518976,-18.617738507350431],[-59.315140870609817,-18.617480104528035],[-59.31522597348755,-18.617424087955875],[-59.315518797337766,-18.61716497191361],[-59.31589776923115,-18.61678112799293],[-59.316239946818243,-18.616442556670336],[-59.316520555577938,-18.616194708257709],[-59.316715355486259,-18.616048687189533],[-59.316776746403434,-18.615969415291854],[-59.317033808082662,-18.615686858591928],[-59.317084582033019,-18.615515795928438],[-59.317391008672828,-18.615153792595311],[-59.317453807393036,-18.614982907456231],[-59.317577644817959,-18.614755663540418],[-59.317782183991532,-18.614758674507627],[-59.318188452957557,-18.61494792291959],[-59.318643902312211,-18.615069172860782],[-59.318885059986513,-18.615038367946916],[-59.319019700569179,-18.614891448717099],[-59.319094348399169,-18.614732194230264],[-59.319096988706107,-18.614560433535367],[-59.319053779278164,-18.614239079018454],[-59.319081363559874,-18.614010412284866],[-59.319239713953593,-18.613886756272457],[-59.31951767501679,-18.61381067147143],[-59.319820217984443,-18.613700593479908],[-59.31999025158354,-18.613600012718003],[-59.320246958377169,-18.613340354318645],[-59.320345148559674,-18.613215810888164],[-59.320445087753718,-18.612976751434527],[-59.320449309100027,-18.612701927373941],[-59.320406457789652,-18.612357682944747],[-59.320314943343824,-18.612047076527517],[-59.320333656697365,-18.61161211239477],[-59.320444930001017,-18.611419033923404],[-59.320726399821865,-18.611113928174696],[-59.320885800838909,-18.610921560899747],[-59.320892129685348,-18.610509315032523],[-59.320871755587625,-18.610268481385951],[-59.320623491299692,-18.609978482787678],[-59.321090270206412,-18.608576535534706],[-59.322608323174421,-18.606892276294936],[-59.322937037231796,-18.606645123241695],[-59.323094406137564,-18.605799862215648],[-59.323171898015957,-18.6050389392101],[-59.323249891054473,-18.604846800607294],[-59.323259579804393,-18.604818000038222],[-59.323318541626556,-18.604712147111204],[-59.32333792673537,-18.604654544316102],[-59.323456876789969,-18.604528904553277],[-59.323686809081401,-18.604449873496375],[-59.32385686620826,-18.604400191808548],[-59.324136461697606,-18.604276594359103],[-59.324543496179501,-18.603899128765299],[-59.324770556038629,-18.60358102011547],[-59.32493750186854,-18.603273129091125],[-59.325186469597483,-18.603107815044915],[-59.325417098375951,-18.603086162258386],[-59.325578377880973,-18.603141784270594],[-59.325930489655683,-18.603204875475679],[-59.326117036571318,-18.603108118449633],[-59.3263649763161,-18.602856882698084],[-59.326664588659746,-18.602729335285304],[-59.327386225635337,-18.602635406014791],[-59.327609502100806,-18.602498865019459],[-59.327764873234301,-18.602401851240113],[-59.328085144439669,-18.602321869797652],[-59.32843459289866,-18.602165105104376],[-59.328904687684613,-18.602002467973023],[-59.32934301091754,-18.601744121005225],[-59.329630623611962,-18.60145421222558],[-59.330176316222079,-18.600922508816815],[-59.330314874197292,-18.60075849647852],[-59.330383865167079,-18.600652591103291],[-59.330462887681087,-18.600546588333863],[-59.330592336471817,-18.600459136181353],[-59.330994040621,-18.600473845344869],[-59.331525767663983,-18.600448888436791],[-59.331846727186786,-18.600426245075081],[-59.332057388134743,-18.600433786286871],[-59.332385194253739,-18.600243875625186],[-59.332595570162354,-18.600093028459721],[-59.332854799562199,-18.599946807588843],[-59.333213588647347,-18.599732579053313],[-59.333494153419494,-18.599691262109559],[-59.333936361632489,-18.59973419121507],[-59.334047572281968,-18.599799882099106],[-59.334492303798569,-18.600160245263293],[-59.335066109428084,-18.600409183907662],[-59.335320851149575,-18.600275476166935],[-59.335576113038655,-18.600107415092996],[-59.335770526781268,-18.599984269291841],[-59.336025092222265,-18.599862005282585],[-59.336206429669588,-18.599807396404191],[-59.33668708903749,-18.599817189349142],[-59.336900477640022,-18.599814836856812],[-59.337663835122164,-18.599908103212414],[-59.338504991123351,-18.600131234160376],[-59.339043408727271,-18.600531991515094],[-59.339581829505981,-18.600932748306079],[-59.340194175960143,-18.601143869678104],[-59.340409162884725,-18.601272224101745],[-59.340654801992464,-18.601414755163603],[-59.340718421046638,-18.601631926913413],[-59.340904153451646,-18.601862276537219],[-59.341243373157205,-18.602178077249032],[-59.341472365292354,-18.602204596045997],[-59.341593953379103,-18.602174208145385],[-59.341754962901938,-18.602099165695481],[-59.342093189354912,-18.602207328728976],[-59.342207896433685,-18.602262972692515],[-59.342235668249756,-18.60227842656467],[-59.342374874122832,-18.602382838423779],[-59.342542484648874,-18.602630542926441],[-59.34263878033498,-18.602848301877739],[-59.342762483715504,-18.602992093609039],[-59.342872006736243,-18.603223137145392],[-59.343056155414835,-18.603322718415679],[-59.34339414239497,-18.603536715665619],[-59.343686924700059,-18.603794768260414],[-59.34394887951413,-18.60402412587116],[-59.344164574795478,-18.604210443710329],[-59.344426529840362,-18.60443979882529],[-59.344567415641798,-18.604743073942256],[-59.344572181961247,-18.605134955019139],[-59.344559764517129,-18.605367345047913],[-59.344516862481719,-18.605600071324204],[-59.34447430168882,-18.605861821842691],[-59.344460650167527,-18.605992616354282],[-59.344523746037069,-18.606166106646278],[-59.344648159226907,-18.606367955971116],[-59.344740318724405,-18.606425001533299],[-59.345015399161007,-18.606480015667117],[-59.345213563618948,-18.606477824116173],[-59.34548811420521,-18.606489310345154],[-59.346083293566309,-18.606540784227946],[-59.346267448968455,-18.606640363402796],[-59.346666223889393,-18.606740895857637],[-59.34695131765023,-18.606985580302201],[-59.347200666186296,-18.607206841327312],[-59.347739281041065,-18.607397953891095],[-59.348157927926003,-18.607564406937769],[-59.348625058277534,-18.607708659882725],[-59.348997498964096,-18.607774857449133],[-59.349330328176613,-18.607880438092778],[-59.349560124377369,-18.607902181847461],[-59.34990890398047,-18.607956443903646],[-59.350051367214043,-18.608084517510438],[-59.350134715071036,-18.608142993850493],[-59.350372725997907,-18.608318267524737],[-59.350658000277498,-18.608551500288346],[-59.351004118892824,-18.608739792025283],[-59.351302292922895,-18.608915939697976],[-59.351648241065753,-18.609115687633203],[-59.351971349719776,-18.609234929724256],[-59.352198900946171,-18.609306969051364],[-59.352403429243765,-18.609309942769777],[-59.352598933282913,-18.609264764900939],[-59.352750747520197,-18.609165947274604],[-59.353039410145342,-18.60878634477017],[-59.353064020566904,-18.608713224389181],[-59.353126435968036,-18.608603259802017],[-59.353213018494941,-18.608383749354442],[-59.353299745444744,-18.608176377554098],[-59.353375799514701,-18.608139104527165],[-59.353408384975239,-18.608110499926244],[-59.353611349587361,-18.608216531711008],[-59.354017162211143,-18.608447670634757],[-59.354606633948045,-18.608683949418648],[-59.354886984994302,-18.608668695336419],[-59.355090834760347,-18.60865428995454],[-59.35538260804293,-18.608529628715242],[-59.35553352996979,-18.608357970828781],[-59.355530857268391,-18.608139452520135],[-59.35552863127662,-18.607957347886657],[-59.355527292467542,-18.607848092276214],[-59.355512913024455,-18.607714694988122],[-59.355575325017838,-18.607604720494063],[-59.355588222679593,-18.607616728011045],[-59.355779472440851,-18.607614601149802],[-59.3559333597712,-18.60768574061774],[-59.356202898167297,-18.607828441525218],[-59.3564071928187,-18.607850450367689],[-59.356571455249671,-18.607727205522945],[-59.356722671808832,-18.607579824274541],[-59.357057194690988,-18.607144205881493],[-59.357377205402457,-18.606880477184802],[-59.357670309775408,-18.606865068205547],[-59.358068524105491,-18.607103475075878],[-59.358184461392703,-18.607199315664079],[-59.35845489213488,-18.607414853812504],[-59.35882790554421,-18.607677819573869],[-59.359274606820406,-18.607709266311712],[-59.359648966839764,-18.60764000198462],[-59.359806577586816,-18.60756212020905],[-59.360041224208715,-18.607164652629386],[-59.360226544462009,-18.60684664905429],[-59.360643039286181,-18.60636019733024],[-59.361902377236646,-18.605263432356828],[-59.363206533010825,-18.603757802371472],[-59.363712128965744,-18.603570811556484],[-59.364206267596288,-18.603313425325819],[-59.364598084628511,-18.603339272844892],[-59.364905628750321,-18.603396296089048],[-59.365266319404483,-18.603472863582176],[-59.36549782820255,-18.60336953088758],[-59.365665491561842,-18.603236691707679],[-59.36587498040835,-18.603063074520719],[-59.366127650915068,-18.602959502760086],[-59.366233938196736,-18.602998616057466],[-59.366527424424731,-18.603169856364445],[-59.366683301770493,-18.603206476294051],[-59.366767692778645,-18.603196246835516],[-59.366888518060584,-18.60316362853294],[-59.367018665486221,-18.603140974174632],[-59.36718719478668,-18.603078643668532],[-59.367586861059451,-18.602882751999644],[-59.367807333685811,-18.602879150191029],[-59.368095916219673,-18.602977811884383],[-59.368373456584287,-18.60317620556404],[-59.368438290851536,-18.60328630218245],[-59.36869566964674,-18.603565524531717],[-59.36881365440987,-18.603695181215055],[-59.369452633443856,-18.604030581656989],[-59.369908915544904,-18.604136297667157],[-59.370166545089866,-18.604435660849525],[-59.370295352086401,-18.60458534212102],[-59.370468966267119,-18.604936020005848],[-59.370503554532498,-18.605167355963491],[-59.370608611358904,-18.605439444697762],[-59.370773595359097,-18.605670901018865],[-59.371118866778936,-18.605916415026041],[-59.371644263509509,-18.606187439715626],[-59.37215761691288,-18.606458292572],[-59.372742309681826,-18.606787438164442],[-59.373421861442026,-18.607209576491996],[-59.374124106596078,-18.607723667601455],[-59.374529539743428,-18.607970044942682],[-59.374781678413264,-18.608008050002866],[-59.375011124423402,-18.607954098833787],[-59.375228889799047,-18.607877065686605],[-59.375470884200432,-18.607788936623805],[-59.375714255926596,-18.607609198773527],[-59.375835766943574,-18.607530770659125],[-59.375958653968624,-18.607360749329164],[-59.376154078428222,-18.607168867575929],[-59.376289512681751,-18.606964659461589],[-59.376518209922047,-18.606766659520684],[-59.376709727391074,-18.606579837978835],[-59.377187788181288,-18.606051226178153],[-59.377877502387186,-18.605658747566199],[-59.378375505125753,-18.605437694919733],[-59.378566258560916,-18.60518932328192],[-59.378741258218781,-18.604971906118276],[-59.378996237515153,-18.604692034182172],[-59.379266797773042,-18.604365808018507],[-59.379635588664058,-18.604146214890061],[-59.380135868513108,-18.60410981081974],[-59.380460012059181,-18.604198502557374],[-59.380783396217716,-18.604225644662883],[-59.380994108309601,-18.604284831237891],[-59.381318645845397,-18.604404293780782],[-59.381627775733229,-18.604585488142924],[-59.381864483363536,-18.604784427649982],[-59.382140188569764,-18.604873660603396],[-59.38246395328764,-18.604931573743659],[-59.382690434527284,-18.604959803959304],[-59.383063795788225,-18.605109492474948],[-59.383112627807968,-18.605139720423214],[-59.383210103666165,-18.605184789508947],[-59.383439634908427,-18.605459222615433],[-59.38365225743815,-18.605672275653212],[-59.384172932985429,-18.606187660910191],[-59.388255634865445,-18.605694243794559],[-59.392719122064719,-18.605082242071475],[-59.392791815660118,-18.605048927456068],[-59.392936182241563,-18.605051003298559],[-59.393092584216006,-18.605053241772843],[-59.393368776083385,-18.605091563412454],[-59.393803501900088,-18.605158952087812],[-59.394674663186443,-18.605473454143301],[-59.395816018753898,-18.606289464694697],[-59.396160493875705,-18.606700032816413],[-59.39674295177263,-18.607991777745717],[-59.397052111794849,-18.60865414936654],[-59.397404220257123,-18.608837325658399],[-59.397752060812728,-18.60884443815565],[-59.398053002817733,-18.608786961219785],[-59.398390744634291,-18.608656993923223],[-59.398670582826547,-18.608419551729867],[-59.398951994746639,-18.608308238301078],[-59.399612667196671,-18.608372822622179],[-59.400275590063053,-18.608617579509374],[-59.400596050906771,-18.608613941017751],[-59.40110255246222,-18.608409972482431],[-59.401458910749376,-18.608261754976755],[-59.401721698079115,-18.608168674003235],[-59.402404381507452,-18.608485279227377],[-59.402652359185495,-18.608716724947843],[-59.403008711631315,-18.609043488430029],[-59.403458219658972,-18.609565299452647],[-59.403993654567508,-18.609973812768668],[-59.404460472490463,-18.61014082355765],[-59.404920024004355,-18.609987039044722],[-59.405560042884368,-18.609835838336291],[-59.406226289167172,-18.610349280669627],[-59.407032159183061,-18.610685159428499],[-59.407578614143105,-18.610660918522122],[-59.407823448796236,-18.610640103857214],[-59.408500462724973,-18.610358818419801],[-59.408841400253102,-18.610088804881379],[-59.409207251267773,-18.609761888405153],[-59.409260300329883,-18.60943050610603],[-59.409263021332556,-18.609247297910009],[-59.409196442955299,-18.608868394852131],[-59.409115967138483,-18.608615279853957],[-59.409060561750564,-18.608293807492018],[-59.409077519908948,-18.607961906221202],[-59.4091312527962,-18.607584720581482],[-59.409099568773456,-18.607286486964846],[-59.409103817711674,-18.607000222274788],[-59.409155506498522,-18.606760448149501],[-59.409302595729642,-18.60657929337793],[-59.409509495184651,-18.606421897811614],[-59.409656750867597,-18.606229298036613],[-59.409711496563027,-18.605783411104497],[-59.409641685657959,-18.605622077949015],[-59.409686105967822,-18.605061510167481],[-59.409810820540301,-18.604765503926977],[-59.410032292423104,-18.604436524021697],[-59.410216312406355,-18.604198636127599],[-59.410256651527845,-18.603912888349619],[-59.410260391621094,-18.603660970589871],[-59.410097567002403,-18.603280692311913],[-59.409982361545339,-18.602935458995503],[-59.409864098892299,-18.602796339458113],[-59.409747018992555,-18.602577066140469],[-59.409751097882236,-18.602302246955027],[-59.409840067407337,-18.601982829606882],[-59.409914959601068,-18.601800646387726],[-59.410074919598017,-18.601562417660418],[-59.41024775764717,-18.601267099738184],[-59.410494989588379,-18.600823957796091],[-59.410646824614872,-18.600322185560554],[-59.410708669084833,-18.600208542025229],[-59.410930819697064,-18.599833757818089],[-59.411020124136904,-18.599491437249025],[-59.411107562625411,-18.5992750754986],[-59.411318014559562,-18.598877217708537],[-59.411576580823677,-18.598480048377727],[-59.411967996907372,-18.598050412424822],[-59.412201658193496,-18.597710147274029],[-59.412364319545141,-18.597288698763297],[-59.412404318049354,-18.597025852249018],[-59.412585441492425,-18.596982619289079],[-59.412801813897239,-18.596997155235055],[-59.41304190260054,-18.597034939563841],[-59.413306732442152,-18.59702726135081],[-59.413524284044499,-18.596961641556994],[-59.413659842104316,-18.596745957803744],[-59.413569534304344,-18.596343815666124],[-59.4133907813329,-18.59622674146754],[-59.413042602183552,-18.596175966220244],[-59.412922637317607,-18.596151359287347],[-59.412743715195248,-18.596045730169333],[-59.412541245032578,-18.595905406528082],[-59.412363176381497,-18.595742528079374],[-59.412185951874314,-18.595522389384968],[-59.411986031864068,-18.595210308846308],[-59.411759337463636,-18.595081091595812],[-59.411616845093491,-18.594953079268755],[-59.411416240155575,-18.594686804999498],[-59.411335432384007,-18.594456584139508],[-59.411134828376255,-18.594190308599519],[-59.410884755157106,-18.594014944584135],[-59.410646368373897,-18.593862653051794],[-59.410527436589504,-18.59376933747118],[-59.41031429789107,-18.593537230093016],[-59.410126922597627,-18.593190969268317],[-59.409963600693459,-18.592845048595724],[-59.409836710168314,-18.592476742271934],[-59.409678499790004,-18.591787292548773],[-59.409563127014444,-18.591453514337417],[-59.409459448129255,-18.591142799999155],[-59.409355603242005,-18.590843540367683],[-59.409167895224272,-18.590520172162396],[-59.408907157590782,-18.590253033661718],[-59.408744865718987,-18.589838401905769],[-59.408824008774971,-18.589369953686131],[-59.409022770891454,-18.588949026863652],[-59.409027531451414,-18.588628413075188],[-59.409055162415875,-18.588388289751641],[-59.409015885162113,-18.587792166063316],[-59.409008788426583,-18.587459926486833],[-59.409023534641378,-18.587276895988353],[-59.409073185411479,-18.587174516992246],[-59.409111310873229,-18.587037631736525],[-59.409464746218617,-18.586733442556103],[-59.409695172427114,-18.586610748549763],[-59.409851724743469,-18.586601527918763],[-59.410029947919888,-18.586752963756442],[-59.410245621202726,-18.58681329964206],[-59.410520087632257,-18.586966110873373],[-59.410854356508395,-18.587142672803839],[-59.411029356035471,-18.587511667930535],[-59.411192838461282,-18.58784614418639],[-59.411402576735973,-18.588307252883578],[-59.411539454087333,-18.588813143648839],[-59.411894392974375,-18.589219058777989],[-59.412240692712196,-18.589395787852094],[-59.41258971037653,-18.589389316281903],[-59.412952289021355,-18.58927994726983],[-59.413205590929742,-18.589237749759153],[-59.413589676258532,-18.589300481361828],[-59.413769442385195,-18.589348857338429],[-59.413924628062389,-18.589431242582595],[-59.414282793459122,-18.589619594533101],[-59.414402586484712,-18.589655655613502],[-59.415114351079865,-18.589528362050427],[-59.415598572564079,-18.589329101668756],[-59.415878811362916,-18.589092574062761],[-59.416293907676774,-18.588686175406352],[-59.416935866222119,-18.588397540072656],[-59.417375526195237,-18.587957129006938],[-59.417505654648643,-18.587294702188142],[-59.418426814407532,-18.586025073199188],[-59.419496882296656,-18.585261491500855],[-59.420787036538492,-18.585073673749996],[-59.421833899905977,-18.585065650754739],[-59.422768944987979,-18.585296540168081],[-59.423651819923947,-18.585801555840863],[-59.424622622280623,-18.586055844629012],[-59.424948087152885,-18.586014654887396],[-59.425056684676868,-18.585993290367536],[-59.425588320773635,-18.585840497857291],[-59.42587786856123,-18.58578733514754],[-59.426538443766134,-18.585865425430054],[-59.426812244174435,-18.586064007580962],[-59.427181433365121,-18.586321207738635],[-59.427899124168007,-18.586606256494743],[-59.428233234001958,-18.586794232056786],[-59.428488545692552,-18.586614602762225],[-59.428682186608953,-18.586537185314118],[-59.428907204259723,-18.586780883577536],[-59.429144066870478,-18.587036198390649],[-59.429560876635954,-18.587328426352542],[-59.429981725555173,-18.587345845074438],[-59.430548608712883,-18.587250792219411],[-59.431095142756739,-18.586903495626519],[-59.431835655086807,-18.586455857683085],[-59.432499943596355,-18.586282012408901],[-59.433040833445105,-18.585499422947457],[-59.433044713558836,-18.585236061998259],[-59.43320445859198,-18.585009266680814],[-59.433326432770599,-18.584896457774597],[-59.433416356777336,-18.584508337156166],[-59.433335527745292,-18.584278128444719],[-59.43333838243209,-18.584083474155889],[-59.433400883586422,-18.583924020562737],[-59.433754610867446,-18.583596892161811],[-59.434241317811612,-18.583225825366533],[-59.434349911753976,-18.583204456911748],[-59.434602518283135,-18.583208036388822],[-59.434866977181414,-18.583223221400026],[-59.435046063287565,-18.583317381471222],[-59.435320372406956,-18.58348160112596],[-59.435592990724864,-18.583760324135969],[-59.435737171567773,-18.583773814680789],[-59.435931315970116,-18.583662033275399],[-59.436125462326686,-18.583550239944689],[-59.436557143411775,-18.583647966717454],[-59.43715690233946,-18.583770973715968],[-59.437383094636694,-18.583934508411637],[-59.437692992012309,-18.584133579733756],[-59.43824664960804,-18.584118499687374],[-59.438296613656036,-18.583993224629587],[-59.438444485024156,-18.583754801075155],[-59.438627945071502,-18.583551240245704],[-59.43879786684704,-18.583450565698918],[-59.43912263531022,-18.583455146746921],[-59.439689839652154,-18.583337176663289],[-59.439858240162387,-18.583339554743144],[-59.4400385045221,-18.58335354844651],[-59.440279076762799,-18.583356942935463],[-59.440594345913574,-18.583189602849277],[-59.440753069587295,-18.583031500565546],[-59.44076862521672,-18.582791207541376],[-59.440748760398726,-18.582504612523447],[-59.440889473843207,-18.581933954350571],[-59.441183707629598,-18.581560160462839],[-59.4416622218287,-18.580925550304801],[-59.441869728659874,-18.580722333949943],[-59.442281891074899,-18.580510539073742],[-59.442487209354198,-18.580456176280478],[-59.442715753964585,-18.580459393790232],[-59.44285908798134,-18.580530130146194],[-59.442975845663547,-18.580772292726532],[-59.442997387978622,-18.58094438905157],[-59.442995880583304,-18.581047442083811],[-59.443086397860576,-18.581438110151836],[-59.443084056173909,-18.581598413968251],[-59.443165737930528,-18.581771357882097],[-59.44326196409925,-18.581772716602519],[-59.443442729264483,-18.58175235823084],[-59.443620649059348,-18.581926660789406],[-59.443836654767189,-18.581964065402438],[-59.443969976025429,-18.581897221040261],[-59.443996218369136,-18.581748708117889],[-59.443867423078693,-18.58150638095697],[-59.443784730049423,-18.581402142781688],[-59.443762851943347,-18.581252949075388],[-59.443788924618751,-18.581115880956386],[-59.443909880310635,-18.581071772968301],[-59.444114196796555,-18.581086107975768],[-59.444390685235376,-18.581101454465923],[-59.444716134646249,-18.581060233155302],[-59.445162027133996,-18.581009249806968],[-59.44577665267731,-18.580937736393739],[-59.446209350330058,-18.580966736454876],[-59.446437553186598,-18.580992856792719],[-59.446954275430379,-18.581034492324054],[-59.447495218831811,-18.581065013345793],[-59.448354606571471,-18.580710616573917],[-59.448657518376798,-18.579741400186517],[-59.448786347998357,-18.579159115882039],[-59.449349520028427,-18.578491334461418],[-59.449701528351888,-18.578278679663146],[-59.450426574189542,-18.578059821247248],[-59.450655273923566,-18.578051588673905],[-59.450868939657887,-18.578249287737517],[-59.451384313621297,-18.578382508966932],[-59.45158713080275,-18.57849988746452],[-59.451682349528319,-18.578569941732297],[-59.452064244070371,-18.578781462881576],[-59.452398365902084,-18.578969398629756],[-59.452765728444078,-18.579352500960432],[-59.453143944802804,-18.579815919496298],[-59.453272915320042,-18.580046786368744],[-59.453387852311671,-18.580414887207265],[-59.453480748043674,-18.580645251135042],[-59.453584481568015,-18.580955924269158],[-59.453687233676398,-18.581335311539867],[-59.453706777173231,-18.581644807933163],[-59.453834411704619,-18.581967271347519],[-59.454179401137637,-18.582235528931353],[-59.454454553251374,-18.582342469356245],[-59.45465670259798,-18.58250563941035],[-59.454905293347998,-18.582783995974214],[-59.455238256665652,-18.58305208259166],[-59.455522769020853,-18.583342393989891],[-59.455892314790034,-18.58357663183785],[-59.456499937945701,-18.583985991782257],[-59.457245208119446,-18.584030804150693],[-59.457822588126163,-18.584038901344471],[-59.45821936961881,-18.584055915065008],[-59.458519914208217,-18.584071577923098],[-59.458734267719791,-18.584223470643984],[-59.45903281724793,-18.584376541227343],[-59.459223108665363,-18.584528084759626],[-59.459521659099188,-18.584681152805921],[-59.459893382425783,-18.584766533952784],[-59.460205290470377,-18.584828162633059],[-59.460517705278065,-18.584855442770198],[-59.460721197110722,-18.584927006970457],[-59.460984159701859,-18.585045216595947],[-59.461116141484816,-18.585069969449243],[-59.46142738745818,-18.585177398539599],[-59.461606991291411,-18.585237174215699],[-59.461954490287027,-18.585333666406633],[-59.462326548978673,-18.585396132637687],[-59.462638962246196,-18.585423405941246],[-59.46300885249191,-18.58563472852655],[-59.46340547275021,-18.585663186454838],[-59.463993380678048,-18.585774482526098],[-59.464520816213486,-18.585907832345747],[-59.464785949763844,-18.585877187772333],[-59.465050578638717,-18.585880881890969],[-59.465486606981216,-18.585680829602889],[-59.465751407835832,-18.585673078099024],[-59.465945357858786,-18.585572712061897],[-59.466200952505318,-18.585370141574405],[-59.466466919208685,-18.585282238831216],[-59.466897060421289,-18.584658357720915],[-59.467061078210158,-18.584133826274126],[-59.467208239998634,-18.583941187356423],[-59.467533011972506,-18.583945720241232],[-59.467905231487997,-18.583996729914478],[-59.468049079823444,-18.584033099005129],[-59.468239874470491,-18.584150293403649],[-59.468465430878382,-18.584359580702969],[-59.46858272383124,-18.584567367556843],[-59.468939604231196,-18.584847213761581],[-59.469873188796626,-18.585180916326006],[-59.470698021094378,-18.585547445847684],[-59.471539860775401,-18.585570646030732],[-59.471937302474785,-18.585541826184549],[-59.472177874322327,-18.585545179734051],[-59.472469885594428,-18.585320199027787],[-59.472820044440795,-18.585233465501616],[-59.473037219633028,-18.585190676113783],[-59.473375012674602,-18.585126668727078],[-59.473593185472694,-18.585015188670567],[-59.473787961593246,-18.584857566518561],[-59.47399642535278,-18.584585613433468],[-59.474120520262957,-18.584323925532434],[-59.474265531187235,-18.584280138991662],[-59.474747830834986,-18.584206690894423],[-59.474856584328855,-18.584173841283619],[-59.474988894624659,-18.584175691079469],[-59.475085293185558,-18.584165580550621],[-59.475230798370035,-18.584087437756121],[-59.475317973086874,-18.583882509615826],[-59.475322113904369,-18.583596254794749],[-59.475323605880533,-18.583493201766533],[-59.475434679163499,-18.583300053446738],[-59.475582659339963,-18.583050161379042],[-59.475815343808691,-18.58276708980728],[-59.475863948900198,-18.582733405601026],[-59.4762292720998,-18.582429271988524],[-59.47642404341471,-18.582271648013279],[-59.47680023646214,-18.582047840009864],[-59.477018240850789,-18.581947797509454],[-59.477188954831846,-18.581789839895848],[-59.477300847429724,-18.581539442076437],[-59.47724434412698,-18.581286706050037],[-59.477162799781823,-18.581102324941611],[-59.477116338792086,-18.580987157324714],[-59.477071373690301,-18.580768933824999],[-59.477075177937039,-18.580505579894734],[-59.477104367097297,-18.58015095139821],[-59.477179013029641,-18.579980207927637],[-59.477337367234455,-18.579844979318818],[-59.477820812351673,-18.579691371343404],[-59.477946058195165,-18.57934954124099],[-59.477971108551017,-18.579281179035284],[-59.477986119433965,-18.57907523825298],[-59.477990258051406,-18.578788983317661],[-59.477970662233723,-18.578479496395122],[-59.477962111348596,-18.578238868795857],[-59.47791731171241,-18.578009201001212],[-59.477908425163626,-18.57779147762],[-59.477960174514365,-18.577540240860166],[-59.47798721667052,-18.577334475795062],[-59.478074386418697,-18.577129541899353],[-59.478244099713933,-18.577040287914176],[-59.478341153440816,-18.57698437238577],[-59.478486979857202,-18.576883326080498],[-59.478753910078872,-18.576726711025934],[-59.479191549450078,-18.57641213036667],[-59.479614180697666,-18.576303477431988],[-59.480210833352352,-18.57580787128526],[-59.480734308200461,-18.57537995625523],[-59.481195172766526,-18.575122952996377],[-59.481417131734474,-18.574748105386224],[-59.481615029765692,-18.574372926797597],[-59.48175360914324,-18.573939654404153],[-59.481892693159367,-18.573472046111299],[-59.482089930221754,-18.573142660343493],[-59.482394748701147,-18.572860583408094],[-59.482759878817518,-18.572567896740313],[-59.483331781130559,-18.57211774601744],[-59.483805984451628,-18.571769304904699],[-59.48410766321166,-18.571704778294865],[-59.484707886667081,-18.571793279591827],[-59.485537291539053,-18.571839148297727],[-59.486031743681707,-18.571754395077985],[-59.486644827416541,-18.571785806072874],[-59.487478521302101,-18.571533966420038],[-59.488274645874647,-18.571384673283667],[-59.488600548193752,-18.571309031481828],[-59.488866960209897,-18.571186743328269],[-59.489061541455989,-18.571040564945253],[-59.489352015137897,-18.570918613260964],[-59.489641667042676,-18.570853914411355],[-59.490050597779685,-18.570859582023768],[-59.49031520645454,-18.570863244538344],[-59.490736003349696,-18.57088052476961],[-59.491084638552238,-18.570896812216535],[-59.491336888675747,-18.570923208234888],[-59.491480227858993,-18.570993908349624],[-59.491623732172357,-18.571053161540679],[-59.491778775526399,-18.571146924917215],[-59.491814694569349,-18.571158876275462],[-59.492125273055279,-18.571312058445471],[-59.492279490601369,-18.571463071826066],[-59.492433043413229,-18.571659885841569],[-59.492503237892564,-18.571798291070888],[-59.492716282843368,-18.572041731504005],[-59.492858308731229,-18.572204036069827],[-59.492964085624997,-18.57237728300057],[-59.493116244191135,-18.572680749308617],[-59.493191573907048,-18.573024772251209],[-59.493208858754208,-18.573045455380949],[-59.493212384618957,-18.573109264805893],[-59.493341741839728,-18.573305832683523],[-59.493566899244222,-18.57353807550373],[-59.49368420477257,-18.573734478444972],[-59.493813749163422,-18.573919579655744],[-59.494005338810567,-18.573990942746821],[-59.494243279908936,-18.574177526506315],[-59.494408948843429,-18.574363128612763],[-59.49452773050902,-18.574467873804888],[-59.494729167165929,-18.574676881694089],[-59.494929693534374,-18.574943166804754],[-59.495117793300963,-18.57523219784791],[-59.495306269281883,-18.575498317936884],[-59.495494385169046,-18.575787357006252],[-59.495636148211965,-18.575961168208192],[-59.495752362637248,-18.576226311547327],[-59.495845774779099,-18.576410927985158],[-59.495962538113545,-18.576641696581582],[-59.496067817297948,-18.57683793369149],[-59.496311919324768,-18.577391285441124],[-59.496439451399361,-18.57770241250627],[-59.496495448612386,-18.577966734426184],[-59.496503447946566,-18.578218942578008],[-59.496511455831609,-18.578471151771343],[-59.496509434037655,-18.578597169582245],[-59.496493169546106,-18.578860514554648],[-59.496500438770077,-18.579158545227354],[-59.496604247120494,-18.579446434047448],[-59.496720277245934,-18.579723031506546],[-59.49683723520269,-18.579942342907916],[-59.496894517583527,-18.580126466397317],[-59.496938467165599,-18.580390623337035],[-59.496958516140431,-18.580642996320293],[-59.496967261584544,-18.580849375312667],[-59.496998990889267,-18.581124821560088],[-59.497066849249372,-18.581400763233169],[-59.497208074489805,-18.58160894627996],[-59.497313902747443,-18.58177081573449],[-59.497466442007962,-18.582024983579583],[-59.497535039016945,-18.582255096156054],[-59.497603636062834,-18.582485214107844],[-59.497636092806644,-18.582714830031026],[-59.497714722033578,-18.583071128802708],[-59.497816333036013,-18.583496498093162],[-59.497932185356497,-18.583784550388611],[-59.498049693285381,-18.58396948515842],[-59.498264106706607,-18.584121367403828],[-59.498433827789306,-18.584054913134704],[-59.498637855648411,-18.584103524347086],[-59.498804638853009,-18.584220371254965],[-59.498983282612343,-18.584348850251619],[-59.499234200363752,-18.584478302408215],[-59.499378186535111,-18.584514634827457],[-59.499510120874824,-18.584550794689033],[-59.499690419607788,-18.58457616384446],[-59.500015259217619,-18.584603484276709],[-59.500195922910301,-18.584605933135268],[-59.500388453988315,-18.58462000235145],[-59.50048480994257,-18.584621310536509],[-59.500605804237217,-18.584588575245174],[-59.500760357718285,-18.584716724482931],[-59.50109971376677,-18.584652560303621],[-59.501769785133888,-18.583818996001472],[-59.502152445119926,-18.583842525034729],[-59.502477126209449,-18.583818026325126],[-59.502786409210152,-18.583706012245013],[-59.503081028244402,-18.583563224732917],[-59.503316811833628,-18.583498518283349],[-59.503625337954894,-18.583546439198109],[-59.504698244504191,-18.583621391433777],[-59.505131238209714,-18.583595599234087],[-59.50530369359754,-18.583485208897876],[-59.505416094092823,-18.583360062524182],[-59.505620193769218,-18.583053255561694],[-59.505775765965389,-18.582741872326437],[-59.505838421632667,-18.582519285407155],[-59.505922656119608,-18.582420269050367],[-59.506106426509731,-18.582337821012786],[-59.506373968056103,-18.582345150600176],[-59.50681645063608,-18.582392467193383],[-59.508309706724241,-18.582365226403009],[-59.508417418458478,-18.582317509550066],[-59.508950010077086,-18.582007816311162],[-59.509314330439246,-18.581745524375602],[-59.509529543914809,-18.581634619904278],[-59.509625371744242,-18.581550932972256],[-59.509792090570535,-18.581213404763524],[-59.510079297373359,-18.58094708263371],[-59.510515435158375,-18.580510729519951],[-59.51074561172414,-18.580329222059568],[-59.511150450543425,-18.580166651036652],[-59.51170905062591,-18.58020205581467],[-59.512538358735384,-18.580486594167958],[-59.512667892663622,-18.580611248219483],[-59.512822069036545,-18.580840753244637],[-59.512907027783029,-18.581112580802486],[-59.512993429085604,-18.581238906468176],[-59.51312645127382,-18.581381767332172],[-59.51334110616331,-18.581446271100123],[-59.513454988110411,-18.581434588109108],[-59.513539952206315,-18.58139230144209],[-59.513895577037637,-18.581336476826635],[-59.514078002567295,-18.581334297234356],[-59.514175656937383,-18.581389882800277],[-59.514255735557292,-18.581409557767401],[-59.514441086216593,-18.581412506506325],[-59.514888187619903,-18.581159541332418],[-59.515156195967869,-18.580944814482734],[-59.515324311280501,-18.580720974535062],[-59.515381249731035,-18.580498462759284],[-59.515418987563407,-18.580116253454012],[-59.515485031697992,-18.579934904996353],[-59.515552344163453,-18.579851555463879],[-59.515736810148034,-18.579787437270024],[-59.51607240670063,-18.579726686584934],[-59.516169586035538,-18.579746166350542],[-59.51641457971818,-18.579949590560258],[-59.516496286964859,-18.580093054496192],[-59.516686024519814,-18.580214603590427],[-59.516992236903718,-18.580303805064869],[-59.517181313817424,-18.580373763297157],[-59.517641294092925,-18.580450806200115],[-59.517938005763192,-18.580467900544587],[-59.518248422711139,-18.580443545524389],[-59.518595625438131,-18.580398119749507],[-59.518912825878459,-18.580456237656673],[-59.519284871534211,-18.58056527723566],[-59.519460294164908,-18.580681525188975],[-59.519516668535168,-18.580771626781907],[-59.519562744874342,-18.581023862740071],[-59.519598448868479,-18.581136926705238],[-59.51969521520347,-18.581342121564585],[-59.519834141961439,-18.581500385392754],[-59.520165735704232,-18.581785313538298],[-59.520412498184022,-18.581906164711498],[-59.520764520358952,-18.582010288700943],[-59.520969615535002,-18.581997516181307],[-59.521335679811195,-18.581869313812053],[-59.521657874553917,-18.581613074363379],[-59.522085954761259,-18.581450211210292],[-59.522641645016918,-18.581264780135307],[-59.523303072565312,-18.581162204165096],[-59.523478708356954,-18.581254744133581],[-59.524014750898786,-18.581342955000608],[-59.524421648682036,-18.581338074829567],[-59.524945786478398,-18.58140538697273],[-59.525410545538222,-18.581378789447829],[-59.525943811920726,-18.581256704426409],[-59.526279709721038,-18.581158034352235],[-59.526523718228113,-18.581144590272949],[-59.526756523524845,-18.581162832571735],[-59.526921004153564,-18.581122139223041],[-59.527106532810727,-18.580923875540304],[-59.527455491128478,-18.58079587602008],[-59.527629947675706,-18.580746742445893],[-59.527862880296745,-18.580775504552815],[-59.528317951213623,-18.580896216696345],[-59.5287462022009,-18.581159335070048],[-59.529055130615959,-18.581238158648688],[-59.529298504527425,-18.581317776346065],[-59.529442378626236,-18.581419213693774],[-59.529630452089272,-18.581628474572501],[-59.529826467485734,-18.582007873276304],[-59.530849332953586,-18.582857852371966],[-59.531300044592953,-18.583149240319383],[-59.531507339141633,-18.58337572255649],[-59.532771407621148,-18.58443846849234],[-59.532950447232764,-18.584611709334528],[-59.533137223768307,-18.584722959376293],[-59.533410666071568,-18.584704186583128],[-59.534058448390887,-18.584753123285239],[-59.534435762368666,-18.584614445866162],[-59.535035071510215,-18.58444729804728],[-59.535483393584471,-18.584287130427118],[-59.535815037043491,-18.584143847461785],[-59.536094710503647,-18.584166267980272],[-59.5362205396885,-18.584195706265572],[-59.536395436160362,-18.58427097848854],[-59.536486091395879,-18.584228612649753],[-59.536548126906652,-18.584176268695273],[-59.536603829008321,-18.584077584066893],[-59.536710498612429,-18.583952480829705],[-59.537123043307091,-18.583890753631461],[-59.537456401477655,-18.583876416065849],[-59.537838098511486,-18.583724591869441],[-59.538242073827789,-18.583498890674861],[-59.538516915969531,-18.583180100026915],[-59.538675812286812,-18.582909919694277],[-59.538798006487227,-18.582406063189335],[-59.538912040155708,-18.582236419442665],[-59.539176365228954,-18.582001888281148],[-59.539500764455532,-18.581913847223081],[-59.539779649476102,-18.581899965760837],[-59.540101813990177,-18.581643697165237],[-59.540181863453284,-18.58131694945126],[-59.540607385403156,-18.580945534538326],[-59.540801141001197,-18.58093803135424],[-59.541072606324249,-18.580986339914052],[-59.541153442615702,-18.581062754004574],[-59.541233935075759,-18.581113356835669],[-59.541325213605376,-18.581117417442954],[-59.541416218039373,-18.581100849903134],[-59.541639328759423,-18.580943064238909],[-59.541729775227843,-18.580967899860788],[-59.542104451812101,-18.581163168600348],[-59.54292189987148,-18.581426689367234],[-59.543446867810168,-18.581556475382456],[-59.543733918318118,-18.581692503660367],[-59.543899570903989,-18.58171629233388],[-59.544139062872397,-18.581718549521128],[-59.544353587675765,-18.581772701746821],[-59.544502771151969,-18.581843124501255],[-59.544623925769493,-18.581949987096287],[-59.54474270864619,-18.582093003967284],[-59.544826477139594,-18.582270758722512],[-59.544887405010535,-18.58248033262058],[-59.545377169360911,-18.582998796022082],[-59.545604414345547,-18.583060528885039],[-59.545835109656302,-18.582921031974276],[-59.546123935128342,-18.582780832299076],[-59.546333340058254,-18.582788800915388],[-59.546648075909701,-18.582848090350101],[-59.547412441014089,-18.582617995011656],[-59.547779831418282,-18.582266529774927],[-59.547943524717127,-18.582009603554592],[-59.548039063995859,-18.581905273008857],[-59.548250566013493,-18.581732469677565],[-59.548305788326033,-18.581597669876395],[-59.548423092503995,-18.581415683447073],[-59.548490947126993,-18.581373598869096],[-59.548542252789538,-18.581372975800427],[-59.548681439092618,-18.581335170081264],[-59.548921471544844,-18.581014017788394],[-59.54922167463549,-18.580865930252244],[-59.549703235059205,-18.580849774562559],[-59.550096781723759,-18.580860480286546],[-59.550360931504962,-18.580917722354641],[-59.550560606686474,-18.581038233272537],[-59.550746723370388,-18.581195197629807],[-59.550994727857457,-18.581444150242454],[-59.551205882130077,-18.581709289117232],[-59.551245635611558,-18.581837898602242],[-59.551576995517998,-18.582535394748923],[-59.551749752495134,-18.58273916097361],[-59.551996204126766,-18.583195063514264],[-59.552210748085912,-18.583486013690173],[-59.552337740426147,-18.583545765218542],[-59.55245236274245,-18.583559188149266],[-59.552554304166733,-18.583510759180221],[-59.552632756058507,-18.583431723986699],[-59.55280488730498,-18.583319944261817],[-59.552958266774461,-18.583270563784357],[-59.553113834408244,-18.583329801408201],[-59.553194057247701,-18.583338675206832],[-59.553267735848273,-18.583306285444607],[-59.553353922556965,-18.583185732241574],[-59.553379384573958,-18.583030064239285],[-59.553333085088468,-18.582860195350612],[-59.553348250597672,-18.58276162396642],[-59.55371750767673,-18.582501373238102],[-59.55394788207704,-18.582300575044041],[-59.554005695864369,-18.581906355209437],[-59.554065234842007,-18.581739717439728],[-59.554157139749371,-18.581619059331111],[-59.554298566338112,-18.581544050242059],[-59.554433031873437,-18.581407081180316],[-59.554518174468157,-18.581234798733636],[-59.554501486203883,-18.580831599827707],[-59.554450864873552,-18.580589391661292],[-59.554478033913192,-18.580376790169979],[-59.554605953104783,-18.580198558179902],[-59.554702526856452,-18.58002607551866],[-59.554766937804743,-18.57975072542774],[-59.55480999012061,-18.579475758889153],[-59.554870164161201,-18.579340153134211],[-59.554982908481655,-18.579260489615898],[-59.555241174049769,-18.579167819208397],[-59.555498352965564,-18.579163108386027],[-59.555618058202242,-18.579145402650607],[-59.55581232671954,-18.578996986860233],[-59.556162396978372,-18.578431694881001],[-59.556167179362731,-18.578202607411107],[-59.556050484755424,-18.578085762785452],[-59.555981426682145,-18.577921490560716],[-59.555970172987927,-18.577362805247624],[-59.556086486040485,-18.576770154825201],[-59.556456666806241,-18.576046315020623],[-59.557215517291596,-18.575515704152007],[-59.557456662478614,-18.575332025389582],[-59.558033478216963,-18.57502620032901],[-59.558293691290245,-18.574631256828567],[-59.558462358065697,-18.574322365594384],[-59.559088056267029,-18.572971688295979],[-59.559290829746594,-18.572619979369826],[-59.559436184010281,-18.572310935904021],[-59.559550880402469,-18.572219182376614],[-59.55978544408309,-18.572085554473794],[-59.56001882318337,-18.572034711076906],[-59.560446976882467,-18.571861322281308],[-59.56073990659754,-18.571503851080831],[-59.560787089703098,-18.571074682583301],[-59.560757135211205,-18.570723449027465],[-59.560704135694316,-18.570646823800203],[-59.56061186412505,-18.570607128840635],[-59.560554510230801,-18.570597837242122],[-59.560312559348525,-18.570648830143323],[-59.560070473594038,-18.570834344863826],[-59.559968116168548,-18.570862078559252],[-59.559893835583438,-18.570863440669655],[-59.559841767378515,-18.57083335290621],[-59.559789184435814,-18.570777418472375],[-59.559744656284458,-18.570695463058708],[-59.559757846119886,-18.570498639158643],[-59.559855139274319,-18.570362352021306],[-59.559979090055599,-18.570149180193152],[-59.560288040530104,-18.569858794937751],[-59.560656532838728,-18.569630596963371],[-59.561121017424774,-18.56953771143424],[-59.561775183256813,-18.569599526048133],[-59.562041968951874,-18.569531351628296],[-59.562167819063887,-18.569413055891292],[-59.562175225393474,-18.569202021949007],[-59.562098710200821,-18.568876530528577],[-59.562098773094156,-18.56855919304795],[-59.562123474577902,-18.568367337218881],[-59.562272209384183,-18.568230105358779],[-59.562720999605538,-18.567937149835586],[-59.562870174958377,-18.567818426181486],[-59.563247764139852,-18.5674635159635],[-59.563451595835538,-18.567164511235227],[-59.563463630126989,-18.566605410441124],[-59.56359625243681,-18.566244443689158],[-59.563993952626085,-18.565730993532139],[-59.564199482183511,-18.565516323779278],[-59.564579618210693,-18.56528789799529],[-59.565334128790191,-18.564546443414244],[-59.565599843175299,-18.564425568343925],[-59.565867675100847,-18.564410116296997],[-59.566109868932699,-18.564279118616099],[-59.567280738427627,-18.563371832605057],[-59.567985910439369,-18.563074166969017],[-59.568311798015579,-18.563047091842076],[-59.569072896407647,-18.562632389671219],[-59.569610635255451,-18.562126900627888],[-59.56983988544274,-18.561932865590276],[-59.57009521121995,-18.561875453911572],[-59.570308813420681,-18.562060756592835],[-59.570541005714439,-18.562583970817581],[-59.570928753699199,-18.562724529011536],[-59.571370318427597,-18.562642557995698],[-59.571961118018628,-18.56244180167667],[-59.572170555792837,-18.562416844519909],[-59.572417323804075,-18.5625072571505],[-59.572745697298359,-18.56259616095161],[-59.573011737619936,-18.562485768238378],[-59.573160324743483,-18.56233534441715],[-59.57323834550737,-18.562156082597109],[-59.573253572318471,-18.561776463479013],[-59.573216278094712,-18.561487453940821],[-59.57323483981186,-18.561275003487655],[-59.5733979490034,-18.561142674318788],[-59.573547925415461,-18.561067496375419],[-59.573716897634746,-18.56101995931877],[-59.57424495458234,-18.561189172783322],[-59.574786579157866,-18.561326029704347],[-59.575302220577989,-18.561523462442466],[-59.57547459934019,-18.561566849121537],[-59.575786880888622,-18.561602485513301],[-59.576100658581971,-18.561570841481494],[-59.57656057442874,-18.561557194411755],[-59.576930455640927,-18.561472794037247],[-59.577261191032925,-18.561290813553459],[-59.577595932830064,-18.56116566399708],[-59.577727368924144,-18.561163240624882],[-59.57781234709946,-18.561125464517179],[-59.577890891423792,-18.561051589097517],[-59.578060879041345,-18.560836368111097],[-59.578442212227742,-18.560612064178677],[-59.578949007033579,-18.560090587713209],[-59.579418093000335,-18.559683606292193],[-59.579739838432488,-18.559481106614388],[-59.579972270476212,-18.559244025385169],[-59.580095898435033,-18.559138285357857],[-59.580225653166849,-18.559053121068402],[-59.580381856565751,-18.559003686988021],[-59.580482403289174,-18.55888802680429],[-59.580549856080353,-18.558690197311471],[-59.580544614730748,-18.558431632378181],[-59.580693324660068,-18.558294396444715],[-59.580761894845942,-18.558293132450785],[-59.580970934688573,-18.558240921690381],[-59.581188722401343,-18.558057641351507],[-59.581423198372768,-18.557547170794656],[-59.581653285131999,-18.557395301833093],[-59.58204865657062,-18.5573458284026],[-59.582328782718633,-18.557361754733058],[-59.58275799067404,-18.557538647686325],[-59.582914062422802,-18.557623718536323],[-59.583212442055014,-18.557819957407133],[-59.583350746539296,-18.557874314003588],[-59.583539107702656,-18.557860493926661],[-59.58384377559527,-18.55780314012306],[-59.584322843008216,-18.557747741391694],[-59.58499593712979,-18.557860789762348],[-59.585115486175766,-18.557687689065546],[-59.585142167521468,-18.55759408041056],[-59.585133748823111,-18.557320061710151],[-59.585081951703494,-18.557020980891213],[-59.585025567074993,-18.556918560404522],[-59.58492934119392,-18.556542693424785],[-59.584823617725405,-18.555980780485605],[-59.584839795183015,-18.555370048954362],[-59.58491612013858,-18.555187585687509],[-59.584994053929265,-18.554943005315273],[-59.585186151600077,-18.55469083491904],[-59.585339838792493,-18.554517602443045],[-59.585458565361314,-18.554327864596829],[-59.585512563083263,-18.554115972530091],[-59.585625035061568,-18.553913537506602],[-59.585945559241694,-18.55362290220247],[-59.586749100161548,-18.553007011065556],[-59.587217692156557,-18.552544936182073],[-59.587453896422481,-18.552494019899353],[-59.587838054568934,-18.552269650273839],[-59.588102864527542,-18.551938845912108],[-59.588589675924702,-18.551562571611711],[-59.589005466067711,-18.551347965673255],[-59.589504552478857,-18.551012832791688],[-59.590011372878955,-18.550496495981022],[-59.590129685203237,-18.550411536909341],[-59.590587299142577,-18.550004747079758],[-59.59099761492098,-18.549521246212898],[-59.591227811766103,-18.549175565732313],[-59.591651130853002,-18.548769409073603],[-59.591772552294955,-18.548415388114162],[-59.591946861001844,-18.548132814142374],[-59.592213033785093,-18.547869229975646],[-59.592250295913601,-18.547734042282585],[-59.592259414477887,-18.547620067503882],[-59.592515649992492,-18.547149746459461],[-59.592724559772776,-18.546882054680921],[-59.5931105437516,-18.546326572736302],[-59.593288466150739,-18.545940472246524],[-59.593285335462028,-18.54564567015159],[-59.593266514091162,-18.545563246996288],[-59.593251631907272,-18.545253131205456],[-59.593308257361713,-18.545086549537078],[-59.593385517808606,-18.544950617711585],[-59.593389247845103,-18.544852254982636],[-59.593316589020297,-18.544512184572966],[-59.593258669791204,-18.5440528442263],[-59.593257847494748,-18.543871803832349],[-59.593415787232168,-18.543346394471893],[-59.593516865849239,-18.543116906369931],[-59.593887586184287,-18.542654822702161],[-59.594001171597021,-18.542259910359942],[-59.594178978031344,-18.542008313889738],[-59.594491553329298,-18.541076545872137],[-59.594654851254496,-18.54081486554071],[-59.594825122106712,-18.540615148153417],[-59.59485117531802,-18.540490506092308],[-59.594869315686815,-18.540117705747647],[-59.595094826589047,-18.539823852341105],[-59.595132614879546,-18.539714516162565],[-59.595511802908348,-18.539107415157101],[-59.595586876937062,-18.538723226313856],[-59.595530627986456,-18.538346626707931],[-59.595368558361599,-18.538106486786866],[-59.595235461599238,-18.538026178159335],[-59.594935427631334,-18.537747213226687],[-59.59487649691004,-18.537660356864894],[-59.594840972099171,-18.53745926802085],[-59.594917599491339,-18.537292315412873],[-59.594976745726221,-18.537249835820504],[-59.595327941401329,-18.537093313140836],[-59.595538619952734,-18.537053206981039],[-59.595825474847764,-18.536965126951831],[-59.59591435963096,-18.536839332623202],[-59.595996712641764,-18.536672265090861],[-59.596357454742126,-18.536282778691472],[-59.596745052012459,-18.536089382199272],[-59.596845784818854,-18.535984048481275],[-59.597403628534899,-18.535730590252697],[-59.597665305200799,-18.535668839948016],[-59.598227043478396,-18.535606714352237],[-59.598687923541156,-18.535644732990352],[-59.598795119507201,-18.535575497285922],[-59.599173905419349,-18.535511575081916],[-59.59934003337532,-18.535529185334532],[-59.59992237878955,-18.535637378366083],[-59.600465261284747,-18.535772174093566],[-59.600802554884019,-18.535915944858303],[-59.601197527203965,-18.535944825055072],[-59.601643494138187,-18.53609174823594],[-59.601885569015806,-18.536190729982525],[-59.602106378012344,-18.536228023704144],[-59.602384327138047,-18.536403922971878],[-59.602477430866031,-18.536484969024546],[-59.602948891485163,-18.536760749824111],[-59.603185668300547,-18.536880506338814],[-59.60375818505446,-18.537066462547713],[-59.604279900973843,-18.537284401264799],[-59.60505015297462,-18.537637397094628],[-59.60516526461047,-18.537676645224497],[-59.606210309145915,-18.537910741455836],[-59.606584444056196,-18.538038297806633],[-59.607010295862679,-18.538320081497012],[-59.607499220270576,-18.538611037606628],[-59.607599946301967,-18.53878505280521],[-59.608102308595015,-18.539174049589313],[-59.60843738799398,-18.539488548443661],[-59.609142042571165,-18.539987597031164],[-59.609508350252725,-18.540151500411806],[-59.609669387546077,-18.540200237580986],[-59.610342540030153,-18.540275666442064],[-59.610640914238537,-18.54019253627602],[-59.611031882180264,-18.540024893656174],[-59.611547916411368,-18.539963568686176],[-59.611889151351207,-18.539879620390121],[-59.612549720223917,-18.539619033477273],[-59.612936560757781,-18.539389400580021],[-59.613031045549185,-18.539258317386775],[-59.613108712025465,-18.53900339280051],[-59.613145111570283,-18.538826836766798],[-59.613402871870349,-18.538434064615082],[-59.613525931989415,-18.538162780463676],[-59.61387901281784,-18.537680284881557],[-59.614040268102336,-18.537320347376092],[-59.614212203694244,-18.53720334324721],[-59.614348594402706,-18.537164588317093],[-59.614444662343956,-18.537111080591327],[-59.614578303264864,-18.536937876059074],[-59.614751293206126,-18.536630227676618],[-59.614825322243128,-18.536260359112422],[-59.614992558034871,-18.535888182299114],[-59.615323574268473,-18.53554459581115],[-59.615507894483258,-18.535194569958279],[-59.615595183902386,-18.534851527704063],[-59.615718968444455,-18.534616440318111],[-59.615842130970158,-18.534489991320616],[-59.616027399961894,-18.53418651894992],[-59.616031524391623,-18.534108840742139],[-59.616091515575427,-18.533828377248675],[-59.615942644674341,-18.533117269424082],[-59.61592488105476,-18.532667546952606],[-59.615995450860304,-18.531926490211884],[-59.616210024330726,-18.531658674209744],[-59.616252244871319,-18.53148717737459],[-59.616400159155525,-18.53103436924852],[-59.61661589389702,-18.530823436877938],[-59.616728777670673,-18.530754085261929],[-59.617236742285989,-18.530299751112135],[-59.617512763143473,-18.529907830492505],[-59.617690225890748,-18.529765523803864],[-59.618218990822378,-18.529628122415417],[-59.618689210721712,-18.529574329269746],[-59.619087191117082,-18.529469949024467],[-59.619509454806312,-18.529282505815818],[-59.619873173287957,-18.529178662588908],[-59.620442541641168,-18.528911401665045],[-59.620920660047972,-18.528650734921293],[-59.62102676403228,-18.528509530156786],[-59.621667889599571,-18.52809643073924],[-59.6221417829261,-18.527923691584466],[-59.622406773643299,-18.527723173196723],[-59.622992044926484,-18.527383300865452],[-59.623363786456288,-18.527248321316918],[-59.623649949283688,-18.527285235809334],[-59.624229422162472,-18.527276249465228],[-59.624534065820292,-18.527225000049054],[-59.624999230855586,-18.527378015613607],[-59.625274119165582,-18.527590842767442],[-59.625492205058954,-18.527654653015563],[-59.626187033789783,-18.528047024634361],[-59.626709941217243,-18.52806991509248],[-59.626893172923587,-18.528098084758209],[-59.627512788069254,-18.528098801136959],[-59.627721691014131,-18.528126572415268],[-59.627965951679172,-18.528050412544605],[-59.628226727386163,-18.527937817700298],[-59.62849964992823,-18.527700991261995],[-59.628883932825531,-18.527297031377937],[-59.628984876889966,-18.527021531215311],[-59.628982847866233,-18.526902674132931],[-59.628876151746084,-18.526506339844321],[-59.628295254019996,-18.526096700482363],[-59.627723854865842,-18.525909155170567],[-59.627500791899436,-18.525721370350652],[-59.627497617709942,-18.52553535623759],[-59.627583023861213,-18.525353126215339],[-59.627917147719224,-18.525022305018993],[-59.628364639353691,-18.524808609569341],[-59.628756043185618,-18.524487242270467],[-59.629100383566389,-18.524419868328916],[-59.62925266931309,-18.524308961722202],[-59.629387661010604,-18.524187982532361],[-59.629649952097651,-18.523997833234059],[-59.629757537754784,-18.523944475045404],[-59.630002497127258,-18.523909654723337],[-59.630181528365455,-18.523860359392348],[-59.630370517130729,-18.523557630600067],[-59.630488138702006,-18.523256019381726],[-59.630606730018769,-18.523011254873413],[-59.630706678884827,-18.522844305819071],[-59.631181583366086,-18.522397582859632],[-59.631240902576799,-18.522360473218523],[-59.631400398862645,-18.52233732448466],[-59.631549190865542,-18.522355683371625],[-59.631685325924188,-18.522301877689372],[-59.631792726754675,-18.52223818815008],[-59.631936017267641,-18.522101573268277],[-59.632108042536792,-18.521809452775443],[-59.63222371703467,-18.521394155443566],[-59.632367536526651,-18.521288537790827],[-59.633031051276703,-18.521019796329917],[-59.633398742573817,-18.520983063595551],[-59.633728353261525,-18.520890071281272],[-59.633922923127429,-18.520747493170468],[-59.634074768663559,-18.520610743593576],[-59.634378306028708,-18.520161517784945],[-59.634595792185344,-18.520023746072113],[-59.634754938536332,-18.51997991922822],[-59.635934102144553,-18.519811670038077],[-59.636198972695091,-18.519605966632238],[-59.636678451562773,-18.519427943187601],[-59.636991376050304,-18.519361041310439],[-59.637413502448766,-18.519168400683757],[-59.637714298834481,-18.519060336529812],[-59.638354237302607,-18.518915990666226],[-59.639099097994269,-18.518563253358924],[-59.639312643006143,-18.518528907599055],[-59.63941541156349,-18.518527307567044],[-59.63951174853738,-18.518484456423312],[-59.639663055531713,-18.518316695856232],[-59.64002631247655,-18.51802158843218],[-59.640292848720229,-18.517914061503987],[-59.640764929978751,-18.517637925370448],[-59.64084202008911,-18.517471321454298],[-59.641023044379672,-18.517204898190649],[-59.641236518953441,-18.516999998407339],[-59.641571307309896,-18.5167104967509],[-59.641891772010936,-18.516250661296617],[-59.642014996121866,-18.51594378688366],[-59.642116156941341,-18.515849173155363],[-59.642305630517711,-18.515742837178113],[-59.642656910749018,-18.515582297794612],[-59.642963074578375,-18.51528807825272],[-59.643006267626241,-18.515142673385736],[-59.643145898232909,-18.5147941915384],[-59.643303719233991,-18.514507458217363],[-59.643427096571635,-18.514376308622879],[-59.643663860232358,-18.514031483849926],[-59.643695297794437,-18.513700199325719],[-59.643946800158105,-18.513215585390046],[-59.643974915754725,-18.513023910630913],[-59.644028542304241,-18.512821492794298],[-59.644096980376126,-18.512649851433824],[-59.644326778461313,-18.512398171348359],[-59.644750611937276,-18.511807503440849],[-59.644863632316202,-18.51173854705133],[-59.645201071618011,-18.511604065689784],[-59.645309178945226,-18.511581696913215],[-59.645603552549353,-18.511432388516955],[-59.645990770828341,-18.511204083623099],[-59.646308226053442,-18.511069911826308],[-59.646710705780961,-18.510732829510882],[-59.646841128348264,-18.510513705220408],[-59.646957561571135,-18.510144916293559],[-59.647354767237353,-18.509833759123484],[-59.64742088140374,-18.50969317773302],[-59.647614096041259,-18.50947307175689],[-59.647784640546583,-18.509429055659645],[-59.648075321799347,-18.509398672486835],[-59.648855972345189,-18.509138381133894],[-59.649212655966572,-18.509127641654029],[-59.649419491862638,-18.509201937321638],[-59.649745483382709,-18.509398412420204],[-59.649994397381079,-18.509596099414068],[-59.650321012886899,-18.509828749644058],[-59.650764641450635,-18.510059570523591],[-59.651202405982488,-18.510114743202379],[-59.652079254989118,-18.510468007919112],[-59.652317308029687,-18.510531472843223],[-59.652729289230194,-18.510581885983992],[-59.653082048086986,-18.510674562738032],[-59.653909470545535,-18.511142294754684],[-59.654349106380799,-18.511305975296409],[-59.655025026802242,-18.511264384293572],[-59.65511100678922,-18.511283717027517],[-59.655470715383338,-18.511448646030047],[-59.655573915610262,-18.511472872883722],[-59.65603379135819,-18.511486338482491],[-59.656222976654909,-18.511529896529833],[-59.656454166520653,-18.511691664986596],[-59.657181714411436,-18.511995546283039],[-59.657715261508301,-18.512307629494533],[-59.65791960837938,-18.512402624412925],[-59.658160785830638,-18.512481543651425],[-59.658384306482368,-18.51252972472933],[-59.65879174403252,-18.512812777049831],[-59.658959962999859,-18.512965193201072],[-59.659476396112773,-18.5132775489379],[-59.659778221039176,-18.513396864013124],[-59.660015390183169,-18.513574040991468],[-59.66030598490601,-18.513703867044246],[-59.660721455659242,-18.514121163340089],[-59.660739293206127,-18.514162234801194],[-59.660964052140457,-18.514448146130196],[-59.66151654021354,-18.514697899550391],[-59.661782342171669,-18.514714406906094],[-59.662055451491348,-18.514658434204183],[-59.662215474936261,-18.514500866597412],[-59.662411258513302,-18.514265207336567],[-59.662634344173341,-18.51412215498614],[-59.662811125894279,-18.514109035012723],[-59.662935813381978,-18.514055391046384],[-59.663037419433408,-18.513986603180818],[-59.663355395269349,-18.513718010297261],[-59.66362236056662,-18.5136362885316],[-59.664139246493519,-18.513312883552732],[-59.664561232376549,-18.513115017551627],[-59.664845049584095,-18.513017523626324],[-59.665264349304437,-18.512664636622507],[-59.665456031930681,-18.51235666635684],[-59.665757138078177,-18.512103842708846],[-59.666177870607811,-18.511999030263709],[-59.666673251456999,-18.511753484269583],[-59.666996488256117,-18.511624360990194],[-59.667377793557399,-18.511385782630665],[-59.667535313291268,-18.511248920274308],[-59.667888334710412,-18.511026280664041],[-59.668036668856004,-18.511018784378869],[-59.668178833680223,-18.510985542350312],[-59.668465142651364,-18.510867323781554],[-59.66881273092585,-18.510825676995164],[-59.669261015726384,-18.51082895659404],[-59.669633844601783,-18.510926460143374],[-59.669939154548779,-18.511247280134715],[-59.670196749421173,-18.511449964286257],[-59.670381849479661,-18.511751996984842],[-59.670480676155229,-18.511853811667876],[-59.67054997919589,-18.511899241947109],[-59.670788038227798,-18.511962685040565],[-59.670987928617222,-18.511964700898368],[-59.671404715030249,-18.511797918934892],[-59.672156585052683,-18.511196862535058],[-59.672550540309508,-18.510699640202727],[-59.672695286962515,-18.510320049384394],[-59.672726399178359,-18.510138661913452],[-59.672905835134287,-18.509784373691279],[-59.673143612114863,-18.509501514781157],[-59.673204436039121,-18.509386851558883],[-59.673374330931367,-18.509141247518365],[-59.673439439153526,-18.508943817874986],[-59.673500073989359,-18.508653423201483],[-59.673872215353938,-18.507722385158495],[-59.674005617320205,-18.507348142840499],[-59.674072053693813,-18.507062820864682],[-59.674160065824978,-18.506870202365114],[-59.674315060525551,-18.506423265091474],[-59.674572881423281,-18.505979870025847],[-59.675206801664842,-18.505163581538014],[-59.675188169502377,-18.504991902343598],[-59.675117862721606,-18.504428789602549],[-59.675437104034479,-18.504128667045801],[-59.675626814237098,-18.503929750335171],[-59.675913980253846,-18.503781163069956],[-59.676136961144991,-18.503760359587119],[-59.676918814062475,-18.503943952730051],[-59.677339417272393,-18.503861714736228],[-59.677507187800387,-18.503789913660285],[-59.677716498737581,-18.503677129944922],[-59.677860633438669,-18.50363451983694],[-59.678171084208593,-18.503675101499329],[-59.678514457943876,-18.503635105848115],[-59.678694196504011,-18.503557355212912],[-59.679039298842071,-18.503269548887637],[-59.679337832981901,-18.503080440964943],[-59.679641092008012,-18.502816344023678],[-59.679766522663456,-18.502739451146919],[-59.67988501404696,-18.502610808854264],[-59.680007744349837,-18.502378378517452],[-59.680093860740051,-18.502123469784589],[-59.680072557186278,-18.501939408761505],[-59.680073594970253,-18.501651267373344],[-59.680149250242359,-18.501488723567117],[-59.680186890887946,-18.501223061070331],[-59.680133820391838,-18.500947300218503],[-59.679990137493391,-18.500667211355548],[-59.680021144387091,-18.500367075430891],[-59.680072056673204,-18.500170347657047],[-59.68023079778289,-18.499925818604797],[-59.680288834396059,-18.499792372604034],[-59.680512247193732,-18.499448863326936],[-59.680692281494053,-18.499388394037688],[-59.680813270770514,-18.499403773024831],[-59.681118782991604,-18.499617919247392],[-59.681264413780802,-18.499661715752904],[-59.681348492167203,-18.499637339429686],[-59.681455710949571,-18.499554972644479],[-59.681668549721152,-18.499298062119713],[-59.68176440766041,-18.499256209743269],[-59.681867690518779,-18.499294914278668],[-59.681914396142346,-18.499351802126597],[-59.68202104919289,-18.499418683249601],[-59.682329362283689,-18.499794132076175],[-59.682433553062751,-18.499884688054845],[-59.682566607188889,-18.49989986489836],[-59.682729133925974,-18.499874248294528],[-59.682891162575103,-18.499819831015756],[-59.683235658072569,-18.499497453400714],[-59.683581554626983,-18.499255725573519],[-59.683942821899706,-18.499203916461518],[-59.684198892811644,-18.499003944889939],[-59.684281868838504,-18.498916199323791],[-59.684303108515813,-18.498748756658806],[-59.684294372132413,-18.498593307813678],[-59.684261102389044,-18.498415199447585],[-59.684264226941259,-18.498248042790618],[-59.684316134405705,-18.498108924907726],[-59.684452927475299,-18.497991519819902],[-59.684638694148369,-18.497913669610565],[-59.684889729953731,-18.497771401600996],[-59.685079628260482,-18.497583992936875],[-59.685237651737687,-18.49729913788207],[-59.685313089076629,-18.497125077757619],[-59.685380699501046,-18.496847411397461],[-59.685514378420727,-18.496551420980488],[-59.685627628534014,-18.496468955831268],[-59.685729609243275,-18.49643276488662],[-59.685820328145176,-18.496442851946213],[-59.686050724965312,-18.496502601187238],[-59.686201489386264,-18.496494446636536],[-59.686580817868595,-18.496240665858735],[-59.686744562726396,-18.496156668860884],[-59.686962161681521,-18.495878827702878],[-59.687090512334656,-18.495623247684005],[-59.687153886500589,-18.495449369124668],[-59.687151685007763,-18.49532263459896],[-59.686971783558612,-18.495043125062828],[-59.686800723528016,-18.494924820498714],[-59.686624627842114,-18.494864220456819],[-59.686489770110619,-18.494745344337012],[-59.68594271893722,-18.494177754544744],[-59.685732456646292,-18.493887204226432],[-59.685487183704382,-18.493666349667123],[-59.684786055472458,-18.493262540486125],[-59.684284243505282,-18.49286710385115],[-59.683977241234516,-18.49256655179774],[-59.683579419811593,-18.49225014520384],[-59.683446702726698,-18.491906491054142],[-59.683348258141152,-18.491798564931432],[-59.683100592742555,-18.491439445913556],[-59.682853925048192,-18.491137937049274],[-59.682740515532934,-18.490863130426053],[-59.682698315528732,-18.490518053670158],[-59.682801130786366,-18.490182205632244],[-59.68301435761785,-18.489948336858536],[-59.683238154142117,-18.48962787709009],[-59.683523689684989,-18.489387105018338],[-59.683797791564125,-18.488835348504118],[-59.683957509911615,-18.488648427927089],[-59.684452729940602,-18.488317907852529],[-59.684696227821028,-18.488089328341751],[-59.684946249524977,-18.487889450357766],[-59.685069164578536,-18.487668535723984],[-59.685281583765821,-18.487388580881429],[-59.685380860094483,-18.487196856503395],[-59.685413359848532,-18.486983131305006],[-59.685476231415393,-18.486780452229379],[-59.685606781896055,-18.486651617753502],[-59.685761760834573,-18.486539678480217],[-59.686294084053095,-18.486260432010337],[-59.687144566952988,-18.485917199509117],[-59.687360268285659,-18.485778943587878],[-59.687726271250952,-18.485429923662156],[-59.68783830506348,-18.48523202191333],[-59.688013816143439,-18.484996347302694],[-59.688126063034389,-18.484810691942506],[-59.688265018286813,-18.484685909272716],[-59.688404622026781,-18.484597902730609],[-59.688827033962276,-18.484542182941194],[-59.689018569477007,-18.484490115604405],[-59.68920947269325,-18.484401293050823],[-59.689424530220066,-18.484226272404033],[-59.689549173595893,-18.484015906179824],[-59.689646672835096,-18.48372017021897],[-59.689706325057458,-18.48346179881537],[-59.689830106594165,-18.483202421256564],[-59.689961826990562,-18.482660978388065],[-59.690008653002167,-18.482402816283024],[-59.690095025467713,-18.482205318345255],[-59.690219872675073,-18.482007210581063],[-59.690308162257942,-18.481920003612391],[-59.690423599266332,-18.481918176295327],[-59.690577084846197,-18.481891233171655],[-59.690768410324601,-18.481826907694074],[-59.690869316807408,-18.481727247969353],[-59.690905239587956,-18.481579583657226],[-59.690912953346526,-18.481285259539455],[-59.690961056560205,-18.481100628351559],[-59.691010447142475,-18.480989525061432],[-59.691131000110794,-18.480914068959684],[-59.691295015020607,-18.480856808885804],[-59.691357649133394,-18.480770018832072],[-59.691368984532382,-18.480684031202596],[-59.691418579813309,-18.480585185118507],[-59.691666317945227,-18.480446416076656],[-59.691948603953755,-18.480165095204381],[-59.692009532015049,-18.479980259390789],[-59.692031774710706,-18.479783776181062],[-59.692007436205735,-18.47912221910677],[-59.69202925227934,-18.478901230722009],[-59.692141694838718,-18.478727833367795],[-59.692253291809088,-18.478505420524368],[-59.692287935458786,-18.478284226889425],[-59.692287707278211,-18.478271176725382],[-59.692282391595,-18.477965600266213],[-59.692234530860027,-18.477427000740459],[-59.69222207248017,-18.476949227074623],[-59.727633515307097,-18.471928992560152],[-59.763043997243933,-18.466901798013431],[-59.798453504159362,-18.461867648785585],[-59.833862021928034,-18.456826550240358],[-59.869269536430508,-18.451778507754128],[-59.904676033553315,-18.446723526715893],[-59.940081499189027,-18.441661612527199],[-59.975485919236206,-18.436592770602207]]]},"properties":{"FID":8,"Clase":"Ñembi Guasu","SUP_HA":1128416.6078699999}}]
}