{"type":"FeatureCollection","features":[{"type":"Feature","id":0,"geometry":{"type":"Polygon","coordinates":[[[-66.216196457598215,-9.8022838280353426],[-66.219950177888663,-9.7999756539114991],[-66.221572814353181,-9.7988795393711587],[-66.222487113252768,-9.7978745501653943],[-66.223706043817756,-9.7962599934410317],[-66.22532924189386,-9.7950658168110447],[-66.227459646411191,-9.7940610080788897],[-66.228675757401106,-9.7933580572565759],[-66.230907422170063,-9.7921537850827765],[-66.232633284574632,-9.7902541747975071],[-66.233852238522147,-9.7882339295024909],[-66.235070556552088,-9.787035130076017],[-66.236692563597828,-9.7865338782468427],[-66.237703771276486,-9.7878546224919045],[-66.238207605597339,-9.7896688643208361],[-66.238712017014109,-9.7914831050700464],[-66.239317262674618,-9.7936016069556828],[-66.239415398437373,-9.7953132903820759],[-66.239110123673683,-9.7966350380152161],[-66.23930956636579,-9.7986430975519632],[-66.241031443005582,-9.7995559969302786],[-66.242147400121652,-9.7984585457798534],[-66.24296102543174,-9.7962364777215445],[-66.243774087842979,-9.7949271459074847],[-66.24529501503352,-9.794020152899888],[-66.246713783909982,-9.7943346238952227],[-66.247320204321838,-9.795551643238408],[-66.247114573063314,-9.797458251056522],[-66.247112452252978,-9.7988735703594276],[-66.24782050162014,-9.8002866705870062],[-66.249135990688558,-9.8016029008768051],[-66.249742481350964,-9.8029112037820649],[-66.250450047159902,-9.8041271144381916],[-66.251664734935403,-9.8050387916127129],[-66.254704801177169,-9.8056530073205401],[-66.256123497856279,-9.8053611790281696],[-66.257442011999245,-9.8045487258972983],[-66.258862742430097,-9.8035458195504859],[-66.260586198477085,-9.8027536358121719],[-66.262206618996643,-9.8034612816270368],[-66.263928124960515,-9.8047796647250962],[-66.265752155049839,-9.8052934524700301],[-66.269804439099218,-9.8061102514708587],[-66.27142622968195,-9.8063208738088132],[-66.273148549552133,-9.8066295210510539],[-66.274567704437118,-9.8063296701030787],[-66.275178284914986,-9.8046258028795297],[-66.274572237352444,-9.8032093879593916],[-66.273764062141538,-9.8014887380700948],[-66.272956101459229,-9.7993736970814886],[-66.273667162560969,-9.7978648012776688],[-66.275085616766276,-9.7981700661443991],[-66.275894101177116,-9.7996811051662327],[-66.277414199046817,-9.7999942308921604],[-66.27903512240637,-9.8001946577181318],[-66.279540531806433,-9.8016133074362521],[-66.280349650127519,-9.8027276844533979],[-66.282071965672557,-9.8030373805707001],[-66.283490682632376,-9.8035476726297333],[-66.283589672592498,-9.8050520229926938],[-66.283081555468584,-9.8063581154511166],[-66.282065314517382,-9.8082750380397741],[-66.281658243655187,-9.8095890146185756],[-66.281960700266083,-9.8109908075799446],[-66.282466154217545,-9.8125086437106468],[-66.283680878266821,-9.8136173472837669],[-66.285504340657567,-9.8142312653813395],[-66.287126439448457,-9.8139279124494703],[-66.288546040842434,-9.8131310079179901],[-66.289864268168543,-9.81253581871945],[-66.291588261738937,-9.8119428058534854],[-66.293716771766015,-9.8116393223786194],[-66.295744623602829,-9.810943680329979],[-66.297063349720773,-9.8101478602584873],[-66.298179522384871,-9.8093374215217306],[-66.300207942879496,-9.8079295597694216],[-66.302438997601541,-9.8066331965387761],[-66.303757563615306,-9.8056311276814139],[-66.305479637012468,-9.8063451693426842],[-66.305477846402567,-9.8078517897193702],[-66.305982877039355,-9.8093673110698543],[-66.307198709406251,-9.8100701869216067],[-66.308517410170111,-9.8092765472643766],[-66.309532653304316,-9.8078722150722264],[-66.310142440777113,-9.8064567168862027],[-66.310954902381013,-9.8043436509724895],[-66.311970426950822,-9.8028322663893128],[-66.313592556699902,-9.8016351223238249],[-66.315012158119401,-9.8011366619108191],[-66.317140702801566,-9.8012408528654529],[-66.317950029277071,-9.802355079274232],[-66.31774535340854,-9.8045682826016858],[-66.318453225485086,-9.8059822870046851],[-66.320073474223065,-9.807095146813813],[-66.321593623828846,-9.8071082044883866],[-66.323825006894424,-9.8058037150646182],[-66.325650214785213,-9.8050007943172055],[-66.327474897045263,-9.804702691645474],[-66.329804657704912,-9.8057149393578893],[-66.33091833134462,-9.806627308105238],[-66.332538697365933,-9.8079383957948938],[-66.333855680429181,-9.8086489644820904],[-66.335679948381724,-9.8092612913538098],[-66.338313936843122,-9.8096727177872918],[-66.340442252102079,-9.8096876482414483],[-66.341963269476665,-9.8093850232915845],[-66.34348366074677,-9.8088840673310926],[-66.346727063540186,-9.8086911185149965],[-66.348551671014917,-9.8087004572634644],[-66.350375659184067,-9.8090072772908545],[-66.353111431469259,-9.8099311824018098],[-66.353414054701219,-9.8117385447344354],[-66.353411864323419,-9.8136508626814507],[-66.353916554338028,-9.8157804358598337],[-66.355943369774366,-9.816588573637139],[-66.357463308713378,-9.8173958141912898],[-66.358069465813742,-9.8195140737210576],[-66.357763370321933,-9.8212327435181574],[-66.357660929801227,-9.8230470944963137],[-66.357659945240755,-9.8245526325467836],[-66.357759317891777,-9.8265708751842507],[-66.358569021002111,-9.8277852881710341],[-66.359581562505767,-9.8290965125366618],[-66.359985029764474,-9.8313174640385874],[-66.359983826288413,-9.8330315076169317],[-66.360387506790914,-9.8349448248551674],[-66.362008402373704,-9.8362647637090195],[-66.363832866279438,-9.8358682796509456],[-66.365556446228268,-9.8356611493539692],[-66.367583575493143,-9.8358753151669074],[-66.369914440013218,-9.8364893550434189],[-66.374880950628935,-9.8369102993676201],[-66.376400948287511,-9.8373207553901825],[-66.380860400505668,-9.8380382314409029],[-66.38329318478354,-9.8380457681602227],[-66.384712702296355,-9.8377349834907513],[-66.386943491469893,-9.8369447322606689],[-66.38897126780067,-9.8365445056280585],[-66.391200744499272,-9.836050604478686],[-66.394546895923867,-9.834844830906583],[-66.396067718339708,-9.8345519318669457],[-66.400832285055216,-9.8340640725778687],[-66.402859948098339,-9.8335645416404436],[-66.404279411489497,-9.8330654280956828],[-66.406407262962603,-9.8335743923309469],[-66.407116465830939,-9.8355921891127718],[-66.406507310009033,-9.8369990426254699],[-66.406100431042546,-9.8383133483964418],[-66.407012039374564,-9.8395162506688045],[-66.408430711805678,-9.8404336623156876],[-66.409849521263112,-9.8423506547629867],[-66.410457425009596,-9.8436664666860665],[-66.412280963369213,-9.8449836270508495],[-66.413597390081136,-9.8462977842927248],[-66.414103973392869,-9.8484183132721714],[-66.414406386243996,-9.8500285127343847],[-66.415217566342164,-9.8518456640011589],[-66.416534215217695,-9.8526560672640517],[-66.418763512861617,-9.8535694231131892],[-66.420790412616029,-9.8546823865201958],[-66.422108239034429,-9.8554927445644953],[-66.423426062475656,-9.8563019685263793],[-66.424540236511191,-9.8571147426627963],[-66.426060162611165,-9.8590304803239164],[-66.426464145269151,-9.8612514317859521],[-66.425956220648857,-9.8636669807115762],[-66.425042597047636,-9.8650787289648054],[-66.423826111209223,-9.8658832625411126],[-66.421696888063309,-9.8658793507238354],[-66.419872801114977,-9.8649600507913533],[-66.417237349912128,-9.863340392215342],[-66.415412768439424,-9.86373963063064],[-66.415817045621438,-9.8651480616450407],[-66.417134588445151,-9.8661658379632406],[-66.418755797040063,-9.8671777390926945],[-66.420377603866754,-9.868190749322423],[-66.42199925960503,-9.8686977302919683],[-66.423925336729567,-9.8693081318712004],[-66.42645967300831,-9.8698199661131643],[-66.42777737149855,-9.8700251164903943],[-66.429196810050442,-9.8700216746087328],[-66.430616572289082,-9.8699280591959688],[-66.431833165130072,-9.8691324933278892],[-66.43294854732612,-9.868332498288261],[-66.43396373320931,-9.8672147600356617],[-66.434977933984726,-9.8655042351109188],[-66.434471962894904,-9.8638987089901917],[-66.433459069061158,-9.8623804014480996],[-66.432749633463075,-9.8605598113243005],[-66.432142952833075,-9.8588473115730526],[-66.43052344231053,-9.8533975230427693],[-66.430017164987561,-9.8520884176625163],[-66.429308421474516,-9.8496649243627772],[-66.428498561011523,-9.84815322295246],[-66.427891194517912,-9.846331446994407],[-66.427284756722855,-9.8440239533091738],[-66.427386780937354,-9.8425070022479648],[-66.428299386892974,-9.8407876630198157],[-66.430733210348336,-9.8390906994905301],[-66.432153457485967,-9.8382848516386332],[-66.433572666807237,-9.837488022820807],[-66.435499291631345,-9.8362771562765658],[-66.437931556731087,-9.8361848753650758],[-66.439958410812721,-9.836694704630796],[-66.44127661380675,-9.837306566035581],[-66.443505501159819,-9.8391200440739492],[-66.44462024291424,-9.8399338009894972],[-66.44593760184739,-9.8405433927087955],[-66.447964756406208,-9.841350654464728],[-66.44978897604588,-9.8419631306041122],[-66.451512507706752,-9.8421711085401302],[-66.454958788304737,-9.8409732566225276],[-66.457188975617527,-9.8405687718515615],[-66.459114245876762,-9.8412881272253561],[-66.460938953263735,-9.8420988387348913],[-66.46225541304311,-9.8426993233443145],[-66.46256011907326,-9.8441189567080531],[-66.46083611079311,-9.845120287367962],[-66.459010969204172,-9.8459154710792305],[-66.457693402403677,-9.847235292616654],[-66.457590795778714,-9.8489404836446965],[-66.459414714713873,-9.849751231165607],[-66.461544064829738,-9.849456101034102],[-66.462861705844645,-9.8491572667920941],[-66.464484680076595,-9.848553824133278],[-66.46651263933849,-9.8472501243337405],[-66.467425230530438,-9.8462450742140035],[-66.468337154907701,-9.844634860589224],[-66.469149067519979,-9.8430247363088679],[-66.469960022351131,-9.8419127317787911],[-66.471380428678501,-9.8408090904962506],[-66.472799385179002,-9.8397043321658888],[-66.474523401173229,-9.8385056961124562],[-66.476752851717478,-9.8377032003753708],[-66.478982514115799,-9.8376061360068832],[-66.480402671444281,-9.8376102135376531],[-66.482125798719679,-9.837511409945872],[-66.484659637161016,-9.8371119304424397],[-66.48618033924177,-9.8371147378251802],[-66.487903101983676,-9.8371240748781901],[-66.49003223168873,-9.837235475298062],[-66.491450782591343,-9.8373386650633545],[-66.492971620311081,-9.8377392263746781],[-66.493680991772919,-9.8391527089503761],[-66.493680691860234,-9.8407676114364566],[-66.493882986936498,-9.8424769490616217],[-66.493983805346502,-9.8439993381644069],[-66.494896116925304,-9.845509514041952],[-66.49590932351623,-9.8481363877363837],[-66.496010151118583,-9.8507496881483352],[-66.496516395485997,-9.8527719988771079],[-66.497834528297489,-9.8538782545653287],[-66.499861543347393,-9.854396521431056],[-66.501382556117235,-9.8543000397525482],[-66.502801100182069,-9.8533945201100046],[-66.503714374921714,-9.8523881577572912],[-66.505133538511657,-9.8526895945300623],[-66.50665397187052,-9.8530010418327567],[-66.50726267316837,-9.8517910604991403],[-66.506350355690742,-9.8504713764826803],[-66.505337070134246,-9.8493681857536437],[-66.504120957783002,-9.8474493242037529],[-66.503513123098131,-9.8457359613500177],[-66.504020135040648,-9.8439153282740204],[-66.506047266919964,-9.8439286492544795],[-66.507364303146659,-9.8442234359352092],[-66.509493785118352,-9.8447403314641804],[-66.51182469905288,-9.8455511025184297],[-66.514055568124704,-9.8454536376775543],[-66.516893839462412,-9.8451547891531419],[-66.518617241024401,-9.8451638588435646],[-66.519935041733575,-9.8453593840403322],[-66.520847040967652,-9.8465809539285001],[-66.520846716821907,-9.847996411605747],[-66.521049446566323,-9.8505092659401861],[-66.522164131529351,-9.8523233642452865],[-66.523077236605843,-9.8533364385027973],[-66.524597378619191,-9.8546563929862678],[-66.525914940267228,-9.8553669125297265],[-66.527841442587402,-9.8561746575323248],[-66.530578070700543,-9.8568798847919687],[-66.532403104545281,-9.8569867469227042],[-66.53432924492914,-9.857001046487591],[-66.536356728330901,-9.8568968571790254],[-66.538080301298791,-9.8565980968148583],[-66.540615291859325,-9.8552951861728797],[-66.54203469044262,-9.8548942610812276],[-66.544771023522216,-9.8527852547222778],[-66.545885736455972,-9.8511721251481319],[-66.546797917411737,-9.8493620613093764],[-66.548115918363493,-9.8478534421419699],[-66.549838854298301,-9.8483581144126262],[-66.550548770209573,-9.8499799139404338],[-66.551461238158893,-9.8514887299890415],[-66.552373650184975,-9.8525028084107937],[-66.552172505157856,-9.8539039033969686],[-66.55196927369326,-9.8564320025930563],[-66.552882517725791,-9.8578427746755661],[-66.553997300460736,-9.8591495848989741],[-66.555822783766942,-9.8593554063148403],[-66.55714012416118,-9.8582614362059537],[-66.558254700735631,-9.8569536332746495],[-66.559471124559778,-9.8556355285242301],[-66.560789171910216,-9.8543341703175216],[-66.561903790851446,-9.8534320651688514],[-66.563728395692621,-9.8520228777206462],[-66.565147966653583,-9.8519283255104444],[-66.567073658031134,-9.8523311233236726],[-66.568290669354809,-9.8530324942900194],[-66.570014887107746,-9.8545568949404814],[-66.571129339744431,-9.8557644343513857],[-66.571941270757435,-9.857681289421885],[-66.569913826958413,-9.8576776435835178],[-66.568189877420181,-9.8576791571961966],[-66.566770768979822,-9.8586753098707085],[-66.567176930511465,-9.8603910819488068],[-66.568088894822594,-9.8614051144150796],[-66.570218510614467,-9.8633188612969729],[-66.572753392778225,-9.8645321057649937],[-66.574578335468615,-9.8648448330749687],[-66.576098745821966,-9.8638383136836083],[-66.57711252768793,-9.8626308452232827],[-66.578227296499591,-9.8613240448873984],[-66.579849288291641,-9.8614330590451118],[-66.580762039360835,-9.8627445532079676],[-66.582283369696611,-9.8640550746803939],[-66.583398663460784,-9.8653617356232921],[-66.583601590290783,-9.866882857914824],[-66.58360187125885,-9.8683986724583086],[-66.583602592038488,-9.8709152692571056],[-66.58370512492705,-9.8736368273770356],[-66.584820493248117,-9.8754495359721037],[-66.586239937362095,-9.875859740578365],[-66.587456556256015,-9.8746496104993131],[-66.589280606437214,-9.8732401430586041],[-66.591206598814892,-9.871937555815558],[-66.592422762314285,-9.871331487802065],[-66.594145785755373,-9.870636670476209],[-66.596275036044219,-9.8700245554081931],[-66.598303850309591,-9.8697303921596209],[-66.600127463090843,-9.8697374919561103],[-66.602561039569537,-9.8695440446380722],[-66.604993921235547,-9.8690361420737815],[-66.606311422113322,-9.8686450793706673],[-66.607629660951162,-9.868136790335603],[-66.609150375569882,-9.8676427981376555],[-66.610975034699607,-9.867035569881244],[-66.613407451610868,-9.8667349427510356],[-66.615435390131594,-9.8667471654460908],[-66.61715902333674,-9.8669537515265375],[-66.619084745264118,-9.8669492224457827],[-66.620605973310376,-9.8670603391818066],[-66.622126217729317,-9.8671613142311969],[-66.62344499854423,-9.8675635356560427],[-66.624763329448882,-9.8684717806512161],[-66.625979924018395,-9.8692911730541564],[-66.627500966376573,-9.8704018995716503],[-66.629224802959911,-9.8712034453930038],[-66.630644418882127,-9.8714059643724781],[-66.631355451969029,-9.8728190504753428],[-66.630848446817055,-9.8742343892629236],[-66.629835484234263,-9.875441018665466],[-66.628518547337137,-9.8765445110152541],[-66.628316680014549,-9.8782624571978719],[-66.629229748948035,-9.8798701865098746],[-66.632676876014258,-9.8803823046078296],[-66.634299418568418,-9.8812944590839482],[-66.635922820760115,-9.882701361049131],[-66.638255018489218,-9.8842241536539603],[-66.63967604265433,-9.8856438053241451],[-66.639068372509428,-9.8870514913000687],[-66.637344381544537,-9.8872418062208478],[-66.634708577767384,-9.8878440346078929],[-66.633492448901649,-9.8890544746675992],[-66.632479843745514,-9.8907671942120903],[-66.631567781476974,-9.8924774849275003],[-66.632683689268134,-9.8942899964311426],[-66.634002064923564,-9.8946031400782406],[-66.636232711731921,-9.8946012610027871],[-66.637754236357139,-9.894911744793724],[-66.638768399941981,-9.895921953160995],[-66.639986527198303,-9.8982380385056157],[-66.63978504657041,-9.9005601770912772],[-66.638061196238183,-9.9002534585096562],[-66.636742680044094,-9.9000406488549064],[-66.636236399206794,-9.9015563754999363],[-66.634006187020447,-9.9025669851621831],[-66.632586236513745,-9.9030677780874008],[-66.630660499741282,-9.9037667144864141],[-66.629443624532314,-9.9046706079691926],[-66.629242503161237,-9.9060798155901608],[-66.630141768687665,-9.908981710919317],[-66.63174832309214,-9.9097205727230264],[-66.633573625867328,-9.9103235904229408],[-66.635297177323551,-9.9099338110469617],[-66.636717076362388,-9.9107393005721836],[-66.637327057466322,-9.9122552254711067],[-66.638645949726381,-9.9144697720670329],[-66.639255966239489,-9.9165887066734015],[-66.63956022769996,-9.91810748572329],[-66.639764227091945,-9.9200175545996103],[-66.639968493725604,-9.9220335764967267],[-66.640780079477324,-9.9234454638805065],[-66.642402757127741,-9.9239518658723682],[-66.644227909532816,-9.9227491492983013],[-66.64412602550594,-9.9212356198176561],[-66.644834921065453,-9.9198265097759624],[-66.646761094168284,-9.9197315490326918],[-66.648384258292154,-9.9196326295342505],[-66.650513131713097,-9.9190289148676936],[-66.651728307655787,-9.9177191305736745],[-66.652132623365745,-9.9161065894154365],[-66.652030234239405,-9.9146021058750318],[-66.651723846253276,-9.9121805713626987],[-66.652433428652756,-9.9100591219514484],[-66.653853257451487,-9.9104688814114859],[-66.654767223415661,-9.9131867867353058],[-66.655681385477976,-9.9149128421342176],[-66.656694439470655,-9.9137950332166351],[-66.656997649735061,-9.9123833132028558],[-66.658011025383615,-9.9107785907121873],[-66.660038822206104,-9.9102764189305113],[-66.661864135699872,-9.9107878889420125],[-66.663486847427762,-9.9111937970685346],[-66.66531281267882,-9.9117953969909944],[-66.666733088711752,-9.9132149494714366],[-66.667342580813624,-9.9150170870717798],[-66.668461133816336,-9.9193553225785109],[-66.667347829221683,-9.9217740927602112],[-66.667551640369609,-9.9233944808491579],[-66.66927537276888,-9.9243118723705219],[-66.670493908138027,-9.9260237576250994],[-66.671001380395751,-9.9273324562818619],[-66.671206053443484,-9.9288446414996692],[-66.671308957299829,-9.9315664689877323],[-66.674350850880273,-9.9309673946844601],[-66.675770822810804,-9.9309701181435521],[-66.677900381919244,-9.9311776399232947],[-66.679220468605479,-9.9325905909478855],[-66.679120175275429,-9.9340977875625835],[-66.677904434756329,-9.9355081020450253],[-66.677195486021816,-9.9373242772712125],[-66.677501932946399,-9.9409542159659239],[-66.679328082170159,-9.9410586445247571],[-66.681659588759771,-9.9402524003705555],[-66.684195359115975,-9.9396519581067935],[-66.692308707252479,-9.9398692550382268],[-66.694438070949445,-9.9399695302392832],[-66.696062134546167,-9.9409793492542864],[-66.696874517738351,-9.9424992678707014],[-66.696977298817444,-9.9441120173329782],[-66.698093698752572,-9.9452221211554175],[-66.700325090811376,-9.9455272556275691],[-66.702252678338979,-9.946234300516517],[-66.703572234350844,-9.9470418471119348],[-66.705399451891935,-9.948562900365264],[-66.707124597266741,-9.9498700085277001],[-66.709254314645179,-9.9501764029010609],[-66.710776582309023,-9.9503759053726029],[-66.714023379915886,-9.9512884293554347],[-66.715645832787899,-9.9508902731176025],[-66.716151868344838,-9.9490777520708367],[-66.71817829630443,-9.9474748513553291],[-66.720410826055016,-9.9478800716422331],[-66.721729351762946,-9.9488768853415355],[-66.723658180567924,-9.9503964209264524],[-66.724571266593429,-9.9515079925856149],[-66.724472713263552,-9.9540353614424788],[-66.723052839126353,-9.9546360266082683],[-66.721938667930445,-9.9555391871484904],[-66.723156352721205,-9.9563491143640093],[-66.725286312019904,-9.9562495488672713],[-66.726603756372413,-9.9556412229702538],[-66.72822580879658,-9.9548383030755314],[-66.729849152169592,-9.9548379207653621],[-66.731371349138286,-9.9556515978824436],[-66.733097342604992,-9.9568581735457489],[-66.735025311195699,-9.9579707156423733],[-66.735939740865078,-9.9597957605347727],[-66.736144468715722,-9.9613981574500947],[-66.736449881709433,-9.9628177211169682],[-66.737060639049659,-9.9647381719374462],[-66.738381343668237,-9.9666468090187852],[-66.739497962691232,-9.9679540000582829],[-66.741021647913584,-9.9695701968982746],[-66.742340726619844,-9.9704857528439099],[-66.743862613662216,-9.970685022835637],[-66.74538388968422,-9.9702812183434979],[-66.747614645515583,-9.9693774652274296],[-66.749641412624797,-9.9680706454173649],[-66.751670403506708,-9.9680826373703422],[-66.753091231024968,-9.9695919234984451],[-66.753600900609413,-9.9709095213435912],[-66.754211121873752,-9.9726124023286822],[-66.755023435791969,-9.9737353985687704],[-66.757052272108623,-9.9736289791877226],[-66.75847083871281,-9.9726222658006201],[-66.759991986920085,-9.9718193088545277],[-66.76158329198293,-9.9717120221719977],[-66.763927468178537,-9.9727634348372192],[-66.764944585165111,-9.9745689725400091],[-66.764815471381667,-9.976249201559229],[-66.764201634964479,-9.9779281381617473],[-66.764192443013002,-9.9796056190795728],[-66.765396831718135,-9.9806229310265877],[-66.767583466615974,-9.9816415193749179],[-66.770883472375559,-9.9831363979580861],[-66.771699951802802,-9.9842423860044587],[-66.771705579871082,-9.9858565589034249],[-66.771103312676289,-9.9876706625030405],[-66.770092912127325,-9.9888793486337928],[-66.769488338178633,-9.9900982848151969],[-66.769598118046943,-9.9923152804526758],[-66.771124561869968,-9.9935254708580441],[-66.772848327752371,-9.9931175567681443],[-66.774467901864881,-9.9921068256953429],[-66.776090198760187,-9.9915999417785315],[-66.777306260700556,-9.9909937594421283],[-66.779638659472624,-9.9905842353056418],[-66.782180652403198,-9.9918943038994765],[-66.784721761105644,-9.9929958083326493],[-66.786652132545271,-9.9936028870588558],[-66.788683103505733,-9.9940022740065082],[-66.790005049988949,-9.9947089798588813],[-66.791330203208005,-9.9961123016424409],[-66.792146037211651,-9.9974245412131211],[-66.792764992303546,-9.9996413270626494],[-66.794390095356761,-10.00014656885841],[-66.796118060760449,-10.000748458729383],[-66.797238471522007,-10.001757763441805],[-66.798768441888285,-10.003770367629974],[-66.799585081914842,-10.004992401205776],[-66.801011794390192,-10.006592697982747],[-66.802537443707209,-10.00760316453192],[-66.804571655904127,-10.008605477936007],[-66.80609725543998,-10.009508826949952],[-66.806914378310125,-10.010821024737963],[-66.806614791326751,-10.012143008470339],[-66.804793281962446,-10.013554768803203],[-66.802164631946169,-10.016170367176596],[-66.803893099787118,-10.017079968187709],[-66.805314794577754,-10.017180977345777],[-66.806637996645875,-10.018285543389958],[-66.807662105010124,-10.020605005003624],[-66.808987370450424,-10.022116508466754],[-66.810915720756654,-10.02211014349243],[-66.812946597007212,-10.022417999914484],[-66.816608654309974,-10.024430347739841],[-66.817527379148146,-10.025840341329099],[-66.818752622116577,-10.027550472472937],[-66.819874984858913,-10.029263156613908],[-66.820997316265789,-10.030670323364667],[-66.822015939291518,-10.03167983766655],[-66.823745484715772,-10.032589284560913],[-66.825978539135335,-10.032586436610364],[-66.828718148931515,-10.032169533484465],[-66.830544261284345,-10.032065197296827],[-66.832980687203644,-10.032266877209326],[-66.834916683339486,-10.033973791454299],[-66.835431384286537,-10.035796350827214],[-66.83533563305231,-10.037404208451221],[-66.833816120117191,-10.038116484901293],[-66.83382310692005,-10.039831145860823],[-66.834740372118461,-10.040844283067914],[-66.836470438186055,-10.041940779582182],[-66.838096560467477,-10.042345365970938],[-66.839218079953241,-10.043661161507854],[-66.838819387536816,-10.045481845315134],[-66.838725057605984,-10.047288137793572],[-66.838527131864637,-10.048608841743212],[-66.83853292871926,-10.050016897188629],[-66.837728618016286,-10.051933456945155],[-66.839265974648228,-10.05566968348087],[-66.840994132807566,-10.056361454627007],[-66.842725199667825,-10.057576298190025],[-66.847398222833917,-10.058479361181583],[-66.851157348378734,-10.059171906600412],[-66.853083962007432,-10.058560866714519],[-66.852364614947618,-10.05644350178434],[-66.850735259836327,-10.055344568069469],[-66.851644435200072,-10.054226941413546],[-66.85428892273913,-10.055434504283832],[-66.856016305578336,-10.055730432340514],[-66.858147258316976,-10.055629455400876],[-66.86048122761791,-10.05532717263452],[-66.864339852741622,-10.055621215674638],[-66.867079104370461,-10.055221824678224],[-66.8698116463585,-10.053188855085418],[-66.871232082376636,-10.052983900589503],[-66.873366574236499,-10.053487012306649],[-66.874997504285403,-10.055398614162867],[-66.871969497401665,-10.059547518737824],[-66.872585269886443,-10.061052966335483],[-66.873100539078493,-10.062866501105056],[-66.873005895764393,-10.064590573408189],[-66.870781094712015,-10.06659729163178],[-66.870992544584269,-10.068722935586921],[-66.871613469673164,-10.071554231501095],[-66.872940995780468,-10.073363092536859],[-66.874971470155998,-10.073362575210249],[-66.876986415850126,-10.069718303448539],[-66.877590704390741,-10.068507882874089],[-66.879218591295825,-10.069408220378989],[-66.879529184182957,-10.070828928480653],[-66.879538012933423,-10.072841322762601],[-66.879544499231457,-10.074454634206464],[-66.879654718297104,-10.076574970757749],[-66.880067285918912,-10.078182541145747],[-66.881289601942171,-10.078999553981483],[-66.883118868083528,-10.079499025258327],[-66.88463633610705,-10.078083938435054],[-66.884017086577387,-10.0756585102286],[-66.883502416472098,-10.07415162033894],[-66.883698014300549,-10.072235537874899],[-66.885112923352693,-10.070812900898273],[-66.886942989607576,-10.071411534454366],[-66.888273980571157,-10.07394182599041],[-66.888282485601394,-10.076161692178799],[-66.888191742467697,-10.078481067996485],[-66.888098595047467,-10.080693377218498],[-66.887803257279387,-10.082810476312206],[-66.88770802288532,-10.084328299252867],[-66.888832133171789,-10.086039645210908],[-66.890150378212098,-10.085637562423312],[-66.891466277736185,-10.08462214994114],[-66.892273430242852,-10.083517004937072],[-66.893687872090311,-10.081903740385487],[-66.895617081345989,-10.08189656699739],[-66.897855712629251,-10.083101522183831],[-66.897353628604648,-10.084410927148562],[-66.896445124958817,-10.085625777691323],[-66.896859450402545,-10.087441905002464],[-66.8966630589196,-10.089060407442608],[-66.896059995375325,-10.0904693548058],[-66.89637192992231,-10.09218773753639],[-66.895362027181193,-10.093396152195004],[-66.896382267285688,-10.094704189461977],[-66.899325599660429,-10.09430030655022],[-66.90065724549396,-10.097011022649106],[-66.901985201749724,-10.098937041985325],[-66.904117314365692,-10.098826544504801],[-66.905535978592255,-10.098225602825954],[-66.907767051734567,-10.097508175301623],[-66.909193475533797,-10.098710000843111],[-66.908286941828095,-10.10033307209455],[-66.907379085387433,-10.101846792766789],[-66.908095280614731,-10.103052025737977],[-66.909618711610506,-10.103060673397597],[-66.91083404558286,-10.102443431926021],[-66.912858678610007,-10.101027577222981],[-66.915297788662016,-10.101426715801427],[-66.916824866348662,-10.102328259106917],[-66.917641788528854,-10.103433920073712],[-66.917647987210202,-10.10494810773398],[-66.915930514590542,-10.106983143885342],[-66.914105529676519,-10.107384779273518],[-66.911974568513457,-10.107892259521849],[-66.910555847199433,-10.108395160954437],[-66.908645253944982,-10.11284135347454],[-66.908762202958812,-10.116474914657847],[-66.909276881290282,-10.117883765624399],[-66.911008481184908,-10.119089152284722],[-66.912121303434859,-10.118185825395077],[-66.91323364113498,-10.117171999868457],[-66.915464024696277,-10.116258280028585],[-66.918610930610512,-10.116157882301131],[-66.920437812702957,-10.115744898128666],[-66.921754431280419,-10.115028025285913],[-66.924500724089071,-10.115934563227251],[-66.925925442455224,-10.116848812490812],[-66.927148519727297,-10.11774678793309],[-66.929489618365835,-10.119050361692643],[-66.932433951866557,-10.11904287374529],[-66.93274785274528,-10.120967613770082],[-66.932348873362898,-10.122779736933074],[-66.931954023566206,-10.125105980958084],[-66.932163756073393,-10.126717650373742],[-66.934398466534375,-10.126812829078286],[-66.935717210158145,-10.126509642843379],[-66.937646564496632,-10.126502074093183],[-66.939679150556884,-10.126800824364089],[-66.941712854502242,-10.127503213158798],[-66.943241863207177,-10.128513954122447],[-66.944872923908505,-10.13001934667864],[-66.945794721198894,-10.131735718760424],[-66.945905357945662,-10.133853994379821],[-66.945810650652035,-10.135263737124347],[-66.945006132031338,-10.137081809089052],[-66.944606457098814,-10.138397874463333],[-66.94572908521819,-10.139704298482616],[-66.946950659200169,-10.140504115703651],[-66.947976311132038,-10.142524590659969],[-66.948796877388716,-10.144431897629739],[-66.949311393795952,-10.146056103501163],[-66.949724843026871,-10.147771989270668],[-66.950040152466769,-10.150085820139104],[-66.950353542351948,-10.151903528680487],[-66.950463537533693,-10.15372419413309],[-66.950572503853991,-10.155436626907422],[-66.951703225982641,-10.158358861599556],[-66.953233870085342,-10.15986460437497],[-66.954152008517809,-10.160877432710103],[-66.955475906644423,-10.161773851881009],[-66.957098143359531,-10.160968803352443],[-66.956786707139145,-10.159556999734138],[-66.955661222408693,-10.157647336039119],[-66.955960157174758,-10.156332666097844],[-66.957785940659377,-10.155921591131348],[-66.958691707154571,-10.154198908763727],[-66.960416561275935,-10.153699068725444],[-66.962867438231697,-10.156623435921885],[-66.963485100841424,-10.158534819996209],[-66.965016204438001,-10.160141957985186],[-66.966137743074938,-10.161051406480327],[-66.968174900780866,-10.162357955559202],[-66.969700537341367,-10.162655936662393],[-66.971530130003572,-10.162957358834536],[-66.973559128603824,-10.162451827681505],[-66.973651683701036,-10.160527819215297],[-66.97241695213097,-10.157102023975568],[-66.975362945985438,-10.157301384971737],[-66.978418546242395,-10.159106000361046],[-66.980050063441766,-10.160511962884732],[-66.979855755849812,-10.162229976870627],[-66.977219144209243,-10.163242893445426],[-66.97529383313308,-10.164252137544162],[-66.974489298229571,-10.165772721927944],[-66.976524714386557,-10.16678377655014],[-66.978150214449457,-10.166772382126242],[-66.979568016577716,-10.165962246362831],[-66.981702163348771,-10.166265882994578],[-66.984361527270394,-10.169989912922549],[-66.986195511429315,-10.171301542909461],[-66.988130763592039,-10.172304942696996],[-66.989659060539864,-10.1733052878765],[-66.991184941455927,-10.173801584229313],[-66.991584397023402,-10.172486468904738],[-66.991470987857625,-10.169970030881402],[-66.992992060576384,-10.169463876993431],[-66.994516733709531,-10.169653434462502],[-66.995540290104316,-10.171169745434073],[-66.995351073010937,-10.174204869318682],[-66.994033790342144,-10.174905389682213],[-66.992821074606738,-10.176127610813301],[-66.99364052287757,-10.177637931809885],[-66.994054584762154,-10.179345930820503],[-66.993453738800355,-10.181160219551888],[-66.993664381118336,-10.182681770544235],[-66.996410355544455,-10.183273971549934],[-66.997534262722183,-10.1845881012276],[-66.998470224405452,-10.189227241726586],[-66.99624035990864,-10.190243475663674],[-66.993695574327703,-10.188935585314777],[-66.989937569745251,-10.18904838309034],[-66.988938226953422,-10.192477805430308],[-66.990871561303763,-10.193281642302939],[-66.993411428512161,-10.193272467679172],[-66.993825858168407,-10.194889165197619],[-66.994153748338746,-10.19993770964267],[-66.994870819647062,-10.20114285477557],[-66.995993009279033,-10.202052202819866],[-66.996810761366973,-10.203156621326196],[-66.999204148875208,-10.20077789126953],[-67.000983404018214,-10.200033274872302],[-67.004847208413537,-10.200639336265235],[-67.005972426237975,-10.202351537544551],[-67.006084398748058,-10.204570415311938],[-67.005201745755528,-10.211029708956334],[-67.005208842502313,-10.212446074967609],[-67.006340403155818,-10.215368315402952],[-67.00746201997984,-10.216268612026843],[-67.008385111463653,-10.218084211265406],[-67.008697344685032,-10.219594199023737],[-67.009523309180707,-10.222422864143885],[-67.011055165490092,-10.223928344084879],[-67.012585848654808,-10.225335716421821],[-67.013609903445214,-10.226951335797429],[-67.015443095040524,-10.227748585239626],[-67.016656122250083,-10.226535134133032],[-67.016749193363196,-10.224727029391683],[-67.018067753231463,-10.224414242584031],[-67.020102319913462,-10.224919743293155],[-67.02152567281162,-10.224911009369769],[-67.02285016747615,-10.225817247010859],[-67.023772411234887,-10.2274332031865],[-67.025092482058554,-10.227219593058098],[-67.026818616190781,-10.227016848956969],[-67.028748369456338,-10.227008422660035],[-67.030175275989848,-10.227813845444121],[-67.031504091748943,-10.229431610627138],[-67.032734051117757,-10.231548208643558],[-67.033451838936656,-10.232852528897238],[-67.03558736931592,-10.233156756153519],[-67.036904046871143,-10.232437859655967],[-67.038526315472325,-10.231730179809611],[-67.040151683088169,-10.231619051146065],[-67.041173417753058,-10.232729329766538],[-67.042099981721208,-10.235158315029089],[-67.04342401784379,-10.235855798822334],[-67.046990430574226,-10.23786631237795],[-67.049028420684877,-10.239066226652914],[-67.050254821516916,-10.240486943560956],[-67.050672556169616,-10.242599868457171],[-67.050679407594956,-10.244016322802885],[-67.049362538086996,-10.244817658034188],[-67.047027438496301,-10.245230475965597],[-67.047951778288805,-10.247244479754775],[-67.049274972937496,-10.247544954839958],[-67.051308372395454,-10.247841536144568],[-67.052129075105057,-10.249460084417356],[-67.053660052962968,-10.250668714600067],[-67.05569130934208,-10.250450987984243],[-67.057828426658361,-10.251159868498817],[-67.059663321899919,-10.252264638095861],[-67.060988723241408,-10.253169536245455],[-67.063942160293962,-10.254477368631504],[-67.065469903037553,-10.255171667990339],[-67.067303028253505,-10.255878270124777],[-67.069134665664834,-10.25637622507546],[-67.070659298163292,-10.256366749862948],[-67.073401124884683,-10.256053527487602],[-67.075234392424534,-10.256859309509354],[-67.076768446773045,-10.258771526327822],[-67.077790631616253,-10.259980926501422],[-67.079313418026686,-10.25957327722908],[-67.080835592550059,-10.259273901283226],[-67.082059293837531,-10.260073068483797],[-67.083892743715893,-10.260978029308353],[-67.086128237272547,-10.260873070040283],[-67.086729825219081,-10.25925560038864],[-67.085704616692155,-10.257541008440421],[-67.086409514346471,-10.256326884432498],[-67.088032061435072,-10.255819534297943],[-67.089351993051679,-10.255515271170513],[-67.092190915457749,-10.254397285012782],[-67.096151546419804,-10.25387236108123],[-67.097282123404085,-10.256189819608451],[-67.098913332885758,-10.257305245589748],[-67.101961593272605,-10.257293747860531],[-67.103187695214402,-10.258498781786345],[-67.104108005350966,-10.259609225197252],[-67.105431772278081,-10.260008588132235],[-67.108179917332549,-10.260905004778964],[-67.109403330353203,-10.261604763099283],[-67.111239245342844,-10.262914352195466],[-67.113073832492432,-10.263918293068128],[-67.115006041956008,-10.264207903783976],[-67.11663330518374,-10.264312684790154],[-67.118360491428973,-10.264307644483646],[-67.120593769129854,-10.263895556589945],[-67.12241727965079,-10.262787066103414],[-67.12465543683912,-10.263179036649314],[-67.125981205332209,-10.264083529150058],[-67.128634049611904,-10.265991727002747],[-67.130263710018127,-10.266792268567544],[-67.13281180641404,-10.268098612937342],[-67.134442892818171,-10.269096483695957],[-67.135162481156058,-10.270609178788034],[-67.135377095491876,-10.272634958109977],[-67.136100225818836,-10.27475216130575],[-67.137226850814585,-10.276364612864359],[-67.138156333239962,-10.279181330359558],[-67.137354281157485,-10.281101005396458],[-67.136034840564221,-10.281406712959189],[-67.134305794695749,-10.281212288590377],[-67.131867005937735,-10.281221651317832],[-67.128625236366673,-10.283151773318071],[-67.126705821375197,-10.285272451203554],[-67.125799784488976,-10.28688802947145],[-67.127023542334342,-10.2875956082618],[-67.128750370955245,-10.287482206919403],[-67.130681130677246,-10.287481829359058],[-67.131704894167029,-10.288888392359882],[-67.132627078939265,-10.290099129607473],[-67.133736745390479,-10.288579632280813],[-67.134437238102137,-10.286661511428838],[-67.136266793167366,-10.28665361662015],[-67.136685564715719,-10.28887707810245],[-67.137000268535971,-10.290692711554886],[-67.137926166883133,-10.292806851728903],[-67.139053882777205,-10.294517461783363],[-67.140285682553696,-10.296743064832045],[-67.141511816819346,-10.297847572716604],[-67.142522820007912,-10.296935237885469],[-67.143329849198111,-10.295818508773637],[-67.144652228590076,-10.29610938591737],[-67.146183147853634,-10.297129068820535],[-67.147508385741901,-10.297925206248415],[-67.149342764911722,-10.298829634494764],[-67.150971041721036,-10.299033396270065],[-67.153309258446868,-10.299222758523172],[-67.156155215437238,-10.29921584910724],[-67.158086799867405,-10.299206176754453],[-67.160537737307081,-10.301315746478423],[-67.160952042607576,-10.302735052744369],[-67.161874624425877,-10.304135183348929],[-67.163304768280696,-10.305344691306557],[-67.164632005941527,-10.306456531440389],[-67.166062191344253,-10.307756262793383],[-67.168201480198491,-10.308555404620867],[-67.169730296200996,-10.309357269661664],[-67.17115412117991,-10.309357640854744],[-67.172368579274575,-10.308547995929429],[-67.174806960430956,-10.308330611215817],[-67.176941458369939,-10.308325490282996],[-67.18120151959198,-10.306701189881412],[-67.183639014480377,-10.306483713392032],[-67.186640696816028,-10.30539785728517],[-67.186674420451439,-10.303961424603786],[-67.187682156503314,-10.302445442442236],[-67.188484808628345,-10.300623612151769],[-67.189087191744704,-10.299402741566748],[-67.189690850423318,-10.298190875413633],[-67.190183139512783,-10.295463660899408],[-67.190273096353792,-10.293449990106007],[-67.191587352375777,-10.292232625826781],[-67.193314181856252,-10.292029567970467],[-67.196055403662726,-10.291516168257182],[-67.199917583359777,-10.291497188932782],[-67.201645129323012,-10.291499334807842],[-67.203067543406775,-10.29149047930863],[-67.206628597856565,-10.29208181973733],[-67.207449494068953,-10.293391960054267],[-67.208967215587421,-10.292279556728436],[-67.209973789404643,-10.290563864943888],[-67.210984582059382,-10.289642176205206],[-67.212309540578445,-10.290248394170538],[-67.213734039074822,-10.290546231364642],[-67.214537913190611,-10.288923958766297],[-67.21544133837736,-10.287101597317733],[-67.216043751416024,-10.285789310350566],[-67.216647223362557,-10.284578521596288],[-67.217859707687623,-10.283561128245355],[-67.222434698307509,-10.283753772742875],[-67.224060712516888,-10.283749439971656],[-67.226296422300436,-10.283733169775827],[-67.228228933102812,-10.28393035380285],[-67.229653410246868,-10.28422807613604],[-67.231387469037642,-10.285233724863524],[-67.232818552428881,-10.286641209332737],[-67.234347256509423,-10.287342173911288],[-67.236180990034939,-10.288047299424504],[-67.237406904132698,-10.28914332742799],[-67.237416328901489,-10.290759520549814],[-67.237834638061386,-10.292673757241834],[-67.239972615833935,-10.293173238624417],[-67.241806422829441,-10.293878320837559],[-67.243134988587968,-10.29518925835835],[-67.244973152965756,-10.296598090774088],[-67.246097538937263,-10.297695704306639],[-67.247830852705818,-10.298590712049567],[-67.249460733930718,-10.299200856045879],[-67.252303060139141,-10.298585815443136],[-67.254031498803258,-10.298778128916712],[-67.257804849635932,-10.300790938913954],[-67.259636744013065,-10.301178943624501],[-67.260759934471793,-10.301987745603087],[-67.261985101726651,-10.302885145385105],[-67.263097624134858,-10.301978462841037],[-67.264207332447469,-10.300656728410994],[-67.266032122460757,-10.299844632252427],[-67.267142938283186,-10.298731541915346],[-67.267947384491421,-10.297307539935098],[-67.270481603381199,-10.296192997209715],[-67.272615702562589,-10.296188004887942],[-67.274238866514338,-10.29556970875691],[-67.275449465342192,-10.294156066216726],[-67.276356099028121,-10.292838679621561],[-67.27756779743973,-10.291632556083535],[-67.278985482794923,-10.290711862501482],[-67.280607080604867,-10.290002182110518],[-67.283452672732452,-10.289893108433695],[-67.286509090568131,-10.291087881947689],[-67.287638088861712,-10.29279879022428],[-67.288256230940135,-10.29421340732272],[-67.289888307773239,-10.29521007834313],[-67.291921622630056,-10.295206513154231],[-67.293745983916779,-10.294395308661789],[-67.293229358468963,-10.293078323829576],[-67.293320252897075,-10.291460495287152],[-67.295654814797757,-10.290855328957379],[-67.297281286769163,-10.290840252819859],[-67.299113285833002,-10.291338432465412],[-67.299933211623312,-10.292449703236443],[-67.30075524359755,-10.293859847489086],[-67.303091846410311,-10.293652728863551],[-67.304410322020289,-10.293246683785606],[-67.305929891100149,-10.292432426658877],[-67.307244885486909,-10.291404918087142],[-67.30916981022493,-10.29049945235696],[-67.310484640206681,-10.289480952213397],[-67.313634908730066,-10.289373265494454],[-67.315572891660281,-10.290473023522647],[-67.317208007172425,-10.291885635989965],[-67.319246182221349,-10.292775058925841],[-67.32056957328885,-10.292974541649613],[-67.321799133615713,-10.294584369077112],[-67.320893533492608,-10.296100471750577],[-67.321719869497514,-10.298015802209031],[-67.323250096484088,-10.299022902355627],[-67.323972023254825,-10.300634259038562],[-67.324291266105035,-10.302857922104527],[-67.324913928343662,-10.304867958358869],[-67.325938384637226,-10.30607394644904],[-67.325847713022398,-10.307792223553633],[-67.325148683275771,-10.309709952508181],[-67.323323529468311,-10.310423338297856],[-67.32098982680148,-10.311037851009376],[-67.318964370327265,-10.312259810607634],[-67.317140478215848,-10.313171650468929],[-67.315929264135463,-10.314486338310788],[-67.314621648877988,-10.316615883145326],[-67.314019547578468,-10.317828145956977],[-67.313933320704578,-10.320249130844351],[-67.313952884919999,-10.323381310111909],[-67.314074002663645,-10.326403562448863],[-67.314188943720751,-10.328522380044847],[-67.314603985923,-10.329830901874121],[-67.314921490670983,-10.331747897832905],[-67.315547285701669,-10.334272401991944],[-67.315759601476742,-10.335685762611703],[-67.315772844609299,-10.337699107679283],[-67.315683223403354,-10.339623892206191],[-67.315488659210914,-10.34104389686145],[-67.314989445742256,-10.342453075833218],[-67.312963652273524,-10.343676172204971],[-67.31092792720483,-10.343272750093865],[-67.31022538990814,-10.344686358912268],[-67.308912001109931,-10.34600273755154],[-67.308630652530823,-10.349646457236373],[-67.311988911678611,-10.350240462329573],[-67.314840127966406,-10.350932919914721],[-67.316172962088515,-10.352739812785249],[-67.31750324405867,-10.354049261059853],[-67.319642403231029,-10.35473860050883],[-67.322084777008541,-10.355042804224794],[-67.323604670920162,-10.354326469173973],[-67.325128935121981,-10.354214703429427],[-67.326462889086869,-10.356030547728171],[-67.328088920453212,-10.356025392103485],[-67.329506830191463,-10.355104240189906],[-67.330821595833044,-10.353994122350684],[-67.332646602434266,-10.353181351098089],[-67.336602918668717,-10.351956847595245],[-67.338632759974431,-10.351438478145855],[-67.341279136840598,-10.351730077426417],[-67.34556226729697,-10.353828996373966],[-67.347494763541363,-10.353925814063379],[-67.348920221973614,-10.354223861559522],[-67.351574200350882,-10.355930951995816],[-67.352806178310715,-10.357748312962467],[-67.35180106389727,-10.359464908221204],[-67.350474409299977,-10.358760265030357],[-67.348742528877565,-10.358162683840369],[-67.348140224801412,-10.359375142340994],[-67.348559740465021,-10.361289386298559],[-67.348875185901264,-10.362908658188513],[-67.349295262342181,-10.36492330503649],[-67.350926353402642,-10.365621822917504],[-67.352758779808312,-10.36590976452271],[-67.353563167866966,-10.364603699257867],[-67.354571248240191,-10.36328299467656],[-67.355578631720078,-10.361972452377616],[-67.35607777904815,-10.360454824650839],[-67.357390135566334,-10.359038848848284],[-67.35860457621682,-10.358220116673438],[-67.359710750286212,-10.356301022057195],[-67.360104259355708,-10.354280889128162],[-67.360599645467573,-10.352357223021205],[-67.362322879313155,-10.351546994699556],[-67.363743272154622,-10.351138843069851],[-67.365166540765529,-10.351137870533174],[-67.366189034918364,-10.352030189635325],[-67.367010675150041,-10.353340963555876],[-67.368645994426885,-10.35454463686178],[-67.37027842866587,-10.355441507666249],[-67.372316147659589,-10.356150027938346],[-67.374252820959242,-10.35674401121906],[-67.375777330949532,-10.356731133368777],[-67.377402872655608,-10.356528175907563],[-67.378719548980456,-10.355814797240861],[-67.380342167595089,-10.355204624865305],[-67.381660241481896,-10.354591605093075],[-67.383591079183802,-10.354588836351665],[-67.385214089318183,-10.353969594843564],[-67.386633925799728,-10.353463146965016],[-67.387953215195012,-10.353057635188922],[-67.389180800487608,-10.354161893300887],[-67.390717058064737,-10.355863403095478],[-67.391825804134527,-10.35454987688316],[-67.392927790732799,-10.352019256901599],[-67.394134246886566,-10.350089293433912],[-67.394326194926165,-10.348380437641099],[-67.395324774383738,-10.345651887923417],[-67.397658064111482,-10.345035366204044],[-67.399286420161658,-10.345238294373242],[-67.400714197874336,-10.345921736347842],[-67.402344663991428,-10.346431441043508],[-67.403471189387176,-10.34763656104521],[-67.404293341215322,-10.348947169355515],[-67.405832381408786,-10.350956470553628],[-67.407367643880463,-10.352459320422369],[-67.408598994959831,-10.354077807217212],[-67.410035068222143,-10.355990677177006],[-67.412281553632738,-10.357488352593043],[-67.413710785452452,-10.358282249712914],[-67.414735208192269,-10.359388647100664],[-67.415861770670261,-10.360603881122895],[-67.416683902814185,-10.361905447406812],[-67.41760855778108,-10.363321486782176],[-67.418838910568752,-10.364723364788837],[-67.419255573475297,-10.366231419262212],[-67.418859409916365,-10.367747495025171],[-67.417751199777697,-10.369169491676699],[-67.416949501446751,-10.370892060224914],[-67.415635910444905,-10.372099773142679],[-67.414217867758296,-10.372914387787606],[-67.412391610832046,-10.373529392036799],[-67.412096065377426,-10.374853131657545],[-67.41261606415344,-10.376458769422012],[-67.412832501249653,-10.378386508763576],[-67.412639573697092,-10.379997343555868],[-67.411222855926127,-10.380910073830998],[-67.410740679740599,-10.384748214910246],[-67.410547729142905,-10.38635906590183],[-67.410359316296322,-10.3884854132515],[-67.410170421795968,-10.390600494820855],[-67.410591603108756,-10.39272341089684],[-67.410906596898485,-10.394133982355122],[-67.41132272225687,-10.395543989826733],[-67.412148925585015,-10.397360036887813],[-67.413180600171387,-10.399478377384124],[-67.414816146781021,-10.400773168206282],[-67.416445782402974,-10.401072989388849],[-67.418173573856535,-10.401065411149128],[-67.419699170568506,-10.400963064032078],[-67.421122069983511,-10.400952686673426],[-67.423053212000895,-10.400741959758093],[-67.424782704626139,-10.400833576944319],[-67.426110182387148,-10.401637063808241],[-67.427134653987665,-10.402646463798268],[-67.428464135915107,-10.403847027427044],[-67.429387494354245,-10.405055557588126],[-67.42980432340751,-10.406464417028198],[-67.430022528392755,-10.408582879870876],[-67.430439522705271,-10.410100051700017],[-67.431265502312513,-10.411806639528544],[-67.432192348308746,-10.413413374036853],[-67.432607525749475,-10.414724122504637],[-67.431703232527397,-10.416250051680713],[-67.432631680095312,-10.418163645796295],[-67.434167111581715,-10.419568326450033],[-67.435395783674593,-10.420779610129044],[-67.437032197963887,-10.421973849567037],[-67.438867315592077,-10.422677326120803],[-67.441110911865252,-10.423670605744604],[-67.442747984812357,-10.424982131471694],[-67.444077149413673,-10.425985208532975],[-67.445815228583385,-10.427285980370216],[-67.447554347706586,-10.428695034314735],[-67.447870832460026,-10.43030531757705],[-67.447882235305315,-10.431920773605029],[-67.448603458995336,-10.433224093145506],[-67.45054142835464,-10.433934764042784],[-67.452065374965969,-10.433822046028721],[-67.454192512936899,-10.43260467644202],[-67.455406728017323,-10.431687106967672],[-67.457029561315153,-10.430967932132527],[-67.458446709841908,-10.430054797361061],[-67.459961563315275,-10.42853299807317],[-67.461071125214758,-10.427318195867612],[-67.464116839489165,-10.426498046249556],[-67.466155288065949,-10.42708838435555],[-67.467484420197508,-10.427999927420608],[-67.468818123325278,-10.429697772380266],[-67.46964368894956,-10.431324171694712],[-67.470876306379438,-10.433023737058704],[-67.472510873484097,-10.434028206945209],[-67.474246014263926,-10.434932790608999],[-67.475882079972621,-10.436135785370789],[-67.477006907133429,-10.43694358681142],[-67.478950342652567,-10.438547485498635],[-67.480483708669908,-10.439544606270038],[-67.482627893166523,-10.440647478236835],[-67.484263918365457,-10.441842522159908],[-67.486201351297183,-10.442542722592357],[-67.49293199586343,-10.444942251127724],[-67.494762701127243,-10.44493113400412],[-67.499743850130557,-10.44348371255211],[-67.501779476124995,-10.444091817239233],[-67.503715350022219,-10.445298479544256],[-67.505753979102806,-10.44661054337903],[-67.50718040861554,-10.447511161610574],[-67.50850557387632,-10.448324382456862],[-67.510442998265162,-10.450035309909371],[-67.511873471429595,-10.451955808688933],[-67.512795810638096,-10.454067859062517],[-67.513819062028034,-10.455889325912025],[-67.514739774495666,-10.457405665336832],[-67.515862433552357,-10.458818097203883],[-67.516985963214211,-10.460230511603445],[-67.518108327462784,-10.461236750857285],[-67.519636724603515,-10.46204415165993],[-67.521669779265807,-10.461830712354795],[-67.52309166508158,-10.461431505676053],[-67.52461621522292,-10.461020356670577],[-67.526038989866379,-10.460720405897927],[-67.528172546370399,-10.460115892999024],[-67.530612756767042,-10.460011522667362],[-67.531934549684408,-10.459803547459401],[-67.533762527178297,-10.459196380619925],[-67.53640708173242,-10.459205737239833],[-67.539154209156038,-10.459599158538309],[-67.541291849103033,-10.460206244632715],[-67.543429461976686,-10.460811052991286],[-67.548009261443298,-10.461709522082538],[-67.549537585194216,-10.462409512211856],[-67.551777578800198,-10.463319353749494],[-67.554425392194787,-10.46441950767276],[-67.555649029638673,-10.465035638783705],[-67.55829949576048,-10.466840904668771],[-67.560134421321891,-10.467948431508763],[-67.561457062758905,-10.468345032537435],[-67.56278195384678,-10.469058647421935],[-67.564619205764046,-10.470772014564229],[-67.565639935317037,-10.471879089135605],[-67.566563733376753,-10.47409927637049],[-67.566571198409662,-10.47622156310395],[-67.56566163806778,-10.477937920139068],[-67.565872796777569,-10.480055524380928],[-67.566898070693057,-10.482273964817335],[-67.568025561616537,-10.484596683603415],[-67.569557781044139,-10.486407928560151],[-67.571492777389849,-10.487216878974159],[-67.572716971845523,-10.488012336596922],[-67.57455188737606,-10.489119779382792],[-67.575875003452708,-10.489326729124354],[-67.577099196774256,-10.490231616333837],[-67.578119758792596,-10.491240502906255],[-67.579443249991854,-10.491546721266614],[-67.581680462184949,-10.491545734420392],[-67.583614820214649,-10.49183779162915],[-67.588401108984044,-10.493452817557289],[-67.590337623414243,-10.494559468333179],[-67.592578955848765,-10.495560297320681],[-67.595637196922283,-10.497175189731559],[-67.596861649200818,-10.498386891394738],[-67.598701910811727,-10.500804115730199],[-67.599828937205331,-10.502822080971944],[-67.600648320908633,-10.504329807348237],[-67.601468740837248,-10.506146700430001],[-67.602186270570385,-10.507458759511405],[-67.60269960972839,-10.508765405647798],[-67.603521585350705,-10.510997535754409],[-67.604243661273728,-10.513410859652938],[-67.604553596985852,-10.514723373059569],[-67.605270693208411,-10.516134751174707],[-67.606090193182425,-10.517643618551723],[-67.606198429921463,-10.519167344228677],[-67.606202770624918,-10.520683886825957],[-67.606317481394981,-10.524015272089871],[-67.606323435209589,-10.525620946266303],[-67.606328937388412,-10.52713861370491],[-67.606539019210544,-10.528949444610991],[-67.606951537617022,-10.530367376565888],[-67.607465807097711,-10.531783508313401],[-67.607979548916191,-10.533091319250811],[-67.609102782569522,-10.534097184116971],[-67.610124083379418,-10.535204157389337],[-67.611350995759565,-10.536722757725149],[-67.612677995347823,-10.537832200189754],[-67.614105813783425,-10.538840540917784],[-67.615941679881814,-10.540040238833521],[-67.617879981221392,-10.541353207771543],[-67.619715189073091,-10.54226286941336],[-67.62236780487784,-10.544175868044539],[-67.62369567435799,-10.545483853448022],[-67.626756549098019,-10.547704389797438],[-67.629104904085821,-10.549920664113557],[-67.630229125196948,-10.551126172150624],[-67.631455337023553,-10.552435936905542],[-67.632783968648511,-10.553951515196834],[-67.633705489931501,-10.555359247328335],[-67.634426772762836,-10.55757518283291],[-67.634634505966531,-10.558897479283836],[-67.634742754154558,-10.560502555770354],[-67.635053698579483,-10.56182414453953],[-67.635468049970754,-10.563640440460608],[-67.636288053999678,-10.565247490524996],[-67.637694050099029,-10.566933227502695],[-67.637628392162171,-10.569491659244308],[-67.638346426761558,-10.570993328327654],[-67.639571654518875,-10.572114643120553],[-67.641408674100276,-10.573320938964169],[-67.643346362988353,-10.5745265483982],[-67.645082467126514,-10.576043845250879],[-67.646615445636684,-10.57755461265368],[-67.647637781728406,-10.578959408443817],[-67.648659725191592,-10.579968085723634],[-67.650089668073363,-10.581174844410347],[-67.652129686205669,-10.582386454375801],[-67.654372876744858,-10.583495086869522],[-67.656208639110247,-10.584404485445058],[-67.657942294177914,-10.585296517823309],[-67.659571556972722,-10.58570512781341],[-67.661401268376437,-10.585195978872928],[-67.66241562125407,-10.584280524741764],[-67.663121256168324,-10.582766838245526],[-67.663624709515574,-10.581455417868158],[-67.665547899596248,-10.578930073251515],[-67.667068446165914,-10.577507798569927],[-67.668487748823438,-10.576302893320749],[-67.669705397250112,-10.575390523921449],[-67.671740725751263,-10.575384302495657],[-67.673168184369217,-10.576094372741434],[-67.673986758784736,-10.577295057363058],[-67.705538424689237,-10.677035835974712],[-67.707576961279599,-10.677345265888508],[-67.70930315580479,-10.676232494718757],[-67.713272422773571,-10.6760111761569],[-67.71449983206783,-10.677329751450932],[-67.716032406308088,-10.678534394946944],[-67.718273736399766,-10.678838890534857],[-67.719398205429854,-10.679943730004123],[-67.720822534634095,-10.679642299328505],[-67.721528612801052,-10.678127026420984],[-67.72274346444047,-10.676601327695611],[-67.724166306533292,-10.675992881870577],[-67.726511601583113,-10.676899266348965],[-67.727740705067021,-10.678516854614021],[-67.728561368382117,-10.67992632451582],[-67.729485023816977,-10.681639803181824],[-67.730914167892351,-10.682540344549789],[-67.73223724777084,-10.682240687313197],[-67.734167116024949,-10.681222164616438],[-67.736202815908769,-10.681223211905506],[-67.737622825940946,-10.679901343051506],[-67.739245479695711,-10.67849334762272],[-67.740870131766343,-10.677572927393163],[-67.7416786079948,-10.676262267977602],[-67.742076743858476,-10.674249163974091],[-67.742376238502501,-10.672832727169842],[-67.742568768160993,-10.670506234802145],[-67.742766482002537,-10.669093933870528],[-67.74377518194342,-10.667175730861846],[-67.746517268229937,-10.665652311987207],[-67.748343617019003,-10.664329697333585],[-67.749663754375575,-10.663623644901552],[-67.751393755130337,-10.663413448775117],[-67.753021117992361,-10.663115959695046],[-67.753014515864379,-10.661599072041273],[-67.754125597016113,-10.659777151796145],[-67.755743268705473,-10.657347668866009],[-67.756654922938552,-10.656344356899405],[-67.757359868465272,-10.654621350563783],[-67.758270085215216,-10.653300894419932],[-67.760203979329972,-10.653303575159534],[-67.761836942449591,-10.654108666501564],[-67.763061566366062,-10.655012717014404],[-67.764386143839062,-10.655317823849682],[-67.765912984396124,-10.655004032759965],[-67.767337593550451,-10.655107488262251],[-67.768763620361995,-10.655104808396306],[-67.771306789135039,-10.655102881123211],[-67.772935245714947,-10.655094166132631],[-67.774355621266096,-10.653979768051752],[-67.775573429599064,-10.653165968352011],[-67.777196966102537,-10.652055688215047],[-67.778415079029003,-10.651244125510891],[-67.780140366671901,-10.65013080850313],[-67.781051273323385,-10.649126281886995],[-67.782776182761182,-10.647904597486539],[-67.784809641514656,-10.647399535621231],[-67.786131778864359,-10.647081498599832],[-67.78766029183771,-10.647491013765563],[-67.789596748359628,-10.647991124769804],[-67.791624642409957,-10.646264842853586],[-67.793549529436916,-10.644344070555057],[-67.795680192919534,-10.642925105508203],[-67.796589808473627,-10.641514214433764],[-67.797398839101518,-10.640394142498613],[-67.79851497850926,-10.639583245462651],[-67.800035757764874,-10.638466820160374],[-67.80125466859495,-10.637870700270298],[-67.80308320216399,-10.637053255019177],[-67.804405028299826,-10.636843462584055],[-67.805416350612731,-10.635430644996186],[-67.80510490423687,-10.634118166225456],[-67.805505779423612,-10.632809310709215],[-67.807025767844053,-10.631491955163721],[-67.808342216894545,-10.629972979052928],[-67.809766330897347,-10.629968915972885],[-67.811093560917541,-10.630670947357993],[-67.812521911689743,-10.631380107457218],[-67.8138483269896,-10.632083266858272],[-67.815476403494074,-10.631974892200926],[-67.815976713371242,-10.630157382478242],[-67.815968851027705,-10.628540144767779],[-67.81626596688271,-10.626926225915689],[-67.817379115308455,-10.625609655739105],[-67.818697491209448,-10.62470345272019],[-67.820318698501154,-10.623079377255134],[-67.820411805803488,-10.621359813963094],[-67.821424585222474,-10.620345337849143],[-67.823862744673022,-10.619441794029568],[-67.82538968984953,-10.61943456079087],[-67.826815349518057,-10.619529669567857],[-67.828545759396576,-10.619527618330372],[-67.829968636227036,-10.619225471524604],[-67.831490115663343,-10.618207023233987],[-67.833421273468119,-10.617595067893966],[-67.834640749923281,-10.616980696057668],[-67.836370852471262,-10.616978583711573],[-67.838410992386102,-10.617791141619632],[-67.83963651270841,-10.618793982847427],[-67.841063609539745,-10.619096636953655],[-67.843504914670021,-10.618879019517337],[-67.84503000613195,-10.618465358759417],[-67.847267530970981,-10.618064187458961],[-67.849097853866994,-10.617860302284067],[-67.850524991523983,-10.618253181217213],[-67.852764290883172,-10.618357552394341],[-67.854794996069856,-10.617336066211209],[-67.85702669870642,-10.615913469632369],[-67.858243351793746,-10.615010076276089],[-67.859863931039584,-10.613491809776361],[-67.860774260361083,-10.612280447775531],[-67.862192289053127,-10.611056069631521],[-67.864226739606138,-10.610748857472759],[-67.866366180782691,-10.611252252776982],[-67.868201770607769,-10.611852818344769],[-67.872582339011501,-10.612746965379742],[-67.874513317696753,-10.612134626101122],[-67.875526455438219,-10.611228233625397],[-67.877150040869765,-10.610415179141174],[-67.878574118884345,-10.610210863664326],[-67.880915669543086,-10.61019446757518],[-67.8829496266398,-10.609995427006796],[-67.884984933135073,-10.610085272397347],[-67.88682196936594,-10.610991504365742],[-67.887743218194146,-10.612000984363705],[-67.889069366921078,-10.612595288284332],[-67.890700101320107,-10.61310024521989],[-67.892332519926995,-10.613705607229395],[-67.893242267394001,-10.612591170654721],[-67.894255563295502,-10.611682422407402],[-67.896185894851783,-10.611069889657127],[-67.897712510107809,-10.611063247959375],[-67.899238091451508,-10.610857973229544],[-67.900963389878967,-10.609942330680134],[-67.902487797209076,-10.60943006365474],[-67.905434576066938,-10.608613994356825],[-67.906858584804368,-10.608509931232724],[-67.907882644730449,-10.609623437449248],[-67.909411798542237,-10.610022970661475],[-67.910740456304652,-10.611222038208219],[-67.911763873692905,-10.612228321507365],[-67.912381780462781,-10.613542613855325],[-67.912389355402823,-10.614960055220035],[-67.914434219681908,-10.616665659036338],[-67.915965674051336,-10.61757074380589],[-67.917799693322635,-10.617862778829076],[-67.919224180939537,-10.61786697084956],[-67.921263391801347,-10.618570372987268],[-67.922690812716567,-10.61907109561605],[-67.925241584288415,-10.620070473155284],[-67.926874862072452,-10.621072842551891],[-67.928712212237528,-10.621979841816863],[-67.930139939154486,-10.622479381398096],[-67.932786721992329,-10.622572753311482],[-67.934313138979235,-10.622565842616019],[-67.9362482214556,-10.622757568479358],[-67.937776331524788,-10.622966175342182],[-67.939508717087946,-10.623350278132669],[-67.941035318282673,-10.623352342973281],[-67.942863959436494,-10.622733422270151],[-67.94408121468615,-10.622036033965555],[-67.945604808691044,-10.621324803225166],[-67.947638719840512,-10.621105927262159],[-67.949065163994177,-10.621408970519559],[-67.950997826069667,-10.621003536553918],[-67.953536264272628,-10.620078423946859],[-67.954857168421825,-10.619777380459624],[-67.956179779280674,-10.619476295325454],[-67.957702954670168,-10.618962500609838],[-67.959536523292996,-10.619155976650628],[-67.961272563515124,-10.620254267891584],[-67.962503072052215,-10.621977510207005],[-67.963526849686289,-10.622885356255315],[-67.965059366630811,-10.623987584327169],[-67.966284321505299,-10.624583373818252],[-67.967914352575193,-10.624880065253517],[-67.96924716864622,-10.626494063850419],[-67.970070324057275,-10.628110094212552],[-67.971093865029658,-10.629117242032205],[-67.972321240377781,-10.630118153394852],[-67.973953152167581,-10.630821092118774],[-67.975381183356589,-10.631312418697556],[-67.977213936801462,-10.631415462735477],[-67.978432093872755,-10.630809263873276],[-67.979443537169587,-10.629693543951262],[-67.980250105034088,-10.628274822501741],[-67.981969134676874,-10.62635631354091],[-67.983589159711983,-10.624937480205515],[-67.985111027244429,-10.624017176265273],[-67.986838205239792,-10.623508196070231],[-67.988973816915461,-10.623098425805386],[-67.990289632270333,-10.621875121634526],[-67.991912182784674,-10.620772209979419],[-67.993641850014939,-10.620759741303162],[-67.994963832929159,-10.620557738321061],[-67.997096644752347,-10.619740488240909],[-67.998516824212132,-10.618931567226603],[-68.000348422435664,-10.618825617530064],[-68.001880957489959,-10.61972101684311],[-68.003007982360842,-10.621031829382954],[-68.004740861392804,-10.621533879425526],[-68.005854078225084,-10.620524393386621],[-68.007374074126886,-10.619304865943109],[-68.009098971299437,-10.618389422462846],[-68.010928578773076,-10.617986576407668],[-68.012560627577216,-10.618580836834337],[-68.013791794785504,-10.620187506348609],[-68.015112319023032,-10.619786754404684],[-68.016431876091417,-10.619267502457221],[-68.017959587137909,-10.619268968182713],[-68.019689816615312,-10.619355590200554],[-68.021425501569382,-10.620263765057148],[-68.022552943158303,-10.621574465007157],[-68.023581697203795,-10.623492085074211],[-68.024811633011623,-10.62479172577765],[-68.026444836820744,-10.625593539160558],[-68.028172241741188,-10.625184653791417],[-68.029700865893616,-10.625482858765986],[-68.030235895905122,-10.629823373605189],[-68.029737860738578,-10.631741855376902],[-68.031076262112293,-10.634267360093386],[-68.032914198336968,-10.635271637032211],[-68.034139425334061,-10.635867029770637],[-68.035777343292679,-10.637374135873685],[-68.03791747991869,-10.637874623219735],[-68.039648917975967,-10.637970087501548],[-68.041483328709361,-10.638262146976496],[-68.043217511441355,-10.638872219833576],[-68.045463505779182,-10.640074846691229],[-68.046790268087491,-10.640567696687009],[-68.049337347028953,-10.64096065402221],[-68.051273517118631,-10.641358961326917],[-68.052607688846095,-10.643070646904327],[-68.053732643520746,-10.644074267893469],[-68.055163712371311,-10.644980362681034],[-68.058330720556768,-10.646884651611208],[-68.059968314894107,-10.648292274636233],[-68.060592278130443,-10.650507959285276],[-68.061419156856374,-10.652531104249748],[-68.062341559972324,-10.653529704937984],[-68.063670385109546,-10.654438924711203],[-68.065302575044825,-10.654933475730799],[-68.068054143266792,-10.655438392094696],[-68.075088291579334,-10.657027013098833],[-68.076016314258439,-10.658937482731552],[-68.076329880464669,-10.660347797183519],[-68.076847878504807,-10.661863512403801],[-68.077771442372011,-10.662871068250693],[-68.079204326909746,-10.66417431699249],[-68.081552617959431,-10.665276355650011],[-68.084206177660406,-10.666279689273951],[-68.08523136318253,-10.667384514130511],[-68.086358108409939,-10.668488427278252],[-68.088305870360003,-10.670700121312215],[-68.089332248186977,-10.672013735414277],[-68.090973250381495,-10.674025009328037],[-68.091999411609095,-10.675229129898005],[-68.093232697048634,-10.677043148222053],[-68.094664908112478,-10.678248131822242],[-68.096906786232353,-10.678547332194455],[-68.099561031163134,-10.67964078337236],[-68.10171198859986,-10.681759130647668],[-68.104484272842484,-10.68537980417587],[-68.105102749281471,-10.686593228341716],[-68.105322813694983,-10.689117336584246],[-68.10513186295357,-10.69113612600211],[-68.105756771051887,-10.693352954961203],[-68.106584906648848,-10.695475387073712],[-68.106798756937124,-10.697087560466429],[-68.106812347718716,-10.699200463319494],[-68.105809413326213,-10.701626235639274],[-68.105007061885559,-10.70365061699383],[-68.104118397166758,-10.707899446178995],[-68.103923587044051,-10.709413776942164],[-68.10159103205352,-10.710840219446222],[-68.100580834156318,-10.712156487124412],[-68.099676012612974,-10.713976362051005],[-68.098356376083572,-10.714692652119739],[-68.097139941999217,-10.715598765739342],[-68.095618539689525,-10.716509876211566],[-68.095941528688954,-10.719339103400618],[-68.09686523870144,-10.720447144203048],[-68.097993843094827,-10.721748614829242],[-68.099125347435134,-10.723564793484474],[-68.099959156501654,-10.726598257854723],[-68.100493070923605,-10.730534112808522],[-68.101218017068803,-10.732449931712036],[-68.101737890370359,-10.734163294628841],[-68.102063991092194,-10.73729056661454],[-68.102077220774149,-10.739513122579295],[-68.102092305909537,-10.742033683196487],[-68.102309781446067,-10.744251015077081],[-68.102828286619825,-10.74567430397172],[-68.103652903973881,-10.747381563244774],[-68.105089467343177,-10.748991824785579],[-68.107033591569305,-10.750300584874399],[-68.10887336424932,-10.751405968297799],[-68.110405591208362,-10.752102094215061],[-68.11265168198257,-10.753006200908851],[-68.114081718400982,-10.753603888828247],[-68.115410010593692,-10.754305227423998],[-68.120015167710221,-10.757719779550406],[-68.121763413196845,-10.760243747707007],[-68.123407403649665,-10.762555320502932],[-68.124131998448831,-10.764272476790055],[-68.124957137317892,-10.765978568300637],[-68.126390036485745,-10.766983683844051],[-68.128025507041741,-10.767983558038967],[-68.129970524911968,-10.769401639350161],[-68.130696341536918,-10.771407786056596],[-68.131318456870915,-10.773120247696772],[-68.132041234613979,-10.774538265029195],[-68.133576159228056,-10.775640627570368],[-68.135619646883342,-10.776640081940094],[-68.13715672640059,-10.778050591873368],[-68.138284591961181,-10.779260542693155],[-68.139724425359177,-10.781278155742022],[-68.141059603288141,-10.78307999646942],[-68.142499560375896,-10.785196953395962],[-68.144038866097674,-10.786804964236074],[-68.145475091241494,-10.788314583794572],[-68.146499416167444,-10.789221785791282],[-68.148137023952302,-10.790420203675342],[-68.149777977411489,-10.792134502821828],[-68.151929112578131,-10.79394452664066],[-68.153567003666168,-10.79515306710103],[-68.156438119482317,-10.797957725029612],[-68.15778108662316,-10.80079015794783],[-68.159010842920964,-10.801890707222427],[-68.161160300522369,-10.803501990112263],[-68.163409379272011,-10.804605409639288],[-68.16453572567265,-10.805509335086352],[-68.165967880957695,-10.806305389893732],[-68.168426451315995,-10.808316746955683],[-68.169762259161772,-10.810127508462585],[-68.170484935770787,-10.811439355350378],[-68.171728816372678,-10.814761546785009],[-68.172151000167815,-10.816883443014301],[-68.172567322663369,-10.818193666676198],[-68.173394025370044,-10.819916630867086],[-68.174013173932423,-10.821122216911256],[-68.174938707068264,-10.82232830109688],[-68.176476217162104,-10.823837983460722],[-68.17801513023602,-10.825345371515777],[-68.179452595429552,-10.826956450356754],[-68.180683180163669,-10.828055775848531],[-68.1842484680366,-10.827844851594287],[-68.185878006430968,-10.82783170886144],[-68.187303434746468,-10.827725645921348],[-68.188933875664915,-10.827714718359362],[-68.191379723902372,-10.827808949167531],[-68.192509651442094,-10.829019798158708],[-68.193230740660852,-10.830232282182482],[-68.193754603825539,-10.83234306783868],[-68.194276768102256,-10.834264206031758],[-68.194899770234699,-10.835875028563628],[-68.195827612514492,-10.837587971456562],[-68.197064181400208,-10.839600545574806],[-68.198195068594984,-10.841109454188038],[-68.19922274038808,-10.842421763303237],[-68.199848788752774,-10.844539504700057],[-68.200267520977434,-10.846155678217778],[-68.201511275870857,-10.849180933607954],[-68.201965294949233,-10.855946372954538],[-68.201771084253167,-10.857461167778233],[-68.202290787863134,-10.858974796410775],[-68.202605298864569,-10.860278120927669],[-68.203022174093121,-10.861587240822846],[-68.203541443036542,-10.863011682749244],[-68.204166072038248,-10.864921748777222],[-68.204990109390494,-10.866239412844646],[-68.206224460402495,-10.867944944628219],[-68.206743934405779,-10.869350193919423],[-68.207064842072029,-10.871575932809151],[-68.20717938548276,-10.87338814551911],[-68.207704949179217,-10.875715816124986],[-68.208936307083349,-10.876924582302792],[-68.212403028741647,-10.877103639247931],[-68.214447962729977,-10.87821087038567],[-68.216692651724102,-10.878499809532475],[-68.21700873711444,-10.880019926828764],[-68.216712855963692,-10.881436402917407],[-68.216928282749677,-10.883139280746111],[-68.218462483721197,-10.883943134836366],[-68.220603135393532,-10.884036579454687],[-68.221731715286168,-10.885146917204557],[-68.222251297456509,-10.886563459171709],[-68.222772291245803,-10.888167421345461],[-68.223597930805084,-10.889684900366992],[-68.224528354200828,-10.891496060547889],[-68.224743764804799,-10.893207993521044],[-68.224653319866547,-10.894828029169458],[-68.224667710683732,-10.896852414202447],[-68.22437070202858,-10.898160558936766],[-68.224384495244109,-10.900183838015622],[-68.224804642332032,-10.901999957636129],[-68.225841354770267,-10.904522620127441],[-68.226360120192339,-10.905829678943999],[-68.226681567506631,-10.908054383890924],[-68.226695107115802,-10.909970422978754],[-68.226706975294334,-10.91168662632707],[-68.226112756986154,-10.91421377982711],[-68.2261239395758,-10.915830634883728],[-68.227356449207832,-10.917238100654959],[-68.229196605332362,-10.917933946227411],[-68.230124901618467,-10.919448216246964],[-68.231158299886005,-10.921565589197732],[-68.232190220382051,-10.923276459244683],[-68.233218540391647,-10.924588771880154],[-68.233538795029077,-10.926604644840605],[-68.233756281618682,-10.92862378768659],[-68.234579901311861,-10.929833075406128],[-68.236015504570219,-10.930937045155233],[-68.238162642605985,-10.931834237024617],[-68.240003823402745,-10.93283827831384],[-68.24113181417205,-10.933741956943424],[-68.243894174759916,-10.935138990109827],[-68.245529449666847,-10.935741859146862],[-68.248289362498198,-10.936740248988789],[-68.250637860536671,-10.937334990162434],[-68.252989889767548,-10.938335048664923],[-68.254015737947668,-10.939240796824269],[-68.255452553922154,-10.940553545292548],[-68.256891671108008,-10.942253589803624],[-68.258022201228783,-10.943563688442088],[-68.25946013606017,-10.945072895366955],[-68.261096936449789,-10.945874378627769],[-68.262931839701494,-10.945866508342393],[-68.265583646402121,-10.945955590602511],[-68.267835851894915,-10.947355102554543],[-68.269885090599217,-10.948761103317215],[-68.2715219390534,-10.949561378808319],[-68.27235312860428,-10.951574479617893],[-68.272366472051232,-10.953500827044875],[-68.272585347348596,-10.955618247041819],[-68.273510122602261,-10.95662542535219],[-68.274639391001671,-10.957628313626964],[-68.276583101706123,-10.9585305435479],[-68.278832653036787,-10.959424079119088],[-68.280368822339028,-10.960426305922985],[-68.282417003828854,-10.961732854916876],[-68.283955771086184,-10.962933769151123],[-68.285692953723199,-10.963542114204206],[-68.287014227922896,-10.962921428412191],[-68.287820025912225,-10.961610254660753],[-68.289136099069268,-10.960284957342466],[-68.291896619442838,-10.96128505373736],[-68.293228042648224,-10.962183081511473],[-68.294658146375184,-10.962582111398504],[-68.297820184233643,-10.962775225997289],[-68.29914917491601,-10.963267833676538],[-68.301092936876259,-10.964177745927646],[-68.303344125478844,-10.965270883314165],[-68.304877237658019,-10.965767053020889],[-68.306311737733722,-10.966670732587632],[-68.307439649937592,-10.967574105323077],[-68.308670827286988,-10.968574674413505],[-68.310206469975455,-10.969476193859034],[-68.311640060566987,-10.970282736547299],[-68.318500192351081,-10.972789286595063],[-68.32021834083443,-10.973406789220851],[-68.321142422564165,-10.974919759365699],[-68.321658308679588,-10.976227930745994],[-68.322177830547048,-10.978348047946994],[-68.323001397592364,-10.979954632964574],[-68.324024833081751,-10.980869186575495],[-68.325454149648252,-10.981367418848222],[-68.326175537816624,-10.982885816489688],[-68.328128503935389,-10.98182566260804],[-68.331609638046899,-10.979936816313879],[-68.337607279386845,-10.976184000874818],[-68.339547671692415,-10.976885838120971],[-68.341990743603333,-10.97617426759067],[-68.343517299516677,-10.975667413523496],[-68.345653937630047,-10.974755652740985],[-68.347998787257112,-10.974742928165661],[-68.349427662860847,-10.975141612329706],[-68.350654756230341,-10.975851782978706],[-68.352491875432051,-10.976350154734691],[-68.354431402896907,-10.976853099599889],[-68.356370368925909,-10.977356038624954],[-68.358514308993136,-10.977953963489989],[-68.3600448166615,-10.978150503082462],[-68.36208780645083,-10.979148093053981],[-68.363727143384651,-10.980671562995882],[-68.365770022748578,-10.98157086664814],[-68.367710764994627,-10.982281472769063],[-68.37036374316142,-10.982775764012233],[-68.371893102376831,-10.982774598441404],[-68.373219550278435,-10.982967511565505],[-68.374751355912565,-10.983571626180822],[-68.376797413078449,-10.98497559649023],[-68.378436587289457,-10.98658819170346],[-68.37966432677915,-10.987397577754304],[-68.381095757073993,-10.988203710288863],[-68.382528970429121,-10.989505603923861],[-68.383251771184732,-10.991222574499648],[-68.383365092169313,-10.993552368572196],[-68.383373261466417,-10.99525986536249],[-68.38338317387695,-10.997176271599049],[-68.383496862207934,-10.999613374957228],[-68.383913402554427,-11.001320014315505],[-68.384227710897193,-11.003029985261135],[-68.384235138111109,-11.004547779352375],[-68.384143369856446,-11.006674216313353],[-68.384153101539496,-11.008491270701073],[-68.383956390441668,-11.010005560980888],[-68.383046505104801,-11.011528409429127],[-68.382849681302048,-11.012934281268985],[-68.383060506216424,-11.014357371063825],[-68.384501094325472,-11.016880088566813],[-68.386137057611009,-11.017878355536553],[-68.387263146547085,-11.01868202115037],[-68.388594164305346,-11.019796390315941],[-68.390537096785209,-11.020896448916705],[-68.391863159073608,-11.021098302271497],[-68.393394709805392,-11.021403018751737],[-68.394931986320827,-11.022911609546727],[-68.395956315229782,-11.023906049164838],[-68.397999592252674,-11.024615344898088],[-68.399935161599416,-11.024304775543321],[-68.401866263939837,-11.022991317314808],[-68.403389897471229,-11.021877522074206],[-68.405621638708666,-11.01954441278337],[-68.406328872931837,-11.018233640963121],[-68.406523965182899,-11.016511521043633],[-68.407331338090486,-11.014999803867322],[-68.408549811763905,-11.013984063421942],[-68.410072760522453,-11.012663557441957],[-68.411805691385382,-11.012565079577755],[-68.416805089391644,-11.013253109851023],[-68.418439609375767,-11.013755316475679],[-68.420171852648522,-11.013548354983957],[-68.421901164903687,-11.012836577661732],[-68.423016380261174,-11.011615173044341],[-68.423921303489323,-11.009098335382401],[-68.424218599112166,-11.007481299398261],[-68.424721148637119,-11.006059723647015],[-68.425623038143954,-11.003035849516111],[-68.426945801232591,-11.002514701405072],[-68.428272660027872,-11.002717422421576],[-68.430314218279662,-11.003225366322988],[-68.43194817810047,-11.003717302897005],[-68.432975241842129,-11.005138396300699],[-68.433594680332376,-11.006542374762015],[-68.433705378262559,-11.008265755750921],[-68.434018187522355,-11.009567980590596],[-68.434842357011291,-11.011193403258142],[-68.436378817509507,-11.01250063761586],[-68.438115699708234,-11.013297505930748],[-68.43944957061791,-11.014810174934269],[-68.44057800039414,-11.016119492932239],[-68.442010647644437,-11.017023480958015],[-68.444762633792976,-11.016917203548809],[-68.446081707376578,-11.015601991270731],[-68.448017595030379,-11.015389222401403],[-68.449550162759564,-11.015992799886899],[-68.450882615481234,-11.017207255729359],[-68.452624190729239,-11.018707562425506],[-68.45426076325144,-11.019716574866738],[-68.456405344686743,-11.020321419165894],[-68.458444587447914,-11.020306207538933],[-68.459872533660914,-11.020306605639668],[-68.462523477048563,-11.020293785752266],[-68.465583406655824,-11.020496739455448],[-68.467318239159255,-11.020786285620511],[-68.469968464976404,-11.020575727430751],[-68.471699417411045,-11.020170697160154],[-68.475369167315677,-11.019859774525118],[-68.477408842355615,-11.019952792790367],[-68.479655222667915,-11.020556288556641],[-68.481597856873719,-11.021556104863762],[-68.483542308054552,-11.022762558810038],[-68.484870622390105,-11.023261942677806],[-68.486812543535166,-11.024062942124711],[-68.488855916532373,-11.024761167363421],[-68.490187525021767,-11.0259754083497],[-68.491111888354922,-11.027090182653421],[-68.492646019697034,-11.027892207396631],[-68.494997149333443,-11.028989082147017],[-68.496528984749531,-11.029384515009415],[-68.498945739339149,-11.030461828702917],[-68.500418149820135,-11.031906714789216],[-68.501961462744418,-11.034425310970562],[-68.50258506362465,-11.03644238537866],[-68.50321153905935,-11.039065946376889],[-68.503631306508836,-11.041080757028769],[-68.503946792221186,-11.042908118174715],[-68.504263489622062,-11.044915050809994],[-68.504682459690088,-11.046830498064784],[-68.50581195414135,-11.048247945431942],[-68.507758626072501,-11.049761410479393],[-68.509294780361728,-11.050969929740079],[-68.51042707834678,-11.052786025005867],[-68.511047690201295,-11.054387531791701],[-68.512178888150245,-11.056103123222542],[-68.513614282020981,-11.057314982585407],[-68.515354974449707,-11.058626252181737],[-68.516380350301787,-11.059530902734116],[-68.517609176581942,-11.060431042852077],[-68.519247483785975,-11.061536717704028],[-68.52067832998172,-11.062142071239167],[-68.523743368859002,-11.063041001541054],[-68.525479407275341,-11.063438492771647],[-68.528030757733774,-11.063734281807974],[-68.530071945724586,-11.063935193945387],[-68.531808372844196,-11.064424117728295],[-68.533035572531816,-11.06503504340658],[-68.535394423011056,-11.067243976790971],[-68.536320866609856,-11.06885671993048],[-68.537453773000905,-11.070671580737516],[-68.538278828611965,-11.072187177851266],[-68.539817204239853,-11.073702712203042],[-68.541149870378078,-11.074897501664104],[-68.542283122961877,-11.076811749825346],[-68.543415772095457,-11.078736177596696],[-68.544341043922245,-11.079841758168532],[-68.545673438950075,-11.081046703391351],[-68.547418394399031,-11.082863718826076],[-68.548954488192479,-11.083972610248562],[-68.552291261314707,-11.085655808541601],[-68.555486125397962,-11.084310289272452],[-68.558717419129451,-11.084556634774573],[-68.560688538088485,-11.0861052982691],[-68.561391646827062,-11.088639082737606],[-68.68809291659602,-11.112849118461538],[-68.705602958742489,-11.116587268364921],[-68.70729500116866,-11.115572191449212],[-68.707481889964114,-11.113524310521655],[-68.707667256334275,-11.110699264184113],[-68.708773130598459,-11.108165895708586],[-68.709377005135892,-11.10695564897593],[-68.710080162841066,-11.105337564936653],[-68.712094332956525,-11.101388108335374],[-68.712694192400562,-11.099563431119638],[-68.713500857479417,-11.098140647799616],[-68.714409390104592,-11.096733583752986],[-68.715827352206659,-11.095214202730469],[-68.717446174250597,-11.093182964742365],[-68.7183568398532,-11.092072935845817],[-68.718961018144171,-11.090855903809979],[-68.719047079003332,-11.088529144503347],[-68.718934435259527,-11.086914132957578],[-68.718920574433838,-11.084798678910124],[-68.719213116085328,-11.082775548040267],[-68.720120110704329,-11.081151640171697],[-68.721744035904607,-11.079932478568397],[-68.723470053781028,-11.078811476353096],[-68.724483948592777,-11.077898991854328],[-68.725903248957778,-11.076577230020316],[-68.727117028178014,-11.075053507573113],[-68.729345139214047,-11.072734746719393],[-68.731278421864459,-11.072014406635333],[-68.733420688227952,-11.072111543498167],[-68.736385374247433,-11.073008517176632],[-68.738628770459059,-11.07299368007822],[-68.740257717926866,-11.072580797870966],[-68.741581486792796,-11.072174998375575],[-68.744232160153672,-11.072059132491919],[-68.745759052045713,-11.07164745100143],[-68.747076443570066,-11.070327921910451],[-68.747875395632462,-11.067902161819623],[-68.748575148769646,-11.065776927993596],[-68.750608257469381,-11.064764911074542],[-68.752236783184671,-11.064242376516138],[-68.754263394997508,-11.062325681025964],[-68.755071618159235,-11.061202107855401],[-68.756379074635149,-11.058563424168883],[-68.756668269142949,-11.056142782081972],[-68.756756384453809,-11.054124446516484],[-68.757153230769859,-11.05251233579709],[-68.758464939901984,-11.050389782542309],[-68.759680985123694,-11.049264600624392],[-68.761199570586342,-11.047642122095429],[-68.761388565035631,-11.045421524200663],[-68.761378853116852,-11.044012071476505],[-68.761062063601429,-11.042492318836716],[-68.760543145543608,-11.041186254033439],[-68.759513515464121,-11.039776898388855],[-68.758787273091386,-11.037952697536406],[-68.758570117255644,-11.036031905023457],[-68.758762018949426,-11.034219043617297],[-68.759567804228453,-11.032796230578825],[-68.760680352503087,-11.03148372636648],[-68.760976206021368,-11.029966642752754],[-68.760659657983126,-11.028455954266386],[-68.760135712033872,-11.026436179759395],[-68.759514835741854,-11.025024093190144],[-68.758283972218308,-11.024017055102783],[-68.757153150486232,-11.022710616009768],[-68.757037349639717,-11.020688107483519],[-68.756717926597048,-11.018672614720346],[-68.755894286017892,-11.01756458358599],[-68.750582352816309,-11.016178271290585],[-68.74853563975816,-11.015065952736315],[-68.747405804045243,-11.013867889216748],[-68.746480911290121,-11.012861582911217],[-68.746163546154264,-11.011143108988446],[-68.746765315631961,-11.009626881893258],[-68.748902365924621,-11.009018023759795],[-68.748271875804292,-11.006286934225409],[-68.747952934981285,-11.00437085904816],[-68.748346439036425,-11.002344452354102],[-68.74752282812625,-11.001137024561322],[-68.746089507703829,-11.000236322134326],[-68.744547855011049,-10.998423264061783],[-68.744538308074951,-10.99700374907626],[-68.745860994382454,-10.996597983478324],[-68.747486736319658,-10.995885845560919],[-68.74747201989976,-10.993663411289509],[-68.746543755968162,-10.992152351609212],[-68.745619825343752,-10.991146056117135],[-68.744488960923974,-10.989838492698519],[-68.744375798133177,-10.988124363543918],[-68.745388739315189,-10.987111394221147],[-68.747529227777633,-10.98709996337692],[-68.749571422404358,-10.987496271283833],[-68.751516360118586,-10.988702381657511],[-68.753258659446544,-10.990002427419991],[-68.754187926917908,-10.991721248648094],[-68.754809302687747,-10.993124226305584],[-68.755636180760405,-10.994838661148961],[-68.75726908049424,-10.995037753973062],[-68.758687223717743,-10.993617681921599],[-68.758878930715369,-10.991894172730031],[-68.758761173226915,-10.989574763735716],[-68.757938212914198,-10.988466778662122],[-68.756199856811691,-10.987763032138105],[-68.753338159537122,-10.986773737783661],[-68.753428539540707,-10.985053745218941],[-68.754129475940928,-10.9831365516016],[-68.754318602875173,-10.981016704123956],[-68.753183457786903,-10.979003414295967],[-68.7539851758591,-10.976975464353309],[-68.75531329904544,-10.977365767392534],[-68.756440380678498,-10.978275773110227],[-68.757263834758987,-10.979382604118991],[-68.758599330446103,-10.980893115605983],[-68.759826822616176,-10.981483392822506],[-68.761770535505022,-10.982399156504973],[-68.763000372006019,-10.983397089941716],[-68.764839728330514,-10.983999021838963],[-68.766369133920691,-10.983984731606551],[-68.768917537254595,-10.983979350797911],[-68.771570506036724,-10.984270793526457],[-68.773810293272504,-10.983849032779561],[-68.774612324904183,-10.981937306632927],[-68.774599314346418,-10.980013047920998],[-68.775709528179036,-10.978393410875141],[-68.777037893048131,-10.978791474891917],[-68.778577404948237,-10.980294818182431],[-68.779604874255909,-10.981406948599112],[-68.781139915388238,-10.982306132846858],[-68.782480126315789,-10.984420642318675],[-68.782493138520479,-10.986246653701691],[-68.782098552681887,-10.988164681238064],[-68.781805899264597,-10.990079193545101],[-68.782226077760825,-10.991795149407535],[-68.783555294173752,-10.992390817409728],[-68.785078605724991,-10.991573485207342],[-68.785984086077463,-10.989759782631962],[-68.785969302474442,-10.987635626663286],[-68.785747346377548,-10.985119904848601],[-68.785432629336754,-10.983809228269985],[-68.785217973607004,-10.982286129181574],[-68.785306658498058,-10.980376422307344],[-68.78550009708627,-10.978853917701029],[-68.786510357522772,-10.977633000070526],[-68.788546933087872,-10.977226015226464],[-68.791806598978525,-10.976903209595708],[-68.793025155407904,-10.976193516849142],[-68.793110872435406,-10.973867133905943],[-68.79208203793165,-10.972557466604322],[-68.790646948551895,-10.971357862738293],[-68.789314329597474,-10.970354622375323],[-68.788587971954428,-10.96853863667593],[-68.790116971458758,-10.968524175391845],[-68.792563247419338,-10.968522023560643],[-68.795531767765794,-10.970223148038656],[-68.796766215021478,-10.971835159145922],[-68.797691144095822,-10.972840042960328],[-68.800037259341167,-10.973031033019282],[-68.802278841083279,-10.972916124770231],[-68.804113870504153,-10.972911291625731],[-68.805542159910331,-10.973008643057405],[-68.80677078726336,-10.973807550131495],[-68.807087171193402,-10.97521752656991],[-68.8057683936525,-10.97612957585903],[-68.803629466062219,-10.976449919420306],[-68.802204701156512,-10.976760196273693],[-68.800272953661263,-10.977472056234548],[-68.800592465914775,-10.979487355612624],[-68.801820974565231,-10.980185783792372],[-68.803250441104808,-10.980590333961421],[-68.804781717136933,-10.980784657735994],[-68.806209464886621,-10.980880890375488],[-68.807535107948993,-10.98108004124312],[-68.809375379416068,-10.981880332523444],[-68.810606709737982,-10.982977339613637],[-68.812751313563311,-10.983480154126305],[-68.814988196007675,-10.98255201552411],[-68.816306973849478,-10.981639897268687],[-68.81773636072198,-10.981944958377722],[-68.819479274072364,-10.983443201577158],[-68.820610594636889,-10.984750335702692],[-68.822245868521108,-10.985248153338784],[-68.82356601832204,-10.984534734847088],[-68.824574018924395,-10.983016621080997],[-68.825073429518625,-10.981502636886402],[-68.825471403478289,-10.980189837975811],[-68.825459509554307,-10.978473366972773],[-68.824633636915507,-10.977058524682604],[-68.823501612679863,-10.975650926182281],[-68.823693054196823,-10.973928527500062],[-68.824703872821104,-10.97271757578967],[-68.826333060010114,-10.972402302865701],[-68.828678693035883,-10.972501491294766],[-68.82970539253995,-10.973595308385644],[-68.830429268592937,-10.974904113750121],[-68.831050365314752,-10.97621648448991],[-68.831672486231113,-10.977735519565433],[-68.83239559981844,-10.979035309779176],[-68.833727856451731,-10.980047333102556],[-68.835460383503232,-10.979937352308143],[-68.837191315682077,-10.979620706222285],[-68.838514371162603,-10.979312596577879],[-68.840646953656872,-10.978097516757151],[-68.840229005086243,-10.976680956010638],[-68.838797296180161,-10.976186364617892],[-68.837466440785334,-10.975373128266988],[-68.836947196518381,-10.974067396872918],[-68.837037576175561,-10.972447904385733],[-68.837435672602936,-10.971144131311078],[-68.838551412211046,-10.970327053474703],[-68.840488087565276,-10.970319479926022],[-68.842221580598306,-10.970417233193928],[-68.845696189718154,-10.971606413204267],[-68.847027869354093,-10.972312275440649],[-68.847952046556429,-10.97341634620317],[-68.848683652439533,-10.975530194696296],[-68.8494102706712,-10.97734486447372],[-68.850134808889266,-10.978862542625741],[-68.851161467836363,-10.979854617087307],[-68.852395964862779,-10.981377100495445],[-68.854040017304641,-10.983076189639023],[-68.854052047802028,-10.984694411482861],[-68.853654720972159,-10.986213955335048],[-68.853259975094204,-10.987933355186314],[-68.852968292065782,-10.989847961980029],[-68.853194256515323,-10.992879722131317],[-68.854624840790223,-10.993274862564933],[-68.856662000568335,-10.993065960766421],[-68.859511256112981,-10.992337328358145],[-68.861851930201766,-10.99173147303496],[-68.863381102411168,-10.991716461792803],[-68.865824868046332,-10.991306888414311],[-68.867039567369901,-10.990189087044156],[-68.867540454640562,-10.988864689199044],[-68.867629498442554,-10.98715368466387],[-68.869870365286118,-10.986840394806054],[-68.871908851213576,-10.9868289650497],[-68.873946498103209,-10.986619879070407],[-68.876291159802747,-10.986601085692282],[-68.878027046463927,-10.986906304821032],[-68.879360087879874,-10.988008387894377],[-68.879575506625329,-10.989521235471685],[-68.879485492981601,-10.991141919620405],[-68.878988486071179,-10.992854799431916],[-68.877365079132616,-10.993876284915899],[-68.875937868423662,-10.993877667522193],[-68.874608080169068,-10.993282607212194],[-68.874495666738227,-10.991866676952984],[-68.874280625350806,-10.990461109755213],[-68.872851661977791,-10.990156427256432],[-68.871026610647007,-10.991580250506226],[-68.870832471511335,-10.992896205419607],[-68.871061084810833,-10.996235121946258],[-68.872291407723296,-10.99713302718277],[-68.873826813441951,-10.997931016276484],[-68.876577742712186,-10.997621269175712],[-68.878001626319246,-10.997203183460766],[-68.881354808908554,-10.99567380624287],[-68.882669112559356,-10.994354729801023],[-68.883267523878629,-10.992629242234521],[-68.883354640902837,-10.990612176958784],[-68.883547220055107,-10.989096334398431],[-68.884558475664505,-10.987984432409469],[-68.886181449940878,-10.986855608459841],[-68.888108558544616,-10.985637030778886],[-68.890655147022869,-10.985322958679063],[-68.892290757424149,-10.985919604001538],[-68.893728399468031,-10.987228034244099],[-68.895471772529945,-10.988626250914592],[-68.897419894940896,-10.990028573928958],[-68.898451197079083,-10.99154552870543],[-68.899583402996726,-10.99305102163539],[-68.900106257663538,-10.994763169964068],[-68.900933533773696,-10.996186763088302],[-68.90186368797518,-10.997887995447357],[-68.903399630666541,-10.998795313216608],[-68.905031332255433,-10.998786560756576],[-68.906355172911745,-10.998578507597832],[-68.90798109214937,-10.997964465270259],[-68.909296725474519,-10.996636140648967],[-68.910206901920787,-10.995624794495383],[-68.911724045285396,-10.994101852457273],[-68.913853871989815,-10.992577690259433],[-68.915893013203217,-10.992566935722344],[-68.916719027501188,-10.9939814569069],[-68.917851074247736,-10.995289202062146],[-68.919374113907821,-10.994469727349014],[-68.920174880401291,-10.992549488355165],[-68.921079734066211,-10.990932827346871],[-68.922601045396277,-10.989906680910503],[-68.924334896267254,-10.989894176465395],[-68.926064680861842,-10.989486439377577],[-68.926663496137934,-10.987769854438305],[-68.926750665039151,-10.985842002300732],[-68.926942589387906,-10.984336303221726],[-68.927542900703159,-10.982819607900749],[-68.929069014042696,-10.982406605675495],[-68.931006326828538,-10.982488516526969],[-68.932236310949818,-10.983295695965698],[-68.933064424107357,-10.984999224717299],[-68.934195179024584,-10.986206370272303],[-68.936761201747103,-10.988313966566638],[-68.938707191175183,-10.989526200993151],[-68.940650137681189,-10.990223451473515],[-68.942471985186231,-10.988391333079869],[-68.941843492213479,-10.986167953685348],[-68.941729295427749,-10.984561228282773],[-68.942218292926256,-10.981926756373065],[-68.943540475448003,-10.981519718518129],[-68.945273708776284,-10.981508178836323],[-68.947005044197425,-10.981397277747432],[-68.948834220301933,-10.980578073148401],[-68.951064562741323,-10.978952841825317],[-68.951155727458257,-10.977539935336775],[-68.950532506715092,-10.976128568255744],[-68.948989678388031,-10.974417635238989],[-68.947856633683557,-10.972912475212647],[-68.947437961254906,-10.97149727491953],[-68.947528168334628,-10.969975984179289],[-68.94884625530004,-10.96906302724531],[-68.950275940324914,-10.969466539426936],[-68.952117034209664,-10.970164998333706],[-68.953753462796399,-10.970860508903714],[-68.955993186343846,-10.970536135823002],[-68.957211342948455,-10.969834499424092],[-68.958326583396627,-10.969016768043069],[-68.959540627201619,-10.967898455508656],[-68.96136638113272,-10.966673766702007],[-68.963098374893349,-10.966571747724124],[-68.965245032879992,-10.9672615165639],[-68.968832625259168,-10.969765046760106],[-68.970271420441222,-10.971172276240132],[-68.972014844728662,-10.972578846650279],[-68.973857580974652,-10.973475858758727],[-68.976104934705035,-10.974073839994166],[-68.978452748346442,-10.974460395022302],[-68.980295985904036,-10.975466897805346],[-68.980516444864094,-10.977584894092468],[-68.979928634216307,-10.980521174243496],[-68.979126378669051,-10.982242876147401],[-68.978017087987055,-10.983755217936949],[-68.978240070444727,-10.986180399953012],[-68.979574060740845,-10.987183552160957],[-68.981516527991829,-10.987879295799392],[-68.98294733072531,-10.98827353274921],[-68.985596685048876,-10.988163583396581],[-68.987934689753104,-10.987946010153744],[-68.988425868769639,-10.985012034276838],[-68.988716008633972,-10.982996731684196],[-68.989111155577021,-10.981476960776813],[-68.990328004341549,-10.980656550999957],[-68.991657324742889,-10.981062241246924],[-68.9926833790675,-10.981955374800672],[-68.993411361574232,-10.983770678271258],[-68.994235869779189,-10.984876568151405],[-68.995871578240042,-10.985372993272444],[-68.99747286088531,-10.983746835264007],[-68.999899026733985,-10.983355283699911],[-69.001036448353801,-10.984470414032053],[-69.002171570218422,-10.985243365048138],[-69.003996440074744,-10.985146626624902],[-69.005733893242166,-10.984801274286191],[-69.008244262892987,-10.982895187911273],[-69.009104612092301,-10.981424937730717],[-69.008978751409487,-10.978445103469769],[-69.007924941013258,-10.977337009757688],[-69.006687799443938,-10.97675635622323],[-69.004837395809844,-10.976084582714313],[-69.003281907578568,-10.974889393018792],[-69.002037122728609,-10.973912462356848],[-69.001795235598507,-10.972201625179272],[-69.002873754892605,-10.970156830341116],[-69.003971696857292,-10.969021893816061],[-69.005490623847791,-10.968492165560003],[-69.008041553224714,-10.968546978422447],[-69.010597513387097,-10.968801548163464],[-69.01213766276841,-10.96927419915011],[-69.01389019285638,-10.970145959334898],[-69.015424221585832,-10.970329597659756],[-69.017550672584434,-10.969573623375625],[-69.01852370196147,-10.967431954985392],[-69.0184938680611,-10.966022011188144],[-69.018259617973897,-10.96461936152871],[-69.018128485345869,-10.963294366763405],[-69.018087619976498,-10.961378716138741],[-69.019909451259124,-10.960739778931671],[-69.021263906743329,-10.962031250774659],[-69.022925624685698,-10.963404372032352],[-69.024674534178885,-10.96408750356693],[-69.026080048512611,-10.963053300155829],[-69.027077549711564,-10.96202124425912],[-69.028077035558667,-10.961090785328521],[-69.029154625057231,-10.959044773165122],[-69.029432755195117,-10.957725510763829],[-69.030810362888545,-10.955363764101309],[-69.032230734101574,-10.95503392578188],[-69.03369576847922,-10.956719004399949],[-69.034842736127416,-10.957916112501497],[-69.036396453269504,-10.958993612959583],[-69.037930188263616,-10.959168048856251],[-69.040377428970203,-10.959126755194651],[-69.041886775919934,-10.958180235533431],[-69.041953749701264,-10.956560102274196],[-69.041109984582619,-10.955264054453279],[-69.040259827399581,-10.953669995718016],[-69.040833905818261,-10.951944723201969],[-69.042974509543185,-10.951894037633584],[-69.044013808049726,-10.952787675017193],[-69.045382762901966,-10.954782247405435],[-69.046130157918611,-10.956288478026554],[-69.046770436415926,-10.957581639857308],[-69.048032779722448,-10.959381199063996],[-69.049703455841097,-10.961168382958299],[-69.05084228975106,-10.961949979256278],[-69.052687437539191,-10.962323277945343],[-69.054008338520063,-10.962104176461475],[-69.055103249935541,-10.960862878629486],[-69.055675039385832,-10.959029172551521],[-69.056154623062199,-10.957615647773672],[-69.057734863269715,-10.955256591763563],[-69.058831896523188,-10.954123658532092],[-69.06012493379643,-10.952586038801062],[-69.061107753562041,-10.950850561295955],[-69.061178477201139,-10.949429121744158],[-69.061247245441095,-10.947908345129138],[-69.06192338081992,-10.946181619684916],[-69.063193474539872,-10.943632615176854],[-69.064505442949084,-10.943000306678536],[-69.065551774611876,-10.944190683316359],[-69.065691377887831,-10.945903922712098],[-69.066128096526697,-10.94721109837243],[-69.067089521327873,-10.949217898315366],[-69.068055452261774,-10.951423367474518],[-69.069001577769498,-10.952715625025711],[-69.070841613318123,-10.952890100309089],[-69.07305366033934,-10.951426666886103],[-69.074531682082153,-10.949080206520749],[-69.075113076254539,-10.947653956491918],[-69.077245406025227,-10.947213466378004],[-69.078792007045422,-10.94798360363867],[-69.080050392076984,-10.94957409780779],[-69.081510979000697,-10.951070323691516],[-69.083068825873653,-10.952346138177324],[-69.084528003211673,-10.953740736427999],[-69.086710369492209,-10.955614234874078],[-69.088789689819109,-10.95738976887627],[-69.090028578999323,-10.958078291894662],[-69.091462061997404,-10.95835309039437],[-69.093503833002444,-10.958412770008167],[-69.095124332985222,-10.957888872689843],[-69.096515769179717,-10.956231085530293],[-69.097185449621023,-10.954196038882523],[-69.097765785455863,-10.952778770814815],[-69.09865033524666,-10.951235305248876],[-69.099745342282688,-10.950010719887512],[-69.102061549534042,-10.948651661927704],[-69.103608489217919,-10.949430642322922],[-69.104962839454288,-10.950721548956427],[-69.106241758893589,-10.953214926460179],[-69.106897524674466,-10.955230354413041],[-69.10847356793947,-10.957318729876787],[-69.110122832301229,-10.958095109730118],[-69.111651833559776,-10.958060163808252],[-69.112540723143823,-10.95673336669819],[-69.112607150454394,-10.955114342812015],[-69.112565377694509,-10.953198736435239],[-69.112004369222888,-10.950891821422619],[-69.111766434706098,-10.949370799701533],[-69.111722149558389,-10.947357014096603],[-69.11208335620249,-10.94522238311478],[-69.113892050964481,-10.943977572372372],[-69.115722483604443,-10.943735124566668],[-69.117454913068073,-10.943704063072762],[-69.119926515696392,-10.944772547876498],[-69.121686997666757,-10.945942451010264],[-69.122626609392313,-10.946946616606203],[-69.125128604618084,-10.949414773325847],[-69.126787424238387,-10.950606399238211],[-69.128305621931204,-10.950065613516456],[-69.128781614732119,-10.948533425093201],[-69.128413230625185,-10.945724774910511],[-69.128676577862791,-10.943791355471214],[-69.130117148708109,-10.944364992946875],[-69.131267756274838,-10.945660845268877],[-69.133042709838278,-10.947544087449707],[-69.134597139317236,-10.94863097982439],[-69.136858230501005,-10.949397368570695],[-69.138997022029216,-10.949255364895723],[-69.140415176295733,-10.948825436535637],[-69.141095187640971,-10.947297110523238],[-69.139827521712562,-10.945299498713512],[-69.138162118994885,-10.943809986751072],[-69.136309015521277,-10.943040117464108],[-69.135169721447113,-10.942249992797214],[-69.135138523346086,-10.940841266250386],[-69.137180127792575,-10.940900506826397],[-69.139222584522102,-10.941059094173188],[-69.140552996143185,-10.94123900736955],[-69.142290502511571,-10.941405254375727],[-69.144737502862469,-10.941362709331466],[-69.146046571149441,-10.940628297224935],[-69.145802999617885,-10.938810440495729],[-69.144854416624057,-10.937418101792046],[-69.143705425936446,-10.936230724686082],[-69.14336162757202,-10.934513665976779],[-69.14527826619431,-10.933565159063651],[-69.146719015139709,-10.934146570495576],[-69.147561409930603,-10.935343928420107],[-69.148417719006446,-10.937145168561052],[-69.149377325987089,-10.939051095599],[-69.150329089306027,-10.940542726272129],[-69.151689884800248,-10.942139220226482],[-69.153738079992578,-10.942496296196062],[-69.155874212702329,-10.942254793012481],[-69.158108295049161,-10.941801845976229],[-69.159413339547541,-10.940869799765032],[-69.160082559464115,-10.938843626174123],[-69.160256225820746,-10.93751894421478],[-69.161645236309752,-10.935771587495843],[-69.163576218364781,-10.935444846168519],[-69.168539750268422,-10.933927617373575],[-69.171061204668874,-10.932663106755552],[-69.172870855385952,-10.931517149041932],[-69.173868037832108,-10.930485541696468],[-69.174543678960347,-10.928757348247705],[-69.175015243111488,-10.927026432674799],[-69.176636449594312,-10.92659110637508],[-69.178473489789837,-10.926655123884965],[-69.181529835310513,-10.926496135328671],[-69.182950321521744,-10.926165247953122],[-69.184463607319614,-10.925426537480929],[-69.185988311736466,-10.925192365053363],[-69.187822783095584,-10.925158105919587],[-69.189669264053393,-10.925628364287565],[-69.191112734008613,-10.926311032876249],[-69.193166532081449,-10.926973625657475],[-69.194915498788546,-10.927647356308938],[-69.196678762992121,-10.928933974000177],[-69.198130341482283,-10.93001281211613],[-69.199689006401428,-10.931296721452558],[-69.201143449428429,-10.932483893355679],[-69.203501373433483,-10.933038112968617],[-69.205620090758288,-10.931983357099629],[-69.206401160274709,-10.930451130117767],[-69.207373315518709,-10.928316567238122],[-69.20825376678782,-10.926674509423117],[-69.209357218796711,-10.92584669583133],[-69.210775054310204,-10.925416294288036],[-69.212299757234732,-10.925183053728976],[-69.213611071059091,-10.924547547419213],[-69.214905047088919,-10.923119640854086],[-69.216281645753867,-10.920854993815839],[-69.217459796727226,-10.918824690535399],[-69.218965963031508,-10.917777587811775],[-69.221246742072026,-10.919447138045518],[-69.221482605571694,-10.920858481152921],[-69.221927202646171,-10.922472288362275],[-69.222466300686676,-10.923767446361854],[-69.223308506363267,-10.924963357208744],[-69.224569308585359,-10.926563028699825],[-69.225808238129005,-10.927241663339306],[-69.227548538649202,-10.927515529927055],[-69.228970214912565,-10.927275770840568],[-69.232023563137773,-10.926916196615341],[-69.236687283130195,-10.925714462706752],[-69.238408818890377,-10.925166512702161],[-69.239727254910477,-10.92484801507473],[-69.241149706202108,-10.924617186508453],[-69.24246561407017,-10.924181278539962],[-69.244586314178264,-10.923234496403909],[-69.245894894815521,-10.922499464717413],[-69.245448295315541,-10.920795404627713],[-69.244011986757869,-10.920412228273509],[-69.241868950506429,-10.920357802011569],[-69.240230844468286,-10.920079175789413],[-69.238565740166067,-10.918600687511891],[-69.238219111905195,-10.91678450413534],[-69.239407533474647,-10.915240581471972],[-69.24103457103358,-10.915013531411578],[-69.242767271955117,-10.914980263294428],[-69.244402455564497,-10.915149390714118],[-69.24583439667046,-10.915324865573206],[-69.248078476102748,-10.915377776044576],[-69.250208599416737,-10.914836152252338],[-69.251097582457319,-10.913598033702677],[-69.252508883653846,-10.912861451644435],[-69.254656211298766,-10.913124588518327],[-69.256611701196874,-10.913890709015583],[-69.258661752203892,-10.914364120246118],[-69.26020001476806,-10.914735522951613],[-69.262565437023554,-10.915596042447046],[-69.264223987186213,-10.916777470926966],[-69.265066384225847,-10.917972067142589],[-69.265518097010386,-10.919884886894742],[-69.264540409802393,-10.921720566991416],[-69.263337653971732,-10.92265176127178],[-69.261928948733299,-10.923487749569654],[-69.261558278036446,-10.925115754341395],[-69.262317498834733,-10.927118923208331],[-69.263652247497646,-10.927504599578949],[-69.265071794447721,-10.927164125134901],[-69.266070563483737,-10.926232537586484],[-69.267261931233364,-10.924805807002677],[-69.268049812192245,-10.923571335100007],[-69.269032371845796,-10.921942186456722],[-69.270111990341647,-10.920094812406459],[-69.270797624994742,-10.91886298200618],[-69.271784828176237,-10.91743248433364],[-69.272878945873487,-10.916199121104595],[-69.27482191899422,-10.916467335182727],[-69.27607058327537,-10.91755198584241],[-69.276520099994443,-10.919356417332315],[-69.276144862609968,-10.920785784902435],[-69.276487451492457,-10.922393089626288],[-69.278035439942045,-10.923170698679932],[-69.280176452936161,-10.923125410837613],[-69.281596209897614,-10.922794981393613],[-69.283613687099987,-10.921841429721875],[-69.285419030459934,-10.920495810933991],[-69.287049381168202,-10.920458044836028],[-69.288891677362969,-10.920719704482465],[-69.290320487265163,-10.9207955643656],[-69.292271118923097,-10.921370614703603],[-69.294312569794869,-10.921428279955943],[-69.296138462063936,-10.920986682591678],[-69.300252112966461,-10.918072061638128],[-69.302592764347153,-10.917822571503951],[-69.304320787681789,-10.917591257424077],[-69.30594957575785,-10.91745286387262],[-69.308180389487674,-10.916898972602416],[-69.309685763891054,-10.915861375376066],[-69.310677400762586,-10.914629346403258],[-69.311548022717346,-10.912588436484558],[-69.312111104198252,-10.910457288229361],[-69.312895999791451,-10.909123354905446],[-69.314102873515068,-10.908400708843349],[-69.315636430417968,-10.908571912961492],[-69.316677296401892,-10.909464082546556],[-69.317223461768137,-10.911065986931916],[-69.317289267715779,-10.913893393804667],[-69.317323801914299,-10.915400234696122],[-69.317375406462389,-10.917631708344764],[-69.31741497824315,-10.919348495878186],[-69.317765557450386,-10.921263855606096],[-69.31922187133506,-10.92253935670853],[-69.320954984370999,-10.922497508368663],[-69.323077377885113,-10.921649245879991],[-69.324383814320029,-10.920823407922954],[-69.324756619893989,-10.919294618435746],[-69.325200574139771,-10.916452739277871],[-69.326071837553599,-10.914419646666012],[-69.327391665637876,-10.914181862212805],[-69.328830748105005,-10.914663764604793],[-69.329576694387313,-10.916061654665993],[-69.330326062784962,-10.917565619694622],[-69.331203620679744,-10.920271309025097],[-69.331663023775121,-10.922489875101277],[-69.332328349612538,-10.924801320378043],[-69.333646390896249,-10.92447318659752],[-69.335235518336475,-10.92261888797924],[-69.336710564279201,-10.920261593907297],[-69.337484545207673,-10.918439924355729],[-69.337551192420889,-10.916919131809522],[-69.336831918359891,-10.912276943290831],[-69.336182604265616,-10.910669878975972],[-69.336243197006027,-10.908859012133105],[-69.337134341413361,-10.907722103816965],[-69.338968594982305,-10.907685357040554],[-69.340393714845007,-10.907562187284039],[-69.341814402768762,-10.907231316873938],[-69.343231819091528,-10.906800007186634],[-69.345367307725937,-10.906555404124447],[-69.347528412535098,-10.907413515612015],[-69.347971934321734,-10.908928809990817],[-69.346990054517676,-10.910557176154914],[-69.346633525626274,-10.912791434514727],[-69.347586069600638,-10.914282095543619],[-69.349323755224745,-10.914455599758497],[-69.350843200797598,-10.91401364940519],[-69.352242467349868,-10.912778618819372],[-69.353439764607558,-10.911640366615336],[-69.355663264449348,-10.910778952847561],[-69.357690300571662,-10.910240039301405],[-69.359308624524132,-10.9096949124001],[-69.361240888875813,-10.909456615284885],[-69.362775095760782,-10.909628578647837],[-69.36432482561122,-10.910503734123298],[-69.364767667812231,-10.912009985768016],[-69.364699094265077,-10.913430314807417],[-69.363911609458981,-10.914656111074581],[-69.363541576232663,-10.916276377632313],[-69.363290350445965,-10.918616342489763],[-69.362912575311384,-10.919928492358043],[-69.362762946624557,-10.922264667404946],[-69.363426527822668,-10.924476676783247],[-69.365182936453067,-10.925446929683005],[-69.367017675695934,-10.925400885467809],[-69.368101074656536,-10.923768578394181],[-69.368811277339859,-10.919210754846754],[-69.368751958960701,-10.91667227812392],[-69.368806930780949,-10.91466387896382],[-69.368757702975785,-10.912541902978697],[-69.370151847708271,-10.911100204616661],[-69.37167622335032,-10.910864648993057],[-69.373007906746864,-10.911132225498479],[-69.374453979346669,-10.911911782532226],[-69.375996904600029,-10.912490001630845],[-69.377826727020889,-10.912245213278897],[-69.378275191246303,-10.909619955294833],[-69.378007156536555,-10.906889381824653],[-69.378275454485262,-10.905272924060325],[-69.379567819049058,-10.903832731505611],[-69.381506914350553,-10.903892219567254],[-69.383455071044523,-10.904350122892291],[-69.385013016404997,-10.905632606967703],[-69.385354342258694,-10.907140358667847],[-69.384887584526894,-10.908980048680128],[-69.384000479397429,-10.910298901200546],[-69.382500037633548,-10.911545857586885],[-69.382653731866384,-10.913764459274738],[-69.383795959040384,-10.914652495925578],[-69.385211578806874,-10.914113642270156],[-69.386813871091334,-10.912871874775709],[-69.388516016955279,-10.911520163758974],[-69.389305699981193,-10.910402638368533],[-69.389860498791336,-10.907954120330169],[-69.390318439685274,-10.905727273260169],[-69.390490789915034,-10.904411495411045],[-69.39084200403687,-10.901978546483075],[-69.391728782265645,-10.900650653354887],[-69.392828392015602,-10.899713539165759],[-69.394323899476419,-10.898269016273748],[-69.395745950656277,-10.898035990494039],[-69.39720906997529,-10.899528685222034],[-69.398069635043839,-10.901429229431184],[-69.398507590945968,-10.902725455673743],[-69.399252103887818,-10.904032762475586],[-69.400403412830329,-10.905317997160124],[-69.401444610879906,-10.906208600573677],[-69.402895578833053,-10.907186595187065],[-69.404834744384303,-10.907246990249575],[-69.40519935761364,-10.905418998828551],[-69.405040566136094,-10.903000671315601],[-69.404983977323482,-10.90057964284294],[-69.40504024507068,-10.898653686613956],[-69.407839213804863,-10.896274379500317],[-69.409555197253667,-10.895526368890224],[-69.410982640202533,-10.895492992850269],[-69.412511382348555,-10.895465951570277],[-69.414248143769314,-10.895629883795621],[-69.415910945311055,-10.896918366478779],[-69.416550129286549,-10.898109814417134],[-69.417391850748032,-10.903552533017971],[-69.418042398660475,-10.905160433442832],[-69.419092204734099,-10.906448266595909],[-69.420428465149428,-10.906924348838398],[-69.422771214712398,-10.906781842138576],[-69.423977183303094,-10.906040491221201],[-69.425577388774144,-10.904691190338932],[-69.42739244702048,-10.903741609189433],[-69.429535060235182,-10.903804256135556],[-69.431282421754517,-10.904374346675235],[-69.433534233378438,-10.904732201751125],[-69.436183946397648,-10.904679613936958],[-69.438644996134656,-10.90522947618253],[-69.441939213179438,-10.90657700768627],[-69.443200836745405,-10.908166265307072],[-69.443642634845617,-10.909570737079029],[-69.444086074947052,-10.911076814014743],[-69.444847325083416,-10.913088285623079],[-69.445113290372277,-10.915709325016913],[-69.445149100936646,-10.917227434270433],[-69.44508810677047,-10.918945782179529],[-69.446048673444949,-10.92074300739154],[-69.447572492879914,-10.92050802444143],[-69.448772828039012,-10.919477528358488],[-69.449956882430271,-10.917831927563688],[-69.450741485281597,-10.916498561285517],[-69.452355306763408,-10.91575402783217],[-69.45279474408828,-10.917069338161603],[-69.452007540052506,-10.918286453039061],[-69.45163356462389,-10.919716140570001],[-69.452986968123028,-10.920895197696648],[-69.455656660565595,-10.921647108184432],[-69.457792771887497,-10.921402434865625],[-69.459608516286011,-10.920560947811342],[-69.461009059825585,-10.919415460742314],[-69.462311967226114,-10.918481525676047],[-69.463917141597847,-10.917339572832866],[-69.467359084785031,-10.916249994028176],[-69.469215050952585,-10.917125195469421],[-69.469766012362555,-10.918835040060531],[-69.46868315088723,-10.9204769182869],[-69.468214478686107,-10.922199448843637],[-69.468364002677674,-10.924210345493774],[-69.469614017338117,-10.925302852508134],[-69.471142732174144,-10.925266341357768],[-69.473053336392752,-10.924113846547513],[-69.474854687722342,-10.922667229134349],[-69.476565213130399,-10.921721117994492],[-69.478495042713064,-10.921373344258269],[-69.480742773462708,-10.921530895333989],[-69.482072759115979,-10.921707460846287],[-69.48370305052012,-10.921666993402086],[-69.485421413283419,-10.921027802546767],[-69.486521296547494,-10.920091265446707],[-69.487812652015251,-10.91865939650855],[-69.489006792874264,-10.917411977777162],[-69.490405257081264,-10.916177120979791],[-69.491695521248445,-10.914728323130898],[-69.492521858164892,-10.910879589532849],[-69.492486143823072,-10.909460880112594],[-69.493546720423566,-10.90691710155609],[-69.495180200758327,-10.906975841859701],[-69.4962234312882,-10.907965308328018],[-69.496876801475452,-10.909672298231055],[-69.497636127266247,-10.911574080830963],[-69.499316982094072,-10.913656558699028],[-69.501687801922245,-10.91471409108463],[-69.503416708031935,-10.914481059840327],[-69.505631920903582,-10.913320046630195],[-69.507340832689806,-10.912282246077867],[-69.508641619969154,-10.911239651788019],[-69.51063389669298,-10.90927256476386],[-69.512748200276562,-10.908123244945065],[-69.514286887261761,-10.908492726355572],[-69.51592224665103,-10.908659673974936],[-69.517848807412321,-10.908221265177067],[-69.519159955681943,-10.907575880840795],[-69.520981864535003,-10.90703185316031],[-69.523025668061791,-10.90719558440273],[-69.525078247771305,-10.907757740169988],[-69.526410937700305,-10.908033326198364],[-69.528653328319834,-10.907981545704184],[-69.530082739391872,-10.908056836674685],[-69.532635790157769,-10.908204395209621],[-69.5342739548542,-10.908471637754277],[-69.53623805616057,-10.909548841776369],[-69.537280713469713,-10.91053021775228],[-69.538142882644507,-10.912438103901518],[-69.538393117495104,-10.914346810182586],[-69.538735619649543,-10.915854325799394],[-69.538772144052913,-10.917372418774729],[-69.538600191579278,-10.918688364649265],[-69.537821154673523,-10.920221848662484],[-69.536532239843794,-10.921770313504711],[-69.536984094783165,-10.923573052757543],[-69.538135355439039,-10.924758186965393],[-69.539678252632157,-10.925334065880262],[-69.541013273935931,-10.925708896094678],[-69.542542801075527,-10.925680862754673],[-69.544275322378468,-10.925637131237787],[-69.545891886460595,-10.925000191323484],[-69.547085382007012,-10.923761463963128],[-69.54776275590892,-10.922231830870947],[-69.548327698685554,-10.920297531727545],[-69.549320361013585,-10.919173821947831],[-69.551754073092297,-10.918601556880185],[-69.55371206741782,-10.919473223824165],[-69.555457752456377,-10.919944062032295],[-69.55708883740644,-10.919912020936437],[-69.559520617157119,-10.91925048905629],[-69.561228475674142,-10.918203213835797],[-69.563573240440093,-10.918150516768593],[-69.565825381982165,-10.918504661199776],[-69.566908925592159,-10.920859319999279],[-69.53214056365627,-10.976292554251758],[-69.494916090582578,-11.035886500902505],[-69.477764621559047,-11.062902948516658],[-69.462132925502587,-11.089305501829825],[-69.249774204872111,-11.431997031962299],[-69.218545900668047,-11.481951718412535],[-69.166617043617208,-11.571581998584335],[-69.099819068943191,-11.680296410936602],[-68.922884922877486,-11.977169040212729],[-68.653174862306003,-12.475030000189911],[-68.651990425399447,-12.479909760017694],[-68.651909272886158,-12.482937873395336],[-68.652443612395658,-12.48678159974803],[-68.652761341965927,-12.488404105552151],[-68.653490931285802,-12.490422432472855],[-68.654217090604405,-12.491645216840983],[-68.655455415800802,-12.492545138186134],[-68.657210863288938,-12.49406708992036],[-68.658866393548266,-12.495979493834669],[-68.659695769990961,-12.497388926222593],[-68.659909637138639,-12.49891420766949],[-68.65889038353923,-12.500534291500925],[-68.656839155042121,-12.501448958462356],[-68.655610138942706,-12.502367571348378],[-68.654492359206273,-12.504698363438045],[-68.653991954054092,-12.507236968997606],[-68.653903772458435,-12.509965416194483],[-68.653913783847017,-12.511787351055389],[-68.654746726094004,-12.513812437391969],[-68.656502945159261,-12.515432883643115],[-68.657842838853512,-12.516040774653142],[-68.659590728980135,-12.516131213915662],[-68.660817275086458,-12.514713503883458],[-68.661113422844551,-12.512577889174638],[-68.661105107386518,-12.510965292023675],[-68.661398453119801,-12.50822198591012],[-68.662106891136162,-12.50619358331101],[-68.66477162027283,-12.504574520773756],[-68.667341374177525,-12.504571492286715],[-68.669088620382851,-12.504553211795942],[-68.671350200197125,-12.504548096980477],[-68.673403600346887,-12.504141396662801],[-68.676584375100973,-12.50312496895862],[-68.678228182967729,-12.502909778112308],[-68.679874132586917,-12.503101962684662],[-68.681322654602255,-12.50482087633779],[-68.681127656519962,-12.506755004679176],[-68.680209168090428,-12.507966602982837],[-68.678567198703135,-12.508480557381201],[-68.676306723353164,-12.508692840926246],[-68.674156072051389,-12.510116994156945],[-68.673891316092835,-12.518112296325967],[-68.673591417058702,-12.519742120290099],[-68.672988038732953,-12.522167724130634],[-68.67330848234819,-12.524395717749565],[-68.673836278626283,-12.526927971658496],[-68.674254918898072,-12.52833770765559],[-68.674886936443997,-12.531074715174508],[-68.676850616133933,-12.532990225041798],[-68.679939084639173,-12.533787854256106],[-68.682099730620109,-12.53399431700824],[-68.683848894462741,-12.534192048172628],[-68.685288743589837,-12.534390041828809],[-68.68755606072672,-12.535390806241443],[-68.690541787794587,-12.536091028837813],[-68.69240057325888,-12.537509673391313],[-68.693025807795621,-12.539122918051527],[-68.693137440241316,-12.540733206249474],[-68.693250670870114,-12.542568693536689],[-68.693569620774852,-12.544479835434734],[-68.694400767392338,-12.545908415267256],[-68.695229278023064,-12.547019010621966],[-68.696678863327733,-12.548836356103736],[-68.698130209664896,-12.551054324635782],[-68.699065907226398,-12.552977378375889],[-68.699382503012941,-12.554301164546917],[-68.699289254243794,-12.556014643450061],[-68.699194757438391,-12.557530081624792],[-68.697973377968509,-12.559771954313261],[-68.695719420300151,-12.561290452530676],[-68.694183730378853,-12.562209585092196],[-68.692751642760925,-12.563623217840224],[-68.693176005192683,-12.565957570184709],[-68.694313786339706,-12.567169775715579],[-68.69565730685251,-12.56838405714883],[-68.697513372397339,-12.569285517562221],[-68.698848401298108,-12.568879155361632],[-68.699348347952409,-12.566447791903434],[-68.699436986779745,-12.56390927906973],[-68.699532363396159,-12.562503599237456],[-68.700138859239829,-12.560666291832797],[-68.701577579496117,-12.560565399975218],[-68.702411863393039,-12.562581333727485],[-68.70262902406229,-12.564713288602544],[-68.703156035662218,-12.566937745623408],[-68.704294181120162,-12.568247229984124],[-68.706460370147795,-12.569359944449054],[-68.708731230368926,-12.570875440727336],[-68.710384567423716,-12.572381331081719],[-68.71193971725279,-12.574613861239222],[-68.712567662059243,-12.57653492535572],[-68.712992740966001,-12.5789609413139],[-68.71330989536078,-12.580483944240589],[-68.713836178298024,-12.582707301360971],[-68.714565312124336,-12.584327235756133],[-68.715807026816265,-12.585635436480004],[-68.717557997657465,-12.586141864725381],[-68.719408966364114,-12.586129839277605],[-68.72135842465218,-12.585416027121667],[-68.723922804556395,-12.584190006182517],[-68.725670168561422,-12.583990154463539],[-68.726605057238359,-12.585596254401615],[-68.726614101752475,-12.587325562952463],[-68.727651632401034,-12.588837616208913],[-68.729814021817063,-12.589342381756193],[-68.731464010936037,-12.590140787120422],[-68.732807942406737,-12.591355987352769],[-68.733125608004798,-12.592977447287051],[-68.73313436448656,-12.594499641044608],[-68.733249088216567,-12.596525349319897],[-68.7336740703808,-12.59885064607623],[-68.734715318487559,-12.601079093489465],[-68.735134603535997,-12.602491084038194],[-68.735354492606149,-12.605021475857283],[-68.73608454018941,-12.60674096654169],[-68.737536304635697,-12.608759592334687],[-68.73857014495843,-12.609772541853895],[-68.74022616892033,-12.611487611445437],[-68.741158646788705,-12.612694188226332],[-68.741588989179107,-12.615935113122408],[-68.741597496703733,-12.617456220347998],[-68.740272094055527,-12.619393016892435],[-68.738529282001053,-12.620409007592714],[-68.736891157478382,-12.621730450976674],[-68.735259470397821,-12.624164421544931],[-68.734041726742134,-12.627004251209826],[-68.733536020890327,-12.628521395967093],[-68.733158060974489,-12.634402621214411],[-68.734504023839634,-12.635906475752266],[-68.736155588587664,-12.636922191012488],[-68.737808949647103,-12.638228763777494],[-68.738128549305102,-12.640058536369398],[-68.737628056345756,-12.642491342674454],[-68.737329562337209,-12.644310496424168],[-68.737131756851213,-12.645629266491865],[-68.736628290878812,-12.64755390295986],[-68.735299138013801,-12.648875024605189],[-68.733656169382414,-12.649390631870419],[-68.732209773393251,-12.648378071411129],[-68.73167611068763,-12.64503072926402],[-68.730017508980751,-12.642818654727019],[-68.727133112620919,-12.642115416952274],[-68.724767456617016,-12.64212464092453],[-68.722608612184132,-12.642335091583821],[-68.720965565937433,-12.642749852087457],[-68.720046087145207,-12.643960693675746],[-68.721291452633722,-12.645875600484187],[-68.722630482644732,-12.64618436414329],[-68.724173907518846,-12.64627900014921],[-68.72684933395999,-12.646363390547705],[-68.728188451434335,-12.646771728652967],[-68.729223697676886,-12.647885482852436],[-68.729857734386883,-12.650912444945298],[-68.729873137037984,-12.653448823056081],[-68.729367232941428,-12.654973927325779],[-68.727311470209216,-12.655282795968896],[-68.726263799695374,-12.651949524489755],[-68.724808031231376,-12.649216543770594],[-68.723365766670611,-12.648918093543369],[-68.72161677326433,-12.648820258704696],[-68.720183895272356,-12.650134613470774],[-68.719783006254914,-12.652065909375358],[-68.719386855183174,-12.654703446246694],[-68.718885492961064,-12.657026458388517],[-68.717866726756,-12.658657288358617],[-68.716332380313176,-12.660373548020203],[-68.714689455522006,-12.660896929314958],[-68.713255443959937,-12.662012048334779],[-68.713368458306689,-12.663731187002881],[-68.715125270840488,-12.665143143450669],[-68.718737566355145,-12.667158778512441],[-68.721007438485941,-12.6682679699475],[-68.722861961059692,-12.668770900842732],[-68.72471601773492,-12.669374572880779],[-68.728732020344296,-12.670065377957359],[-68.731306900827349,-12.670559552848992],[-68.733266268633685,-12.671358819048463],[-68.736363503572306,-12.673288695607996],[-68.738120924396938,-12.674691405492197],[-68.738746830933707,-12.676106658110054],[-68.738859183572629,-12.677824697505573],[-68.737633922963965,-12.679351761301564],[-68.735369880727049,-12.679265927210283],[-68.734231335912042,-12.678155677316706],[-68.731948886156928,-12.674818009424172],[-68.730915077656789,-12.673903430211894],[-68.729163012074267,-12.673505745085828],[-68.728552960497751,-12.674727641920676],[-68.729089231770516,-12.67847237128076],[-68.729611741444927,-12.67988098368194],[-68.730956244196619,-12.68109518370791],[-68.732092853789126,-12.681907783435047],[-68.73415845864082,-12.683311356873334],[-68.737151877274712,-12.685026301276354],[-68.738499413323353,-12.686748662035891],[-68.742733164150678,-12.689363132590321],[-68.744799728580134,-12.690884320992973],[-68.745221185840336,-12.692604293143852],[-68.744817501032031,-12.693919976971156],[-68.743901430804044,-12.695745598178563],[-68.742361121676396,-12.69615816932564],[-68.7406056338871,-12.695145959984476],[-68.738538221235387,-12.693433430884649],[-68.736785958815176,-12.69292712918465],[-68.734316900650597,-12.693037322347633],[-68.732265548810304,-12.694161194143151],[-68.731247404891022,-12.695990242932666],[-68.733107192245413,-12.697399729454123],[-68.734755783836178,-12.697692242041482],[-68.736407945433896,-12.698807639317721],[-68.737648158441047,-12.699716321017766],[-68.739091553143069,-12.700213906482448],[-68.740945681140246,-12.700517471820165],[-68.742285336468555,-12.700907626081859],[-68.74332134380451,-12.702122115488047],[-68.743741382579401,-12.703542156621666],[-68.744064263796076,-12.705970821904062],[-68.74427913472033,-12.707585793487556],[-68.744802263804246,-12.709012513778037],[-68.745632773670408,-12.710322318351041],[-68.746976547407073,-12.711337238052316],[-68.749568202151437,-12.714557919958756],[-68.752046417632897,-12.71607747904911],[-68.753897558965505,-12.715865924655912],[-68.755748598678665,-12.715662280196179],[-68.75750582381778,-12.716975472526117],[-68.759161275405333,-12.71847893293609],[-68.760708003363376,-12.719081528831769],[-68.763391677530009,-12.72038789689914],[-68.765151679521381,-12.721908134008961],[-68.76660120553484,-12.723320101834654],[-68.767738011533552,-12.724232166382961],[-68.769698730952143,-12.725130736201937],[-68.77113861206594,-12.725029338188225],[-68.771851733136373,-12.72380598152535],[-68.77276743054621,-12.722077543252736],[-68.774512846735789,-12.721270536267127],[-68.776878121743493,-12.721062659030727],[-68.778317015148957,-12.720742746710044],[-68.779751864820753,-12.719826325906686],[-68.780878480465887,-12.718908021210488],[-68.782003337180882,-12.7176908903044],[-68.784780475625155,-12.717481246964002],[-68.784893147574209,-12.719099719051968],[-68.784079722971512,-12.720725071305804],[-68.785326726319695,-12.722649923661269],[-68.786880424688917,-12.72446460097593],[-68.787098856764501,-12.726497216222556],[-68.786809149401762,-12.729630737559834],[-68.787950501044847,-12.731249003874964],[-68.789309108091516,-12.734682568267628],[-68.789625707091091,-12.736005365647484],[-68.790670961496588,-12.738533798132616],[-68.79150089981178,-12.739742726449022],[-68.79243392666713,-12.740850754656391],[-68.794297134915951,-12.74256762064115],[-68.795946426582148,-12.742976254856465],[-68.798000808885917,-12.742350869138562],[-68.799535993101856,-12.740932696289917],[-68.801280022611593,-12.740006610736685],[-68.803129266449645,-12.739495785924534],[-68.805084544912944,-12.739397935218566],[-68.806734446390678,-12.73999778879422],[-68.807567168306548,-12.741506593383749],[-68.807475324432147,-12.743338194049516],[-68.806872215074307,-12.74566517637097],[-68.80739987423874,-12.747789069538346],[-68.808950373045079,-12.748898418442993],[-68.810290593504121,-12.749197578899951],[-68.811427344092891,-12.75000981164197],[-68.811127957628457,-12.75152251744252],[-68.809076003866949,-12.752546480554553],[-68.807846606743027,-12.753556815132304],[-68.807649813649661,-12.754985606010237],[-68.808791770345238,-12.756603793103404],[-68.810035567595662,-12.758010150895675],[-68.811489823499727,-12.7601372495234],[-68.81160475223291,-12.762063666443895],[-68.809971193453265,-12.764490711645593],[-68.808948221706302,-12.765514339591409],[-68.808339591707266,-12.767035443136935],[-68.809479468995093,-12.768245003495881],[-68.811230310825692,-12.768443974593652],[-68.812672135607201,-12.76854036224163],[-68.814216467117106,-12.768535841101945],[-68.815555335845104,-12.768726325121934],[-68.818548921474815,-12.770140268955267],[-68.81979271161741,-12.771457153878472],[-68.82093809552218,-12.773574491976415],[-68.821360584470611,-12.775302378987755],[-68.821472669104921,-12.776812267287337],[-68.821177060994543,-12.778939688999676],[-68.820263712885009,-12.781065774098931],[-68.819447848155818,-12.782294052008572],[-68.817292096506876,-12.783211876301626],[-68.815956780794082,-12.783727767080542],[-68.814418956419814,-12.784738614469489],[-68.813191837168048,-12.786157659379624],[-68.812584301618031,-12.787677649917816],[-68.812283630704826,-12.789009303716766],[-68.812090107801851,-12.791034714628017],[-68.812306754919334,-12.792850123373096],[-68.813647973435224,-12.793248888267],[-68.814982280185077,-12.792641328893335],[-68.816209954842122,-12.791421508647671],[-68.81764085338574,-12.789689712302215],[-68.819077349067811,-12.788981232743005],[-68.820724707834799,-12.78897311510257],[-68.822786695364158,-12.789470366827153],[-68.82484770434489,-12.789867992701332],[-68.826598186988448,-12.789866461041612],[-68.828655896245436,-12.789656165264484],[-68.828977659348013,-12.791778160297701],[-68.828781754569832,-12.793404004345131],[-68.829205152100101,-12.795223596485133],[-68.830446108026251,-12.796131816612963],[-68.832503229135312,-12.795824131123485],[-68.835067604834208,-12.794394968405378],[-68.836614387847888,-12.794788742689523],[-68.837549981875753,-12.796204526981944],[-68.837480775778928,-12.801579370329369],[-68.838110151709571,-12.803491473252713],[-68.839665154031408,-12.805207402674105],[-68.841949126354422,-12.808235293391814],[-68.841345604862838,-12.810372345402525],[-68.840009919159726,-12.810878223607],[-68.838362916184849,-12.810896673065011],[-68.836508570883723,-12.810692428705311],[-68.834346621599352,-12.810705996058319],[-68.832911910425878,-12.811822135385063],[-68.832922854782055,-12.81354391070761],[-68.833960686795066,-12.814856569776756],[-68.836225550995891,-12.814850772372438],[-68.83828116582599,-12.814332478417452],[-68.839926609884913,-12.814025362536485],[-68.841473777854162,-12.814428160414156],[-68.841693911993147,-12.816750722448225],[-68.840670153059932,-12.81767608089001],[-68.838821978935385,-12.818386509180536],[-68.837590138827295,-12.818989558273525],[-68.836674204339346,-12.82072752749443],[-68.836477082101908,-12.822137210306403],[-68.836177265371674,-12.823558371844227],[-68.835476274004009,-12.826703117028044],[-68.836004614383114,-12.828927877876009],[-68.838272532953482,-12.829228813548378],[-68.839913983722511,-12.828305878047015],[-68.84124931568077,-12.827898503029001],[-68.842791021214353,-12.827485118669683],[-68.844238871609733,-12.828397468621876],[-68.844147882335761,-12.830310756991324],[-68.84282264033628,-12.832449039881265],[-68.841596321429293,-12.833869436066909],[-68.840376687974498,-12.836411678898184],[-68.839770820756286,-12.838339383967995],[-68.838853374265312,-12.839759282228547],[-68.838354454393027,-12.842392097494427],[-68.840323043689352,-12.844304412503782],[-68.843101477123554,-12.843994327494949],[-68.847526002409396,-12.84347664331057],[-68.848765588884348,-12.844078010462123],[-68.849599689477358,-12.845694353933169],[-68.850333500560396,-12.847713870493395],[-68.851576477348345,-12.848922011864365],[-68.853437829139096,-12.850030613147874],[-68.854778327146562,-12.850439351019524],[-68.856424084187964,-12.850121900593219],[-68.857649594732905,-12.848504405334525],[-68.858969534801687,-12.845659614040922],[-68.859993068990093,-12.844534874918125],[-68.861742019831723,-12.844333821755917],[-68.863188589372925,-12.845138528932624],[-68.863301687820766,-12.846757181022907],[-68.862901000729778,-12.848480848437031],[-68.862915793256306,-12.850817397757975],[-68.86446762128638,-12.851817747986916],[-68.866221330608639,-12.85232305036091],[-68.870662767166408,-12.854522935105244],[-68.872106773236027,-12.854727571347356],[-68.873350150392383,-12.855944642115009],[-68.873878306725032,-12.858059562393191],[-68.873578583473432,-12.859382329787481],[-68.870288105989403,-12.860204289785075],[-68.868643733313661,-12.860721093220201],[-68.86762034452201,-12.861736063213044],[-68.867427317486275,-12.863761678479335],[-68.869402955655218,-12.86668921944171],[-68.870544392162202,-12.868098957708723],[-68.872620668558838,-12.870634603219125],[-68.873968575443698,-12.872038296830556],[-68.874697249851081,-12.873250617909825],[-68.875226518082826,-12.875384795414158],[-68.874927775012509,-12.87700534677178],[-68.873903608448828,-12.877920743906868],[-68.870716805540312,-12.878841028570964],[-68.869589614272584,-12.879651284995083],[-68.86908333970193,-12.880977839888411],[-68.869818721582448,-12.883305304529754],[-68.871783880212675,-12.884510965364804],[-68.873642582623148,-12.885213015325824],[-68.874575165508688,-12.886221235870034],[-68.874382985867655,-12.888255947338774],[-68.87253699604787,-12.889475053331656],[-68.871512204957483,-12.890391595434869],[-68.871112197510044,-12.892213846524582],[-68.871533994788308,-12.893733536603431],[-68.873400633737518,-12.895549565334044],[-68.874440729519549,-12.897171204019779],[-68.875067488924003,-12.898576198822072],[-68.87590388963018,-12.900501593398568],[-68.876740261625685,-12.902518704199847],[-68.877271829725572,-12.904858963328785],[-68.876871297251228,-12.906682397632322],[-68.875028457198965,-12.908409867506771],[-68.873691348379495,-12.908717885265119],[-68.872355685525676,-12.909225142811191],[-68.869989353236178,-12.909642476460888],[-68.867002997849724,-12.909958985638722],[-68.864535445968627,-12.910579070476494],[-68.863123969237549,-12.912392462581106],[-68.862091683766323,-12.913808493467366],[-68.860864028689662,-12.915119312994788],[-68.860465818481813,-12.917349169454274],[-68.861205996585767,-12.92029260877287],[-68.862148629809795,-12.92271379883654],[-68.86328766626616,-12.923616448387788],[-68.864733352041981,-12.924220826341054],[-68.866590785206157,-12.924622945583573],[-68.867941083342814,-12.926344884888657],[-68.867848137782886,-12.927960627819573],[-68.865792545913649,-12.928677405478551],[-68.863630433060393,-12.928889410497206],[-68.862502573211287,-12.92970873586221],[-68.861693775283072,-12.932141973902768],[-68.861497203767243,-12.933559755434626],[-68.86089199199931,-12.935588471577795],[-68.860283863623252,-12.9372175501084],[-68.859882824795037,-12.938841728810822],[-68.859897889797267,-12.941261144705864],[-68.860117573431097,-12.94329299813821],[-68.860441700230965,-12.945722095757848],[-68.860771093328637,-12.948857649344321],[-68.859960757762096,-12.951091670235829],[-68.858627514814785,-12.952015494544387],[-68.857185018548591,-12.952017908549671],[-68.856148537139674,-12.951112771467503],[-68.85552328317425,-12.949887649343149],[-68.855920433092166,-12.947656625405278],[-68.856322898705344,-12.946041466225358],[-68.855073132942152,-12.944019237486588],[-68.852596501523735,-12.943324773774963],[-68.851050667265284,-12.943229943256767],[-68.848585775348539,-12.944447651072862],[-68.848491458843995,-12.945873211948856],[-68.848404244530514,-12.948293924593626],[-68.847899269156997,-12.949921680949737],[-68.847599340721914,-12.951343043582098],[-68.847717942094491,-12.95377702828892],[-68.848240763478671,-12.955087256713233],[-68.850104112670067,-12.956496053045662],[-68.853818734446335,-12.957291525567596],[-68.855365396717005,-12.957485965655849],[-68.859074833577111,-12.957576018240291],[-68.861238350323248,-12.957572380332699],[-68.862481050114724,-12.958480543251836],[-68.862802559726148,-12.960402446208226],[-68.862090393251876,-12.961817753814024],[-68.86054563653218,-12.962030962309738],[-68.858172751352967,-12.961433738858878],[-68.856727316805049,-12.961037631899842],[-68.855079390340592,-12.96104601951356],[-68.853744542152128,-12.961861151881333],[-68.852823854774357,-12.962874842723654],[-68.852227113930539,-12.966242958111678],[-68.852014029973319,-12.968214886779636],[-68.851258088385237,-12.969685552392429],[-68.85029508216337,-12.970952753394137],[-68.849132679479737,-12.972234849909936],[-68.84802453069473,-12.973117070574885],[-68.844961693465507,-12.975275143965153],[-68.845003675682875,-12.976939856267434],[-68.8457482779733,-12.97947577025322],[-68.846777950532314,-12.981723002562408],[-68.849696443094359,-12.982877074817372],[-68.851006133280251,-12.985686134269605],[-68.84858457616032,-12.98777365283035],[-68.846523367349306,-12.987818898513693],[-68.84000985130443,-12.9912212600833],[-68.838011165786952,-12.993702956326519],[-68.838115441706165,-12.997760088604188],[-68.838199474841389,-13.001002394509971],[-68.839995387051871,-13.006654882448883],[-68.842965991931777,-13.009826922086377],[-68.844254681808195,-13.011823532153482],[-68.844401663589551,-13.017510393744248],[-68.845446519608871,-13.026018472800706],[-68.847655345936758,-13.031642051987189],[-68.8502444581041,-13.036049495060588],[-68.850434097647337,-13.043348071279688],[-68.850157476598284,-13.048639693200261],[-68.850315045322176,-13.05472626277168],[-68.850430479472138,-13.059191056093802],[-68.851011328585344,-13.065673115876701],[-68.854077587991526,-13.072505338922674],[-68.855831901286095,-13.076527194190531],[-68.856328994030747,-13.079758854118955],[-68.858094568830452,-13.084187015206103],[-68.858559554605151,-13.086205430595134],[-68.857427501594728,-13.090296684145404],[-68.854126180448844,-13.090366764668866],[-68.852951867372752,-13.09283727827807],[-68.852210423119402,-13.096092580199837],[-68.852284333676749,-13.098935662507039],[-68.851934902730008,-13.101383313075326],[-68.85032650944909,-13.10304868243866],[-68.850441749700309,-13.107504627293959],[-68.853022703327468,-13.11151392990064],[-68.853519260796773,-13.114745717889456],[-68.853613613685411,-13.11839585261712],[-68.855791943580982,-13.122822382546124],[-68.855845322239176,-13.124851736447454],[-68.855072811867473,-13.12689381016887],[-68.851844466724089,-13.129817221357609],[-68.849421478035623,-13.131894839144346],[-68.849546974452423,-13.136768569800378],[-68.856996648609964,-13.137410355891777],[-68.859503844013787,-13.138566308514561],[-68.857196083478087,-13.145117124723654],[-68.854370357614542,-13.14762338713772],[-68.8519989856498,-13.151738439726005],[-68.850020003653484,-13.155035575060433],[-68.84966989565585,-13.157484496666587],[-68.849753581308676,-13.16072617514908],[-68.849911227156582,-13.166813391981265],[-68.850006087996121,-13.170462561031714],[-68.848903432733962,-13.175777698928504],[-68.847749244645058,-13.179044097216472],[-68.847885893462291,-13.184325511152322],[-68.848785117508967,-13.187147100369481],[-68.848889978218551,-13.191203836338419],[-68.847787793292042,-13.196508862328468],[-68.846210117755518,-13.199387753123784],[-68.843404342297376,-13.202708974694659],[-68.842207536939227,-13.204354527047316],[-68.843180042246559,-13.210020719462181],[-68.844057867797275,-13.21202741821628],[-68.847868215952204,-13.215595963428928],[-68.848365434437014,-13.218835993926771],[-68.848047024411017,-13.222498481345387],[-68.848110044765221,-13.224934410153811],[-68.849009457046265,-13.227756103613849],[-68.851147469846566,-13.230545184383987],[-68.851623325846177,-13.232971390552251],[-68.851749490916546,-13.237844429838542],[-68.853041081254361,-13.239848178782669],[-68.853124530040304,-13.24310030312372],[-68.853241321492362,-13.247566986080772],[-68.853790405860266,-13.252826538351194],[-68.856289270153567,-13.253585320345531],[-68.856352691086073,-13.256021308579248],[-68.856023445603441,-13.259275297762148],[-68.855684383545025,-13.262130828235719],[-68.853765820515335,-13.267856464923868],[-68.852601374486554,-13.270724694190079],[-68.852684829099886,-13.27397690937436],[-68.853977271153369,-13.275981836192312],[-68.856094660445947,-13.277955954831322],[-68.85777871094308,-13.279142881246585],[-68.861167113955545,-13.282314763837995],[-68.863686799061412,-13.283878336708087],[-68.866208257772143,-13.285441839878436],[-68.866736783028387,-13.289896685307687],[-68.864661468994186,-13.289544808350342],[-68.861335800768671,-13.288809034934028],[-68.861451649358216,-13.293275924182975],[-68.862340914121347,-13.295689079040125],[-68.86363224529741,-13.297686087109541],[-68.865380084401551,-13.301310189136778],[-68.863790596384746,-13.303780844625004],[-68.861662064719951,-13.301392443207931],[-68.859628081207433,-13.302652509865968],[-68.859712466205977,-13.305913857734232],[-68.860262463473305,-13.311173654047717],[-68.860728584461839,-13.313192472673011],[-68.860802149135552,-13.316037264526351],[-68.860886663049072,-13.319279391802507],[-68.862241649344568,-13.323712584503046],[-68.864381662552759,-13.326509678501578],[-68.866500695189998,-13.328500746159234],[-68.869857589930291,-13.33045003457714],[-68.876564039075632,-13.333949910090318],[-68.877528092581912,-13.339209048850572],[-68.876839073936267,-13.344513068157045],[-68.876097050104917,-13.347768073098944],[-68.876182332769289,-13.351030662309325],[-68.876785396183138,-13.358320429496889],[-68.876859759390172,-13.361164182562112],[-68.876912841288842,-13.363193983480265],[-68.883312887073757,-13.37076317645583],[-68.884223561185038,-13.373992644695525],[-68.884277272434375,-13.376021320490707],[-68.884329278340928,-13.37805117313771],[-68.883566965903057,-13.380510429720998],[-68.882422496239116,-13.384195377242744],[-68.88123526398897,-13.386247851064109],[-68.880875018217083,-13.388288634453446],[-68.880980674143828,-13.392347214776452],[-68.884425141853143,-13.397548876064974],[-68.888294078411576,-13.403155033256104],[-68.888823996360628,-13.407610267346312],[-68.888506294170043,-13.411272290382799],[-68.888166862965306,-13.414128269484463],[-68.888230757447431,-13.416565723835131],[-68.888337130139348,-13.420623252944786],[-68.894622627627626,-13.423718275643669],[-68.894707615159717,-13.426978820475918],[-68.894782616209639,-13.429813664065376],[-68.894846019229561,-13.432251162700435],[-68.896160522712179,-13.435062197042226],[-68.899075887645822,-13.435808463660926],[-68.90158850578463,-13.436973240937441],[-68.903284705296684,-13.438559604557817],[-68.904186234722715,-13.441372515590722],[-68.904663224079158,-13.443797916102058],[-68.904737471413952,-13.446643013739157],[-68.905215284013309,-13.44907746750417],[-68.907823977782527,-13.453884316888153],[-68.909150341787324,-13.457111940053901],[-68.910507332336735,-13.461544209368315],[-68.911790858716572,-13.463141520840653],[-68.913921800239464,-13.465532001707196],[-68.914018596583276,-13.46918322348515],[-68.912428618783494,-13.471664802835708],[-68.911305949782957,-13.476155158662895],[-68.914285638140257,-13.479338825917035],[-68.917551017884662,-13.477636274291779],[-68.921718517817496,-13.478755653702397],[-68.925069490525686,-13.480296666880173],[-68.927190817225878,-13.482288504174276],[-68.928887329486528,-13.483863395045397],[-68.931707563494641,-13.480957940466617],[-68.935429291676314,-13.480865335756754],[-68.937518366829451,-13.481634316157134],[-68.937615228108541,-13.485293515382075],[-68.936841829359778,-13.487346753870185],[-68.936100258780911,-13.490602372161677],[-68.93706750048014,-13.495872112100324],[-68.939839034268161,-13.506774492904324],[-68.940805649665691,-13.512035241824242],[-68.943958543959511,-13.521714064697012],[-68.944055924280889,-13.525365442625251],[-68.947263215215486,-13.537081196008586],[-68.948284365982829,-13.544361929188728],[-68.949633054827046,-13.548404757754319],[-68.950557412922961,-13.552034067170091],[-68.951143588120658,-13.558518663520292],[-68.952035982845501,-13.560942151745284],[-68.954083217714526,-13.560079431270793],[-68.956957522797509,-13.559202445694718],[-68.960299499397252,-13.560343304423142],[-68.962443852835506,-13.56313199790779],[-68.965340242867853,-13.563062171866013],[-68.967430277397597,-13.563829768356898],[-68.969161021079287,-13.566629513925623],[-68.970053095352355,-13.569052953937474],[-68.971794785363628,-13.572260301214357],[-68.97469185636082,-13.572189196862196],[-68.978872557961765,-13.573715118252581],[-68.980592090602087,-13.576107191129289],[-68.984392426260953,-13.57886810486621],[-68.987724577246567,-13.5796009088095],[-68.989815481748636,-13.580369406632052],[-68.991916212808022,-13.581525130249114],[-68.992384781164432,-13.583562228067702],[-68.992079626055997,-13.587632561033983],[-68.991327714795517,-13.590482160245928],[-68.989323958006466,-13.592976874797476],[-68.987723639930792,-13.595052786919974],[-68.986111557246687,-13.596710893921463],[-68.98575198443551,-13.598751085376072],[-68.986230937559128,-13.601176596553662],[-68.98757027426862,-13.604803799504287],[-68.987624184272377,-13.606841924193553],[-68.988093438791523,-13.608859795463587],[-68.989398970063988,-13.61126303221171],[-68.992808456333137,-13.614842336376748],[-68.995748418852457,-13.616392402874954],[-68.999930800171512,-13.617917936663492],[-69.003655891813253,-13.617833132626501],[-69.007359130414471,-13.616934143926429],[-69.01020119229041,-13.614833502588134],[-69.013065645263922,-13.613546925438531],[-69.015134867783829,-13.613490881627403],[-69.018859869173667,-13.613405802943356],[-69.022627709212998,-13.61493304568028],[-69.025034595704071,-13.612037228094538],[-69.026558618449272,-13.607116695822178],[-69.029042033222993,-13.607066263219703],[-69.033637699539426,-13.608578743962056],[-69.036153691835281,-13.609734103042086],[-69.03905074047708,-13.609663237657397],[-69.04199159717345,-13.611213755878504],[-69.044529327976861,-13.613192198478703],[-69.046675998225581,-13.615978986278698],[-69.047972628511062,-13.617982140164262],[-69.049694572938861,-13.620374824494688],[-69.051862532366144,-13.6239859102763],[-69.054434013719273,-13.627179186609187],[-69.057050413284671,-13.631983667269283],[-69.05717148093126,-13.636451718123622],[-69.057292757557676,-13.64092771103665],[-69.057424851552895,-13.645802292071032],[-69.057535441145475,-13.649861612014757],[-69.056840297897324,-13.654759936839689],[-69.055708257159978,-13.65884412291661],[-69.054196209199048,-13.66417382673197],[-69.053434649371354,-13.666624099096495],[-69.05065770957404,-13.671163346087395],[-69.047847766035702,-13.674487574920175],[-69.043796170107271,-13.677837643909212],[-69.040930954093824,-13.679123580929934],[-69.037651137954612,-13.680420750638635],[-69.034449226524771,-13.684563425131385],[-69.032020037869074,-13.686661211617682],[-69.02913206106264,-13.687131715691505],[-69.026289158026017,-13.689232737122737],[-69.024687868529043,-13.691309107579237],[-69.021811908672532,-13.692185997787519],[-69.018597926895211,-13.695920828544777],[-69.009150210783957,-13.699001639910735],[-69.005010169611154,-13.699098858725144],[-69.000455721229358,-13.699215117768432],[-68.995072784917923,-13.699336634333864],[-68.985647264142301,-13.703222594163188],[-68.983641508857175,-13.705709561085715],[-68.981668319134911,-13.709417214112095],[-68.980044969287874,-13.710668884559023],[-68.977614879343392,-13.712766071670622],[-68.975990896997317,-13.714017727378614],[-68.973974177171684,-13.716102624983465],[-68.971936107702504,-13.71736651298569],[-68.970323091088247,-13.719032581844134],[-68.969156195317566,-13.721912779461409],[-68.967237032630692,-13.7276416469166],[-68.966877633045371,-13.729683132070798],[-68.965743553202003,-13.733777250975782],[-68.965044643840741,-13.738674477541677],[-68.965164240365624,-13.743141803631215],[-68.965750886396634,-13.749627342772897],[-68.968049322760422,-13.758116981672233],[-68.969868511552605,-13.764169465949497],[-68.971688391483696,-13.770221947611594],[-68.973933129229167,-13.776681194244016],[-68.976210179687257,-13.784344231029179],[-68.980178038307628,-13.793205005924708],[-68.982716834346476,-13.810619647575916],[-68.981538422451024,-13.813082232977333],[-68.97918315610822,-13.818026621551216],[-68.976391453647111,-13.822156563348415],[-68.974417017558807,-13.825866734987484],[-68.972027919887637,-13.829576699080761],[-68.970108048654225,-13.835316245013308],[-68.969769042056157,-13.83817218406355],[-68.969834664555421,-13.840610415723791],[-68.969910583446108,-13.843456362334573],[-68.969996771049466,-13.846708893867874],[-68.971763632944615,-13.850724364685698],[-68.973125556169649,-13.855166630572279],[-68.974052596875325,-13.858805734776951],[-68.974542923613015,-13.861639453700638],[-68.974607453911304,-13.864077753123158],[-68.974738229472408,-13.868953190206179],[-68.974421353173909,-13.872615541661267],[-68.973700427384955,-13.876699017773225],[-68.97336143027897,-13.87955618040027],[-68.972694669580932,-13.882594640620381],[-68.972297449424147,-13.885099641973246],[-68.971130149066639,-13.887979056579347],[-68.970496475235123,-13.895315182542928],[-68.9689565553183,-13.899819620003887],[-68.967363591045711,-13.902294521338348],[-68.964951954856886,-13.905199370159615],[-68.962486743167005,-13.906074665041164],[-68.95838397068772,-13.907800733820038],[-68.958492113266331,-13.911862044459337],[-68.959386495360761,-13.914274809259508],[-68.961098715321185,-13.916268987663958],[-68.964862683485009,-13.917409140530403],[-68.96780790577877,-13.918952000436246],[-68.96870294912847,-13.921385123513252],[-68.968778045675279,-13.92422105495254],[-68.968057622318895,-13.92831370715696],[-68.967336131697905,-13.932388260883501],[-68.967008750489654,-13.935644160067294],[-68.966254995348407,-13.938511413566781],[-68.965130597544515,-13.943015008702085],[-68.964409163899504,-13.947096389547696],[-68.96284835635646,-13.950794521438663],[-68.960850650738436,-13.953689444336474],[-68.958874544641574,-13.95739754855907],[-68.957279827688069,-13.959872499383051],[-68.955697889933575,-13.962764193111665],[-68.95289218656221,-13.966485389203616],[-68.950478742011398,-13.96938115150081],[-68.948470636511729,-13.971877303988046],[-68.945664086581701,-13.975598438962189],[-68.94318132052922,-13.978815387980919],[-68.940019356805479,-13.981840047272073],[-68.93592619879206,-13.983973484696863],[-68.932321629197801,-13.988933014958373],[-68.929514530513742,-13.992653973534956],[-68.92788815855593,-13.9939145641252],[-68.926304355101038,-13.996806127417205],[-68.92468791053372,-13.998465392188645],[-68.922209930232412,-13.998930267008145],[-68.919721215963136,-13.998989633658988],[-68.914328286843599,-13.999109108656684],[-68.910223151611163,-14.00083433032775],[-68.907373482865495,-14.002942143991529],[-68.904938286267878,-14.005033265752957],[-68.900428228547284,-14.007169123609078],[-68.89670548842534,-14.007667788314608],[-68.893014507067534,-14.009373772348914],[-68.890164304940228,-14.011472299098134],[-68.887335168562899,-14.01439762921334],[-68.884994901583539,-14.020137914609787],[-68.881740250602675,-14.022647115755518],[-68.878569972879049,-14.028420591327629],[-68.877070255232468,-14.034555762782901],[-68.876729002274303,-14.037413091103636],[-68.876005968155553,-14.041494410353222],[-68.874495383051269,-14.04722185712731],[-68.872930986260215,-14.050921851856911],[-68.871398519785089,-14.05584286336002],[-68.871484107037418,-14.05908682439334],[-68.869972899382418,-14.06482338005153],[-68.868429349784932,-14.069327587210578],[-68.867269304803955,-14.072605494339987],[-68.863289532589121,-14.079207226980389],[-68.859276937950725,-14.084585614094932],[-68.856052267075199,-14.088317843439583],[-68.852859053271487,-14.093282424851321],[-68.84842040256494,-14.098264896910548],[-68.844780156835512,-14.102009002156052],[-68.83822356727697,-14.105413409003869],[-68.834104357582376,-14.106729473731939],[-68.835092602571578,-14.112808588733957],[-68.83848726743048,-14.115573898043216],[-68.841456158457731,-14.11795245129238],[-68.843988747974294,-14.119518347114736],[-68.846915583441472,-14.12025663002164],[-68.850693447284613,-14.121795468541793],[-68.85363150434533,-14.122950493198712],[-68.853694883016701,-14.125388122939421],[-68.852928446603073,-14.127849801637439],[-68.850085870230131,-14.130355740645193],[-68.84850994831568,-14.133645694016426],[-68.847401849578375,-14.138964828093787],[-68.845494563700868,-14.14550870756268],[-68.843939993577166,-14.149614226338819],[-68.8411496519509,-14.154152231152755],[-68.83873270382206,-14.157065167852727],[-68.834665304141936,-14.160413443874821],[-68.832236840672849,-14.162900406241803],[-68.827775357701654,-14.167073859101828],[-68.825835809634981,-14.172412413244361],[-68.911361047630351,-14.170012414662569],[-68.94991910490252,-14.135756654407116],[-68.954070662337102,-14.13565932413011],[-68.959106277937764,-14.137571803583077],[-68.961235946754329,-14.139554028888858],[-68.962120581009074,-14.14156163480671],[-68.962229158315168,-14.145632640338185],[-68.960687897398742,-14.150146819548924],[-68.958719872722511,-14.154254138188872],[-68.957156732998371,-14.157952747195063],[-68.955615259020661,-14.162466923567445],[-68.952412909023607,-14.16701868202242],[-68.949711753636691,-14.174802370811729],[-68.946519500929639,-14.179768673664553],[-68.944934246098526,-14.182651666899835],[-68.944276383503123,-14.189173577775],[-68.944417492499198,-14.194459019537474],[-68.944939566139524,-14.198515724332875],[-68.946774765424678,-14.204980252081491],[-68.949450162518815,-14.21183724660005],[-68.950410230503877,-14.216692803506358],[-68.95304241531332,-14.221916331478351],[-68.959052834064764,-14.229101327399089],[-68.971326407322636,-14.237355173808664],[-68.976834543200397,-14.241296366317274],[-68.982376541482083,-14.246449479622186],[-68.98706606189036,-14.250811448646662],[-68.992957804213347,-14.253516516395184],[-68.999320308581446,-14.258250389518306],[-69.004010429021548,-14.262609738981551],[-69.007399371401775,-14.264976045710979],[-69.01249410037606,-14.268917342795577],[-69.016320792883334,-14.272077710354477],[-69.019306131260706,-14.274852653463135],[-69.0239416893493,-14.27718161630648],[-69.026107790379129,-14.280389012137567],[-69.027441650827285,-14.283616651375239],[-69.027562446955599,-14.288086725672077],[-69.027628908365386,-14.290524526862445],[-69.027279544335627,-14.292974719499401],[-69.026941189332888,-14.295832729648012],[-69.026624278156447,-14.299506389012903],[-69.025171523564936,-14.30726586771906],[-69.023968290905671,-14.30892294226007],[-69.022022886545514,-14.313858211951976],[-69.02003307604754,-14.317150867721457],[-69.016840114718974,-14.322111885095072],[-69.01489381972273,-14.327047139514098],[-69.01248784899218,-14.330352110227384],[-69.010957280725322,-14.335274992508243],[-69.009000247698069,-14.339800123032445],[-69.00827809527631,-14.343875885075409],[-69.00837728240586,-14.347537254363258],[-69.008520461523787,-14.352832212444094],[-69.008607512528641,-14.356085798639317],[-69.009143895963504,-14.360543720220555],[-69.01009541137222,-14.365000655832672],[-69.011035691993342,-14.369038436519476],[-69.011933672354587,-14.371462987119445],[-69.012819519894052,-14.37347973170162],[-69.015424271844253,-14.37748166373553],[-69.017994548357663,-14.380266906775349],[-69.0209711838571,-14.382636415232701],[-69.026080490814763,-14.386994544413874],[-69.028663580850534,-14.390178400475589],[-69.030851905909927,-14.394201657741997],[-69.032187024406213,-14.39742266525348],[-69.033982394488135,-14.402262623861953],[-69.035767043201275,-14.406703803324067],[-69.037113895686758,-14.41033036197342],[-69.038022097397175,-14.413155926976788],[-69.039357636880069,-14.416383719531041],[-69.041524653294715,-14.41957989316592],[-69.045793617760992,-14.423545507268337],[-69.049208855208022,-14.426715675393989],[-69.052623680006306,-14.429888072674157],[-69.056017199747842,-14.432251513203932],[-69.060679159193242,-14.435397816089445],[-69.064500746018169,-14.438158765401012],[-69.068321043747105,-14.440910613153063],[-69.073399315888736,-14.444035108746091],[-69.078415403250773,-14.446480816505556],[-69.080569062723839,-14.447527549977959],[-69.086087613107026,-14.451466244329739],[-69.092751743484598,-14.451705751288646],[-69.098152358665331,-14.453821830901299],[-69.10453284054573,-14.456302431149529],[-69.10707847193531,-14.459057309310223],[-69.113917704646624,-14.464621817933619],[-69.11734598660064,-14.468199346303816],[-69.120346986629414,-14.47138211801113],[-69.124214199683152,-14.475763802776742],[-69.126406929639856,-14.479776561730313],[-69.129474868347373,-14.485396717394448],[-69.132994162404316,-14.492228907135614],[-69.136052406233432,-14.497441685091768],[-69.138323864244356,-14.504309367143994],[-69.139302432390366,-14.509571543402906],[-69.140764972237449,-14.517269394298735],[-69.140878030562874,-14.521340603694989],[-69.141046942767503,-14.527432428918543],[-69.144399613316509,-14.543224654842605],[-69.148143954792488,-14.543137141340344],[-69.151473450576006,-14.543053092333114],[-69.155218114159382,-14.542955805841634],[-69.157725807770987,-14.54331162366948],[-69.162313961746761,-14.54359904670863],[-69.168162250469038,-14.544268693206703],[-69.173594182599672,-14.544949159314639],[-69.177754104273575,-14.544840509083134],[-69.181083259025797,-14.544764495356667],[-69.185660119480389,-14.544643538748117],[-69.189439516336265,-14.545770336388893],[-69.194524654277643,-14.548910112226283],[-69.198348915669641,-14.551659150127334],[-69.20302829898894,-14.555200642967518],[-69.206471805114006,-14.559185843836527],[-69.209095189482696,-14.563602076804553],[-69.21215598558868,-14.568813934971846],[-69.214362961575333,-14.573233253233067],[-69.219239048217986,-14.583700189106512],[-69.236896706844263,-14.633726524542872],[-69.240560322429985,-14.645435495035848],[-69.241924115374516,-14.649470176280438],[-69.243739635459079,-14.654717357490044],[-69.244305757840692,-14.659991675120452],[-69.244860049150304,-14.6648660679288],[-69.244998662330588,-14.669743638832996],[-69.245148208479193,-14.675029686608733],[-69.245275585044737,-14.679508459766456],[-69.24541389457714,-14.68439570976949],[-69.245517469840564,-14.688049678622731],[-69.243191402630799,-14.694213737549681],[-69.24121319160713,-14.697926696124105],[-69.238783426891999,-14.700437302064701],[-69.236341371710665,-14.701704941871037],[-69.232616324346438,-14.70343642171332],[-69.230603411356029,-14.70592505468974],[-69.229040664593086,-14.709635910648359],[-69.229109804527766,-14.712075317488059],[-69.229167453987088,-14.714105701141968],[-69.230485872285399,-14.716518078693145],[-69.232602797618711,-14.717682312360441],[-69.23764658304313,-14.719189728700544],[-69.241834904133114,-14.719896089302967],[-69.246011145609003,-14.720193354045563],[-69.250188239764384,-14.720500150957832],[-69.256886528653808,-14.721551273138919],[-69.264812274176748,-14.721758556691267],[-69.274009671285043,-14.722746673447638],[-69.283636043128624,-14.724129352715236],[-69.289502299830886,-14.725203503132368],[-69.29790220088762,-14.72742870974089],[-69.307136054342024,-14.729638436039938],[-69.323174792378666,-14.736551301389571],[-69.327767955631217,-14.736844145019766],[-69.334515112437899,-14.739524300333821],[-69.339607366309849,-14.742652302063027],[-69.342866021187447,-14.744931766628515],[-69.270047721496098,-14.813049491764213],[-69.193699044776906,-14.876194585872648],[-69.068582488787825,-14.967300500013375],[-68.999589365489243,-15.051724723392157],[-68.922912728520103,-15.093640337632971],[-68.803418915603913,-15.092798661792122],[-68.767949151386176,-15.071320651709257],[-68.683055465785841,-15.03534421340693],[-68.597955614704247,-14.985213954367541],[-68.499008116991945,-14.949137757231577],[-68.414114327593794,-14.913159959261854],[-68.336254747634669,-14.877233274904281],[-68.209841371994088,-14.883417706279653],[-68.160959104054669,-14.904302276252416],[-68.154573255787412,-14.94671273949012],[-68.155984821729604,-15.038708409630217],[-68.135431127897078,-15.073943565506356],[-68.137270239379177,-15.194246089946855],[-68.124078796504477,-15.250760043862474],[-68.090875612644894,-15.377892060473027],[-68.070649870460585,-15.434356867710399],[-68.010735923608124,-15.653286383666899],[-67.921737871391656,-15.8083295506624],[-67.825919237777839,-15.977476027810038],[-67.709454972424453,-16.174779763984315],[-67.605312170159635,-16.258957904260978],[-67.508631211141733,-16.371491157680769],[-67.251142980070156,-16.53949925696023],[-67.097911796599973,-16.630406256573856],[-66.957757459197083,-16.657724478363768],[-66.887794635717199,-16.678458224652374],[-66.796415809607353,-16.677815624639496],[-66.746564410832718,-16.635009560724498],[-66.696598397371247,-16.585125945443874],[-66.639933723056075,-16.556423804863794],[-66.555581745481931,-16.555829232545012],[-66.485619010553492,-16.576565143898563],[-66.290745933812488,-16.702558056116423],[-66.130480393593402,-16.793417414189211],[-65.85147655761422,-16.932969300609024],[-65.586419432252484,-17.065546654797068],[-65.348836175100544,-17.155859039872663],[-65.083344002544692,-17.26012687719285],[-64.782717951097084,-17.364149069364309],[-64.481862897316475,-17.454017422921506],[-64.194748542330231,-17.522755349589477],[-64.047895452934625,-17.571253025887938],[-63.907851668625305,-17.605645093433381],[-63.767594208729456,-17.62588489517692],[-63.634363552096914,-17.646174752384706],[-63.465987450250346,-17.66621826891642],[-63.290367007278569,-17.672056948203061],[-63.212183253971581,-17.614898858873591],[-63.14827049657422,-17.571993789818777],[-62.998822806442334,-17.450651041760544],[-62.899009205771407,-17.3579615031909],[-62.806336784038763,-17.272398748954402],[-62.734317543743799,-17.158677757525876],[-62.691275299810137,-17.101767351499376],[-62.648019487152403,-17.030703211743283],[-62.554912127199501,-16.916833577276979],[-62.511225075841686,-16.817464571417457],[-62.446560735033778,-16.725022183587175],[-62.333120855562171,-16.660540264910431],[-62.213516418970684,-16.652622000865737],[-62.115324448681292,-16.666081417581822],[-62.094453879075665,-16.680086440698247],[-62.017239215946937,-16.686619323682795],[-61.940459429530648,-16.721457075886956],[-61.80063305827548,-16.77000409521925],[-61.674974843758704,-16.82572692024533],[-61.528655704788427,-16.909607627562167],[-61.368176264180995,-16.986311920513714],[-61.20098662348159,-17.084197491308526],[-61.013254901756703,-17.217316260207252],[-60.811354737151795,-17.343261793460993],[-60.637676243966929,-17.476481521300371],[-60.561652069444818,-17.560856383539075],[-60.478276641951815,-17.623952282185627],[-60.33963667973817,-17.750342049600675],[-60.186939586499335,-17.876632198171901],[-60.04862400617948,-18.024253983932187],[-59.875380493992843,-18.185778755397404],[-59.793302319691264,-18.333794957382946],[-59.738686686387126,-18.439550164762995],[-59.704838541843159,-18.52422222455635],[-59.61464991067259,-18.601422297955157],[-59.454597769272468,-18.70643185282059],[-59.328828640814017,-18.7550788383918],[-59.139906288812703,-18.810355182580345],[-59.048744848988612,-18.823866209140355],[-58.985266593933339,-18.809266477038147],[-58.900590248307601,-18.787442074559131],[-58.829112995551277,-18.70910404264604],[-58.771364336502536,-18.609635400281107],[-58.727464007020473,-18.496112273871208],[-58.684097129380923,-18.417971973202071],[-58.612619669516612,-18.339632044613456],[-58.527512095542392,-18.289502131590169],[-58.456679468355645,-18.253623094403348],[-58.385850529059582,-18.217746059578015],[-58.182004131902303,-18.216310526472533],[-58.062830764757372,-18.236699278025117],[-57.944092511346447,-18.285393396077851],[-57.77797106654485,-18.331377347136147],[-57.60463131541929,-18.372400101907274],[-57.555336823624884,-18.21302570319714],[-57.449463519459982,-18.204508746513348],[-57.45041586364372,-18.202911975958934],[-57.451929117716865,-18.202418768456084],[-57.453182361929478,-18.201356263308625],[-57.45226468066128,-18.200278459416765],[-57.453386853333591,-18.198395573720763],[-57.455950648502295,-18.19840321398501],[-57.457925944739713,-18.197088165271417],[-57.459440446299858,-18.196032598594108],[-57.46134729137286,-18.19559632348578],[-57.463124029250139,-18.194974026938333],[-57.464244288152365,-18.19403431017686],[-57.465431252980082,-18.192334769187923],[-57.467274686961794,-18.191406123227345],[-57.469312817499933,-18.190909222576732],[-57.470302226572457,-18.189594110735896],[-57.468540984608694,-18.185426800177197],[-57.469859027472154,-18.183794215193011],[-57.47170319355557,-18.182666008785702],[-57.472887322948715,-18.181728221437101],[-57.473357992440221,-18.178393652575963],[-57.472642634504133,-18.17561643269439],[-57.476267013821236,-18.171915811649573],[-57.47752210334329,-18.170281220980453],[-57.478569098104032,-18.171235387884245],[-57.483819758498107,-18.173584885894137],[-57.486710483627007,-18.17366519722837],[-57.48835940966427,-18.171851113499521],[-57.492242196270219,-18.169599797584226],[-57.493821198357907,-18.168781795442928],[-57.495137713155835,-18.167974384787058],[-57.497569469976177,-18.167542086664024],[-57.574558804133609,-18.093042751215222],[-57.575812870129916,-18.090900129481653],[-57.595287216571137,-18.016902067806438],[-57.617735119525378,-17.976276137399847],[-57.619964712841821,-17.972203960386516],[-57.666537146291596,-17.887092314079631],[-57.716094651157285,-17.80037088962667],[-57.677991249827691,-17.800364273547302],[-57.678582911005897,-17.785304784266703],[-57.706057755764931,-17.745647136354869],[-57.703683746061117,-17.70010698970577],[-57.705919121946401,-17.698678190581191],[-57.707495730286944,-17.69780402088519],[-57.709141774708314,-17.696432383647469],[-57.710656284275444,-17.694993858374197],[-57.712564398755426,-17.69318436878201],[-57.715252957760534,-17.692639389531394],[-57.716760951060905,-17.692271138590041],[-57.72141846835126,-17.691351754638887],[-57.733286988426578,-17.668902589296316],[-57.735510760883919,-17.66469589093143],[-57.756383296593611,-17.630523373183081],[-57.765032247809479,-17.629445514147658],[-57.766412206018195,-17.628701714831294],[-57.767923160658725,-17.627453175394169],[-57.76918134554662,-17.624691117949784],[-57.770439518423593,-17.622111631499443],[-57.771429765698763,-17.620486427881541],[-57.772681682509628,-17.618667684208937],[-57.775919056838802,-17.613146144824949],[-57.776517751757801,-17.611319923667985],[-57.776723868882627,-17.609437272593652],[-57.77576295970804,-17.605274615941962],[-57.773098659733328,-17.601039333888508],[-57.771473674430922,-17.598882371832314],[-57.769456634289995,-17.596288491690341],[-57.768096561918441,-17.593766250844961],[-57.767126942361827,-17.591109292643843],[-57.766097147229956,-17.587643087930569],[-57.765777397479475,-17.586064620572355],[-57.765788881300068,-17.583986790691377],[-57.766514766503974,-17.582799427067119],[-57.769329667911293,-17.582628368986445],[-57.770635615018449,-17.583325437199868],[-57.773050886076945,-17.584859444462502],[-57.774356588824794,-17.58561998823221],[-57.777342433576663,-17.577830719581456],[-57.765670259956615,-17.568812283189629],[-57.758753738292796,-17.564291664857649],[-57.75627387536521,-17.5628286960733],[-57.754838193058923,-17.562127668197025],[-57.751707377815904,-17.560085045595279],[-57.747293355866923,-17.552944462712038],[-57.743063190676082,-17.548258859604172],[-57.731872576277702,-17.535521523363496],[-57.73866237790147,-17.526245952171987],[-57.777217699575857,-17.498673685933785],[-57.802176024012468,-17.480138095299615],[-57.804990785552611,-17.478098154595575],[-57.829555246682816,-17.460292799377946],[-57.871171363281469,-17.430586909215386],[-57.881602991210514,-17.423343827170708],[-57.923202588422782,-17.454653020196339],[-57.960718389782251,-17.483251174130235],[-57.962649169704257,-17.487816941217428],[-57.964672028624683,-17.489020533341623],[-57.966238168688925,-17.48997735669564],[-57.968655722247448,-17.490937087926476],[-57.970683813450343,-17.490952262118608],[-57.974081995254586,-17.491845968797278],[-57.975455146480861,-17.492171739893589],[-57.977871135770258,-17.493449423655367],[-57.979503560961348,-17.494216387655214],[-57.982116501370875,-17.495490029569496],[-57.983884874645078,-17.495307672017578],[-57.985453540439309,-17.49544732257171],[-57.986962062201115,-17.494823145290379],[-57.987623946625448,-17.49280758861282],[-57.987303462337401,-17.490858016863889],[-57.986657046797554,-17.48928071968087],[-57.987252186433103,-17.48745377178286],[-57.988302712739042,-17.486582278229211],[-57.989808546207215,-17.486593083078823],[-57.992357560551987,-17.487165617918933],[-57.994520780243143,-17.486177376936809],[-57.995377469637745,-17.484601715012442],[-57.996040547887411,-17.48246765091697],[-57.99669969943632,-17.481277585855146],[-57.99807753073398,-17.480024150551383],[-57.999651641213944,-17.479147159400007],[-58.001484684920015,-17.478912637686697],[-58.00351462300096,-17.478673519093984],[-58.004888733452226,-17.478490497015056],[-58.006396468993223,-17.477675635033204],[-58.008497514257883,-17.475923379568499],[-58.011314861947895,-17.474869152040203],[-58.012950300595726,-17.474946432740076],[-58.014911406347395,-17.475649922951998],[-58.016610338255219,-17.476100393701465],[-58.018900831156216,-17.475668959200036],[-58.020277934777553,-17.474795840664342],[-58.022048306309635,-17.473987216651715],[-58.025454127674088,-17.473120807425012],[-58.028861948371919,-17.471691334468368],[-58.029849464966084,-17.470191835585439],[-58.030640909288422,-17.46811518256731],[-58.030976504919821,-17.466163350172231],[-58.031706137739917,-17.463523566230727],[-58.032431860454551,-17.461890157486987],[-58.032373752036321,-17.459810880305842],[-58.037323992724168,-17.448129407810811],[-58.037593516361198,-17.445922208350414],[-58.038254956134395,-17.444224003686941],[-58.039308687784484,-17.442217696265129],[-58.040359070053789,-17.441028393671029],[-58.042002133762516,-17.439028035081222],[-58.043642293312267,-17.437581013132952],[-58.045413328343386,-17.436391159940758],[-58.046984476343425,-17.435840914293184],[-58.049277350033357,-17.435218131744314],[-58.051305844328276,-17.435296630959638],[-58.053402755059359,-17.434168684654296],[-58.054717699458529,-17.432478171777053],[-58.055897091581222,-17.431545347287443],[-58.057731631016701,-17.431110221589087],[-58.059363937799986,-17.431623685178007],[-58.061582117179924,-17.433275892011011],[-58.063409704538174,-17.434356219728141],[-58.065825671044159,-17.435686791924461],[-58.067720114299227,-17.436514936799824],[-58.071440796081113,-17.438740254252835],[-58.077254811875797,-17.441227030623349],[-58.079606545294297,-17.442056629648917],[-58.081899721563424,-17.440998016842656],[-58.084063882226971,-17.439309165308327],[-58.086619184773127,-17.438002724642281],[-58.088388585588156,-17.437321103266775],[-58.091860587790727,-17.435764843695178],[-58.093171043056991,-17.435080466103109],[-58.095073701666593,-17.43376689082433],[-58.097366104760411,-17.432708089120801],[-58.099002383419311,-17.432340175663001],[-58.103258220936027,-17.431166408582694],[-58.108568949068925,-17.427532314756114],[-58.108383022352292,-17.424833094200658],[-58.108322406777035,-17.423061663464114],[-58.107486271349579,-17.418594859516766],[-58.107624076820528,-17.417018955404348],[-58.107761853703188,-17.414435984856006],[-58.108166832064846,-17.410662923846314],[-58.108368889316324,-17.409342854177133],[-58.1085061965994,-17.407259427512287],[-58.107923784169834,-17.405303218152657],[-58.108136308230982,-17.400770571568451],[-58.108537577591619,-17.39806796770706],[-58.109131465282793,-17.396176540401679],[-58.111429526506733,-17.393421145453331],[-58.11300380653207,-17.392361860360758],[-58.116865010844677,-17.391431922361303],[-58.118759463897135,-17.391941514299525],[-58.124900745851058,-17.393989947642229],[-58.127775380230197,-17.394760526908136],[-58.129739056706285,-17.39464537224659],[-58.132423232203195,-17.393713397064445],[-58.133865174900059,-17.392904859660728],[-58.135634202373573,-17.391651254591224],[-58.136815298415591,-17.390718593935873],[-58.138257222847763,-17.389655990539744],[-58.139765867902376,-17.388086602865577],[-58.140946790626614,-17.386709918602097],[-58.142063548512439,-17.385267359650115],[-58.143250209094276,-17.382120508825039],[-58.143123922944419,-17.380674420412074],[-58.14299879018543,-17.379346308768721],[-58.142610540212566,-17.377522055802896],[-58.142092274236099,-17.376130228338944],[-58.141251536202986,-17.373414410852348],[-58.140607819833406,-17.370394482645708],[-58.141399790044169,-17.367564922010509],[-58.143302062946404,-17.365996856446124],[-58.145068701697369,-17.365377628449703],[-58.148927982513825,-17.365463773875277],[-58.155522897606659,-17.368330339276817],[-58.158070829714681,-17.369155490689888],[-58.168592256643166,-17.371418746913179],[-58.178858590472984,-17.371334764695906],[-58.182588530910159,-17.370600721413975],[-58.188429683270954,-17.36300264069882],[-58.187395874102975,-17.359284228728622],[-58.186029799556309,-17.356700895446462],[-58.183877354568168,-17.354860691214267],[-58.18224798741241,-17.353024198844029],[-58.181010472110088,-17.351450900385366],[-58.182658411479487,-17.347171739040046],[-58.19034781922003,-17.333231331732627],[-58.195381982066671,-17.333689982658637],[-58.196948745397414,-17.334581083154319],[-58.199036859325517,-17.335412876724956],[-58.201191664041758,-17.33693545766717],[-58.205694626631164,-17.339540757268619],[-58.207720846547346,-17.33954399433064],[-58.209422123722504,-17.339495144374403],[-58.210926290197058,-17.339186802227136],[-58.212366149608314,-17.338876674707073],[-58.213937131076371,-17.338189665960378],[-58.21570721410918,-17.336372340082107],[-58.215647653156033,-17.334355974655427],[-58.215194218931416,-17.333092558069652],[-58.214480180994151,-17.331324081211427],[-58.213959224551672,-17.330068437220351],[-58.214160398687675,-17.328494187480885],[-58.215208466407532,-17.327620925124236],[-58.217887471918139,-17.328257889595971],[-58.230045873420927,-17.329324833645625],[-58.23154502206912,-17.330467850783055],[-58.236051587155238,-17.332563955243856],[-58.237291195938163,-17.333383949622664],[-58.242988190233397,-17.330518628516923],[-58.243841899044668,-17.328633382385625],[-58.244892312231244,-17.327061437283881],[-58.246072756884921,-17.326119075124655],[-58.251636914928014,-17.323122857799763],[-58.252297075792214,-17.320733834617041],[-58.252366468778895,-17.319093564585078],[-58.252240824737349,-17.317202415564715],[-58.251527164711277,-17.314935069822564],[-58.250684450904473,-17.312283123485646],[-58.25199855815319,-17.30952019071665],[-58.253311757407189,-17.307700795682859],[-58.259266406256664,-17.304831889059852],[-58.260837116937736,-17.304397430422963],[-58.262473049950401,-17.304092331255614],[-58.263980056257168,-17.302023000110974],[-58.265229771746355,-17.299312657342288],[-58.266738574887334,-17.297180411304279],[-58.266938252427408,-17.295860104401832],[-58.267007897397811,-17.294346278891677],[-58.266749314033248,-17.292833684514427],[-58.265648063503072,-17.288923225610471],[-58.264998746836078,-17.287410712647269],[-58.264348867340026,-17.285897614185572],[-58.264028029079391,-17.283439729855274],[-58.264295470727369,-17.28148617207242],[-58.26508288010357,-17.280170597478801],[-58.2659358354517,-17.278793869275489],[-58.267049463363328,-17.277722536769662],[-58.269335948323778,-17.277923410893028],[-58.271361331578426,-17.278371166054896],[-58.273319521940401,-17.27913518349229],[-58.276324693099802,-17.280341717646575],[-58.278284744033243,-17.280225670519265],[-58.285019418969952,-17.279561617211076],[-58.286463897578606,-17.277236374855836],[-58.285617873449382,-17.275165684490482],[-58.284321230352575,-17.271187039324083],[-58.282232141003092,-17.270420118552732],[-58.27949061394758,-17.268584619620192],[-58.284801512189709,-17.261679265188814],[-58.286763712538935,-17.260864021120184],[-58.290435096355019,-17.256605650025779],[-58.290243782326257,-17.254268698849668],[-58.291165988073125,-17.251314494206127],[-58.29201993846317,-17.249493108890999],[-58.292937791929184,-17.248425946078168],[-58.294769815023258,-17.247616723893604],[-58.297317609965951,-17.247750131244359],[-58.300781060379265,-17.247951501720621],[-58.308834230764937,-17.241501136686018],[-58.308640840783056,-17.239990345049769],[-58.307926724224671,-17.237786075166138],[-58.307218720704675,-17.233368165107731],[-58.309904821216712,-17.230356296482842],[-58.316976651631663,-17.223591466348822],[-58.322215499355856,-17.21839003737669],[-58.326078356923801,-17.215314569882082],[-58.328176953975849,-17.211734806805676],[-58.330270631112789,-17.210858641594886],[-58.334718922362526,-17.207607185787136],[-58.335442307954203,-17.205972618435709],[-58.336620658326602,-17.204839151893783],[-58.343382555155358,-17.190444277913144],[-58.344429703002227,-17.189253353007672],[-58.345935704600926,-17.187682395292111],[-58.347769266291131,-17.185620678094004],[-58.349993513755273,-17.18423975050117],[-58.353395563417997,-17.181107688198107],[-58.354706122172935,-17.17965955726314],[-58.356539307033636,-17.177969180928844],[-58.357586165548064,-17.177086665898663],[-58.359744214783646,-17.175967538856472],[-58.363338302442266,-17.1754075923035],[-58.367326495258332,-17.173669042839606],[-58.369549661716825,-17.172477848201112],[-58.371119264635738,-17.171852584253802],[-58.372426375064045,-17.171348415605824],[-58.374060474286786,-17.170796879510508],[-58.376415047322354,-17.169790602358407],[-58.384719980041794,-17.165603270962666],[-58.391283235292093,-17.158240494270188],[-58.392616574638176,-17.149044332766806],[-58.393111182905145,-17.131961570499705],[-58.393032788711629,-17.122385607799306],[-58.392915603336256,-17.101866312526244],[-58.392996790612749,-17.074514374174282],[-58.392967869322227,-17.063229835666199],[-58.39313144254227,-17.05389040795313],[-58.413014299693799,-17.041777066720204],[-58.415785696908856,-17.03491840850198],[-58.415986547931368,-17.029073727579824],[-58.416156451696175,-17.027534655167578],[-58.415570991056356,-17.026087151048117],[-58.412178788317824,-17.024429218633955],[-58.408723500864447,-17.022406042248441],[-58.407681023546708,-17.021519630402775],[-58.406834976984278,-17.020383272009269],[-58.410364053201498,-17.01743510723314],[-58.412976840401093,-17.016253291523196],[-58.414481231600462,-17.015244324328336],[-58.415787579117442,-17.01380531618307],[-58.417032064362708,-17.011791892610592],[-58.417621700826636,-17.010535640901395],[-58.418081356461578,-17.008839831702943],[-58.418344795088196,-17.007448986106311],[-58.418086513779635,-17.005755014601927],[-58.411299608964562,-17.005351070978037],[-58.408036577082285,-17.005337654595394],[-58.405620150315151,-17.005826003412349],[-58.403791613899301,-17.006263691866145],[-58.40105164517157,-17.005872857947171],[-58.400400269080713,-17.004550563839029],[-58.400469963970949,-17.002219990355865],[-58.401254837942069,-17.001022308453052],[-58.403610379524338,-16.997946454956946],[-58.404852745751327,-16.997068919465701],[-58.406289881410451,-16.996385422309125],[-58.407920900360551,-16.996641658614955],[-58.410008316325424,-16.997216865586097],[-58.412619263400131,-16.997295645729583],[-58.41496960145804,-16.997296554164624],[-58.417449638541875,-16.99692775077364],[-58.418819335006361,-16.996742542501611],[-58.419802442796339,-16.994795850285819],[-58.418827787754168,-16.992785621411457],[-58.418700170783389,-16.990831998565987],[-58.419160681001557,-16.989063615691464],[-58.41929765768549,-16.985473051868823],[-58.419235361054703,-16.982703990106575],[-58.419109164702434,-16.98113091852214],[-58.419242645029918,-16.978992008123999],[-58.419574537610082,-16.975651616248673],[-58.418729047961563,-16.974070704763843],[-58.417817644542446,-16.973060226766222],[-58.415080608417938,-16.97246038272592],[-58.412264533166073,-16.969962601567421],[-58.411100942337285,-16.96905537507924],[-58.410355342644259,-16.967630774344109],[-58.40982002749768,-16.966311595332566],[-58.409175452303181,-16.964490453289649],[-58.408428572313994,-16.96286619204729],[-58.407680888597937,-16.961351922007381],[-58.407038838108392,-16.959730455055688],[-58.407226984678204,-16.956476956674869],[-58.408584363130139,-16.955156734847659],[-58.410481019810398,-16.95544557901643],[-58.411644454911482,-16.956661876458675],[-58.412704400738015,-16.957666713172383],[-58.413973982717295,-16.95867657234259],[-58.417023538705941,-16.958566267181631],[-58.41817544651763,-16.957749754248578],[-58.419114575513916,-16.956628135534725],[-58.420154286113551,-16.955000510909642],[-58.421195230570909,-16.953472722456748],[-58.423191702229275,-16.953056945920746],[-58.425718052445852,-16.953352223202302],[-58.428768445006739,-16.9533325064927],[-58.429811703718087,-16.952213612861222],[-58.430748147478141,-16.950792446040619],[-58.431475629763895,-16.949466090544995],[-58.432407302029915,-16.947327982179743],[-58.432710899085308,-16.945701693344468],[-58.432697309660945,-16.943876988963012],[-58.432158748368423,-16.941949850197201],[-58.431096575577513,-16.940427291706889],[-58.430447554851582,-16.937998162808299],[-58.431173797475537,-16.936672339859808],[-58.432642031442306,-16.935953767182578],[-58.434115103233673,-16.9360513634937],[-58.435907963360286,-16.936646288644511],[-58.437801667523786,-16.936745401963233],[-58.43927425312193,-16.936634257848667],[-58.441059657855263,-16.936421397098499],[-58.443050277683746,-16.935297545589719],[-58.445351352971919,-16.933454333795801],[-58.447125423180253,-16.93151715271976],[-58.447324411754664,-16.929897138441657],[-58.446884901028568,-16.927264360426541],[-58.446868894292116,-16.925231464660779],[-58.446857874474951,-16.923497559945719],[-58.445863009651575,-16.917013060126134],[-58.444383280210154,-16.915898560508023],[-58.443533167976689,-16.914789428618146],[-58.442785586776523,-16.913165822926473],[-58.442142140515507,-16.911444603476493],[-58.441919633123796,-16.909815091330753],[-58.441908466707126,-16.908190625430386],[-58.442740421130246,-16.906766623394397],[-58.444628560257243,-16.906247965404273],[-58.447054770321714,-16.907057538115094],[-58.448952251276317,-16.907755514283689],[-58.451485070189214,-16.908958025843404],[-58.453072117296514,-16.91027437345916],[-58.454860205172899,-16.910370539632222],[-58.45537636180724,-16.909048137538598],[-58.457252345138222,-16.906604883312845],[-58.459664872283795,-16.905771632505623],[-58.460070403322611,-16.903639309724472],[-58.45889247221232,-16.900807788402101],[-58.458458322613915,-16.898973636770215],[-58.458338343325238,-16.896947052271106],[-58.458117130448059,-16.895226853995254],[-58.456632090714983,-16.893703981387183],[-58.456304858687929,-16.891881160931732],[-58.456598182315993,-16.889038125004838],[-58.457010059824867,-16.887714085811048],[-58.459412585420814,-16.885573411265245],[-58.461493572274215,-16.882418162277805],[-58.459386239510316,-16.881815676810383],[-58.457807037739791,-16.881715435046022],[-58.455491686821318,-16.881426109259554],[-58.45380727049497,-16.881133069906284],[-58.452332014776843,-16.880734978909249],[-58.450642031130108,-16.879525330906194],[-58.449576847347672,-16.877703331154056],[-58.449040160460619,-16.876184570845862],[-58.448400751256578,-16.874962512167745],[-58.44552672959378,-16.870204225171481],[-58.446441625057183,-16.865733092760806],[-58.44822754641423,-16.865520198928515],[-58.449804500609311,-16.865611950777453],[-58.451594537977648,-16.86601671223519],[-58.453697547381161,-16.866001594237595],[-58.455166279469665,-16.86549100895342],[-58.454946083479847,-16.864170061600152],[-58.453356595446863,-16.862354590728362],[-58.451879104064432,-16.861648494997027],[-58.450507641384206,-16.861045011576458],[-58.449027047132063,-16.859830688007037],[-58.448909896471207,-16.858203394586454],[-58.449740215144594,-16.856580260252116],[-58.451306565472613,-16.855146212529821],[-58.452772581646443,-16.854336709234882],[-58.454229723001077,-16.852292375563088],[-58.453377377486568,-16.850774888993826],[-58.451579192805831,-16.849362744466163],[-58.450097915358924,-16.847948784506638],[-58.448397189568361,-16.845314249576877],[-58.448487630147,-16.843491705511095],[-58.448794135901203,-16.842164874600797],[-58.449934182486523,-16.839922737727051],[-58.450862938953179,-16.837593325378794],[-58.451900034980511,-16.835448823407663],[-58.452307957632641,-16.833724866751218],[-58.450833621441191,-16.833327910385684],[-58.449046333599981,-16.833331521345713],[-58.446733615131407,-16.833341015206759],[-58.444411476026239,-16.832034545480521],[-58.444188780982159,-16.830414076279951],[-58.445545302766725,-16.828775440167458],[-58.450374646108401,-16.827944098808558],[-58.451838792039965,-16.826925291090966],[-58.451092076205946,-16.825610208192593],[-58.446874913763558,-16.823797519603488],[-58.446128761670991,-16.822382053890625],[-58.446222571256271,-16.820750707373922],[-58.44694111447734,-16.818317045738613],[-58.44987773260398,-16.817486494496855],[-58.452076045431482,-16.81615881263312],[-58.4509070411899,-16.814334600994396],[-58.448251430615535,-16.810697004779197],[-58.447609452344963,-16.808975798084603],[-58.447598331413694,-16.807451113388428],[-58.448323984531619,-16.806124629063],[-58.449579176828919,-16.805201235084738],[-58.451670882415115,-16.803870161349295],[-58.45323320396237,-16.801737877980699],[-58.45417137534173,-16.800616066047862],[-58.456262816527293,-16.79908531790203],[-58.458044363439036,-16.798364675294206],[-58.460557452888395,-16.797034474079254],[-58.460954251672696,-16.793776733570532],[-58.46104582109416,-16.792054011505702],[-58.460929182690954,-16.790427286242004],[-58.460603966316576,-16.789012805151696],[-58.460380096241664,-16.787183047792066],[-58.459727467071048,-16.784246271564886],[-58.459814881494715,-16.781906420240869],[-58.460222692648642,-16.779973736233298],[-58.460002575464195,-16.778652206276867],[-58.458835584467671,-16.777236963307491],[-58.4571421419271,-16.77551909742235],[-58.456801484463298,-16.772071099452091],[-58.457313604511747,-16.770340806562562],[-58.457304190409722,-16.76881559201118],[-58.456548766025556,-16.766184010579952],[-58.456432180863835,-16.76455727546222],[-58.455680663550467,-16.762325606599294],[-58.454726353884546,-16.761114463030552],[-58.453151586768442,-16.761222973088053],[-58.450949413920476,-16.762151879271311],[-58.448017015948459,-16.763481603448199],[-58.44549680375134,-16.763694816365359],[-58.443812750682113,-16.763301860084294],[-58.442650352286755,-16.762494018784736],[-58.44243077731187,-16.760973419951824],[-58.443889846680108,-16.759437324774215],[-58.444300290188636,-16.75801286590033],[-58.443137232059954,-16.757105763209459],[-58.442184371634532,-16.756094221501598],[-58.442592129144117,-16.754270444741028],[-58.443840222060167,-16.752638569736366],[-58.445090232034389,-16.750897852249281],[-58.446663553794885,-16.750590309080287],[-58.448869329552593,-16.750478190189913],[-58.450119198337838,-16.748946138098436],[-58.44978670718119,-16.746515162896156],[-58.449669859077709,-16.744797104292655],[-58.450180892788389,-16.742857526737684],[-58.451542821787015,-16.742344711567199],[-58.452584725528176,-16.741125843563047],[-58.45184018851424,-16.739910604986751],[-58.450148591649864,-16.738491580412148],[-58.449400193306261,-16.736568468664139],[-58.449158946091934,-16.732306422356693],[-58.449128538219021,-16.728039763507901],[-58.449218468054056,-16.726109417170612],[-58.4497341732623,-16.724786983525128],[-58.450648769707506,-16.720216483138689],[-58.452423549742299,-16.718678501699326],[-58.453675381322633,-16.717563877227445],[-58.453978440983235,-16.715937486205327],[-58.453947929774031,-16.711670817084148],[-58.45344348447469,-16.699997475678639],[-58.452242164599696,-16.693706861891798],[-58.450349809011101,-16.678988052236512],[-58.451812049068778,-16.677770139193473],[-58.451363186673902,-16.673711812236593],[-58.449891165162406,-16.658992768227368],[-58.447299679847987,-16.649258438249117],[-58.444590558505283,-16.637496861030282],[-58.443698047550455,-16.630387467960603],[-58.442660525339697,-16.617494623991618],[-58.4383995932467,-16.608990589239614],[-58.428039670300102,-16.584461817243916],[-58.423444841859336,-16.573009629002605],[-58.4173609838301,-16.558817964422143],[-58.415561296237343,-16.556906251876182],[-58.414186700523153,-16.555385871708648],[-58.412072249959415,-16.553257569665114],[-58.410269773942204,-16.550628876791325],[-58.408672618254471,-16.547487303856037],[-58.406865355125227,-16.544150099145533],[-58.405590730530569,-16.542124181717245],[-58.404321385075647,-16.540814120170005],[-58.402212086940629,-16.539393629789604],[-58.400424170109702,-16.538798409133015],[-58.398950630525526,-16.538291571455524],[-58.397477546960602,-16.537585671046493],[-58.393267595917401,-16.535979977114621],[-58.390322488665952,-16.535084204893334],[-58.387693971394583,-16.534587089007228],[-58.382754500178741,-16.533490141063915],[-58.381172131525993,-16.532581550844185],[-58.379907108741328,-16.531780171418188],[-58.378220678570848,-16.530669124989803],[-58.375374755748346,-16.528850240109524],[-58.374109193676198,-16.528048809448205],[-58.372947839509514,-16.527141288682987],[-58.371575496341286,-16.526028441494763],[-58.369779253375654,-16.524307526142888],[-58.34011270861847,-16.498298905531456],[-58.319425808919682,-16.480152201523918],[-58.319185847055138,-16.475572221230298],[-58.31786308372731,-16.465729722977912],[-58.315693083226762,-16.454777483267669],[-58.315865226134278,-16.4489916151031],[-58.317200167337333,-16.444721061567893],[-58.317609296538272,-16.442888409904203],[-58.318959361599717,-16.440751859740132],[-58.319790851507484,-16.439628289435621],[-58.321139689915057,-16.437391307773314],[-58.321862627857328,-16.435556978113439],[-58.322374814132012,-16.43383544631704],[-58.322575784869969,-16.432407168950693],[-58.324119074641104,-16.427633511335866],[-58.325471772054307,-16.426004588763423],[-58.326827466539939,-16.424775577104874],[-58.328497282396498,-16.423454141990213],[-58.330887705831515,-16.419989744573098],[-58.331505721837807,-16.41826199246238],[-58.332018052802859,-16.416631752981065],[-58.332732753836368,-16.413481386365895],[-58.333654954484182,-16.410226625486832],[-58.334796584541849,-16.408393413777556],[-58.33573412854831,-16.407272095876564],[-58.336670253560825,-16.406259627434064],[-58.337393900471803,-16.404633976273576],[-58.336637117676304,-16.401285427289707],[-58.336522358059149,-16.399658006934647],[-58.336512501149677,-16.398241576110518],[-58.337028304077158,-16.396811621683746],[-58.338277151424073,-16.3953885130279],[-58.338369836586637,-16.393557445210945],[-58.338254848445558,-16.392139296026727],[-58.338034347707612,-16.390309371238875],[-58.337286606438909,-16.388285919525362],[-58.336434399431582,-16.386360013834967],[-58.335479934196471,-16.384839106163454],[-58.335155352781193,-16.383316012990313],[-58.335773788196434,-16.38148787520619],[-58.335866520052875,-16.379756625720265],[-58.334581641407595,-16.37580559291716],[-58.333836425978561,-16.374081646944166],[-58.332669179342425,-16.372265132323374],[-58.331505735303018,-16.370540591570698],[-58.33065828440202,-16.369322585869917],[-58.329808073411513,-16.367595203025914],[-58.329275262245581,-16.366285356891531],[-58.328637430552234,-16.365071905088818],[-58.328206930907683,-16.363437025580527],[-58.328196523611652,-16.361920757043894],[-58.328504000646276,-16.360603124869399],[-58.329439827641295,-16.359372898657838],[-58.329009391995356,-16.357756170680833],[-58.328676334826767,-16.355016300440198],[-58.328141124863691,-16.353488032369448],[-58.326771181135605,-16.352484361707763],[-58.325196296925498,-16.352183474881826],[-58.323291583438923,-16.352154339560673],[-58.322127668712028,-16.350251641973863],[-58.319694854810628,-16.347207315650099],[-58.312969187854826,-16.34479574202372],[-58.310641981209251,-16.341762690018236],[-58.308639360402694,-16.340144997195516],[-58.306961087786341,-16.340149677807393],[-58.30528370681175,-16.340164010814089],[-58.302976510864355,-16.340063013721338],[-58.300449060244851,-16.338658900247417],[-58.30124766094125,-16.332252068759797],[-58.301641387282629,-16.32819578872903],[-58.301619121482204,-16.324846156286618],[-58.301075187020203,-16.321801576742565],[-58.30050084468968,-16.313882636718386],[-58.299404353967041,-16.306468364158849],[-58.296859881558689,-16.301914903261157],[-58.295893266182595,-16.298469679359052],[-58.295232019196121,-16.276943497718229],[-58.304588962598778,-16.264924976069132],[-58.309683930175829,-16.258712552245917],[-58.315265847056189,-16.230456803476493],[-58.318223413716076,-16.233994208150865],[-58.320557152654814,-16.238352256105557],[-58.332623464158104,-16.240438194884014],[-58.339225194215516,-16.240314116282242],[-58.340792392757066,-16.239698201445943],[-58.342568220982379,-16.238569562679427],[-58.345392411990957,-16.237747814914513],[-58.351272973628419,-16.239448728815109],[-58.356729811192672,-16.24054079966168],[-58.358615741645238,-16.240430767176996],[-58.36112638960018,-16.239710349966664],[-58.362693486897356,-16.238993884831039],[-58.364260511959579,-16.238178155601432],[-58.365827614061836,-16.237562052627499],[-58.368755769258087,-16.236632774581263],[-58.374598902150858,-16.232851117205005],[-58.376059504488673,-16.231732977446441],[-58.377415439269704,-16.230803133274829],[-58.378772665083055,-16.229990714579277],[-58.38075940736158,-16.229475425463274],[-58.382543296662824,-16.229662449386797],[-58.382554877214311,-16.231396524590707],[-58.382564490463508,-16.232812378256899],[-58.382575052604032,-16.234337716511551],[-58.382586703759749,-16.236171043970067],[-58.382387831820786,-16.237691306449246],[-58.382399636010113,-16.239315928574815],[-58.382408970391353,-16.240741416138569],[-58.3825290511882,-16.242967293726014],[-58.38277047846109,-16.247538182913296],[-58.382993800163661,-16.249767408323539],[-58.383215645989495,-16.251397121132534],[-58.383860993102175,-16.253935464400772],[-58.384508378730182,-16.256464785713515],[-58.389086940307116,-16.266901565752075],[-58.390464593310881,-16.268931009091194],[-58.39247016967375,-16.271156546455494],[-58.394370716381545,-16.272871645941816],[-58.396265850324937,-16.274286562574655],[-58.397846373653024,-16.275494509275646],[-58.401213255215559,-16.277207529231017],[-58.402686125124944,-16.277914028410922],[-58.405314930712869,-16.279118857774382],[-58.40815831201833,-16.280928876974638],[-58.409840801707475,-16.281739627663786],[-58.411312169063095,-16.282337132442294],[-58.414780203885918,-16.283643727926556],[-58.416884465749661,-16.284655141354062],[-58.41825430832219,-16.285558970347754],[-58.420275292634791,-16.288267276585099],[-58.423128355166455,-16.292043055839947],[-58.425018719716981,-16.293474019591461],[-58.475127181475067,-16.293266561941007],[-59.036986020177714,-16.271491497872827],[-59.471787408262848,-16.254287073444583],[-59.474442315344398,-16.254234129606914],[-60.171641590632667,-16.239145822316672],[-60.233198100159044,-15.448488439318206],[-60.56940299641235,-15.077205528654495],[-60.240817157347244,-15.075779137366755],[-60.258257620757298,-14.696617358910711],[-60.261684778728061,-14.678662904435692],[-60.264208777718544,-14.675705485461691],[-60.268742667650379,-14.66437672455973],[-60.27627964524163,-14.65730603917946],[-60.284398277692205,-14.652047446291798],[-60.293692965227869,-14.649812009261307],[-60.294982901818059,-14.646832161516802],[-60.296408832535931,-14.636648374328908],[-60.296109685359049,-14.61982825143466],[-60.299419084470053,-14.607877013824075],[-60.304509272438814,-14.599560729789355],[-60.310294498746032,-14.587052871865438],[-60.313568356681877,-14.576902242546494],[-60.315631714173122,-14.565529043612754],[-60.32021637545428,-14.55119853420271],[-60.317337651975812,-14.540338265442392],[-60.319344104723925,-14.531967005480571],[-60.319524258626146,-14.522361712815306],[-60.321530434370494,-14.513990509285435],[-60.320970508219716,-14.510978375676734],[-60.319839466970663,-14.505553556802809],[-60.317453672042632,-14.501307377807859],[-60.316130234322621,-14.494797751730278],[-60.3170248914806,-14.491962872224413],[-60.317947725450004,-14.487903723866895],[-60.31966639237725,-14.485497819168259],[-60.320995656440012,-14.481861908270085],[-60.322760015162899,-14.477415904067211],[-60.325382369416715,-14.471766622611474],[-60.327110482644258,-14.468952218226164],[-60.328847486823086,-14.46572196489665],[-60.331018308359894,-14.461699148239315],[-60.333588834937807,-14.458489328944548],[-60.336593573413957,-14.454477860427653],[-60.349591064819016,-14.431527868787811],[-60.351335673769796,-14.427897519137435],[-60.355642903588276,-14.421465062393533],[-60.357812686918528,-14.417442060981417],[-60.363792047220329,-14.410634289613713],[-60.366361804120416,-14.407432094060358],[-60.36809716017131,-14.404210678785322],[-60.368973221706334,-14.402192634883237],[-60.371126176758899,-14.398975141059321],[-60.373755057601855,-14.392918733192712],[-60.375907832645296,-14.389701206158128],[-60.378995587495695,-14.381619402544306],[-60.379949740895171,-14.375937138159049],[-60.380044803797198,-14.371458293058057],[-60.377745309052195,-14.362047839032332],[-60.375375204591435,-14.355892521798166],[-60.376867795555654,-14.344512984171807],[-60.376952774236145,-14.340442075337076],[-60.376996911403978,-14.338411753787449],[-60.378749160133424,-14.334373488088294],[-60.38083133058646,-14.334412238164845],[-60.386661332489801,-14.334531279516437],[-60.387120279539531,-14.332505951677152],[-60.387582101508563,-14.330481809027106],[-60.388466047456255,-14.328053617330948],[-60.388925251283176,-14.326028298118656],[-60.390625345443986,-14.324429290900014],[-60.393123572877798,-14.324483120706315],[-60.394841933415158,-14.322076277935633],[-60.396124734767,-14.320472215215689],[-60.398240891609888,-14.318887210120174],[-60.400757215468275,-14.318124077136206],[-60.406247495595601,-14.314564419405855],[-60.40883968815772,-14.310139353817656],[-60.409742651620711,-14.306905589463796],[-60.41062648738059,-14.304478474278248],[-60.412776797403829,-14.301261843682262],[-60.414945120241029,-14.297229467951881],[-60.419600978035056,-14.293667497833306],[-60.422958026658698,-14.292507262696297],[-60.426296233715483,-14.292172888018928],[-60.428829239405793,-14.290594816419562],[-60.430936402960789,-14.289408310445808],[-60.433885130865512,-14.287845296710085],[-60.438523764969908,-14.285089599935443],[-60.439408038956493,-14.282661274736991],[-60.440759379870784,-14.277800836228419],[-60.442499757260009,-14.274171148336571],[-60.443036193982181,-14.268484058178117],[-60.443104023399073,-14.265218856419123],[-60.443572203392321,-14.262786778746046],[-60.444055573393562,-14.259546876465443],[-60.445355849510619,-14.257124594189795],[-60.446247560544535,-14.254289535301826],[-60.448422758356728,-14.249858117855329],[-60.448916165547658,-14.246201329298586],[-60.449825835700345,-14.242559637291945],[-60.453673657805794,-14.237743273165265],[-60.455413482833848,-14.234111297558099],[-60.455916506308377,-14.230056891629848],[-60.455974535838109,-14.22720979952082],[-60.456034759722314,-14.224353683294845],[-60.455260998652555,-14.221486658287999],[-60.45363916902874,-14.219423340858995],[-60.450370042251585,-14.216503236317878],[-60.448730513091277,-14.215247647215483],[-60.447515490315482,-14.213598149338514],[-60.446301522883388,-14.211939597137784],[-60.445936496133072,-14.20949552124203],[-60.445988449403117,-14.20705635867342],[-60.447721206107794,-14.203824460200444],[-60.453623344761354,-14.200278874735863],[-60.456620341352441,-14.196276437231505],[-60.45800560180021,-14.189783632119781],[-60.458480497367873,-14.186942627719542],[-60.458531397692497,-14.184504613948212],[-60.45857365945524,-14.182465380571641],[-60.458676075638905,-14.177587114265188],[-60.458736535386365,-14.174731089453918],[-60.459228237780337,-14.171083488246923],[-60.45972946330442,-14.167019003927756],[-60.459771708885924,-14.164979792535862],[-60.461147376697426,-14.158905118818115],[-60.462471826598787,-14.155268420644854],[-60.464585670307898,-14.153682894543905],[-60.470019851631747,-14.152570066256162],[-60.476666232167489,-14.153106321019276],[-60.47758313682543,-14.149056873158084],[-60.477303448576784,-14.142532332158373],[-60.476530428004111,-14.139673477940999],[-60.474559899811553,-14.134333839094383],[-60.473355669537469,-14.132276777904611],[-60.469757069597456,-14.125280787796113],[-60.468975302425299,-14.122821826820507],[-60.467074813823501,-14.114235439782234],[-60.467151658001065,-14.110572930590646],[-60.46690587621309,-14.10242629271565],[-60.465724785600131,-14.099145711198114],[-60.465904273397072,-14.090597312437284],[-60.467746142877495,-14.082088752438809],[-60.467823252162091,-14.078426324178178],[-60.466219592824082,-14.075539725415226],[-60.464606474485883,-14.073068852052817],[-60.463037908839738,-14.068558923790727],[-60.461875243509326,-14.064462782552125],[-60.457387937477414,-14.060301664573057],[-60.454528196102906,-14.05780479524358],[-60.450872727978492,-14.053654439492727],[-60.445545150474636,-14.049880922449971],[-60.443916572480624,-14.048226701253704],[-60.441040550254769,-14.046536225335107],[-60.438596660830015,-14.044045189762654],[-60.43738408462918,-14.042387902290608],[-60.433727649981691,-14.038246322991972],[-60.431303688015085,-14.034939648312649],[-60.426019415054448,-14.029134577604689],[-60.420823301609104,-14.019251415096406],[-60.42007851603347,-14.015168067097408],[-60.419290093169501,-14.013116909747263],[-60.416059683583178,-14.008574528940855],[-60.414041990703161,-14.005681575930323],[-60.410794041245232,-14.001954716819572],[-60.404336056664178,-13.992859556048032],[-60.403981152955737,-13.990007969753584],[-60.402820492138687,-13.985910583280155],[-60.401661039698588,-13.9818132219437],[-60.398899598183142,-13.974839133421016],[-60.399012176269437,-13.969544710064373],[-60.399107603384593,-13.965076075751313],[-60.399654545100852,-13.958981334388106],[-60.400148419249405,-13.955325353913294],[-60.401880416438139,-13.952103448311519],[-60.404450708441672,-13.948495019591645],[-60.407394724783146,-13.946922530326438],[-60.409100121169693,-13.944925043900094],[-60.412519136115598,-13.940521120584107],[-60.415488570867467,-13.937734252751698],[-60.417185405671312,-13.936134294716807],[-60.42057851710274,-13.932944532013499],[-60.42321008951857,-13.926490587498424],[-60.425372745773018,-13.922468115418136],[-60.426256712623747,-13.920040434912616],[-60.42674143009485,-13.916792262215703],[-60.428480033698676,-13.913163561039989],[-60.429371424832745,-13.910338292045651],[-60.430245550568692,-13.908319497859274],[-60.433028983352429,-13.903370672160682],[-60.434102294831746,-13.901461829461747],[-60.434996115125152,-13.899871681262431],[-60.435472092858497,-13.897031301249545],[-60.435514821743425,-13.894992467162599],[-60.435981945719782,-13.892559856541229],[-60.4368825686213,-13.889325713562547],[-60.437444322553546,-13.882416786830435],[-60.437487753889641,-13.880385917635293],[-60.437538709206208,-13.877939340529256],[-60.435938143138507,-13.87506085128269],[-60.435211819102953,-13.870163600019692],[-60.435289450736853,-13.866501715204603],[-60.435341735358065,-13.864063117012803],[-60.435393582622218,-13.861616584062244],[-60.436309999238887,-13.857566983587057],[-60.436777004089805,-13.855135568947981],[-60.43979674336682,-13.849909941064395],[-60.44228798819838,-13.849952945815801],[-60.446440785987186,-13.850038162629549],[-60.446561220360898,-13.844346635831329],[-60.445367869181887,-13.841882070595673],[-60.443826894796928,-13.836148328640261],[-60.443065519144398,-13.832883353962218],[-60.442737559868917,-13.828798743326711],[-60.442779745204597,-13.826769064212231],[-60.442823109248465,-13.8247382754114],[-60.443705242636668,-13.822311802608423],[-60.445815663126155,-13.820726827840703],[-60.451654700240532,-13.819629802878474],[-60.455399975859507,-13.819292010620735],[-60.458720721618747,-13.81936607954859],[-60.460797482391598,-13.819402878541243],[-60.464126735551964,-13.819067982389598],[-60.464999789643279,-13.817050301009736],[-60.465043085074541,-13.815010460562728],[-60.463848521338178,-13.81254603512418],[-60.462222931989174,-13.810891119496647],[-60.460605133261836,-13.808820507168994],[-60.459920316655435,-13.801884866290397],[-60.462013703994266,-13.801115233941117],[-60.46535315388919,-13.800372617523562],[-60.467893882703088,-13.79797792574275],[-60.465022305872161,-13.796297161284359],[-60.462965258170179,-13.795434774495837],[-60.459643551791601,-13.795372081933946],[-60.457603385842646,-13.793702095382596],[-60.456409044493682,-13.791237665517363],[-60.455215602215375,-13.788773248175987],[-60.454487811302798,-13.783868419253988],[-60.455396132813,-13.780226717444016],[-60.45546485447602,-13.776972797953682],[-60.453873349502949,-13.77368692851636],[-60.452678886531665,-13.771222508697484],[-60.45230857298985,-13.769177884597092],[-60.453656073112548,-13.764319032539687],[-60.459103435579934,-13.761992642672597],[-60.472834868412072,-13.760640802493416],[-60.474909671313853,-13.760687631619845],[-60.479483628254719,-13.760369274087664],[-60.481170077295126,-13.759186921563384],[-60.483262617805039,-13.758418225588128],[-60.486184266107713,-13.757660248285951],[-60.491622798002595,-13.755731676702084],[-60.4966022962982,-13.755835647811111],[-60.500753132822112,-13.755919764969603],[-60.50653769970971,-13.757259642721085],[-60.511085507032682,-13.758163755640403],[-60.513135316154262,-13.759424326167009],[-60.516438509764761,-13.760302727547106],[-60.519343305729123,-13.760360871160993],[-60.522265552932978,-13.75961145708883],[-60.522731554030401,-13.757180028078798],[-60.522782727000042,-13.754741603754082],[-60.522045308631277,-13.750244870143261],[-60.52208785855202,-13.748213047444811],[-60.523764302729127,-13.747428997811337],[-60.526669600172418,-13.747497245919121],[-60.529574519904024,-13.74755411704429],[-60.531675247596496,-13.74636814919468],[-60.534173088364852,-13.746011370666242],[-60.535672168792644,-13.753773595928216],[-60.537704544506269,-13.755850494136144],[-60.539763982511396,-13.756703087490322],[-60.542253910686647,-13.756753942699552],[-60.543929898555994,-13.755978780232979],[-60.546031069938302,-13.754800596705545],[-60.548986200957451,-13.752411958349203],[-60.551544070834865,-13.749208833033483],[-60.55364336661048,-13.748031681454348],[-60.558258459217342,-13.745682009145895],[-60.560781931921092,-13.744102875367608],[-60.563304356814719,-13.742531626469445],[-60.567123255947322,-13.738538170192706],[-60.567588653413928,-13.736106678452179],[-60.569323376587676,-13.73247614207648],[-60.575266501107386,-13.726083233212472],[-60.575723540282738,-13.724058334405834],[-60.575773759012328,-13.721619953279328],[-60.578727024908886,-13.719238862359617],[-60.581225594831984,-13.718881540187411],[-60.584128640386325,-13.71893874977267],[-60.587050453414122,-13.718180517301249],[-60.589540775617799,-13.718230814198192],[-60.59161415746307,-13.71826738704919],[-60.593249012414795,-13.719521389725363],[-60.596568146719918,-13.719592100397243],[-60.6003441914308,-13.71762988586735],[-60.602883369819551,-13.715233698900699],[-60.603363356340566,-13.711994641690165],[-60.605130666545243,-13.706742077840046],[-60.606856256452531,-13.703519022609614],[-60.607735826364284,-13.701092069190414],[-60.611535208273899,-13.697914453017901],[-60.617402052685662,-13.695180843641635],[-60.621949494617439,-13.696083609826646],[-60.624014193395496,-13.69652869813325],[-60.626487098808866,-13.697393962484576],[-60.629341180022521,-13.699887764174814],[-60.63096739123587,-13.701550289160064],[-60.633001120751608,-13.70362504672493],[-60.634213392051848,-13.705272854661869],[-60.637499089799086,-13.706965833982752],[-60.640403153698699,-13.707021136612136],[-60.642892170589512,-13.707071902081895],[-60.646252488432843,-13.705103235540719],[-60.648334843730353,-13.704740599168542],[-60.651669793126935,-13.703985920512002],[-60.658348542338466,-13.702086825495133],[-60.662577134783874,-13.698097279515942],[-60.664261795750143,-13.696905552559935],[-60.667637705643614,-13.694129050233407],[-60.670565450641838,-13.692960777166292],[-60.673103593286861,-13.690572835908062],[-60.674794758098955,-13.688971027219882],[-60.677331639752474,-13.686583022536572],[-60.679039768476407,-13.684177103125897],[-60.681186531653985,-13.680559249503133],[-60.682065372882455,-13.67813202663028],[-60.683406583295962,-13.673272012934603],[-60.688911223484091,-13.667685953115281],[-60.691830714516279,-13.666926246551755],[-60.697247736089913,-13.665815712952609],[-60.698922491900987,-13.66503028385497],[-60.705191786822262,-13.662707430137937],[-60.708517665815322,-13.66236975586313],[-60.712697348946037,-13.660816488819068],[-60.714372139086343,-13.660040002372751],[-60.715649187275702,-13.658434699094764],[-60.717346354473953,-13.656435050492064],[-60.719046111887558,-13.654434299972882],[-60.721168116240982,-13.65203129702863],[-60.723273302171783,-13.650444802504373],[-60.726599251502613,-13.650105711630609],[-60.731169362395498,-13.649781782831074],[-60.733258895476155,-13.649010600364473],[-60.737412884162225,-13.648682200106299],[-60.743642007787052,-13.648396726706581],[-60.748617605559978,-13.648486650387202],[-60.751911219096719,-13.64977002628352],[-60.755627970921715,-13.650649920207078],[-60.757701970199953,-13.65069390351664],[-60.758977465271499,-13.64908719265777],[-60.762476694114973,-13.639801853622719],[-60.762516993404688,-13.637772425228835],[-60.762141129432358,-13.635727395980274],[-60.762228292118465,-13.631251773403607],[-60.763925929050984,-13.629250669506174],[-60.766828882455229,-13.629304187224777],[-60.770216695174412,-13.625711870534802],[-60.774027669447086,-13.621716053676945],[-60.780279059587507,-13.620206385901449],[-60.783189680161506,-13.619853109170567],[-60.786091342393171,-13.619906336962837],[-60.790236829453463,-13.619984575357565],[-60.793968048509498,-13.620057415133008],[-60.796870856179481,-13.620111641653949],[-60.799357656880886,-13.620160495924832],[-60.802370959601568,-13.614512591955831],[-60.804530220895138,-13.610079396609985],[-60.805843323764371,-13.606452098721975],[-60.809667563298554,-13.601640283411363],[-60.815549425516224,-13.59767812987482],[-60.821806472319274,-13.595767455437292],[-60.827649743613442,-13.593834363154532],[-60.830152810671329,-13.59306748406992],[-60.832646989410257,-13.592708246306957],[-60.83554940481627,-13.592761926610264],[-60.838865349116936,-13.592827577873422],[-60.842995324454293,-13.59371220880425],[-60.858263581110002,-13.597656748190262],[-60.862423945841776,-13.596917016757946],[-60.86409789200583,-13.596139357092772],[-60.867024173096908,-13.594968400955281],[-60.869533578304207,-13.593793334152865],[-60.872036499763155,-13.593024813589054],[-60.875797436109593,-13.591465403350435],[-60.878745141787206,-13.589079125878506],[-60.880441214183087,-13.587078261858707],[-60.883419059746757,-13.583071366411598],[-60.8855450238933,-13.580259107203988],[-60.886442994433772,-13.576616066929898],[-60.887309781919988,-13.574596965152029],[-60.888613980747991,-13.57136673906459],[-60.890732011598871,-13.56897119623209],[-60.892857701462674,-13.566160026019558],[-60.894538287336722,-13.564973314648965],[-60.897470614660868,-13.563395392873341],[-60.899566152058618,-13.56221489551484],[-60.902082240850497,-13.56063064518108],[-60.907116759471229,-13.557471157471472],[-60.910070241122121,-13.554677937169854],[-60.915156820149093,-13.548673577857159],[-60.916024383602419,-13.546652153345832],[-60.917319200034456,-13.543831742416751],[-60.91985853129863,-13.541032216971034],[-60.924086164926173,-13.536631280870877],[-60.92581126671913,-13.533007363337143],[-60.92630125357946,-13.528943631199393],[-60.926769116340232,-13.52611199098722],[-60.927657822138002,-13.522868660805889],[-60.928516458823346,-13.521256010493031],[-60.933095793985949,-13.520121324096673],[-60.935996010308045,-13.520173568634192],[-60.937638901547054,-13.521016971644721],[-60.942151684809296,-13.523534131399224],[-60.945865895515624,-13.524419550939728],[-60.95208113376367,-13.524527513551458],[-60.960471911664619,-13.518985679392813],[-60.962617974471655,-13.514958822119407],[-60.965548723481142,-13.513379991371776],[-60.96887107333751,-13.513037014565356],[-60.973835087777985,-13.513528012294952],[-60.975876719697133,-13.515192519612377],[-60.977918403454211,-13.516855876505911],[-60.979545769593656,-13.518514269610403],[-60.982009563038609,-13.51977487008898],[-60.984066118996097,-13.520623962970511],[-60.986108217447537,-13.522287250325643],[-60.988564424722497,-13.523955443996625],[-60.994335811341806,-13.525687892195821],[-60.996444834864278,-13.523689964123234],[-60.997303201705975,-13.522077030206306],[-60.9973396130369,-13.520047728458939],[-60.99781364951405,-13.516799213708158],[-60.997850343952315,-13.514769924908167],[-60.998338679839776,-13.510714009804786],[-60.997154034440399,-13.50743793311837],[-60.995518951410638,-13.506187356445338],[-60.991028330939962,-13.502447278689079],[-60.988993780686215,-13.500376403103338],[-60.98903912140667,-13.497938364465],[-60.98908270787274,-13.495501437802186],[-60.990798007044951,-13.492284747677358],[-60.99290670912319,-13.490286911010351],[-60.994593400836379,-13.488692929244239],[-60.996286704035668,-13.486682203742181],[-60.99719679748452,-13.482232703101889],[-60.996834977407055,-13.479373067505996],[-60.994784687190716,-13.478118718006714],[-60.984866060093545,-13.476728857788897],[-60.981589777333653,-13.474634092641562],[-60.980872014992777,-13.468525249207817],[-60.980910031864383,-13.466496061853324],[-60.982210825398248,-13.463265513979451],[-60.98474830174176,-13.460458580949144],[-60.993484011945647,-13.458580424212112],[-60.997647258843585,-13.45744170798007],[-61.000561015542758,-13.456676604291559],[-61.004739800635896,-13.45471906348889],[-61.006817540897764,-13.454343798696947],[-61.012245457620082,-13.452003313673959],[-61.014737519457526,-13.45164191297612],[-61.017637924098921,-13.451691889037205],[-61.019707421326544,-13.451724131084168],[-61.022607828433223,-13.451774037120877],[-61.027577583260658,-13.451866256859335],[-61.034646881939082,-13.450358732706192],[-61.0388094622189,-13.449216922933687],[-61.041294301922036,-13.449253790814078],[-61.045006673491258,-13.450138487188507],[-61.047456954153439,-13.452213552689974],[-61.049918906938039,-13.453473250173706],[-61.051524714234773,-13.456346013298493],[-61.051408350548279,-13.462850326836591],[-61.049730736607131,-13.464038234487747],[-61.04680979869071,-13.465211693103722],[-61.040110045960844,-13.469152276998525],[-61.03630944002721,-13.473152544878179],[-61.035437320106688,-13.475580894645972],[-61.035401292033072,-13.477611260679272],[-61.036192819741991,-13.47965921052279],[-61.038220080870417,-13.482137239480355],[-61.041918934809019,-13.48382828101856],[-61.046875999343627,-13.484725179085064],[-61.050189139664724,-13.484780611435127],[-61.056823146395935,-13.484490457805334],[-61.058909651491838,-13.483716077003752],[-61.060610530330621,-13.481305114214914],[-61.061881303098069,-13.479696733850071],[-61.063574575657107,-13.477694541978188],[-61.064845300976742,-13.476086148170284],[-61.06570274934613,-13.474483184771659],[-61.068609581120981,-13.474123636568656],[-61.07070198736286,-13.472941468721375],[-61.074038465626202,-13.471781499793227],[-61.076943779212044,-13.471422946591851],[-61.081129428039318,-13.46904824721463],[-61.082408150515903,-13.467042308692035],[-61.084921844192323,-13.465455953829096],[-61.086991362891936,-13.465496579159351],[-61.089376791051066,-13.471223083764471],[-61.089334026450665,-13.473669037353757],[-61.089268826580941,-13.47732097218937],[-61.090469168648845,-13.479781114678968],[-61.092090277399365,-13.481847364989443],[-61.092854141774104,-13.485517831199873],[-61.092818430566957,-13.487547087489993],[-61.092783007925156,-13.489576351288791],[-61.092746277040739,-13.491615794195933],[-61.093097910617892,-13.495281599188406],[-61.093890242119144,-13.497320297597488],[-61.095518422198538,-13.498977747035454],[-61.097546744270758,-13.501447304261172],[-61.100402937317263,-13.503943232913063],[-61.104117621479467,-13.504816723624206],[-61.109117311527513,-13.503275168212609],[-61.110796174874196,-13.502078826773095],[-61.113309954134557,-13.500501138577796],[-61.116238123337077,-13.498920166061758],[-61.119600798984834,-13.496136658308707],[-61.120879454537231,-13.494120243431531],[-61.122157083771832,-13.49211287146405],[-61.125091754957545,-13.490132041674135],[-61.12595604019117,-13.488109819245055],[-61.127234430178177,-13.486103570372414],[-61.12809156330362,-13.484490141801366],[-61.128947235947969,-13.482876691658182],[-61.129811144063076,-13.480855593680271],[-61.132339542485049,-13.478462389436016],[-61.137737592647916,-13.477740121789919],[-61.139808539639439,-13.477771173124426],[-61.145192133486169,-13.477864029812244],[-61.148084728311254,-13.478320947371037],[-61.150149806368525,-13.478758440640934],[-61.156362556543883,-13.478860217162453],[-61.160932275653501,-13.478128162895104],[-61.165495634958084,-13.477795751151021],[-61.167987757364088,-13.477431354909205],[-61.171708073397134,-13.477897060502652],[-61.173399347147573,-13.475893956727015],[-61.175069318027774,-13.475112691696967],[-61.178405331979022,-13.47394310224375],[-61.183787971502113,-13.474034937421981],[-61.186687590162954,-13.474082516549052],[-61.187903071940674,-13.475726758258727],[-61.189117576974006,-13.477380042738108],[-61.191064098138135,-13.48472250301865],[-61.191430031197136,-13.48757276476414],[-61.190112180897366,-13.492027710908626],[-61.189649209609591,-13.494868942708507],[-61.188364699347275,-13.49728440009423],[-61.189573384925346,-13.499335201966558],[-61.192880715357127,-13.499796021331536],[-61.19458589589447,-13.496976233975905],[-61.195876416195631,-13.494153057226244],[-61.197974950023159,-13.492560771035709],[-61.199644948581884,-13.491780428247909],[-61.20171605268137,-13.491810857162362],[-61.204201908918193,-13.491854827218306],[-61.20668731601863,-13.491889699751935],[-61.21040788401946,-13.492362638770038],[-61.212893170532737,-13.4924064960632],[-61.215378891421096,-13.492440135144577],[-61.220770982816546,-13.492123362804591],[-61.22492571267265,-13.491377479930801],[-61.226610536746207,-13.489781596963271],[-61.228722551914558,-13.48737366687477],[-61.229991864643274,-13.485773300881123],[-61.231676727036245,-13.484168324290236],[-61.233360566986555,-13.48257238399832],[-61.236306854843512,-13.479774641734091],[-61.238846538615789,-13.476563654355388],[-61.240944811614987,-13.474972089900227],[-61.243022203375297,-13.474602361878633],[-61.245526674633751,-13.473422817034423],[-61.247611305705625,-13.472636323819923],[-61.249689801666221,-13.472267677152873],[-61.251773104744537,-13.471491319066406],[-61.253851707039267,-13.471113571204302],[-61.257171377565072,-13.47076706812229],[-61.264912949039569,-13.478609505667922],[-61.26739720634616,-13.47865269298493],[-61.269447756617907,-13.479906572513833],[-61.271926515336638,-13.480348327941671],[-61.273983921946268,-13.481193364123522],[-61.276882510142016,-13.481239657780657],[-61.284432320961891,-13.475676112312808],[-61.286107844396064,-13.474479475067657],[-61.28782458928049,-13.470852702076421],[-61.289502396473857,-13.469653807645091],[-61.292815349209064,-13.469705334674289],[-61.296127600880233,-13.46976586033416],[-61.298172091601792,-13.471425984384574],[-61.300216162248354,-13.473077023276742],[-61.301431427197222,-13.474720577832995],[-61.303489934725512,-13.47557438991589],[-61.305967558064076,-13.47601571870851],[-61.308452674925867,-13.476057289411445],[-61.312180026325166,-13.476111656401356],[-61.31507969042773,-13.476158559616444],[-61.317971495658654,-13.476613074207947],[-61.322929050980775,-13.477503311582996],[-61.325394523553463,-13.478759758557336],[-61.327445154368704,-13.480013056691716],[-61.329081833979174,-13.481260964721148],[-61.330298851783724,-13.482903246388807],[-61.333112402699371,-13.488232633330229],[-61.334742640009658,-13.489879117482133],[-61.337188335675577,-13.49235958778687],[-61.341718741875425,-13.494061637488354],[-61.344189744222,-13.494910183588484],[-61.347918619066647,-13.494963919265373],[-61.349989657093253,-13.495001916401156],[-61.353717682510499,-13.495054403406634],[-61.355788418099429,-13.495093470965459],[-61.359930758515716,-13.495150034060568],[-61.362830713876853,-13.495196265412838],[-61.365321517830353,-13.494830592840263],[-61.368228084697321,-13.494467940657232],[-61.371541079666876,-13.494526125358403],[-61.37609671994732,-13.494596701223806],[-61.383953339229912,-13.495522404069451],[-61.388503606286704,-13.496000396165297],[-61.394703927908488,-13.496910333946259],[-61.402127108253303,-13.49905426925015],[-61.404178727101353,-13.500306827741023],[-61.407875419350894,-13.502397874021495],[-61.410340587064461,-13.503653314966327],[-61.413228822382273,-13.504514210598193],[-61.415285928985966,-13.505357836809498],[-61.420645115789178,-13.5070662939629],[-61.427235636366071,-13.509600999287739],[-61.430530185192303,-13.510872229520794],[-61.432990004659473,-13.512535101942303],[-61.435870968899778,-13.513794295421604],[-61.44701181366181,-13.516814283775583],[-61.449496419088597,-13.516846211336654],[-61.453632687333481,-13.517318767851371],[-61.456112053359085,-13.517757182939791],[-61.459005082543364,-13.518209735478138],[-61.466430906602682,-13.520352536642845],[-61.475530128981553,-13.521303626106024],[-61.478035261786005,-13.520120092844676],[-61.48121364274111,-13.517883447730922],[-61.484304595049096,-13.51655069917237],[-61.488452486933511,-13.516207169605082],[-61.492607865053365,-13.515455884571042],[-61.495933632232479,-13.514696693171102],[-61.49802909072875,-13.513101312654269],[-61.499712306634535,-13.511492978517856],[-61.500984438345945,-13.509484341792643],[-61.50226347457707,-13.507065759001827],[-61.503536823785915,-13.505048067968318],[-61.504390668797214,-13.503433046685686],[-61.506504477593154,-13.500623606364053],[-61.508156341937429,-13.50052014735452],[-61.511085134987404,-13.499068394648026],[-61.516482176634099,-13.498327121228398],[-61.51974045606282,-13.496668549703305],[-61.521908060281447,-13.495564263391861],[-61.523589357058718,-13.493965932359055],[-61.526099837939682,-13.492374158391364],[-61.528207049353654,-13.489964272101371],[-61.532050361068329,-13.482302730976155],[-61.534564276913869,-13.4803031626299],[-61.537469160053938,-13.479938111843046],[-61.539547188785008,-13.479566536729468],[-61.544102541819449,-13.479633394176396],[-61.549930334492629,-13.477679950462818],[-61.551604452970594,-13.476489082129254],[-61.554137785428431,-13.473275336728532],[-61.55626803565417,-13.469242425080951],[-61.557966002980521,-13.466420816641799],[-61.560078763742169,-13.463601853496359],[-61.561351445892342,-13.46159067628996],[-61.562211102080461,-13.459568940526784],[-61.565149787130963,-13.456765386628977],[-61.567645915407951,-13.455989610211761],[-61.571374290381065,-13.4560483600777],[-61.573828695536463,-13.458108084534],[-61.576246574224058,-13.462613809723043],[-61.578286734734,-13.464679938836044],[-61.580729275827608,-13.46755607632072],[-61.583629033791318,-13.467598065823815],[-61.591922120851649,-13.466905813894151],[-61.593993020148623,-13.466932295956157],[-61.596458783663266,-13.468185469154919],[-61.598104188466891,-13.469024695721654],[-61.601417076331046,-13.469070122083888],[-61.606427527691608,-13.466293490736438],[-61.610569208056816,-13.466355201851448],[-61.617141829869567,-13.470106755154962],[-61.618342772620693,-13.472971473331217],[-61.619094642543175,-13.47826162347897],[-61.621047472114618,-13.486416527167815],[-61.623082275711454,-13.488889934237019],[-61.625964265369724,-13.490145311863991],[-61.62885219425646,-13.490994099337977],[-61.632993243228107,-13.491055347220179],[-61.637548761734166,-13.49111900338249],[-61.639619776761592,-13.491145025301673],[-61.643347391137816,-13.491202456649553],[-61.646258257760913,-13.490428185354205],[-61.649582250163391,-13.489657458364052],[-61.654996316544519,-13.487707635017182],[-61.659171701378625,-13.485322251296838],[-61.665417981829798,-13.482969346400665],[-61.669150255737492,-13.482619749371279],[-61.671226001345573,-13.482237759924313],[-61.675368050000962,-13.482297035644365],[-61.678681020396773,-13.482342349923071],[-61.680746140027168,-13.482775640040352],[-61.685640593952748,-13.488124659926049],[-61.690548073254938,-13.492668422316724],[-61.694269924742407,-13.493122423615658],[-61.698405227198108,-13.493580980526451],[-61.705026103031926,-13.49407737254114],[-61.707091403452509,-13.494510402606201],[-61.712027297979006,-13.497023154211549],[-61.719448141495342,-13.499555405525209],[-61.723562780443388,-13.501644239679512],[-61.731392475140467,-13.504596269458013],[-61.734682856964739,-13.50626238534411],[-61.736311939692548,-13.508323608486554],[-61.737941028775488,-13.510374628052427],[-61.73996614405705,-13.513652122540421],[-61.741602143323696,-13.515296572444667],[-61.745313029739513,-13.516566180780403],[-61.749040142266686,-13.51662168851556],[-61.751945004052786,-13.516254731434708],[-61.755270175599314,-13.515482294277676],[-61.761571426925883,-13.509058522151172],[-61.765309671054624,-13.508298348562665],[-61.768182592081068,-13.510368286186656],[-61.771461992715402,-13.5128492099902],[-61.774349620126721,-13.513705019795506],[-61.77683555079031,-13.513731878782668],[-61.77975172776496,-13.512557070846061],[-61.786824095497757,-13.510208210329962],[-61.788906689309314,-13.509426405493688],[-61.79182297681254,-13.508242372219367],[-61.793903070652334,-13.507460491737548],[-61.797227929382338,-13.506687382618694],[-61.800552906701697,-13.505914221849054],[-61.80761470721081,-13.504380056330042],[-61.81135838131555,-13.503210225965997],[-61.815952409141282,-13.500425144625559],[-61.819281459948108,-13.499254174112826],[-61.82259940770362,-13.49888833970698],[-61.8246761964255,-13.49850367770982],[-61.828016329079553,-13.496516054916624],[-61.83259202176491,-13.494954805560555],[-61.839224267248909,-13.494629236261874],[-61.841687602723511,-13.496288335746128],[-61.845817700904327,-13.497151622701177],[-61.848313245896613,-13.496371284829612],[-61.849981226618091,-13.49557661293951],[-61.850830935392331,-13.493969218032525],[-61.853362894069448,-13.4903440350012],[-61.854211783398661,-13.488727564094868],[-61.855917136572145,-13.485086953056376],[-61.857604639362378,-13.482670516774753],[-61.858459914519528,-13.480646362841632],[-61.861023413011388,-13.474591998989339],[-61.863162823478625,-13.46933285467582],[-61.863194744835567,-13.466894682891191],[-61.863236502168164,-13.463642276454546],[-61.863331233684853,-13.456328932952719],[-61.863425958183562,-13.449015634454469],[-61.863463447423968,-13.446169831092897],[-61.863505097786202,-13.442926541047935],[-61.863562336414397,-13.438457970835323],[-61.863599809415483,-13.435613325330888],[-61.863652712980482,-13.431544535750355],[-61.863726277577257,-13.425862066110978],[-61.863768174352991,-13.422608641500618],[-61.86423527762031,-13.418552123893511],[-61.864261737950663,-13.416522853505997],[-61.864299208970301,-13.41367712857466],[-61.863933378348491,-13.410014052634331],[-61.863958708397242,-13.407982520253968],[-61.865237744989756,-13.405156494857776],[-61.871519632411704,-13.399544125273215],[-61.874437938390372,-13.397961553323039],[-61.87735616263808,-13.396368748950385],[-61.880678965991351,-13.395594366404707],[-61.883999188068159,-13.394828964733609],[-61.888551392612122,-13.394888182652338],[-61.895550888903273,-13.397818406027024],[-61.899690024627482,-13.39786409190347],[-61.904279194582202,-13.395077276144141],[-61.906804574961043,-13.391859406590022],[-61.9080720764943,-13.38984846487182],[-61.91102560456217,-13.385417447041901],[-61.914807441349978,-13.380993668266832],[-61.91899669977218,-13.376981665228266],[-61.920683673591206,-13.374563813523602],[-61.923207367188127,-13.371345788085709],[-61.925307286182843,-13.368930946480786],[-61.931667586838088,-13.356820592794069],[-61.9333639193895,-13.353588514914332],[-61.934212481829675,-13.351980972016493],[-61.935907441937388,-13.348747741405628],[-61.937174369843213,-13.346736695795942],[-61.940547313349661,-13.341900813142528],[-61.94470960791007,-13.33991643291867],[-61.949673548123748,-13.33997728900307],[-61.95215167421825,-13.340419855716011],[-61.959149170321723,-13.343347767225005],[-61.96617865939681,-13.343837529516334],[-61.970315498928201,-13.343884046160955],[-61.974064609853997,-13.341904054245099],[-61.97697585174086,-13.340718686466353],[-61.979876697602208,-13.340347427072992],[-61.983600492616212,-13.340389620920613],[-61.986077780588658,-13.340822710338767],[-61.990205162618985,-13.341692045382558],[-61.993514839745323,-13.341731146085364],[-62.000982390463214,-13.340193461060906],[-62.005592482538368,-13.335375368826902],[-62.006439168724278,-13.333758482379652],[-62.008557506526259,-13.329721373462714],[-62.009464315103827,-13.323229825243015],[-62.00993231121452,-13.318764552457656],[-62.013291436317466,-13.314745112687374],[-62.015374012997619,-13.313553496145856],[-62.017856163666146,-13.31357629618874],[-62.019524604833535,-13.312382913177197],[-62.025754845751273,-13.310428182765653],[-62.028679132755933,-13.308018079487333],[-62.032406880989583,-13.307660813302277],[-62.036543722553795,-13.30770373916763],[-62.041940949594377,-13.306143724730832],[-62.045683509010154,-13.304562195336196],[-62.048598300955291,-13.302976146773718],[-62.050679973266824,-13.301783047486513],[-62.053186459500672,-13.299778598773116],[-62.055692327898683,-13.297772985308887],[-62.057799512423685,-13.294550752377869],[-62.059895654963789,-13.292135821236393],[-62.063262345068445,-13.287298139711922],[-62.064946039535535,-13.284881554831021],[-62.06579164493337,-13.283273552402775],[-62.067903612442834,-13.27963344620394],[-62.06878750148325,-13.274773526146948],[-62.070071892890631,-13.271129051510508],[-62.070931953331211,-13.268298193149807],[-62.072196277240366,-13.266285321215772],[-62.073883828361588,-13.263458821058782],[-62.077635564978536,-13.261062677385814],[-62.080966828805025,-13.259070208103999],[-62.086399988118139,-13.254256103695701],[-62.092692903973692,-13.246617780457635],[-62.093951428398263,-13.245003359222013],[-62.096042814330467,-13.242995785958016],[-62.099801521587374,-13.239791974338374],[-62.103566335257355,-13.236180509667724],[-62.105242463646434,-13.23416903070347],[-62.105684684765841,-13.231735132539367],[-62.105708504528337,-13.229705033571388],[-62.103275319273038,-13.225614052411538],[-62.101649874890569,-13.223157702180337],[-62.100018802645643,-13.221110070022664],[-62.097590860276448,-13.216618250186505],[-62.096383649236657,-13.213758103351124],[-62.09520906681955,-13.208059490377497],[-62.094031259732368,-13.202761714696333],[-62.093275648499947,-13.196668452449225],[-62.09332754800613,-13.192192867715761],[-62.093379513048021,-13.187725228278557],[-62.094235074366424,-13.185303216955715],[-62.095544964696352,-13.179221270731782],[-62.096015661186385,-13.174358993522336],[-62.096044071378564,-13.171922549540161],[-62.097364763740003,-13.16503457764914],[-62.097815803546276,-13.161784554396098],[-62.098261804065785,-13.158951173861084],[-62.098722889143872,-13.154895076968401],[-62.098831477944842,-13.145553684302852],[-62.098085522911639,-13.138645623060407],[-62.098616741363891,-13.128502119443764],[-62.100701203643972,-13.126901140407247],[-62.109458310911123,-13.120093289754093],[-62.117327223943079,-13.118554338163019],[-62.121873127070096,-13.118608381548412],[-62.12641774393952,-13.118661180416735],[-62.129287032850847,-13.120726480243386],[-62.131728188274693,-13.124001618262875],[-62.136663711819374,-13.126086726874084],[-62.136686189675636,-13.124056813982198],[-62.136723515849276,-13.120805350615933],[-62.137568930406694,-13.119188247920761],[-62.139244863919373,-13.117177852737484],[-62.141319038336114,-13.116391599699046],[-62.144642945696901,-13.114807063582832],[-62.146314451309649,-13.113195125895855],[-62.150918275179727,-13.10797625706023],[-62.152203735834945,-13.103924264186116],[-62.152272836272999,-13.097835811495045],[-62.151901818209673,-13.094174292774436],[-62.154045887100594,-13.087300679462652],[-62.159433718925477,-13.085736746040821],[-62.172634188440973,-13.08750416524305],[-62.175067252892312,-13.091593799929393],[-62.176255759922768,-13.096067522776547],[-62.179965310960085,-13.096921261480695],[-62.183297811975862,-13.094521019438254],[-62.186643408067248,-13.090905986815221],[-62.190392789636675,-13.088100597579515],[-62.192892907930528,-13.086102748128898],[-62.196206951329245,-13.08532233918919],[-62.208630947603886,-13.082618630739731],[-62.216438346887585,-13.086357123966289],[-62.220570302755142,-13.08639633877131],[-62.227605107401828,-13.08525699848197],[-62.230905726181611,-13.08569982226838],[-62.237489352714661,-13.088207602831318],[-62.240384842967302,-13.087832747707496],[-62.244119355176473,-13.08624904023946],[-62.261155868864904,-13.0770861353058],[-62.263633610936253,-13.077108217653571],[-62.267351698787635,-13.077154317750386],[-62.270273794732354,-13.074342807922136],[-62.27194626435211,-13.072331402570654],[-62.274051156377752,-13.068691017951066],[-62.275311564888163,-13.06667613554224],[-62.280284438017453,-13.065107859380413],[-62.284002536707206,-13.065143470109824],[-62.28688019849676,-13.066391360655883],[-62.288920242362487,-13.068847065135238],[-62.291359587879917,-13.072527698230601],[-62.293382978826841,-13.076606786573683],[-62.294595424502852,-13.079058979339132],[-62.297436412803037,-13.083955485599558],[-62.300720030331668,-13.086019480767527],[-62.305676969457217,-13.086071729626179],[-62.30815577181481,-13.086101208542507],[-62.31022843699229,-13.085305345124285],[-62.311498006067239,-13.082475108196892],[-62.31319700725296,-13.078025972282978],[-62.313230186807822,-13.074783667848713],[-62.313271934265991,-13.070724010648483],[-62.312500859438231,-13.065439477482792],[-62.312533991021823,-13.062187022330933],[-62.316281259746631,-13.059387341438565],[-62.318750548012254,-13.060223851205579],[-62.322051087146633,-13.060666333911779],[-62.326180928490587,-13.060704543744052],[-62.330711255460336,-13.061967532970618],[-62.335246240080714,-13.062821748095034],[-62.337298076121989,-13.064063367755949],[-62.341016300076859,-13.064099080223782],[-62.344736497713654,-13.063727160251846],[-62.34805389887007,-13.062546963787094],[-62.352151305782769,-13.065837113844369],[-62.354191144871002,-13.068292160849603],[-62.356637093258911,-13.071566740585338],[-62.35785939021229,-13.073202319470084],[-62.361118767042598,-13.07770158773352],[-62.363568477823002,-13.080567423140161],[-62.367261234882953,-13.083040056747596],[-62.369310191547704,-13.084679885836188],[-62.372594581343328,-13.086741601863162],[-62.374660275220663,-13.086761345868632],[-62.37879075154833,-13.086806425360884],[-62.381270071900694,-13.086827101075095],[-62.384160778423201,-13.086857774974598],[-62.389122393295246,-13.086499326358313],[-62.391186940579857,-13.086517763084439],[-62.39572324495586,-13.087380857279204],[-62.398594244519977,-13.089433272230014],[-62.400227467092144,-13.091478283660091],[-62.401859270623213,-13.093524406998551],[-62.405973911292875,-13.09519125851274],[-62.408452906607771,-13.095211603119692],[-62.41551968661831,-13.090812140426882],[-62.417191402461675,-13.088798394294232],[-62.418859234436169,-13.087193329857742],[-62.42093581512146,-13.085996719602871],[-62.425101809882285,-13.082383041967905],[-62.426820987999989,-13.075495559116309],[-62.427257745240361,-13.073060192646093],[-62.427305290731873,-13.068195608486093],[-62.427764750002922,-13.063322877406861],[-62.4277966238282,-13.060080605240664],[-62.429067434305168,-13.056843289914951],[-62.433224052159986,-13.05404236978314],[-62.435693903769256,-13.054878603144429],[-62.438585233046034,-13.054899461669692],[-62.439426305628842,-13.053281209138634],[-62.439457264727935,-13.050038961071948],[-62.439929287469148,-13.043952727553455],[-62.441195000228696,-13.041121789561236],[-62.444093632909485,-13.040336543711096],[-62.446158848505945,-13.040355568277446],[-62.449462413116834,-13.040386184945337],[-62.451133347314368,-13.038373392494577],[-62.45115243070488,-13.036344749032997],[-62.452006151919605,-13.033512925089395],[-62.45326414947742,-13.031489092937859],[-62.456597808302348,-13.028277409580109],[-62.461977515763429,-13.02710411310362],[-62.467770001063684,-13.025941681188431],[-62.470660407062852,-13.025971141096957],[-62.475195016184827,-13.026823369109058],[-62.476831512291405,-13.028460105615828],[-62.477634162434747,-13.030910314884707],[-62.478827756930421,-13.035788447179678],[-62.4792134452602,-13.038635223881865],[-62.479592157355953,-13.042295964329947],[-62.481210034155922,-13.045962483591847],[-62.483673161404639,-13.047612095687132],[-62.487378333952904,-13.048859858178805],[-62.489856611615295,-13.048879219061172],[-62.493572775012929,-13.048921214838657],[-62.496058271106847,-13.048125408647005],[-62.498554220232613,-13.046122784007764],[-62.500233056984293,-13.04329450098261],[-62.505668214139938,-13.036031823328884],[-62.509819647058713,-13.033638082524092],[-62.512710884970581,-13.0336680884357],[-62.517226870298217,-13.036548036505229],[-62.521337727828183,-13.038612104674291],[-62.523398884026577,-13.039036760025688],[-62.52586880203107,-13.039869632223422],[-62.529998390051972,-13.039903746530234],[-62.5329120124849,-13.03749614375212],[-62.53416913916444,-13.035480865213461],[-62.537501031003515,-13.032259928560883],[-62.540399150439626,-13.031473331102113],[-62.544532520374261,-13.031107540955771],[-62.549092207343058,-13.02911442100328],[-62.552403296596189,-13.028329441032762],[-62.557365323073377,-13.027568460442581],[-62.559436945789201,-13.026770133619701],[-62.562754829763193,-13.025178968714894],[-62.564833424779017,-13.023573439518044],[-62.568560074005902,-13.02238241351648],[-62.574771529993065,-13.020411566431415],[-62.577256427306018,-13.019622725659985],[-62.580983071408482,-13.01843147993892],[-62.583463400872894,-13.01805122569874],[-62.588023556210686,-13.016056143166702],[-62.592173571080139,-13.013660785378242],[-62.594660628047073,-13.012465330346863],[-62.595091268286126,-13.010437285957739],[-62.595123294017526,-13.006786488511239],[-62.595140318628964,-13.004757890733156],[-62.592274951277794,-13.001885403894121],[-62.586498687289541,-13.001429132714067],[-62.58238105568838,-13.000182631665229],[-62.57660894701953,-12.999319691506958],[-62.57085726276069,-12.996019349490799],[-62.570896063040294,-12.991553553448709],[-62.572152509959793,-12.989538133046105],[-62.574643487240721,-12.987934297607437],[-62.577949688871229,-12.987557588377841],[-62.581672662060058,-12.98677276102533],[-62.587469455339779,-12.984801008267269],[-62.593283391366185,-12.980790358808539],[-62.601133939754291,-12.980039069765516],[-62.604037897139307,-12.978444499684597],[-62.61272685072511,-12.976083013477012],[-62.613995795395816,-12.972437292409131],[-62.616087379011965,-12.969209188327152],[-62.621463881232245,-12.968041969099195],[-62.625186313764537,-12.967256368394672],[-62.627668602059344,-12.966468079667617],[-62.630974351117338,-12.96608939316026],[-62.635512244519553,-12.966530521551856],[-62.640465265386034,-12.966573552166782],[-62.642532102803152,-12.96618194788352],[-62.644189806331688,-12.965381217581381],[-62.645854319023194,-12.963774502332059],[-62.64711319223165,-12.961351165495746],[-62.647136421896107,-12.958506497488999],[-62.647154062583468,-12.956477999709959],[-62.646757792272261,-12.954446779439811],[-62.645556741012925,-12.949977520293105],[-62.645163863732719,-12.947539934172323],[-62.646821985024637,-12.946738069306173],[-62.649282092558217,-12.948785120667713],[-62.652945594641082,-12.954901778842085],[-62.654968690600882,-12.959790727035257],[-62.656590147410007,-12.963456706292522],[-62.659452186357328,-12.966725512157645],[-62.661093412810708,-12.967963358405274],[-62.663978708849505,-12.968389683294008],[-62.668097285449093,-12.969643573424069],[-62.670156305632339,-12.970066716810638],[-62.672217073623486,-12.97048871892496],[-62.675919257612591,-12.972140509428302],[-62.675882979125547,-12.976606240090131],[-62.675449993221619,-12.979032851044341],[-62.678317103808361,-12.981904118675443],[-62.681606005927733,-12.983554296222861],[-62.683669646863741,-12.983569794348142],[-62.686972866022792,-12.983597726923797],[-62.691107144695856,-12.982812419438661],[-62.697714363836788,-12.982461585893086],[-62.70431961563461,-12.982516938958849],[-62.706795926564297,-12.982533675229584],[-62.710895617917025,-12.986214887137942],[-62.712111185311343,-12.989071932838408],[-62.71291414812557,-12.991918469939598],[-62.713714480546017,-12.995172543518649],[-62.715324033868775,-13.000459247645269],[-62.719450042775449,-13.000897086581581],[-62.722752394875364,-13.000925569178968],[-62.724815643215948,-13.000940650664338],[-62.728553938218248,-12.998124556606292],[-62.731869544969534,-12.996530703546457],[-62.735629701574268,-12.990878781778209],[-62.73606449526708,-12.988035429445981],[-62.738540387294954,-12.988060836710511],[-62.740592013841024,-12.989696814386033],[-62.741818704641794,-12.991331119422181],[-62.743457683965339,-12.992966809796698],[-62.745098564913413,-12.994193821467238],[-62.747985384884544,-12.994626907827033],[-62.754615882414932,-12.99142947654096],[-62.757518088791414,-12.989825922990466],[-62.761658863782934,-12.988232065429012],[-62.766202157405687,-12.987864310848501],[-62.771177613004994,-12.985060569716699],[-62.774083281620207,-12.983048139447499],[-62.776165285174962,-12.980634545714469],[-62.778250102647426,-12.977804356573941],[-62.781160997841255,-12.974985850110478],[-62.782827565034886,-12.9729704898064],[-62.785322065868954,-12.970549084000931],[-62.786575614251333,-12.968532391875865],[-62.789073032465318,-12.965712489726025],[-62.79117374231862,-12.960853693432869],[-62.792014522533464,-12.958826634339584],[-62.792860642585815,-12.955993600171958],[-62.794126663084917,-12.952354767985465],[-62.796223541947626,-12.947903491817254],[-62.797064071001451,-12.945876437338566],[-62.798317415179454,-12.943859723457605],[-62.79956715891965,-12.942241454785702],[-62.800413099691433,-12.939408436336674],[-62.801271453583816,-12.934953326112671],[-62.801705677856894,-12.93211112781322],[-62.80214551034792,-12.928460720646322],[-62.80215989844703,-12.926432261383134],[-62.802196450912213,-12.921568289363424],[-62.802642126754172,-12.91710292251118],[-62.805538736876187,-12.915905168353429],[-62.809677634255941,-12.914312724736627],[-62.811743462517491,-12.913928493839235],[-62.81380689782894,-12.913941554767023],[-62.817107287428087,-12.913959459595468],[-62.819167704665539,-12.914381095457765],[-62.822457386170463,-12.916027779050921],[-62.826986976792639,-12.917279642729129],[-62.831526161488888,-12.917308915591409],[-62.833191584468864,-12.915293261972559],[-62.833210923140648,-12.912457754248662],[-62.833659364561257,-12.907584869539097],[-62.832854572958247,-12.904739041654294],[-62.832057985528344,-12.900679794843724],[-62.832093274104722,-12.895806885161443],[-62.832107352496955,-12.893778490597574],[-62.837492223165349,-12.890972358509858],[-62.841617470068456,-12.891009254772635],[-62.844929627571894,-12.889404688245119],[-62.847012517469771,-12.886583115782695],[-62.852395308810877,-12.883778867943088],[-62.858191575731176,-12.88097452361248],[-62.859445587292527,-12.878550079131951],[-62.86071801434273,-12.873688673897885],[-62.861992580788161,-12.86841980220442],[-62.864928877602857,-12.861542626852824],[-62.866590144164576,-12.85993428917295],[-62.869076376064783,-12.858327090845854],[-62.871565542746005,-12.856312391697553],[-62.875717905683494,-12.852291977765786],[-62.877800593297209,-12.849461148160291],[-62.87863654639176,-12.847841429851279],[-62.878656380240066,-12.845006118822647],[-62.878692756143302,-12.839724875783048],[-62.878740356675188,-12.832833044678894],[-62.879178474001165,-12.829182841132793],[-62.880443148867926,-12.82512855145567],[-62.889544089639401,-12.821134919978448],[-62.89243376249587,-12.820752111349815],[-62.898643575131032,-12.817142027648996],[-62.904868085529166,-12.811501286177482],[-62.907361250237052,-12.808681524891307],[-62.909016127037276,-12.807878784407672],[-62.913571492410107,-12.805071040677973],[-62.91646031350075,-12.804686765404147],[-62.918521528011929,-12.804699899098095],[-62.926747055108471,-12.807994892116392],[-62.929210351568322,-12.80963876445599],[-62.930849301980516,-12.811272658678812],[-62.932481301202628,-12.814118732445253],[-62.93573914920799,-12.820229626040229],[-62.939054258443797,-12.817817792788189],[-62.941126389375427,-12.816208789021521],[-62.942781119968885,-12.81540576972966],[-62.946498310191188,-12.814615596629997],[-62.953511497213114,-12.814256448412424],[-62.957220517144812,-12.814688453646088],[-62.958862463484557,-12.815914674808347],[-62.960910974328385,-12.817955623671848],[-62.965023470399395,-12.819601763084806],[-62.967109820740554,-12.815965393220113],[-62.969614250967709,-12.811114365075003],[-62.971281545821149,-12.808281763301169],[-62.975006436789819,-12.806277771414946],[-62.983252819496855,-12.806327837962931],[-62.986134317402048,-12.807164948489735],[-62.990725473828469,-12.807942520974821],[-62.997268062950951,-12.807227560899756],[-62.998927652179347,-12.805618242427046],[-63.000601695460681,-12.801572112350746],[-63.001467464816159,-12.79507954155325],[-62.9998573530195,-12.78858288494161],[-62.999880135915085,-12.784933975015376],[-62.999897622267497,-12.782089780297651],[-63.001964337745882,-12.781295113143493],[-63.00362320653953,-12.779677875267092],[-63.004874149597917,-12.777251662234473],[-63.006129338539118,-12.774419146606744],[-63.006144325713755,-12.771982423504518],[-63.006191492200216,-12.764276171025031],[-63.007031166966641,-12.761849124620399],[-63.013675701039922,-12.753771849956403],[-63.018921033149475,-12.752801017010201],[-63.028533088083243,-12.751021168180575],[-63.031027608915984,-12.747393141512182],[-63.032688968657595,-12.745366036243619],[-63.03311590174075,-12.742940382949637],[-63.033127336954067,-12.740911162478477],[-63.033557376894549,-12.738067910702666],[-63.034393384634669,-12.736049372954465],[-63.037715356603101,-12.732014385453905],[-63.040213900349485,-12.727562420452967],[-63.041479682914677,-12.722701787905629],[-63.042727967756562,-12.720684043535053],[-63.044809551528971,-12.717044988450327],[-63.047298953848617,-12.714223806452379],[-63.051444743291995,-12.710189121623952],[-63.053511839688632,-12.70897865511955],[-63.056397040942059,-12.70899986579588],[-63.059693454336717,-12.709013866878074],[-63.065467782228843,-12.708241242487594],[-63.070832191943992,-12.707053517973817],[-63.075376360265949,-12.70504824589978],[-63.078277421345177,-12.702226318222282],[-63.079523233397452,-12.700615806294593],[-63.08202044483064,-12.696162350049562],[-63.082449066425411,-12.693328182647978],[-63.083314185877981,-12.686030246739614],[-63.083326178226393,-12.684002283394609],[-63.083345686053661,-12.680352630271759],[-63.08049839292093,-12.673847347478116],[-63.078045328091818,-12.670582728563215],[-63.077644117473831,-12.66855520515038],[-63.07931779170903,-12.664101628040283],[-63.081792071280915,-12.663714365885843],[-63.084264491797192,-12.663726548695598],[-63.091272725396955,-12.662955351356572],[-63.09664660847222,-12.659736831601842],[-63.097893861364838,-12.657718888076133],[-63.097907632461556,-12.655283593463173],[-63.097516389968249,-12.651633378597902],[-63.095877381182099,-12.650002224080502],[-63.094652330570163,-12.647962093869952],[-63.094251067673042,-12.645934653009597],[-63.093453113839018,-12.641469012604384],[-63.093471140023375,-12.638226914361216],[-63.094720658108599,-12.635801655452472],[-63.098015859796362,-12.635813908303184],[-63.101309170078508,-12.63624254541714],[-63.103363837049699,-12.637059532191365],[-63.109131180553682,-12.637092582368272],[-63.111192954830187,-12.636705450145371],[-63.113672737187954,-12.635095664521598],[-63.118228260867738,-12.630655500687586],[-63.119884382045761,-12.629044372065648],[-63.120725488637596,-12.625803584071624],[-63.123212089486316,-12.622980625794529],[-63.127366744844871,-12.616509608253075],[-63.128612840870709,-12.614490439172254],[-63.131517611968107,-12.610445918183796],[-63.136892852254263,-12.606421970117315],[-63.13898642562603,-12.599948943974717],[-63.141102407699805,-12.589410238096455],[-63.141116728264294,-12.586575678639491],[-63.143186481750746,-12.584558805268554],[-63.145665422422439,-12.582948725600575],[-63.149785947120627,-12.582563007860241],[-63.152256781823993,-12.582574367985249],[-63.154727112806476,-12.582585696268966],[-63.159247780347982,-12.584237146735237],[-63.161298764997007,-12.585868231012498],[-63.163335238987521,-12.590342912086216],[-63.162866398590594,-12.601290301121526],[-63.16284614207887,-12.605345884405654],[-63.163657328789533,-12.607783281020858],[-63.166136897877742,-12.606172914718057],[-63.167380276072436,-12.604552980327638],[-63.168213922670077,-12.602534187657826],[-63.169458413112814,-12.600914251837002],[-63.171117636794278,-12.598489158963252],[-63.172363820948725,-12.596469766853371],[-63.174433359405384,-12.594452556149911],[-63.176910974400528,-12.593250580467378],[-63.181448112735957,-12.59165056665841],[-63.183919643377472,-12.591660416203379],[-63.188861655589314,-12.591690206094997],[-63.192140696634155,-12.59454570240486],[-63.194188273816096,-12.596982156451919],[-63.195817890117283,-12.600642479022433],[-63.196205452410219,-12.605513282390936],[-63.194923638034908,-12.614830466437231],[-63.194081989848875,-12.618478895927007],[-63.195307311385847,-12.620517232633151],[-63.196946962775918,-12.622148672046285],[-63.200649572650292,-12.622974511093039],[-63.203943503622796,-12.623392443971426],[-63.213408395299311,-12.62506416204068],[-63.215877182997623,-12.62588951964927],[-63.219575719426935,-12.627529779024959],[-63.227806290118188,-12.62919161256063],[-63.236455714635497,-12.629230782101185],[-63.240983488385027,-12.630065758243742],[-63.244243914041498,-12.637383659609988],[-63.244231571538386,-12.640218385903699],[-63.243367553208799,-12.648738806810133],[-63.242105841292961,-12.654407166664107],[-63.243747644977169,-12.655630897837163],[-63.245401326491653,-12.654426105604751],[-63.253236463896904,-12.652834235505999],[-63.258597665388585,-12.651641672436455],[-63.264781096780389,-12.650863843762226],[-63.272611284390223,-12.650086017198339],[-63.280439158519151,-12.65012494172173],[-63.287031927203032,-12.649745091553118],[-63.300224917995919,-12.647365382345182],[-63.305997788257947,-12.646178651522732],[-63.313421944945958,-12.64418703148203],[-63.321269198026023,-12.639350457593435],[-63.325813290960625,-12.63611762947561],[-63.329535544623795,-12.632485955238453],[-63.33449125337021,-12.629670745778599],[-63.343158642049282,-12.625240064961989],[-63.351808559424377,-12.62527550462176],[-63.358806148977408,-12.62652418332963],[-63.363751518805756,-12.626142382253931],[-63.36828712682258,-12.624937639821688],[-63.373244721296984,-12.620906164128797],[-63.379443148921034,-12.615651674595227],[-63.386050304978518,-12.611222063654379],[-63.389351629321382,-12.609608062918788],[-63.396362697786564,-12.607207183706684],[-63.399662718877451,-12.605593020773833],[-63.404620365383089,-12.601552954872746],[-63.406276714665339,-12.599124828293942],[-63.409591764247075,-12.593464003661124],[-63.41166062629727,-12.590629673105138],[-63.413315697805238,-12.588608884472688],[-63.415790130794264,-12.587404027366546],[-63.421562903837348,-12.585399395172374],[-63.427328129539617,-12.58541444442416],[-63.429387627535412,-12.585422448530871],[-63.431859655270372,-12.585032129193479],[-63.435569406346005,-12.584232166100502],[-63.43721853051246,-12.583425360350947],[-63.438462372304841,-12.580998154730114],[-63.439707265174214,-12.578163587083191],[-63.440131013488468,-12.574921681218115],[-63.440138267136867,-12.572485450801221],[-63.436867730849954,-12.565985895009419],[-63.43605672347239,-12.562328763634982],[-63.436072452824206,-12.557466564906154],[-63.436087586241868,-12.553002691032022],[-63.436922150935516,-12.549759748978689],[-63.437753896684114,-12.547739988576199],[-63.442301756359797,-12.542078945914138],[-63.451367045061481,-12.539672900434347],[-63.459600726540074,-12.539703819486625],[-63.462481827809832,-12.539711393005014],[-63.464952768870795,-12.539726908236281],[-63.467011709364904,-12.539725481838575],[-63.471124329131037,-12.540963828847769],[-63.474827172480765,-12.541784646337343],[-63.481001937990357,-12.541806027296808],[-63.484703846313273,-12.543035143829906],[-63.486759700161066,-12.54384820703201],[-63.492522184331925,-12.544277819719776],[-63.494581649369692,-12.543877821771195],[-63.49787785388645,-12.543076882718843],[-63.502000825532939,-12.541063781023261],[-63.504475265326249,-12.539847737162436],[-63.50943083942623,-12.53459132695005],[-63.511907029045744,-12.532570704417111],[-63.51521142795432,-12.528936229001491],[-63.516451898648057,-12.52691490195757],[-63.519753571967499,-12.524078075325177],[-63.521404915796943,-12.522465029630641],[-63.525531749260665,-12.519237421924219],[-63.529247294758115,-12.515186208988252],[-63.532551658217422,-12.511552658144659],[-63.533790292864907,-12.509929542655412],[-63.536693819120529,-12.501833644934662],[-63.539586834179147,-12.497782727838505],[-63.540832203257786,-12.494141086800164],[-63.542493797853417,-12.488471688952238],[-63.544150249820625,-12.484821932069895],[-63.544567066307437,-12.482793046499019],[-63.547047377841629,-12.478751378264588],[-63.549941639609088,-12.473894845340951],[-63.553242000416901,-12.471066701601108],[-63.557772662333946,-12.469449534629842],[-63.561066791259201,-12.468649909135564],[-63.564773560839463,-12.467450584132054],[-63.566833514213833,-12.466641454935365],[-63.570130664211575,-12.464627678645519],[-63.574663311608262,-12.462204586095433],[-63.578782973126778,-12.460587250074822],[-63.584556334659389,-12.455337973033803],[-63.587027806468797,-12.454528354950273],[-63.590730564871826,-12.454542571150277],[-63.594022770598883,-12.454546856360951],[-63.598968141579,-12.451316251124053],[-63.603914739576396,-12.447679369487213],[-63.605978776922669,-12.444851465178072],[-63.617924431647552,-12.439203558329291],[-63.627393550610805,-12.436390270682663],[-63.630277914416773,-12.434366928569858],[-63.64057071894338,-12.431146106491168],[-63.644273657362227,-12.43115822498506],[-63.65250349595447,-12.430774102436473],[-63.65538302031571,-12.430777833992876],[-63.664442680743321,-12.426743689104685],[-63.666503127112236,-12.424720772530288],[-63.668974488821597,-12.423504035977079],[-63.67350443036829,-12.421087923236549],[-63.675564086612241,-12.419871587411748],[-63.678034153169925,-12.419069955379202],[-63.682148561906878,-12.418673615429032],[-63.685439559592389,-12.418677562905891],[-63.688319448179456,-12.418680832589125],[-63.695730062567975,-12.415860185271715],[-63.703535547402034,-12.421956076409353],[-63.706413254552963,-12.423183224181203],[-63.711350436073943,-12.422784079354592],[-63.717113680845998,-12.420762453122432],[-63.722052415211834,-12.419557525485912],[-63.72863614009897,-12.419164718699641],[-63.731104401384528,-12.419169104376881],[-63.735629831871762,-12.419177256519543],[-63.740977529041189,-12.419591376589372],[-63.744678188847487,-12.420814496881032],[-63.752494828706908,-12.421233641873489],[-63.757842486871098,-12.421238901167126],[-63.765660927761864,-12.420037437441177],[-63.769777592636338,-12.418416342325525],[-63.772248601073549,-12.416400764411039],[-63.773485104119899,-12.414370223951057],[-63.775957432046354,-12.411540040868241],[-63.780481849112107,-12.412353853827895],[-63.784590317385472,-12.416418639019694],[-63.786234161705046,-12.418034806152201],[-63.789110583206877,-12.420472471555794],[-63.791987615099337,-12.422910104015552],[-63.799803346423417,-12.424548187520042],[-63.804328507438136,-12.424954194789128],[-63.807617649670661,-12.426585347549924],[-63.80885009635206,-12.428202096635264],[-63.810905025230248,-12.430234815977911],[-63.812549262385303,-12.431859848918572],[-63.814603584388344,-12.434698080459288],[-63.816657389698364,-12.437536300180557],[-63.822003794179764,-12.440384184309705],[-63.82652905944515,-12.441197007919016],[-63.831055590303031,-12.441203053973036],[-63.834347298811281,-12.44080523145232],[-63.842989741474199,-12.439189631571967],[-63.844636288333959,-12.437982569321443],[-63.848754014313052,-12.434331292257964],[-63.853282813597694,-12.43150388305561],[-63.85781006336618,-12.429075756001561],[-63.863572714547779,-12.425836040691701],[-63.869333771303445,-12.425024082448921],[-63.872623649276242,-12.426246899917921],[-63.873445108858995,-12.428678721391293],[-63.873853788644908,-12.433142242321344],[-63.875085994168913,-12.43638892288371],[-63.877962637757818,-12.440844914713228],[-63.884134631574938,-12.442475435285482],[-63.889482861779364,-12.443691241163886],[-63.891539779060885,-12.444916506082951],[-63.894418050062356,-12.448159453947621],[-63.894827758436136,-12.451399988903228],[-63.895237862616071,-12.453833844331673],[-63.895235515891571,-12.457889933534393],[-63.895234477789174,-12.460324727705155],[-63.89523028747351,-12.467215050307834],[-63.896463205944265,-12.470054416492964],[-63.900989889406212,-12.471272937375735],[-63.904694139703238,-12.471280352252995],[-63.909632543784106,-12.47128372297184],[-63.914981456845794,-12.473314663159162],[-63.919508078012143,-12.475347409619458],[-63.921976283096207,-12.477775288400993],[-63.926913524443705,-12.482650211683515],[-63.930617240753755,-12.485491421049856],[-63.933085834430216,-12.487520924809147],[-63.938847885423577,-12.489141829736141],[-63.948314413288415,-12.488741644872704],[-63.950784853290571,-12.487520290984545],[-63.956959901548416,-12.48103625543308],[-63.959018655335974,-12.47820582433839],[-63.963134677313768,-12.473340321127305],[-63.96560437957924,-12.470905921281593],[-63.967662797742214,-12.469288320914229],[-63.970543560803584,-12.467260117432865],[-63.972601250995453,-12.466854224163329],[-63.976716605573962,-12.465228886354833],[-63.979597819033479,-12.464830936128813],[-63.982066642091475,-12.46442385833898],[-63.984947795792081,-12.464424091947974],[-63.991532518386627,-12.46523570012606],[-63.993804705237395,-12.476626972768718],[-64.000385287528559,-12.475845250566726],[-64.00367722538661,-12.475045298233024],[-64.006555193353137,-12.475063331132986],[-64.009432602838501,-12.475478455912025],[-64.014774613354561,-12.476718193382137],[-64.02135198617421,-12.477557141597007],[-64.023408054026746,-12.477559181337535],[-64.025875377404518,-12.477569069267771],[-64.028345307574256,-12.476364899426059],[-64.031229451834193,-12.473538168844307],[-64.031647424891545,-12.470703880765905],[-64.033305569865945,-12.464622230815035],[-64.033313813667817,-12.46097341676839],[-64.033730699915083,-12.458546472571717],[-64.037436824293565,-12.455717313024884],[-64.040316103776945,-12.455327565412045],[-64.04853640911476,-12.456166423713315],[-64.054289878904626,-12.457403875210801],[-64.057166724330543,-12.458226760325946],[-64.060041065353147,-12.459864222143718],[-64.062916374255977,-12.461085286508471],[-64.064558200266532,-12.46231122926074],[-64.066201197556339,-12.463536028797046],[-64.069901353431064,-12.463549511367926],[-64.076067655850423,-12.463970469760449],[-64.078531992962454,-12.465201655475086],[-64.105238927452149,-12.476235806711582],[-64.109761767364262,-12.476254935373861],[-64.112229376378522,-12.475856468395746],[-64.115524085785466,-12.473027196964376],[-64.117586865028485,-12.469389622975937],[-64.117598230225028,-12.462499274585793],[-64.118434819738312,-12.453984940384521],[-64.120904748786842,-12.452373514438912],[-64.123371184976946,-12.452382229197093],[-64.125013828290193,-12.453597492582865],[-64.126655453822451,-12.45563753951209],[-64.127060927643541,-12.458876509427311],[-64.12663619196303,-12.466990150071135],[-64.127041428109564,-12.470636475203785],[-64.127860192290314,-12.472670271484853],[-64.129499959201908,-12.475915315602197],[-64.13401781624782,-12.479174339511298],[-64.136482160264123,-12.48121043435472],[-64.138535001130165,-12.482841726585956],[-64.141411472307581,-12.484469041105321],[-64.145932625485912,-12.485699149656567],[-64.152512426704448,-12.485719256891569],[-64.154568624604067,-12.48572790141235],[-64.159503499699838,-12.48574335948517],[-64.164028869621887,-12.484539329930644],[-64.167328416712493,-12.477662043792682],[-64.168564938603424,-12.475230714071467],[-64.169390802847758,-12.472800854472164],[-64.169409883476874,-12.459011101828729],[-64.168181162718739,-12.456174540411709],[-64.167773807922529,-12.452925480313661],[-64.16613492756224,-12.449274654813635],[-64.164908595608921,-12.443992033416128],[-64.168615117008684,-12.439550586104144],[-64.176421927132779,-12.442812598589352],[-64.178887535005416,-12.443227946195261],[-64.181763029625728,-12.445261922707292],[-64.185874545486968,-12.445271815394349],[-64.192041302780538,-12.445291025866815],[-64.199861901369218,-12.438022308291922],[-64.203152751130361,-12.435999559007767],[-64.209322954438264,-12.432775715077794],[-64.211380036567917,-12.431563033691166],[-64.219604238753817,-12.429155882223565],[-64.226180073307333,-12.431198784283751],[-64.229053191084972,-12.435667930423032],[-64.231927120475731,-12.439321329558513],[-64.231925663915462,-12.441349906895528],[-64.232745941759347,-12.443383215144344],[-64.235620664121313,-12.446629292100075],[-64.238906682446896,-12.449882782114994],[-64.240549477457577,-12.451514603529468],[-64.24301449823443,-12.453540302141688],[-64.245890882530375,-12.455175148107406],[-64.248355423802764,-12.458015406086528],[-64.250820660310865,-12.460865825631101],[-64.255569619325698,-12.462373795753855],[-64.27260753201837,-12.467401380085457],[-64.275076922524136,-12.46538076069432],[-64.276722197093648,-12.464167930004878],[-64.278369583258154,-12.460529332324766],[-64.278371141328023,-12.45850184068669],[-64.278372699366656,-12.456474353757082],[-64.277141164275932,-12.453219836457755],[-64.276321488245472,-12.449575568284503],[-64.274678371429985,-12.447536734593937],[-64.272623674265091,-12.44591705567623],[-64.271391295082395,-12.444292878599805],[-64.270160559923951,-12.441445663680938],[-64.269751613553026,-12.438208175425519],[-64.269343222766253,-12.434959383916024],[-64.269344245829075,-12.432523525758238],[-64.274285762382632,-12.422396873545335],[-64.278397297112392,-12.420385428707194],[-64.280453845370943,-12.419172071600773],[-64.283743626288199,-12.417961518369941],[-64.288677248581706,-12.416761051494271],[-64.290732130769229,-12.416760411298881],[-64.295665278597838,-12.41677259126344],[-64.302653360938152,-12.416794074930685],[-64.312930152314067,-12.416815984979795],[-64.317451726020849,-12.417229899840065],[-64.320739720915455,-12.418452306503395],[-64.324028495334161,-12.418455055712112],[-64.326083656637849,-12.419268639192008],[-64.330194202615246,-12.419682927457997],[-64.332660850929244,-12.41968912306201],[-64.337182813101364,-12.419295943772877],[-64.344583732436604,-12.416469953808505],[-64.346263084806111,-12.415853930150304],[-64.35116077716097,-12.414055799111365],[-64.356194770636435,-12.411993713267263],[-64.361438864564946,-12.411233320415256],[-64.372126292119489,-12.410852171510594],[-64.376237710415225,-12.410857113608921],[-64.380343007723042,-12.410053070408592],[-64.382403157036435,-12.409648741550322],[-64.389802481246178,-12.407636851044691],[-64.392679725238438,-12.407233127641774],[-64.395968354008872,-12.406426942980032],[-64.398023236440451,-12.404814195526306],[-64.397201681915178,-12.402373226330507],[-64.393912905708433,-12.401965501411613],[-64.390213960150589,-12.40115235510118],[-64.388158352834708,-12.400737662544238],[-64.387747199764704,-12.398712220428221],[-64.397612609605247,-12.398732922978065],[-64.400078908709474,-12.3987292566931],[-64.403777830838365,-12.397115513820088],[-64.407065000298047,-12.392254485210939],[-64.410764287865732,-12.389827206669775],[-64.420217488666637,-12.388219674995124],[-64.424738349793088,-12.388230722831777],[-64.430491595545504,-12.383374425514209],[-64.435012112515693,-12.380543392453687],[-64.441174815154014,-12.37447094970628],[-64.441996499770312,-12.372845763327483],[-64.44446064708994,-12.368387652068829],[-64.44610226700415,-12.363933588396248],[-64.450209224246265,-12.356641409878417],[-64.460481468551322,-12.354628676159546],[-64.465412365055727,-12.353414995061764],[-64.469931806669891,-12.351796013851892],[-64.474039103674684,-12.348559043759415],[-64.477325259733249,-12.346132770926529],[-64.482255353665337,-12.344511443292685],[-64.487185497007374,-12.342899049928988],[-64.489239240497142,-12.342090963872591],[-64.494168754412271,-12.340071155840389],[-64.497453277977414,-12.335616252551068],[-64.499506161249599,-12.333186993104357],[-64.501148015117039,-12.330751937877602],[-64.503610174025894,-12.327513944234141],[-64.504018320997645,-12.323864699921646],[-64.504016117352094,-12.32062372303743],[-64.503603455233375,-12.3177830905933],[-64.50277937829469,-12.314945739048703],[-64.498258357119084,-12.312908137402403],[-64.495377068777046,-12.305610864357037],[-64.493731601791268,-12.302370529835212],[-64.4920853432169,-12.297501267887579],[-64.488795373417986,-12.29222419412587],[-64.487148084602424,-12.286150242655864],[-64.486735488311353,-12.284116225484347],[-64.485495841583372,-12.273170534771619],[-64.485084037287734,-12.270737243526611],[-64.484671588301424,-12.268712308888102],[-64.484669373632002,-12.266278060733182],[-64.484667484355853,-12.263036175615945],[-64.484666057315195,-12.260203777797319],[-64.485073872661076,-12.256553735108817],[-64.485483164639192,-12.253718124453544],[-64.485890453743693,-12.249659770303937],[-64.486709916167896,-12.246831125612605],[-64.486707941101045,-12.243582529989586],[-64.487526769456991,-12.240744855275704],[-64.487524010417886,-12.236291645979486],[-64.487522369234526,-12.233856360653043],[-64.487931007108514,-12.23102195549186],[-64.488340163707946,-12.228592493669019],[-64.488748168127643,-12.225758106459082],[-64.48956660495972,-12.221697769979929],[-64.490797059640883,-12.219274284207284],[-64.491616197035313,-12.216842736796252],[-64.493256099022403,-12.214000896914726],[-64.494486020032284,-12.211170223317094],[-64.495716230873654,-12.209144879023942],[-64.49653559717585,-12.207519798368734],[-64.498997364360093,-12.204690654870555],[-64.501457852640442,-12.201852445978464],[-64.503920333503402,-12.200235763298096],[-64.505972453178188,-12.20024201594633],[-64.508436280122851,-12.200237047065231],[-64.5125420630186,-12.201054757340646],[-64.51459526084146,-12.201459056907721],[-64.517059633435906,-12.202277401191056],[-64.519523424799218,-12.203085538529026],[-64.524862876211699,-12.20511916918719],[-64.530203482255331,-12.208362915756203],[-64.53307972861974,-12.2107997154591],[-64.537595913006584,-12.210799225199112],[-64.539647512603125,-12.209583574837641],[-64.541700270362881,-12.209182279429273],[-64.545391698024915,-12.205946653031459],[-64.546211210608746,-12.203914192431247],[-64.547440819292589,-12.202294609626604],[-64.548259772182817,-12.200670466687733],[-64.550308886171607,-12.197028597462149],[-64.550717706322288,-12.194998374678233],[-64.553170817299176,-12.186901332997493],[-64.558505185340536,-12.184470941937965],[-64.561378920639982,-12.184472135053461],[-64.563841378598198,-12.184067243986316],[-64.565893904268478,-12.184071763514531],[-64.568767633818695,-12.184072852950147],[-64.572873168969508,-12.18407498506817],[-64.575746859386541,-12.184074845634818],[-64.579031897005763,-12.184887856552086],[-64.582316915280131,-12.185293638686433],[-64.584369441965919,-12.185696101752962],[-64.586422566498499,-12.185702675981764],[-64.589706323634815,-12.185698904310952],[-64.592169455548884,-12.185701978097315],[-64.595042441024688,-12.18489626437848],[-64.596683462332962,-12.184080530799957],[-64.600786245257737,-12.182462455613248],[-64.602837360105511,-12.181653389145337],[-64.606119403335342,-12.180029708136715],[-64.60899164258484,-12.179224937192695],[-64.611043265263319,-12.178415790053901],[-64.613093536666142,-12.177198322963971],[-64.618017171402158,-12.175575194860334],[-64.620888593895231,-12.174361960780693],[-64.624583158225519,-12.173957129361259],[-64.628275058526953,-12.172739028404946],[-64.630327255062639,-12.172336862967047],[-64.63648094731505,-12.169907612716829],[-64.639352883745588,-12.169092246879949],[-64.641404209382912,-12.168283936938744],[-64.646737527128877,-12.166664506575389],[-64.649607813552848,-12.1650437184989],[-64.652480394426206,-12.164636468938827],[-64.654942419591194,-12.164230492450201],[-64.658635955125931,-12.163420149733186],[-64.661918269546774,-12.162609939440172],[-64.664380325842089,-12.162204981271948],[-64.666432056151777,-12.162209625958221],[-64.670123824687337,-12.160582490941412],[-64.672175235623769,-12.160179914074366],[-64.676684063056982,-12.156938291908107],[-64.680375577408256,-12.155310982920978],[-64.682424392246901,-12.153695876428511],[-64.685295904726985,-12.152879882656094],[-64.686935516839824,-12.151664217033952],[-64.691442174622239,-12.14761590911904],[-64.693079868728304,-12.145587023664955],[-64.694307032449842,-12.143560653239613],[-64.695942703105146,-12.140318212636421],[-64.697169804948274,-12.138291838310957],[-64.697985721594122,-12.136258946574914],[-64.698390035826833,-12.13342446694751],[-64.698382576891575,-12.12977710126245],[-64.698378088631358,-12.127748156397551],[-64.698368586980138,-12.122888431590095],[-64.698360554182756,-12.119241115752821],[-64.697945348353528,-12.116809847393148],[-64.697529506232897,-12.114378587776489],[-64.697114244974657,-12.111946201813712],[-64.696696743459114,-12.108709730147421],[-64.695460358597273,-12.105867357826838],[-64.694635582258741,-12.103845781549989],[-64.693810391783487,-12.101824208530845],[-64.69257429209209,-12.099388976727495],[-64.691749640010983,-12.097366274086649],[-64.690515427073308,-12.095746432452881],[-64.690101105517812,-12.093713301053475],[-64.689686317234262,-12.091688092029573],[-64.688037392685359,-12.088043046421898],[-64.686391076738758,-12.085611459774807],[-64.685156976842222,-12.083990478875377],[-64.684743408502314,-12.081965280758181],[-64.683506247751851,-12.079133113541181],[-64.681858111865935,-12.075486942981225],[-64.682258789133272,-12.070625040092208],[-64.683075479693457,-12.068999495612411],[-64.683481340825921,-12.066571265877101],[-64.684708370153274,-12.064952269075658],[-64.686755277858296,-12.062921142444166],[-64.689623731681024,-12.06129887293803],[-64.692082981157895,-12.060486523761046],[-64.695363809296381,-12.060084125437118],[-64.698646030291329,-12.06008086781199],[-64.707260639784991,-12.060077300651866],[-64.710953662590114,-12.060485194822123],[-64.715063832087154,-12.064132657497732],[-64.717119689110291,-12.066154265929715],[-64.71999727712064,-12.06858687484492],[-64.720823401126793,-12.071422494654181],[-64.723297322981594,-12.076681469329394],[-64.723715708582148,-12.080335057387231],[-64.723723223176933,-12.08357507132186],[-64.723728876825476,-12.086009896752945],[-64.723739160212361,-12.090461134473793],[-64.72375083980576,-12.095727787792121],[-64.723757549100995,-12.098569780593721],[-64.724585001052276,-12.10140548817305],[-64.725822734036768,-12.104646885759724],[-64.726241116105683,-12.108290418943396],[-64.727069710129641,-12.111534418717165],[-64.728718482461375,-12.114772118562884],[-64.729133138965764,-12.116796178130313],[-64.729549306053883,-12.1192285120558],[-64.731196430507097,-12.12165985396665],[-64.732432717076307,-12.123687774893808],[-64.733668348949152,-12.125706648188372],[-64.73572319581217,-12.12692298288108],[-64.738185599031709,-12.126924300431167],[-64.741055509113778,-12.125709455179582],[-64.743927399450016,-12.125299811624895],[-64.745974932076223,-12.123276984417265],[-64.746791388839014,-12.121651078106105],[-64.747193939864943,-12.118408282225742],[-64.747187574489502,-12.115575264766431],[-64.746770556465108,-12.113144111099789],[-64.745944810354175,-12.110706536679357],[-64.745529416078767,-12.108681397747251],[-64.743467384911398,-12.104633344944455],[-64.742230585997874,-12.102198404730556],[-64.741404539938983,-12.099768763369902],[-64.739756485731235,-12.096938356828186],[-64.739340244439504,-12.094507242445401],[-64.738102115887756,-12.091665182745867],[-64.737686408703283,-12.089234079292286],[-64.737679677375468,-12.086401166943579],[-64.737672950447873,-12.083569395584568],[-64.73766661255948,-12.080726323894158],[-64.738069229747097,-12.07748371240856],[-64.738063875991188,-12.07546621205727],[-64.738878751402297,-12.073027328457377],[-64.740921963644297,-12.069383005244347],[-64.744607204404502,-12.066543555435723],[-64.748292794188558,-12.064110033352961],[-64.751572134229306,-12.062892505312814],[-64.765506042837373,-12.057210261405336],[-64.770839435462577,-12.057209475119363],[-64.774530771037135,-12.057201198077827],[-64.778222859896644,-12.057201898565104],[-64.783145823295939,-12.057193304359686],[-64.786430141525571,-12.058001727011609],[-64.788481880517438,-12.058404341947307],[-64.790536864239058,-12.059618890911556],[-64.794643586652143,-12.061237106867173],[-64.798341075521762,-12.063256040360598],[-64.802456338422544,-12.067713722715176],[-64.804929038382454,-12.071759382391384],[-64.807818984391062,-12.078244998270794],[-64.810298127397274,-12.084318340314793],[-64.811540477674427,-12.088371133347989],[-64.81360154247821,-12.091605294606548],[-64.814426927797399,-12.093229408623934],[-64.817714819547319,-12.09525083640041],[-64.82387866301795,-12.098082850516541],[-64.827978322697973,-12.096858482632737],[-64.830434585843378,-12.094829832433339],[-64.832072262544514,-12.09361535727777],[-64.83370404703065,-12.090372024352551],[-64.834517261133513,-12.0879395022714],[-64.834504381094462,-12.083479238164696],[-64.834492127980027,-12.079423859712261],[-64.834071878283211,-12.076187803529029],[-64.833242961225977,-12.073351497987206],[-64.832825479716178,-12.070920646744396],[-64.831997817208105,-12.068493731180117],[-64.831167758491119,-12.065250331826737],[-64.829519297915496,-12.062818838210257],[-64.829102027853025,-12.060388011158242],[-64.827451350951904,-12.057151344551556],[-64.825388178902514,-12.053103249115239],[-64.824152571018573,-12.051483175405419],[-64.822095661296245,-12.049452502497402],[-64.819629795745016,-12.047843000010797],[-64.817576429357899,-12.047034731861615],[-64.815522577068222,-12.046226445945708],[-64.812645805461671,-12.044201218221813],[-64.810177756761732,-12.041776279637771],[-64.807300539071818,-12.039753252173071],[-64.804009728235329,-12.036510505458269],[-64.803994767543742,-12.031243125482254],[-64.803982609717508,-12.026791095558753],[-64.805203373863932,-12.023541962094647],[-64.807243061870125,-12.019491250212953],[-64.808057546660663,-12.017468401365655],[-64.810099910612962,-12.014629908108979],[-64.812142144312631,-12.01179140507217],[-64.813366756627914,-12.009763534697791],[-64.814998648467252,-12.00691986579327],[-64.816627761427185,-12.002871910268322],[-64.817438552852295,-11.999626698742279],[-64.818252847432177,-11.997602730074957],[-64.819476058818296,-11.995167783698243],[-64.820701684445766,-11.993549249834189],[-64.822337929119186,-11.992332749993098],[-64.824795779460061,-11.991518878283744],[-64.832577575692156,-11.988266928364739],[-64.837086408252006,-11.987455867515505],[-64.841183770282981,-11.986637353342054],[-64.844054597709302,-11.986633450070917],[-64.848565138856685,-11.986627238136899],[-64.850614879077668,-11.986622122227757],[-64.855536269847491,-11.98662083340335],[-64.857996820851696,-11.986611664440847],[-64.860456908373692,-11.986611513999682],[-64.865787243275918,-11.986605997510939],[-64.868658146464654,-11.98660287953591],[-64.871528291979203,-11.986590678351115],[-64.874399118083574,-11.986586349393932],[-64.87686107632021,-11.986993071125887],[-64.879733827319072,-11.98779376834969],[-64.882607221065612,-11.988604600358785],[-64.885894647396682,-11.990624661795767],[-64.889178993975207,-11.991830528682666],[-64.896160625452978,-11.994663215397111],[-64.898214920716526,-11.99586754122493],[-64.900180366299637,-11.996676464179247],[-64.905193538994055,-11.997885781601719],[-64.908886280390888,-11.99828328577432],[-64.91175148360719,-11.996659171669135],[-64.915435027197177,-11.994629934235419],[-64.917070668189979,-11.993405890880148],[-64.919112602329719,-11.990972340808774],[-64.92033731704349,-11.989353219522197],[-64.92196622638015,-11.986109616385091],[-64.923190308247925,-11.984489360011166],[-64.924824603032135,-11.982866115673863],[-64.927269028452201,-11.978403242834343],[-64.92973445372516,-11.97469222175207],[-64.931358755318755,-11.973231818829831],[-64.933171117403944,-11.972004613551992],[-64.935136246736192,-11.971029983820801],[-64.937218244140951,-11.970335226652871],[-64.939377562170975,-11.969919388536947],[-64.941574009770335,-11.969812050953031],[-64.943767094656266,-11.969994176642492],[-64.945914549069101,-11.970465961321864],[-64.948840037383263,-11.971853417793978],[-64.951933221576894,-11.974596959493404],[-64.952217211355759,-11.976097281938026],[-64.952560024560128,-11.977424327044821],[-64.953308182309442,-11.979210836732893],[-64.954165015818518,-11.982560689404878],[-64.954972187675281,-11.984237245303575],[-64.95757916039436,-11.987130015283222],[-64.95984584778526,-11.988178932940508],[-64.961651927949347,-11.988255263223603],[-64.963867298182194,-11.987866032950185],[-64.9653264075382,-11.987420416088465],[-64.967428965391434,-11.986335123707761],[-64.969067408535466,-11.985029247353996],[-64.970238744360913,-11.983770805568764],[-64.971234973398367,-11.982686197390432],[-64.972585514761462,-11.980503060833616],[-64.973584708433833,-11.978785204995502],[-64.974584901207351,-11.976894337174167],[-64.975351177482764,-11.974996668594997],[-64.975767202468148,-11.973445551670634],[-64.976417864449957,-11.971441017307338],[-64.977392674565507,-11.970238900264178],[-64.978801977913847,-11.965259147312832],[-64.979310923103043,-11.963943922634709],[-64.97992250000371,-11.962526441108992],[-64.981251410208131,-11.960805877288013],[-64.982684126511828,-11.959789256925848],[-64.984937334463837,-11.958476951735699],[-64.986269557377383,-11.957870117313183],[-64.987704246148624,-11.957360022947611],[-64.989550340247519,-11.957353366244755],[-64.992115042136248,-11.957360171383874],[-64.994167952826231,-11.957560524727722],[-64.998275864507576,-11.959272809263886],[-65.001049535173962,-11.960489499615262],[-65.002692707855871,-11.9610999679178],[-65.004746588209827,-11.961807912464053],[-65.006798914223253,-11.962107648315071],[-65.008338075704899,-11.962103462757812],[-65.010388957416595,-11.962005150089578],[-65.015103650661302,-11.9604824619688],[-65.016741236364297,-11.959363951092682],[-65.018581002749215,-11.957240332687078],[-65.019909558390481,-11.955410979636605],[-65.020520312886447,-11.953895021842795],[-65.021886581718277,-11.952010070181503],[-65.021330941739592,-11.950649192811262],[-65.020604076235415,-11.948021635037678],[-65.019470669529909,-11.946194393677118],[-65.018646368572746,-11.945088137405769],[-65.017000803612603,-11.943672755560158],[-65.014636962463968,-11.942153508502788],[-65.013094000168692,-11.940736461443588],[-65.011752577343884,-11.938205796765441],[-65.011437607524016,-11.935675714423397],[-65.011433017936085,-11.934254449707693],[-65.012245360652187,-11.931514151113653],[-65.013680352332912,-11.931113566513289],[-65.015935371542213,-11.930805011231364],[-65.017884465984523,-11.930807762740004],[-65.019525934740059,-11.930802983067279],[-65.022397724276559,-11.930806745792816],[-65.024756884137005,-11.930794944971568],[-65.026189213380832,-11.92978823569455],[-65.026182591722005,-11.927661442481174],[-65.025973530079099,-11.926243479124544],[-65.025147688458077,-11.924621694101516],[-65.023808778890981,-11.922795562441463],[-65.022675980748446,-11.92138448597189],[-65.021647730794811,-11.920470381612567],[-65.018150316630866,-11.917233732971706],[-65.017120573233271,-11.916019990813023],[-65.015373227397149,-11.914704655549794],[-65.01372700651973,-11.912882268485435],[-65.012799709718422,-11.911668004164415],[-65.011872655747567,-11.910147327149074],[-65.010942518235893,-11.907920002699063],[-65.010114929056229,-11.905591546141721],[-65.00939139753865,-11.903670745262771],[-65.008665396047434,-11.901035389232767],[-65.007116239043484,-11.897591160872661],[-65.005776380010673,-11.895169135406572],[-65.00494940848111,-11.892940190428888],[-65.004119056346056,-11.889599854679819],[-65.003084618502342,-11.88665964201496],[-65.002052163320542,-11.884432848608411],[-65.001328786780192,-11.882611567280023],[-65.000914393218849,-11.881094043184065],[-64.999877167557202,-11.877140832494421],[-64.99915092844833,-11.874413957871196],[-64.998837976106174,-11.872689049957359],[-64.998728228403323,-11.87025539675078],[-64.998823921824993,-11.867929285825641],[-64.999023530003171,-11.866208673519548],[-64.999324744884319,-11.863979932582598],[-65.000339373641012,-11.860433967488325],[-65.001052023637826,-11.858610238866707],[-65.002278045325156,-11.857089254609848],[-65.003915477686661,-11.856180152441279],[-65.005451461588237,-11.855371027803615],[-65.006987228713442,-11.854762005878554],[-65.008727003970009,-11.853742698020579],[-65.010059001818405,-11.853342684957013],[-65.012107641513467,-11.852828322650371],[-65.013850598940252,-11.852622971793618],[-65.017130132118453,-11.852215513034109],[-65.01877050093411,-11.852220917346248],[-65.020615759433213,-11.852213980640101],[-65.022255553246282,-11.852010203502466],[-65.024613303921811,-11.851809601968267],[-65.027279979982836,-11.852113919670089],[-65.030765543920793,-11.852003679408099],[-65.033532768041553,-11.851501309112782],[-65.035466767665284,-11.851152356640752],[-65.037015756002987,-11.850584876327979],[-65.038448497702646,-11.849875522713477],[-65.040800958783223,-11.848154144218704],[-65.042744979223855,-11.846935666151545],[-65.044690603934328,-11.846121906003241],[-65.046326681941949,-11.844805479683206],[-65.048677975700286,-11.842778775811711],[-65.050212110923283,-11.84136222677262],[-65.051945165131954,-11.838624155937376],[-65.052248942617936,-11.837310019712843],[-65.052959903405565,-11.835178662486191],[-65.05448636918463,-11.831835683012805],[-65.055400133589501,-11.829204718152932],[-65.055392186040308,-11.826671220165183],[-65.054868642131282,-11.823229180758799],[-65.054555352037127,-11.821503344762503],[-65.054240984374587,-11.819479058757192],[-65.053823196132583,-11.817049452793848],[-65.053612991508615,-11.81543162855699],[-65.053403206668321,-11.814013907190327],[-65.053089416101315,-11.812188607595008],[-65.052467810117037,-11.810067571343897],[-65.051848311695181,-11.808653096997944],[-65.050610269402171,-11.806121469064861],[-65.04957930202346,-11.804401611568228],[-65.04906284584591,-11.803084964579471],[-65.048029194312733,-11.800552291867126],[-65.047511118960017,-11.798829808312336],[-65.046993563984714,-11.797313074481222],[-65.045541379778911,-11.791951812408806],[-65.044918688025831,-11.789515412988445],[-65.043348524953302,-11.779395520446815],[-65.043649516973204,-11.777367063014703],[-65.043233532534558,-11.775444010644273],[-65.042711867547496,-11.772608093125465],[-65.042500790559529,-11.770483916904425],[-65.042586055661587,-11.76511837780515],[-65.043564905655231,-11.750943411656094],[-65.044480012346028,-11.748611204826362],[-65.045393054693875,-11.745673109735355],[-65.045999735331378,-11.743244143450955],[-65.047014098749273,-11.740004856239675],[-65.047823515341989,-11.736967839683633],[-65.04853249394705,-11.734330377231938],[-65.049142821635087,-11.733012596898876],[-65.050359892206089,-11.729066934992925],[-65.051273740212267,-11.726436351376449],[-65.051985394982438,-11.724712248466085],[-65.052901318135085,-11.722886491608209],[-65.054839835919012,-11.720256286810599],[-65.05595954088399,-11.718029324174493],[-65.056772474064473,-11.715897768381732],[-65.057791781027973,-11.714278333732164],[-65.059314549541085,-11.710123150338392],[-65.060326897983373,-11.706377553775424],[-65.060831409784157,-11.704149274235716],[-65.061533333353267,-11.699294185087171],[-65.061522497902203,-11.696046774732235],[-65.061818963066841,-11.69270735655599],[-65.06191225985954,-11.690074333037956],[-65.062314405701954,-11.687547095234249],[-65.062612922817166,-11.685011361480525],[-65.063217074148412,-11.681876109793359],[-65.064031459732661,-11.680151534890429],[-65.065050555715032,-11.678631610866162],[-65.067191020958802,-11.675492886465596],[-65.068722586873236,-11.673970277830417],[-65.070358273852591,-11.672860805909014],[-65.072199096260093,-11.67204864593654],[-65.073733335121389,-11.671231298915117],[-65.077827220386084,-11.670317950266982],[-65.080286294798157,-11.670414609353964],[-65.082643484964592,-11.670819219645743],[-65.083976748669571,-11.671323049698758],[-65.085514803916823,-11.671725187400957],[-65.086950497638838,-11.672228454841735],[-65.089105787543403,-11.673241037463209],[-65.090336817239631,-11.673955608988102],[-65.091568797068092,-11.674658865729841],[-65.093524935215029,-11.677490003954587],[-65.094962865512016,-11.678699651749168],[-65.097017543968903,-11.680318547467053],[-65.098250791573193,-11.681330339737405],[-65.099688942992188,-11.682647339987771],[-65.106149591384877,-11.684562286695877],[-65.108097337051234,-11.684960915220708],[-65.109635014983226,-11.685165075521427],[-65.111172027848369,-11.685160118356356],[-65.113118204560308,-11.685160834531111],[-65.11537152243622,-11.685060388401761],[-65.117317575636946,-11.685052022688255],[-65.119264253031588,-11.685052677606183],[-65.121927736484096,-11.68504712092429],[-65.124181523203688,-11.685144381469312],[-65.126846194201661,-11.685347863847921],[-65.133714284489429,-11.686652717487418],[-65.140884301983121,-11.68613583400497],[-65.142726231565121,-11.685731063707241],[-65.14426217374826,-11.685427458299911],[-65.146514833783016,-11.685326672444866],[-65.14805006651693,-11.68481506329524],[-65.149585420077443,-11.684511421494213],[-65.151634390934746,-11.684502150307155],[-65.154912805589674,-11.684598949188112],[-65.156552372487354,-11.6847027126962],[-65.158806752585889,-11.684899056567257],[-65.161573880548573,-11.685199843732445],[-65.162907440962528,-11.685703168902078],[-65.164755497485345,-11.686717853351739],[-65.165989212159005,-11.68782871418373],[-65.167224189939688,-11.689444819643574],[-65.168050809998221,-11.691264454123649],[-65.168057624564966,-11.692983654090924],[-65.168064569084081,-11.694810239562475],[-65.166946913080906,-11.697235550926338],[-65.16521421268159,-11.699566030217335],[-65.163175566992237,-11.702209089097359],[-65.161949778349623,-11.703114688072791],[-65.160422491416952,-11.705752564461365],[-65.159202878917341,-11.708286962237269],[-65.15767421211585,-11.710516783125586],[-65.15665940370711,-11.71304889185109],[-65.156459447263757,-11.714362379879033],[-65.157290541235383,-11.717404027647149],[-65.158114728445284,-11.718617904659903],[-65.160375131201107,-11.720134488561552],[-65.162425193687085,-11.720432567478095],[-65.164166715589673,-11.720426050348458],[-65.167036103114171,-11.72042664849036],[-65.169186056333373,-11.720118206727669],[-65.171029475235358,-11.719812628660295],[-65.173280520667461,-11.719095498938556],[-65.174816659205902,-11.71869217699744],[-65.17635093669314,-11.718181468745353],[-65.179113486634421,-11.717169696171098],[-65.180544549452307,-11.716352091164083],[-65.182693187987098,-11.715436506670599],[-65.18494289432725,-11.71422189732276],[-65.188216044846456,-11.712898456463618],[-65.190978395906981,-11.71188766163813],[-65.193126364539495,-11.710971976442263],[-65.195784950090101,-11.70965426581559],[-65.197830317821769,-11.708731221249202],[-65.199670995178678,-11.707818401307149],[-65.20539504652848,-11.704472786830324],[-65.207132461559482,-11.703353658700745],[-65.208561454568539,-11.70213686986205],[-65.212341505346402,-11.699397129989677],[-65.214281864713442,-11.697977203348787],[-65.216018528106957,-11.696659073093556],[-65.218881584914726,-11.695438209432508],[-65.221437263073256,-11.694011161691268],[-65.224701917361173,-11.690670701791367],[-65.22572243654561,-11.689756928065519],[-65.22725490219365,-11.688638878811675],[-65.229502673054412,-11.687215851524902],[-65.233180562230743,-11.684783842016611],[-65.234405186469075,-11.683668733363094],[-65.235833870693469,-11.682451786905313],[-65.237160053525585,-11.681029734531053],[-65.238991473237363,-11.677990523338256],[-65.239599550144717,-11.67656490233448],[-65.240308005164891,-11.67434293514809],[-65.240708685737246,-11.672213264873196],[-65.241105283948258,-11.669179383298147],[-65.240578308968892,-11.665637966160443],[-65.240060947812665,-11.664322051414223],[-65.238819417762073,-11.661484635781012],[-65.23748166789278,-11.659969110367232],[-65.236554857023037,-11.658956331321438],[-65.235118141877123,-11.658047226321766],[-65.233680142905186,-11.657136989915591],[-65.23142192564481,-11.656029367129875],[-65.229575808782272,-11.655430128891679],[-65.228036189310245,-11.654721657052864],[-65.22567421492279,-11.653304902503528],[-65.223104950665928,-11.651085740079854],[-65.216323929240247,-11.646038865319042],[-65.214885376495204,-11.644822215114077],[-65.213548762127971,-11.64351453097261],[-65.212416154461337,-11.642095995628754],[-65.211385851130132,-11.640576257911411],[-65.210150205704622,-11.639059994620677],[-65.208606954916959,-11.637345491935148],[-65.207472923064557,-11.635421729631339],[-65.206545017065153,-11.633901377153604],[-65.205410642928811,-11.63198552659501],[-65.203451274741909,-11.628539671862431],[-65.20303597530193,-11.627123671842236],[-65.201179847882912,-11.623992545333159],[-65.199839370589643,-11.621663109427974],[-65.199208992804884,-11.617716683386442],[-65.198686313751011,-11.614990276312268],[-65.198677130117872,-11.612755899706201],[-65.198663590414242,-11.609419604315045],[-65.198655753809732,-11.607491522094485],[-65.198650610697186,-11.606081060855741],[-65.19884740033423,-11.604152917674563],[-65.200877498847106,-11.599594230141379],[-65.201794679692313,-11.598581840197912],[-65.203735233843219,-11.59726166270632],[-65.20739799474795,-11.591384584184908],[-65.208413643511506,-11.589458412681861],[-65.209532800332653,-11.587638994933657],[-65.211059939568642,-11.585409167605333],[-65.211565027892973,-11.583884969512088],[-65.211558420610118,-11.582167159273636],[-65.211243367124695,-11.580243232179413],[-65.210519930640729,-11.578522897207607],[-65.210001608207662,-11.57690871420504],[-65.209585709507706,-11.575384339541616],[-65.208858229913986,-11.572758785803712],[-65.207824911249602,-11.570326041469865],[-65.207303674477629,-11.56810726258705],[-65.206990534906737,-11.566582294721513],[-65.206364912493768,-11.563756129959939],[-65.206454083060905,-11.560509868657338],[-65.207060725303819,-11.558586201413167],[-65.207770475103857,-11.556869870600767],[-65.208788418880417,-11.555350619589339],[-65.209498757227252,-11.553923597028669],[-65.210820330249433,-11.55159677308102],[-65.212244930400956,-11.549467106200233],[-65.212956465053509,-11.548149696673857],[-65.213666161073135,-11.546532819916154],[-65.214373849027936,-11.54440175952362],[-65.214673395748491,-11.54248106791497],[-65.214665635134054,-11.54055542754598],[-65.214453664824518,-11.538640047038088],[-65.213930783691154,-11.536103839632954],[-65.21320538944056,-11.533876225821501],[-65.212070043350536,-11.531553861849439],[-65.210731316371323,-11.529630492158587],[-65.209804722595152,-11.528319440514094],[-65.208879955972307,-11.527306716019222],[-65.20621015777769,-11.525287233185088],[-65.20456875860134,-11.524479875567543],[-65.201593377525512,-11.522662164188047],[-65.200052951243336,-11.521455266692543],[-65.198821285804755,-11.520544885037383],[-65.197380039740054,-11.518522615500935],[-65.19531837275963,-11.514779508020892],[-65.193772336931261,-11.512252710767067],[-65.193043857744783,-11.509113174494102],[-65.192833466780428,-11.507695068264642],[-65.192724168093548,-11.505878600584376],[-65.192191376158405,-11.500710669055898],[-65.192182451419072,-11.498387381198537],[-65.192273811075594,-11.49555613550636],[-65.19308369698949,-11.493324136325782],[-65.193691711255966,-11.491808620774508],[-65.194908105480664,-11.488866862788054],[-65.195924648582164,-11.487049507828397],[-65.1977599085142,-11.485422845056315],[-65.199292265019409,-11.484712121515772],[-65.202766744289249,-11.483386540113829],[-65.205732356662523,-11.482780326991183],[-65.208185730086868,-11.482061841164541],[-65.211969079720049,-11.481347870595272],[-65.214219315878935,-11.481046358388138],[-65.217289153929542,-11.480937689303843],[-65.220768045406984,-11.480931620081364],[-65.223224870811364,-11.480925964028916],[-65.228137249313065,-11.481125880963246],[-65.230593933702494,-11.481120137137117],[-65.232026553321234,-11.481116022284404],[-65.235399199129134,-11.480097864790091],[-65.240816101946351,-11.478464958115099],[-65.243474704651831,-11.477960634342681],[-65.247155361220962,-11.47713929062564],[-65.24981305224334,-11.476426971848168],[-65.25492275475942,-11.474596699242872],[-65.25778100871301,-11.473069454813245],[-65.261356633233476,-11.471651873834206],[-65.262889919674578,-11.471139556958107],[-65.264729540878633,-11.470633242455275],[-65.268105263199047,-11.470420217544897],[-65.269946135164659,-11.470112725833026],[-65.272401416193958,-11.469908739995885],[-65.275880132364065,-11.469793253701992],[-65.280990764486717,-11.468370261358734],[-65.282522330994524,-11.467758371563177],[-65.286905988352402,-11.463901308787708],[-65.288331331568855,-11.462285502617924],[-65.289040844545227,-11.460760086236094],[-65.289544873351019,-11.459037093870183],[-65.289845927600567,-11.457723303279378],[-65.290344369101419,-11.454789034012306],[-65.290537977019909,-11.452255576208582],[-65.290830152822295,-11.448915849855888],[-65.290920086024272,-11.446184197921085],[-65.29111367822523,-11.44365077121196],[-65.29150254724405,-11.438999749950041],[-65.291692457451447,-11.435659603137626],[-65.29198997340346,-11.433632893085054],[-65.292693185019374,-11.430696294904372],[-65.293599017443611,-11.427350524255264],[-65.294305332515762,-11.425227462986154],[-65.295108181835204,-11.421684631126894],[-65.295604075594227,-11.418143761658925],[-65.297110035718958,-11.411764989106388],[-65.298116254723126,-11.408010764493014],[-65.298613723130771,-11.404877833668289],[-65.299113988122784,-11.402350510044426],[-65.301207536301405,-11.390295096228696],[-65.301297951190222,-11.387663096213872],[-65.30179213909301,-11.383716784239775],[-65.302488082195623,-11.379370375105603],[-65.302880113328484,-11.375524184886684],[-65.303675082848258,-11.370353552351249],[-65.304176639881121,-11.368133645518],[-65.30477292469071,-11.364385633769496],[-65.3054686507067,-11.359830325343554],[-65.305964143157084,-11.356389175146356],[-65.306146634245493,-11.351533286451815],[-65.30694956644848,-11.348189630030472],[-65.308258209398858,-11.343430526252995],[-65.309472001006625,-11.340488724575129],[-65.31017872631908,-11.338565842911997],[-65.311089004526053,-11.33624172078231],[-65.311791907168313,-11.33350544293752],[-65.312391050898526,-11.330271619053555],[-65.31267954136311,-11.326218479806521],[-65.31266264572487,-11.322575164460664],[-65.312649975113729,-11.31974525118143],[-65.31263498997545,-11.316499623743244],[-65.31282715348226,-11.313876288658069],[-65.312819537137642,-11.312050702654515],[-65.311679184728277,-11.308716319750799],[-65.310957833038202,-11.307403703769376],[-65.309930707385334,-11.306392424000956],[-65.308391595553033,-11.305286137548862],[-65.306546358494316,-11.304274436950619],[-65.305010539920829,-11.303773631312392],[-65.302963761813857,-11.303268168240418],[-65.30081276084583,-11.302467366029546],[-65.299481413995537,-11.301964087701188],[-65.294261221591427,-11.300759092011397],[-65.289967062656032,-11.300763675845641],[-65.287922774458423,-11.300874866666261],[-65.28362960195625,-11.301187719981213],[-65.278823267888228,-11.30108909685341],[-65.277389840000737,-11.300587444996093],[-65.274520685766092,-11.299177434587673],[-65.271857483947798,-11.297972838799829],[-65.271339979981335,-11.296450971806831],[-65.270095478253751,-11.292412161998884],[-65.270087865664649,-11.2907944975888],[-65.270284929820463,-11.288966572333777],[-65.271499850404922,-11.286233090604295],[-65.273737927630549,-11.283698831924788],[-65.27557375872604,-11.282787019822754],[-65.277515026323911,-11.282478906697396],[-65.280681576003815,-11.28176205894604],[-65.282827368082266,-11.281558801493025],[-65.285894159859424,-11.281548544200824],[-65.288960923220714,-11.281445608026544],[-65.291515866846765,-11.281132356796974],[-65.296318789192128,-11.280714437652097],[-65.298976269734212,-11.280617338596146],[-65.302450140873674,-11.280094761032718],[-65.305924192933631,-11.279689608953429],[-65.308171952855957,-11.279379244298724],[-65.317770172568999,-11.276727188059407],[-65.319196599844688,-11.275709186355561],[-65.32062189065482,-11.274392953297037],[-65.322955192143169,-11.270437603906878],[-65.323866443642203,-11.268522585407021],[-65.325083625351255,-11.26649374758685],[-65.325689646922072,-11.264869901907204],[-65.327105693053809,-11.261628798155488],[-65.329834767700419,-11.254949594268462],[-65.330337349579125,-11.253227029554195],[-65.330842021018427,-11.251711175079519],[-65.33154187352271,-11.248369717815917],[-65.332646697951191,-11.244118555068026],[-65.333448743584853,-11.240774202828566],[-65.333948873506927,-11.238546750808775],[-65.334753848873675,-11.235709589803648],[-65.336066658525553,-11.232270432001988],[-65.336460674134145,-11.229030460301026],[-65.336752910721486,-11.226098415384271],[-65.337347956167847,-11.222151173195765],[-65.338143062303871,-11.217289953955587],[-65.339023973910258,-11.208992109096863],[-65.339012911500419,-11.206668704695346],[-65.338988472456123,-11.201507996912131],[-65.338968596441973,-11.197258828465404],[-65.338858704199552,-11.195634160385419],[-65.337917437247526,-11.190888437411681],[-65.33708671140792,-11.188158197138687],[-65.336464065001564,-11.186130286097065],[-65.33573858302691,-11.183905389257076],[-65.335219701279001,-11.182292465260954],[-65.333778039775538,-11.179966086564093],[-65.332034973021123,-11.178555435119591],[-65.330497770655981,-11.177648313498995],[-65.326811032248884,-11.175840280777187],[-65.325069795217942,-11.175034973372705],[-65.32322861770534,-11.174529614598791],[-65.321695404278628,-11.17453503273545],[-65.316690775862298,-11.174846369001449],[-65.314749018055707,-11.17484759362657],[-65.313113545339519,-11.174654816123621],[-65.311069708411523,-11.174657792061868],[-65.30882104074972,-11.174562666416788],[-65.30636776519232,-11.174359265669278],[-65.304323120299699,-11.174063994632306],[-65.301868705152813,-11.17366288721421],[-65.299412139108085,-11.17275575508569],[-65.298283460704198,-11.171645879922609],[-65.297254220900612,-11.169929967136888],[-65.296530810663285,-11.168209851948104],[-65.29498445539862,-11.164980340954912],[-65.294772337065496,-11.163364286924987],[-65.294762818202457,-11.161132522583227],[-65.29556645154328,-11.158095947446409],[-65.296067865455868,-11.156076682496975],[-65.296774629855364,-11.154153250468541],[-65.2978925525356,-11.15273207053179],[-65.299929698083417,-11.151411201548276],[-65.301356905906843,-11.150701847358095],[-65.302579372738421,-11.149992661550213],[-65.305130794221526,-11.149381140953285],[-65.30860452691438,-11.149275313907772],[-65.310035996647272,-11.149567690170466],[-65.313003841690715,-11.150578668596102],[-65.314950589506836,-11.151887586084889],[-65.316280963811892,-11.152389519489759],[-65.317919095908351,-11.153097276071817],[-65.319351047314797,-11.153499142653823],[-65.321088906122142,-11.153590678734448],[-65.323641066224639,-11.153284999679048],[-65.326800925575682,-11.151554490444457],[-65.328019459727429,-11.150033104172435],[-65.328626867976453,-11.148716735189964],[-65.329334200084091,-11.147100414157391],[-65.329727441906272,-11.14386088241247],[-65.330123674669579,-11.141027941311448],[-65.330417304647327,-11.138395589120359],[-65.330820152142707,-11.136982310810518],[-65.331628573223099,-11.135057019644186],[-65.332944022611059,-11.132423663600488],[-65.33446465556942,-11.12988722644776],[-65.335672987744715,-11.126043851406495],[-65.337187013467101,-11.122196229730804],[-65.338504219927401,-11.119868943339355],[-65.339211165516787,-11.118243626412935],[-65.339817590631029,-11.116827908006023],[-65.340205547864954,-11.11247722947439],[-65.340088285745836,-11.109243461467615],[-65.339978320342951,-11.107517371615437],[-65.339659087461584,-11.104792040463416],[-65.339137285067366,-11.102464456504617],[-65.338715864348927,-11.099631397779271],[-65.338504279496732,-11.098116059935561],[-65.337368457769628,-11.095487598711577],[-65.33623867145316,-11.094179309540397],[-65.334596373297771,-11.092361647405735],[-65.33326114001261,-11.090846893225866],[-65.331516659505525,-11.089129265733744],[-65.330284229640014,-11.087613828985976],[-65.328435150736013,-11.085398830308751],[-65.327102014108618,-11.0841844410624],[-65.325153563021246,-11.082468104543606],[-65.323819993024017,-11.081161097820365],[-65.321562274461201,-11.078834650008737],[-65.317870026802865,-11.075409599839624],[-65.314897995517015,-11.073188222133364],[-65.312848461244101,-11.071671208643183],[-65.309264950295542,-11.069655842420099],[-65.307318689224616,-11.068445289461321],[-65.304248610281519,-11.067038634874805],[-65.301176481295187,-11.065224274536579],[-65.298104994658985,-11.063412127939692],[-65.296364917291911,-11.06250620873778],[-65.294114951254969,-11.061795490721286],[-65.292479939770544,-11.061505465863464],[-65.289719148665441,-11.060800195206518],[-65.287879240229216,-11.06040188853709],[-65.284507527553998,-11.060000794988971],[-65.281337892870368,-11.05919973918399],[-65.278782012451529,-11.058592413167846],[-65.275816628216035,-11.057590110191764],[-65.273157914560244,-11.056784605286051],[-65.270806276155852,-11.056084435518098],[-65.267943671137786,-11.055478887750668],[-65.265999610794367,-11.054575119181333],[-65.264465019894956,-11.053768171767405],[-65.262517036875693,-11.052150696974488],[-65.261388567376031,-11.050843207763819],[-65.260153468840087,-11.048513258996506],[-65.258711369084196,-11.045689972925604],[-65.257990748238825,-11.044377702871166],[-65.257269388937431,-11.042856525421357],[-65.256548104817895,-11.041345511936232],[-65.255929508516886,-11.039824833310675],[-65.255513612430477,-11.038112066272706],[-65.255401118907855,-11.035681496087683],[-65.255496168372233,-11.033964465598809],[-65.255582351423243,-11.030321020859544],[-65.255675459337041,-11.028296866424125],[-65.255874010402067,-11.026884109537054],[-65.257487842390233,-11.022224029276307],[-65.25860362665604,-11.020605754897804],[-65.259819642606274,-11.018279972822642],[-65.261951967940263,-11.015540880799128],[-65.264080115256377,-11.011995554577238],[-65.265904136981717,-11.008760383453644],[-65.268545870604086,-11.005818233615537],[-65.270071495708649,-11.00440177054705],[-65.271087655886618,-11.003389335451983],[-65.274242848095355,-11.001253557523031],[-65.276785076994088,-10.998824602370235],[-65.277492884296905,-10.997300299691949],[-65.277894612759539,-10.995788078837133],[-65.278191530994647,-10.993661121040718],[-65.277566589002646,-10.990731466235944],[-65.276333001623271,-10.988809454824152],[-65.274894609555929,-10.986689991092581],[-65.273457855412246,-10.984978138023259],[-65.271714326764126,-10.98316092378561],[-65.270483499357255,-10.981744740764983],[-65.265664584500769,-10.976902459927411],[-65.263717025077582,-10.975077434702968],[-65.261768248065707,-10.97296447576387],[-65.260437150548555,-10.971956491407079],[-65.258594497279745,-10.970645664851936],[-65.256963425659265,-10.969404655242375],[-65.25458931330266,-10.964647618660804],[-65.252326954511986,-10.962130055205622],[-65.250376343383806,-10.960413360232373],[-65.248326491253195,-10.959014537274713],[-65.238183078913622,-10.952894566572148],[-65.236338565180631,-10.951691984786475],[-65.23511003938529,-10.950989232205346],[-65.233059621517597,-10.949581248834781],[-65.230596039765558,-10.947363931179835],[-65.229352028179633,-10.944538573416274],[-65.229133556223516,-10.942417228597202],[-65.229930109027492,-10.939580715424059],[-65.230634307114201,-10.938165132598778],[-65.231541192646333,-10.936548482214864],[-65.233464094370831,-10.93431712511504],[-65.234679433199915,-10.933094903155274],[-65.236709455284597,-10.93156627905209],[-65.240256806303393,-10.928316774772204],[-65.245836118543338,-10.923845615986332],[-65.248474166309734,-10.921815274852616],[-65.253333170762588,-10.916537722719278],[-65.255545088119504,-10.911973020854377],[-65.255637579891157,-10.910562307973073],[-65.255615813240695,-10.90742717098521],[-65.25539966431495,-10.905712407950022],[-65.251733159971721,-10.891878796410104],[-65.251403254162824,-10.888549203943345],[-65.250309498568924,-10.878033946626561],[-65.250168835710596,-10.87247923746156],[-65.250145769463131,-10.869145608332483],[-65.250503600391937,-10.861969038036822],[-65.251089101613942,-10.858224191413413],[-65.252076437858619,-10.853570381031238],[-65.257159726008595,-10.836972533207724],[-65.258457718355643,-10.833021352904467],[-65.259361672733803,-10.831097815372098],[-65.26117523861231,-10.828062364696743],[-65.262286596985291,-10.826643276348795],[-65.263904204715033,-10.824613720139777],[-65.265424405982614,-10.823388507864571],[-65.266943406842344,-10.821865276543784],[-65.270794285351442,-10.818721158788687],[-65.279205195126025,-10.811502656268987],[-65.281117313571968,-10.807954015813817],[-65.283335520142984,-10.804607767424089],[-65.286062561861783,-10.801058502184164],[-65.288687896569172,-10.797509863729333],[-65.294042245582133,-10.790818254449491],[-65.296371520420578,-10.788681316081878],[-65.299821995879569,-10.786542854300247],[-65.303171901895411,-10.784705241335157],[-65.307028752969131,-10.782363148457602],[-65.309361120385134,-10.780732891655969],[-65.311895965020966,-10.778802183405782],[-65.313722026183839,-10.777681963532258],[-65.31565066473344,-10.776561067033235],[-65.318491924791545,-10.774825845301644],[-65.321826571877807,-10.770872755820017],[-65.32313429837167,-10.768537897250638],[-65.324635013424754,-10.764693773478152],[-65.325736651569017,-10.76206340127206],[-65.326337462561284,-10.76063953255049],[-65.328556916565276,-10.757501853478029],[-65.330678264983376,-10.754960776742708],[-65.331280827343022,-10.753743455853359],[-65.33197827643184,-10.751524335367403],[-65.3307129749968,-10.745865300233755],[-65.329174325760022,-10.744561520453571],[-65.327227136696706,-10.743053839641881],[-65.324355052800485,-10.740544223846213],[-65.322913608273979,-10.738525309315852],[-65.322189592536688,-10.737114620053285],[-65.321963080150837,-10.733982833156341],[-65.32195244394633,-10.732573167780542],[-65.322537885988112,-10.729036582098166],[-65.322832247565415,-10.727516595222497],[-65.32362391650851,-10.724275538158722],[-65.325800101877377,-10.715375408312454],[-65.326674322680006,-10.709613595581137],[-65.326845720389713,-10.705167888116984],[-65.326612530121963,-10.701124383273365],[-65.325976960410102,-10.697897262058277],[-65.324300784996439,-10.691636435135338],[-65.323566944114589,-10.688915612605554],[-65.322930804879846,-10.685482018495867],[-65.322196198235545,-10.682553563003783],[-65.321666232118943,-10.679831452330454],[-65.320827884733049,-10.676696033651055],[-65.320301127375231,-10.674280899041248],[-65.319978872418972,-10.672054048513891],[-65.319966220605579,-10.670337571188965],[-65.32104346350522,-10.66437627652356],[-65.321961848172734,-10.650729572432965],[-65.322351350469447,-10.648305215568282],[-65.323137984391849,-10.644459734888871],[-65.323625199176988,-10.641420853346254],[-65.324409891314104,-10.637376807403513],[-65.325101630386854,-10.634542016206854],[-65.32619260284909,-10.630503916991909],[-65.326993836948546,-10.628573488816446],[-65.32890961645721,-10.625944032470592],[-65.332348160530515,-10.622686206858974],[-65.338937940302472,-10.618619975149473],[-65.340965304454457,-10.617290839782033],[-65.343398130106536,-10.615767173665651],[-65.345224474122304,-10.614746270341019],[-65.346439117941884,-10.613832087132094],[-65.348566832663408,-10.612302485215725],[-65.352933058245767,-10.610561656003823],[-65.360061948699894,-10.610525461774854],[-65.363526700677738,-10.610816007700491],[-65.366074798934989,-10.611107002720344],[-65.371978599981617,-10.610568540933736],[-65.376649543076283,-10.608824025484775],[-65.378271344288081,-10.607804218745036],[-65.379482171255617,-10.606283895434387],[-65.380486698949369,-10.604459157843072],[-65.380984903124542,-10.603044094516592],[-65.381273066228729,-10.600720934479739],[-65.38114949487634,-10.597887137757054],[-65.380007813160162,-10.595072668536828],[-65.379587406674275,-10.593450580953055],[-65.379268750363053,-10.591738662589028],[-65.379143437404778,-10.588607018120753],[-65.379735001787495,-10.586081005480027],[-65.380735086225272,-10.583650404137266],[-65.382641375645079,-10.580001754503533],[-65.383641394147318,-10.57757116421462],[-65.384136126197504,-10.57575108840507],[-65.38483327655112,-10.573622719076299],[-65.385229600870602,-10.572209540483522],[-65.385617285053343,-10.569677068968462],[-65.385809913575912,-10.568267541328824],[-65.385897923014184,-10.566450257354335],[-65.38588526594495,-10.564834514094843],[-65.385365001064343,-10.563322653885738],[-65.384741654951057,-10.561704302627033],[-65.38248698926715,-10.559794634447643],[-65.380036577003935,-10.559006734287989],[-65.378507141341046,-10.558606370555099],[-65.376873978405925,-10.558108529894231],[-65.375645992594983,-10.557308925547069],[-65.374103590189179,-10.555292815418349],[-65.373685316151068,-10.553878429093444],[-65.373264177777656,-10.552068015254923],[-65.372835026315585,-10.549237639896742],[-65.372618828246587,-10.547524022867023],[-65.372589703510627,-10.5436867584901],[-65.373386263703964,-10.541359290560719],[-65.374488783243805,-10.539026378788575],[-65.376696057146958,-10.534778025233235],[-65.377999542322883,-10.532147016820653],[-65.379093003506384,-10.528705057533903],[-65.379782444538748,-10.525664138575394],[-65.380069244819992,-10.523240880116555],[-65.380258905892063,-10.52142417923862],[-65.380648142174422,-10.519100660320793],[-65.381242802249929,-10.516972076786653],[-65.381843917225964,-10.515756229356219],[-65.384468853528858,-10.512813916009595],[-65.386895153611661,-10.510685286967178],[-65.3890224130013,-10.509354101605608],[-65.390336446715025,-10.508140149433563],[-65.392056971220001,-10.50681397142122],[-65.394072404957399,-10.504174731342681],[-65.395081977650932,-10.503062129492056],[-65.39578332030537,-10.501647010929068],[-65.396478118895956,-10.499319188517935],[-65.396464069192163,-10.497496046249951],[-65.396448952340805,-10.495581529945676],[-65.396333724033212,-10.493859506181792],[-65.394981725577267,-10.490035051961643],[-65.393644002367594,-10.488225517154223],[-65.390774689916242,-10.485708901517691],[-65.389339390251095,-10.484405458688554],[-65.388105313098734,-10.482693352825267],[-65.387077142834784,-10.481286714393997],[-65.386145916616769,-10.479372850509524],[-65.38521257688538,-10.477152132908424],[-65.385194486605087,-10.47473227315376],[-65.385788403790883,-10.472604972677745],[-65.389402401425585,-10.4660233336816],[-65.391113678170825,-10.463586070188047],[-65.392423992279149,-10.461966083366914],[-65.394442643998403,-10.459832438897335],[-65.395653144093217,-10.458411681906799],[-65.397369852167586,-10.456688484675093],[-65.398379862126518,-10.45567523174166],[-65.400097077513365,-10.454051293550403],[-65.402516712831087,-10.451100315248704],[-65.403522842848801,-10.449583919830264],[-65.403904104363676,-10.446348034110681],[-65.403891314688124,-10.44463222485782],[-65.402335319856704,-10.440802787955791],[-65.400282195340807,-10.438494110034481],[-65.399761438669813,-10.436982623506381],[-65.399338854273452,-10.43496506837327],[-65.398916547314187,-10.433046791594313],[-65.398595822039852,-10.431027420849846],[-65.397258470769472,-10.429117695305926],[-65.395620495952059,-10.427807922864535],[-65.394089373300972,-10.427210368065795],[-65.392053144304839,-10.427023501545877],[-65.390424547799014,-10.427031248283402],[-65.387786621018662,-10.427951731315716],[-65.385958708199993,-10.428366918029498],[-65.383720970188065,-10.428579560030702],[-65.382297371012754,-10.428693017870337],[-65.380058214730852,-10.428598785122725],[-65.378324147529128,-10.428002486986664],[-65.376179903138762,-10.427003960249358],[-65.374332542015793,-10.42499150563509],[-65.372687536370577,-10.42277800489452],[-65.371760653701429,-10.421270356705833],[-65.370728730344879,-10.41935843327121],[-65.36979934402224,-10.417543964206544],[-65.365178893076347,-10.412012466322233],[-65.363639240014251,-10.410302483283482],[-65.362713990119218,-10.408994484211741],[-65.361888415130764,-10.407388009113237],[-65.360853168052188,-10.405068877526189],[-65.360334293733473,-10.403755906497198],[-65.359299226005135,-10.40143678094114],[-65.358677085972573,-10.399827827901666],[-65.357845439388441,-10.397507353311301],[-65.357224239107467,-10.396095807471609],[-65.355878444810628,-10.392976737321796],[-65.355042078297558,-10.38995242300547],[-65.354311811856732,-10.387532034307442],[-65.353271207962052,-10.384500077026386],[-65.352232224166514,-10.381576408979118],[-65.351711315261525,-10.379966819432163],[-65.351287455387521,-10.37765046005325],[-65.351063747250393,-10.375025965970218],[-65.35113822657344,-10.371387698316898],[-65.352136237770225,-10.368759632006334],[-65.35354172989905,-10.36622699729365],[-65.355252019091381,-10.363790468187366],[-65.357164049492795,-10.360955545095795],[-65.358169430894506,-10.35942946801004],[-65.360277411072389,-10.355688607171487],[-65.361377149205452,-10.353160275385855],[-65.362275266453807,-10.350929948715571],[-65.363170203690132,-10.348195457862642],[-65.364066921362181,-10.345766635176936],[-65.364463517453331,-10.344355184796617],[-65.365161054320779,-10.342434149647165],[-65.365247027983756,-10.34041119736021],[-65.365226388929386,-10.337686272506685],[-65.364904807722837,-10.335469813874152],[-65.364282181578218,-10.333849791943358],[-65.363081474488567,-10.331706912330752],[-65.360685676620818,-10.328922356281016],[-65.3586367539273,-10.327011847507476],[-65.356798177499982,-10.32591990281276],[-65.354652920450945,-10.324615685720545],[-65.351587873377369,-10.32271413917195],[-65.348722833178897,-10.32050444280984],[-65.345960111069601,-10.318193657118332],[-65.343604913557286,-10.315987301640048],[-65.341556437217477,-10.314077792046112],[-65.339711699085768,-10.312163543715776],[-65.334884770576522,-10.305731491951638],[-65.329812264731288,-10.29363363085106],[-65.328779413288004,-10.291423068690239],[-65.327133696766197,-10.288904102260336],[-65.325595237218792,-10.287096087461922],[-65.323648108801748,-10.284986216679304],[-65.322418607126167,-10.283779558870066],[-65.32088494260185,-10.282575999032218],[-65.319044898930798,-10.281276297837659],[-65.317413353228162,-10.280570713107492],[-65.31567563558923,-10.279369570276167],[-65.314045483759926,-10.27887146724018],[-65.312719990460366,-10.278378153001441],[-65.310681132257812,-10.277677401443485],[-65.308233160687166,-10.276581149704336],[-65.305470953659892,-10.274271128350055],[-65.303520144093582,-10.271654764018498],[-65.302492440194584,-10.270148988723575],[-65.300741012277442,-10.26692572575857],[-65.298986940091652,-10.263396858637799],[-65.297748787076671,-10.260881949846103],[-65.296304503557437,-10.257962366210618],[-65.295166547737949,-10.255239322234218],[-65.294431365668373,-10.25200511035915],[-65.293492414317981,-10.248685374849352],[-65.292552643481883,-10.245256270556123],[-65.291508024163832,-10.241322629340425],[-65.290466070836615,-10.237794971457809],[-65.289319924112661,-10.233862016866759],[-65.288591381808203,-10.231541306392797],[-65.287650566520469,-10.228013056820444],[-65.287232239984249,-10.226301610916835],[-65.286294607886305,-10.223171441492534],[-65.284852811945541,-10.220459456582383],[-65.283515283166736,-10.218244121502327],[-65.281668885983777,-10.215824502352053],[-65.279618499848041,-10.213408416043798],[-65.274896137710925,-10.206875100306529],[-65.274173206829488,-10.205258070479944],[-65.27304033471232,-10.203148573389198],[-65.271806470350981,-10.201129920849452],[-65.27026336810421,-10.19851893665882],[-65.268102197276349,-10.194785308433922],[-65.267277639594127,-10.19307984187094],[-65.266655680792823,-10.191459942478049],[-65.266542515960765,-10.189747796944468],[-65.266530354003109,-10.188032772615767],[-65.266920751024912,-10.185810078451798],[-65.267720396923821,-10.183889295008603],[-65.268517367171754,-10.181661824882113],[-65.269311591860316,-10.178938236630025],[-65.269896966977228,-10.175503328084327],[-65.270559456929405,-10.168629980856936],[-65.271042370960359,-10.164997322489498],[-65.271743347494478,-10.163574466769859],[-65.272639232438181,-10.160949544550926],[-65.274242548023508,-10.157811674946903],[-65.275550620076231,-10.15598586881808],[-65.276654615074861,-10.15406211772774],[-65.278260352007379,-10.151232057516786],[-65.27915792905354,-10.148804472611969],[-65.281441971940495,-10.141429622789184],[-65.281931050630732,-10.138798308222279],[-65.282699856480178,-10.132638418216748],[-65.282680995502247,-10.130012602496807],[-65.281951559948197,-10.127393535044344],[-65.278439891417889,-10.119335008403286],[-65.277818913920981,-10.117824722183757],[-65.277395640116794,-10.11540220726382],[-65.277575507103236,-10.112170911092454],[-65.278064006097082,-10.109341320957439],[-65.278246597255659,-10.106515922465258],[-65.278436095597471,-10.104592445193001],[-65.278823162193532,-10.1018740189522],[-65.279108471961223,-10.099146098912732],[-65.279090932416906,-10.096718864244432],[-65.279166753996833,-10.093081336295333],[-65.27914590169307,-10.090159217434492],[-65.279021059627311,-10.08683190402386],[-65.277955783741376,-10.079967135704631],[-65.277416908005932,-10.075533146018204],[-65.27697818522519,-10.070991462828172],[-65.277053466783045,-10.067354113772058],[-65.290705930115351,-10.059092350673847],[-65.2931140684898,-10.054946479344805],[-65.295126249900733,-10.052310370541358],[-65.297248376405392,-10.050892191192116],[-65.298460012273395,-10.049878882723439],[-65.30229467524768,-10.046521996772599],[-65.305318345972225,-10.043378819700948],[-65.306926660316194,-10.041054123775199],[-65.310244190677622,-10.036393927548815],[-65.312653973283901,-10.032644791619468],[-65.314257060567343,-10.029616692965469],[-65.31585237552838,-10.025567338418902],[-65.317738096701234,-10.019605409458762],[-65.318312681215517,-10.014862701755193],[-65.318588732934543,-10.011027146134426],[-65.318147469171663,-10.006178378773292],[-65.316980134404659,-9.9993245276832088],[-65.316449377104519,-9.9961999464647526],[-65.315402775523083,-9.9918624693187521],[-65.314460590794667,-9.9880282026412157],[-65.313612269223498,-9.9830943488427586],[-65.313087368197287,-9.9806731759018099],[-65.311419265494365,-9.9746287821773514],[-65.310177355654389,-9.9714018387274166],[-65.309556374280291,-9.9697928804527489],[-65.308928874385018,-9.9672743574608837],[-65.308031429684988,-9.9637465354952557],[-65.307942526185968,-9.958850829461154],[-65.308529333283815,-9.9558139527977865],[-65.309212834416542,-9.9521813512973996],[-65.311192961617579,-9.9454149490346602],[-65.313978894708626,-9.9378386661020066],[-65.314974837224966,-9.9354123773662906],[-65.317272322527415,-9.9304552746376089],[-65.318366214792405,-9.9274231347082278],[-65.319448472726251,-9.9227850281210515],[-65.319827701499008,-9.9191478308661232],[-65.320012911973436,-9.9167279936263704],[-65.319983010124872,-9.9126967798064083],[-65.31992907491879,-9.9053286487688723],[-65.319906620096134,-9.90220922422162],[-65.319877945974056,-9.8982772907228327],[-65.319445505641227,-9.8946466618847388],[-65.318810222103707,-9.8910185010539635],[-65.318182703513671,-9.8884992597746511],[-65.317663922132482,-9.886891046434652],[-65.316631287362384,-9.8843755739969286],[-65.315187573665327,-9.8811516553345964],[-65.312205700412463,-9.8756161607670716],[-65.309951463799294,-9.8724008734594637],[-65.307590653970436,-9.8685833564319321],[-65.305744611258817,-9.8657700074136905],[-65.304616481061572,-9.8640575621129205],[-65.299700952989255,-9.8575236355873148],[-65.296836502025528,-9.8541150117543879],[-65.291322388516051,-9.8487951114480285],[-65.288370402387741,-9.8472993102693831],[-65.285616699497922,-9.845090025314116],[-65.283265705300707,-9.8424792549128419],[-65.280805406516421,-9.8387603189579345],[-65.279472507246808,-9.8367527509008408],[-65.275879059096837,-9.8305122690641564],[-65.274947300328378,-9.8278970681359965],[-65.273603475313934,-9.824176777317847],[-65.272774720974951,-9.8217592756940846],[-65.272459890006928,-9.8202467874177852],[-65.272027366962831,-9.8164194186419422],[-65.272006583456061,-9.8134886969521045],[-65.272397011761669,-9.8113746068560381],[-65.273779263085729,-9.8061229274621162],[-65.274778895298411,-9.8041019466413513],[-65.276981506891772,-9.8001578727500007],[-65.277884834428832,-9.7989420270533838],[-65.279692486571832,-9.7965159596580964],[-65.28190775511159,-9.7942856276082697],[-65.284325234291103,-9.792152031308067],[-65.286547108375387,-9.7909413466506408],[-65.290384568958572,-9.7888020742302224],[-65.294120513702055,-9.7867647924864052],[-65.297047501193859,-9.7849331781041222],[-65.299266501193031,-9.7834136594386383],[-65.303112466088621,-9.7806397651673045],[-65.317946508079459,-9.7692012688925161],[-65.323613048887836,-9.7621483983931121],[-65.328185774989024,-9.754292532123003],[-65.331678998678186,-9.747792385789035],[-65.33327333126779,-9.7421148011898708],[-65.334595590664236,-9.7364390547707362],[-65.335662028964336,-9.7331940734465157],[-65.336187950121413,-9.730492320604986],[-65.337256131987402,-9.7275166207954946],[-65.338871828974575,-9.7250769755345576],[-65.340215530281299,-9.7226402504678298],[-65.342106734981655,-9.7207384310604308],[-65.344806519326212,-9.7177519598321904],[-65.347497275622658,-9.7134169928689484],[-65.350198848510203,-9.7107008615672914],[-65.352624611340119,-9.7074469121452793],[-65.355050429489438,-9.7041918272247134],[-65.356871895774177,-9.7016392451089324],[-65.362330826021037,-9.6949695008407737],[-65.365559203509548,-9.689820892768644],[-65.369791032113739,-9.6842903839836936],[-65.372306104422591,-9.6818592530437364],[-65.374111632118215,-9.6794238923478915],[-65.377531676117911,-9.6761800096120201],[-65.381558182227138,-9.6726323138632377],[-65.385080745568999,-9.6695949245022135],[-65.39203787331958,-9.6652148561520548],[-65.402937363592002,-9.6596133198102869],[-65.405762332083455,-9.6580876851019895],[-65.423239084551028,-9.6515428308112874],[-65.427076723689822,-9.6500064426516712],[-65.429295521458997,-9.6487855298568732],[-65.431317548060974,-9.6481686346154998],[-65.433637665052146,-9.6469548494771864],[-65.436159376725143,-9.6455222105256073],[-65.441499958964798,-9.6418696122010026],[-65.443126957302042,-9.6426634602772907],[-65.44376664261614,-9.6466960938255646],[-65.443677467951844,-9.6482005409483591],[-65.44297947137332,-9.6496158239062009],[-65.441874641200144,-9.6508346142450137],[-65.440870252904574,-9.6519535601157802],[-65.439878117450874,-9.6545785015253713],[-65.43940354687895,-9.6586123833916471],[-65.439724872762454,-9.6608270164941423],[-65.441583241975863,-9.6651519322249246],[-65.442514289372781,-9.667568409646293],[-65.443846405442997,-9.6694739910873171],[-65.447205638565919,-9.671476659185485],[-65.451992443952633,-9.6744727998920172],[-65.454533425789535,-9.6754639725064724],[-65.457073576694313,-9.6763571144138645],[-65.459517699239541,-9.6779538649852395],[-65.460946960151006,-9.6792548599110653],[-65.463391716716401,-9.6808515689587971],[-65.470830598925147,-9.6860553602623334],[-65.475503035347003,-9.6874397816025972],[-65.477125794715604,-9.6876296361628054],[-65.479557776204757,-9.687622071514296],[-65.480976421557187,-9.6876162372484096],[-65.483508043844978,-9.6873994881475891],[-65.484612077736472,-9.6860801259474876],[-65.485003530426368,-9.6843637993888834],[-65.485288445967981,-9.6820433095585194],[-65.485783203837542,-9.6806326550681998],[-65.487395269485745,-9.6795055929221938],[-65.489731640089829,-9.6802026850283553],[-65.491518794182028,-9.6820032790701589],[-65.491802189503787,-9.6856331472243227],[-65.491412250189626,-9.6874497428588935],[-65.490817313411966,-9.6890695768975057],[-65.489232902758076,-9.693612193855266],[-65.488132206843957,-9.6952289882686156],[-65.486924627499761,-9.6963508763439723],[-65.48551038829838,-9.6968625466484539],[-65.48409615977431,-9.6974722186781399],[-65.482736628549972,-9.6991810125743285],[-65.483414357395404,-9.7008062117737222],[-65.486053272978921,-9.7012916244870304],[-65.488282547062468,-9.701277553465518],[-65.489806348790708,-9.7016753277238994],[-65.496094155790146,-9.702346734316718],[-65.498019864692452,-9.702335919035642],[-65.499435563758766,-9.7019232840139011],[-65.501154698444452,-9.7015083967941287],[-65.50267040851412,-9.7009958620163097],[-65.504698782019972,-9.7011813742047401],[-65.505522814811457,-9.7027964107763331],[-65.505537015691431,-9.7046067199789299],[-65.505272476162105,-9.7093426017136029],[-65.505184576266515,-9.7109587898579086],[-65.505004095618361,-9.7136831182071521],[-65.505023520038819,-9.715999274263396],[-65.50595918577244,-9.7188201317135121],[-65.50718371916436,-9.7199241441985134],[-65.508516022716293,-9.7216323461367296],[-65.508932864557849,-9.7230341471823962],[-65.509051477372168,-9.7251513224459103],[-65.508670560310222,-9.728077760734589],[-65.508378323264893,-9.7294949863237843],[-65.508187524298023,-9.7309047023737438],[-65.508004178597091,-9.7333215875658965],[-65.508019946789361,-9.7352424060109612],[-65.508562828353163,-9.7395726177577728],[-65.507369189329467,-9.742300117749414],[-65.505760597414906,-9.7439220575085805],[-65.504756383006196,-9.7450415236924535],[-65.503156199022669,-9.7476740180263963],[-65.503172591067909,-9.74968389404828],[-65.50319193206316,-9.7520103552753632],[-65.503204537551241,-9.7535166453993174],[-65.504336033777221,-9.7555318094653281],[-65.505464163180349,-9.7571346283486378],[-65.506996612148711,-9.7585429075009973],[-65.50862674305516,-9.7595346996003354],[-65.510661239645842,-9.7604322105663854],[-65.512588431603959,-9.7606184226618584],[-65.513813651149604,-9.7616244593520793],[-65.515760346022589,-9.7641371573818354],[-65.517088541761098,-9.7653305748958239],[-65.518512893381285,-9.7659283599077131],[-65.519827684419099,-9.7656165662758418],[-65.521541547017478,-9.7644984263923078],[-65.52284812501874,-9.7631850266255906],[-65.524559896408761,-9.7617604168001311],[-65.525771155422646,-9.7611519128190967],[-65.527691337619473,-9.7604366681515575],[-65.529711334285423,-9.7596124908372452],[-65.53203707378114,-9.7588918990237783],[-65.532939230406384,-9.7576750140726549],[-65.534832154808612,-9.7537319274105947],[-65.537566510044883,-9.7534126742351805],[-65.53848854694138,-9.7546202681388063],[-65.53911994789361,-9.7573364599633443],[-65.539337212360934,-9.7590564153143387],[-65.539970984457995,-9.7621692126677679],[-65.54049724036156,-9.7643904824073484],[-65.540819083834023,-9.7665051459540582],[-65.541545989266069,-9.76861674423788],[-65.54206997035773,-9.7706307370869716],[-65.542897304873151,-9.7725421533435952],[-65.543619581587095,-9.7740487460586465],[-65.544748333506135,-9.7756592905263542],[-65.548410498166533,-9.7771434980168461],[-65.549832913357889,-9.7775416592588371],[-65.55156031097836,-9.7779374816679709],[-65.552980153661949,-9.7780212786999297],[-65.555311715214245,-9.7780135812929245],[-65.557032160781105,-9.777697306573387],[-65.558857075625667,-9.7776866907495794],[-65.56018272895605,-9.7785824185380825],[-65.561314033934096,-9.7804993435316838],[-65.562240140369539,-9.7821023558500713],[-65.566212967399224,-9.7842948595760237],[-65.568443859602965,-9.7843869430455879],[-65.570675177269266,-9.7851291408777694],[-65.571000785236848,-9.7869914200290946],[-65.571013762096939,-9.7884978101825784],[-65.570621294831156,-9.7900174808591807],[-65.568522206800665,-9.79355600749785],[-65.567418701291032,-9.7948761006577278],[-65.565406908430973,-9.7967012325491662],[-65.563995192306507,-9.7976191716500125],[-65.562181030650166,-9.7989379555651439],[-65.560575530882758,-9.8008669744563495],[-65.559575072966169,-9.8024837269295322],[-65.558876637980973,-9.8038074465954494],[-65.55798611191338,-9.8064318504845005],[-65.557900709645452,-9.80824667237707],[-65.558419531206354,-9.8096557195557459],[-65.559244224515226,-9.8112607423384457],[-65.560069001439032,-9.812874780839616],[-65.562733009127342,-9.8160826674073007],[-65.565172412733645,-9.8167681585880118],[-65.567595626858434,-9.8155505266884227],[-65.569006893938564,-9.8146336616350833],[-65.570717988723132,-9.813108238220142],[-65.571621926929154,-9.8120983741311765],[-65.572827459328124,-9.8107774244736756],[-65.574744185641919,-9.8096560401915305],[-65.57677252069611,-9.8097417212292015],[-65.58114961223427,-9.8117303440513073],[-65.586838642463732,-9.8130100055454008],[-65.59861564223624,-9.8147442634565341],[-65.60034107598031,-9.8148422352008797],[-65.602875069878678,-9.8148233852128737],[-65.603776375722319,-9.8135046434562252],[-65.604366872929049,-9.8114874714107447],[-65.604352404791101,-9.8097736908796733],[-65.604128967912203,-9.807449705826583],[-65.602670717035309,-9.8030306015855242],[-65.602453654611224,-9.8014097183075393],[-65.60244166993057,-9.8000035674952155],[-65.602733397062508,-9.7985927710557288],[-65.604550709179648,-9.7977705142430391],[-65.606882197386568,-9.7976540548032922],[-65.608707512815968,-9.7977410198761898],[-65.611045546769915,-9.7984368790258038],[-65.612470406189487,-9.7990329169841495],[-65.614609702043865,-9.8002261056094557],[-65.616445307833075,-9.801423944944009],[-65.617976246136976,-9.8025239118360172],[-65.619506122939995,-9.8035258460033177],[-65.626639516085987,-9.8076098837859575],[-65.628473503893431,-9.8086093257815374],[-65.630307207655008,-9.8096065019503431],[-65.631833595169823,-9.8102016033670676],[-65.633759383151357,-9.8100903456383222],[-65.635066268092032,-9.80886737337703],[-65.635968004284379,-9.8076476585045569],[-65.636765110610398,-9.80603440095976],[-65.637552644677882,-9.8034104758368787],[-65.637941162828227,-9.8014850151162083],[-65.638412941065326,-9.7975565727651208],[-65.638578655916604,-9.7934165390885131],[-65.638847576974271,-9.7894819060794678],[-65.63932890591434,-9.7866543292395995],[-65.639415091970065,-9.7849398195579163],[-65.639602511848494,-9.7832244985051062],[-65.640375153241649,-9.7788881312920655],[-65.641889398956124,-9.7781682973935506],[-65.643307289506723,-9.7780610581476086],[-65.644736147533592,-9.7790624443717586],[-65.646167595000065,-9.7804626733069888],[-65.648522336955608,-9.7829686452706497],[-65.650369489603037,-9.7854730933026701],[-65.651599716752955,-9.7869819801192239],[-65.65262821853679,-9.7886840570025004],[-65.653853494403194,-9.7895901541519645],[-65.655778626847152,-9.7894764422246343],[-65.657390620358186,-9.788348915568589],[-65.658191806602005,-9.787240393010908],[-65.659185592081371,-9.7850102888140711],[-65.659878602395793,-9.7831894085676723],[-65.659962263160153,-9.7812777381165148],[-65.659640781799297,-9.7793614979433574],[-65.658307257048961,-9.7775549364827157],[-65.657283203692103,-9.7764568258813078],[-65.65575185336084,-9.7752580608670581],[-65.654323525931289,-9.7742556283020434],[-65.652998432165163,-9.7734585413733015],[-65.651976796417401,-9.7725609531333699],[-65.650643495244594,-9.7708535172432605],[-65.650123547104513,-9.769443690516745],[-65.650301706899882,-9.7666197861900308],[-65.65191483435386,-9.7656996601908528],[-65.653432500991684,-9.7653932372784436],[-65.655358798935609,-9.7653798017385682],[-65.662663824062008,-9.7660356091544482],[-65.664286972817052,-9.7662240005745584],[-65.666621288697613,-9.766511330949994],[-65.668135563282505,-9.7658003308674957],[-65.669534174058498,-9.7635669429043386],[-65.670322355616307,-9.7610411226131735],[-65.671417608973144,-9.7588203767953416],[-65.672512043316701,-9.7565895009495147],[-65.673920338218849,-9.7553734537634131],[-65.676550691019116,-9.7548469974687197],[-65.679096390719039,-9.7561430850628525],[-65.681450691088187,-9.7586485605406867],[-65.684017983975991,-9.7622620719699871],[-65.685455110728242,-9.7641655767895497],[-65.688018132634369,-9.7672732116309309],[-65.689959721507222,-9.7689820931835012],[-65.691702166506872,-9.7710802184952232],[-65.695389650139575,-9.7751936344550039],[-65.696525740894401,-9.7775063805692337],[-65.696858054297067,-9.7805233102101763],[-65.696261337447126,-9.7818375895721115],[-65.695576190528129,-9.7857509348130733],[-65.697311952621035,-9.7871550452782561],[-65.699976527357819,-9.7873209354713104],[-65.702554664798996,-9.7859573575750005],[-65.703792650666514,-9.7849148564574389],[-65.70559769137823,-9.7827836409173656],[-65.708623991085005,-9.7811525717147809],[-65.711256641034581,-9.780831819192958],[-65.71389226880251,-9.7808095989937716],[-65.715920447588204,-9.7809028992743929],[-65.717233815197417,-9.7803825051428337],[-65.717483886406853,-9.7785674378261369],[-65.716684598113218,-9.775854213204445],[-65.710645985570579,-9.7696404673042228],[-65.709520893221637,-9.7685446126672222],[-65.707571999379155,-9.7661329009960145],[-65.705701772531384,-9.7612045569874404],[-65.705377205254848,-9.7589910350982212],[-65.70546112093254,-9.7570783040185898],[-65.706053810074764,-9.755457630492911],[-65.707459696170204,-9.7540340588882568],[-65.709368968496563,-9.7522085214437304],[-65.711482766350471,-9.7505795470869856],[-65.712993414962952,-9.7495606761793852],[-65.714401414000264,-9.7483443651263499],[-65.715405540302058,-9.7473320085577075],[-65.716093006775267,-9.7450063589892313],[-65.714622572579287,-9.7394699016139921],[-65.712986180439245,-9.7378658149889787],[-65.709933614144745,-9.7365778467174717],[-65.707702690524187,-9.7364952166170262],[-65.705377481363385,-9.7371085045827925],[-65.703360687823647,-9.7382318129705521],[-65.700542217517153,-9.7403746929821153],[-65.698220396505093,-9.7413946034086045],[-65.696806228845901,-9.7419066652421726],[-65.694883740849164,-9.7423260660174957],[-65.691441164837656,-9.7426555858185679],[-65.689809199390666,-9.7415560159182455],[-65.688581703702354,-9.7407584009203116],[-65.685359195293188,-9.7378220307550958],[-65.684533192296428,-9.7364160483078237],[-65.684248105111436,-9.7345256257432844],[-65.684452782852574,-9.7322142873532869],[-65.685869153602425,-9.7319005932518063],[-65.687196679796315,-9.7330027022642849],[-65.689234230162171,-9.7341969201945435],[-65.690963622398399,-9.7347886709829652],[-65.692479097365705,-9.7342746858972529],[-65.692667005367582,-9.7326597503765768],[-65.692243089448169,-9.7306443247335803],[-65.69141198398043,-9.7284362616820772],[-65.69129129567709,-9.7263191813204717],[-65.691269853719419,-9.7240029957623939],[-65.691554108551571,-9.7218803083682577],[-65.693379346011483,-9.7219676215795854],[-65.694701302668037,-9.7224658319195587],[-65.696119119064235,-9.7223492198433696],[-65.699049087331758,-9.7213242833586797],[-65.700467964589805,-9.7213169151362226],[-65.701789439740693,-9.7217069264374025],[-65.702911059549535,-9.7225143319228966],[-65.704035569643963,-9.7235098560302955],[-65.70628613230447,-9.7258107042167783],[-65.707514720594062,-9.7271208009126333],[-65.708842825117756,-9.7282137407589406],[-65.710575426232495,-9.7293122812308237],[-65.712709596946468,-9.7299083183398878],[-65.714736614855198,-9.7298934683516887],[-65.716557033786685,-9.7294758778880226],[-65.718678491219592,-9.7287560363995986],[-65.720702575392764,-9.72843470411458],[-65.723438928334673,-9.7284193896311475],[-65.726281639872781,-9.7289011116816049],[-65.728925154205797,-9.729787830215809],[-65.731977900622027,-9.7310777477215389],[-65.734729150486132,-9.7326766483361329],[-65.735851880279881,-9.7334748682610623],[-65.738918226401637,-9.7361695221945865],[-65.740752405498569,-9.7372658280617728],[-65.74258753500186,-9.7383711250921898],[-65.743523275203358,-9.740884584003366],[-65.743549004205903,-9.7436064139223326],[-65.743266858063194,-9.7459275477415162],[-65.742695892766292,-9.7498555789114789],[-65.742717596031383,-9.7521820200346205],[-65.74364662334105,-9.7539835282276979],[-65.745074814042155,-9.7548861464683032],[-65.746702629797497,-9.755479448959063],[-65.748121321842277,-9.7554717509271889],[-65.749946022716173,-9.7554594187672556],[-65.752169428864136,-9.7548036624699019],[-65.754886329642446,-9.752660879774913],[-65.755891143464254,-9.7517474563912891],[-65.757494778904501,-9.7498159500757442],[-65.759094477373154,-9.7474890042596645],[-65.760589220378506,-9.7448553813316821],[-65.761283571918682,-9.7432427136481685],[-65.761980675931952,-9.7419274673308305],[-65.763487849411618,-9.7405026628583826],[-65.766312956056794,-9.7391700477366143],[-65.768128877231064,-9.7382461516521577],[-65.769537658419168,-9.7372288950547592],[-65.770950586251018,-9.7366171938591783],[-65.772865479046402,-9.7354929772828385],[-65.774988255574087,-9.7348727992208843],[-65.776603104606949,-9.7341590237314239],[-65.778000099729397,-9.7318247574471677],[-65.778385026251911,-9.729711166552466],[-65.778366518375478,-9.7277903930946366],[-65.778352874915399,-9.7263844599730565],[-65.777824644123513,-9.7241639692044295],[-65.776993501552042,-9.7220554208601584],[-65.776272519093752,-9.7208562314412639],[-65.775340266482857,-9.7187395616338339],[-65.773784616136268,-9.715025162691596],[-65.773359220108418,-9.7130111094198934],[-65.773646015857508,-9.7111947610623961],[-65.775153906707686,-9.709870215338972],[-65.777583449980938,-9.7096518088335184],[-65.781233909817587,-9.7098237404736363],[-65.782559163070829,-9.7106277765667812],[-65.784397596324098,-9.712120162859863],[-65.78521912233559,-9.7132271633592353],[-65.785842564180953,-9.7148338697596781],[-65.786473832436329,-9.7172516786651606],[-65.786493780351265,-9.7192614030233777],[-65.786313911308667,-9.7216897469913661],[-65.785740318695744,-9.725221164921372],[-65.785357340032974,-9.727543164154504],[-65.78447144851765,-9.7302684271392312],[-65.783387300508736,-9.733401038671186],[-65.782602343382365,-9.7361321982097255],[-65.782314699230696,-9.7378483829009763],[-65.781834414592439,-9.7405690026115099],[-65.782463947506187,-9.74278866651116],[-65.785747875000183,-9.7469950279634148],[-65.78616605044617,-9.7483061990309707],[-65.786803536295565,-9.75132802292541],[-65.787441786053904,-9.75444900631142],[-65.787768009696123,-9.7567626477300351],[-65.788293553426143,-9.7586768138374431],[-65.78912118498711,-9.7603787554776584],[-65.790042571529483,-9.7613869392785819],[-65.791363597735796,-9.7616772546439723],[-65.792879018162594,-9.7611624932052674],[-65.794399540051572,-9.7611535733197865],[-65.795823718174901,-9.7616412513624606],[-65.797155836905901,-9.7631482933492943],[-65.798688520205047,-9.7643470851224112],[-65.800119144407688,-9.7655467727994036],[-65.802150458046768,-9.7659366376202907],[-65.802431958667228,-9.7636164575352815],[-65.802613733626771,-9.7614954756674539],[-65.803311371641783,-9.7602780583401838],[-65.804632409787047,-9.7605682867697787],[-65.806570368209378,-9.7617712992143897],[-65.808708486558814,-9.7627640697665541],[-65.810734982240405,-9.7626389757752072],[-65.811223813929672,-9.7608205932963372],[-65.811814981384401,-9.7591094681018404],[-65.812401338354121,-9.7568846086288232],[-65.812894965380266,-9.7554729415313144],[-65.814400399921325,-9.7539474576691951],[-65.815404047700468,-9.7529345956804541],[-65.818296206576264,-9.7480661751178186],[-65.81868357608198,-9.7462487340825419],[-65.818555325204031,-9.7435278085487766],[-65.816010017289898,-9.7423427792386139],[-65.813573352059421,-9.7419566927935399],[-65.812046803353311,-9.7413630378372407],[-65.81072220740792,-9.7406672976512318],[-65.809398188497156,-9.7399715447201061],[-65.807453641921327,-9.738065628260987],[-65.806524867589332,-9.7363636083898495],[-65.805696953750683,-9.734651680143628],[-65.805277925360059,-9.7332414451685594],[-65.805160258379274,-9.7315299711579772],[-65.806367567728543,-9.7306134065714875],[-65.808095582241322,-9.731205297348394],[-65.809633694757082,-9.7330077703992082],[-65.810762149144793,-9.7343102728054696],[-65.812801431534737,-9.7356114049336178],[-65.814421540568446,-9.7354910317942025],[-65.81532431156289,-9.734479107296238],[-65.816020128702618,-9.733064560221198],[-65.816715216018551,-9.7316488944887354],[-65.817718324429535,-9.7305279104027953],[-65.819635837368068,-9.7297108161011785],[-65.821557232125016,-9.7292902513143691],[-65.824399696326111,-9.7297784917044758],[-65.825632436976178,-9.7313774043461834],[-65.826366485740138,-9.7338922686172662],[-65.826391530312762,-9.7364157730233778],[-65.826009918441045,-9.7388381657567233],[-65.826635652105537,-9.7406509929856391],[-65.829583984919267,-9.7415348121204843],[-65.832625614866231,-9.7416132985322825],[-65.834958476054524,-9.7417916583758544],[-65.83628688967903,-9.7428928139341],[-65.837526351778294,-9.7452037027143028],[-65.83835928300276,-9.7474112387607317],[-65.84011749495933,-9.7509331455053498],[-65.841548413738963,-9.7521325084675681],[-65.843079796738976,-9.753231802608461],[-65.844305056646334,-9.7541265532605781],[-65.846756281323977,-9.7559272981163581],[-65.848187050394117,-9.7571176143981084],[-65.848936900392317,-9.7586138298373335],[-65.849034807970583,-9.7608483522625331],[-65.848136199841562,-9.7621669110222289],[-65.847243945706396,-9.7641896173176015],[-65.848470699360448,-9.7652826542169269],[-65.850600718090718,-9.7653736791875083],[-65.852014657286091,-9.7648605229487764],[-65.854043080473787,-9.7649434241506956],[-65.855676908024748,-9.7661397433016806],[-65.857615923384643,-9.7674324144529781],[-65.859044298773483,-9.7683342587880144],[-65.861182747917155,-9.7693264896554872],[-65.865245687443689,-9.7701038569184675],[-65.868693528747499,-9.7701780811053069],[-65.872336295289685,-9.7695372210299247],[-65.8748638863309,-9.768820960059525],[-65.876573120446935,-9.7674913968868449],[-65.878376586543766,-9.7653587155660784],[-65.879066599218547,-9.763438015050049],[-65.876890376743148,-9.7587134964035318],[-65.876065211776321,-9.7573082149325803],[-65.875134418329921,-9.7555084329826407],[-65.875012686947599,-9.7534893650566321],[-65.8750793527703,-9.750062441728911],[-65.874762091115926,-9.7487505125119789],[-65.872907464900422,-9.7457447019546013],[-65.870044649894581,-9.743346447344182],[-65.869117797654852,-9.741833955850236],[-65.869097158594769,-9.7398241490549928],[-65.871510351632764,-9.7378910856012464],[-65.874632296945038,-9.7358500597159363],[-65.876116755391209,-9.7323065109923039],[-65.876385656182549,-9.7288767349822045],[-65.876978590283599,-9.7273626691779782],[-65.879700485205106,-9.7259314383351203],[-65.882637674749276,-9.7257048165047539],[-65.886998531777124,-9.7259753009903598],[-65.889734904681021,-9.7259498587479918],[-65.891254565094414,-9.7259379666220287],[-65.8928792051111,-9.7262337863646273],[-65.893902416089617,-9.7271323270709491],[-65.895136001255878,-9.7288378386914385],[-65.896469941520138,-9.7304353791672646],[-65.89983180313159,-9.7321232430905571],[-65.902165256199496,-9.7323087082401116],[-65.90348744194371,-9.732797686033642],[-65.905334478153662,-9.7350010263153912],[-65.905955964829758,-9.7363088926100012],[-65.906789711434101,-9.7385262484053641],[-65.907922047334424,-9.7402247860821909],[-65.910563684096431,-9.7408128687571551],[-65.911969764464686,-9.7395862023129478],[-65.913075289779954,-9.7386710696067151],[-65.916816867052248,-9.7378381058011119],[-65.918536008188724,-9.7374196509519546],[-65.919848222585685,-9.7369070080919737],[-65.920953544231409,-9.7359907121027511],[-65.922351823682135,-9.7339629971792121],[-65.92193005649932,-9.7323536036947296],[-65.920996832305988,-9.7303468351801836],[-65.920965165367519,-9.7273175570588357],[-65.922276353865968,-9.7267057724191144],[-65.924297083867984,-9.7260850051972341],[-65.926220930411247,-9.7258707310807679],[-65.927648133349976,-9.7266638719291656],[-65.928073021263302,-9.7285785297809184],[-65.928394852212833,-9.7302868671901379],[-65.929939493772679,-9.7325942458987971],[-65.929855953318764,-9.7343075729462285],[-65.928546323124465,-9.7351278345961187],[-65.928967749652031,-9.7366369529675403],[-65.930390544956623,-9.7370234043867026],[-65.931920395158599,-9.7379248455502889],[-65.933656922416958,-9.7392186470721178],[-65.935286936451533,-9.7400075719689152],[-65.937015031586853,-9.7405003588264947],[-65.939557894770999,-9.7412873039356729],[-65.94249684151319,-9.7412682308128868],[-65.943396253834237,-9.7400473156699476],[-65.944293169667361,-9.7386292544318334],[-65.944675043672589,-9.7363080252860392],[-65.946781504715958,-9.7342688499832395],[-65.949314839229473,-9.734155544718444],[-65.951351531056346,-9.7350395764990001],[-65.952781466942255,-9.7361389855478873],[-65.955026065629482,-9.7375347496643503],[-65.957382643514592,-9.7399389204605225],[-65.95921972483842,-9.7411312661932108],[-65.961153242266974,-9.7418190379035394],[-65.963386770375351,-9.7422053199930332],[-65.965418153445071,-9.742592407416538],[-65.967552028700567,-9.7430787574492523],[-65.970896966330429,-9.7430530867806269],[-65.972421255059871,-9.7434393916369313],[-65.974258689241807,-9.7446406208448906],[-65.975383975752337,-9.7456358182880933],[-65.97712945381646,-9.7477415346752565],[-65.977855893341172,-9.7493456468075852],[-65.977880659414168,-9.7516619152412432],[-65.977802527421673,-9.7538811720372696],[-65.977920149710201,-9.7553943331816644],[-65.978544290701038,-9.7569014386952766],[-65.979582626344239,-9.7592146261231356],[-65.979914816249433,-9.7618332873646789],[-65.979939051021276,-9.7641507445012632],[-65.979653629254742,-9.7658672967928499],[-65.978767828966127,-9.7683953272403627],[-65.978072769711645,-9.7697113783583109],[-65.977170522029624,-9.77072409744396],[-65.974538785117304,-9.7710550469754285],[-65.971914745237825,-9.7721813759432532],[-65.970400669390415,-9.7727955025428095],[-65.968380686657525,-9.7735260705655342],[-65.967581429972171,-9.7746369107793321],[-65.967697443059294,-9.7760509992411571],[-65.969943560358658,-9.7775447271331632],[-65.973890473517272,-9.7769069721357305],[-65.975611791237071,-9.7766862935249357],[-65.977941405995196,-9.7764664386314699],[-65.979650676654558,-9.7751449959765111],[-65.9815625772777,-9.7738125514434984],[-65.9831815946782,-9.7735026669673442],[-65.984597219582724,-9.7731868697299813],[-65.986324219601386,-9.7734708334372939],[-65.986949820277815,-9.7751841508456803],[-65.986365375556161,-9.7774118464968502],[-65.985463833839376,-9.7784234840913911],[-65.9852813570796,-9.780337398362434],[-65.987010480917618,-9.7808286665291995],[-65.988522014502735,-9.780014992616092],[-65.989416460131636,-9.7782912891861464],[-65.99000854233347,-9.7767767480007279],[-65.990704104242425,-9.7754595056102733],[-65.994022977425644,-9.773008924907618],[-65.995653658530927,-9.7737985428115106],[-65.996881809770969,-9.7749008392258645],[-65.999325827388816,-9.7758875045845954],[-66.001961587342933,-9.7758705584876804],[-66.003049016914588,-9.7732412443536187],[-66.003434522480987,-9.7714143501934583],[-66.00341693065991,-9.7698010136077453],[-66.004204051728209,-9.7679972105521422],[-66.005712712776045,-9.7685975233286921],[-66.007635997685512,-9.7694111908238632],[-66.009154731098462,-9.7700226478682879],[-66.01036824518107,-9.7707373965031898],[-66.011683422452847,-9.771747468853933],[-66.014009375556441,-9.7736815987309491],[-66.015727789465828,-9.7752915976501225],[-66.017748504194728,-9.7774191515897346],[-66.018555672131086,-9.7788331161512581],[-66.019160248975965,-9.7801510660264359],[-66.019866489179662,-9.7815660363650299],[-66.02097576651029,-9.7835888413062797],[-66.022390194136548,-9.7851038102367642],[-66.02360441367675,-9.7859165257597915],[-66.02725134144795,-9.786543840857032],[-66.030698670881748,-9.7856507946823363],[-66.03201987601777,-9.7843429050873354],[-66.033646921085534,-9.7819322103787094],[-66.034665885319015,-9.7798262007219492],[-66.035075622437645,-9.7779099626002797],[-66.035383429611514,-9.7764984170404894],[-66.035590248331076,-9.7750980278154582],[-66.035797846214052,-9.7728683385991868],[-66.035903038878104,-9.7713608088414752],[-66.036212071909731,-9.7693464550554054],[-66.03652425578791,-9.7661230784869915],[-66.037034808546963,-9.7644210840587906],[-66.037645563428285,-9.7632037127830209],[-66.039067237840314,-9.7621043978482849],[-66.040385952860106,-9.7613103276620503],[-66.041704794767313,-9.7609049717028817],[-66.04342771789598,-9.7606115961335398],[-66.045048876043381,-9.760516408916871],[-66.047076443639895,-9.76042725383423],[-66.048900706895381,-9.7601316838936487],[-66.050218454179102,-9.7598434644625875],[-66.051739423718914,-9.7596433223946377],[-66.053866591766507,-9.7596590061889117],[-66.055488200520742,-9.7596640102423606],[-66.057210413733017,-9.7596769962801417],[-66.060249979220913,-9.7598884354311455],[-66.061972507651149,-9.7600005303890818],[-66.063796520940841,-9.7599031340779199],[-66.065113626487275,-9.7597060897266736],[-66.066836808638143,-9.7595105388500194],[-66.068154995616254,-9.7593224777190688],[-66.069472081372567,-9.7591242787158752],[-66.070893430120606,-9.7587255768976426],[-66.072413768351453,-9.7584261343504259],[-66.074034609292781,-9.7584400118899204],[-66.076567123873431,-9.7587566622831954],[-66.078490534912888,-9.7597679487747513],[-66.081122490538675,-9.7606874556085579],[-66.083451785967426,-9.7612956753106097],[-66.086083777646849,-9.7623232876326806],[-66.087094400012617,-9.7634373927035121],[-66.088104963928998,-9.7647486761830429],[-66.088506682782509,-9.7664650881247006],[-66.086984674544397,-9.7673697372665824],[-66.085464167124499,-9.7675622540695137],[-66.083336324508124,-9.7676539483255187],[-66.081308103287625,-9.7683406511177715],[-66.080493992915279,-9.7697495463304733],[-66.081098758462048,-9.7709670088268012],[-66.082313375596215,-9.7716801935109228],[-66.084237103763471,-9.7723939844334247],[-66.085958822362244,-9.7730016636504242],[-66.087173197020292,-9.7737159516728198],[-66.087980561533172,-9.7748310395343676],[-66.088989726398069,-9.7772522324917883],[-66.089492481649927,-9.7787693331916881],[-66.089590524177581,-9.7801745427025857],[-66.089790845712997,-9.7814885612739531],[-66.090697783624663,-9.7838105454852684],[-66.091502537641716,-9.7861358421300935],[-66.09231078993632,-9.7873422018628755],[-66.093626584974899,-9.7883607897149751],[-66.095753263097947,-9.7887738034844016],[-66.097579134747875,-9.7881802907407902],[-66.09920286715014,-9.7871753173337286],[-66.100319240172325,-9.7863750216753758],[-66.101334108282288,-9.7854698527229775],[-66.102554269364248,-9.7836577443937465],[-66.103573166702873,-9.7810465769575785],[-66.103477228514748,-9.778730912796016],[-66.103074513211666,-9.777420136282144],[-66.102673530714711,-9.7755042689754195],[-66.101968751155383,-9.7734856362252316],[-66.101161719841897,-9.77166637675899],[-66.100657712606221,-9.7703476475988946],[-66.099749350060577,-9.768530568646554],[-66.099245300681076,-9.767111563886683],[-66.099252806837782,-9.7641898304267123],[-66.099458041380629,-9.7627905483861266],[-66.100677183752751,-9.7611768468630604],[-66.101997121730633,-9.7600770175628941],[-66.103620565753658,-9.7589740387804333],[-66.105040892670047,-9.7583768031797185],[-66.10737024814452,-9.7584878566106159],[-66.108789109940005,-9.7586950968106017],[-66.111116652400682,-9.7598168066531592],[-66.112128525448497,-9.7609296432480512],[-66.112022993019508,-9.7628338040839928],[-66.113032421900314,-9.7645596177040979],[-66.114450958456345,-9.7643690834265513],[-66.115970599293206,-9.7644749468457768],[-66.117387720332658,-9.7653841114872684],[-66.118602121381457,-9.7662953825379031],[-66.12032409777207,-9.7665072714615597],[-66.121943881821934,-9.76701654912954],[-66.123363161741878,-9.7671222797091239],[-66.124682364436055,-9.7661214509344383],[-66.1252931059133,-9.7644181789518694],[-66.126309081258285,-9.7633044625715222],[-66.127831402350836,-9.7624085344525078],[-66.129654507670395,-9.7623195695661913],[-66.130666337398367,-9.763324153488476],[-66.131677497261052,-9.7644380358916329],[-66.132994293313445,-9.7646540684786114],[-66.134716787449648,-9.7644489327933499],[-66.136440805720198,-9.7637491250744546],[-66.137962662450576,-9.7630525583094929],[-66.139583944000108,-9.7627583076366005],[-66.141002840046554,-9.7626577238489265],[-66.142623290204384,-9.7628693655186183],[-66.143635532440115,-9.7640913443056405],[-66.14545460641466,-9.7663109885804413],[-66.146772157944497,-9.7658148181232534],[-66.146978088265001,-9.7644053320747854],[-66.147487954477555,-9.7627932027845308],[-66.1485033968804,-9.7615892438737806],[-66.150025151784391,-9.760584990259126],[-66.152153660800053,-9.7601951314180919],[-66.154179113292216,-9.7605984406940287],[-66.155394330197538,-9.7615196166784468],[-66.156811829514425,-9.7619225909873446],[-66.15843244457669,-9.7621352313248995],[-66.16015220002069,-9.7634543947167298],[-66.161669793324535,-9.7646686576527504],[-66.164201335763181,-9.7656873240991313],[-66.165923171152727,-9.7661962906967847],[-66.16734122363863,-9.7665011623511742],[-66.169063311135432,-9.7668095383521223],[-66.170683541944854,-9.7675178599011421],[-66.172909659982039,-9.7691548984142145],[-66.174123624729305,-9.770561627116539],[-66.174930536427055,-9.7720741204961552],[-66.175838731677501,-9.774189479118137],[-66.17583681623357,-9.7756047256388001],[-66.175630663244618,-9.7776283701037521],[-66.177757161744452,-9.778644473198618],[-66.179580764238807,-9.7786542100367768],[-66.181606959706883,-9.7787518972014293],[-66.183835793228837,-9.7793702125786268],[-66.185456372556047,-9.7796806769023235],[-66.18687541328309,-9.7796879399943251],[-66.188293683448094,-9.7795859034746098],[-66.190524013979129,-9.779301576766569],[-66.192449527811746,-9.7794103828033574],[-66.194171489374398,-9.7798098261953932],[-66.195182795562914,-9.7811296334867137],[-66.195585319264893,-9.7826385605111135],[-66.196087091089396,-9.7856709727106157],[-66.196185324972575,-9.7872834868931342],[-66.195068112986235,-9.7889947811765659],[-66.193547580678086,-9.7890878292719901],[-66.192128992550536,-9.7891797658654145],[-66.190607231537399,-9.7901843911622137],[-66.189794241499044,-9.7913875735741023],[-66.188778761246652,-9.7925016656281993],[-66.187459038899163,-9.7934939550066833],[-66.186139244010249,-9.7950000667575061],[-66.185934461777393,-9.7963105069439216],[-66.186134517727155,-9.7980211234342214],[-66.187654452343992,-9.7981264574283138],[-66.189479667646907,-9.7973337920342285],[-66.190596543925636,-9.796334655260285],[-66.191510133500628,-9.7951224851714898],[-66.193235686542224,-9.7940254983030162],[-66.195058768385564,-9.794233423192237],[-66.195968732352583,-9.795447311889097],[-66.196473435230857,-9.797063350056602],[-66.195760641715452,-9.7990745501205474],[-66.194643922708039,-9.8002810555972264],[-66.192816351973534,-9.8021927416680033],[-66.193118080020142,-9.8034954860068293],[-66.194838656420089,-9.804616136096838],[-66.196662374492277,-9.8052218195448688],[-66.197978850587759,-9.8056357791378552],[-66.199599583647071,-9.8064419581555082],[-66.201015887432959,-9.8076661466866799],[-66.202230741168876,-9.8084699443311063],[-66.203548059502921,-9.8089830243752516],[-66.206182193442558,-9.8091899457464162],[-66.208615449621902,-9.8089020764802282],[-66.210136334061062,-9.8086094574820581],[-66.212773323790671,-9.8072014898554176],[-66.213891271027336,-9.8052917047015011],[-66.214906942713341,-9.8040861824450385],[-66.216196457598215,-9.8022838280353426]]]},"properties":{"FID":0,"AREA":576415000000,"PERIMETER":5058070,"SEQ3_":2,"SEQ3_ID":1,"CODIGO":1,"descripcio":"1 de cada 5 anos con Sequia","grado":"Muy Bajo"}},{"type":"Feature","id":1,"geometry":{"type":"Polygon","coordinates":[[[-69.178765501652293,-15.227631607828277],[-69.1806074182565,-15.231114798856662],[-69.181904090643613,-15.233700383655744],[-69.182941299540218,-15.235595566962239],[-69.183913420530331,-15.237237776941333],[-69.18514478619953,-15.2393174886535],[-69.186375677272608,-15.241334266542212],[-69.18741360610511,-15.24316534147988],[-69.188968901611304,-15.246070472028515],[-69.193253085580793,-15.267014379184795],[-69.203621945303354,-15.276549589878424],[-69.213140863710606,-15.269943971955398],[-69.21722464406065,-15.274810280059798],[-69.218455952773638,-15.275946281850846],[-69.219817565911782,-15.27721452144754],[-69.221178201191108,-15.278664229982146],[-69.222799105859124,-15.280496935947394],[-69.224549345313832,-15.28264334981252],[-69.225976108795919,-15.284662942289335],[-69.227596484445598,-15.286931116662696],[-69.229088392569935,-15.28889404774184],[-69.229931090104074,-15.29015035492556],[-69.231033653941253,-15.291861113721948],[-69.232330719802661,-15.293875434796469],[-69.234082374188219,-15.296720909696786],[-69.23544389205658,-15.299241660585988],[-69.236740970442767,-15.301318335110182],[-69.237779842951255,-15.303721900073199],[-69.250347216515536,-15.314731642175875],[-69.257491547100869,-15.325376294906448],[-69.248136150551929,-15.379710402951895],[-69.235007851390961,-15.400733189734831],[-69.234140749447462,-15.415431674850872],[-69.24057152568318,-15.420162075081121],[-69.250782913670207,-15.424796159423906],[-69.287809739842757,-15.38803012699092],[-69.299822862248718,-15.410301982462478],[-69.30702291148107,-15.414224199343369],[-69.309364806686091,-15.422361270986075],[-69.308849166342412,-15.425135502892866],[-69.307812346335439,-15.426263818760084],[-69.305741633835936,-15.428974013972541],[-69.305029662126103,-15.43041951245749],[-69.304967048014063,-15.432699589569783],[-69.305358575082138,-15.435147826586826],[-69.30613839441034,-15.437104135338583],[-69.312695433118563,-15.444493256767839],[-69.311074857454685,-15.445184570136364],[-69.308612200845388,-15.446816618059486],[-69.307836431234662,-15.448454864557128],[-69.307449641559742,-15.450853249468391],[-69.307840345603694,-15.452494006442599],[-69.308685070242717,-15.4545116020654],[-69.309854662866357,-15.456283854249586],[-69.311868772891131,-15.460192211174265],[-69.31238960038327,-15.462337166106812],[-69.312715226086922,-15.464098102638085],[-69.312977934894121,-15.466813331271144],[-69.351010922795382,-15.507916976512192],[-69.403712543390625,-15.564833540044244],[-69.407155653627541,-15.567737083744262],[-69.409298883619115,-15.569689376773939],[-69.411183749443026,-15.571394887130834],[-69.412418068083213,-15.5728468236568],[-69.414107517904156,-15.574676489362121],[-69.416058366930272,-15.577133340915944],[-69.417293755846742,-15.579148348536473],[-69.418401208140494,-15.581675369830441],[-69.419182121348044,-15.583440220898577],[-69.419901606804814,-15.586406078099214],[-69.420359732945883,-15.589124693303006],[-69.420948370878193,-15.592202279128658],[-69.421342634239949,-15.595485688208454],[-69.421738106050071,-15.59895961185301],[-69.421809608703626,-15.603051051377859],[-69.421491658989893,-15.606709183281058],[-69.420977549945775,-15.61017338198622],[-69.420529157686033,-15.613581425867663],[-69.420079523866292,-15.61654489777899],[-69.419566184598082,-15.619891121332405],[-69.419373536611317,-15.621594037958856],[-69.418924846094541,-15.625056533353824],[-69.39272803776349,-15.726233435206847],[-69.361519388761238,-15.841958734791355],[-69.350094485853987,-15.914094824627499],[-69.338240606332789,-15.956052720315437],[-69.337745176830069,-15.959879853899364],[-69.337329674123879,-15.961489209863398],[-69.337037066686989,-15.964375399178211],[-69.336444190524759,-15.966679482208571],[-69.336090829914056,-15.968932056010493],[-69.336154266051835,-15.971462611096609],[-69.335562832306039,-15.973649261649488],[-69.334909367808422,-15.974983987429301],[-69.335031571348182,-15.976877865803759],[-69.334797128253186,-15.979535149187404],[-69.334621720077308,-15.981265383442167],[-69.334623459997019,-15.982934934678054],[-69.333913147057572,-15.985642405460704],[-69.333855991537064,-15.987259589428337],[-69.333262313931897,-15.988638715008507],[-69.332967718117615,-15.990834769538905],[-69.332613290556338,-15.992451626749576],[-69.331901384616671,-15.994460441713064],[-69.3312064054914,-16.002059475440561],[-69.329866581081731,-16.009815659050691],[-69.327610192134472,-16.016522861790801],[-69.326293569342113,-16.025136480699135],[-69.324007590045454,-16.030771977231751],[-69.322333903329351,-16.03446132849901],[-69.321716212026345,-16.036193213988181],[-69.31922014805923,-16.042262764177405],[-69.315674201635289,-16.050504488954367],[-69.293179281034583,-16.077969485925813],[-69.286751787903114,-16.085616947316133],[-69.273175557932547,-16.098790332988447],[-69.266944487298332,-16.105576968807423],[-69.253557728169625,-16.117675213465894],[-69.246329284016838,-16.124617918090546],[-69.238586618448409,-16.131918660942169],[-69.229713540935123,-16.140952787259653],[-69.222210027926792,-16.14625688787627],[-69.217312616211402,-16.150074863807028],[-69.211835042301161,-16.154190786029329],[-69.204918707483145,-16.159480123511198],[-69.198295190439396,-16.164761352506964],[-69.191053420705629,-16.168921268899275],[-69.183532655014659,-16.173656110567126],[-69.173698153104979,-16.179869294532203],[-69.166741584465228,-16.183737138813136],[-69.158314997683718,-16.187641126892931],[-69.151049571758819,-16.190238378926935],[-69.148011701730169,-16.191785073686017],[-69.146402174423017,-16.192129354292877],[-69.144315977103247,-16.192069695628383],[-69.142290190930851,-16.192008525859908],[-69.140024964481285,-16.192525453120787],[-69.138535342549631,-16.192921725374358],[-69.135078793771285,-16.192863424525818],[-69.132158288332533,-16.193035726090834],[-69.128344093500289,-16.193369483299367],[-69.126615713547949,-16.193481184307046],[-69.123159600752643,-16.19388543450685],[-69.11916676762398,-16.194568781455157],[-69.116961433394067,-16.19462122593599],[-69.11380253839495,-16.194500255753418],[-69.110345408694087,-16.194777852680833],[-69.108438148657967,-16.194894921846018],[-69.105637796907317,-16.195353697270892],[-69.10426660918742,-16.195636803128949],[-69.102895908596736,-16.195983403800078],[-69.101525141823316,-16.196148523128684],[-69.100095215559634,-16.196206196498153],[-69.098724192626392,-16.196316861452662],[-69.097174895666356,-16.196433010746716],[-69.094909220788097,-16.196423180953357],[-69.092824134130865,-16.196653337004093],[-69.09079695757849,-16.196764100033171],[-69.088651926175686,-16.196587362592329],[-69.086863461868916,-16.1963553998668],[-69.084121577914004,-16.195886943284158],[-69.081201847251663,-16.195304828399017],[-69.079651700407894,-16.194848660035483],[-69.075896563506902,-16.193917642329929],[-69.073214751271294,-16.193274614417621],[-69.070532916236942,-16.192404711591944],[-69.068645729440888,-16.191309028544662],[-69.067612203483435,-16.190270837922878],[-69.061868774262265,-16.187800577463708],[-69.059019835695707,-16.187134774669513],[-69.055325092122914,-16.185920643969524],[-69.053536399418732,-16.18440845441069],[-69.05264311121266,-16.182799690308602],[-69.050079859705463,-16.17927545377648],[-69.049305342066575,-16.178125987190395],[-69.04847136540802,-16.176968884460845],[-69.0468031033313,-16.17489059156145],[-69.045610367348942,-16.173271469996809],[-69.044537981263673,-16.171766819450017],[-69.04298902888236,-16.170847601514616],[-69.040366703325574,-16.172281148441087],[-69.037029391387279,-16.173888460869012],[-69.03452638629102,-16.175037766799953],[-69.031725671304983,-16.176476077996313],[-69.029698883261304,-16.177275836112482],[-69.025943888161592,-16.178304395158406],[-69.023858683619892,-16.178706832596053],[-69.021295578287862,-16.179965740992287],[-69.019328409247677,-16.180827475397475],[-69.016348800189874,-16.181798623251886],[-69.013726266993757,-16.184102896778604],[-69.012772599880591,-16.186289317213696],[-69.010924511905571,-16.188019170788962],[-69.008898161094891,-16.188410399919452],[-69.007706275579125,-16.190031450620229],[-69.007109328870655,-16.191236698297704],[-69.005917729683247,-16.193075497159199],[-69.004665408033773,-16.194516508900019],[-69.002401011129265,-16.194051964861096],[-68.99977818727686,-16.193524539125157],[-68.998288236182901,-16.193347040743522],[-68.996322306446046,-16.192711383237622],[-68.996083890152278,-16.191265325895845],[-68.996084720215379,-16.189422803695003],[-68.995667478892742,-16.187228492615539],[-68.995429932111591,-16.18503838116343],[-68.995490353163177,-16.182567787571255],[-68.995192489953823,-16.180542445908355],[-68.994954429770459,-16.178697709439358],[-68.993119533437039,-16.171885456792019],[-68.989524505751021,-16.172610097957264],[-68.987632024497628,-16.172243678737555],[-68.985670224392138,-16.171507451768473],[-68.983579520036173,-16.170892812137851],[-68.982462650506349,-16.170014993072456],[-68.98062624831968,-16.168903139262575],[-68.979508516407265,-16.167898862960126],[-68.977795928219223,-16.166211826354747],[-68.977347799345381,-16.164910833341537],[-68.969706796844818,-16.163953300607236],[-68.956799784009775,-16.163422487724759],[-68.948862216345447,-16.171289005620903],[-68.947110728265656,-16.173026197257656],[-68.942078161622078,-16.178016922755827],[-68.886333906364158,-16.233266568950537],[-68.802731330666276,-16.291640802147331],[-68.80574027117008,-16.31753886033928],[-68.981584238599595,-16.412416360696181],[-68.993029663619694,-16.449919232189927],[-68.994698962263485,-16.45505628832495],[-68.995176264379865,-16.456958805923353],[-68.9964281606687,-16.459502312482734],[-68.997144006325428,-16.460944307286521],[-68.997859783016096,-16.462794608295528],[-68.998516258216142,-16.464692261419255],[-68.999232123895624,-16.46613368173994],[-69.000186204235646,-16.467696422764565],[-69.000483609903867,-16.4697762005786],[-69.001497952758029,-16.472080950952183],[-69.00257192256791,-16.474212438601228],[-69.003228016058785,-16.476000637468179],[-69.00382434462999,-16.477681385012296],[-69.004838845583251,-16.480331475234333],[-69.007284686152659,-16.484948505054064],[-69.008000086269917,-16.486617311560536],[-69.009074323110681,-16.489619814493604],[-69.009551750579575,-16.491176369945983],[-69.010983505245775,-16.49527668158165],[-69.011878486814496,-16.496886156875586],[-69.01283298557378,-16.498911012329081],[-69.013728326184477,-16.50087490398256],[-69.014921471624632,-16.503991342708357],[-69.015816810210438,-16.506408899322007],[-69.016652377441815,-16.508719006527567],[-69.017547055030306,-16.510972682018927],[-69.018202925666657,-16.512924162239695],[-69.019098228081319,-16.515177816089086],[-69.019874229986669,-16.516908640111001],[-69.02139469784241,-16.519762548548407],[-69.021007934167983,-16.5214708557635],[-69.018039723822852,-16.521787757831522],[-69.014690231153693,-16.523412980282124],[-69.014181577732771,-16.525138944175211],[-69.012185547266697,-16.529508095683788],[-69.010926199078128,-16.530713330740017],[-69.005905978445384,-16.535179914152351],[-69.004646788126564,-16.536394178508676],[-69.003814820587849,-16.538423313682866],[-69.001720780122596,-16.542882030657037],[-69.001729559450538,-16.547356719643098],[-69.001727446153211,-16.550197885046071],[-69.002159705531085,-16.553444889216774],[-69.003840857317655,-16.559934073090115],[-69.00468807489591,-16.56196266311105],[-69.005529470277381,-16.566023832844451],[-69.005533925405075,-16.568455966202556],[-69.005114802501708,-16.57049221489266],[-69.004285407442723,-16.574544080542815],[-69.003868308443771,-16.576979505635013],[-69.002619683523847,-16.583067604205066],[-69.002202297240771,-16.585493389088342],[-69.001790197346082,-16.587120020927919],[-69.000955336195759,-16.588749401177683],[-69.000955488904168,-16.591998801026108],[-68.998864268855485,-16.596866248986355],[-68.998874085953972,-16.598481640633807],[-68.999298687730644,-16.602137119175612],[-69.000557882494462,-16.60700432822432],[-69.001829043631531,-16.612288049067743],[-69.001834139615951,-16.616345417042805],[-69.001834909463227,-16.61959535871252],[-69.000778206776232,-16.621774440190613],[-68.999814475623495,-16.624732731592911],[-68.997449736037268,-16.627374642385075],[-68.99388170955767,-16.628515865845184],[-68.99569817326342,-16.633162216281431],[-68.99703747953788,-16.636589393374123],[-68.998709226577105,-16.639012811565465],[-69.000680390717235,-16.641092203803009],[-69.001695136781848,-16.642190171571297],[-69.003189015503111,-16.64300276139155],[-69.004681868835434,-16.642953399698978],[-69.007729104850384,-16.643187748513874],[-69.00928160130384,-16.643762984092],[-69.010535677603499,-16.644627204874737],[-69.012328197903599,-16.645794934875191],[-69.01483659805929,-16.646778747329552],[-69.016568599203396,-16.648220661155051],[-69.018061920149663,-16.649895126326275],[-69.018957942585914,-16.651105310603693],[-69.022123527628565,-16.652497996453882],[-69.025110839271193,-16.653478683353772],[-69.026604767536057,-16.654354054053201],[-69.028395828753673,-16.655503537613605],[-69.03000937015689,-16.656839313196141],[-69.031742008641729,-16.658570301346586],[-69.034131000191351,-16.661336836873193],[-69.036759760915757,-16.661119811701472],[-69.03873160147117,-16.660366822164157],[-69.041001371980173,-16.659624206151406],[-69.043391218478376,-16.660266321747304],[-69.046020023952622,-16.661364813744299],[-69.047334371858867,-16.66240939690606],[-69.050080399687033,-16.66563781096691],[-69.053128026315918,-16.666797546164339],[-69.056234749334052,-16.667265666053279],[-69.058206712205106,-16.66755649283127],[-69.06113381961093,-16.668084462301103],[-69.064359936058452,-16.668549570655248],[-69.06656997799044,-16.668606581027532],[-69.068960704556304,-16.668440857539547],[-69.070513538967631,-16.668270487233436],[-69.07248530274299,-16.668507311735933],[-69.073919507800156,-16.669493247539449],[-69.074874749323484,-16.670701194457884],[-69.075586721512039,-16.671920149510989],[-69.024756709726844,-16.700581607416318],[-68.927106298004119,-16.749424299990263],[-68.821559587479797,-16.74160711015455],[-68.716020290946801,-16.733787697293216],[-68.616637803579522,-16.669405251111421],[-68.573492604987663,-16.605417145003379],[-68.565160852176732,-16.520447570844905],[-68.529477518289468,-16.484816546804559],[-68.493359090841906,-16.420880165390454],[-68.464488823423935,-16.371145338286919],[-68.491306470302348,-16.286423806045082],[-68.510883573944355,-16.187498539434234],[-68.551655393612307,-16.09580027316024],[-68.578579670790177,-16.018156561792004],[-68.584202481474662,-15.926208491674213],[-68.562580198640063,-15.890677363910342],[-68.471415008974546,-15.904186812386751],[-68.380898515293907,-15.960157130055359],[-68.284438833692121,-16.08684304046194],[-68.201704680507234,-16.192399513757238],[-68.125684306306567,-16.276774137295384],[-68.085125899004225,-16.382626175674528],[-68.017002307954897,-16.523665228371478],[-67.920534926671067,-16.650352161471083],[-67.893389490145893,-16.713844346565285],[-67.830133101320342,-16.713398096057393],[-67.731941006301497,-16.726857714513169],[-67.648237487161268,-16.768723698666896],[-67.564747926842813,-16.824743700474954],[-67.509060208844076,-16.859730510524383],[-67.446986561070446,-16.937128222562826],[-67.349549931451065,-17.000124806646866],[-67.181387766472653,-17.034320354557757],[-66.984576409863237,-17.032934154209805],[-66.794570528535786,-17.017446258685773],[-66.717031539457778,-17.002747184136854],[-66.562281851848709,-16.994582655202933],[-66.450036198916294,-17.007943629900065],[-66.261114011798824,-17.063219872493356],[-65.730999899451518,-17.328371948041212],[-65.403441791896071,-17.510037917345091],[-65.173640738776513,-17.649936739491469],[-64.950546018678523,-17.768657785328426],[-64.776325962303801,-17.866492488502921],[-64.72074494671908,-17.908556745245917],[-64.60211353001911,-17.964329240845966],[-64.490402075422338,-18.013074515601389],[-64.366575322648913,-18.189098922755932],[-64.284275988296471,-18.322962904245379],[-64.162830171241851,-18.654675536888927],[-64.089831726258524,-18.93719630188799],[-63.99055377117449,-19.339824127310532],[-63.931723431836424,-19.629522166273279],[-63.913336869583681,-19.806289817463867],[-63.87235128417138,-19.883836809130113],[-63.760746640578127,-19.939658416600135],[-63.682131626177664,-19.854193047264545],[-63.645257674087453,-19.740719357483044],[-63.56491035863683,-19.542028247791166],[-63.463043870172079,-19.31488274100353],[-63.311218994741054,-19.03785160278526],[-63.138737360002729,-18.788980989033757],[-63.023786443023781,-18.625427115480122],[-62.937492156670508,-18.497453291269284],[-62.823083066198855,-18.369280504561114],[-62.708777008017165,-18.248185802828583],[-62.61631829144212,-18.176775304746943],[-62.487838792187759,-18.048499069155508],[-62.352892697012564,-17.95556793217985],[-62.189814958145,-17.862433656058045],[-62.034202771358508,-17.797654372730594],[-61.907029674148056,-17.75430302350156],[-61.815219626036743,-17.725353289539203],[-61.604449821243769,-17.730943664620888],[-61.499444701239824,-17.758509627558492],[-61.338640889086371,-17.813983984550045],[-61.227471030823985,-17.898111224716335],[-61.131007415641271,-18.024798128966975],[-61.007184490504045,-18.20082415951369],[-60.932995327786308,-18.405502636448745],[-60.864757232790176,-18.539465968678414],[-60.838908627395362,-18.687876536822824],[-60.792189611465567,-18.850294420212105],[-60.768718434063409,-19.154391795355583],[-60.73702971194178,-19.380599087434128],[-60.738382413150035,-19.469375858395026],[-60.558792838974135,-19.439750422514376],[-60.219004323560902,-19.338254495676065],[-59.988229620435192,-19.273267046018304],[-59.09822202569535,-19.322583868866527],[-58.801491095966973,-19.464208949273289],[-58.664906563374828,-19.537909893150765],[-58.224533121069307,-19.7512105438758],[-58.157657152134831,-19.796479971519936],[-58.1582303275949,-19.802638317788574],[-58.159191604749267,-19.805070905925398],[-58.160579933000292,-19.80740539091029],[-58.16228979763018,-19.80873265885921],[-58.16378432764737,-19.809846839152303],[-58.167416140304006,-19.811574298683222],[-58.16805633645891,-19.81350104832698],[-58.169017907406612,-19.815734325324438],[-58.169977764451566,-19.817867924898234],[-58.171260070515153,-19.819393382437529],[-58.173715696733126,-19.822333171759226],[-58.174892484188341,-19.823457798753953],[-58.176601669720021,-19.824169075442946],[-58.179486039744461,-19.824374762023663],[-58.181301694643089,-19.825596062112613],[-58.185787971687887,-19.830169801541921],[-58.187603769269572,-19.831291423041886],[-58.188886582516339,-19.832807702776041],[-58.189847851124981,-19.834434056960934],[-58.190915607923863,-19.83586407437787],[-58.192625063865478,-19.837082358826642],[-58.194013578374395,-19.837487576475635],[-58.195510458363337,-19.838302133155626],[-58.196258069087314,-19.840131475967176],[-58.196363903292642,-19.841547111609536],[-58.196792471988871,-19.843070028410501],[-58.197432916596803,-19.844589095159932],[-58.198608253460115,-19.847126256507185],[-58.199356585333895,-19.849562906144467],[-58.199355941258681,-19.851392198110901],[-58.198607884007394,-19.853819754100584],[-58.198288063743966,-19.855541855803846],[-58.199463023154429,-19.858487050424657],[-58.199997187009586,-19.859903570358838],[-58.19946316381921,-19.864673348036536],[-58.199569271277873,-19.867103201305323],[-58.199783714034197,-19.869236592074579],[-58.199462108987625,-19.870859569665058],[-58.199142226748052,-19.872681251625735],[-58.198606258285963,-19.876019536915049],[-58.197646004437772,-19.877337012173282],[-58.196363814569914,-19.877948982946819],[-58.194439125796677,-19.879560495907963],[-58.194226627222783,-19.882607597651848],[-58.19444004700911,-19.884125145566163],[-58.194652257360936,-19.885643223548964],[-58.193050299464204,-19.887361425152424],[-58.19283622991999,-19.888986728344904],[-58.192836114919238,-19.891522855516417],[-58.192835817129428,-19.893044182468444],[-58.19283614433661,-19.894466478820274],[-58.192835071074349,-19.896386222624713],[-58.192835542704451,-19.898216015272954],[-58.192194562511581,-19.899830787193178],[-58.190804288141223,-19.901862607224313],[-58.19101830456168,-19.904086466659631],[-58.192300252837157,-19.90541239875882],[-58.193155114674056,-19.907244531515385],[-58.193583031536193,-19.909165757091689],[-58.194011730096683,-19.91068856230763],[-58.196361854256843,-19.915255393401193],[-58.197644675512805,-19.916065144378667],[-58.199142088824317,-19.917079382534336],[-58.200208958554896,-19.918300342652998],[-58.201064947926142,-19.919824564484767],[-58.201920330624489,-19.921447805125759],[-58.202881354638272,-19.922766036499659],[-58.20469974686538,-19.925309672480896],[-58.2063034303903,-19.927240746369613],[-58.207691501372238,-19.928352106101347],[-58.208760210647853,-19.929772267783886],[-58.208868519030766,-19.931504745676154],[-58.207265318311535,-19.93250758205086],[-58.205553407151214,-19.933109588720214],[-58.203843769669419,-19.934128178822345],[-58.202240023759231,-19.934832708165594],[-58.200209293338759,-19.936450350924392],[-58.198070877222136,-19.9380656048635],[-58.196041332860631,-19.939583064359869],[-58.19358292464176,-19.940384781232773],[-58.192085553836762,-19.940384704592496],[-58.189198291148934,-19.93713610992447],[-58.187167170594243,-19.937232360777536],[-58.184496670941428,-19.940374020589733],[-58.183534004143397,-19.942089703205973],[-58.18182185043991,-19.944222379134885],[-58.1792571879893,-19.946949747332422],[-58.178615551922533,-19.949986576729238],[-58.178401516073485,-19.952426700933227],[-58.178080593245404,-19.954447369906781],[-58.177972464275136,-19.956065812624256],[-58.177758301138809,-19.958098445551833],[-58.177544455518102,-19.959415746680389],[-58.177330015152414,-19.961339705535643],[-58.176367991226257,-19.96326359769413],[-58.175298245536929,-19.964677465976713],[-58.174229980438611,-19.966707660838939],[-58.17401539416737,-19.968224131427199],[-58.173480269371026,-19.969750508258247],[-58.173265783019083,-19.971067770843632],[-58.172944836853588,-19.972382119417396],[-58.171983898249337,-19.974912666415914],[-58.171661390886769,-19.976336187350629],[-58.171981118933928,-19.979169433823287],[-58.172089675193284,-19.981372688466532],[-58.172536308351859,-19.983521802145095],[-58.172725326774788,-19.991644131486034],[-58.171122649855221,-20.003362074920616],[-58.166519529821365,-20.011469094107156],[-58.15514933390299,-20.017038318349552],[-58.154419545438166,-20.020546642005645],[-58.156726004161541,-20.026490618826905],[-58.161005525460318,-20.028960019811908],[-58.160203694033427,-20.034818710956358],[-58.158157977890973,-20.040643269296993],[-58.161104464083763,-20.046016362370558],[-58.155968418055473,-20.051168207624457],[-58.152715157466758,-20.055783342568631],[-58.150029244686252,-20.06217806032328],[-58.146135880610615,-20.067363405508228],[-58.141584408182474,-20.073706702575933],[-58.136446488379221,-20.078857890455421],[-58.135058148372437,-20.083523912852435],[-58.134255297250455,-20.089381841554165],[-58.134128516412943,-20.093494595078401],[-58.134605425339124,-20.098211845114282],[-58.136893507364128,-20.104742873562845],[-58.139749906080368,-20.113053418527809],[-58.143283281377336,-20.119618753299079],[-58.151332748475767,-20.12101546300083],[-58.154370539385631,-20.123450883349328],[-58.157372328979548,-20.12706103743481],[-58.160374232473266,-20.130671133413781],[-58.157831850890453,-20.132365714304211],[-58.151007630687168,-20.131590492343339],[-58.143543463019789,-20.131385643721732],[-58.131833462221785,-20.127535859233753],[-58.126325865476772,-20.124444220351446],[-58.11849439189789,-20.115996434241385],[-58.111249086021346,-20.108740250825043],[-58.106400583604987,-20.104490392574455],[-58.102211136470302,-20.099082241460067],[-58.097454207028228,-20.09189450989081],[-58.093301758411407,-20.085311269802773],[-58.086552513899804,-20.082183989587616],[-58.078523452092689,-20.080197068846346],[-58.071664817684123,-20.080594378962697],[-58.06166017863341,-20.082079996070689],[-58.052277132473037,-20.083582488007398],[-58.044906286770207,-20.080436519603605],[-58.04190796439088,-20.076824596455022],[-58.03964127633526,-20.069704891107094],[-58.038014847763201,-20.062014779749649],[-58.037029214023299,-20.053754278157403],[-58.033501315414632,-20.047186963047615],[-58.029973660187125,-20.040619538158531],[-58.026371892269992,-20.036402333644499],[-58.020869243319012,-20.033307649844918],[-58.014670711742284,-20.032545411085803],[-58.007850644995777,-20.031765798435245],[-58.000993608073074,-20.03216085828938],[-57.992874243223554,-20.033108370655413],[-57.979837298067906,-20.032152535630605],[-57.970717203936736,-20.025425897321032],[-57.967869507402654,-20.017111936386272],[-57.964419177368704,-20.008193076979758],[-57.962118943487603,-20.002246893419652],[-57.956617727660991,-19.999150409221336],[-57.943017912962993,-19.996411694187234],[-57.934975244758697,-19.995006914606094],[-57.929983730467796,-19.995452768654779],[-57.920378769850174,-20.00400055732338],[-57.903784705398543,-20.017052479786066],[-57.89945230760388,-20.016340508834116],[-57.895816817054431,-20.013295894952162],[-57.892840636052952,-20.009093835886986],[-57.882369463907963,-19.986445473480991],[-57.874102626520902,-19.972681349839959],[-57.8669667067456,-19.962477662202716],[-57.853509476296594,-19.936908926442051],[-58.125742820823547,-19.729467087645673],[-57.94471475081059,-19.356552589536744],[-57.843965198748265,-19.150665037265011],[-57.816560909963975,-19.092024709992231],[-57.800937926720373,-19.058574363028683],[-57.792512682970688,-19.041411701108899],[-57.776414398116934,-19.004401481375332],[-57.743452482370984,-19.004051569182636],[-57.703682978885396,-19.002251261042922],[-57.700638598175381,-19.001537539247217],[-57.699683288980282,-19.000414597758205],[-57.698517929392857,-18.999087116690806],[-57.696500456592808,-18.997665145169993],[-57.696291395283332,-18.996145171073124],[-57.695762768104203,-18.994816796085058],[-57.694809590571019,-18.993594745853972],[-57.693646498789739,-18.99055412037708],[-57.69311969024524,-18.989225785558123],[-57.691952956102533,-18.987907275688208],[-57.690038836416221,-18.987384551589418],[-57.688443286822064,-18.987279207367166],[-57.68589155429283,-18.987166298821766],[-57.684619267891399,-18.985944305667942],[-57.68483361419792,-18.984626718874907],[-57.685582599202235,-18.983204972131876],[-57.686650437431616,-18.982191001356973],[-57.688566698196304,-18.981598324310134],[-57.690056325395517,-18.981193467105882],[-57.691757143560451,-18.981102518811024],[-57.692930549630731,-18.980190804415177],[-57.693677361617254,-18.978977445075582],[-57.694166852718766,-18.977259002035851],[-57.693377987804872,-18.976059380655389],[-57.692456158116357,-18.974485279813091],[-57.691801346852955,-18.971403079539218],[-57.693191328090009,-18.969698994722926],[-57.695966700003602,-18.96662717939973],[-57.696762559445226,-18.964554119000262],[-57.697955565173167,-18.961847586924762],[-57.699871017553221,-18.960475220700125],[-57.701391737004478,-18.958774395096277],[-57.702119678382573,-18.957333809636168],[-57.703178646384657,-18.955948390831402],[-57.703708160682467,-18.954565913857934],[-57.704899794350787,-18.952494379632739],[-57.706285656823802,-18.951560567042925],[-57.707934729434285,-18.951241904858687],[-57.71021545997354,-18.949927885405039],[-57.711862750515408,-18.949753608757774],[-57.713986085781059,-18.949370238259863],[-57.71610941255328,-18.948986846344805],[-57.712628932936894,-18.869210996064073],[-57.758819615176954,-18.869016563631902],[-57.60463131541929,-18.372400101907274],[-57.77797106654485,-18.331377347136147],[-57.944092511346447,-18.285393396077851],[-58.062830764757372,-18.236699278025117],[-58.182004131902303,-18.216310526472533],[-58.385850529059582,-18.217746059578015],[-58.456679468355645,-18.253623094403348],[-58.527512095542392,-18.289502131590169],[-58.612619669516612,-18.339632044613456],[-58.684097129380923,-18.417971973202071],[-58.727464007020473,-18.496112273871208],[-58.771364336502536,-18.609635400281107],[-58.829112995551277,-18.70910404264604],[-58.900590248307601,-18.787442074559131],[-58.985266593933339,-18.809266477038147],[-59.048744848988612,-18.823866209140355],[-59.139906288812703,-18.810355182580345],[-59.328828640814017,-18.7550788383918],[-59.454597769272468,-18.70643185282059],[-59.61464991067259,-18.601422297955157],[-59.704838541843159,-18.52422222455635],[-59.738686686387126,-18.439550164762995],[-59.793302319691264,-18.333794957382946],[-59.875380493992843,-18.185778755397404],[-60.04862400617948,-18.024253983932187],[-60.186939586499335,-17.876632198171901],[-60.33963667973817,-17.750342049600675],[-60.478276641951815,-17.623952282185627],[-60.561652069444818,-17.560856383539075],[-60.637676243966929,-17.476481521300371],[-60.811354737151795,-17.343261793460993],[-61.013254901756703,-17.217316260207252],[-61.20098662348159,-17.084197491308526],[-61.368176264180995,-16.986311920513714],[-61.528655704788427,-16.909607627562167],[-61.674974843758704,-16.82572692024533],[-61.80063305827548,-16.77000409521925],[-61.940459429530648,-16.721457075886956],[-62.017239215946937,-16.686619323682795],[-62.094453879075665,-16.680086440698247],[-62.115324448681292,-16.666081417581822],[-62.213516418970684,-16.652622000865737],[-62.333120855562171,-16.660540264910431],[-62.446560735033778,-16.725022183587175],[-62.511225075841686,-16.817464571417457],[-62.554912127199501,-16.916833577276979],[-62.648019487152403,-17.030703211743283],[-62.691275299810137,-17.101767351499376],[-62.734317543743799,-17.158677757525876],[-62.806336784038763,-17.272398748954402],[-62.899009205771407,-17.3579615031909],[-62.998822806442334,-17.450651041760544],[-63.14827049657422,-17.571993789818777],[-63.212183253971581,-17.614898858873591],[-63.290367007278569,-17.672056948203061],[-63.465987450250346,-17.66621826891642],[-63.634363552096914,-17.646174752384706],[-63.767594208729456,-17.62588489517692],[-63.907851668625305,-17.605645093433381],[-64.047895452934625,-17.571253025887938],[-64.194748542330231,-17.522755349589477],[-64.481862897316475,-17.454017422921506],[-64.782717951097084,-17.364149069364309],[-65.083344002544692,-17.26012687719285],[-65.348836175100544,-17.155859039872663],[-65.586419432252484,-17.065546654797068],[-65.85147655761422,-16.932969300609024],[-66.130480393593402,-16.793417414189211],[-66.290745933812488,-16.702558056116423],[-66.485619010553492,-16.576565143898563],[-66.555581745481931,-16.555829232545012],[-66.639933723056075,-16.556423804863794],[-66.696598397371247,-16.585125945443874],[-66.746564410832718,-16.635009560724498],[-66.796415809607353,-16.677815624639496],[-66.887794635717199,-16.678458224652374],[-66.957757459197083,-16.657724478363768],[-67.097911796599973,-16.630406256573856],[-67.251142980070156,-16.53949925696023],[-67.508631211141733,-16.371491157680769],[-67.605312170159635,-16.258957904260978],[-67.709454972424453,-16.174779763984315],[-67.825919237777839,-15.977476027810038],[-67.921737871391656,-15.8083295506624],[-68.010735923608124,-15.653286383666899],[-68.070649870460585,-15.434356867710399],[-68.090875612644894,-15.377892060473027],[-68.124078796504477,-15.250760043862474],[-68.137270239379177,-15.194246089946855],[-68.135431127897078,-15.073943565506356],[-68.155984821729604,-15.038708409630217],[-68.154573255787412,-14.94671273949012],[-68.160959104054669,-14.904302276252416],[-68.209841371994088,-14.883417706279653],[-68.336254747634669,-14.877233274904281],[-68.414114327593794,-14.913159959261854],[-68.499008116991945,-14.949137757231577],[-68.597955614704247,-14.985213954367541],[-68.683055465785841,-15.03534421340693],[-68.767949151386176,-15.071320651709257],[-68.803418915603913,-15.092798661792122],[-68.922912728520103,-15.093640337632971],[-68.999589365489243,-15.051724723392157],[-69.068582488787825,-14.967300500013375],[-69.193699044776906,-14.876194585872648],[-69.270047721496098,-14.813049491764213],[-69.342866021187447,-14.744931766628515],[-69.348924515106603,-14.74769841620417],[-69.35360098528507,-14.750837974694001],[-69.356159278973095,-14.752804833523536],[-69.359979458805029,-14.755152290744883],[-69.36253788827733,-14.757119641080008],[-69.365524344549158,-14.759482365548918],[-69.368107208711237,-14.762273921711758],[-69.370296376105486,-14.765876756477725],[-69.372509702014781,-14.770294215604558],[-69.373865561165147,-14.773929427004369],[-69.376936350608062,-14.779139301603189],[-69.3796246139526,-14.785585398502379],[-69.380612213402983,-14.790846541129753],[-69.382491699970331,-14.798132905384387],[-69.386074714005019,-14.806585417791883],[-69.397489990358793,-14.840488857863122],[-69.400014087001651,-14.841240612638666],[-69.404598316196555,-14.841114778775109],[-69.409183372198072,-14.840997893142804],[-69.413815020274427,-14.842504043851337],[-69.418030902141894,-14.844022106452764],[-69.419328772216716,-14.845617039437434],[-69.421579746642934,-14.851258977782884],[-69.421687528544453,-14.854922176051463],[-69.420568315714647,-14.859429401276133],[-69.41944961823728,-14.863936047068519],[-69.417543662013429,-14.870099571310647],[-69.414780642439979,-14.875462254395936],[-69.40983175905825,-14.885844747240414],[-69.406931496562564,-14.892355092297326],[-69.404595912962648,-14.898122675768038],[-69.402690087746691,-14.904277620103304],[-69.401248016219682,-14.912051670358316],[-69.398542857368525,-14.919445322762607],[-69.39601790333414,-14.922868213882097],[-69.393324392207177,-14.926504681928808],[-69.389725563148957,-14.931892274356052],[-69.387330562240422,-14.935620127094696],[-69.383326304200992,-14.94141788661871],[-69.380096625186795,-14.945169618335983],[-69.375662959853273,-14.950571861075654],[-69.372850223044679,-14.954311532926662],[-69.369250319928881,-14.959698827993444],[-69.366842227688167,-14.963018004932017],[-69.361955510113177,-14.967217212968428],[-69.318508480201899,-14.972979493905816],[-69.31477510880687,-14.990384917159634],[-69.314064592951738,-14.991521813661917],[-69.312772081004795,-14.9930297009558],[-69.312322687156069,-14.995492896206938],[-69.309605214100728,-14.994854368871755],[-69.307859953380571,-14.995930437976536],[-69.307279361383408,-14.997816950166788],[-69.305856496362651,-14.99787606576292],[-69.304560869794599,-14.996107900720284],[-69.303330805874879,-14.994971948067416],[-69.301650582940141,-14.996490821153804],[-69.301329035852547,-14.998252186657952],[-69.301265764439975,-15.000331832502741],[-69.300102967542173,-15.001336235740276],[-69.298032517661056,-15.001587059193568],[-69.296420016936196,-15.005871653360179],[-69.297068282618568,-15.008012495431791],[-69.298107858324755,-15.011549480670579],[-69.294494007195524,-15.021064735037497],[-69.293721224413332,-15.024653720127208],[-69.292946509699789,-15.026726603835634],[-69.292819019021579,-15.028182507696838],[-69.291267428974194,-15.030005900785143],[-69.289649442623244,-15.029308402853708],[-69.288289970085714,-15.028612801791187],[-69.286610030602901,-15.029941042928165],[-69.286352197815177,-15.031454699659566],[-69.286612599231177,-15.033471107468259],[-69.287326661313557,-15.035737330687496],[-69.289463867599807,-15.038008063953225],[-69.289336343681796,-15.039463971607523],[-69.287718030835279,-15.039836958201017],[-69.285905999688822,-15.039453391869783],[-69.284611963892971,-15.038828102781245],[-69.283836624529556,-15.040148566528662],[-69.283578880895661,-15.041472277261915],[-69.282157104903732,-15.043291729902176],[-69.280605614817006,-15.044997108915073],[-69.280024861239511,-15.046438476745088],[-69.279768816078729,-15.048778207293804],[-69.28015838894197,-15.050609903884338],[-69.280225545196572,-15.05255867885386],[-69.279773214573098,-15.054132858312311],[-69.278350998214805,-15.05533483550024],[-69.277769743961471,-15.056586268025626],[-69.275700343353563,-15.058478870488301],[-69.274212074484211,-15.057967884719231],[-69.271817789181611,-15.057592199207731],[-69.270264478283423,-15.058153906893935],[-69.269942396654329,-15.05960625055236],[-69.270654879432513,-15.060929097134949],[-69.272144506818933,-15.061685020079326],[-69.273569262486831,-15.062696600691039],[-69.273700200753012,-15.064589329554392],[-69.272795129013886,-15.066104140398636],[-69.270789650487032,-15.067168945425999],[-69.269688926459239,-15.065839522604966],[-69.269493124613575,-15.063703494778039],[-69.26826297836601,-15.062377356680905],[-69.266386113199076,-15.062431285192996],[-69.265479082090351,-15.061358877816081],[-69.262053535532246,-15.065577611900714],[-69.260694181302284,-15.064826814685064],[-69.258880997846475,-15.064189583281141],[-69.257134690196835,-15.064629646135163],[-69.256165499427581,-15.066890482015106],[-69.255196212845732,-15.068279266033004],[-69.253125380865256,-15.06878308764329],[-69.250925040856188,-15.067766065120022],[-69.248401830964539,-15.067829396621136],[-69.247431997480277,-15.069091148516794],[-69.245943804697916,-15.070477146952273],[-69.244455134932082,-15.069711938034224],[-69.24348396248979,-15.068768632122774],[-69.241994932578166,-15.06851201664001],[-69.24115542647516,-15.07008796409057],[-69.240315122568603,-15.071917946075486],[-69.240833990498018,-15.073926761912965],[-69.242841432891467,-15.075257789669845],[-69.243554274179417,-15.076707733260763],[-69.242066328906105,-15.07764860091952],[-69.240707539941369,-15.077333113981148],[-69.239347720584533,-15.076891769500811],[-69.237211974524016,-15.0763265682652],[-69.235335159534898,-15.076125626627793],[-69.233912361487327,-15.076819844026778],[-69.231518866133229,-15.078203644832737],[-69.228412896646731,-15.07889153063314],[-69.226083869786194,-15.079829111530024],[-69.225825628400031,-15.081216274739988],[-69.225309204532195,-15.083490502885457],[-69.225051008069158,-15.084814161024326],[-69.224016514920564,-15.08650438889771],[-69.223694827229465,-15.08877314223801],[-69.223048914187544,-15.089980126366463],[-69.221883975924541,-15.091048224942213],[-69.220201755002321,-15.09186795302378],[-69.218325276814596,-15.091793853692398],[-69.216448549593323,-15.09230149080709],[-69.215413119932961,-15.093238150864215],[-69.214703112632392,-15.095699803595137],[-69.213086107731769,-15.09789679116942],[-69.211598484898062,-15.09940897328905],[-69.210335421624421,-15.100697771359696],[-69.207781905729618,-15.102993663586116],[-69.205258731287657,-15.1046990759643],[-69.2038358608349,-15.106082567913793],[-69.202745119575795,-15.107051172375193],[-69.200341706060257,-15.108786406082043],[-69.198918035665329,-15.109724784014144],[-69.197559306728735,-15.111043120088642],[-69.195877285710054,-15.112869649736872],[-69.194001471426645,-15.114828597448815],[-69.192319144107742,-15.116646034466111],[-69.190249591499963,-15.119291344277467],[-69.189085064836831,-15.120740279767338],[-69.186367148643114,-15.123194818548418],[-69.184361832319368,-15.124767384884391],[-69.183002371484037,-15.126021573448355],[-69.181126275022507,-15.127472373703409],[-69.178149545514302,-15.129925333918203],[-69.176078534396666,-15.131181935438173],[-69.173684210945808,-15.133700241541163],[-69.17310219039156,-15.135331874434511],[-69.172262140960683,-15.137669633255085],[-69.171356131445023,-15.13980944706349],[-69.170256962120803,-15.142327734296105],[-69.168768588303195,-15.144212160183717],[-69.166761510978546,-15.145974551159691],[-69.165338366822709,-15.147103769256423],[-69.163331262839364,-15.148358652224772],[-69.161907381247289,-15.149306421279638],[-69.159447826377772,-15.15062809507117],[-69.157830508049258,-15.15163564854479],[-69.156082576900658,-15.153136902251973],[-69.154658781644329,-15.153957608392558],[-69.152974980838565,-15.153950123337026],[-69.151551453494349,-15.15407224232098],[-69.14973849943064,-15.155013148174971],[-69.149739290385455,-15.156972722926705],[-69.149351553267209,-15.158299520785581],[-69.147926769611246,-15.159928198214031],[-69.147668457766528,-15.161759257825906],[-69.147539957701497,-15.164286223896271],[-69.147539235275914,-15.165856302948576],[-69.147216269106835,-15.167870981455529],[-69.145597999737973,-15.169005474872057],[-69.144044962879235,-15.169757304016768],[-69.142102526658235,-15.170065731734688],[-69.140548524411258,-15.170826063566187],[-69.138412117855964,-15.17232999406294],[-69.137376732895859,-15.174409936859334],[-69.135888117721862,-15.17535005862387],[-69.133816248670868,-15.176424247507965],[-69.132197508102422,-15.178058187658488],[-69.131291318364333,-15.179435774803459],[-69.130903651807586,-15.181016564679759],[-69.130773535967521,-15.182399899309674],[-69.13116294381949,-15.184802918965783],[-69.131292364761151,-15.186242206668917],[-69.131551164777918,-15.188785110948254],[-69.130644079619927,-15.191978309898515],[-69.130644196755966,-15.193874980729396],[-69.130838782324588,-15.195639263394014],[-69.13109863760873,-15.197220486503804],[-69.130321103607969,-15.198920928434948],[-69.129026309534552,-15.200046160197493],[-69.126889596703606,-15.200796415441349],[-69.124428421483941,-15.201554664259858],[-69.123198413905357,-15.204129827118498],[-69.121709318294336,-15.205642549796094],[-69.120673541299894,-15.207096442470046],[-69.120091250324435,-15.208854400514738],[-69.120544292277359,-15.211192948090615],[-69.123430147929184,-15.212709349886596],[-69.125726343170669,-15.213025725403922],[-69.127992674134674,-15.212336351941659],[-69.129741326541151,-15.212214868948413],[-69.131296006705085,-15.211844710991437],[-69.133303049065191,-15.211089113898987],[-69.135568993593083,-15.210653691848243],[-69.137577459421905,-15.211287219565726],[-69.139261854144578,-15.212809908758015],[-69.140362266093206,-15.21388606836569],[-69.141592678324074,-15.215330967321368],[-69.150855168201872,-15.223038950169713],[-69.1731311511342,-15.215776754271332],[-69.178765501652293,-15.227631607828277]]]},"properties":{"FID":1,"AREA":133254000000,"PERIMETER":3996040,"SEQ3_":3,"SEQ3_ID":2,"CODIGO":2,"descripcio":"1 de cada 4 anos con Sequia","grado":"Bajo"}},{"type":"Feature","id":2,"geometry":{"type":"Polygon","coordinates":[[[-69.491308546668208,-17.338199050889877],[-69.489932350848306,-17.339301651641225],[-69.488475637583463,-17.341458177209063],[-69.463044313617971,-17.326344773117132],[-69.371016916390317,-17.283241199442248],[-69.300184233777884,-17.247364549732389],[-69.236706409834753,-17.232766339024089],[-69.187396758677124,-17.225341428700126],[-69.116777935198542,-17.203618591582689],[-69.025399188400485,-17.202974200249567],[-68.982902804365182,-17.18144729939063],[-68.807171663392296,-17.18020996171305],[-68.771923120781679,-17.172885936794241],[-68.708437831638548,-17.158286184834846],[-68.6385819579844,-17.186098375340702],[-68.583214694900533,-17.242316195521479],[-68.521568506921511,-17.348019413522792],[-68.480369379259827,-17.411412573167599],[-68.467498514890707,-17.489157899239931],[-68.447494134298537,-17.559775402979586],[-68.441650308444736,-17.637568050564884],[-68.428886482115416,-17.722388816193114],[-68.415588258736662,-17.771826755517733],[-68.396118178080599,-17.877827514714436],[-68.376327324912381,-17.962599060132405],[-68.335776904530661,-18.068452957094657],[-68.316199969481247,-18.167378214079736],[-68.275214307723033,-18.244923286871291],[-68.227087434569981,-18.315344234407377],[-68.171399669887478,-18.350331403213307],[-68.143605391860277,-18.37136264399075],[-68.045413473707455,-18.384824066313179],[-68.00269570241403,-18.3491432938219],[-67.91088942665516,-18.320193813522334],[-67.85443850214206,-18.305643540326948],[-67.763059580100574,-18.305001157749878],[-67.714398573211213,-18.340037277828472],[-67.694493329542752,-18.417732861557933],[-67.681302046635921,-18.474246496202611],[-67.71060735069949,-18.552288819929423],[-67.739912827717276,-18.630329314801095],[-67.755271402159039,-18.715346908586266],[-67.75667546257732,-18.807344630373041],[-67.751151926544978,-18.906367268262485],[-67.752777520666541,-19.012518763173524],[-67.719902501934996,-19.16088009420638],[-67.693725911407427,-19.28806278633019],[-67.632842851936147,-19.443303541300192],[-67.558112215245629,-19.612598639488951],[-67.476248233413713,-19.774768493595534],[-67.34550153766952,-19.957822801856725],[-67.207300804495276,-20.112518248455839],[-66.971762722269858,-20.337288572623997],[-66.840482147667529,-20.484959735730392],[-66.666804125302036,-20.618177927223307],[-66.445655429237661,-20.864278836726875],[-66.362814242732156,-20.962758159836255],[-66.280194503879486,-21.075391154317135],[-66.259541446145576,-21.103549805411859],[-66.239209046814466,-21.152938149046093],[-66.233800095379678,-21.259038662184185],[-66.290251095737034,-21.273588788332031],[-66.48695561485502,-21.267896845403921],[-66.550547904267233,-21.289572742572911],[-66.663442142950188,-21.318671162087487],[-66.713293595648608,-21.3614774121992],[-66.728972889770489,-21.467726538099097],[-66.695342213751303,-21.566552753759918],[-66.599851733360182,-21.756929284846866],[-66.538533973231921,-21.883864835977452],[-66.456669633428575,-22.046035140497107],[-66.434375783990248,-22.125823945263129],[-66.412291699456119,-22.120808372406206],[-66.35139839755702,-22.102082072766684],[-66.347321682341587,-22.100601977893227],[-66.343161102646263,-22.098336612216375],[-66.339803234579279,-22.096319758962473],[-66.339033604517553,-22.095112136714778],[-66.337834261491281,-22.094212828603847],[-66.335776357981175,-22.094025014900719],[-66.334254291405315,-22.093229409552819],[-66.332186894538822,-22.092130083191755],[-66.330242298305748,-22.092342225048537],[-66.328308854121246,-22.093673473129826],[-66.326364237521119,-22.093885579501553],[-66.324519858032289,-22.093396764263844],[-66.323212564020693,-22.092593554824571],[-66.322219822490808,-22.090680539161131],[-66.321876062315951,-22.088767309271841],[-66.321425508827744,-22.087049633351906],[-66.320439771075115,-22.08594420331114],[-66.319131965445948,-22.084946972516249],[-66.318352167368488,-22.082827766717532],[-66.31855434628612,-22.08151163435075],[-66.319287669843064,-22.079281158770009],[-66.318941399348333,-22.07716052342148],[-66.318064618071801,-22.076053471186732],[-66.317075209865223,-22.074546236032315],[-66.314881045964512,-22.071629776246247],[-66.314004616926383,-22.070522693073048],[-66.314203693021526,-22.068904293225607],[-66.314947347402253,-22.067585151738495],[-66.313635616711579,-22.066281109543034],[-66.314373024196101,-22.064357475142394],[-66.315224952376411,-22.063136135642402],[-66.314772072720146,-22.061219738399334],[-66.313142401897352,-22.060524912902391],[-66.311619425497113,-22.059625345044953],[-66.310741806365684,-22.058513726181282],[-66.309544053160693,-22.057713444270718],[-66.308254923509637,-22.05853466359077],[-66.308275538268418,-22.060556225582179],[-66.308508681366192,-22.062173270456466],[-66.308307973573349,-22.063588538391254],[-66.306910407271431,-22.06440215731164],[-66.305396255909088,-22.064418596701312],[-66.303890089501223,-22.065233776068705],[-66.302063133470327,-22.06636027693866],[-66.300771725176361,-22.066978299669422],[-66.300355915018741,-22.068595051003168],[-66.298303603291316,-22.068812997927246],[-66.296888669716012,-22.068015675234662],[-66.295690309995507,-22.067215336901597],[-66.29328926553994,-22.065109384253798],[-66.29155196472945,-22.06451493973206],[-66.29003830602116,-22.064522243078699],[-66.288415516196565,-22.064535625988796],[-66.285820463434376,-22.064548708306802],[-66.284193640042361,-22.064155917012439],[-66.282671429207383,-22.063359911258939],[-66.281364582241324,-22.062461659903736],[-66.279514390825824,-22.061358917609123],[-66.278849899976947,-22.059847197591338],[-66.278941293438919,-22.058230219150627],[-66.279141863189025,-22.056711059102078],[-66.279557773190433,-22.055089661348532],[-66.280404715358927,-22.053268297178274],[-66.282328872405856,-22.051129739645074],[-66.282201171884012,-22.049208955266558],[-66.281101458199544,-22.04750004558699],[-66.279903846770239,-22.046695072142828],[-66.278597128996992,-22.04579677668869],[-66.276533345081148,-22.044899963617272],[-66.276840384973596,-22.043180706000552],[-66.278884752788557,-22.042254543319526],[-66.280283178292891,-22.04154032254522],[-66.281681290731399,-22.040826094985281],[-66.282969157025704,-22.039801989766648],[-66.284148798668525,-22.038783812689502],[-66.284239833845433,-22.03716677301858],[-66.283576952848108,-22.035758615516599],[-66.282378804258585,-22.034953926896637],[-66.280750079848829,-22.034357937179241],[-66.279226561799348,-22.033457966687322],[-66.278024837652055,-22.032255962669325],[-66.277468067590732,-22.030638827380269],[-66.276579206726367,-22.028322175944105],[-66.275162814376372,-22.027321494954808],[-66.27471469099423,-22.025806686443207],[-66.274698398243672,-22.024186654415786],[-66.275766067882131,-22.022867654473913],[-66.277387893837926,-22.02285437191275],[-66.278906744571287,-22.023352576621161],[-66.281085653378213,-22.024956557163787],[-66.281503889131372,-22.023533702596961],[-66.280194913391,-22.022436737780811],[-66.278443891541926,-22.020325991590674],[-66.277885943655363,-22.018708835049726],[-66.277651317656989,-22.016893261437204],[-66.277962208921124,-22.015570929689726],[-66.279031665027389,-22.014454913912537],[-66.286767030524317,-22.012669885688499],[-66.293919859061816,-22.011757353356877],[-66.294984178118114,-22.010131301736948],[-66.294969889833823,-22.008714244833765],[-66.294307940374892,-22.007405444357278],[-66.293109980003464,-22.006605144285761],[-66.291046914018949,-22.00581203906361],[-66.289637986152059,-22.005416235972053],[-66.288010155588665,-22.004924181096719],[-66.287129855670727,-22.003410670146941],[-66.286459658874662,-22.001293970130813],[-66.284933311506904,-22.000091846698002],[-66.282758082009295,-21.998894030105859],[-66.281987356450131,-21.99748296290948],[-66.281970398737784,-21.99586285459057],[-66.282602680680199,-21.994242650089969],[-66.283452991755652,-21.9928227596595],[-66.284083386132821,-21.99109892197103],[-66.283956010842843,-21.989177925929333],[-66.283509770472804,-21.987866061577922],[-66.282631807557522,-21.986560166194767],[-66.281101275667808,-21.984951644799704],[-66.28086419435833,-21.982932796670632],[-66.281712549972255,-21.981305198366226],[-66.282349061619072,-21.980086783023189],[-66.283284618766245,-21.977749533897857],[-66.282915652231722,-21.974035135871098],[-66.282888972849534,-21.972013461983433],[-66.282858262592327,-21.969684840761822],[-66.28305164809268,-21.967957796609724],[-66.283466770821988,-21.96663860819643],[-66.28376601259815,-21.964716118590946],[-66.283849958137552,-21.962891364967355],[-66.284694269211229,-21.961263878748476],[-66.286209459918666,-21.961252074024983],[-66.287170529204474,-21.960227583211939],[-66.286178050659743,-21.958819487438973],[-66.286047702829805,-21.957200748559139],[-66.285806972335465,-21.955380393177325],[-66.284603940962469,-21.954480753354197],[-66.283189971703436,-21.953985512982236],[-66.281769324287893,-21.952989444898535],[-66.280782100339948,-21.951982865784331],[-66.279775331356859,-21.949563640611455],[-66.279974011466877,-21.94824740521436],[-66.280270741380733,-21.946117305445956],[-66.280036211887634,-21.944802251676453],[-66.279350755054793,-21.942076269556971],[-66.278038674820522,-21.94107421608927],[-66.27640966618489,-21.940685825417713],[-66.275845932239747,-21.938969076188172],[-66.276802677314521,-21.93764228903694],[-66.277109572155027,-21.936324605076653],[-66.276864934066467,-21.934197211954086],[-66.276614834502539,-21.93166838042951],[-66.276269385955032,-21.930151810334156],[-66.2758123843806,-21.928334483071204],[-66.276226266562702,-21.926915806615803],[-66.277935477897415,-21.925177019928384],[-66.277155079494108,-21.923463358881346],[-66.276165024953954,-21.922258034791636],[-66.276559857971392,-21.919417595262676],[-66.276957124431846,-21.91797678784086],[-66.275765394659004,-21.916589116519354],[-66.274352386625068,-21.916197713416647],[-66.272937588247345,-21.915607756008352],[-66.271736675445453,-21.914807102466529],[-66.270526005347961,-21.913297888932572],[-66.269196503722341,-21.91098225561726],[-66.267980673404651,-21.909066632618753],[-66.26669488608124,-21.910095530411507],[-66.266175526794285,-21.911718698037589],[-66.264114333762393,-21.911336143791214],[-66.262797053008228,-21.909927561433165],[-66.262659606578893,-21.907699365140751],[-66.262855313627981,-21.90617999915122],[-66.263045532961328,-21.904154818526454],[-66.263461206997505,-21.902831140255397],[-66.263983010555378,-21.90141100943983],[-66.264285384732474,-21.899790657488424],[-66.264254614537464,-21.897461735808346],[-66.264124443687024,-21.895838293782631],[-66.263777927136474,-21.894118676641227],[-66.263307749963417,-21.89128987024819],[-66.261779146702395,-21.89029060724436],[-66.260682133430961,-21.88919048717289],[-66.260335054550936,-21.88747070951894],[-66.260746521883831,-21.885848897951963],[-66.261376119134738,-21.884422806108581],[-66.261766511140138,-21.881175931885981],[-66.26141979527948,-21.879460781912105],[-66.259342204730928,-21.87785937389528],[-66.257832865073354,-21.8782772585282],[-66.255666264496071,-21.87809456644305],[-66.254465416756886,-21.877298279147094],[-66.252711233648128,-21.875593147506763],[-66.251719156056012,-21.874184542880684],[-66.251047926788544,-21.872464561505918],[-66.250916752853456,-21.870746274896657],[-66.250998243858149,-21.868718304510239],[-66.250975842424211,-21.866998448908518],[-66.250956761895068,-21.865581220494484],[-66.250495935726946,-21.863461007116584],[-66.249717835535336,-21.861846331546147],[-66.248615844428556,-21.860335302579749],[-66.2481589776486,-21.858517694500051],[-66.248024473639518,-21.856492495953027],[-66.24724705786744,-21.854981449661654],[-66.246149097544702,-21.85377753502258],[-66.245804642040653,-21.852260700102942],[-66.246325252754858,-21.850741203988637],[-66.247142748405821,-21.847086619494821],[-66.246690448104047,-21.845571455391678],[-66.245693118260874,-21.843756460112012],[-66.244590080567605,-21.842146080098328],[-66.24391641348592,-21.840231930026594],[-66.242588333926378,-21.83801498152388],[-66.241923701408368,-21.836805096032521],[-66.241683800464045,-21.834979785913983],[-66.24141925994482,-21.831340028596394],[-66.240212391678128,-21.830033356650329],[-66.238350909101726,-21.828225557734886],[-66.237468895906972,-21.827022971195746],[-66.237234541226641,-21.825608439498357],[-66.237321541868923,-21.823981961932112],[-66.23729537226437,-21.821959602024574],[-66.237780046865268,-21.817699973653625],[-66.238521406688704,-21.816479960545379],[-66.239368118885878,-21.815050799645896],[-66.240317617039267,-21.813222801663748],[-66.241051657278277,-21.811492664452999],[-66.241565178509532,-21.809359005535946],[-66.242192021095178,-21.807634903156718],[-66.242390758860012,-21.806313717246518],[-66.242368143197154,-21.804593816206197],[-66.241810575601349,-21.803283023207154],[-66.239297220396921,-21.801380083324066],[-66.239055960068001,-21.799459883515951],[-66.239242072498627,-21.797127593284106],[-66.239101362236298,-21.794695856950813],[-66.23810621422777,-21.792984462595442],[-66.237760096153409,-21.791363654966723],[-66.237733324007479,-21.789341327060328],[-66.238134500176841,-21.786906614809627],[-66.238756162420344,-21.784776121240508],[-66.238840464342204,-21.782950803845161],[-66.241912368009906,-21.778059563540612],[-66.243375998314988,-21.77420173461584],[-66.243650771097037,-21.770445814549955],[-66.243398029089875,-21.767613530136181],[-66.243049544877806,-21.765794068348654],[-66.242380072334939,-21.76418205596714],[-66.241283197877181,-21.7630727141661],[-66.238148918391474,-21.761291334525325],[-66.236738549404521,-21.762045985460123],[-66.233486519007172,-21.76223457813677],[-66.231972377155842,-21.762250536685443],[-66.230458787188681,-21.762262105937328],[-66.22840411256098,-21.762285181071331],[-66.226225955957858,-21.761086634543489],[-66.225668628038036,-21.759775559488812],[-66.225110705596066,-21.758464627292078],[-66.223899938293982,-21.756855302241654],[-66.222490369534896,-21.756567251109274],[-66.205786238084585,-21.762901825550912],[-66.190537401792383,-21.766954097690839],[-66.176678158808272,-21.770991236185765],[-66.161442959113245,-21.776340117728768],[-66.144831066292099,-21.783000558224717],[-66.128217997547694,-21.789659642155044],[-66.112965172511096,-21.793706243002546],[-66.082500683881534,-21.805692263057953],[-66.064521196814582,-21.814956885810531],[-66.046667116186441,-21.835907760884638],[-66.038490374345955,-21.851570402814041],[-66.045728082021625,-21.877476032492535],[-66.050471600593653,-21.893284629280465],[-66.022342310369439,-21.902370882784865],[-65.988934104226203,-21.901382567147881],[-65.966671118202228,-21.901586545696926],[-65.941598493718828,-21.899216368891086],[-65.924967967539288,-21.905858297364706],[-65.896022163570379,-21.933384526405476],[-65.847849647273989,-21.988338123735758],[-65.824486922840293,-22.01969781498028],[-65.80387630342527,-22.048433456343922],[-65.794227862385711,-22.058899862471513],[-65.772080912236959,-22.073362961653668],[-65.767515834529263,-22.074247642299994],[-65.762831347151703,-22.073711966163231],[-65.761166915828085,-22.074389557894786],[-65.759748436680965,-22.075069080922503],[-65.757899311681868,-22.075861497980679],[-65.755925429427108,-22.076998622351979],[-65.752720725439787,-22.078185467270963],[-65.750564141115603,-22.078746846611566],[-65.74920599808047,-22.079773039217336],[-65.748336871875992,-22.081660034163946],[-65.746359972414709,-22.083428668267661],[-65.745065800225817,-22.084052519544581],[-65.742287912075895,-22.086100930217871],[-65.740316501379212,-22.086547218183192],[-65.737241676365016,-22.086071763076085],[-65.734720655698268,-22.085481856956886],[-65.732136629527162,-22.085176779228249],[-65.730473968547727,-22.085511245497674],[-65.728690059509432,-22.085328009632015],[-65.726167364555366,-22.085144175309761],[-65.724446624549245,-22.084788829200825],[-65.720695731844529,-22.084018246243279],[-65.719345979549018,-22.083207504555634],[-65.718303559470144,-22.082226263315835],[-65.717079171128091,-22.080665062248794],[-65.714505006722575,-22.078414596095115],[-65.711926904063034,-22.076787114373094],[-65.711070276766776,-22.07563687054666],[-65.708799623820951,-22.07424502650619],[-65.70750515805004,-22.07480987623374],[-65.705962882233152,-22.075603229690518],[-65.704547011454366,-22.075826294671728],[-65.70294548704122,-22.076159932062048],[-65.701409840040995,-22.075518158389297],[-65.699625375187637,-22.075393332619395],[-65.697840008346361,-22.075670294040304],[-65.696114867669252,-22.076118059207722],[-65.694511581266255,-22.076794652766072],[-65.690384307685008,-22.077801144470136],[-65.688596691326055,-22.078538344872051],[-65.686375669378165,-22.079727085357497],[-65.685447042215259,-22.080987211956504],[-65.68359229366186,-22.082812682216705],[-65.682479146204173,-22.084011631470432],[-65.681182908972204,-22.085036760675763],[-65.678775541678505,-22.086511632215803],[-65.677419412163459,-22.08713569521867],[-65.675939710586775,-22.087643695891465],[-65.673720585939023,-22.088489273040889],[-65.672057473759594,-22.088651721345212],[-65.668857930454806,-22.088627951968732],[-65.666582304521668,-22.088327888265717],[-65.664309259779031,-22.08756734888923],[-65.66160031032922,-22.087664600039446],[-65.659878073342426,-22.087538828905487],[-65.657047169486901,-22.087461160810253],[-65.655508813392728,-22.087568108400284],[-65.652615417683236,-22.087608435941291],[-65.651264718656677,-22.086968712386323],[-65.649549338116145,-22.085349148670179],[-65.64832461804977,-22.084134944138032],[-65.646300519216652,-22.082631470368661],[-65.643717071487686,-22.08226682502465],[-65.64193155565286,-22.082543180206336],[-65.639589841492779,-22.083218338765636],[-65.637433784033078,-22.083606865784386],[-65.635155470687778,-22.083992489464709],[-65.633190079643015,-22.083174167998546],[-65.631715924914133,-22.0825898092933],[-65.630120318505149,-22.08160513084718],[-65.627971783085016,-22.080558485276427],[-65.626187926701292,-22.08043333180693],[-65.624649833687755,-22.080251193622708],[-65.622436088150579,-22.0799499147742],[-65.620593173930288,-22.079360350161117],[-65.618693706988083,-22.077683818099473],[-65.61728445121895,-22.076299936776238],[-65.616059557258239,-22.075139669006326],[-65.615018163659684,-22.074103775449949],[-65.612501336563895,-22.072880528140644],[-65.610899431494303,-22.073326271716009],[-65.607886053662028,-22.07278972223498],[-65.60666032619163,-22.071805344943904],[-65.603402182910784,-22.071153959715065],[-65.60143504535003,-22.070737001165224],[-65.597922363790104,-22.07180767145908],[-65.5971147793027,-22.073350472781662],[-65.594840573269181,-22.072932200252311],[-65.593240613178295,-22.07286335982549],[-65.59170291663068,-22.072680982449857],[-65.589550453451579,-22.072383282746603],[-65.587763424010816,-22.072943564838791],[-65.586650244639785,-22.074024742724184],[-65.584799577513749,-22.074933263747301],[-65.582280765101657,-22.074169983316377],[-65.580379176565984,-22.072948907626547],[-65.578049059745638,-22.071272048882463],[-65.576889723801116,-22.069312129897824],[-65.576527104652698,-22.067989124254598],[-65.576472560886629,-22.066608884700813],[-65.576357067477645,-22.065174948908343],[-65.576984913351055,-22.062708947231869],[-65.576439197732,-22.061157740202162],[-65.575768047270287,-22.059833439514264],[-65.574978751409546,-22.057874013996766],[-65.573454463628735,-22.055051322319073],[-65.571986545399596,-22.053320130577013],[-65.570147504624103,-22.051985535500986],[-65.56830354714829,-22.05168889770518],[-65.481697934248558,-22.070425861769099],[-65.357588569864305,-22.068584474017374],[-65.186330532576278,-22.064163835975734],[-65.166019384766372,-22.063400298994871],[-65.056437159539939,-22.059247822941565],[-65.02455793677332,-22.058578552590934],[-65.004583982706706,-22.058156902451934],[-65.003956420247349,-22.059700607773657],[-65.003146857540813,-22.060839690080474],[-65.001723352633789,-22.06191577567688],[-64.999816512833618,-22.061781651834842],[-64.998337290236691,-22.062054944586407],[-64.996543207564315,-22.063246617477287],[-64.99572711489958,-22.06524764695893],[-64.995158307699796,-22.067079761711312],[-64.994221172029953,-22.068792885513577],[-64.992367522310403,-22.069691687685676],[-64.989469571689,-22.070409164501147],[-64.987237275824555,-22.072511210943457],[-64.985872297152184,-22.073821347041164],[-64.981989695838749,-22.074586910303417],[-64.980632411055922,-22.074976391129059],[-64.979456597398638,-22.075766262155788],[-64.978218010411936,-22.076673702620798],[-64.976729328553233,-22.078151810686812],[-64.974381476676058,-22.079279929173666],[-64.972781071743483,-22.079319281220599],[-64.970383239859132,-22.079066857906476],[-64.964600106681644,-22.078840258003535],[-64.962002499543516,-22.080421464977945],[-64.960824269637584,-22.081499955326162],[-64.958660354787682,-22.082685300556921],[-64.956253389087266,-22.083524757169361],[-64.954894896838923,-22.084026995827202],[-64.952479050545065,-22.085895421532186],[-64.95038884136504,-22.085644947703447],[-64.948730411858364,-22.085228887064417],[-64.947191685892363,-22.085272007469253],[-64.945954558891415,-22.086062090097602],[-64.945264253659275,-22.087605959029286],[-64.94475926124457,-22.089094454568606],[-64.944132819810847,-22.09040768164073],[-64.942707073335498,-22.09160075804504],[-64.940914053644192,-22.09255731852668],[-64.939367900420677,-22.093516595880441],[-64.937087926950724,-22.093840579380114],[-64.934989841459753,-22.094451899251762],[-64.93350397550158,-22.095528018053841],[-64.930846508804578,-22.09682048966782],[-64.928689750001013,-22.097202072975342],[-64.926041850113535,-22.097348202315057],[-64.923582767024428,-22.096978382591423],[-64.92137061900462,-22.096557155333038],[-64.919096878061481,-22.096190441197834],[-64.917437296065771,-22.095945575121512],[-64.914544836880282,-22.095912862887801],[-64.911897588808017,-22.096004683447006],[-64.910170702498561,-22.096446155007246],[-64.908201861565246,-22.096311773301601],[-64.906530029981397,-22.097443039552811],[-64.904613123896041,-22.098513147987141],[-64.90208544969046,-22.099005409886736],[-64.89998831648829,-22.099503743880334],[-64.898420665969454,-22.101004836125021],[-64.88884609962642,-22.013768159488947],[-64.835857928465103,-21.765739529793318],[-64.791415352603863,-21.616830840988619],[-64.725129163398762,-21.418238454308128],[-64.674300734236226,-21.311741505837315],[-64.553402787236337,-21.218904560073145],[-64.426225932387794,-21.175553157587476],[-64.32068654895329,-21.167733714293092],[-64.209516901876142,-21.251862978043174],[-64.099209620969845,-21.392605201209122],[-64.052380134853394,-21.547943365901585],[-64.013767971472433,-21.781177777312354],[-64.009770880277742,-21.979276728448138],[-63.99391071648666,-22.131748443655106],[-63.990907855779263,-22.128709634840682],[-63.988512609517706,-22.127259728373566],[-63.98802670169659,-22.123859119008689],[-63.988830595886277,-22.120806455563955],[-63.988832881369056,-22.119479983678648],[-63.988896640018041,-22.118035947165019],[-63.988224994259966,-22.115267641721214],[-63.987120406303099,-22.114287305749752],[-63.985278788772412,-22.112610119361186],[-63.983560420247052,-22.111045271663397],[-63.983377951792754,-22.109606270431055],[-63.984426948545433,-22.107360459531368],[-63.983939073890689,-22.105223354125119],[-63.983143358318074,-22.103086920517384],[-63.98222331166501,-22.101758640589438],[-63.980566140303111,-22.100717020415917],[-63.980692767457604,-22.098469415099391],[-63.981800798964059,-22.097319900991039],[-63.983340421706494,-22.095365893904329],[-63.98346682929273,-22.093289826615248],[-63.982670470832176,-22.091843822800918],[-63.981198802197206,-22.089709530272586],[-63.979418150213348,-22.088893846002815],[-63.977884792566321,-22.086931077317278],[-63.976595795064462,-22.085657957617691],[-63.975799453574403,-22.084099270419248],[-63.977031698088034,-22.08243041662168],[-63.978569305025935,-22.081568235324013],[-63.977529770228287,-22.07839465339984],[-63.978332235302332,-22.076727139730544],[-63.980236928475414,-22.07690621834314],[-63.982019174283771,-22.077198614164882],[-63.983493263799765,-22.077433172266804],[-63.984910007247279,-22.075650922605448],[-63.98442068484119,-22.07426706974481],[-63.983070414382944,-22.073337231904684],[-63.978829549092758,-22.07338197413975],[-63.97735403782282,-22.073612039959801],[-63.975508659856054,-22.074470666404864],[-63.972249162935782,-22.075843238219498],[-63.972808620857386,-22.072272103665632],[-63.974407086885996,-22.071811586063291],[-63.975332164420358,-22.069854933757203],[-63.975212217494942,-22.068357036060863],[-63.974232335717453,-22.066162461834622],[-63.973682516094023,-22.06443132340198],[-63.972640665804988,-22.06287309795605],[-63.970246502533499,-22.061134087695237],[-63.967853335410446,-22.059453693127093],[-63.966316639681935,-22.059219010916966],[-63.964288086301039,-22.059906527365921],[-63.962874507919715,-22.059671700100616],[-63.961771907472233,-22.057820159459428],[-63.961651556249592,-22.056439798975962],[-63.961962586041878,-22.054421712734982],[-63.963622421082853,-22.05384806266397],[-63.965897502849906,-22.053223179446647],[-63.96762113741169,-22.051498532661665],[-63.966209554956677,-22.050568682539144],[-63.964737860640568,-22.048546902502402],[-63.96197527302585,-22.047327781232578],[-63.959695559081155,-22.050552204357246],[-63.959692603528616,-22.052109067060808],[-63.958583175121198,-22.053718726035989],[-63.956000175479573,-22.055152418652671],[-63.954522616050056,-22.056357358672301],[-63.95409012315293,-22.057739439829955],[-63.952733388243601,-22.0602161661118],[-63.95095100727049,-22.060383959146037],[-63.948065095430493,-22.058934861271251],[-63.946841018906049,-22.056506179595285],[-63.944450810836152,-22.053097082372084],[-63.945068991229697,-22.051254186129704],[-63.945624735747259,-22.04947005593251],[-63.944705608714322,-22.04831292075685],[-63.943847724235134,-22.047101657623113],[-63.944587833084825,-22.045370996964401],[-63.944591345403815,-22.043471101613726],[-63.944532656403723,-22.042085917672299],[-63.944597906389703,-22.040009936701157],[-63.94417194686396,-22.03793086123255],[-63.943989900391905,-22.03660456337763],[-63.944979195654945,-22.033727008994312],[-63.946026257499462,-22.03228878563127],[-63.944923668831521,-22.030383209286956],[-63.942282516889222,-22.029853819566547],[-63.940808663721754,-22.029271425665975],[-63.937187900550271,-22.026899131226404],[-63.936145620276903,-22.025913882198786],[-63.935042251919768,-22.024585582454133],[-63.936089115296603,-22.023318967031731],[-63.937439376226237,-22.024244953801094],[-63.93952593627737,-22.025407575165914],[-63.941616019677362,-22.024661472237792],[-63.941927279923242,-22.022760601011832],[-63.940826781359092,-22.020047099445684],[-63.938370961944003,-22.018772428334298],[-63.93628345328348,-22.017957182162217],[-63.936348366230888,-22.016228655159022],[-63.937763294335348,-22.015078297000972],[-63.939116955952443,-22.014505551921111],[-63.940226208347241,-22.012665638284279],[-63.939307515242007,-22.011336956222241],[-63.937157783873687,-22.010810724356865],[-63.935624228478865,-22.00936185819209],[-63.937040489472281,-22.007927248926297],[-63.939009524787238,-22.006202054435775],[-63.939198347446059,-22.003782512861143],[-63.93674192915865,-22.003311171106567],[-63.934529121001304,-22.003764373972338],[-63.931582275563777,-22.002775516667541],[-63.929803618501275,-22.001386010275446],[-63.928946219570534,-21.999885544789013],[-63.927904761636611,-21.998268407344543],[-63.926557494442307,-21.996128484474237],[-63.927606137909208,-21.994342837468455],[-63.92877537553769,-21.993080317846964],[-63.929209445846432,-21.991120318551459],[-63.92896678878396,-21.98950525316198],[-63.928656292956894,-21.987540484882167],[-63.901872659400667,-21.987639274957356],[-63.753287587996319,-21.988057585710269],[-63.70297630957468,-21.988475396466736],[-63.700978521606039,-21.99206314879234],[-63.700114252238848,-21.993328528399797],[-63.699127045679191,-21.994765323443012],[-63.697710229018917,-21.995914300574043],[-63.697520653544593,-21.997643070027532],[-63.697638610732618,-21.999199826886709],[-63.696651719001977,-22.000176387755911],[-63.694679534136711,-22.002359737379319],[-63.692528151275049,-22.00263881829008],[-63.689948819693335,-22.002336366636523],[-63.688533130042671,-22.003078923738848],[-63.686810674759805,-22.003763500695758],[-63.685339281820795,-22.002836299649722],[-63.684360177435593,-22.001736805781842],[-63.68319515916518,-22.000926495721956],[-63.68178195755366,-22.001149870959043],[-63.68122490986044,-22.002473273283243],[-63.680911497597521,-22.004202248199061],[-63.680905890061943,-22.005813378063372],[-63.680963587810353,-22.007140212986545],[-63.679720700713951,-22.011289629102308],[-63.678545547247772,-22.013818974126171],[-63.677252113665553,-22.014678505770757],[-63.675218270282585,-22.016514268028416],[-63.675640658420946,-22.018882841553332],[-63.676924736459732,-22.020848334479055],[-63.676735189079089,-22.02234691300924],[-63.676851084022736,-22.024594173000953],[-63.67715189351739,-22.026326528129175],[-63.67714555535705,-22.02834377873263],[-63.67701749694745,-22.029959589602544],[-63.676703553988439,-22.031859911801661],[-63.675899999561331,-22.033296493381727],[-63.675402779138466,-22.034967001710477],[-63.674780326987893,-22.03738679591504],[-63.674652090845925,-22.03900257854653],[-63.674339237655552,-22.040731430183193],[-63.672004543489628,-22.040604539519308],[-63.670842245373713,-22.039040517784557],[-63.669250389470733,-22.037364449953294],[-63.669194889090299,-22.035690157332152],[-63.668770563060356,-22.033845265062709],[-63.667177860291154,-22.032511904079719],[-63.666939977666686,-22.03008895371822],[-63.666516150102588,-22.028067944828813],[-63.665292172421147,-22.02673413733827],[-63.664191551563562,-22.025174506237864],[-63.664688107261824,-22.023621295844482],[-63.663894294375766,-22.02211542407958],[-63.662859419425871,-22.019287386591792],[-63.66206809073212,-22.017090927057964],[-63.66078373320547,-22.015296777235271],[-63.660670099782742,-22.012702069660776],[-63.660490530892524,-22.011204027340725],[-63.660249834484027,-22.009647513711656],[-63.660073941018261,-22.007165617116854],[-63.659403771437354,-22.005487865599946],[-63.658671664995204,-22.004162071762501],[-63.65787723987836,-22.00277343103803],[-63.658497732217064,-22.00098970005406],[-63.660221301437609,-22.000129384982927],[-63.660840039726423,-21.998923577090864],[-63.660416211781403,-21.997019750432308],[-63.660114137044253,-21.99534579114464],[-63.65938233876814,-21.99378549806837],[-63.658898875159991,-21.991475625190933],[-63.651450152993199,-21.986767801273388],[-62.949114909977126,-21.987442449723712],[-62.863608542925263,-21.987759190753291],[-62.803096599777795,-21.988220491998828],[-62.802440867338994,-21.989591189406404],[-62.799826019686755,-21.9967644032685],[-62.798428313164429,-22.001069337156611],[-62.79806025122442,-22.005060320064924],[-62.798892108421811,-22.008898339919838],[-62.799904489662666,-22.011299893128715],[-62.802424014168864,-22.017536918787414],[-62.802976675312095,-22.019555473468348],[-62.803208694104086,-22.022584283908397],[-62.803222942890962,-22.02510698242591],[-62.80269954925464,-22.0281383457869],[-62.802277292195441,-22.029653624462533],[-62.801744639001591,-22.031168709091542],[-62.801104565145131,-22.032584217966583],[-62.800147937819695,-22.035212864117693],[-62.799399836590169,-22.036727295588882],[-62.798763769819502,-22.0387520137471],[-62.797593274984358,-22.042084224259256],[-62.796741141243864,-22.044108419725827],[-62.79545902190894,-22.046736306219607],[-62.794714417382437,-22.04855298189155],[-62.794077622886661,-22.050676892212628],[-62.792906342940661,-22.053706591037241],[-62.792374218088376,-22.055022944122079],[-62.792384421728507,-22.056940937504745],[-62.792395198290578,-22.058958038066606],[-62.792513918654265,-22.060876200887872],[-62.792740747787924,-22.062893788717414],[-62.79285735330641,-22.064306508612106],[-62.793080677712005,-22.065823300490177],[-62.79319844603905,-22.067538280900006],[-62.793424131767061,-22.069253576238541],[-62.794855241019135,-22.073995218274458],[-62.795838271863296,-22.076113961135555],[-62.7968208710002,-22.077925780652823],[-62.797913228247062,-22.080044684022866],[-62.798894612013299,-22.081757226551712],[-62.800308813770059,-22.083570139655826],[-62.800966189586468,-22.085182603301671],[-62.801514347564876,-22.086596102479898],[-62.802605654643727,-22.088611184555635],[-62.803804410394278,-22.090527320171301],[-62.804890550176175,-22.091531564478853],[-62.806191622619416,-22.092540935503088],[-62.807279072568569,-22.093545171188303],[-62.808471538932821,-22.094450451119592],[-62.80945027184346,-22.095558252118888],[-62.810977330466905,-22.098178877491161],[-62.811743514427206,-22.099890965743356],[-62.812619413599812,-22.101909979024224],[-62.812845321410748,-22.103828002763557],[-62.812642514291007,-22.106151492739993],[-62.812006338129109,-22.108369966298525],[-62.81093734779293,-22.110190490210144],[-62.809970679178043,-22.111307144981637],[-62.808894651364511,-22.112216107979108],[-62.807928543228982,-22.113228999943512],[-62.805774958215729,-22.114446642431624],[-62.803620141639286,-22.115461401431133],[-62.801032972041028,-22.116479661170775],[-62.799200042190961,-22.117188143319826],[-62.797583758613314,-22.118000860793408],[-62.796617391481298,-22.119216964712589],[-62.795763808351317,-22.121033220112654],[-62.795340619806616,-22.122652115264373],[-62.795352052199497,-22.124772725902325],[-62.796121588257741,-22.127089261760272],[-62.797217536799607,-22.129812590396661],[-62.798306186268285,-22.13122292449],[-62.799504594478258,-22.1330396919234],[-62.800158680248103,-22.134245877614294],[-62.800718450270224,-22.137676202927427],[-62.800401674636859,-22.138993003419557],[-62.799437021578548,-22.140506652049357],[-62.798148208617455,-22.141825656682428],[-62.796857638243523,-22.142837628428786],[-62.794055610518235,-22.14435609714123],[-62.792762678654817,-22.145070319047079],[-62.791364626182371,-22.146082075165712],[-62.789209915785854,-22.147398851498558],[-62.787487460592686,-22.148414259654064],[-62.785334408062425,-22.149934123058692],[-62.783826888404519,-22.15104923445617],[-62.780808634565226,-22.152368247520158],[-62.778437133102656,-22.153282936414321],[-62.776064966852985,-22.154400432364788],[-62.774339092814053,-22.154910512114551],[-62.7709935417111,-22.15582692393345],[-62.764512182802719,-22.15604527623114],[-62.761484245444805,-22.155748724151895],[-62.758672128251085,-22.155150450206804],[-62.755097255640074,-22.153543989037594],[-62.753364760079108,-22.152844866773535],[-62.751414449633849,-22.151941915137801],[-62.748489413610976,-22.150431835531041],[-62.745891141761113,-22.149630940059403],[-62.744163620956762,-22.149838417049459],[-62.74027771583561,-22.150757567957424],[-62.738877432504502,-22.151669728100718],[-62.737586006495661,-22.152582231134346],[-62.736078135663575,-22.153692634225365],[-62.735113155261921,-22.154908112367082],[-62.733929589514275,-22.155920171197796],[-62.73285525432722,-22.157135558135931],[-62.731780926202411,-22.15824705185975],[-62.730927176651129,-22.160572762801468],[-62.729538403266545,-22.163600942819244],[-62.728684765813988,-22.165723647543594],[-62.728045181809861,-22.167341572630367],[-62.727082182455511,-22.169161689820331],[-62.726441226326443,-22.170576618549156],[-62.725165228495129,-22.174714818142068],[-62.724743064637643,-22.176531743683956],[-62.723778611655597,-22.178153346844368],[-62.721184853577547,-22.178259108386484],[-62.719023181611348,-22.17816287664013],[-62.717838926296288,-22.179075430045611],[-62.718603982950768,-22.180688217148013],[-62.719476504169883,-22.182301209828427],[-62.720132392005659,-22.183814388410866],[-62.720690266811872,-22.187141002851565],[-62.720594517537251,-22.189464123263498],[-62.720064877363185,-22.191582970422118],[-62.719316231598384,-22.193101342928362],[-62.718140149456886,-22.195728405123173],[-62.717174309682171,-22.197042931310566],[-62.715453528212429,-22.198662487904613],[-62.713295275046242,-22.199269828277487],[-62.710592700975297,-22.199176642919177],[-62.708320795411701,-22.198876971685028],[-62.705831711972095,-22.198378370598668],[-62.702368454168976,-22.19727685002773],[-62.69976466855001,-22.195469500296852],[-62.69813652748914,-22.194057141934188],[-62.694659674819945,-22.190532787244635],[-62.693250572111985,-22.189626438031198],[-62.689783510595092,-22.188019370559495],[-62.68589060734633,-22.187624641665536],[-62.683300898845033,-22.188339014644541],[-62.681688177910907,-22.19005765209247],[-62.6809399515232,-22.191774355833889],[-62.680407626460436,-22.19339243633004],[-62.679983386981256,-22.19500637787781],[-62.67934469584619,-22.197025496161338],[-62.678166923002912,-22.199250758856969],[-62.677308454537012,-22.200664700200335],[-62.676451661066018,-22.202182662592097],[-62.675057796914494,-22.204605579768415],[-62.674417824092799,-22.206322595802064],[-62.674100079099652,-22.207634391500491],[-62.673356167377399,-22.210262381189722],[-62.671860069667872,-22.213898554368406],[-62.671010934883569,-22.216927543734663],[-62.670264166746769,-22.219050185959961],[-62.669838292531814,-22.220361702746157],[-62.669306470269532,-22.222182627465408],[-62.668558811994352,-22.223998411569109],[-62.666309176432243,-22.228241068377489],[-62.664698515198047,-22.230365650299994],[-62.663732189778536,-22.231882944192684],[-62.66212284413055,-22.234408890007767],[-62.66051161313969,-22.236429542895813],[-62.65943626556362,-22.237644381395221],[-62.657714510764258,-22.239362291464602],[-62.656312891338366,-22.240174545357601],[-62.65490962969286,-22.240580743664648],[-62.653397307205211,-22.240783588905568],[-62.651342897620822,-22.240790951408634],[-62.648963453040174,-22.24069338285565],[-62.646800603371055,-22.240497219036119],[-62.642469848545957,-22.239089915414514],[-62.640193240996943,-22.237882881591016],[-62.638999124343449,-22.236877686828702],[-62.63747754161642,-22.235063980836546],[-62.635951378713663,-22.232343576679675],[-62.626624061376596,-22.202485681966834],[-62.605693891220277,-22.139742105033715],[-62.583665515580918,-22.069828604540938],[-62.559393846659567,-21.998275959461534],[-62.550850514811813,-21.969054489394054],[-62.443193515552636,-21.633734228557632],[-62.331704457517674,-21.289275944647219],[-62.253541746264688,-21.029124214811535],[-62.254018043562205,-20.977517706348998],[-62.254052655612021,-20.974825701323649],[-62.256566402290922,-20.778810088597432],[-62.262512358780029,-20.558539296973237],[-62.187134859528797,-20.448211637159186],[-62.077635552592731,-20.32896527630249],[-61.920663852937174,-20.118036042953349],[-61.703957286519824,-19.625886894764921],[-60.738382413150035,-19.469375858395026],[-60.73702971194178,-19.380599087434128],[-60.768718434063409,-19.154391795355583],[-60.792189611465567,-18.850294420212105],[-60.838908627395362,-18.687876536822824],[-60.864757232790176,-18.539465968678414],[-60.932995327786308,-18.405502636448745],[-61.007184490504045,-18.20082415951369],[-61.131007415641271,-18.024798128966975],[-61.227471030823985,-17.898111224716335],[-61.338640889086371,-17.813983984550045],[-61.499444701239824,-17.758509627558492],[-61.604449821243769,-17.730943664620888],[-61.815219626036743,-17.725353289539203],[-61.907029674148056,-17.75430302350156],[-62.034202771358508,-17.797654372730594],[-62.189814958145,-17.862433656058045],[-62.352892697012564,-17.95556793217985],[-62.487838792187759,-18.048499069155508],[-62.61631829144212,-18.176775304746943],[-62.708777008017165,-18.248185802828583],[-62.823083066198855,-18.369280504561114],[-62.937492156670508,-18.497453291269284],[-63.023786443023781,-18.625427115480122],[-63.138737360002729,-18.788980989033757],[-63.311218994741054,-19.03785160278526],[-63.463043870172079,-19.31488274100353],[-63.56491035863683,-19.542028247791166],[-63.645257674087453,-19.740719357483044],[-63.682131626177664,-19.854193047264545],[-63.760746640578127,-19.939658416600135],[-63.87235128417138,-19.883836809130113],[-63.913336869583681,-19.806289817463867],[-63.931723431836424,-19.629522166273279],[-63.99055377117449,-19.339824127310532],[-64.089831726258524,-18.93719630188799],[-64.162830171241851,-18.654675536888927],[-64.284275988296471,-18.322962904245379],[-64.366575322648913,-18.189098922755932],[-64.490402075422338,-18.013074515601389],[-64.60211353001911,-17.964329240845966],[-64.72074494671908,-17.908556745245917],[-64.776325962303801,-17.866492488502921],[-64.950546018678523,-17.768657785328426],[-65.173640738776513,-17.649936739491469],[-65.403441791896071,-17.510037917345091],[-65.730999899451518,-17.328371948041212],[-66.261114011798824,-17.063219872493356],[-66.450036198916294,-17.007943629900065],[-66.562281851848709,-16.994582655202933],[-66.717031539457778,-17.002747184136854],[-66.794570528535786,-17.017446258685773],[-66.984576409863237,-17.032934154209805],[-67.181387766472653,-17.034320354557757],[-67.349549931451065,-17.000124806646866],[-67.446986561070446,-16.937128222562826],[-67.509060208844076,-16.859730510524383],[-67.564747926842813,-16.824743700474954],[-67.648237487161268,-16.768723698666896],[-67.731941006301497,-16.726857714513169],[-67.830133101320342,-16.713398096057393],[-67.893389490145893,-16.713844346565285],[-67.920534926671067,-16.650352161471083],[-68.017002307954897,-16.523665228371478],[-68.085125899004225,-16.382626175674528],[-68.125684306306567,-16.276774137295384],[-68.201704680507234,-16.192399513757238],[-68.284438833692121,-16.08684304046194],[-68.380898515293907,-15.960157130055359],[-68.471415008974546,-15.904186812386751],[-68.562580198640063,-15.890677363910342],[-68.584202481474662,-15.926208491674213],[-68.578579670790177,-16.018156561792004],[-68.551655393612307,-16.09580027316024],[-68.510883573944355,-16.187498539434234],[-68.491306470302348,-16.286423806045082],[-68.464488823423935,-16.371145338286919],[-68.493359090841906,-16.420880165390454],[-68.529477518289468,-16.484816546804559],[-68.565160852176732,-16.520447570844905],[-68.573492604987663,-16.605417145003379],[-68.616637803579522,-16.669405251111421],[-68.716020290946801,-16.733787697293216],[-68.821559587479797,-16.74160711015455],[-68.927106298004119,-16.749424299990263],[-69.024756709726844,-16.700581607416318],[-69.075586721512039,-16.671920149510989],[-69.076607810443875,-16.674048003012167],[-69.078460325668317,-16.675548867216925],[-69.080851454783996,-16.677171587350092],[-69.083599482063107,-16.678783898080276],[-69.085810872429022,-16.680347421272312],[-69.087722695685116,-16.681501973948251],[-69.090292257708697,-16.683237064022205],[-69.093638838098315,-16.683997647291434],[-69.095251498747942,-16.68410747958993],[-69.09949400986666,-16.68371819054757],[-69.101107345425547,-16.683428165416675],[-69.103617142883408,-16.683376530117627],[-69.10630542093952,-16.683556411863712],[-69.108994856415563,-16.686440667333557],[-69.110369505128702,-16.68765521585653],[-69.111982697337496,-16.688118769078802],[-69.114133662286946,-16.68719680109519],[-69.115627890990609,-16.686338522130935],[-69.117778024325929,-16.684962298915632],[-69.119927847548624,-16.68368700175288],[-69.12184011835204,-16.682998201542674],[-69.12369225887609,-16.68248381948429],[-69.125424732508165,-16.682317712289379],[-69.126918849393434,-16.683129427388579],[-69.128891645044646,-16.68410915200873],[-69.131580886271394,-16.685904320467909],[-69.132894889219841,-16.686711342775503],[-69.134150458197908,-16.687466486208251],[-69.135465155383145,-16.688209961748122],[-69.136719962109112,-16.688846587326292],[-69.138155296989211,-16.690123546779621],[-69.140784577130432,-16.691447688864844],[-69.142518094741092,-16.692606702032503],[-69.143892754344137,-16.693412164142405],[-69.145087761508478,-16.69423224770545],[-69.14729924023446,-16.694397257691143],[-69.148734369618552,-16.694575133323195],[-69.1517827918763,-16.694925896520306],[-69.154412730427879,-16.695914137199093],[-69.157221976200717,-16.699021669482271],[-69.158418729003614,-16.700413261004197],[-69.161288310820581,-16.703527756936438],[-69.164577403516205,-16.707565844124741],[-69.166072352499981,-16.709412201583987],[-69.168465265335257,-16.713510938685335],[-69.169960569935938,-16.715411700396199],[-69.171096800473379,-16.717086560494028],[-69.171934086237613,-16.718296993970597],[-69.172233788506645,-16.720312949269353],[-69.172175471241729,-16.722165935023078],[-69.172177387425009,-16.724181318210576],[-69.172416912908659,-16.726080806384051],[-69.172298794325954,-16.727699361789018],[-69.172419323347142,-16.729483839194927],[-69.173257537873397,-16.731212561372427],[-69.174155243272381,-16.733229589144681],[-69.175590725909672,-16.73605727659325],[-69.176250522129905,-16.73917069298335],[-69.176191942148733,-16.740615379201024],[-69.176732403288923,-16.74459371838925],[-69.176733317542187,-16.745973983727581],[-69.176675456203057,-16.749034278697899],[-69.176676909234757,-16.751339446517079],[-69.177276999593218,-16.755080394234867],[-69.178953087722121,-16.758954038220836],[-69.180150513070942,-16.76068176980905],[-69.182543254357029,-16.763791342971096],[-69.184098134651165,-16.765699030549765],[-69.187447781088807,-16.768355536476037],[-69.188643580464657,-16.769511071761364],[-69.189900797826596,-16.771245770617966],[-69.191216702684883,-16.772796970678296],[-69.192473331172835,-16.774639981963364],[-69.193969225258257,-16.7766681497489],[-69.195406186223181,-16.779550099043849],[-69.196303617137985,-16.780704498319096],[-69.197740533145321,-16.783296652279585],[-69.199416891798037,-16.78629908199181],[-69.200255167081707,-16.787682335865728],[-69.202050766308844,-16.791198958904147],[-69.202829073507033,-16.792583694090819],[-69.204626176885796,-16.796218777214172],[-69.205943351910861,-16.799276593290625],[-69.206722057266489,-16.801178483244239],[-69.207739853559644,-16.80251186981333],[-69.208458794961032,-16.804642641419413],[-69.2091187894641,-16.807011351875403],[-69.210136293680975,-16.808507486473609],[-69.211093211874285,-16.810005125815074],[-69.212770010571518,-16.811736602637286],[-69.216179151334231,-16.813583080864291],[-69.217375246410313,-16.814448100189622],[-69.219827898261954,-16.815776249474354],[-69.221623013930383,-16.816933084505877],[-69.22323810373905,-16.818094400711185],[-69.224554630797016,-16.818837851655349],[-69.225870168955552,-16.819762785546491],[-69.228203686801194,-16.821384728554225],[-69.230417927655097,-16.82299261658175],[-69.231614151979713,-16.823748672945719],[-69.232870388003718,-16.824502653990656],[-69.234904744294781,-16.825878522781725],[-69.236221811198945,-16.826921874730441],[-69.238016724278381,-16.828368922928462],[-69.239812100460455,-16.829461517914719],[-69.24196532181503,-16.830852487958303],[-69.243581353345533,-16.831778287186388],[-69.244658440780768,-16.83304593005532],[-69.246335150146081,-16.834886024810405],[-69.247891522202536,-16.836847645848721],[-69.249866866917728,-16.838579845860338],[-69.251004581332609,-16.839908880745298],[-69.252800228208983,-16.841700571718054],[-69.254596460905248,-16.843773505405146],[-69.256631277898791,-16.845848367116762],[-69.257589672085032,-16.847119494014475],[-69.259026577974694,-16.848793689877155],[-69.260703785486484,-16.85081569134508],[-69.263995803849554,-16.854270892676023],[-69.265553702369573,-16.85623291194856],[-69.268306793997667,-16.858659883365657],[-69.269923920517954,-16.860501291642407],[-69.271839085236806,-16.862234803233239],[-69.273934897893611,-16.864199648900005],[-69.275850740545991,-16.866041986761275],[-69.277407930884067,-16.86794836248043],[-69.279324637481196,-16.870598737173896],[-69.280882804585517,-16.872733028799463],[-69.282080375843378,-16.874060385055124],[-69.283756306045035,-16.875564490860377],[-69.284835076237812,-16.876831886117419],[-69.285614304526362,-16.878388683084676],[-69.286932210105803,-16.880411614158529],[-69.289268396309453,-16.883294573483042],[-69.291245454089292,-16.885597961139311],[-69.292562918532866,-16.887039610889886],[-69.295378560238589,-16.890499001295328],[-69.29663666307124,-16.892288046478313],[-69.298434940556731,-16.895004756528536],[-69.299633988014776,-16.897303381856798],[-69.30089273229828,-16.899436034578926],[-69.302031762285267,-16.901454894962622],[-69.303470950608457,-16.90376499120859],[-69.305688187534884,-16.906823740314973],[-69.306827295316666,-16.908842004727827],[-69.307906703933597,-16.910744391958545],[-69.309165342795438,-16.912414827488249],[-69.310184135301753,-16.913801565653486],[-69.31120385995915,-16.915823969266953],[-69.312222732705351,-16.917491965741114],[-69.313660696919555,-16.919447597739044],[-69.314320826122852,-16.920835483906213],[-69.315639945454024,-16.923138903188516],[-69.316781713168581,-16.926428430063623],[-69.314871410350079,-16.929488134474326],[-69.313501465737502,-16.933865591664794],[-69.31761066509975,-16.940585966140514],[-69.319644673030737,-16.940872815615641],[-69.321263000546395,-16.943122655253244],[-69.322105009569313,-16.946065910971399],[-69.323186717405392,-16.949347846436595],[-69.324268776115218,-16.952920107744308],[-69.325529448840584,-16.955979151606666],[-69.326730645220536,-16.958694919890171],[-69.328468350448588,-16.960541875600118],[-69.329668726566368,-16.962903793243708],[-69.330986758515834,-16.964572011925846],[-69.3321855100492,-16.965844608902806],[-69.33434213597512,-16.967343434527731],[-69.336137464497412,-16.967746224863031],[-69.338710686001789,-16.967980586330448],[-69.340804701338044,-16.968038309523266],[-69.342241157223469,-16.968033406220894],[-69.344096122521421,-16.968097765021302],[-69.345831869645991,-16.967984255966094],[-69.348166143078174,-16.968271104535322],[-69.35079853456196,-16.968449366905926],[-69.353970181609313,-16.968502656221492],[-69.3553458801576,-16.968217948425298],[-69.356961527693457,-16.968044474625632],[-69.359056424892799,-16.968282889623893],[-69.36109220411457,-16.969195915617533],[-69.362351599282462,-16.970756565989792],[-69.363551039613782,-16.972492269858009],[-69.364809569175705,-16.973934976038706],[-69.366068471010635,-16.975369158988631],[-69.367207583384925,-16.976924357466668],[-69.368347958830057,-16.978715987051491],[-69.369966324557737,-16.980211811050793],[-69.371681489522985,-16.982966877300534],[-69.372573320588515,-16.984420647879492],[-69.373773322142227,-16.985575027560571],[-69.375274946928641,-16.987256405179178],[-69.376596082526106,-16.988697432470751],[-69.377857427237686,-16.990085548539806],[-69.378940126589526,-16.991533820765582],[-69.380439993795221,-16.99297873707491],[-69.383082231267167,-16.99540762796731],[-69.385007236150471,-16.998873399527046],[-69.386088106522422,-16.99991282229136],[-69.387528802639693,-17.001132948522745],[-69.387774720914962,-17.003385834672134],[-69.386760273452225,-17.004949272501122],[-69.385924096863207,-17.006099259503365],[-69.384310037841288,-17.007252805964551],[-69.382336086824154,-17.008181392114039],[-69.380183654719076,-17.00962377531976],[-69.378155460682351,-17.01280441552181],[-69.377203679578926,-17.015165191326577],[-69.376250203463272,-17.017253244108282],[-69.375057921427185,-17.01927483735901],[-69.373804073993696,-17.021117674662879],[-69.372312254845497,-17.023030688251076],[-69.370279049735444,-17.024359887656843],[-69.368603788750889,-17.025398055496943],[-69.366870677996786,-17.027072240206323],[-69.366157017380118,-17.029035572094291],[-69.365864264931446,-17.031639672699185],[-69.366051256908491,-17.034411803218514],[-69.365878775793533,-17.037357593496331],[-69.365823408298681,-17.039211047906168],[-69.365467332157749,-17.04076372396198],[-69.365953732977019,-17.043363726979827],[-69.366137442721623,-17.045101608244046],[-69.366624501789573,-17.047937489090703],[-69.36710676443839,-17.049493060117094],[-69.367111442193178,-17.051109071801363],[-69.368371497467479,-17.052098052415396],[-69.369873339567704,-17.053770374338612],[-69.371674862269032,-17.055279055602725],[-69.374016116366477,-17.057244533154826],[-69.376656181658277,-17.058865477169167],[-69.378577400010755,-17.060307515237771],[-69.380319052743701,-17.06192710377664],[-69.382178899211738,-17.063025344619298],[-69.383439384281743,-17.063896842400219],[-69.385360035263915,-17.065229957445336],[-69.386441535503351,-17.066151405231075],[-69.389022892108187,-17.068408815691299],[-69.391244903198086,-17.070250716047433],[-69.392685721155487,-17.071243404084456],[-69.394007894722208,-17.072802231296556],[-69.395328000965407,-17.073608611637219],[-69.397128390152034,-17.074999156186106],[-69.398689209391378,-17.075979637717662],[-69.401090388101679,-17.077770316647175],[-69.402833225489161,-17.07933525086953],[-69.404093209642681,-17.079970173763964],[-69.406012886418893,-17.081067228844571],[-69.408351752844212,-17.081761601830838],[-69.410391019368248,-17.082346874261361],[-69.412728964607766,-17.082922706725423],[-69.414708844397623,-17.083618348402961],[-69.416568417480605,-17.084544475150789],[-69.418547492471674,-17.085294539829327],[-69.420107799406139,-17.086038979325686],[-69.422627640947439,-17.08731768900094],[-69.42466616597558,-17.087893770415597],[-69.426166663228045,-17.088585276557552],[-69.427840400804229,-17.08708398779633],[-69.429095337520039,-17.086103331012573],[-69.431067394482824,-17.084140062958781],[-69.432262312497954,-17.082870605310617],[-69.434654255483025,-17.081249122340711],[-69.435849265748928,-17.080215538594196],[-69.437582950788908,-17.078712608786997],[-69.439914687755405,-17.077092057613122],[-69.441170103724275,-17.076111877220875],[-69.442245418682276,-17.074954341019311],[-69.443259911764031,-17.073563047127042],[-69.4460166018725,-17.073682477770621],[-69.447217701135031,-17.074609581191361],[-69.448538394209237,-17.075532999271562],[-69.449979289819638,-17.076516225352837],[-69.452379718502328,-17.077843622188638],[-69.45394062336608,-17.07894164661716],[-69.456641967106094,-17.08050499687322],[-69.458263647868137,-17.08200062035802],[-69.46000513102446,-17.08310183262553],[-69.461087266174815,-17.084259352263011],[-69.462950401360004,-17.086055993013677],[-69.464452587841421,-17.087555252791816],[-69.465834082600523,-17.088830258411054],[-69.468475471368052,-17.090558904565142],[-69.470398316933938,-17.09206415000158],[-69.472500135673528,-17.093454123913499],[-69.474541670856226,-17.094900658057831],[-69.476762717476234,-17.096396916804192],[-69.478265533384018,-17.097786618212048],[-69.480068387862403,-17.099630616608483],[-69.481693157556734,-17.10166072103079],[-69.483916622833078,-17.103737515406081],[-69.485839113858347,-17.10524206247095],[-69.487040356502391,-17.106222807074033],[-69.490106008872644,-17.10917343340445],[-69.49239263286573,-17.112119492818739],[-69.494317193089287,-17.114086632213358],[-69.496420151954325,-17.115876118375066],[-69.498764121812656,-17.118239362727476],[-69.500748726336951,-17.120322815899552],[-69.503634895095601,-17.123105570010964],[-69.507059904530323,-17.126044805063717],[-69.509103421412178,-17.127663907128063],[-69.510905905745403,-17.129225819505979],[-69.512406849588146,-17.130034653726959],[-69.51384687772466,-17.13060918272657],[-69.516007991260182,-17.131652956779575],[-69.518708769546677,-17.132634859240909],[-69.521767525622138,-17.133387838564705],[-69.52392768394256,-17.134023272074355],[-69.526147346182512,-17.134655979774667],[-69.529087326271153,-17.135811765955879],[-69.532088434256451,-17.137020902306769],[-69.533829675236589,-17.137895256431598],[-69.536590151274879,-17.139102179558801],[-69.538090674462808,-17.139683451264311],[-69.54001188206378,-17.140661873166469],[-69.541392745099529,-17.141409600023696],[-69.542833597698518,-17.142047988751887],[-69.544814331294774,-17.1425700077898],[-69.547513134190183,-17.143142743617936],[-69.54985352918257,-17.144071415626787],[-69.551354095724065,-17.144589648439254],[-69.552734457665849,-17.1451116237543],[-69.553518841794585,-17.146549318585265],[-69.554123791139375,-17.148228799540956],[-69.554788035091704,-17.149733751999435],[-69.55569383430668,-17.151640014348587],[-69.557321888368946,-17.154296051380832],[-69.558224230123315,-17.15534045918757],[-69.559971136407995,-17.157593542958214],[-69.561112976726506,-17.158576010231307],[-69.562257750084882,-17.160194069369027],[-69.562980884683313,-17.161343016652726],[-69.564484634212903,-17.16278708383782],[-69.565567822525168,-17.16394347102721],[-69.566174433636306,-17.166085590370958],[-69.565642284437544,-17.168052683358368],[-69.565168100765604,-17.169492002226406],[-69.563914911319159,-17.171227030828817],[-69.563861329186196,-17.173016392494276],[-69.565245078127745,-17.174345689940548],[-69.566506268535619,-17.175043127852238],[-69.567888338878873,-17.175964169881691],[-69.569210520941851,-17.177058613602377],[-69.571257216537646,-17.179140316278723],[-69.572224555475401,-17.181452577600613],[-69.573553648516736,-17.184280874632861],[-69.574217779969473,-17.185731322234741],[-69.575539203912996,-17.186427103933944],[-69.576921600029735,-17.187293640325194],[-69.579200994418514,-17.187924207251012],[-69.581779357416153,-17.188038134921442],[-69.583218662175014,-17.188094489370176],[-69.58471797440157,-17.188267749900891],[-69.586937493608346,-17.188437109444852],[-69.588439924473974,-17.189535699998377],[-69.589467076005505,-17.191846853293033],[-69.590611552635238,-17.193173860215516],[-69.592290497201049,-17.193232832851983],[-69.594690188448794,-17.193632632654246],[-69.596371436137716,-17.194444564766371],[-69.597574926210129,-17.195769958276379],[-69.598540551572,-17.197274652432004],[-69.599087645815573,-17.199300876744001],[-69.599273118082863,-17.20091997399415],[-69.599759947758017,-17.202820217114493],[-69.600550144561581,-17.205600929095414],[-69.601276883012943,-17.207676213168192],[-69.60176202840853,-17.209068411384958],[-69.602126581937767,-17.210391248512675],[-69.602852674581712,-17.212239152919381],[-69.603158243938381,-17.213745589029308],[-69.604067466324736,-17.21623219940895],[-69.604793599396757,-17.218080093755649],[-69.605702220941396,-17.220503767827509],[-69.606128373219036,-17.222179355957433],[-69.607276908970519,-17.224776926767571],[-69.607944021507166,-17.226744333105501],[-69.608428619514982,-17.228073581938158],[-69.608975613348719,-17.229926817754372],[-69.609701553051096,-17.231601743888479],[-69.610489548319364,-17.233910671790735],[-69.611035917964458,-17.23570040665718],[-69.611460609037209,-17.236976812605928],[-69.611827777138942,-17.238935219547013],[-69.612793225313737,-17.240666661949053],[-69.613757177243031,-17.241654168185573],[-69.614840248123684,-17.242638479106411],[-69.616044753879208,-17.243963730919035],[-69.617068369011861,-17.245175876587357],[-69.617972046282418,-17.246219982343302],[-69.619958581893371,-17.248238734212251],[-69.621161807890573,-17.249273660565532],[-69.622125656439124,-17.250315567525021],[-69.623387775619847,-17.251122081349049],[-69.624890519282957,-17.251983939391408],[-69.62644687267769,-17.25123846088119],[-69.627883649429236,-17.250541544860734],[-69.629981088083497,-17.250078645935581],[-69.631662011989789,-17.250654413251997],[-69.632804655106355,-17.251409644365555],[-69.633650400756707,-17.25313570131922],[-69.634015939677283,-17.254522522956695],[-69.634262090745253,-17.256085502785925],[-69.635704271553578,-17.256668222157739],[-69.637926727330807,-17.257699465174809],[-69.639189814331417,-17.258514931799397],[-69.640457994026704,-17.260881702958407],[-69.63902605933913,-17.262839690061156],[-69.638372122205794,-17.264175669442494],[-69.6364599671289,-17.265857923429341],[-69.634480200620288,-17.26590830888799],[-69.632082263540752,-17.266089557873745],[-69.628605463013031,-17.266493679441488],[-69.626148267469716,-17.267012143504783],[-69.62393024949489,-17.267251979268892],[-69.620931110233471,-17.267196891506799],[-69.618112884376259,-17.26725429136107],[-69.615235081691395,-17.267658580582125],[-69.612957272489538,-17.267953770612895],[-69.609358294563506,-17.26795256878907],[-69.60654073948632,-17.268237180202647],[-69.603603545928152,-17.268589027621484],[-69.600965942996694,-17.268994637514862],[-69.5986278266395,-17.269164830918211],[-69.596048832483888,-17.26916904651862],[-69.592990385296218,-17.269288090363769],[-69.590713173263168,-17.269809839038992],[-69.588255385252666,-17.270046616571342],[-69.585435928771659,-17.270103608641488],[-69.583216860265395,-17.270043640108778],[-69.580218122733001,-17.27010533657468],[-69.577579771787413,-17.270220911039296],[-69.575241662791328,-17.270453784264117],[-69.573142781150068,-17.270570832452538],[-69.571345003674452,-17.270978689280376],[-69.570148949796106,-17.272013002776788],[-69.56763714802868,-17.273984419623456],[-69.565961997048305,-17.275250875213704],[-69.564527578776506,-17.276700318617554],[-69.562973996487855,-17.278316787707841],[-69.560819945556645,-17.279823855536161],[-69.558666206711266,-17.281322385730707],[-69.556811556733351,-17.282775540613542],[-69.554898006244542,-17.284275034320014],[-69.552325869070131,-17.286293780159436],[-69.550531266357808,-17.287744717353874],[-69.548617060784807,-17.289245300112022],[-69.547181979305449,-17.290576685812646],[-69.545149063766843,-17.292488641180245],[-69.542577305568102,-17.294507246350442],[-69.540484094068233,-17.296357237606468],[-69.539109278232061,-17.297859348242458],[-69.537014350116834,-17.299301081337443],[-69.535519180919479,-17.300580097172102],[-69.533484557648237,-17.301965197859943],[-69.531450332586502,-17.303695590286761],[-69.529597612170406,-17.305375244910191],[-69.528161690397695,-17.306706508822341],[-69.526966393715199,-17.308030852406898],[-69.525770116431687,-17.309073399112552],[-69.523436086962107,-17.310749232717228],[-69.520682807127386,-17.312546080672739],[-69.51894741431569,-17.314040525739529],[-69.51733303324427,-17.315494347054624],[-69.515238588555476,-17.317172283401387],[-69.513444367799124,-17.318904676769254],[-69.511889595736037,-17.320402246672305],[-69.509736653869211,-17.322371978634912],[-69.508001936417813,-17.32387537829856],[-69.506625494604791,-17.325086974908334],[-69.505369421153802,-17.326130963712274],[-69.502736278014154,-17.328096778661102],[-69.501480503093077,-17.329422546225871],[-69.500104158664982,-17.330806468920585],[-69.499027975702518,-17.331909204636613],[-69.496454257641886,-17.333581924026721],[-69.494180594882266,-17.335718513396454],[-69.492984334402777,-17.336815287977842],[-69.491308546668208,-17.338199050889877]]]},"properties":{"FID":2,"AREA":280021000000,"PERIMETER":3502040,"SEQ3_":4,"SEQ3_ID":3,"CODIGO":3,"descripcio":"1 de cada 2 anos con Sequia","grado":"Medio"}},{"type":"Feature","id":3,"geometry":{"type":"Polygon","coordinates":[[[-69.464343252868687,-17.389116080252403],[-69.464832594893181,-17.391887924906964],[-69.464541309336923,-17.394955101226547],[-69.464429535810694,-17.39749935103093],[-69.464197276173408,-17.400210602126879],[-69.464384422333183,-17.402528195855602],[-69.463887101263751,-17.405452735897093],[-69.463954205218144,-17.407764946697377],[-69.464079874993786,-17.409557952860034],[-69.464809556517309,-17.412849133697883],[-69.465539225206044,-17.41580464149893],[-69.465844908201589,-17.417592385442095],[-69.465850000064592,-17.4194440922473],[-69.465858025794887,-17.421984632040949],[-69.465386161053189,-17.424703235239665],[-69.465272821044522,-17.427129561419701],[-69.465763071200143,-17.430472883059927],[-69.465651820513671,-17.433307391408114],[-69.465360819585683,-17.43636544102889],[-69.465490959056766,-17.439610968110696],[-69.465498894653152,-17.442378291002488],[-69.465509190571893,-17.445563428216047],[-69.465577065153767,-17.448047952244924],[-69.465524971154721,-17.450990331258364],[-69.465776794724761,-17.454694774309896],[-69.465247351675274,-17.458158740922833],[-69.465074676593545,-17.460931881506031],[-69.465506898698933,-17.464685477652136],[-69.465335425225163,-17.467522083530746],[-69.465045104730422,-17.470752439686716],[-69.465231489662287,-17.473123857138123],[-69.465540054908118,-17.475783525064326],[-69.465665107159865,-17.477803298600044],[-69.465317124387965,-17.482024543953322],[-69.465503075550728,-17.483815930496316],[-69.465692608078612,-17.487050213566761],[-69.465938665427245,-17.488731169134638],[-69.465583342116489,-17.490520203069384],[-69.465712341531457,-17.493347821898961],[-69.465296652879601,-17.494966626107701],[-69.465543748359323,-17.497164643299637],[-69.465371236959754,-17.499819236383221],[-69.465378561498426,-17.502251421175647],[-69.46568863448374,-17.50525518111299],[-69.46599741197052,-17.508150109716873],[-69.46594461685693,-17.510629210833887],[-69.466309735022634,-17.512360914502501],[-69.466856170873072,-17.514214332263446],[-69.466505574767737,-17.517446199333747],[-69.466153179567641,-17.519988089875021],[-69.465982925308595,-17.523224324018535],[-69.46617438481158,-17.526984665678405],[-69.466001490880871,-17.529521871951932],[-69.465892696271396,-17.532528567101203],[-69.465664192981038,-17.536401317383376],[-69.465794886391308,-17.539809993716776],[-69.465863178341621,-17.54241234652239],[-69.465810418529628,-17.545018414850134],[-69.465821120656955,-17.548593492101666],[-69.466068057513098,-17.550845896751309],[-69.465896873263816,-17.553736825582558],[-69.46554480032141,-17.556397164757758],[-69.465310960978144,-17.558536208597989],[-69.465379159568201,-17.561302399179556],[-69.465147586498901,-17.564086027344892],[-69.465215621902473,-17.56667928933285],[-69.465042936304471,-17.569225518164089],[-69.464630552687439,-17.57182390642339],[-69.463917426437973,-17.574594537354635],[-69.463382732705895,-17.576443163362026],[-69.46242813169988,-17.578640055712921],[-69.461052802602666,-17.580613157438432],[-69.45937867490693,-17.58333050678614],[-69.458423816846931,-17.585290953876711],[-69.457708553965801,-17.587363097172975],[-69.456870755521805,-17.588467206726886],[-69.454834557140984,-17.59055097600606],[-69.452858654179806,-17.592740880413189],[-69.450821980025907,-17.594706121534752],[-69.448543499643918,-17.596378823552527],[-69.446446372856883,-17.59817379552419],[-69.444709151176184,-17.599902718094761],[-69.442073984049429,-17.602684495521839],[-69.439497617264067,-17.605163655577517],[-69.437340750912,-17.607068928748102],[-69.435902692439399,-17.608635809867014],[-69.434526249433205,-17.610418230655981],[-69.432908769953372,-17.612208009075474],[-69.430151765535783,-17.614348133742691],[-69.428773108526428,-17.615676434334745],[-69.427033251008638,-17.616544049905322],[-69.425774858739388,-17.617524511553615],[-69.424275984904355,-17.618910879492187],[-69.422838298171527,-17.6204135825345],[-69.421339888466434,-17.621691626191843],[-69.41954198219473,-17.623422445002575],[-69.418343884369222,-17.624637154533431],[-69.416605040710081,-17.625903786625656],[-69.415226121747892,-17.627060206921229],[-69.413487685280742,-17.628617080325341],[-69.411810415465922,-17.630353219637303],[-69.410432564722029,-17.631908711468938],[-69.408993990563005,-17.633302474132783],[-69.407735929840328,-17.634681940559812],[-69.406356492910447,-17.636183014633151],[-69.404975278386644,-17.636649439382715],[-69.403717433865197,-17.637975012602165],[-69.402098634598701,-17.639418713742497],[-69.399940928346211,-17.641151224302863],[-69.398683699464854,-17.642712597896431],[-69.397607232447641,-17.644331682398729],[-69.396347580952806,-17.645257552748525],[-69.395268447423916,-17.646295570090508],[-69.393771169250087,-17.648199273057351],[-69.392512229012382,-17.649469802870243],[-69.391013476704288,-17.65079296746687],[-69.389575212710383,-17.652186570403497],[-69.38825586903306,-17.653222771495123],[-69.386936508469816,-17.654322461706684],[-69.385437917309304,-17.65565408177196],[-69.384238152263009,-17.656632763010236],[-69.382979355098328,-17.657785300009387],[-69.381300653480437,-17.659403839358305],[-69.379922748902572,-17.661249375454837],[-69.378666145903878,-17.66292851574083],[-69.376147842367772,-17.665468802892967],[-69.374708718272132,-17.666562966743331],[-69.372549848920542,-17.668358121176006],[-69.371050214368012,-17.669744644781165],[-69.369971423114279,-17.670719574885872],[-69.368652421164299,-17.671882623968585],[-69.367572423900654,-17.672857571021165],[-69.366253476736333,-17.674130020850555],[-69.365054796665163,-17.675453249492332],[-69.363855745245587,-17.67678498362654],[-69.361817542099658,-17.678694856541348],[-69.360737735250154,-17.67961533287512],[-69.359598910997505,-17.680945502257742],[-69.357740156609282,-17.682504922101277],[-69.356301871001975,-17.684234458224839],[-69.354982758646329,-17.685570327756121],[-69.353663639673726,-17.686778627765889],[-69.351923578412354,-17.688334965345373],[-69.350785248767878,-17.689665633181594],[-69.349405789604106,-17.690875439295297],[-69.348146545892874,-17.692091246626934],[-69.346526318293598,-17.693471569386325],[-69.344787935179667,-17.695263640791847],[-69.343528327612844,-17.69636150421908],[-69.342028210849818,-17.697339614728126],[-69.340707981217562,-17.698321079077264],[-69.339751670615883,-17.700634642768073],[-69.338855624127632,-17.702775455610677],[-69.337958632580026,-17.704797231127547],[-69.336580561705205,-17.706705926345297],[-69.335381190247475,-17.708082831395451],[-69.334423480295229,-17.709707577471438],[-69.334546666452852,-17.711147278235263],[-69.334190548475505,-17.71270912754272],[-69.332990497875159,-17.713977748254919],[-69.333954853804713,-17.715246998468203],[-69.335642019179815,-17.716578397937166],[-69.335224442955678,-17.71807830975866],[-69.334927654547087,-17.719411312473817],[-69.33649435193432,-17.721091018072734],[-69.335297706902651,-17.723511547414514],[-69.335121534786808,-17.72501382943555],[-69.334766496961748,-17.727964033542605],[-69.334650599116983,-17.729464215042007],[-69.334113948367829,-17.731430311259523],[-69.334119327986159,-17.733744344157085],[-69.332498622122202,-17.734952189276825],[-69.331121534488247,-17.737206043849525],[-69.332147848692045,-17.738936892323405],[-69.33161082624062,-17.740848557373337],[-69.331072870072433,-17.742234143193382],[-69.330294025918363,-17.743444988584766],[-69.329577298491074,-17.745298839646541],[-69.328497284446158,-17.746273537839379],[-69.326518970002837,-17.74887026390607],[-69.325199549977967,-17.750432663819847],[-69.323940075287013,-17.751766769707338],[-69.32213946345243,-17.753087923110861],[-69.320458212170422,-17.754125416397169],[-69.320160717284693,-17.755567236898756],[-69.31896512569557,-17.758577752547385],[-69.317464070068937,-17.759328902844512],[-69.316684755876381,-17.760485272450598],[-69.314103166503273,-17.76232781476687],[-69.312303616965451,-17.764402837087548],[-69.311525406381691,-17.76562264948998],[-69.311289034009647,-17.767525501180291],[-69.311053261057125,-17.769665303490626],[-69.309674465565635,-17.771337363162257],[-69.310278651488602,-17.772844817883978],[-69.309922247235122,-17.774579486686882],[-69.308962543456289,-17.775785725054657],[-69.308423451196106,-17.777053335363004],[-69.307766987175711,-17.779023468656582],[-69.307349969709406,-17.780750019894231],[-69.307957731930372,-17.783935989777341],[-69.308322547253638,-17.785431343686891],[-69.307723970207007,-17.786882423467819],[-69.308450032651109,-17.788667413381599],[-69.309355754231859,-17.790464869986575],[-69.309481487519406,-17.792711731545058],[-69.309244113122702,-17.794278974048591],[-69.30876618101999,-17.796007619812499],[-69.308048795668739,-17.797679948794258],[-69.306670930263351,-17.799996502374459],[-69.306373590137568,-17.80149325237733],[-69.30595618035079,-17.803057090232869],[-69.305899435875503,-17.804673617298644],[-69.305963310547327,-17.806522929099788],[-69.30554678821116,-17.808657605499018],[-69.30549059185752,-17.809992933030166],[-69.305252631598748,-17.811433186277451],[-69.305015840432034,-17.813109804429629],[-69.304900859753559,-17.815363849168964],[-69.305024726076184,-17.817156649092325],[-69.305088294061761,-17.818715140394858],[-69.303828864809105,-17.82050258106646],[-69.302449926411796,-17.822464794172365],[-69.301431090076633,-17.824027895610321],[-69.301013888025054,-17.825990224158247],[-69.300716432795681,-17.827378104449306],[-69.299215637961652,-17.828763995979454],[-69.298796946051169,-17.830091434299749],[-69.299222089429804,-17.831993978514319],[-69.299287928996534,-17.83436929027474],[-69.299774242587233,-17.836451126019544],[-69.300799308994627,-17.837955325991363],[-69.30254912244024,-17.840092603726269],[-69.303874926100761,-17.841252472879841],[-69.305440582992759,-17.842287236514768],[-69.30670672137623,-17.843385667899884],[-69.307492360040456,-17.844832948799461],[-69.307676910703719,-17.846915003473669],[-69.307380997596042,-17.84921892851272],[-69.306902851259622,-17.850493448838691],[-69.306425011576252,-17.851822380364105],[-69.305886272631056,-17.853326312840796],[-69.304990625364226,-17.856381736892363],[-69.304933556304391,-17.857772041648797],[-69.305419413831771,-17.859854421147705],[-69.306386083726437,-17.861360053277394],[-69.307893415723854,-17.863259058955954],[-69.307597707736846,-17.865399130654986],[-69.307421514663687,-17.867709082590395],[-69.307305585278939,-17.869218776594131],[-69.307912179996663,-17.871642189318013],[-69.308577913368751,-17.873546544471782],[-69.309485578760928,-17.875744101663344],[-69.310212527617608,-17.877655973338499],[-69.310576333280281,-17.879043009977501],[-69.311001074961339,-17.880600270565978],[-69.311245454846897,-17.882444387779888],[-69.311973365766463,-17.885163455424927],[-69.312160688184065,-17.887880296040741],[-69.311502122227381,-17.889786319348314],[-69.311143731267506,-17.891112217335987],[-69.310726455880697,-17.892557509939696],[-69.309408917954002,-17.895217657092214],[-69.308810028598728,-17.896776931985794],[-69.3074306340513,-17.898503848801035],[-69.305811002255737,-17.900646094213588],[-69.304612542305108,-17.902839494009505],[-69.303352234066196,-17.904744205494705],[-69.302512782982404,-17.906020413062567],[-69.301974779596918,-17.907342305515119],[-69.301316030349184,-17.909075383193553],[-69.300477480974749,-17.910687141986067],[-69.299999447144117,-17.912252968253053],[-69.299160823145954,-17.914272297526068],[-69.298923557982107,-17.915830353279897],[-69.298626507330809,-17.917453968786017],[-69.297304319810237,-17.918254229908712],[-69.296946334457445,-17.919815885765725],[-69.296950072009736,-17.921439291836279],[-69.296173223455412,-17.92374841039063],[-69.294373385020691,-17.926521449910641],[-69.292510595329247,-17.928189537752793],[-69.291130788834849,-17.929806916018876],[-69.289930259137265,-17.931311506010768],[-69.288971066937165,-17.933044134987931],[-69.288492903874513,-17.934545860977924],[-69.287593465677105,-17.936104653028416],[-69.287177599729887,-17.938647827569881],[-69.284894215375346,-17.94049078853315],[-69.28363408885356,-17.94222357072001],[-69.282975087178443,-17.943611909403604],[-69.282435661356786,-17.94493375532279],[-69.280331786515887,-17.946091357998835],[-69.277262153077288,-17.945914973463786],[-69.27551613900043,-17.945737677604896],[-69.27431070389585,-17.944819543792505],[-69.272501380665361,-17.943019768024275],[-69.270752399573055,-17.941281385510525],[-69.268282085074276,-17.940017934202874],[-69.266896273732058,-17.939149621135488],[-69.265209395081285,-17.937990665276661],[-69.263340637853304,-17.936828308955498],[-69.261170828990416,-17.935093000924972],[-69.258699405096664,-17.933067040373381],[-69.255358709812427,-17.930910843804583],[-69.254487431381079,-17.933294699609949],[-69.25431269544498,-17.936357257278868],[-69.254135399806103,-17.937804900773713],[-69.253838111096655,-17.939999820326882],[-69.253600406097476,-17.941730128701877],[-69.253966309832862,-17.944269572167574],[-69.254814168637338,-17.946695510994534],[-69.255058625238505,-17.948602536761701],[-69.255785710256973,-17.951267860070445],[-69.255066407284346,-17.952712022595151],[-69.253864132819928,-17.953689816526818],[-69.252782522196156,-17.954727511565075],[-69.250980856245121,-17.9565750574248],[-69.249418406614893,-17.957725628678748],[-69.247254616393164,-17.959283440717606],[-69.246112631947099,-17.960150846740699],[-69.24503063212984,-17.961133521789222],[-69.243467144915698,-17.961704184463581],[-69.241360299773547,-17.961591144642103],[-69.238953825620385,-17.962221311095071],[-69.237027731338202,-17.962112231131066],[-69.234199910101452,-17.962799875008692],[-69.232695971193209,-17.962969347949457],[-69.231251440455807,-17.96325467072813],[-69.23022565860721,-17.961750244928552],[-69.229620158257219,-17.959843678553003],[-69.228895479018192,-17.958630490961532],[-69.228230345524778,-17.957188514830332],[-69.224861206049127,-17.957700155750082],[-69.222876527682075,-17.958508994716542],[-69.220888359086416,-17.957811786912586],[-69.2189034058798,-17.957867254447759],[-69.217639494034358,-17.958610553428347],[-69.21601648984273,-17.959654103647456],[-69.213671141437459,-17.961035237303555],[-69.212288915209825,-17.962135711453612],[-69.210792788033203,-17.959548828576438],[-69.20258559942323,-17.95752529994741],[-69.201202377648045,-17.958217030989626],[-69.199699129169659,-17.959311911067068],[-69.197475020588712,-17.961151845085265],[-69.195911543224696,-17.961903541128549],[-69.193446315577077,-17.963523777046813],[-69.19212418171044,-17.964441241220229],[-69.189899661406528,-17.966226680095538],[-69.188275132675841,-17.966979254220387],[-69.185930979911589,-17.96887756342862],[-69.184848952734782,-17.969806066447404],[-69.182986016677489,-17.971364282541121],[-69.178896843536947,-17.974299707325471],[-69.119389877191267,-18.003249038047446],[-69.110044042001377,-18.005945198884106],[-69.103605808777857,-18.007802419939317],[-69.08534509941569,-18.013066839249287],[-69.082730264811133,-18.017496766509058],[-69.078372517209445,-18.024879301382263],[-69.065935679283967,-18.045931619041209],[-69.070283949180961,-18.051618608945073],[-69.073783567713861,-18.055986583461284],[-69.077281452658568,-18.059338252606516],[-69.086925493422441,-18.067665960589245],[-69.098903467996166,-18.078432338939869],[-69.120739841444049,-18.096909582026942],[-69.136902132616271,-18.133549611018633],[-69.128033666057092,-18.145007235917074],[-69.116941263184756,-18.156880007835099],[-69.110184909493313,-18.166418419175628],[-69.101838998453118,-18.176454682720554],[-69.098354109106324,-18.181013086134271],[-69.096555697009336,-18.182132310829047],[-69.091162730575036,-18.185782280741815],[-69.078475967185526,-18.196733876360014],[-69.070016556323537,-18.203832728226708],[-69.068088069877945,-18.205408785725876],[-69.060711040854841,-18.211434385813781],[-69.061032938329475,-18.213865960090665],[-69.0617772805968,-18.215695697066618],[-69.063051003079124,-18.217629464745468],[-69.063795496629368,-18.21935093815631],[-69.064433586549853,-18.221175278771128],[-69.064966441323421,-18.223101892329392],[-69.065286630260772,-18.224834684327693],[-69.065502702758948,-18.226960465612013],[-69.066462141813147,-18.230717044950595],[-69.066782979155818,-18.232541057619709],[-69.067210956811806,-18.23507772502451],[-69.067429799031615,-18.238884388197476],[-69.064991287423268,-18.247621515873991],[-69.063617937396316,-18.249754846614184],[-69.062878202123841,-18.25117245968319],[-69.061717241999418,-18.253399283847113],[-69.055156458903411,-18.256951460597506],[-69.053253041053125,-18.259281038652681],[-69.05251385704004,-18.260497966696231],[-69.051034272547099,-18.262524925505559],[-69.049447186854636,-18.26384716177412],[-69.048177072945037,-18.264861426566128],[-69.046483921723294,-18.26566931696712],[-69.04458024113714,-18.267090900880351],[-69.04288585428877,-18.267490743050974],[-69.038544073795919,-18.268097804728967],[-69.035683794287721,-18.268602522672381],[-69.034732492457891,-18.27001599869681],[-69.034101070720382,-18.27204750119953],[-69.033467948340444,-18.273878417426381],[-69.031564070984231,-18.276206641917035],[-69.030506947974558,-18.277114827807779],[-69.028284783825796,-18.279342931690337],[-69.030301991640926,-18.28148351380753],[-69.032530060199932,-18.28442605894773],[-69.036670975182815,-18.289910555642308],[-69.039004731521615,-18.291942607042657],[-69.041021007315877,-18.294173773145683],[-69.042400821165998,-18.296204783883148],[-69.042827273252485,-18.297626123922658],[-69.042829708862541,-18.299348896524418],[-69.042938632029575,-18.300969378011356],[-69.043790398198141,-18.303405168924392],[-69.040305846721239,-18.310810470649997],[-69.042878829310411,-18.330197402901604],[-69.041294512181878,-18.333641194028846],[-69.039078585940914,-18.339525555115433],[-69.039083853133647,-18.342263746627626],[-69.03898535028847,-18.347746119850175],[-69.039536280866358,-18.360529040149753],[-69.039657338314797,-18.370675664840018],[-69.038600498918655,-18.373108220920209],[-69.033746224648397,-18.386290833795211],[-69.031104294348467,-18.391261351634647],[-69.030683819800757,-18.393703588217154],[-69.030055888491631,-18.398971711941684],[-69.018736409494508,-18.414688906493694],[-69.017390958490111,-18.417137202735052],[-69.016620337323147,-18.418546142021871],[-69.018001250129601,-18.420367464715586],[-69.019063082190371,-18.421790628444331],[-69.01980989518141,-18.424836294082315],[-69.019600466772005,-18.426456288405998],[-69.013712344920961,-18.460336554761199],[-69.00389774878164,-18.494721427209559],[-69.008933006037566,-18.530228697301823],[-69.001939836122233,-18.535596102971471],[-68.994527364795246,-18.545735059986484],[-69.000379679132422,-18.558320574308155],[-69.00127967170981,-18.566601875444295],[-69.002099918240944,-18.574145020262431],[-69.006790628500255,-18.590896112861945],[-69.002671564884238,-18.603258344951627],[-68.993040856669808,-18.608450707003382],[-68.978578569430184,-18.636017733051279],[-68.980195030909314,-18.658836530129154],[-68.98006680839309,-18.661088845260096],[-68.979877753876977,-18.663333524743919],[-68.979083998590085,-18.665984514503119],[-68.978474763141122,-18.667660049459485],[-68.977442343915399,-18.669384074236152],[-68.976470916374083,-18.670824504398109],[-68.974471331993271,-18.672710656831143],[-68.972169097155117,-18.674721752901355],[-68.970531054552737,-18.676787454024751],[-68.970223205998678,-18.678581637783587],[-68.97003383051738,-18.681117496347948],[-68.970027097972519,-18.683084759328835],[-68.970021644857681,-18.684871822811289],[-68.970074496241992,-18.687119826064311],[-68.970189701580338,-18.688676289853483],[-68.970603257045354,-18.691629667969668],[-68.971138714477931,-18.694055539989556],[-68.971738390788843,-18.695390974329165],[-68.972397390333356,-18.697122732658833],[-68.972936185890205,-18.698631825902382],[-68.973958848227142,-18.699965229832614],[-68.974463250946371,-18.701786730478151],[-68.974885671572309,-18.706500709209532],[-68.974455782743576,-18.713095277711798],[-68.979757085743231,-18.72055710538314],[-68.945244147322455,-18.766716576014556],[-68.919277347069453,-18.80261716084458],[-68.905517021213612,-18.865224603593273],[-68.927419718968963,-18.886183839056812],[-68.954364757710948,-18.918321123915465],[-68.932256841386362,-18.935785033999601],[-68.915933655385658,-18.947463532906898],[-68.912749764798392,-18.962225072966163],[-68.908349672182709,-18.975885118321045],[-68.90504910226683,-18.986129423202403],[-68.895957545000797,-19.002156933962571],[-68.887821071455363,-19.009123656547416],[-68.88906569418522,-19.011354316671717],[-68.878611961468664,-19.020633466401051],[-68.870502784136235,-19.028728708972306],[-68.861091130004795,-19.032334228392838],[-68.839892053980293,-19.039597687704209],[-68.82219657117281,-19.044520474804106],[-68.817030273328484,-19.048210200687684],[-68.814027234854336,-19.050354823155303],[-68.804726752132112,-19.05847431564052],[-68.755555891046171,-19.104228936922883],[-68.752470126139968,-19.107099326902969],[-68.726898184872297,-19.130264306192661],[-68.713527589360424,-19.142947738090712],[-68.702507666597768,-19.153398803802961],[-68.680017019269215,-19.174315020037682],[-68.629841518199569,-19.224239633913761],[-68.615545515624746,-19.253030429194823],[-68.579396480135912,-19.263984850925048],[-68.544265404983875,-19.272877145892931],[-68.535749950205087,-19.27509364306643],[-68.522146006438064,-19.288605828880755],[-68.50389350411136,-19.301813356588248],[-68.487389356798673,-19.313752857278633],[-68.480013489315368,-19.318993663862567],[-68.464284472566447,-19.333563472965171],[-68.455836147662097,-19.338825868681241],[-68.435867137654341,-19.35551597544211],[-68.402254655134925,-19.378540332029527],[-68.412561177300105,-19.399224442125849],[-68.423360792726214,-19.402055307356299],[-68.42986485648197,-19.402787058020724],[-68.436282647974096,-19.403822747060335],[-68.456834777788927,-19.426820699207582],[-68.473394629256319,-19.449652971526149],[-68.490270232954259,-19.471768603841319],[-68.508232912087365,-19.495297363379983],[-68.517326613569168,-19.507425167707975],[-68.554571782941125,-19.5564979120768],[-68.570804674404357,-19.566426098010162],[-68.5780055624261,-19.580789915496172],[-68.584658906146558,-19.593635591797664],[-68.590443966909461,-19.605261116143481],[-68.59394703691224,-19.613156125288548],[-68.596459409702106,-19.618312361952761],[-68.598434568164649,-19.629518502850193],[-68.611619350191077,-19.641452406390368],[-68.634573321311635,-19.657245846569865],[-68.659754462746307,-19.676042669138294],[-68.674020786400717,-19.687948846226821],[-68.689938862548516,-19.723236526179143],[-68.677217623288598,-19.730644184158102],[-68.661246207868857,-19.737103747349458],[-68.653847003975784,-19.742356773849078],[-68.645348078037557,-19.746615322382191],[-68.612397983350206,-19.7626047182485],[-68.597873045466685,-19.790547455405978],[-68.528641617837039,-19.807182744022505],[-68.543321339337254,-19.850925727983697],[-68.523752395745049,-19.882726469247263],[-68.54699190140019,-19.967282475104092],[-68.553514944238785,-19.984709811603047],[-68.568961870481957,-20.014115396273521],[-68.607078296804659,-20.013933020503984],[-68.642336595218836,-20.013253313343878],[-68.69484965816487,-20.030996838098151],[-68.731683554091731,-20.037036943230785],[-68.765657814167113,-20.042120742679714],[-68.775579994179537,-20.093121535679863],[-68.77599055957252,-20.094876950536349],[-68.77581060458202,-20.097525910629543],[-68.773646541359952,-20.101620105007918],[-68.771540052938576,-20.104335921607699],[-68.769364481980176,-20.106854673169053],[-68.766920806137222,-20.108882092202389],[-68.763011455172929,-20.110476608052497],[-68.76108851848403,-20.110987425481525],[-68.758896278897382,-20.111052201887631],[-68.756571405120326,-20.111130097787747],[-68.751984751753497,-20.110766747477289],[-68.749126471397375,-20.110649950117466],[-68.74513900733028,-20.11041624180935],[-68.743011313502606,-20.110235015383733],[-68.739286737865868,-20.109686451731402],[-68.731901538065188,-20.108135677028041],[-68.729104391527144,-20.107211062648247],[-68.726772324802113,-20.106274405004047],[-68.724841889104596,-20.105652997395211],[-68.721509865389791,-20.104216247952653],[-68.719441292771492,-20.102901409050116],[-68.716703389760369,-20.100833628787644],[-68.705245422969355,-20.106221528290639],[-68.710288060798618,-20.115203434211363],[-68.711098436081741,-20.117030418680965],[-68.711638665067909,-20.118347975424076],[-68.711789845162428,-20.121115063583481],[-68.710934937707336,-20.12237687810396],[-68.706906625468392,-20.12616461183492],[-68.705190620668617,-20.127873658358631],[-68.701170933026859,-20.132855886123149],[-68.694508948332398,-20.140440246667158],[-68.710594071096523,-20.16088650229851],[-68.715119294931441,-20.211204584367064],[-68.709006158219537,-20.221608232175207],[-68.703423611485235,-20.231889558052625],[-68.700791886929068,-20.236111363323502],[-68.698951324778662,-20.239200221152416],[-68.697714725287554,-20.243170054383619],[-68.697258082406449,-20.244494115485789],[-68.696877771943576,-20.247391829675855],[-68.695967832392839,-20.250601544752854],[-68.695202248038186,-20.255446739124604],[-68.69541712825675,-20.257776421432993],[-68.666654807296084,-20.272469453416306],[-68.665319221986977,-20.281918024921115],[-68.66424399811406,-20.290536680777592],[-68.664499709823573,-20.299221184073978],[-68.664803710060568,-20.305133635744788],[-68.712035090543381,-20.32635124491048],[-68.745204082131025,-20.332760772654805],[-68.743187846904888,-20.361282579730233],[-68.739382358167248,-20.415075722409476],[-68.668274603506219,-20.481694134835013],[-68.634496606657066,-20.498539323132128],[-68.609345092452116,-20.511707440250419],[-68.606490979612559,-20.513217069180119],[-68.604367890551018,-20.514419143378358],[-68.602375911626069,-20.515373533215637],[-68.60078298643532,-20.516127629968775],[-68.59932254147617,-20.516887911171683],[-68.597928971815577,-20.517646743252946],[-68.596403516355153,-20.518598389797329],[-68.593020505347312,-20.520681805247314],[-68.591226370779239,-20.52125976986159],[-68.589764523460389,-20.521766691271861],[-68.588301093500434,-20.522146411906334],[-68.586507955736465,-20.522779161535507],[-68.566434101729641,-20.52874839736447],[-68.544166085820592,-20.535484365254121],[-68.537448340198225,-20.536761828519538],[-68.53295485479687,-20.542817264506464],[-68.529775441055321,-20.54565519617077],[-68.52494368934957,-20.550886386311458],[-68.523484177836508,-20.551772169635168],[-68.503624311769187,-20.561133265634723],[-68.489146350925139,-20.56840679165181],[-68.476123555912835,-20.575237189484248],[-68.474801368258994,-20.575929756960974],[-68.460189468059198,-20.583638714441246],[-68.456239225101669,-20.586005200013332],[-68.454439911458152,-20.587082981964485],[-68.452289183654685,-20.588371598782228],[-68.447909324585581,-20.591526510833205],[-68.445390549398994,-20.593921229582524],[-68.443800839699733,-20.595506782571604],[-68.442407499379385,-20.596517778839786],[-68.44114732670225,-20.597652078211315],[-68.439689715559695,-20.599035272182643],[-68.43796567680063,-20.600542143047932],[-68.436973261061055,-20.601869300865133],[-68.435331477441025,-20.606279299364655],[-68.440136257502829,-20.607901740615983],[-68.443938929301098,-20.6088964158448],[-68.445871833631927,-20.609202826464674],[-68.448006540375673,-20.609766788220711],[-68.450542681661503,-20.610637851609624],[-68.452077773029842,-20.61113509378956],[-68.454211933811052,-20.611635683571915],[-68.456482243146979,-20.612639981851881],[-68.458086298945346,-20.613515102273293],[-68.459355886179196,-20.614389831822013],[-68.463033781336932,-20.616897974640089],[-68.464973612983641,-20.618335352520472],[-68.469654298810553,-20.621534792731612],[-68.474198743205719,-20.624158044891949],[-68.475535608721614,-20.624976422411553],[-68.479475292246619,-20.626600219373078],[-68.483614249476176,-20.628038853008963],[-68.485481989230507,-20.628536792646898],[-68.487016416665355,-20.629033790838619],[-68.488484830424284,-20.629405523714905],[-68.49115427712745,-20.630218456165643],[-68.49348892504311,-20.630713874219854],[-68.49742579133995,-20.63183988402254],[-68.499494678202822,-20.632459545622137],[-68.500895010984621,-20.632705985742589],[-68.502896008856851,-20.633083376162496],[-68.504430194230139,-20.63332641094885],[-68.506162362760634,-20.633447107245509],[-68.50891638675607,-20.6374070274824],[-68.510258233091918,-20.639093445670834],[-68.513000736275302,-20.640972497141018],[-68.514138698522203,-20.641849653768457],[-68.51475118139102,-20.644115066636093],[-68.516629347889264,-20.646313621573245],[-68.518576408533107,-20.648880996796869],[-68.521457324686381,-20.651643445826416],[-68.523599392910526,-20.653391990218676],[-68.526349123910691,-20.656527991022124],[-68.528359575713424,-20.658533095939418],[-68.529365086690788,-20.659603473306941],[-68.531506898182286,-20.661171022498355],[-68.531656208197532,-20.664062911841253],[-68.531874623657188,-20.667269908697197],[-68.532358875810672,-20.670352544045627],[-68.532570678446234,-20.672365129056335],[-68.532717214360375,-20.674750505702008],[-68.533130480370502,-20.676948193084115],[-68.533538080563474,-20.678268056336769],[-68.534689039411035,-20.681470497865821],[-68.535968216308916,-20.683728392015485],[-68.536908199002497,-20.684990033706377],[-68.538183885942146,-20.686560560971611],[-68.539725212212005,-20.687934369332005],[-68.541191408465806,-20.687989195695998],[-68.544459631015087,-20.688487970955535],[-68.546192942914743,-20.688608886323177],[-68.547927478837195,-20.68885582573332],[-68.550061931822043,-20.689283063980483],[-68.55213151567331,-20.689847899930371],[-68.55366811499232,-20.690344346122068],[-68.555339063682354,-20.691343873017072],[-68.556544833627157,-20.69240925377019],[-68.557686793104523,-20.693855871000416],[-68.55856528752922,-20.695924838060243],[-68.558907718852481,-20.697435952520983],[-68.55931853053562,-20.699317010542721],[-68.55953904028614,-20.702777042116733],[-68.559757028902879,-20.705857231149256],[-68.559643426650368,-20.709126494291013],[-68.559586104351908,-20.7107020581699],[-68.559327667216493,-20.712146796928078],[-68.559008664604107,-20.714470718134358],[-68.558157557771366,-20.717179050629646],[-68.557567797797233,-20.718813414975177],[-68.556843188901667,-20.720387331928098],[-68.55618547375397,-20.721832630271237],[-68.555529259734342,-20.723540747991727],[-68.554939463327841,-20.72523783659604],[-68.554218885869105,-20.727381445702235],[-68.553498426993542,-20.729643186099274],[-68.552323473133185,-20.733734200502266],[-68.551479205869867,-20.737572827227932],[-68.550376689122757,-20.742919963549795],[-68.549604765522048,-20.747697592484467],[-68.548832380262823,-20.752294877674228],[-68.548446545586017,-20.75474668487427],[-68.548322877132307,-20.75644168993859],[-68.548204537603951,-20.758959587877644],[-68.548220494193259,-20.761664549234531],[-68.548521924606803,-20.767574048005262],[-68.548545544907327,-20.771599224504396],[-68.549446031443921,-20.777313343957747],[-68.55033693407762,-20.781525222328419],[-68.550954790544822,-20.784477317191556],[-68.552183233071048,-20.789251161225152],[-68.552694508436403,-20.79691946645492],[-68.553518243880958,-20.800943295996472],[-68.554271910762822,-20.804326502452504],[-68.554819989707582,-20.80684589076748],[-68.555772633452534,-20.810052443670866],[-68.556048708277174,-20.811683428339162],[-68.556391302191102,-20.813068257914981],[-68.557740668481529,-20.815821517676273],[-68.558484954852503,-20.817585522400993],[-68.559636825471244,-20.820660035837388],[-68.560247898761432,-20.822544985546319],[-68.560924656409711,-20.82411145200653],[-68.561735086197885,-20.825873452507629],[-68.562551067087426,-20.828576384072857],[-68.563225627969118,-20.829763064521448],[-68.563833776487229,-20.831087368070897],[-68.565048688709922,-20.833590172228757],[-68.566202914363274,-20.836990649703608],[-68.567081827930281,-20.838995302445753],[-68.568095305395261,-20.841069421619967],[-68.568905981118448,-20.842885607704599],[-68.569649827853965,-20.84452291712822],[-68.570735679310431,-20.847662532682165],[-68.571413640477488,-20.849545389526156],[-68.572431867143308,-20.852496517174025],[-68.573110803241917,-20.854443200571058],[-68.573652488425623,-20.855822542453055],[-68.574194086964354,-20.857148190499064],[-68.574870835705411,-20.858841139209169],[-68.572346091046441,-20.864381433847345],[-68.561205608578305,-20.874425862544197],[-68.529268165310441,-20.887584594779415],[-68.521746638091955,-20.890417958671858],[-68.510623173283889,-20.901350432403866],[-68.504091484602256,-20.905945264764792],[-68.496611188594869,-20.910559760362577],[-68.48908825987273,-20.913391883432432],[-68.479647375318066,-20.915372331876572],[-68.47538941482334,-20.916211462026293],[-68.469236925144614,-20.9164810921202],[-68.464495308176865,-20.916579888479699],[-68.459999538134625,-20.916532185415463],[-68.45292419477758,-20.916205128307425],[-68.447110393229849,-20.915851389914781],[-68.444960207278612,-20.915658914660799],[-68.440404875017066,-20.915160222896169],[-68.43329907380631,-20.913528569764409],[-68.428349063214782,-20.912326295794045],[-68.420837368495029,-20.909516700841387],[-68.409928187513529,-20.907132500890068],[-68.388711113938598,-20.921710544906432],[-68.383289250158001,-20.933410662840863],[-68.361296155803032,-20.95145047889477],[-68.357467624171349,-20.957030519226791],[-68.34725755467143,-20.971397353908532],[-68.279738236489749,-21.06624629883089],[-68.241473984080358,-21.135108553641242],[-68.240428961933247,-21.136986089830078],[-68.203424865920653,-21.204050237765333],[-68.167237535274381,-21.269274481881894],[-68.171062045738623,-21.571847247141228],[-68.136086168302256,-21.616536751918158],[-68.129284087900018,-21.625224510555075],[-68.123437383682898,-21.631430887790895],[-68.109733158868877,-21.645983460517424],[-68.089823589856962,-21.686468632761681],[-68.057068654368393,-21.821988675736549],[-68.066888217865468,-21.949043421278169],[-68.038296932626565,-21.97318164829451],[-68.036878981069421,-21.974378424632629],[-68.019222800692418,-21.98708378281847],[-68.011044587458272,-21.992972448541831],[-68.003882499034461,-22.008544205434738],[-67.962452186753495,-22.022462881432226],[-67.963069368649371,-22.038524106762619],[-67.963184301774774,-22.040042674219247],[-67.960949570710326,-22.047624498137463],[-67.959441952625397,-22.048735789931577],[-67.958365733055913,-22.049747510205329],[-67.955026317444521,-22.052080597118646],[-67.95136368670012,-22.054714097407839],[-67.949641200977737,-22.056330797617157],[-67.947491648111736,-22.058760149021797],[-67.946310413722841,-22.06058209759281],[-67.944913739890183,-22.062403735977309],[-67.939873054179344,-22.071096845995093],[-67.936655232850867,-22.076559421551799],[-67.936231352945455,-22.078378453547582],[-67.93635535689603,-22.081810704929985],[-67.937232581016843,-22.084540570647018],[-67.940618148481974,-22.092109608878861],[-67.95534140601076,-22.119659544390942],[-67.953840363503673,-22.145619889130472],[-67.941332691356649,-22.153523785529956],[-67.935767843989154,-22.166256429096283],[-67.93459242771425,-22.169490150863137],[-67.933844724105356,-22.171410476070484],[-67.932991121941797,-22.174041689877541],[-67.930744502741064,-22.179396623895443],[-67.923162214832573,-22.200817312317554],[-67.920277588506721,-22.208906642804905],[-67.921267956093999,-22.212743714526962],[-67.923360729064214,-22.221020045750162],[-67.924414753699722,-22.238789611459765],[-67.924968836137893,-22.241823714186427],[-67.925301403440045,-22.243634917959589],[-67.925852794162154,-22.245960446568748],[-67.926726285901864,-22.247570822895398],[-67.92890084617855,-22.249992458667048],[-67.93750198711065,-22.261590092194371],[-67.937749738742724,-22.26855583521824],[-67.938988964315655,-22.279159531027339],[-67.949680478642406,-22.297821794830927],[-67.944983196961999,-22.311660302396035],[-67.940067221593864,-22.325403935905179],[-67.93352564184427,-22.338947181482911],[-67.927305152264125,-22.351576031056286],[-67.92333743782271,-22.360065020313748],[-67.911385080443793,-22.374524486197977],[-67.899654709949218,-22.390796144122927],[-67.893155152518432,-22.465006548443196],[-67.869266925873532,-22.502790346205263],[-67.853646247805656,-22.524313990464123],[-67.850089847958358,-22.529322904101186],[-67.864389722007843,-22.60223156624766],[-67.866478676020733,-22.61027241141235],[-67.879930809308576,-22.662047362630403],[-67.880374707541392,-22.664468106398274],[-67.880711758023281,-22.666990181701149],[-67.881053531642507,-22.670923517202887],[-67.882837718970308,-22.682427243427355],[-67.8813935131069,-22.699679049852794],[-67.874964550986448,-22.743577150928164],[-67.871297698366689,-22.77445005739143],[-67.870041520237535,-22.785145432449561],[-67.870601766264556,-22.789185671933396],[-67.871044657700239,-22.79129936512863],[-67.871924166531457,-22.794021286386776],[-67.872691091308852,-22.795736056587842],[-67.873566576551511,-22.797353840533233],[-67.874657841443209,-22.798962487621615],[-67.876402743346915,-22.800877465324909],[-67.826763836935925,-22.816377394942563],[-67.818720096819348,-22.813159547971679],[-67.794220652277346,-22.848490681345385],[-67.584581268281156,-22.874039613896656],[-67.539503354480232,-22.863451665377244],[-67.176618942407899,-22.784350692341444],[-67.122490324735523,-22.692953738014779],[-67.009317702751233,-22.625975991451234],[-67.020813803845698,-22.511834622258288],[-66.965185850687305,-22.511281284285982],[-66.92214790638505,-22.464429797503652],[-66.881202712356654,-22.448018404789313],[-66.861973521768491,-22.440307204044931],[-66.798146091028286,-22.41809334024784],[-66.776351171148846,-22.408696067103541],[-66.778624819575327,-22.391800163723566],[-66.777823443154645,-22.371804367043005],[-66.751907790362097,-22.294133501082655],[-66.734712976448506,-22.212616554058659],[-66.681095585137811,-22.180869118951598],[-66.653198749981655,-22.187346543501643],[-66.63126791325017,-22.196349694391117],[-66.618818558274526,-22.167612766899804],[-66.434375783990248,-22.125823945263129],[-66.456669633428575,-22.046035140497107],[-66.538533973231921,-21.883864835977452],[-66.599851733360182,-21.756929284846866],[-66.695342213751303,-21.566552753759918],[-66.728972889770489,-21.467726538099097],[-66.713293595648608,-21.3614774121992],[-66.663442142950188,-21.318671162087487],[-66.550547904267233,-21.289572742572911],[-66.48695561485502,-21.267896845403921],[-66.290251095737034,-21.273588788332031],[-66.233800095379678,-21.259038662184185],[-66.239209046814466,-21.152938149046093],[-66.259541446145576,-21.103549805411859],[-66.280194503879486,-21.075391154317135],[-66.362814242732156,-20.962758159836255],[-66.445655429237661,-20.864278836726875],[-66.666804125302036,-20.618177927223307],[-66.840482147667529,-20.484959735730392],[-66.971762722269858,-20.337288572623997],[-67.207300804495276,-20.112518248455839],[-67.34550153766952,-19.957822801856725],[-67.476248233413713,-19.774768493595534],[-67.558112215245629,-19.612598639488951],[-67.632842851936147,-19.443303541300192],[-67.693725911407427,-19.28806278633019],[-67.719902501934996,-19.16088009420638],[-67.752777520666541,-19.012518763173524],[-67.751151926544978,-18.906367268262485],[-67.75667546257732,-18.807344630373041],[-67.755271402159039,-18.715346908586266],[-67.739912827717276,-18.630329314801095],[-67.71060735069949,-18.552288819929423],[-67.681302046635921,-18.474246496202611],[-67.694493329542752,-18.417732861557933],[-67.714398573211213,-18.340037277828472],[-67.763059580100574,-18.305001157749878],[-67.85443850214206,-18.305643540326948],[-67.91088942665516,-18.320193813522334],[-68.00269570241403,-18.3491432938219],[-68.045413473707455,-18.384824066313179],[-68.143605391860277,-18.37136264399075],[-68.171399669887478,-18.350331403213307],[-68.227087434569981,-18.315344234407377],[-68.275214307723033,-18.244923286871291],[-68.316199969481247,-18.167378214079736],[-68.335776904530661,-18.068452957094657],[-68.376327324912381,-17.962599060132405],[-68.396118178080599,-17.877827514714436],[-68.415588258736662,-17.771826755517733],[-68.428886482115416,-17.722388816193114],[-68.441650308444736,-17.637568050564884],[-68.447494134298537,-17.559775402979586],[-68.467498514890707,-17.489157899239931],[-68.480369379259827,-17.411412573167599],[-68.521568506921511,-17.348019413522792],[-68.583214694900533,-17.242316195521479],[-68.6385819579844,-17.186098375340702],[-68.708437831638548,-17.158286184834846],[-68.771923120781679,-17.172885936794241],[-68.807171663392296,-17.18020996171305],[-68.982902804365182,-17.18144729939063],[-69.025399188400485,-17.202974200249567],[-69.116777935198542,-17.203618591582689],[-69.187396758677124,-17.225341428700126],[-69.236706409834753,-17.232766339024089],[-69.300184233777884,-17.247364549732389],[-69.371016916390317,-17.283241199442248],[-69.463044313617971,-17.326344773117132],[-69.488475637583463,-17.341458177209063],[-69.485443394839123,-17.343000426591139],[-69.483706471446951,-17.343814163875713],[-69.482089560142569,-17.344904857914322],[-69.480893242512693,-17.345774749712671],[-69.478496002195911,-17.346644254355333],[-69.476277905667644,-17.347335544925343],[-69.474240919436411,-17.348439411376134],[-69.472564958896371,-17.349595642322296],[-69.47058709287478,-17.35051591533362],[-69.469148983360768,-17.351148224406305],[-69.467352328890172,-17.351963377819253],[-69.464956087689259,-17.353458117848408],[-69.46496249573633,-17.355482206689292],[-69.465212292126495,-17.358660070630066],[-69.465040295320648,-17.361433297769786],[-69.464987404385795,-17.363803672045474],[-69.464635307812884,-17.366409780026018],[-69.464403701113909,-17.369184551572083],[-69.464653506025158,-17.372362400705281],[-69.464782575255043,-17.375363081064975],[-69.464610265257917,-17.377791554633529],[-69.464680038231236,-17.381201456346016],[-69.464446037669731,-17.383223282529336],[-69.464210755386134,-17.384781891273068],[-69.46409815975484,-17.387380604892943],[-69.464343252868687,-17.389116080252403]]]},"properties":{"FID":3,"AREA":82306300000,"PERIMETER":1811820,"SEQ3_":5,"SEQ3_ID":4,"CODIGO":4,"descripcio":"4 de cada 5 anos con Sequia","grado":"Alto"}},{"type":"Feature","id":4,"geometry":{"type":"Polygon","coordinates":[[[-64.898420665969454,-22.101004836125021],[-64.898568633471143,-22.102352178761162],[-64.896077058327208,-22.103480554597834],[-64.89391777002912,-22.104092140631927],[-64.891460920695707,-22.103433103779672],[-64.888848017970787,-22.099621173027785],[-64.887691531002858,-22.098117959219863],[-64.886412364558922,-22.096611150107595],[-64.886795340777155,-22.09506509271014],[-64.885637615847955,-22.093674779393893],[-64.883614972182187,-22.092737273747851],[-64.881703809835528,-22.093179696611031],[-64.88021782739628,-22.094196806527179],[-64.8783457500503,-22.097048668873398],[-64.876060358124874,-22.098057853088875],[-64.873103445311642,-22.098255194448569],[-64.871561671294288,-22.098645421842424],[-64.868898457811198,-22.100627337557999],[-64.867100780979229,-22.101985051677168],[-64.865554711950779,-22.102831006383678],[-64.863389441965168,-22.104069344708751],[-64.861042218734895,-22.105024612182156],[-64.859557816679484,-22.10586999146701],[-64.857396441352151,-22.106652494950051],[-64.855357641373914,-22.107546983588328],[-64.853500022306974,-22.108733386410542],[-64.852072372368156,-22.110097246446681],[-64.850830565497034,-22.11134702419816],[-64.849527870375681,-22.112484257328838],[-64.847362232693484,-22.113722554652238],[-64.845569671520906,-22.114565366409145],[-64.843521173317058,-22.116497703227012],[-64.842518479644113,-22.11849459054406],[-64.840110022357081,-22.119386972260237],[-64.838514806485421,-22.118739367402704],[-64.836241626052313,-22.118317804464763],[-64.834084318868719,-22.118639787566931],[-64.832043485667981,-22.119709968299382],[-64.829263624993587,-22.120825817114021],[-64.827157642057315,-22.122298087591755],[-64.824861901668285,-22.124285999873699],[-64.82325204375492,-22.125298901432245],[-64.821888160815547,-22.126377811770016],[-64.82076778807,-22.12768499325729],[-64.819773850501875,-22.12870736403924],[-64.817549401090034,-22.129661225389345],[-64.813530167660076,-22.131683551585922],[-64.811860555443062,-22.132412540470739],[-64.810502553268151,-22.132918332562966],[-64.808956526762501,-22.133646270083975],[-64.807344839392528,-22.134835102655451],[-64.805922062405685,-22.135625565154026],[-64.8044962552855,-22.136700205545221],[-64.803074160081323,-22.13737322370141],[-64.800593827497863,-22.13935755988286],[-64.798118979047473,-22.140651419142475],[-64.796257630468801,-22.142297501286855],[-64.795321390170031,-22.14366655993193],[-64.794755811101339,-22.144920213282496],[-64.794066607096426,-22.146174739136939],[-64.792872829367113,-22.148804462999596],[-64.789651784255227,-22.150951613728829],[-64.78773549771735,-22.151736122270936],[-64.785450713611553,-22.152514198911433],[-64.783047253704794,-22.152778752511455],[-64.780831573657224,-22.152753076445709],[-64.778242498450112,-22.153068427228664],[-64.775224412522178,-22.153269278185871],[-64.77214760453252,-22.153064483036772],[-64.770233678744262,-22.153672911185485],[-64.768318485973722,-22.15434447452586],[-64.766463579690651,-22.155182698172947],[-64.764982101643071,-22.155684390987414],[-64.763505675331714,-22.155495795038981],[-64.761848015968781,-22.155019713681163],[-64.75969849040473,-22.154483468197245],[-64.757048528043669,-22.154799059870452],[-64.75518471175576,-22.156557516557243],[-64.754001067051689,-22.157982054202829],[-64.753857581151493,-22.160157911036556],[-64.753841135934834,-22.161940195210793],[-64.752658640609027,-22.163247292596708],[-64.75055668547742,-22.164141197012469],[-64.749379125377217,-22.164988182455424],[-64.748198706885674,-22.166069715881779],[-64.74720032179755,-22.167493126767081],[-64.745595417445102,-22.167932377350326],[-64.742695550995208,-22.168592287955118],[-64.74065440072161,-22.169544091248781],[-64.738557253656708,-22.169923377171404],[-64.73634017353325,-22.170014663254385],[-64.73393572408277,-22.170332790377543],[-64.731653165038139,-22.170825963123189],[-64.727959409143224,-22.170728345561564],[-64.724467319285594,-22.168968870315243],[-64.721830582709728,-22.167794956647526],[-64.719750866309752,-22.166450575514066],[-64.717670596499815,-22.164993269428702],[-64.716198506894187,-22.164520036521328],[-64.713430237292854,-22.16426264463464],[-64.711212660397848,-22.164407802038387],[-64.708377571453227,-22.16460654935354],[-64.706164476168667,-22.16429607906656],[-64.703766455309093,-22.163981959311801],[-64.701185158170816,-22.163497853390496],[-64.698972541302297,-22.163187166451468],[-64.697435073275258,-22.162939823671895],[-64.695957931737098,-22.162922171271202],[-64.693989946615744,-22.162673088115429],[-64.691465516592388,-22.162702600307458],[-64.689249836946374,-22.162622141849354],[-64.686723461754028,-22.16282300465075],[-64.683645314198031,-22.162847135665022],[-64.681606525858115,-22.163514080499951],[-64.679257619008936,-22.1644628995791],[-64.678079825872942,-22.165250859550341],[-64.674918396642667,-22.167459049380899],[-64.673245770459857,-22.168471226914448],[-64.669536898575828,-22.169924681260266],[-64.665227757196135,-22.169874974849638],[-64.662471456848593,-22.168466446022038],[-64.660880470963747,-22.167416145225495],[-64.658609167400158,-22.166762430410994],[-64.657073658114669,-22.166397523849721],[-64.654723963484528,-22.167404709531315],[-64.650331356066943,-22.169538871785168],[-64.647607322487147,-22.170999412999389],[-64.645791764979961,-22.174019927191587],[-64.644287705990124,-22.176587313688771],[-64.64194327736783,-22.177134124035945],[-64.640402416369312,-22.177233833705234],[-64.637756571723287,-22.177087453683015],[-64.635662586748822,-22.177122936542776],[-64.634412150036525,-22.179061564466579],[-64.633712811712471,-22.181231411262242],[-64.632102212888569,-22.182193166075628],[-64.628897790264944,-22.18244282561426],[-64.627393386626352,-22.1850641783243],[-64.626631000273221,-22.187351569453718],[-64.62506769041228,-22.189689186192158],[-64.623699960923403,-22.190992096340533],[-64.62208369674083,-22.192522350458251],[-64.61940710008659,-22.195303978881036],[-64.618221421421836,-22.196899201969568],[-64.616171803954956,-22.198598920310854],[-64.613242395617547,-22.202009062868761],[-64.611245344007514,-22.204624273403056],[-64.610288935587391,-22.2078284742385],[-64.609637907329258,-22.211265611807775],[-64.608810091727705,-22.213954831588897],[-64.607312001603361,-22.215885690043535],[-64.604644425276788,-22.217809796515677],[-64.60389122932213,-22.219176893366065],[-64.601403017839914,-22.221560046073357],[-64.598560014011881,-22.222560416136858],[-64.596090245407837,-22.223161570147649],[-64.594669520483876,-22.223490200555847],[-64.592324341547254,-22.223982305225359],[-64.590227048079498,-22.224301482445419],[-64.588617839507265,-22.225086800061764],[-64.586509410512676,-22.226497808541545],[-64.585634866770889,-22.227693910341358],[-64.584569920293092,-22.229400849699271],[-64.583328329394305,-22.230364537690935],[-64.581163735507403,-22.231256989135694],[-64.578247830677043,-22.23323183488866],[-64.576936203491925,-22.234994201314922],[-64.575744437816041,-22.237049236515265],[-64.574993730036994,-22.238186031386913],[-64.573195363652928,-22.239315170425634],[-64.570034685488224,-22.241228231058319],[-64.56811652189468,-22.242010802006224],[-64.565761883348074,-22.243418403643432],[-64.563651738284975,-22.244887630835628],[-64.560348690211583,-22.248578744954791],[-64.559534835027534,-22.249832878770988],[-64.557668299779294,-22.251589460292571],[-64.554374216772985,-22.254360004812956],[-64.551257940690306,-22.257828754420796],[-64.54920630073714,-22.259581761541192],[-64.548207212522399,-22.260945233370009],[-64.54732388996959,-22.262890010003449],[-64.547168889653648,-22.26587268935296],[-64.547646459372189,-22.267308925821979],[-64.548304691614007,-22.269154510453312],[-64.549943507044603,-22.27152705085917],[-64.551090731498604,-22.273721706351498],[-64.552725446756412,-22.276436941398032],[-64.553449706851609,-22.277822196723722],[-64.554104504160065,-22.280010600152703],[-64.554952078983973,-22.281394961638583],[-64.555797418843838,-22.283068211199318],[-64.555950795184046,-22.285999259220329],[-64.55605996286863,-22.287374504568906],[-64.557277372482034,-22.288824542291582],[-64.559908493422057,-22.290518934843927],[-64.562609076740955,-22.291527255735371],[-64.567177227699659,-22.290661783225566],[-64.570546908737242,-22.29241963144035],[-64.572930909834682,-22.294223576897231],[-64.575209428118086,-22.300276998050975],[-64.575299947327991,-22.30343399278193],[-64.576051935637281,-22.308147588806523],[-64.576513823112819,-22.311135577489861],[-64.576673067616568,-22.313547596403396],[-64.576710989900917,-22.315843392499168],[-64.576448457580412,-22.317333256037969],[-64.575131291340071,-22.319609671513419],[-64.57393688027085,-22.321835720087421],[-64.572746481411812,-22.323773297891307],[-64.572347959851456,-22.326522384092311],[-64.573001850898038,-22.328769289688012],[-64.573599497621629,-22.330610374611961],[-64.574497327581454,-22.333085869285831],[-64.574853915859919,-22.334409880229735],[-64.575821012566323,-22.33619951308637],[-64.576298342117951,-22.337698621722755],[-64.576636271454831,-22.340741161012311],[-64.574344575873582,-22.34777235896464],[-64.572278168041322,-22.350905330017696],[-64.569972064749848,-22.353345230158254],[-64.56854110812931,-22.354647972162073],[-64.566553073266363,-22.356116310489227],[-64.562319613856772,-22.360199817348079],[-64.559156799540119,-22.36211678714616],[-64.555120830387295,-22.364877537085661],[-64.552283869872184,-22.365074160367804],[-64.550672633190686,-22.365917742020063],[-64.5488063253067,-22.36750223953031],[-64.547251051755836,-22.368859647436352],[-64.545319995055863,-22.370846110219414],[-64.543516721895116,-22.372258915932445],[-64.541099230922939,-22.373607580333402],[-64.539732578010856,-22.374571344618609],[-64.537934702350299,-22.375582806853465],[-64.535948328227704,-22.376879329130372],[-64.534146198413382,-22.37823342458416],[-64.531734360354235,-22.379009214314529],[-64.525832188343756,-22.383358260964179],[-64.523902194952896,-22.385168638143135],[-64.522404932405522,-22.386759845231605],[-64.521496118519096,-22.391107876510546],[-64.522093674868998,-22.392836450319411],[-64.523226295851728,-22.396406298494419],[-64.525291947907192,-22.399298992314563],[-64.527304732859122,-22.401272053094594],[-64.5284559527759,-22.403177733284487],[-64.53134306594032,-22.404131109344245],[-64.533170814597796,-22.406159356778311],[-64.532524713412116,-22.408963486672167],[-64.534289333213749,-22.411163179407858],[-64.535858400147944,-22.414338264156505],[-64.532985102185208,-22.41786284095782],[-64.530629534876908,-22.419039517916588],[-64.528651923651054,-22.41947461490382],[-64.524587443649025,-22.419082411517948],[-64.52132657644826,-22.418415164348257],[-64.519231819743382,-22.418332001796429],[-64.515414379505003,-22.417830129206695],[-64.513144806105274,-22.416710690809648],[-64.511607620096129,-22.416349433939637],[-64.507693109829532,-22.411613462428516],[-64.506583073050194,-22.410113362102965],[-64.502150837064221,-22.410570717399263],[-64.500432368986012,-22.415121236788792],[-64.500186763052483,-22.416561090277497],[-64.499697357898896,-22.419156756894012],[-64.499637814365954,-22.421402871375363],[-64.49976385850151,-22.423647984397],[-64.499828845493937,-22.426989154081934],[-64.499645927275679,-22.428545901983142],[-64.499587112516039,-22.431080639609156],[-64.497802956269695,-22.432578509202344],[-64.494477827825037,-22.433151338402936],[-64.492139724481433,-22.434304839347323],[-64.489432586504009,-22.436894430859951],[-64.487096133406155,-22.439775043354391],[-64.48629768741408,-22.44253918319377],[-64.487655022199789,-22.444727909690819],[-64.490489299696293,-22.44588501785687],[-64.492646427573547,-22.447961016892744],[-64.493818185059382,-22.45015080814202],[-64.494190422852228,-22.452051641836601],[-64.493822866898753,-22.453663530011124],[-64.492346043099204,-22.455335271949028],[-64.49130041404328,-22.456310665615597],[-64.489576402749677,-22.456829463516456],[-64.487360995044554,-22.458212205966468],[-64.48613202797533,-22.461208526881041],[-64.485640886836919,-22.462875167019554],[-64.483609149328998,-22.46362548991555],[-64.480899370817752,-22.463392178866009],[-64.480408592726192,-22.465870220771482],[-64.478747327962665,-22.467367276365263],[-64.476654368187724,-22.467824932375215],[-64.474929054095995,-22.46736525449618],[-64.472773377727648,-22.467074702350232],[-64.470435717604829,-22.470239102357308],[-64.470685278826437,-22.473583378200924],[-64.470502590391021,-22.476461309312874],[-64.469334126171532,-22.478307107608373],[-64.467426488437297,-22.479800628654889],[-64.465517762608826,-22.480320454276338],[-64.463915613805199,-22.479914105840553],[-64.462621426098934,-22.479163370206887],[-64.460403754407167,-22.478643077986437],[-64.458925611876069,-22.478587894056581],[-64.457201416872778,-22.479043302709758],[-64.455415590746853,-22.479792254509885],[-64.455663552248751,-22.481634985325133],[-64.458130827085171,-22.48503538006975],[-64.459855395492696,-22.485959613339233],[-64.461397381368798,-22.487461910643553],[-64.461582998563458,-22.489075270327252],[-64.460968742465084,-22.490742306707194],[-64.458015756305144,-22.495293831595994],[-64.455676472287493,-22.496559630588987],[-64.452842668691403,-22.497016332258589],[-64.450318070679302,-22.497128789433749],[-64.44736076150275,-22.496725002583037],[-64.444034170325509,-22.496778469523626],[-64.440954253773512,-22.496605016644047],[-64.439476447590167,-22.496315163898817],[-64.436889172180571,-22.49717627921974],[-64.434735777923265,-22.499996452520026],[-64.434552121270855,-22.502184124187536],[-64.43486211114616,-22.504373754422744],[-64.434863243908495,-22.506736548611219],[-64.434802902207537,-22.508121042976754],[-64.434249643820678,-22.510022067362744],[-64.431355591815318,-22.51082595512452],[-64.42741264590255,-22.510706570626368],[-64.425749909961155,-22.511684447034373],[-64.424334272423152,-22.513062286143704],[-64.422363462546201,-22.514388936399708],[-64.421750283883938,-22.51818835671347],[-64.422366924132675,-22.519515295972639],[-64.423846950580554,-22.52222192006105],[-64.424834525000861,-22.52412407446338],[-64.425512439332451,-22.525391991750197],[-64.42502203086984,-22.528676839269085],[-64.424037369194892,-22.52994420017302],[-64.420527514775188,-22.532762049762141],[-64.419913328233164,-22.535294504163115],[-64.422134225198548,-22.539331791785958],[-64.423306210037424,-22.542152579565592],[-64.423738273288677,-22.543822923088374],[-64.426330109953511,-22.549643644416893],[-64.427255682336735,-22.550914808060543],[-64.428982321878777,-22.552758898190326],[-64.431138609171128,-22.552932652137134],[-64.433109796954241,-22.55189912753756],[-64.435266125554406,-22.551441560980511],[-64.437176172729323,-22.552130548028238],[-64.43828763733525,-22.554554680849403],[-64.438597103303053,-22.556739854652832],[-64.438598793409966,-22.559449164766981],[-64.437367875896243,-22.560947851972632],[-64.436876038462231,-22.562613912631456],[-64.437616677210556,-22.563827344200575],[-64.438542496282452,-22.56590095226159],[-64.438606035275839,-22.568551356319947],[-64.43839605425525,-22.569982603583167],[-64.438300388685491,-22.57206501053593],[-64.426777412051663,-22.585220781977984],[-64.426344632342932,-22.589692949524633],[-64.426592370808862,-22.591017174364001],[-64.427149005389253,-22.593958008498735],[-64.427028008790472,-22.596780590260884],[-64.427152693314952,-22.599024969591493],[-64.42789361414269,-22.601270658866767],[-64.429313289064197,-22.603981573262072],[-64.431903720101246,-22.606343969566996],[-64.431904924016649,-22.608358993290619],[-64.431166339665012,-22.610431954079893],[-64.430798044328029,-22.612850048584345],[-64.430861018836239,-22.614292167337318],[-64.429876374123467,-22.615613557093337],[-64.427656857448113,-22.615268827338298],[-64.425868199426603,-22.614115005216767],[-64.424388860891028,-22.613247995765665],[-64.422724172810987,-22.613017608742251],[-64.421677853840364,-22.615146040826254],[-64.421062977135946,-22.617047027218035],[-64.421187142797947,-22.618430292009471],[-64.422790876598398,-22.620563402315209],[-64.424886731872874,-22.620737454966633],[-64.426797277334913,-22.620105609403449],[-64.429076583821526,-22.618552137330649],[-64.431233269473026,-22.617747669587999],[-64.434437999324757,-22.617348079393636],[-64.437644791897952,-22.618904695094074],[-64.439002401823998,-22.621327441560251],[-64.437894686654516,-22.623915983512383],[-64.435059903870751,-22.624489644312256],[-64.432472807754877,-22.627022801762713],[-64.431796883663068,-22.629785045451541],[-64.429826283033208,-22.633297761758211],[-64.42551203110601,-22.634040949333016],[-64.422491796456328,-22.634903910007651],[-64.418549913901643,-22.639219770741324],[-64.41688561534022,-22.63979161864351],[-64.414297085171839,-22.640309735927712],[-64.414052053131712,-22.643245364139723],[-64.41516347521079,-22.646070514186945],[-64.416644775849932,-22.648605264975227],[-64.417818779788121,-22.652178143261033],[-64.417327056247274,-22.655286400951614],[-64.416711340413642,-22.656668730532267],[-64.416157463780735,-22.65799221488734],[-64.415233906092766,-22.659488762510286],[-64.413323741257017,-22.661675636651086],[-64.410734801162789,-22.662477434022122],[-64.408022348602543,-22.662991462190792],[-64.405125129125636,-22.663565084573911],[-64.403521965582456,-22.663793941044865],[-64.400809839158725,-22.664425035888609],[-64.398158520838152,-22.664424847993157],[-64.394399091322015,-22.666548313245123],[-64.390701431049877,-22.670461062549279],[-64.392059054131309,-22.67276655255845],[-64.393478601021556,-22.675531524027964],[-64.394344810602391,-22.680372477367083],[-64.394901468898368,-22.684227991012609],[-64.394656756339799,-22.688204478898363],[-64.394349529625416,-22.690391938721827],[-64.393425733281944,-22.692636548534569],[-64.390034261732723,-22.693036509680219],[-64.390898636028709,-22.695281254840964],[-64.394413421171706,-22.695516238851528],[-64.397435676720761,-22.69638457279973],[-64.398792549882117,-22.697535993853872],[-64.400768430894971,-22.700762302512175],[-64.397932311057858,-22.702430431386091],[-64.395897366768068,-22.702774196942237],[-64.393985068869654,-22.701909332005389],[-64.392258499981708,-22.70138598858578],[-64.38991596860798,-22.702997781530009],[-64.386525651763534,-22.704893865945454],[-64.383996252662129,-22.7032793852851],[-64.380479534726362,-22.700222924920293],[-64.378444680591301,-22.700277876843906],[-64.375856135996116,-22.702634245929922],[-64.371726177950379,-22.706318607084963],[-64.371171417379315,-22.707813201891447],[-64.370124139432789,-22.709886908876001],[-64.367348636040177,-22.7093640357289],[-64.36549837546616,-22.707691882531151],[-64.363154240062741,-22.705905075623161],[-64.358776022471702,-22.705781832208036],[-64.356001385581493,-22.707854948810915],[-64.353843231077121,-22.709924764045549],[-64.35285691460102,-22.711015760133943],[-64.351623829635798,-22.711995211470729],[-64.350514595179931,-22.713086532186029],[-64.349034990753864,-22.714522418917849],[-64.347678472030523,-22.716133250716684],[-64.346445225012559,-22.71763094990542],[-64.345212414217968,-22.719642275565214],[-64.344102858438617,-22.722004685059844],[-64.343362956208423,-22.723328805703826],[-64.342438326447066,-22.724878911829723],[-64.341698277302157,-22.726031667860656],[-64.340219121439304,-22.728161306555275],[-64.339541101065521,-22.729426447212873],[-64.33806131791458,-22.731321771749247],[-64.3374441583086,-22.732703663763765],[-64.33688949538481,-22.734026882034968],[-64.334916182952682,-22.737019445434711],[-64.335287814988106,-22.743813873600313],[-64.334609871442012,-22.74663358852515],[-64.334734545015493,-22.749688578460141],[-64.333994313075422,-22.753833613116829],[-64.333625374146337,-22.757517096394157],[-64.333132542265034,-22.760624354752103],[-64.3327627051181,-22.763735627276422],[-64.333071490579158,-22.765865683349411],[-64.334306109925691,-22.768861125150405],[-64.335478518356851,-22.770649264417699],[-64.336527356458475,-22.772893020941421],[-64.340106527239513,-22.77710308159881],[-64.343006431236674,-22.778143835941155],[-64.344487207380652,-22.778546806243774],[-64.346152887173375,-22.77918345258329],[-64.346276629183137,-22.782175022231261],[-64.346030648402973,-22.784537448551252],[-64.346278072966825,-22.787762765063789],[-64.345353494503499,-22.789889593737783],[-64.342824182962019,-22.791442739146746],[-64.340171220748033,-22.791382997344776],[-64.338135405120823,-22.790455484084113],[-64.336345821906875,-22.789706781444803],[-64.334680253738057,-22.788552002946382],[-64.332705427851849,-22.788205198956664],[-64.33122512112773,-22.788951344002598],[-64.330361266880061,-22.791194857628248],[-64.329436624448718,-22.79395693724102],[-64.32925192846686,-22.795512536083216],[-64.329375482997378,-22.797125099721335],[-64.329375584287391,-22.799828726045586],[-64.330240328380725,-22.802307612540098],[-64.328142887439498,-22.803570032479353],[-64.32511985798574,-22.805639050877893],[-64.32549015380323,-22.807655940384738],[-64.32672449178196,-22.809209220823099],[-64.329810177722166,-22.813016000433681],[-64.329564361527915,-22.815891934772122],[-64.332834882166651,-22.821599166054629],[-64.329380226016426,-22.82522010861782],[-64.328269739161072,-22.826486882896116],[-64.327035821421489,-22.82901596435967],[-64.329999067434684,-22.832935665035851],[-64.330862930234247,-22.835125950028072],[-64.328209975870465,-22.836846056333417],[-64.326235230990747,-22.838112263660832],[-64.326173750196958,-22.840473623593891],[-64.327161403899808,-22.841681096718375],[-64.32901322711453,-22.844736401317814],[-64.328273285150971,-22.846979107243509],[-64.325434836808029,-22.85071851095671],[-64.324386337906915,-22.852732900444817],[-64.323830511215121,-22.854344036976929],[-64.322842813394288,-22.855375875591513],[-64.31975743368065,-22.856638203207829],[-64.317782911898789,-22.856809519952762],[-64.314511050160036,-22.855536036525205],[-64.312289818760732,-22.85351861921583],[-64.311549127062193,-22.851791977601252],[-64.309450674843305,-22.852306152465346],[-64.308093098018574,-22.853168485766055],[-64.307599215452171,-22.854666530763378],[-64.308401606070873,-22.856451644148663],[-64.308834145049161,-22.857832871147284],[-64.309759284919238,-22.860829307255592],[-64.309019627880716,-22.862206910982856],[-64.307414165253803,-22.862376409767915],[-64.305748484248184,-22.862203797438244],[-64.303958216728574,-22.861680294520635],[-64.302045196558595,-22.860008423633705],[-64.301797878347486,-22.858513761487288],[-64.301550993081321,-22.857073075293687],[-64.301736160016119,-22.855229420801933],[-64.301983165463369,-22.853390036705012],[-64.302908615207144,-22.850799580697025],[-64.304575090331227,-22.848498603091222],[-64.305747591826602,-22.847060471650135],[-64.307290564473362,-22.845107033660454],[-64.306735031505497,-22.842861226796803],[-64.305192330351247,-22.842976363003014],[-64.303093459844348,-22.84452686084645],[-64.301489753447271,-22.845845302172595],[-64.299514840904749,-22.846421996435222],[-64.29803335544095,-22.846302555432469],[-64.296243580944278,-22.845896156686965],[-64.294454408807226,-22.843592739584381],[-64.293713752806141,-22.841059350000084],[-64.293466865963325,-22.839213198497585],[-64.293096309513643,-22.837200610152859],[-64.292850064088213,-22.833227808863224],[-64.292788299514839,-22.83023165626884],[-64.294331118403022,-22.827701513275326],[-64.296429294479353,-22.826551956897525],[-64.299391478353314,-22.825466223637132],[-64.30192115132445,-22.824720303889809],[-64.303772345444614,-22.823454736665365],[-64.304882634844319,-22.821674409040725],[-64.304327641013288,-22.820117700842289],[-64.303031827481604,-22.818907192325035],[-64.30019307896562,-22.817752867511729],[-64.297724951720681,-22.817746129445844],[-64.296059017142994,-22.81780316697181],[-64.293837562055685,-22.817799708415759],[-64.291862638609786,-22.818024931240135],[-64.289025131568195,-22.818366577447247],[-64.28538390489706,-22.817094172408364],[-64.284335271943704,-22.813237119616332],[-64.283163377593482,-22.81156612543575],[-64.282669928263729,-22.809549622632076],[-64.282361391555369,-22.807703629426005],[-64.282670097482011,-22.806152172050862],[-64.282855306740402,-22.804772616092226],[-64.28334911159898,-22.802066685069583],[-64.283781123442708,-22.800397357839284],[-64.283781311101194,-22.799072647860491],[-64.285200427861795,-22.797579394772196],[-64.285015836271285,-22.79498453898654],[-64.286187662657497,-22.793722045797438],[-64.289457987605161,-22.787912531373035],[-64.289951334072612,-22.786590085577995],[-64.290877027255846,-22.782787051548915],[-64.291925981083011,-22.779105172811381],[-64.290507716533028,-22.776570021601632],[-64.287114188293742,-22.777085439022063],[-64.285078298730554,-22.777599165230207],[-64.282548817132152,-22.77805663836206],[-64.279650052009217,-22.777992956410444],[-64.277058337886203,-22.777756525569266],[-64.273974338367722,-22.775390911866353],[-64.273172967535274,-22.773087284378942],[-64.273111458820111,-22.769919558695474],[-64.274592590621609,-22.765834613506158],[-64.275888610572082,-22.763706383525765],[-64.276690534924953,-22.761291841050088],[-64.276196973471556,-22.759793497985861],[-64.275457206341954,-22.757777781015836],[-64.274963522399659,-22.756337852112519],[-64.273668278071227,-22.754721253135735],[-64.272620453362123,-22.753455039037409],[-64.2713869671081,-22.75206796891019],[-64.269845137111076,-22.750916533123799],[-64.268611276687253,-22.74987649105535],[-64.266700231964691,-22.74803264860029],[-64.264973313829259,-22.746990228411921],[-64.262875681501598,-22.745778023592194],[-64.262382978157547,-22.743242941738554],[-64.264789245003911,-22.741519805697269],[-64.267440632428205,-22.740660951056636],[-64.269846582844892,-22.739627501438136],[-64.27034049909102,-22.737498073861961],[-64.268613778423941,-22.7350225044312],[-64.267935985090958,-22.731564265597044],[-64.268244885693193,-22.72995415475523],[-64.270465698694338,-22.726960861326585],[-64.271514545175009,-22.724774927370177],[-64.270281098312537,-22.720800865175921],[-64.269356937769089,-22.718957113373214],[-64.267322113616061,-22.717686090567298],[-64.265780041063579,-22.717107041487967],[-64.264176738198657,-22.715951193956062],[-64.262943770576584,-22.714509901464819],[-64.261833405769252,-22.713185174561037],[-64.261341080238935,-22.71076706882835],[-64.26084822423087,-22.707307991667516],[-64.260663823889715,-22.705005648510202],[-64.260355609032345,-22.702987868631045],[-64.26251396161976,-22.701784202285605],[-64.266091299345817,-22.699312088796813],[-64.269421333761116,-22.696498614384975],[-64.270162032185667,-22.694426564889252],[-64.269977521071255,-22.691317480535648],[-64.267079714761394,-22.688950557511372],[-64.265229862762865,-22.688314117945772],[-64.265230090259593,-22.68681773893061],[-64.264984855390296,-22.682383650454877],[-64.264244934506678,-22.679326559217703],[-64.263813674039298,-22.677773508427652],[-64.263321229619336,-22.675814986352943],[-64.263074443629534,-22.673914031790304],[-64.263198074247356,-22.672475615361826],[-64.263753528929939,-22.670169960000205],[-64.264123746950943,-22.668671949253735],[-64.264124094628414,-22.666945700442952],[-64.264125043849191,-22.663605696398854],[-64.263508428565643,-22.661877504744108],[-64.262707606455876,-22.658595047616945],[-64.261043872389124,-22.656979624948349],[-64.259871757142875,-22.655767885065433],[-64.259009290597859,-22.65467180083235],[-64.258454766387956,-22.652654810501776],[-64.258393913963829,-22.650752976733155],[-64.259873741282718,-22.64770386250791],[-64.260983994827697,-22.646725515794731],[-64.264128003873694,-22.644890754646305],[-64.26566879499471,-22.64425742966748],[-64.266101549976796,-22.642069373412998],[-64.26616353995378,-22.639364519824458],[-64.265547330082498,-22.637117877899446],[-64.263267057778478,-22.63262019993206],[-64.260617600748787,-22.62933231408876],[-64.259816283266602,-22.626279460700527],[-64.258769626584495,-22.622475141110677],[-64.258338876866461,-22.619997645187951],[-64.257229519575063,-22.617347581565639],[-64.256675427649938,-22.616020077142476],[-64.255812794693199,-22.613657268204435],[-64.255196964464005,-22.61175762830522],[-64.25137529743337,-22.612671153708597],[-64.249711006011125,-22.613764652134407],[-64.24816996634037,-22.613933727529897],[-64.246012615564851,-22.613758035932374],[-64.243855270732055,-22.613176872645614],[-64.242561025855181,-22.612425022710987],[-64.240774355134789,-22.610638604671053],[-64.238802762307429,-22.609136848831589],[-64.236831028890094,-22.607693656780434],[-64.236831965426731,-22.604123415725763],[-64.238434608013492,-22.60262896982227],[-64.239237060081521,-22.600150822930971],[-64.237512285117091,-22.597958240066145],[-64.237266537295881,-22.595078715802561],[-64.238252466670062,-22.593352398238814],[-64.240164488034353,-22.590824390972731],[-64.240966038454062,-22.588233228566004],[-64.240781954632439,-22.58477628793387],[-64.240104622929579,-22.583449495885347],[-64.239939970280915,-22.58171904991627],[-64.229700738312516,-22.57004247100452],[-64.227490690203012,-22.567521885573345],[-64.228108501594264,-22.564124511422566],[-64.230204970615702,-22.560441462490679],[-64.232239109989678,-22.558255343483935],[-64.232609478842704,-22.555954507999584],[-64.232364221514757,-22.554111652283179],[-64.231378373463926,-22.552610009512222],[-64.230085131592219,-22.550766987702961],[-64.228606843890418,-22.548861750931323],[-64.228361362769903,-22.547478595456973],[-64.227992222236338,-22.545406390863263],[-64.227746237447207,-22.543788992651404],[-64.227192634986324,-22.541888661853125],[-64.227316923202096,-22.53935448760781],[-64.227010010794302,-22.536186074538033],[-64.226949103791455,-22.534225335497478],[-64.227444219994652,-22.529448487929024],[-64.225596672047828,-22.526160628271565],[-64.224056120775728,-22.526216596686794],[-64.222516241858415,-22.526615393544606],[-64.219989798400221,-22.527126458056252],[-64.21863487435354,-22.527587437201028],[-64.215985339056544,-22.52781024974384],[-64.213275034354211,-22.527001050264303],[-64.212784007051582,-22.521759467319129],[-64.213462558618517,-22.519971335386373],[-64.214326343501099,-22.518362604334555],[-64.214758698604498,-22.515655604767332],[-64.213527492524861,-22.513636356400426],[-64.21014021212342,-22.511035335436922],[-64.207552323474786,-22.511722263071153],[-64.205457718828328,-22.512871693244612],[-64.201884595331407,-22.513440739415888],[-64.199974928480785,-22.512456643172019],[-64.199914451758758,-22.510094356030752],[-64.201888074217067,-22.50641172233723],[-64.203367585387895,-22.504110650284996],[-64.203492763209525,-22.500309249070792],[-64.200660517145479,-22.49845856854099],[-64.19745768824292,-22.497475192709423],[-64.19635024513326,-22.495802466886811],[-64.196290119053344,-22.49246166034613],[-64.196968249579825,-22.491196506815768],[-64.197277181030614,-22.488891115813754],[-64.196846521954541,-22.487449893065047],[-64.196477720606069,-22.486121301912057],[-64.195801884747496,-22.484568443772122],[-64.194386320387437,-22.482085396398389],[-64.194079938203743,-22.479493854573093],[-64.193710744453512,-22.477935200863527],[-64.192110471923968,-22.475917138077865],[-64.191496567811029,-22.472862373578689],[-64.191374545123864,-22.470671534276029],[-64.190945401005578,-22.467733355409905],[-64.190330499029031,-22.465887217289982],[-64.190331107205793,-22.464101528148689],[-64.188732778034009,-22.459950430371041],[-64.1869478693785,-22.458221632700905],[-64.18510029974037,-22.457119897687747],[-64.182575680518383,-22.457517755488002],[-64.181342811738901,-22.459362401978279],[-64.180356482022148,-22.46074166784285],[-64.179370074350459,-22.461778182878085],[-64.176044212180329,-22.46194023926688],[-64.173827949059913,-22.460957048769647],[-64.172906993688869,-22.457786167941297],[-64.172661029003649,-22.456001492682358],[-64.172600734418737,-22.454387543811922],[-64.172909749867003,-22.45248788241863],[-64.17315828279547,-22.449722721629485],[-64.172421815933646,-22.446203937706699],[-64.170451923182327,-22.445395455503096],[-64.168850328457793,-22.445104249854023],[-64.168235515174345,-22.443663694797465],[-64.166697628313102,-22.441757681624029],[-64.163127944976466,-22.438984956042781],[-64.161710755596985,-22.439901448768083],[-64.157892120076866,-22.441508026246115],[-64.153274841947905,-22.439826017940838],[-64.151120680716943,-22.438495101818923],[-64.149891346531746,-22.435785157857111],[-64.150076949909334,-22.434463153916258],[-64.151249452447374,-22.431297458786883],[-64.150758681455599,-22.428701923750072],[-64.149037030316265,-22.42552946701165],[-64.148237176401054,-22.42431955291439],[-64.145222516178293,-22.421715681470936],[-64.142822053556031,-22.421021173210196],[-64.141220457610672,-22.420959671954144],[-64.139619915077702,-22.420785451190159],[-64.138204609974238,-22.420375965216035],[-64.136789079394632,-22.419222320155807],[-64.136544079675218,-22.417608785047818],[-64.136976265678214,-22.416168669117223],[-64.13802554564279,-22.413982025899546],[-64.138643058715687,-22.411792545878949],[-64.138582243645914,-22.41023705786726],[-64.138030190511884,-22.407930105177385],[-64.137108158310937,-22.40660339078504],[-64.135201117290094,-22.404639909161649],[-64.132062019574732,-22.402960485946355],[-64.129477256272651,-22.402149683863819],[-64.126523789153026,-22.400816789623082],[-64.125108215515041,-22.399893097125773],[-64.124432717101087,-22.397988094230509],[-64.124127569646092,-22.394877409532114],[-64.125176092079869,-22.393380683509125],[-64.127332605198546,-22.390964402608564],[-64.128503064979341,-22.390161753209185],[-64.129920937052404,-22.388668293117036],[-64.130047818180472,-22.384288695259027],[-64.128941878152787,-22.381577991612755],[-64.127774844295416,-22.379038773652141],[-64.126422417341615,-22.376788904467464],[-64.123529827656029,-22.37545586865156],[-64.119467798294593,-22.375331203119369],[-64.115649892258247,-22.376359987610169],[-64.112510353287178,-22.376236246411544],[-64.109986313614684,-22.376574849537679],[-64.107338530410772,-22.377491015688676],[-64.104260110037046,-22.377831516485415],[-64.101924437313912,-22.374308822661227],[-64.101864545071891,-22.372752929405468],[-64.102606774433696,-22.369818816110381],[-64.104024705034973,-22.367689452658446],[-64.105197197211041,-22.364925159458032],[-64.105568528701326,-22.362677775945517],[-64.105509257449,-22.360490616101107],[-64.105633775754669,-22.358762693606206],[-64.106067177232404,-22.356397881469029],[-64.106500623889886,-22.35449747021088],[-64.103548491949979,-22.351495573819442],[-64.09954767584351,-22.351771649566242],[-64.097517562040821,-22.35061548202923],[-64.096658590643941,-22.348133435554566],[-64.09604532984325,-22.346061014028027],[-64.098324849428479,-22.343991654010782],[-64.09986484122598,-22.342610362512769],[-64.100728538557092,-22.341055777124726],[-64.102330927603163,-22.338700207520532],[-64.103442111532445,-22.33564708051431],[-64.103505461440534,-22.334262215346449],[-64.103507688893913,-22.3319575298266],[-64.101416528084656,-22.330224223834964],[-64.099510313089667,-22.329126023461015],[-64.096742202447786,-22.328197986789043],[-64.095265208867588,-22.327386866038342],[-64.093789621622605,-22.326693110820361],[-64.091821729846146,-22.325302051881689],[-64.091330957510479,-22.323919088528378],[-64.089794349350299,-22.322300814324102],[-64.088811518981373,-22.320802494320983],[-64.088197341349911,-22.319302606289256],[-64.087153101146924,-22.317281230712407],[-64.086171529660902,-22.314858075922096],[-64.086297117515443,-22.312439961678621],[-64.086729665980556,-22.310940893118634],[-64.087719419408529,-22.306679532072195],[-64.088399863706655,-22.303452157173588],[-64.08883351374125,-22.300744279612282],[-64.085390155111,-22.298316265475638],[-64.082621414061776,-22.298136686645833],[-64.082440372003049,-22.295485113978753],[-64.082382321826174,-22.292142839259565],[-64.080723692703316,-22.289830281512071],[-64.07912520850202,-22.288676743320167],[-64.077896466632268,-22.287233185552399],[-64.078083272253622,-22.2853876275571],[-64.079870430239666,-22.282855332622169],[-64.080734412657065,-22.280899163853359],[-64.080982369366097,-22.279170664518233],[-64.079937706397942,-22.278245053902605],[-64.078398730927404,-22.278701642542018],[-64.077166191453188,-22.280199100966019],[-64.075506769485855,-22.279041168148321],[-64.074461528603166,-22.278115531089451],[-64.073786688171182,-22.276444420881525],[-64.073234847613179,-22.274827094266843],[-64.073668384830441,-22.27310246623475],[-64.074101794554423,-22.270335696498258],[-64.070599064573969,-22.266924232973651],[-64.06918483690022,-22.266288694346876],[-64.066480265132128,-22.264552352483538],[-64.067528307656872,-22.262365414982469],[-64.068640982479039,-22.257931918232813],[-64.068153304246209,-22.254816432781233],[-64.067172760642791,-22.251526893045199],[-64.066744470014314,-22.25003077570609],[-64.06490345566759,-22.246509629234133],[-64.063552914183106,-22.24391126092349],[-64.060417649102334,-22.242401937648879],[-64.057469993205316,-22.238478480042609],[-64.059441785066966,-22.23565674273539],[-64.059260328118228,-22.233352099118758],[-64.056802864286254,-22.231154603497821],[-64.055389582282956,-22.229481366756225],[-64.054346013930768,-22.228379657825226],[-64.054163235731693,-22.226711164433485],[-64.055888777406849,-22.224120313068841],[-64.05460119515007,-22.221120232057874],[-64.053802935312419,-22.220022246250188],[-64.052944468062478,-22.218004084220915],[-64.051656513496383,-22.215405486812049],[-64.050428322542686,-22.213844170582501],[-64.049508550488966,-22.211767777609825],[-64.048895539729585,-22.21015471564748],[-64.047977745687845,-22.206287079232396],[-64.04644117226583,-22.205705891026881],[-64.042806609144876,-22.2104233752071],[-64.041141656249224,-22.213244190915177],[-64.038064473687371,-22.214910096822194],[-64.031299872831994,-22.214368711780828],[-64.028224136133105,-22.214536714349034],[-64.02533420704961,-22.213892135977893],[-64.026444393418416,-22.212052316315219],[-64.025646512926642,-22.210205391930593],[-64.024232163769781,-22.210431060819797],[-64.021832286329143,-22.211174214535497],[-64.019618135251335,-22.211285207506716],[-64.018329510239653,-22.209376706790785],[-64.018639185368343,-22.207589126827703],[-64.019748205762042,-22.206728299362641],[-64.021594320474719,-22.205811015237568],[-64.023378791922624,-22.205182651184991],[-64.023135430544613,-22.203338169582981],[-64.020983628405176,-22.20287173086615],[-64.018277839116664,-22.202573603639852],[-64.016251656737992,-22.200437357192044],[-64.01662648315984,-22.196285553947021],[-64.019089864308057,-22.194509167871143],[-64.023581918783634,-22.192847686548067],[-64.024199031412977,-22.191176430201729],[-64.021988741254305,-22.188752118819714],[-64.02063661133046,-22.187881205616179],[-64.017441842432305,-22.185915566589802],[-64.016029191667755,-22.18452593941549],[-64.014186830873825,-22.183079244615111],[-64.013390558080914,-22.181060781808092],[-64.012718083506911,-22.178351370363966],[-64.012474987019175,-22.176331020313192],[-64.014139009461218,-22.174029208403347],[-64.016294278334172,-22.172077739955824],[-64.01801926669107,-22.170177162879014],[-64.018575333298656,-22.167815758302808],[-64.01765900303711,-22.163952197460574],[-64.015328276789958,-22.16014297815769],[-64.01330200936458,-22.158403320655228],[-64.011028967770727,-22.156786422860051],[-64.007649430573878,-22.155506985213535],[-64.005068334514974,-22.154748161944642],[-64.002978311494061,-22.154511257154102],[-64.000951175139221,-22.153294974400314],[-64.000585342262724,-22.151220672108519],[-64.002554942975181,-22.150131629269325],[-64.004705440132767,-22.150887257224834],[-64.006553350276803,-22.148760881365842],[-64.007048848119112,-22.146453682718057],[-64.007296766585114,-22.145130789258733],[-64.007363597978355,-22.141841532359894],[-64.007304171489466,-22.140515114107632],[-64.005953704339262,-22.138958405845653],[-64.004173206631805,-22.137569999457817],[-64.00214597075815,-22.136407677260529],[-63.999442823893631,-22.13518909034941],[-63.997416274171968,-22.134031370378782],[-63.99391071648666,-22.131748443655106],[-64.009770880277742,-21.979276728448138],[-64.013767971472433,-21.781177777312354],[-64.052380134853394,-21.547943365901585],[-64.099209620969845,-21.392605201209122],[-64.209516901876142,-21.251862978043174],[-64.32068654895329,-21.167733714293092],[-64.426225932387794,-21.175553157587476],[-64.553402787236337,-21.218904560073145],[-64.674300734236226,-21.311741505837315],[-64.725129163398762,-21.418238454308128],[-64.791415352603863,-21.616830840988619],[-64.835857928465103,-21.765739529793318],[-64.88884609962642,-22.013768159488947],[-64.898420665969454,-22.101004836125021]]]},"properties":{"FID":4,"AREA":10306100000,"PERIMETER":519942.09999999998,"SEQ3_":6,"SEQ3_ID":2,"CODIGO":2,"descripcio":"1 de cada 4 anos con Sequia","grado":"Bajo"}}]}