{"type":"FeatureCollection","features":[{"type":"Feature","id":0,"geometry":{"type":"Polygon","coordinates":[[[-62.810358828785084,-18.018125920173688],[-62.812018414640491,-18.017937554601712],[-62.811801648719971,-18.020022420638281],[-62.810796327295364,-18.025163073772486],[-62.808913822573345,-18.032360983235421],[-62.808034242611669,-18.036664729698536],[-62.807278440552203,-18.042044746762112],[-62.807146799591813,-18.048142816302153],[-62.807891388431898,-18.053118512564801],[-62.80938509887396,-18.058979041090719],[-62.812379032571272,-18.06484101828455],[-62.816374647914749,-18.069388606813732],[-62.821244014501453,-18.075491362653629],[-62.825990815427815,-18.079441583886911],[-62.833485532296955,-18.086383384078257],[-62.840879533966302,-18.093828490282789],[-62.845124927041645,-18.100288839781523],[-62.848867085152783,-18.110694575433818],[-62.850360129906328,-18.119496972408001],[-62.850976777104542,-18.129661053622296],[-62.852590234641191,-18.144322519414168],[-62.851332285425201,-18.15293070020379],[-62.850697879440091,-18.163572062075751],[-62.851564188877695,-18.174526198643989],[-62.853183341081852,-18.182897422389111],[-62.85567972600731,-18.189595293436639],[-62.861427969452265,-18.197610783873564],[-62.865802841932577,-18.202588781694793],[-62.871302797066228,-18.20916894703425],[-62.874301659521919,-18.214551621897559],[-62.87654964138919,-18.220412048795055],[-62.878296022843095,-18.228065688339225],[-62.87854088256671,-18.23583793130733],[-62.878534388295272,-18.245189815975138],[-62.876525320027305,-18.254873729384563],[-62.875641415288506,-18.265946097980606],[-62.874634001538396,-18.274554486884618],[-62.873997407383392,-18.289500310841678],[-62.874989858827831,-18.301936218719504],[-62.877735875962919,-18.312459591957992],[-62.884235527879675,-18.327648970030662],[-62.891362802988226,-18.342121051365421],[-62.898864953259597,-18.359966374707927],[-62.902865427573339,-18.371805785933585],[-62.908118452642086,-18.384363122210726],[-62.912247383050747,-18.392209518628864],[-62.919884238354399,-18.398908733235395],[-62.926645052613644,-18.405248596755502],[-62.933030214408618,-18.41254463295455],[-62.936034418420753,-18.418045816260644],[-62.938409102009885,-18.43301803212659],[-62.93828096789678,-18.441029058101687],[-62.938778320010421,-18.451670776221032],[-62.940780200564461,-18.459635375659211],[-62.942908537561486,-18.464657878740123],[-62.948544257136483,-18.473627076130779],[-62.956335406457903,-18.482223543255014],[-62.965857411232278,-18.490236527579597],[-62.969867092024806,-18.492748126250216],[-62.976205064918794,-18.494428850784459],[-62.978889700558625,-18.495140697385501],[-62.982649295185404,-18.4951410793023],[-62.989792468528059,-18.496098139149854],[-62.996685067407043,-18.497652762505361],[-63.002199252270721,-18.500163695184071],[-63.00533242812574,-18.503033250792939],[-63.007212546997941,-18.508652854427957],[-63.006711563994905,-18.51726171637657],[-63.0043303776364,-18.525059043017219],[-63.003077085646638,-18.531993957913592],[-63.003703955468545,-18.538330997186414],[-63.006461926386194,-18.544787536106998],[-63.014109476370301,-18.554950297824565],[-63.020754835081377,-18.564036751656499],[-63.029169484378727,-18.569417870021049],[-63.040579842902936,-18.575035386152184],[-63.051615233215045,-18.582087106796155],[-63.064783899962684,-18.591170079153407],[-63.077828727765457,-18.600610868292435],[-63.091252668797502,-18.612800572465265],[-63.094766672578928,-18.617581470440012],[-63.101914846225164,-18.632913583334542],[-63.106941907449773,-18.649291263583645],[-63.108832401047188,-18.663424272617664],[-63.110217676687725,-18.671793024356134],[-63.111854204856762,-18.680473216042124],[-63.115371642953704,-18.687405851756811],[-63.120268896367442,-18.693500582079604],[-63.135837770022036,-18.707598579912609],[-63.156162806652546,-18.724261822087023],[-63.167089943285603,-18.734176216061353],[-63.180907440105067,-18.746478458427987],[-63.187943784215548,-18.753837389632146],[-63.198502046000911,-18.767098038949047],[-63.208432116392942,-18.778565312712026],[-63.216730502070234,-18.789196992275428],[-63.22452548026591,-18.798107920943803],[-63.233697419771488,-18.803476992231023],[-63.248411610688834,-18.808393539043887],[-63.255947063866124,-18.810057231646098],[-63.259713927088704,-18.810291151798324],[-63.265237752298958,-18.810044256693633],[-63.272768810104338,-18.808837775480203],[-63.276156676736569,-18.807637168477306],[-63.280925907974279,-18.806673550917946],[-63.287956544708436,-18.806662835294066],[-63.294110010020475,-18.80760973744545],[-63.298004092478493,-18.808799181990594],[-63.306801805999896,-18.813926095753306],[-63.312084970453007,-18.819323012783578],[-63.316491294606863,-18.825652367697202],[-63.319012437843597,-18.830908789938285],[-63.320785095640709,-18.838677257515638],[-63.32180984382083,-18.849269383569414],[-63.320942160738007,-18.855248953613327],[-63.322084727660318,-18.861703294844315],[-63.326629262239308,-18.873771058740559],[-63.328648594755492,-18.878789068187498],[-63.330417310727007,-18.884046618762568],[-63.332729378925869,-18.88928040060836],[-63.33418321257988,-18.893183118649507],[-63.336856972276436,-18.898582438761608],[-63.340083276664785,-18.903806517051326],[-63.344513801278055,-18.908071820120764],[-63.350900964699143,-18.910362228353453],[-63.354231873084224,-18.911252609081803],[-63.359135165895673,-18.913096378345116],[-63.360329631168064,-18.913572306008273],[-63.36190065774209,-18.914081711598762],[-63.364856739948607,-18.915677158665272],[-63.367536227406241,-18.917513977827799],[-63.371712167931314,-18.919801219548678],[-63.375611670275688,-18.921661531811708],[-63.375684170255319,-18.922150189834277],[-63.375484120400849,-18.922581010581315],[-63.375384895899053,-18.923155099269543],[-63.37538617722219,-18.923728984674778],[-63.376292019816304,-18.924301038680344],[-63.376645186445735,-18.924922034313539],[-63.376697476097888,-18.925830583908382],[-63.376448241655439,-18.926739745153714],[-63.376450490811315,-18.927744044079251],[-63.376703156276392,-18.928365243067315],[-63.377458156783803,-18.928889772780419],[-63.379168005321176,-18.929412351035264],[-63.379671958852057,-18.930033032114938],[-63.379774090051399,-18.93075018232426],[-63.379325246572364,-18.932281466398031],[-63.379276070196269,-18.932759806274273],[-63.379630238536436,-18.933811208535506],[-63.37968319641697,-18.935006698299642],[-63.379937005353213,-18.936123238361681],[-63.380196623891536,-18.939805147171047],[-63.379449020037249,-18.942580463539866],[-63.379450424717447,-18.943202171135166],[-63.37945204557036,-18.943919526000911],[-63.379554077328052,-18.944588851478471],[-63.380059594266548,-18.945879060694008],[-63.380161846336733,-18.946644032909411],[-63.379916714341256,-18.949370494923215],[-63.379415942997646,-18.950184525652961],[-63.379066058948986,-18.951046070461629],[-63.378865553095928,-18.951285599482535],[-63.378313431524909,-18.951621493745268],[-63.378213770442869,-18.952004287803039],[-63.378215279060406,-18.952673818474032],[-63.378066470941945,-18.953552060488327],[-63.378020625155678,-18.955512930953628],[-63.378073796896309,-18.956804065664301],[-63.377925307915362,-18.957825778030692],[-63.377927462170874,-18.958782249835018],[-63.37812970252164,-18.959307899216821],[-63.378481981066912,-18.959498475398252],[-63.378884200395255,-18.959545477413563],[-63.37898494429912,-18.95964091904132],[-63.379086336635275,-18.960023302065252],[-63.378788315316953,-18.961602096558046],[-63.37858812050888,-18.961985095937202],[-63.37828912073185,-18.963133477378143],[-63.378141020874558,-18.96432937416569],[-63.379002232073901,-18.967292688271105],[-63.379104818593554,-18.968201129763784],[-63.378854496982761,-18.968649165020157],[-63.378101467519642,-18.9690811171427],[-63.377801159696716,-18.969655614828746],[-63.377754232582262,-18.971138246724745],[-63.378511698501349,-18.972667060170643],[-63.378613638208222,-18.973288560348259],[-63.378464021607194,-18.973814927126842],[-63.378515261607106,-18.974245235962385],[-63.378868545012601,-18.97486622205729],[-63.378920257499267,-18.975504934036827],[-63.378570644594554,-18.976509947007191],[-63.378320270946958,-18.976940872041446],[-63.378221135514977,-18.97756278277123],[-63.378373131070319,-18.978088533075535],[-63.378726530394594,-18.978757342533353],[-63.378929447297402,-18.979569930304994],[-63.378830204660112,-18.980144017700127],[-63.378579826437189,-18.980574942999514],[-63.377977338636981,-18.980910939661896],[-63.377576037923731,-18.981294347944342],[-63.37742608824351,-18.981677243195499],[-63.377427380821999,-18.982251124847128],[-63.377679596862585,-18.982633200048586],[-63.379045132421496,-18.986265008541757],[-63.378796151685791,-18.987317638683059],[-63.378998863688018,-18.988034578581992],[-63.379403101503449,-18.98894239980795],[-63.379705388399536,-18.98922872182618],[-63.380260452306835,-18.990136231486851],[-63.380716427704598,-18.99168275970333],[-63.381422109055698,-18.992494308292056],[-63.382378839848748,-18.993161864636921],[-63.383083441481425,-18.993495172719637],[-63.384091665444089,-18.994688672913242],[-63.38429375099156,-18.995118665705149],[-63.384497375062317,-18.996218185273481],[-63.384451751644427,-18.998243979849271],[-63.384202459413913,-18.999153145590736],[-63.383500789633537,-19.000111072793523],[-63.383099456637616,-19.000494492842307],[-63.383050493685097,-19.001068477054819],[-63.383202965023294,-19.001785514772269],[-63.383808257811481,-19.002645084017175],[-63.383609601140812,-19.003714723635063],[-63.382605697972174,-19.004434156114257],[-63.382204461933839,-19.00486539758667],[-63.382004771047328,-19.005487516266236],[-63.382107619614672,-19.006491598302659],[-63.382058542707632,-19.007017758656289],[-63.381859285418308,-19.007831170341554],[-63.380906499791834,-19.008933076524652],[-63.380505683790552,-19.009555607614615],[-63.380104321574578,-19.009939021290741],[-63.378697807248393,-19.010515789391668],[-63.378447492945014,-19.010994537212568],[-63.378148086844099,-19.011999443967696],[-63.378049364831945,-19.012812645862912],[-63.378303035710523,-19.01381642107836],[-63.380570324233815,-19.015868179070708],[-63.38192965371011,-19.016630551832147],[-63.382081043131016,-19.016869356470544],[-63.382385979210362,-19.018289825754433],[-63.382286509408942,-19.018768266295538],[-63.382337993896193,-19.019294218079256],[-63.382791077851934,-19.019532397756368],[-63.383545525872172,-19.019626480822801],[-63.384350916201292,-19.020007395670234],[-63.385005573800733,-19.02043644441649],[-63.38540981539014,-19.021296424177606],[-63.385259629288463,-19.021583677997288],[-63.384807857137694,-19.021919383282562],[-63.384658549696674,-19.022589222396345],[-63.384659429960891,-19.022971808154914],[-63.384912055818084,-19.023497340101759],[-63.385366147007375,-19.024165921984153],[-63.385569375950567,-19.025074143371885],[-63.38562131438124,-19.025791386464949],[-63.385371439097447,-19.026461435714978],[-63.385172397077334,-19.027370495776779],[-63.385077377390658,-19.029778973986268],[-63.384777979888803,-19.030783889336735],[-63.384679390960351,-19.031644915929942],[-63.384832119970788,-19.032457595664955],[-63.38528667699952,-19.033317469323251],[-63.386800129717223,-19.035418535353653],[-63.387555871937067,-19.036038655083654],[-63.389366827190024,-19.036304677411362],[-63.389768899365166,-19.036208182700754],[-63.390269422097639,-19.035202835344862],[-63.390871630286597,-19.034675505097759],[-63.391525129557628,-19.034578474440963],[-63.391927532818947,-19.034625444463746],[-63.39273316712525,-19.035071252849274],[-63.393238171165699,-19.035978822025289],[-63.393088886198314,-19.036648666557273],[-63.392688051649223,-19.037271222581126],[-63.39264057475215,-19.038466906896879],[-63.392793686647686,-19.03942304791385],[-63.39319711515413,-19.039900422686312],[-63.393902274683562,-19.04037715319458],[-63.395512740021125,-19.040899767566213],[-63.396820689296895,-19.041088254911987],[-63.397575013956569,-19.041086632484703],[-63.398128527338258,-19.041228909889359],[-63.398145182202313,-19.041782105731361],[-63.398046200989384,-19.042451845154552],[-63.398148146662173,-19.043025504798017],[-63.398703265532589,-19.043837302778378],[-63.399560126063768,-19.044648446218961],[-63.400165432262064,-19.045412307587547],[-63.401071908554528,-19.045936396559135],[-63.401676996245079,-19.046604606656125],[-63.401728436910595,-19.047082727208039],[-63.402989383074058,-19.048610322714936],[-63.403192162304443,-19.049279405169226],[-63.403243839332362,-19.049853171011524],[-63.403496796699287,-19.050474320159609],[-63.403548475226302,-19.051048085816571],[-63.404153244215735,-19.051572818029797],[-63.40455557561242,-19.051571936678918],[-63.405512506857434,-19.052143715341352],[-63.405967573959749,-19.053147002179958],[-63.406370840617633,-19.053528700292336],[-63.407176446020713,-19.053909510305516],[-63.408233516145955,-19.054289760684647],[-63.408687317266647,-19.054766988121013],[-63.408941122934259,-19.055722889328838],[-63.408941826123005,-19.056009826774179],[-63.408692395570476,-19.056840482356652],[-63.408694855444772,-19.057844763285988],[-63.408999194244039,-19.058896198393089],[-63.409353009528481,-19.059612761042114],[-63.409455475121469,-19.060377703992501],[-63.409457470553178,-19.061190692935636],[-63.408908101866203,-19.062770074764313],[-63.40890986042006,-19.063487417816628],[-63.408659674341635,-19.064014026582591],[-63.408258366665684,-19.064445323252542],[-63.407806527641824,-19.064781084523005],[-63.407606281104925,-19.065164112094109],[-63.407407552377201,-19.066168836694086],[-63.408367388464214,-19.067888346369049],[-63.408871524218256,-19.068365460590829],[-63.409074000575998,-19.068891065753082],[-63.409125939942022,-19.06956047391613],[-63.408727551288308,-19.071187342383691],[-63.408980328273991,-19.071712835952823],[-63.409736200645099,-19.072285035105185],[-63.410797560432648,-19.074356175049019],[-63.41100016840052,-19.074929600303228],[-63.411352847455881,-19.075167929155921],[-63.412311239611896,-19.076265718752985],[-63.412563799074576,-19.076695561209625],[-63.413470247823192,-19.077123938065856],[-63.414175742064188,-19.077648407964467],[-63.414377932732293,-19.078047647048745],[-63.414982477484934,-19.078428871496584],[-63.415498860006764,-19.078282727771295],[-63.417058261186355,-19.078327029832593],[-63.420326033662533,-19.077650086793021],[-63.421181119787157,-19.077648135404122],[-63.4220359636086,-19.077550534619075],[-63.422992132807998,-19.077739635378695],[-63.423848313692531,-19.078168075936571],[-63.424352646343408,-19.078692968564933],[-63.424554940721336,-19.079122909589334],[-63.424707667711537,-19.079839902362963],[-63.424960630272523,-19.080413195005079],[-63.42501166210392,-19.08070001513595],[-63.426070898408462,-19.081845320911672],[-63.426674748290473,-19.081939570098857],[-63.428082423290412,-19.081649368796786],[-63.428736573823159,-19.081743494405426],[-63.428888582785717,-19.08217354722531],[-63.429094218592518,-19.083894694135616],[-63.429901502838902,-19.084849271404995],[-63.430356067592527,-19.085565554276776],[-63.431061031177741,-19.085850844276422],[-63.43319236162376,-19.085901211126558],[-63.43434767721547,-19.085276794445946],[-63.434748590785681,-19.084701974506086],[-63.435200552200044,-19.084413970541387],[-63.436105096206298,-19.084077072323073],[-63.436758884101486,-19.08402770139022],[-63.437211969617536,-19.084170095862447],[-63.437816713190557,-19.084599066300299],[-63.438372416975866,-19.085506380043409],[-63.438373423732386,-19.085888960606695],[-63.438776843861746,-19.086270583541683],[-63.439079032012927,-19.086413332443385],[-63.440487479693687,-19.08640997154755],[-63.442298975449489,-19.08664474728505],[-63.4438091746837,-19.087071522270225],[-63.44541909023534,-19.08716328396229],[-63.446875792228852,-19.086394592365906],[-63.447630059911702,-19.08629711629273],[-63.448334411188036,-19.086343227029232],[-63.44919018351225,-19.086580257313877],[-63.449695524261109,-19.087439835442648],[-63.449697331805268,-19.088109350246718],[-63.449700043263142,-19.089113622361367],[-63.449401196444839,-19.090214275643504],[-63.448951307546821,-19.091267473673568],[-63.449003415798138,-19.091936865692755],[-63.44865605999162,-19.093707154701651],[-63.448757956537655,-19.094185134278838],[-63.44906068329508,-19.094519156048051],[-63.449312590879948,-19.094662010165532],[-63.450368589456183,-19.094515963439616],[-63.4506698961643,-19.094323935584782],[-63.451222721955858,-19.094131291409116],[-63.451776065447959,-19.094129935356122],[-63.452984010684936,-19.094366083080448],[-63.454040655718885,-19.094459127526189],[-63.455752956207789,-19.095172240631126],[-63.455905309364184,-19.095697913689257],[-63.455705578458279,-19.096241566932154],[-63.455756275759519,-19.096384909690784],[-63.455706756556523,-19.096671968542474],[-63.455355146906058,-19.096864128908891],[-63.455004320655021,-19.097343223028791],[-63.45485432059256,-19.097678352540296],[-63.454756976589685,-19.09887416089536],[-63.454206357850481,-19.099879796542861],[-63.453458808272671,-19.102464064934978],[-63.453112392109212,-19.104569116448914],[-63.452862548498231,-19.105191426084637],[-63.451758514585762,-19.106198414535392],[-63.449552603383481,-19.109025352512724],[-63.448687502976654,-19.109687910799803],[-63.447734340966015,-19.110694507862039],[-63.447484725686486,-19.111412455144396],[-63.44738590796198,-19.112082212968119],[-63.447439304784716,-19.113229827619516],[-63.447591649665135,-19.113755506729426],[-63.447594094929592,-19.114664131620952],[-63.447394269280167,-19.115190666824159],[-63.44704355685856,-19.115734677383383],[-63.446541864176972,-19.116261944595365],[-63.446291337498323,-19.116645133598681],[-63.445541672656013,-19.118512033942881],[-63.444890695802677,-19.119661352703467],[-63.444288999790423,-19.120427968927149],[-63.444040249957645,-19.121480667821881],[-63.444142663155155,-19.122149937819604],[-63.444345063465107,-19.122579853024632],[-63.444295901165788,-19.123010375572697],[-63.444045614911076,-19.123489206225155],[-63.44369419059106,-19.123776989873868],[-63.443192590891115,-19.124352070540365],[-63.442491771394025,-19.125692791416178],[-63.442242030528078,-19.126380017927676],[-63.441999746420422,-19.129871652350992],[-63.44170027269945,-19.130781001538981],[-63.441651228692145,-19.131259345497774],[-63.441350734473922,-19.131786115581409],[-63.441252135697788,-19.132551513995622],[-63.441304229669534,-19.133220905569793],[-63.441155694860825,-19.13412989146779],[-63.440905764192621,-19.134752184689685],[-63.440505008992503,-19.135422661503796],[-63.440206785042008,-19.136810231021954],[-63.440208812861691,-19.137575387684112],[-63.440210967526085,-19.138388366567764],[-63.439912736332012,-19.139775935318898],[-63.439663046152212,-19.140493871289816],[-63.439112455806182,-19.141595106444292],[-63.438964913847478,-19.142886668303085],[-63.438664769809755,-19.14355690072999],[-63.438263858764039,-19.144179550357251],[-63.437814228861484,-19.145410403971358],[-63.437872116449192,-19.148279619491532],[-63.437772862879989,-19.148805903957633],[-63.437321489423361,-19.149380849102943],[-63.436869357656526,-19.149668859682386],[-63.436467922517338,-19.150100216416639],[-63.435817139939275,-19.151392969595047],[-63.435768953130442,-19.152206067073898],[-63.435218926640964,-19.153546401644405],[-63.434817979198286,-19.154169043814939],[-63.434168339312912,-19.155909300144589],[-63.4341700911937,-19.156578811379092],[-63.433870529353563,-19.157488146989273],[-63.433771508242941,-19.158110073576577],[-63.433676736949877,-19.160357955461564],[-63.433426865642481,-19.161028060294907],[-63.432223318441707,-19.162656861401668],[-63.43167310579588,-19.163949362875837],[-63.431573948645251,-19.164523465875806],[-63.431527107422475,-19.165862605758534],[-63.430976799386535,-19.167124391693484],[-63.430374870918655,-19.167890963118541],[-63.430228606871317,-19.169708560140052],[-63.430280919616735,-19.170473597154899],[-63.43058437333837,-19.171046755433828],[-63.43113984009679,-19.171762788929879],[-63.431696183438412,-19.172813575725772],[-63.431697553374519,-19.173339619476462],[-63.431497112456299,-19.173674847835514],[-63.431296048588273,-19.173770965192254],[-63.430692234284074,-19.173820205157174],[-63.43023977669953,-19.174012555864639],[-63.429838886528209,-19.174683009282187],[-63.42913515421548,-19.175019412838221],[-63.427475790115643,-19.175597153800044],[-63.427174556884587,-19.175884789773193],[-63.426876155605122,-19.177272335184856],[-63.426576272375698,-19.17808601403382],[-63.426428360169382,-19.179281918942522],[-63.426381229628696,-19.180525411949578],[-63.426231591920441,-19.181051806350268],[-63.425788415002472,-19.184865024937793],[-63.42523746793195,-19.185918395754875],[-63.425036508288578,-19.1860623286181],[-63.424836161552278,-19.186445371931878],[-63.424837388096307,-19.186923593245449],[-63.424939402153072,-19.187449403548577],[-63.425898792082741,-19.188642739162582],[-63.426956519731853,-19.188927215111875],[-63.427460712148651,-19.189260797815702],[-63.427715588040726,-19.190503585795742],[-63.42766858928934,-19.19179489958054],[-63.427266783341231,-19.192130592515344],[-63.426914446626483,-19.19213141283036],[-63.426210142410213,-19.192276517712536],[-63.425808332289229,-19.192612207514841],[-63.425156981556086,-19.193778564384669],[-63.42455713890746,-19.195405914518947],[-63.424408586295762,-19.196362705714531],[-63.424360702905915,-19.197319263813],[-63.424716608998494,-19.198705288311881],[-63.424519435792696,-19.200331704761734],[-63.424320052107952,-19.201097323755949],[-63.424272657809858,-19.202245169592633],[-63.424477071982544,-19.203440254824017],[-63.424428206553287,-19.204014235895421],[-63.424580568609166,-19.204539928708009],[-63.425136616726384,-19.205447264234298],[-63.425993099321261,-19.205732209991005],[-63.426295619903861,-19.205922796034919],[-63.426448236259731,-19.206544131074832],[-63.426735558697956,-19.207003563190153],[-63.426889949448125,-19.208311514656778],[-63.427395313540572,-19.209075493701519],[-63.427447876699581,-19.209936172255141],[-63.427198033042053,-19.210654088938707],[-63.426496609911048,-19.2119469239525],[-63.425894501904949,-19.212713480506508],[-63.425442179187925,-19.213001464714011],[-63.425140998604192,-19.213336919550255],[-63.425041669933968,-19.213863194964514],[-63.42459093865488,-19.214772862966417],[-63.42449173021469,-19.215346960034804],[-63.424347211592647,-19.217881874662588],[-63.424399271690376,-19.218551265647772],[-63.424350525378507,-19.21917306781172],[-63.424184883087193,-19.219671805966144],[-63.424136381094584,-19.220389251939761],[-63.423937341319117,-19.221298335216702],[-63.423637123270659,-19.222016363270892],[-63.42308506450874,-19.222687150378309],[-63.422483880221364,-19.223836271506357],[-63.422081987065866,-19.224171953603246],[-63.421229070788357,-19.225321650520034],[-63.420576181327618,-19.225944839792135],[-63.420379062146012,-19.22761907031423],[-63.419927661452647,-19.228289616967167],[-63.419576097318838,-19.228625178267784],[-63.419277910352882,-19.230156172217317],[-63.419279609222691,-19.230825679341063],[-63.419432952703239,-19.231733950191572],[-63.41938762736055,-19.233711873209106],[-63.419238650923582,-19.234525191706361],[-63.418888042484696,-19.235243327062403],[-63.418235832098475,-19.236153439715356],[-63.417534355025417,-19.237494062134573],[-63.417184337049839,-19.238451303800105],[-63.416581970605321,-19.239170008281011],[-63.416081741647808,-19.240462344847938],[-63.414674502476672,-19.241469803959255],[-63.414021645154598,-19.242140792340678],[-63.413269605825924,-19.243420086282246],[-63.412666128680755,-19.243708380980777],[-63.412163826323606,-19.244187734615327],[-63.411612124937491,-19.245049775417506],[-63.411312050172114,-19.245863427039421],[-63.411263486886668,-19.246580868755473],[-63.41131479059608,-19.246963330803155],[-63.411165882775876,-19.247824464421203],[-63.411068396481582,-19.249115881783926],[-63.411273018860619,-19.250406620130207],[-63.411626196104166,-19.250692758829196],[-63.412029010087736,-19.250691852181259],[-63.413287085149562,-19.250402081975416],[-63.413589195043933,-19.250401399340149],[-63.413892144391021,-19.25073546926459],[-63.414045839030187,-19.251787208445222],[-63.413996806564747,-19.252313362814334],[-63.413747203546372,-19.253174725717212],[-63.413395934075297,-19.253653741027492],[-63.412491499125338,-19.254420936505088],[-63.412038562004305,-19.25451760146963],[-63.41173692182074,-19.254709569113857],[-63.411486153654224,-19.255109819198886],[-63.411186299343548,-19.256019113780781],[-63.410885250884903,-19.256450189325353],[-63.409929365826137,-19.256787088806899],[-63.409124775131886,-19.257219289264981],[-63.408723485205805,-19.257841873995943],[-63.408423966101175,-19.258894629717172],[-63.408022196425676,-19.259325925502189],[-63.407519243022058,-19.259566157417858],[-63.407318769725634,-19.25994918094333],[-63.407421604972015,-19.260809749988987],[-63.407825862694743,-19.261382714309004],[-63.407676806933857,-19.262196022468334],[-63.406976907042342,-19.264253931815162],[-63.406575120748634,-19.264685224478264],[-63.405518937098392,-19.265213612904386],[-63.404212136848443,-19.266220770518466],[-63.403828329395779,-19.266848837116736],[-63.403326282703155,-19.2674716325626],[-63.402626190337166,-19.269481703637208],[-63.402225313374807,-19.270295561598235],[-63.401773142111637,-19.270726954710831],[-63.400217154555982,-19.272834539752292],[-63.399412807722726,-19.273410164104522],[-63.399212183411635,-19.273745356979031],[-63.399162866814819,-19.274175863436781],[-63.399265438264486,-19.274940792696547],[-63.39906596974447,-19.275754203626565],[-63.398764738501484,-19.276137437698875],[-63.39826218255665,-19.276568932173902],[-63.397961294403267,-19.277095630413534],[-63.39791255104727,-19.277765245548217],[-63.398017124219955,-19.279360254811376],[-63.397968265103742,-19.27998204799713],[-63.398170401570653,-19.28026854000538],[-63.398573288475085,-19.280267661686743],[-63.398774500447871,-19.280171578593244],[-63.399228443120656,-19.280457519713146],[-63.399230065318477,-19.281127024841727],[-63.398579998346897,-19.283041325750396],[-63.398833427710237,-19.283710281236981],[-63.398785149545461,-19.284571183205742],[-63.398384565194284,-19.285528497731196],[-63.397480117801216,-19.286391264285285],[-63.396729637483844,-19.286861392807843],[-63.396197252550927,-19.287300642783237],[-63.395996720251667,-19.287683653816661],[-63.395897143460559,-19.288162089910156],[-63.395646360918896,-19.288593031474878],[-63.395698332923047,-19.289262427204875],[-63.395649793006463,-19.289495642866175],[-63.395546212800959,-19.290596740157909],[-63.395196418934418,-19.291745225625942],[-63.394845129562121,-19.292272027503397],[-63.394443015009429,-19.292607650454897],[-63.394242701377536,-19.29308630304757],[-63.393238603177544,-19.294427484026116],[-63.392685384114081,-19.294763428477321],[-63.39223243792037,-19.294907867907853],[-63.391879880273585,-19.294908624804005],[-63.390771387825218,-19.294719712107707],[-63.390267734526482,-19.294720789140072],[-63.389714168652667,-19.294913259377452],[-63.389060435599099,-19.295345051479185],[-63.388063118701851,-19.296209979720061],[-63.387512922340029,-19.297837096685878],[-63.386561016393557,-19.299991104885631],[-63.386563150440274,-19.300899718420464],[-63.386766754693973,-19.301807905152494],[-63.386566632564069,-19.302382192940762],[-63.386370888135147,-19.304821528672488],[-63.386523678519566,-19.305538534878696],[-63.386626888031891,-19.306590399708725],[-63.386528958823789,-19.30778615631365],[-63.386630484224114,-19.308120695019166],[-63.387034227379409,-19.308454593009415],[-63.38708729751977,-19.309602207398051],[-63.38693810008791,-19.310415496960331],[-63.387897839510238,-19.311561186127573],[-63.387798789753781,-19.312278725708286],[-63.387045479625996,-19.313236763794624],[-63.386996683983099,-19.313906374344679],[-63.387149711443584,-19.314719022496057],[-63.387202560050952,-19.315770992654908],[-63.387103505072588,-19.316488531625055],[-63.386752853312281,-19.317319356634687],[-63.386706867432373,-19.319184508579959],[-63.386306918548122,-19.320476547340991],[-63.385758311506571,-19.322820981225501],[-63.385710710981861,-19.324003024709768],[-63.385918159433359,-19.326537145320906],[-63.386526259842164,-19.328066157074435],[-63.386527947099324,-19.328783481354872],[-63.386277754402599,-19.329501339341117],[-63.385676272956822,-19.330793802542424],[-63.385527275730489,-19.331702732736463],[-63.385529744505554,-19.332754808033467],[-63.385331152794201,-19.333998595622425],[-63.385332723216393,-19.334668097945304],[-63.384078314928736,-19.336822727429997],[-63.383979347149577,-19.337588085092442],[-63.383628484834041,-19.338353972988717],[-63.382925300982812,-19.339264066184125],[-63.382371577108465,-19.339456515951436],[-63.380961517330448,-19.339698577791388],[-63.380508698485109,-19.339955741572386],[-63.379805158613564,-19.340722358209636],[-63.379656231410891,-19.341679104916807],[-63.379405658441179,-19.342253488553691],[-63.379256948603242,-19.343305878000812],[-63.379410631123605,-19.344405459676736],[-63.379064410547365,-19.347196953304309],[-63.378713615772348,-19.348010653234404],[-63.378161179482653,-19.34877694933062],[-63.377810927357807,-19.349829755293602],[-63.378068236664483,-19.352172488538859],[-63.378271422142497,-19.352889393237223],[-63.378876683321842,-19.353175065903951],[-63.379682484359485,-19.353029922800726],[-63.380336469264996,-19.352598162656822],[-63.381091327737167,-19.352214010949169],[-63.381745973058521,-19.352069174961695],[-63.381897233211177,-19.352116679668082],[-63.382451222978609,-19.352019873904347],[-63.382753855197322,-19.352162703529302],[-63.382805465226234,-19.352688634311676],[-63.383008225522318,-19.353214247289245],[-63.383311195541701,-19.353500540441356],[-63.3833120891858,-19.353883112476336],[-63.383313206270671,-19.354361327497436],[-63.382460139584055,-19.355845594537115],[-63.382360485789391,-19.356324021083172],[-63.38246270349876,-19.356945488921191],[-63.383172441690526,-19.358809044093491],[-63.383276268428155,-19.360117120462867],[-63.383227558854273,-19.360834548544272],[-63.383026909636726,-19.361217544331506],[-63.382373232510794,-19.361792778597707],[-63.382122416916388,-19.362271522137977],[-63.382375796693239,-19.362892672275382],[-63.382226086685122,-19.363514668644399],[-63.380919148416766,-19.364856415080187],[-63.380214618922821,-19.365240461318084],[-63.380064012043427,-19.365479884248924],[-63.379914180263029,-19.366054057272009],[-63.3799158421767,-19.366771379121314],[-63.380067891361875,-19.367153635218816],[-63.38047221274077,-19.367678829116546],[-63.380224155331533,-19.369353106042706],[-63.380023932378563,-19.369927384212374],[-63.380177577109279,-19.370996248697935],[-63.379827625649206,-19.372192520845356],[-63.378572685406738,-19.374268575457393],[-63.378170229039966,-19.374556342128361],[-63.377414931288605,-19.374797018366813],[-63.377063191664654,-19.375228142395954],[-63.375960094468176,-19.377621507303786],[-63.375356937839989,-19.378292255580551],[-63.374802964385331,-19.378436862472078],[-63.374299599532243,-19.378677006884757],[-63.373998234773019,-19.379108021413082],[-63.373898761574374,-19.379682085604735],[-63.373296896358134,-19.380926684186043],[-63.374882862538662,-19.381102148004352],[-63.376244761993583,-19.381673196154324],[-63.376649657670484,-19.382437504268648],[-63.376802044471241,-19.382963226484346],[-63.376905359912143,-19.384062909525614],[-63.376507823047497,-19.386502634560618],[-63.376055818014073,-19.38717307200163],[-63.375301664538249,-19.38793977523547],[-63.375252147053729,-19.388322450161702],[-63.37550598169085,-19.389134893300884],[-63.375506968528853,-19.389565285546066],[-63.375256310876544,-19.390139661940097],[-63.374954818640816,-19.390522856465541],[-63.374905847092364,-19.391144637990934],[-63.37500763964298,-19.391582201971353],[-63.374908272719935,-19.392204087346805],[-63.374707895160434,-19.392730537665688],[-63.374054392383037,-19.393449206719705],[-63.372851647161824,-19.396416614188215],[-63.372853716629905,-19.397325219564777],[-63.372604344481339,-19.398473448126847],[-63.37245619952219,-19.399812755065199],[-63.372255805166589,-19.400339202529054],[-63.371200829231839,-19.40183120737434],[-63.370094012765939,-19.402694252046828],[-63.369338897299706,-19.403078360330845],[-63.368886171257905,-19.403461852048963],[-63.368685653348074,-19.403940474308889],[-63.368486318882404,-19.404945130842592],[-63.367985353915849,-19.40629252844364],[-63.367987074819247,-19.407057669411305],[-63.368240366163725,-19.407631014624169],[-63.368998633033272,-19.408633728360662],[-63.369303410619217,-19.409685182429484],[-63.369304922083955,-19.41035468043038],[-63.369204875722907,-19.410689634264294],[-63.36895351760942,-19.410977073850081],[-63.368600925084735,-19.411073432482453],[-63.368046512080532,-19.411074556347462],[-63.36744234239768,-19.41136270818993],[-63.367191409547175,-19.411841430536324],[-63.366136191059994,-19.413278205184003],[-63.36447559336974,-19.414477081792931],[-63.364023356881781,-19.415099668056634],[-63.363824087727998,-19.416152140217829],[-63.36387661877896,-19.41710846486739],[-63.36418180642508,-19.418351211910796],[-63.364132254978138,-19.418733883110711],[-63.363730106703152,-19.419220283316545],[-63.363277323263162,-19.419603761323476],[-63.362723623676878,-19.419939618300049],[-63.361667468126001,-19.42099379705876],[-63.360710208860993,-19.421186986703006],[-63.36045871435703,-19.421426593434948],[-63.360308238901382,-19.421761642399993],[-63.360462948592655,-19.42334682376114],[-63.360415179694968,-19.424542455305104],[-63.359664676460646,-19.427078480838897],[-63.359616795878424,-19.428226290552434],[-63.358916146371989,-19.430523106416093],[-63.358262530025037,-19.43128954051344],[-63.357284936626854,-19.432873248217653],[-63.357185077805546,-19.433311217278515],[-63.357338184931493,-19.434171701693394],[-63.357339963246034,-19.434984662437753],[-63.356791109034461,-19.437568098796429],[-63.356238482904033,-19.438429969794868],[-63.356239734608828,-19.439003824245486],[-63.356444192150512,-19.440294600670118],[-63.356194539921269,-19.441394983025376],[-63.355943320819399,-19.441778047141149],[-63.355893743908808,-19.442160715530537],[-63.355945092941418,-19.442591007328669],[-63.356198415745254,-19.443171746488574],[-63.356252061502481,-19.444654103999572],[-63.355806799372012,-19.44852850866495],[-63.355406220226747,-19.44978002884055],[-63.354601998678639,-19.450881493933146],[-63.354149106953656,-19.451264949577215],[-63.353495283032643,-19.451983545277276],[-63.353145386821119,-19.453371045972496],[-63.35284869170912,-19.45604961841072],[-63.352446300222297,-19.456480792901587],[-63.35118705035552,-19.457009270629474],[-63.350079962594435,-19.457967837999796],[-63.349275665287728,-19.45906927967533],[-63.349075228831261,-19.459643521615963],[-63.349027472852846,-19.460886967999063],[-63.349179848895297,-19.461412709117898],[-63.349735356741697,-19.461842030222005],[-63.350088583322744,-19.461984812422937],[-63.350543364014023,-19.462462146753161],[-63.350796288394676,-19.462851607587687],[-63.351101365576689,-19.46404654950986],[-63.350852466717072,-19.465529491509251],[-63.350152671984659,-19.468352300462357],[-63.350154007051891,-19.468973974475695],[-63.35025587266724,-19.469451990378182],[-63.351064331980417,-19.470263387713377],[-63.351267658740774,-19.471028133922406],[-63.351621644570464,-19.471513039629571],[-63.351622779177568,-19.472039071223481],[-63.351623501219457,-19.472373818585559],[-63.351473271692271,-19.472852322523586],[-63.351171367725648,-19.473139835328734],[-63.350870492056472,-19.473905558117384],[-63.350822026970746,-19.474814255586114],[-63.350620857487975,-19.475053751171483],[-63.350268218552252,-19.47519789692285],[-63.349815147277504,-19.475533520886412],[-63.349312780262622,-19.476395272418323],[-63.348560447276746,-19.478261749549777],[-63.347855967848766,-19.478932600815355],[-63.347305298173893,-19.48079868524194],[-63.347104319965993,-19.481133819015046],[-63.346954578638154,-19.48185142420207],[-63.347057360408876,-19.48275983043159],[-63.347512293371231,-19.48328499153256],[-63.348016835787071,-19.483427486458375],[-63.34821914362545,-19.483714024874342],[-63.348220063577365,-19.484144413940452],[-63.347868117717923,-19.484623302256434],[-63.347012233801983,-19.48524661971803],[-63.346358345967609,-19.486013010597478],[-63.346309243222564,-19.486634780080422],[-63.34641141464045,-19.48725626021729],[-63.347321610945912,-19.48845004656879],[-63.347775877670742,-19.488655218656991],[-63.348179995353917,-19.488989190362837],[-63.348282380058606,-19.489706311103983],[-63.348283914113608,-19.490423625723786],[-63.348436623987823,-19.491092828275029],[-63.348488585071166,-19.491810045727156],[-63.348237681133142,-19.492384382387339],[-63.348189708937504,-19.493532182403179],[-63.348343137746468,-19.494536131427274],[-63.348395611444872,-19.495492453354014],[-63.348903779691405,-19.497308677849947],[-63.348504467279007,-19.499229671724589],[-63.348101857198543,-19.499613015428764],[-63.347698734449921,-19.499757253621027],[-63.347447203445434,-19.500044663362683],[-63.347347774624026,-19.500714349889083],[-63.347503350088068,-19.502722538012311],[-63.347605026470994,-19.503104911605188],[-63.347908116045588,-19.503343434722591],[-63.348262250434317,-19.503868785689424],[-63.348464994335025,-19.504346606382633],[-63.348467144901782,-19.505350845192268],[-63.348672043329543,-19.506832904163414],[-63.348422567357886,-19.508084112350343],[-63.348524556796711,-19.50860994774359],[-63.34893026477701,-19.509661229302168],[-63.349032667349469,-19.510378347733639],[-63.348934265303171,-19.511526242958471],[-63.348482935598334,-19.512722639262837],[-63.348383401764416,-19.513344504625305],[-63.348488571221772,-19.515352785852041],[-63.348289192734775,-19.516453053681005],[-63.348138300638681,-19.516644628305766],[-63.34773687445427,-19.517601821140133],[-63.347688178537339,-19.518414872212702],[-63.34779058181892,-19.519131990654852],[-63.347691553154483,-19.519992959399634],[-63.348500562764421,-19.520947822413127],[-63.348552330867442,-19.521569395722317],[-63.348401536925266,-19.521808791333481],[-63.34810076692365,-19.522670148615809],[-63.347802056015304,-19.524495300856294],[-63.34785372047039,-19.525069053354084],[-63.347554373467908,-19.526599900574247],[-63.34760624240969,-19.527269294576602],[-63.347455544155594,-19.527556510132147],[-63.346346024999384,-19.527606460096791],[-63.345942729863729,-19.527702874233071],[-63.345691051610736,-19.527942460570799],[-63.345490216799334,-19.52837323332826],[-63.345240670367659,-19.529617055506414],[-63.344183600050854,-19.5306233117422],[-63.343881881176991,-19.531054274747195],[-63.343782623214608,-19.531819599093176],[-63.342675796689107,-19.533160687980924],[-63.342424911566638,-19.533782836022962],[-63.342022806818605,-19.534453090894544],[-63.341469480208985,-19.535171451609276],[-63.341117908486822,-19.535889429933665],[-63.340312372216907,-19.536608262999039],[-63.339909251158225,-19.536800305510454],[-63.339255126245256,-19.537566670014623],[-63.339282382911072,-19.537618137698548],[-63.339031378294713,-19.538192460256255],[-63.338729133225371,-19.538384310883732],[-63.338275465476293,-19.538528623583545],[-63.337619834808649,-19.538577670695588],[-63.337064589114917,-19.538387423411145],[-63.335652149582771,-19.538342231537069],[-63.334845590827889,-19.538582832742087],[-63.334443344496741,-19.5392052502546],[-63.334393986563235,-19.539731372221116],[-63.334445412517447,-19.540209486669145],[-63.334348665063992,-19.542218145883652],[-63.334500581929255,-19.542504790385888],[-63.334904907172351,-19.542886608924938],[-63.335308543064905,-19.542933681198697],[-63.335611591355331,-19.543124402274202],[-63.335815041534602,-19.543936980179932],[-63.336118587272587,-19.544366804095144],[-63.336522623620574,-19.544605156573905],[-63.336725584422261,-19.545178629521189],[-63.336980180812319,-19.546325856921463],[-63.336779400024739,-19.54680444054701],[-63.336124824576871,-19.547379510765957],[-63.335722660858664,-19.548049751503971],[-63.335723353160162,-19.548384496616524],[-63.335523455812321,-19.549293465370262],[-63.335271827794422,-19.549580858084258],[-63.334616545793516,-19.549821177823556],[-63.334214074505461,-19.550347953025859],[-63.334620307372063,-19.551645744800055],[-63.334621589119507,-19.552267414108023],[-63.334622279311446,-19.552602159102314],[-63.334472027942205,-19.553128467280462],[-63.334473210664633,-19.553702315788573],[-63.334575186204532,-19.554228156654972],[-63.334576172167594,-19.554706363684335],[-63.334577385793125,-19.55529497112304],[-63.334730302169163,-19.556059821782412],[-63.335339906927835,-19.558114988043581],[-63.335340598825105,-19.558449732796614],[-63.335341093046139,-19.558688836183958],[-63.335341784967831,-19.559023580915717],[-63.335443173668715,-19.559262496856107],[-63.335746351889483,-19.559501037578173],[-63.336049035705358,-19.559500474429449],[-63.336452614110229,-19.559499722775094],[-63.336906639793405,-19.559498876085641],[-63.33791618332598,-19.559783914420549],[-63.33847200246425,-19.560213260800147],[-63.338522948933957,-19.560452269474606],[-63.33842265234567,-19.560739382547958],[-63.338524645449432,-19.561265220518866],[-63.338980574725497,-19.562172960759135],[-63.339234715577604,-19.563081079021988],[-63.339135018646481,-19.56365511620842],[-63.33893382392538,-19.563942419016026],[-63.33822893871659,-19.564613232676123],[-63.338028139899805,-19.565091817005985],[-63.337828634945993,-19.56619206924962],[-63.337730026838749,-19.567292132395259],[-63.337428920686882,-19.568057828482456],[-63.336926110324015,-19.568871721526811],[-63.336423791082389,-19.569924716235509],[-63.336323881970799,-19.570403110426433],[-63.336126937377394,-19.572746696058012],[-63.33557296163012,-19.573225935019625],[-63.335068445874462,-19.573226872618953],[-63.33481618798573,-19.573227340889606],[-63.33451347850967,-19.573227902348901],[-63.334261516423858,-19.573371831658047],[-63.333657967073968,-19.574281543710054],[-63.333204882860414,-19.574760588872305],[-63.333156986373439,-19.57600401761928],[-63.333359779737883,-19.576481850772268],[-63.33437060750208,-19.577340753953269],[-63.33553191426919,-19.577768984604148],[-63.338054962327838,-19.577955557221809],[-63.33886201084654,-19.577858401558657],[-63.339870469053139,-19.577569579982026],[-63.340526356776493,-19.577568343109796],[-63.341081036733058,-19.577423833016578],[-63.342280816187426,-19.577409362999575],[-63.342602165301123,-19.577314312968795],[-63.342904983333497,-19.577361558364963],[-63.343107098339289,-19.577504636269268],[-63.343360173186525,-19.577886720598041],[-63.343361085043043,-19.578317105406096],[-63.343564418220268,-19.579034029117636],[-63.343615885551415,-19.579512138285772],[-63.343869167756559,-19.579989862794115],[-63.344576738891789,-19.580562361062196],[-63.345081582500811,-19.580704858066802],[-63.345284111210567,-19.581039215424902],[-63.345385834580242,-19.581421586290812],[-63.345285741672654,-19.581804343535943],[-63.344732169949822,-19.582474892220112],[-63.344278588357184,-19.582714862093685],[-63.343775362591266,-19.583337491060515],[-63.343574456570842,-19.583768260172306],[-63.343536742776465,-19.586137301059342],[-63.343236238679445,-19.587189928282069],[-63.342833502539698,-19.587621080529292],[-63.342531979955012,-19.588195501681426],[-63.342382127659306,-19.588913096414061],[-63.342030144529048,-19.58948761250895],[-63.341879683220512,-19.589918283903561],[-63.341780788130869,-19.590874884760019],[-63.34117844240297,-19.592365845693358],[-63.34087861673067,-19.593753211917981],[-63.340375042570727,-19.594232369959698],[-63.340224974577474,-19.594854321726075],[-63.340226079931007,-19.595380346783603],[-63.340076813961851,-19.59638486200998],[-63.340128996171586,-19.597205093958838],[-63.339979326382462,-19.598018327155788],[-63.339627315394303,-19.59859283840558],[-63.339426680833157,-19.599167063946584],[-63.339377524581217,-19.599788824699601],[-63.33897725097372,-19.601415479244295],[-63.338524908310092,-19.602277100676861],[-63.338425287041318,-19.602898955808246],[-63.338527909160021,-19.603711713470826],[-63.33837762587801,-19.604238022443351],[-63.338378525810995,-19.604668406218568],[-63.338278402822986,-19.605051159053954],[-63.33787600905503,-19.605673581899275],[-63.337323821702576,-19.607061413935803],[-63.337029233098896,-19.610990632968441],[-63.336627815242103,-19.612091256793875],[-63.336653492545949,-19.613224184104936],[-63.336606611284793,-19.614945811992342],[-63.336584317443283,-19.61543877761919],[-63.336636390168472,-19.616211188656099],[-63.336588413482957,-19.617406792044768],[-63.336387845331238,-19.618028833870071],[-63.335884779300756,-19.618794901533722],[-63.334524973476036,-19.620136407861349],[-63.334223164783531,-19.620615173675468],[-63.334124999238313,-19.621954330819054],[-63.333320883190353,-19.623581719189907],[-63.333170466931172,-19.624060202841445],[-63.332718130174406,-19.624969629260484],[-63.33266874505405,-19.625495746231703],[-63.332468447315279,-19.626261244502107],[-63.332065979532871,-19.626883654010786],[-63.331764838359895,-19.627697157942404],[-63.331565039453224,-19.628709136207807],[-63.33151672873214,-19.629761276239091],[-63.331669706776196,-19.630526122374285],[-63.331670884611938,-19.631099966124765],[-63.331672062489098,-19.631673809838638],[-63.331672961071945,-19.632111572057784],[-63.331170221803589,-19.633068907534923],[-63.331020868518458,-19.634073412405666],[-63.330568981712815,-19.635221934474011],[-63.330116599982802,-19.636131353898648],[-63.329462522271292,-19.637136782500104],[-63.329363041788476,-19.637854271615794],[-63.3294652533245,-19.638475750510874],[-63.329769159001764,-19.639001218830387],[-63.329921649838028,-19.63952696429039],[-63.329922724361673,-19.640052987297281],[-63.329321638120277,-19.642301649545363],[-63.328364981959297,-19.643451088822378],[-63.327357256652533,-19.644313693356697],[-63.327004908579134,-19.644792538593808],[-63.326754392531313,-19.645708961575416],[-63.326806609071078,-19.646569634462526],[-63.327111878319215,-19.647764590155308],[-63.327669043094097,-19.648719984301401],[-63.327872303520216,-19.649389099627928],[-63.32797490599755,-19.650201859464403],[-63.328279802124229,-19.651205531589195],[-63.328585870409732,-19.652783045578428],[-63.328284276332035,-19.653405261469178],[-63.328034435417415,-19.654656426875928],[-63.327329697079691,-19.655614118810259],[-63.327078473597453,-19.656188420524476],[-63.326776286457275,-19.656523712633707],[-63.326221419443314,-19.656716001761581],[-63.325817694610947,-19.656764554219624],[-63.324656322809247,-19.656575373570597],[-63.323849241627855,-19.65685637196486],[-63.323597620200559,-19.657239388099207],[-63.32294179096958,-19.657431848860934],[-63.322083761861464,-19.657481208436394],[-63.321629651097808,-19.65757766217228],[-63.321226303381856,-19.657817485242855],[-63.320924481393902,-19.658344048543622],[-63.320774377805151,-19.659013801837997],[-63.320826392391368,-19.659786214605351],[-63.321132120033553,-19.661220279982828],[-63.321789588477515,-19.661840769007988],[-63.322799939926774,-19.662221520349117],[-63.323658953439448,-19.662650358858905],[-63.325175556840669,-19.663747489567513],[-63.325680741831434,-19.663937856260127],[-63.326539980565222,-19.664469700433607],[-63.326894116598844,-19.664851619344002],[-63.326996046552757,-19.665329637218107],[-63.327048466350099,-19.666285948345489],[-63.32755472986242,-19.667002331131808],[-63.328312235163324,-19.667144409809968],[-63.328666186391544,-19.667430684705472],[-63.329122565058533,-19.668434075904575],[-63.328975023555792,-19.670347158034474],[-63.32872350641945,-19.670785380441249],[-63.328623224556999,-19.671120305919782],[-63.328230136494,-19.671627713093201],[-63.327662696198253,-19.671867850237195],[-63.32665377465122,-19.672228339506088],[-63.3259592773382,-19.672050274678824],[-63.325517314309145,-19.671931525181947],[-63.324949386860261,-19.671932553194466],[-63.324435705520926,-19.672371243639432],[-63.324133194598225,-19.672563070834311],[-63.32347739996203,-19.672803354226406],[-63.322822177884689,-19.673330556025107],[-63.321310645782944,-19.674815694970384],[-63.32035431297151,-19.676252011778331],[-63.320156082203255,-19.678117356496767],[-63.32030848579884,-19.678595287636178],[-63.32031000648049,-19.679360409410016],[-63.320564808511868,-19.680555461703115],[-63.320515845170647,-19.68132067339258],[-63.320113971573726,-19.682332995150283],[-63.320165407482421,-19.682811106081292],[-63.320418787805231,-19.683288856777487],[-63.32082362815482,-19.683766336557962],[-63.321784297917645,-19.684481921498772],[-63.323148773118135,-19.685148954697709],[-63.323755380972507,-19.685530423942105],[-63.324109942390542,-19.686103627105766],[-63.324061668020185,-19.687203579428392],[-63.323759609634237,-19.687634506324557],[-63.32325569559324,-19.688113616455258],[-63.322903337431796,-19.688640272906337],[-63.322551360030239,-19.689358208850077],[-63.322151201755929,-19.691231295068967],[-63.3215473447232,-19.692236602003554],[-63.321296045495139,-19.69281089439901],[-63.321197547413568,-19.694054395874055],[-63.321351401429538,-19.695249625347888],[-63.322364930645087,-19.697112795069547],[-63.322417910922127,-19.698356024408096],[-63.322166988406593,-19.699121597704394],[-63.321309787134631,-19.699696976454124],[-63.32089057139455,-19.700591472053905],[-63.320085239382358,-19.701119075803437],[-63.31998473146902,-19.701358355865285],[-63.319480953551164,-19.701933095415203],[-63.319078724956775,-19.702794573970547],[-63.318928575144376,-19.703464323103184],[-63.317971204410085,-19.704470245460683],[-63.317770933336064,-19.705331362993149],[-63.317923451370994,-19.70585711443087],[-63.318480295181722,-19.706573428988669],[-63.318632816765124,-19.70709917970213],[-63.318584406217646,-19.708151308635191],[-63.318332977781338,-19.708677776398829],[-63.317981693524004,-19.709778262349221],[-63.317579249099389,-19.71054409726591],[-63.317025033705043,-19.711166739198784],[-63.316621169567227,-19.711215272643596],[-63.31611603364761,-19.711120523308747],[-63.315458851464548,-19.710739119229014],[-63.315357299739418,-19.710452377007126],[-63.3150029951207,-19.710022618328718],[-63.314649440572573,-19.709975418689623],[-63.313841902978545,-19.710168113876293],[-63.313388290970657,-19.710599288165977],[-63.312884661144999,-19.711277028681689],[-63.312733920323048,-19.711659852635556],[-63.312634510288383,-19.712472968176641],[-63.312282436298119,-19.713190883433931],[-63.31117310920218,-19.714005753626694],[-63.31066861398935,-19.714245728833998],[-63.310416873392434,-19.714628725731981],[-63.311027077985578,-19.716827394015187],[-63.311079239536895,-19.717688065525305],[-63.311334223455148,-19.71897876582084],[-63.311739684814363,-19.719743182941013],[-63.312043133792578,-19.719981755592599],[-63.312094559516225,-19.720459867000866],[-63.311895908033236,-19.722181735744048],[-63.312047866883304,-19.722420571734315],[-63.31280562103975,-19.722562711528372],[-63.313260959395578,-19.722999676607451],[-63.313514477745834,-19.723525254232598],[-63.313718152162096,-19.724385659124305],[-63.313820830391691,-19.725246240503502],[-63.313723191811448,-19.726967933336599],[-63.313421312203957,-19.727542301997364],[-63.313068557760388,-19.727925478818168],[-63.312463393678087,-19.728356915173862],[-63.311808189865239,-19.729027536788237],[-63.311607022648438,-19.729458267028029],[-63.311557727249706,-19.730080013268459],[-63.312217674463561,-19.731848206115124],[-63.312218789417422,-19.732422044498527],[-63.312219997328235,-19.733043702705714],[-63.312220833601046,-19.733474081439244],[-63.312423491710334,-19.733808468376477],[-63.312777470545861,-19.734046950983355],[-63.313130984452435,-19.73404633361897],[-63.313786763135397,-19.733662626443586],[-63.314291875278812,-19.733709561300675],[-63.314696733198993,-19.734139230881215],[-63.31424679819601,-19.736483200595725],[-63.314248201308992,-19.737200498058947],[-63.313846886897785,-19.738587981174891],[-63.3129403408931,-19.739880706507748],[-63.312892646138856,-19.741322768610821],[-63.312994679799658,-19.741848610089708],[-63.313400861595582,-19.742947759234813],[-63.313351383184717,-19.743473865398059],[-63.313100070488431,-19.744095964344911],[-63.312799182044444,-19.745196349069019],[-63.312850913115433,-19.745825297525197],[-63.312700327315227,-19.746303759997751],[-63.312602015603915,-19.747690710064969],[-63.312251261803972,-19.749125920144788],[-63.312100206431623,-19.749365283137216],[-63.311444823939127,-19.749988083267461],[-63.310789714107052,-19.75075434034359],[-63.310840776946641,-19.751041171309566],[-63.311651029754287,-19.752139621315859],[-63.311754474319571,-19.753390138543018],[-63.312211093464171,-19.754441380993878],[-63.31221165161579,-19.754728299467338],[-63.312011198093742,-19.755541587289837],[-63.312164119613115,-19.7562586192448],[-63.312569681694768,-19.757023029979695],[-63.312570240566572,-19.757309948360682],[-63.312268301417177,-19.757884313972156],[-63.312168212744112,-19.75836268741951],[-63.312270162652865,-19.758840708475354],[-63.312624849226637,-19.759413928003347],[-63.312575177692601,-19.759844393659762],[-63.312323558038415,-19.760323031630861],[-63.311718178222627,-19.760706645887499],[-63.310708341024565,-19.760899681119128],[-63.310203883784119,-19.761235295208664],[-63.309549198442127,-19.762248025438975],[-63.309398864773144,-19.762869943744814],[-63.309450944034765,-19.763682791522772],[-63.310819846215779,-19.766310511634256],[-63.310871470606195,-19.766884260147531],[-63.310774152501196,-19.768797222869999],[-63.310220082839983,-19.769611121520878],[-63.310272168963301,-19.770423968363282],[-63.310779435085692,-19.771522944002427],[-63.311287450994364,-19.773004475194629],[-63.311543460450352,-19.774773362448087],[-63.31194850943308,-19.775250854601911],[-63.312151593520547,-19.775776518114096],[-63.312203226230778,-19.776350265531626],[-63.312559527189237,-19.777134246596631],[-63.312659915950292,-19.777401503218442],[-63.312862445162544,-19.777640248015611],[-63.313165819685416,-19.777783176478462],[-63.314832557540399,-19.777636791298256],[-63.315360161220283,-19.777770973905469],[-63.315894235292795,-19.778065297441575],[-63.316247860631428,-19.778072051945767],[-63.319531102812888,-19.777922757669039],[-63.320895889957974,-19.778350692202558],[-63.32114894848123,-19.778589336770221],[-63.32120032692174,-19.779019622234479],[-63.321100252749396,-19.779497999365063],[-63.321256880196138,-19.780082599697764],[-63.321709246263488,-19.7808910567779],[-63.322216528374675,-19.781942177610407],[-63.322419943418538,-19.78261128713563],[-63.322977367793868,-19.783471036214014],[-63.322928488635746,-19.784284059613654],[-63.322172453051842,-19.785146178115117],[-63.321921111957082,-19.78576828698975],[-63.321063835343551,-19.786534943646707],[-63.320458378876623,-19.786918587434545],[-63.320156127364875,-19.787349506241121],[-63.319703558248449,-19.788402349513586],[-63.31874570877973,-19.789415652807989],[-63.317735795169249,-19.789656548988471],[-63.317332018318545,-19.789848544941059],[-63.316474603386609,-19.790567360318249],[-63.316071671970761,-19.791189729256814],[-63.316022284220054,-19.791763652942773],[-63.31582161805548,-19.792481302992407],[-63.315368629633021,-19.79334285718793],[-63.315168617430984,-19.794395243086736],[-63.314816380688377,-19.795113159077125],[-63.314868796961399,-19.796076839710416],[-63.314820719944819,-19.797320235930968],[-63.314670094019498,-19.797798697894596],[-63.314216615508549,-19.798421151442767],[-63.314116696831498,-19.798995163083109],[-63.314219900350153,-19.800094833865145],[-63.314222622330007,-19.801481599063145],[-63.314073022951142,-19.802486074686886],[-63.313821999055349,-19.80329944969219],[-63.313823874209916,-19.80425583920087],[-63.314029442155466,-19.806024804407969],[-63.313881432242631,-19.807842210180201],[-63.314236329586883,-19.80846324127095],[-63.314641191156788,-19.808797265925428],[-63.314944532552559,-19.808892370602681],[-63.315703548024693,-19.809464866076862],[-63.316058456080732,-19.81008589328912],[-63.316262072119962,-19.810850646435664],[-63.316212491045,-19.811328930140945],[-63.31626538059384,-19.812524326201284],[-63.316468906303278,-19.813241259435042],[-63.316419325216138,-19.813719543071663],[-63.316016997959352,-19.814676646935684],[-63.315563194903071,-19.815155645093821],[-63.315211198376744,-19.816017019010935],[-63.314860045343281,-19.817308766798156],[-63.314861080869292,-19.817834780163842],[-63.31511523025577,-19.818599444795847],[-63.315574640738234,-19.820956550040535],[-63.315478204975108,-19.823299877742244],[-63.315885091176099,-19.824638104976344],[-63.315886697402114,-19.825451033963049],[-63.315786958248033,-19.826120683647922],[-63.315182660488986,-19.827173780938534],[-63.314678382657128,-19.827700685260751],[-63.313873071206871,-19.82932796642881],[-63.313923617717492,-19.829335256867335],[-63.313823962039748,-19.83005272464483],[-63.3135224570361,-19.830914005510564],[-63.313473237629225,-19.831583564894782],[-63.313779814110561,-19.833304527683211],[-63.313681188169951,-19.834548007546005],[-63.313232283021556,-19.835564049707283],[-63.313130190919097,-19.837035587801299],[-63.313588192335452,-19.838660645055459],[-63.313640229445795,-19.83942566482731],[-63.314046579352578,-19.840476977826164],[-63.314202889240114,-19.842867674428089],[-63.313852612080836,-19.844637609849038],[-63.313655095828516,-19.846995867326171],[-63.313657350208956,-19.848143529130063],[-63.313659698689378,-19.84933901001866],[-63.31340907208083,-19.850391477355608],[-63.3123025532038,-19.853119123827678],[-63.312203812314088,-19.854314781227504],[-63.312206150699247,-19.855510261455976],[-63.312359924136437,-19.85660983753619],[-63.312817133294196,-19.857804519848745],[-63.313425222273445,-19.858616380749172],[-63.314538921389605,-19.859522986674914],[-63.315348247972231,-19.859856292125542],[-63.316714676351502,-19.86076243680575],[-63.316867156874814,-19.861192539727512],[-63.316666806400569,-19.862108842184131],[-63.315809668346276,-19.863162387965794],[-63.315658891721554,-19.863593028903892],[-63.315761586436686,-19.864405775292202],[-63.315711705777176,-19.864740598822653],[-63.314753460361075,-19.865794318546236],[-63.314200038961246,-19.86709379564666],[-63.314201922930508,-19.86805017828928],[-63.314101870281831,-19.868576366919875],[-63.314154204362893,-19.869484841182707],[-63.314105543272682,-19.870441312685539],[-63.31390449265573,-19.871015498390445],[-63.313905716333231,-19.871637146864195],[-63.314211344421146,-19.87283208996157],[-63.314212663648554,-19.873501557390746],[-63.31386194795995,-19.875080211303494],[-63.313408251438439,-19.875702660446446],[-63.312903816783752,-19.876229559052341],[-63.311541200457846,-19.877331790311999],[-63.311339758676496,-19.877714696560577],[-63.311392641298305,-19.878910085387002],[-63.311951675471406,-19.880446702180379],[-63.311953079349472,-19.881163988252492],[-63.311552150488538,-19.882934001581248],[-63.31160428899441,-19.883746837150952],[-63.311807795948148,-19.884415949990846],[-63.312314415304208,-19.884988892731197],[-63.312669764145205,-19.885753376464642],[-63.312822728140013,-19.886422576658301],[-63.312875062334939,-19.887331049500467],[-63.312724631315511,-19.887952963327386],[-63.312472722429924,-19.888383778355763],[-63.312221468194082,-19.889149326209949],[-63.310911155863238,-19.891207844388067],[-63.308641442586129,-19.893849228339501],[-63.307682331068008,-19.894568176455806],[-63.307077358089032,-19.895429966349703],[-63.305915465935776,-19.895862339699789],[-63.305511591275575,-19.896149948459524],[-63.305259650094968,-19.89658075331721],[-63.305209829919704,-19.896963392144993],[-63.305109547532226,-19.897393936631634],[-63.305009278753154,-19.897831860306201],[-63.304606952579,-19.898932390195625],[-63.304559233955032,-19.900414865829141],[-63.304359758057643,-19.901849781701397],[-63.30426131245391,-19.903244084565099],[-63.304010270159857,-19.904153077334723],[-63.303657930492939,-19.904966604336266],[-63.303155557802896,-19.906641130657544],[-63.302802753529001,-19.907215561017278],[-63.302197525236906,-19.907981696139633],[-63.301895271759214,-19.908556038805351],[-63.301744597552478,-19.909082304773449],[-63.301445239123574,-19.911186853357577],[-63.300892279775837,-19.912868837607743],[-63.300943471467164,-19.913203484704248],[-63.301298015999258,-19.913537618132747],[-63.301854343884649,-19.913632313001244],[-63.302411217765375,-19.914013919741297],[-63.302665103990535,-19.914587316923996],[-63.302616364101155,-19.915543781550621],[-63.302922361176684,-19.916930013832815],[-63.303682128108107,-19.917646004030914],[-63.30433977487197,-19.91783615597171],[-63.304745080362864,-19.918265833392486],[-63.305150938494222,-19.918982423228101],[-63.305203425934785,-19.919986533234173],[-63.305053211043287,-19.920751895772739],[-63.304851791822387,-19.921182612636933],[-63.304904934247652,-19.922528833898017],[-63.305057628135827,-19.923054581345827],[-63.305767240016195,-19.923961923860428],[-63.306175695918604,-19.926017438689527],[-63.306024928189679,-19.926495888431898],[-63.305722194655644,-19.92683114243086],[-63.30516646086091,-19.927071192421142],[-63.303801166965684,-19.92702571206819],[-63.302384401173747,-19.92650211856084],[-63.301727355900049,-19.926646692114211],[-63.301272923787501,-19.926982196068018],[-63.300565583585396,-19.927270307668532],[-63.300111418023377,-19.927749265302214],[-63.300061757291992,-19.928227539379424],[-63.299759458633666,-19.928801877708764],[-63.298901765095223,-19.92980752155604],[-63.298700857143778,-19.930525144564708],[-63.298803423774757,-19.931290076354561],[-63.299311229184156,-19.932436878000406],[-63.300019316704983,-19.932531322018093],[-63.300676659259373,-19.932530211073011],[-63.301233339299024,-19.932775742581192],[-63.30204401324044,-19.933635108399251],[-63.302196799836452,-19.934208676462319],[-63.302197527278416,-19.934591227082457],[-63.302198072870965,-19.934878140036705],[-63.302552760038715,-19.935260088309178],[-63.302856336319891,-19.935355209114146],[-63.303412376389893,-19.935258622599534],[-63.303968598693935,-19.935257671983294],[-63.305385907472044,-19.936020345283584],[-63.30574051279217,-19.936354468208968],[-63.306246449287023,-19.936497053809312],[-63.306601149737617,-19.936878993756295],[-63.306652823319283,-19.937452732007827],[-63.306856658650425,-19.938265302203867],[-63.307464845947642,-19.938981534888445],[-63.307972182717386,-19.9398413970215],[-63.308074429650325,-19.940415046923473],[-63.307925615413382,-19.941905070878587],[-63.307879774506404,-19.944343915040911],[-63.307982024245497,-19.944917564672064],[-63.308184948616258,-19.945251945033995],[-63.308792332301721,-19.945537803542479],[-63.308995166142914,-19.94582436418672],[-63.309097420933611,-19.946398013014296],[-63.309150224174175,-19.947545574492768],[-63.309302305361534,-19.947736585250425],[-63.309707328519281,-19.947974973842868],[-63.310112913181655,-19.948500273790884],[-63.310366883958956,-19.949073656656317],[-63.310825758440053,-19.950985608860059],[-63.311079548505433,-19.951463353067215],[-63.311434200594825,-19.951797463429635],[-63.311485428188853,-19.952132105568033],[-63.311435715878424,-19.952569941684096],[-63.310375685110053,-19.953575993650315],[-63.310074030916141,-19.954485078834995],[-63.309975408544545,-19.955776359832655],[-63.309573162717363,-19.956972532638801],[-63.309169048022994,-19.957212331032839],[-63.308562269424236,-19.957261205528305],[-63.308057099799157,-19.957548995860837],[-63.307249509578718,-19.958363315643908],[-63.307098530775995,-19.958746127573054],[-63.306847898313933,-19.959901592183865],[-63.306394398650767,-19.960763114440969],[-63.306550369325819,-19.962962510866596],[-63.3061983781609,-19.964015132330587],[-63.305339526593841,-19.964494800088492],[-63.305137870485581,-19.964829878578097],[-63.305038651063448,-19.965834244076909],[-63.305343668045445,-19.966646639151129],[-63.305446200412959,-19.967363744645002],[-63.305299126988182,-19.967750213333385],[-63.304941544647612,-19.96793843809364],[-63.304587512171402,-19.967939046123064],[-63.303980141158732,-19.967700993616969],[-63.303221683998125,-19.967797928834472],[-63.302311771061078,-19.968038575311382],[-63.302160498156717,-19.968277926964895],[-63.3021611357712,-19.968612657476456],[-63.302364352459747,-19.969090499286796],[-63.302365355151451,-19.969616504312665],[-63.302264657549451,-19.969855769838329],[-63.301809558308598,-19.969904363303765],[-63.301152605824086,-19.970192392281891],[-63.300900266105202,-19.970479733146977],[-63.300749442148856,-19.970958176778367],[-63.299637289033726,-19.971246971184502],[-63.299385035154458,-19.971582128557383],[-63.2992846025397,-19.971964848328636],[-63.299032256624358,-19.97225218655964],[-63.297919911529029,-19.972445333033697],[-63.296959475518705,-19.972733855950512],[-63.296000017740091,-19.973548378802896],[-63.29579868730098,-19.974074721309947],[-63.295648736180915,-19.975031347039934],[-63.295247225563557,-19.976705673131008],[-63.294995679288711,-19.977430752511832],[-63.294946523477137,-19.978195934629593],[-63.294644202476668,-19.978818081097927],[-63.294493618483358,-19.979439975161355],[-63.294494862122043,-19.980109435799115],[-63.29464775756086,-19.980730825751255],[-63.295307527170245,-19.981925197277398],[-63.295864359736676,-19.982163362952168],[-63.296319674939028,-19.982210421524307],[-63.296977581861256,-19.982400596016564],[-63.297230844123796,-19.982591446694897],[-63.297535675240859,-19.983308216593802],[-63.29799171340867,-19.983737819472573],[-63.29819466773678,-19.984072209426614],[-63.298498605505742,-19.98431079171845],[-63.299106122795614,-19.984596680403193],[-63.299663603255901,-19.985169563850512],[-63.300374025305949,-19.986371208909251],[-63.30067815222214,-19.986705424410928],[-63.300779770179233,-19.986944345592658],[-63.300731184534889,-19.9879964394529],[-63.300984278619879,-19.988091647389876],[-63.301287773704985,-19.988091131929412],[-63.301843634804229,-19.987803274324197],[-63.302348729064306,-19.987419864171592],[-63.3029552594706,-19.987179735396325],[-63.303714359259637,-19.987369711538328],[-63.304373122825204,-19.987990224868902],[-63.304424715849429,-19.988516141834015],[-63.304779898028833,-19.989089355808819],[-63.304881799755506,-19.989471730033952],[-63.304731260731984,-19.990101010840029],[-63.304485421695247,-19.993783470467502],[-63.304892765400929,-19.995169511163674],[-63.304944639024832,-19.995838882954356],[-63.30519793243446,-19.996029721561239],[-63.306412158087937,-19.996123263910086],[-63.306817209034541,-19.996313837753615],[-63.307121368775505,-19.996648041401549],[-63.307278170795179,-19.997232637613351],[-63.306972578993239,-19.998178495240964],[-63.306113361358499,-19.998562530376532],[-63.305608979476858,-19.99932849883022],[-63.305508637586172,-19.999759039426053],[-63.305462308854018,-20.001966154735417],[-63.30536242611339,-20.002635787380942],[-63.305009974282285,-20.003497129277875],[-63.305010803389607,-20.003927495254278],[-63.305163395590576,-20.004357599894259],[-63.306176998957469,-20.0053122230809],[-63.306380368923492,-20.005837875966765],[-63.306432530686621,-20.006650701649793],[-63.306686862454555,-20.007367540223687],[-63.306940454751526,-20.007701831059247],[-63.307042188796572,-20.007988566196609],[-63.307094354826432,-20.008801391433927],[-63.307247050381598,-20.009279312309438],[-63.307601825689666,-20.00961342655404],[-63.307906199090603,-20.010043264786205],[-63.308260977507004,-20.010377377641056],[-63.308767526533678,-20.01071122527015],[-63.309325321743735,-20.011379711747789],[-63.30957976801384,-20.012144363889291],[-63.309581171232885,-20.012861639497093],[-63.30943127020619,-20.013818272104576],[-63.309029439780801,-20.015301348047455],[-63.308931618756468,-20.017022985426145],[-63.308781710224302,-20.017979617139567],[-63.308480116207058,-20.018984331461343],[-63.307218122127139,-20.020435839008282],[-63.306410119067735,-20.021202335144832],[-63.305956076400811,-20.021872579318686],[-63.305502953581772,-20.023021005695512],[-63.305660187461235,-20.025842025028499],[-63.305257277202585,-20.026799089807568],[-63.304500011738412,-20.027661126598215],[-63.304349975158324,-20.02856993558542],[-63.304453482278504,-20.029772598389723],[-63.304001338193963,-20.031447021614571],[-63.303648725152946,-20.032260540645698],[-63.30360896733194,-20.037903184351599],[-63.303757931609034,-20.040160287374928],[-63.304396390460894,-20.040513453017759],[-63.30505436545333,-20.040607956525385],[-63.305762570370923,-20.040511097174694],[-63.306166993754424,-20.040319124166732],[-63.306570766709136,-20.039792422568343],[-63.306771584592312,-20.03897916164026],[-63.306769635173048,-20.037974978466863],[-63.306615798754251,-20.036923240023214],[-63.306764530112574,-20.035344974376748],[-63.307522470543859,-20.034817656168869],[-63.308230274899813,-20.034529514193963],[-63.309595653280262,-20.034144583379526],[-63.310606469537113,-20.033568991075636],[-63.311465393701837,-20.032945842012314],[-63.312273525543453,-20.032227141600256],[-63.313183600580956,-20.031890804532519],[-63.313689565136784,-20.031889908465715],[-63.314297102861417,-20.032080104265052],[-63.315158482895939,-20.032700211798836],[-63.316071135887888,-20.033654952263166],[-63.316780548147499,-20.034179686179137],[-63.319515308357659,-20.035418047572119],[-63.320223480331968,-20.035321130713484],[-63.320981374877178,-20.034793755462509],[-63.321840653427124,-20.034361829392164],[-63.322649818226871,-20.034169082435021],[-63.324016038917335,-20.034214404585519],[-63.324978072883418,-20.034547369077021],[-63.325434038853146,-20.034833441311928],[-63.325687813823016,-20.035215521302288],[-63.325688503584821,-20.035550248530537],[-63.325437288108617,-20.036411441099293],[-63.324478874443706,-20.037847751735043],[-63.323216948646994,-20.039332430226533],[-63.322712620953816,-20.040146262681752],[-63.322511591182952,-20.040816086027775],[-63.322411758715269,-20.041485724717734],[-63.322716527674253,-20.042058989029599],[-63.323172902781145,-20.042536339204233],[-63.323831205562072,-20.042781606148623],[-63.325453357215274,-20.044213178675275],[-63.325909944115352,-20.044786157719958],[-63.326062732704052,-20.045264059181054],[-63.325912607897557,-20.046077246963627],[-63.325711091571584,-20.046507982841678],[-63.32530726778495,-20.046986908983417],[-63.324549035332183,-20.047370848302407],[-63.323790407043269,-20.047563511932459],[-63.323233889229492,-20.047612348173079],[-63.32252527372777,-20.047518005182067],[-63.321766252470383,-20.04751938766022],[-63.32080511682598,-20.047664588521204],[-63.320552691762906,-20.047951956047701],[-63.320453817173671,-20.0490997745435],[-63.321016756637178,-20.052206942582227],[-63.321271619804961,-20.053115027045862],[-63.321273760354103,-20.054167025196719],[-63.321275998346508,-20.055266841311379],[-63.321734064597067,-20.05655710142161],[-63.322444478392384,-20.057512172260843],[-63.322900702442013,-20.057893885567474],[-63.324014301069219,-20.058035302854243],[-63.324722767934446,-20.058034002986496],[-63.325329335360976,-20.05769816016436],[-63.326892930976818,-20.055208727540368],[-63.328759498629232,-20.052431808446098],[-63.329465445777409,-20.051235038202826],[-63.330523596053986,-20.049081241953761],[-63.330774802752913,-20.048220043498695],[-63.33071889463659,-20.045685779422524],[-63.330866991226948,-20.043916225839354],[-63.331118589167367,-20.04324629896713],[-63.331370686494729,-20.042815462259895],[-63.33177448121581,-20.042336522458463],[-63.33212737238253,-20.041714222417074],[-63.332430667586742,-20.041570197861589],[-63.332987160845711,-20.041521332991696],[-63.333341760474333,-20.041711938379304],[-63.334609077188169,-20.042809366499231],[-63.33481269264874,-20.043382800622275],[-63.334915717457363,-20.044243334588586],[-63.334866232159726,-20.044769429284923],[-63.334514155344309,-20.045774279141078],[-63.334616876397213,-20.046491358834427],[-63.335022901672737,-20.047064409369028],[-63.335580530879099,-20.047541534805987],[-63.336188459604664,-20.04787510806273],[-63.336543790627076,-20.048400433010841],[-63.336495140463207,-20.04931645135748],[-63.336293241898026,-20.049555926597556],[-63.335838027279841,-20.049652428108821],[-63.335281912516244,-20.049892574504621],[-63.33477680370391,-20.050323895591173],[-63.334018579020324,-20.050707875265903],[-63.333109047439109,-20.051331228015165],[-63.332351920870018,-20.052241199213086],[-63.331999007732968,-20.052863499284861],[-63.33179800216822,-20.053533331900248],[-63.332154337724525,-20.054536845783435],[-63.332458764940377,-20.054918819467012],[-63.332864199715125,-20.055204966016777],[-63.333370237958363,-20.055204012626429],[-63.334331102978467,-20.054915289030351],[-63.335089143947769,-20.054435671866344],[-63.33589808887983,-20.054099409446472],[-63.336555627994578,-20.053954704468467],[-63.337264177791049,-20.054001172625036],[-63.337871930411573,-20.054239103413579],[-63.338226667015924,-20.054477516251286],[-63.338430721279998,-20.055242217076444],[-63.338585711860802,-20.05672428447733],[-63.338991572936514,-20.057201688666364],[-63.339549147373418,-20.057630982365978],[-63.340511768748236,-20.058155130918209],[-63.340916813135735,-20.05824998665792],[-63.341271754160381,-20.058576649931595],[-63.341459533762247,-20.058980945738384],[-63.341512311404792,-20.059985025314777],[-63.341767615904537,-20.061036531459226],[-63.342123202956131,-20.061657479623612],[-63.342630403333892,-20.062182496873909],[-63.343086377188534,-20.062420703162452],[-63.344199815287944,-20.062466356622892],[-63.345515468946459,-20.0624159716245],[-63.345870025827487,-20.062558732609062],[-63.345870445019933,-20.062750004324723],[-63.345668858221281,-20.063132943734352],[-63.344708382964079,-20.063613000833804],[-63.342586560877876,-20.065298140128402],[-63.341930224024225,-20.066016683144451],[-63.341375510001519,-20.066926299984367],[-63.340718747848697,-20.067453566836281],[-63.340366144401735,-20.068219336339048],[-63.340367072866982,-20.068649697666917],[-63.340520032488534,-20.06917540231419],[-63.340773590266757,-20.069414004112932],[-63.341279983995307,-20.069556481169734],[-63.341887077319193,-20.069459671397464],[-63.34244314636183,-20.069171685989211],[-63.343099909705344,-20.068644412810471],[-63.343807484964671,-20.06821267459086],[-63.344768304292252,-20.067876075904543],[-63.345526479148369,-20.067444232143774],[-63.347195585508622,-20.067010597882255],[-63.348257921503844,-20.066817235203569],[-63.350384178215101,-20.067147759044957],[-63.350992639091515,-20.06767255059399],[-63.351551881308552,-20.068819072927983],[-63.351759005099368,-20.070922655923422],[-63.351056974255073,-20.07384095384209],[-63.351058357924025,-20.074462585765762],[-63.351060167415746,-20.075275488984534],[-63.351213062821785,-20.075753365529089],[-63.351821560085284,-20.076278153175572],[-63.352429527059336,-20.076563849536548],[-63.353543495594899,-20.076800713779718],[-63.354150608500376,-20.076703861644454],[-63.354908583793183,-20.076176342184674],[-63.357487005683069,-20.074975692805822],[-63.358397660259719,-20.074830393680667],[-63.359663236886192,-20.074971275767457],[-63.360676968274383,-20.075638661172515],[-63.360829455411725,-20.075925257808905],[-63.360779720251777,-20.076307903405894],[-63.360832518993597,-20.077264155540721],[-63.360632919369486,-20.07850783096918],[-63.360634778618376,-20.079320732967915],[-63.3605355239578,-20.080181659296738],[-63.360587776090973,-20.0808988223217],[-63.360539460591923,-20.081903098427446],[-63.360641232014395,-20.082141980500037],[-63.361097728614162,-20.082571409463903],[-63.361099481133429,-20.083336493309115],[-63.361354298449321,-20.084101059454312],[-63.361557517971463,-20.084435369201877],[-63.361912468036643,-20.084721549849736],[-63.364849357717532,-20.085289321854486],[-63.365356599136334,-20.085766452461201],[-63.365964626724328,-20.086052100987516],[-63.366627689265023,-20.086517909262849],[-63.368857600934938,-20.087756531001368],[-63.370784198096338,-20.089139214822126],[-63.372151693050611,-20.089518880848129],[-63.373469032998642,-20.090089913776033],[-63.374431395802091,-20.090374782687377],[-63.37615321478318,-20.090753665587162],[-63.377317588563514,-20.090846816686437],[-63.380964181152571,-20.091795342386099],[-63.381977762244617,-20.092319148375534],[-63.383550333598158,-20.093750273297626],[-63.384465270840217,-20.095326270555425],[-63.384720221350598,-20.096090799824758],[-63.385228726665538,-20.097046046570991],[-63.386293793594305,-20.09790443886169],[-63.387713547718313,-20.098905498968296],[-63.388473400543845,-20.099142916915607],[-63.389435016965898,-20.099092979915728],[-63.390649008951961,-20.09875557272672],[-63.391104803720047,-20.098850198786607],[-63.391611692113692,-20.099135981293252],[-63.391916230576406,-20.09947002951635],[-63.393081511678076,-20.099897797643251],[-63.394095902339501,-20.100708436817804],[-63.395159841903094,-20.101088599501828],[-63.396881463070955,-20.101323824662888],[-63.398449782290719,-20.100985566667298],[-63.399258339149753,-20.100457744482398],[-63.400419634733311,-20.099307488487018],[-63.4011256019268,-20.09825389578884],[-63.401376251235625,-20.097296971708797],[-63.402183436405501,-20.096243144575407],[-63.403041961117154,-20.095476102878475],[-63.404656771209233,-20.093559699772165],[-63.406777075910632,-20.091403029467795],[-63.408140832575803,-20.090300074451346],[-63.408848321120068,-20.089868078049694],[-63.409759009241689,-20.089722513694589],[-63.411784212051977,-20.089956890495291],[-63.413500518408426,-20.089643908909959],[-63.416077939046019,-20.08815550529863],[-63.417290393913177,-20.087291925558109],[-63.418806896663831,-20.086571069830345],[-63.42042563203271,-20.086232499365352],[-63.421185214368293,-20.086374142298759],[-63.421438920208729,-20.086612625379139],[-63.421693266517366,-20.087090194931552],[-63.42215314323348,-20.088714896845801],[-63.422813563518311,-20.089621852135167],[-63.423370963596739,-20.089859604692833],[-63.424029336961688,-20.090001477682716],[-63.428180370727006,-20.090230547610741],[-63.43005284604056,-20.09013036130257],[-63.431874311003085,-20.089886827118676],[-63.434301955196197,-20.089211425744832],[-63.437587093254635,-20.087481881129552],[-63.438953525945571,-20.087430671948312],[-63.439863635241487,-20.087093684012029],[-63.442947021349433,-20.085651448875851],[-63.44385643822153,-20.085075354440299],[-63.445728027612596,-20.084688099778965],[-63.447751988109495,-20.084491709407256],[-63.449371588741919,-20.084487595541681],[-63.451598949938571,-20.08462536630449],[-63.45296699997094,-20.085147855424957],[-63.454842705330115,-20.086195019619723],[-63.455704889140733,-20.08679488102463],[-63.456532463495961,-20.087551613221279],[-63.457446836573411,-20.088696866599257],[-63.458111210476218,-20.090894748258862],[-63.45948282194577,-20.092612612581014],[-63.459837825078807,-20.092850775521267],[-63.46087307028953,-20.093012324576318],[-63.461306643582233,-20.093181665566735],[-63.461783185145947,-20.093724909519985],[-63.462677104679635,-20.094491375605543],[-63.463609438977741,-20.095385105412024],[-63.463750124820116,-20.095889261308486],[-63.463533867428893,-20.096481233991117],[-63.463536188735191,-20.097125103941121],[-63.464198072738235,-20.098086860987202],[-63.464338550058763,-20.099374373290235],[-63.463727815600656,-20.100408645131672],[-63.463365164287438,-20.10106354176634],[-63.464322440659821,-20.101791484085954],[-63.46480393180304,-20.103206779968961],[-63.465399931452723,-20.104922816442222],[-63.465677525084658,-20.106511782398552],[-63.465477943465174,-20.108252313274168],[-63.465548818909909,-20.109046911032227],[-63.466278589641526,-20.110010808316243],[-63.46629797623001,-20.110947853215603],[-63.46652819079867,-20.11202209237544],[-63.466826161775948,-20.112796823797659],[-63.466942752260849,-20.113849480370192],[-63.467739668183192,-20.114531858087965],[-63.46905988970753,-20.114938056881687],[-63.469562928794005,-20.116047891435386],[-63.470248315864062,-20.11705540861146],[-63.47111390039192,-20.117717426224491],[-63.472271284036601,-20.11720005391237],[-63.472999976384067,-20.117452569553727],[-63.473592693028294,-20.118182535788534],[-63.47366482114743,-20.119449903286824],[-63.473610636876302,-20.1196688047931],[-63.47598847061974,-20.121377808763771],[-63.475629653733769,-20.122802719210878],[-63.475703011962807,-20.12454285291069],[-63.475776037227625,-20.126089383950614],[-63.476260230274526,-20.128040525028812],[-63.476105744210905,-20.129719472574894],[-63.476769006453985,-20.130883865056713],[-63.477205906055779,-20.132689453746337],[-63.477756450184934,-20.13444909036053],[-63.477423190789629,-20.136770733584047],[-63.477290410562439,-20.138103700085175],[-63.476768294198394,-20.138208844053622],[-63.476632685517096,-20.138641290069316],[-63.476974838226411,-20.13911126598644],[-63.476797792597864,-20.139366824717708],[-63.476757638382622,-20.139424090717217],[-63.47644209759298,-20.139517719085951],[-63.476022662512726,-20.139414487942236],[-63.475967184633809,-20.139331704402125],[-63.47584481676504,-20.139557466367748],[-63.475838552893336,-20.139701338571108],[-63.475425865982153,-20.1396433388995],[-63.475110797515306,-20.139655941388657],[-63.475103662128731,-20.139858313362762],[-63.475537231065992,-20.140169089656307],[-63.475758029473845,-20.140464170545858],[-63.476152002565968,-20.140850237841164],[-63.476146300405546,-20.14114720068158],[-63.476064645088542,-20.141401254748494],[-63.475775843598015,-20.141446198924136],[-63.475363704159328,-20.141271160399032],[-63.475274975776031,-20.141286378357041],[-63.475289668045988,-20.141579480074341],[-63.475406578182998,-20.141812765769838],[-63.475579282044116,-20.142052309319499],[-63.475902064102854,-20.142328086842316],[-63.475588035228327,-20.142750416969374],[-63.475492565931098,-20.142922997880142],[-63.47606136306905,-20.142778809253997],[-63.476577793746578,-20.142970633510586],[-63.476874001694178,-20.143493192863104],[-63.47694394163149,-20.143977122453045],[-63.476890383270366,-20.144313099758396],[-63.476664442144092,-20.144603136746973],[-63.476259204489246,-20.144603898463647],[-63.475908802418985,-20.144435303659648],[-63.475813014318774,-20.144616878511492],[-63.475965562343028,-20.144887303324023],[-63.476172317573472,-20.145141424559885],[-63.476290030410446,-20.145554821578752],[-63.476298059362151,-20.145969272345226],[-63.475997121695812,-20.146527077889218],[-63.475743471707425,-20.146690180688637],[-63.475868638335918,-20.146892212308213],[-63.476376666326999,-20.147052259896725],[-63.476632395169709,-20.147370951516987],[-63.476660265034837,-20.147763514971526],[-63.476448841760266,-20.148081020671633],[-63.476270430715161,-20.148273502820938],[-63.476285754441562,-20.148481083862951],[-63.476649975510405,-20.148663622139455],[-63.476712365227947,-20.148922206723601],[-63.476623721256395,-20.149239071210367],[-63.476562854505644,-20.149511787764034],[-63.476377774181671,-20.14969055470111],[-63.476041655868812,-20.149860067246735],[-63.475726647866765,-20.149971716050384],[-63.475288144941835,-20.150138005753906],[-63.474752893267322,-20.150445319020228],[-63.47449923824054,-20.150811014772493],[-63.47440558973085,-20.151235770572647],[-63.474523535702104,-20.151676189999804],[-63.474696328035748,-20.152284914281669],[-63.474856581556367,-20.152911252250352],[-63.474864918688276,-20.153249175405126],[-63.474947784593517,-20.153602949618676],[-63.475222723432758,-20.153850215234218],[-63.475690850004241,-20.154162086794521],[-63.475960078284672,-20.154503716355677],[-63.476091843099901,-20.155160673485216],[-63.476086053014953,-20.155426118417655],[-63.475704450523168,-20.156310037784746],[-63.4754173681266,-20.156575634291066],[-63.475040516719311,-20.156986975798478],[-63.474883919670532,-20.157540312516392],[-63.474837329656424,-20.157881009579814],[-63.474909797053087,-20.158225452745839],[-63.475270943009036,-20.158934651803968],[-63.475368176370381,-20.159590522212383],[-63.475550736640081,-20.160564229342491],[-63.475948479384385,-20.161351116665067],[-63.47615421970842,-20.162073433156674],[-63.47655157117314,-20.162905329641966],[-63.476875422205772,-20.163388246963208],[-63.476865265676288,-20.163946194340259],[-63.476806848285662,-20.164453099065675],[-63.476041195415227,-20.164600082698403],[-63.475826247285738,-20.164476260523831],[-63.475959199924901,-20.165065724399632],[-63.475780683225587,-20.165496813815462],[-63.475734564262254,-20.165824018378984],[-63.475522944990871,-20.166348609535692],[-63.475455869703325,-20.166729180157255],[-63.475814806555775,-20.167096149325353],[-63.475969034165537,-20.167353124352761],[-63.47603927891754,-20.167895593562783],[-63.475732405561729,-20.168147057173012],[-63.475307816289984,-20.168322778974201],[-63.474882512355464,-20.168484971673404],[-63.474833214879617,-20.168767053730154],[-63.474868214460763,-20.1691598421795],[-63.47544758711399,-20.169394187916122],[-63.475788035836793,-20.169575988518726],[-63.475679122614103,-20.170162340555674],[-63.475425108271672,-20.170537024894518],[-63.475545280100953,-20.170982018657238],[-63.475964155097031,-20.17137338757831],[-63.476433438367202,-20.171788854255048],[-63.476801197929383,-20.172210127657735],[-63.476980671128459,-20.172562443501857],[-63.477034326438769,-20.173270970332243],[-63.477061864226883,-20.174010190914341],[-63.477182200550608,-20.174383155609707],[-63.477166002294446,-20.174841865215424],[-63.477695545962362,-20.175407799271223],[-63.47857199229837,-20.174994176858466],[-63.479251889205834,-20.174812977940668],[-63.479610454448597,-20.175224955532137],[-63.479484319435869,-20.175657695518339],[-63.479426769156973,-20.176173633370944],[-63.47958997885533,-20.176615480278933],[-63.479582517354451,-20.177096977200495],[-63.479312142087004,-20.177799810112845],[-63.479527108125978,-20.178598957083842],[-63.479613476352718,-20.179056394777728],[-63.479665947619807,-20.179562288712049],[-63.479897269959572,-20.179898227798294],[-63.479813995710508,-20.180332317490723],[-63.480165506283058,-20.181248316410862],[-63.480106282100017,-20.182115371606052],[-63.480048567744205,-20.18263580708571],[-63.480347688265006,-20.183077430006289],[-63.481106690440157,-20.183493007621394],[-63.48119250617286,-20.183999952604864],[-63.481372792036737,-20.184464848087],[-63.481698275895759,-20.184902798997115],[-63.481800923163732,-20.185270705411067],[-63.48161627025565,-20.18584117289798],[-63.481414150138782,-20.186568666687201],[-63.481117556807554,-20.187203142903726],[-63.481162168873112,-20.18769528424054],[-63.481248301461541,-20.188193234264652],[-63.48111381391012,-20.188760777953057],[-63.481201134417184,-20.189528895915018],[-63.481110385367224,-20.190309418090564],[-63.480745586863435,-20.19074815079799],[-63.480268683120372,-20.191525517939006],[-63.480254464096255,-20.191961780788361],[-63.479918717151328,-20.192320386647484],[-63.479349563134001,-20.192671640373195],[-63.479150837197807,-20.19313360638375],[-63.479151777108711,-20.193579350204438],[-63.479643030750374,-20.194117073373928],[-63.480181530851027,-20.194431175270495],[-63.480118722070863,-20.194825388590807],[-63.479992474915541,-20.195429205452932],[-63.480000723245382,-20.1957356128488],[-63.480299147217742,-20.196096179745179],[-63.480828926683955,-20.196184898693989],[-63.481045345774263,-20.196335782943997],[-63.480902827578518,-20.196759001309221],[-63.480616203710582,-20.197447811990756],[-63.480322201984819,-20.197839246064891],[-63.480331953245617,-20.19833929410305],[-63.480397201055645,-20.198787063977132],[-63.479914971117807,-20.198668325806707],[-63.479602719198979,-20.198631477086746],[-63.479346271088247,-20.198871018091967],[-63.479179519347788,-20.199541089052953],[-63.479094055036839,-20.200474847115917],[-63.478920145275794,-20.201347289418951],[-63.478704976833363,-20.20156561739584],[-63.478118572667285,-20.201493113792182],[-63.477910714595808,-20.201572104680515],[-63.477827022169954,-20.201781068513245],[-63.47771625001009,-20.202115238876818],[-63.476873814744778,-20.201764532352456],[-63.475924288497104,-20.201306897618757],[-63.473045704080015,-20.200378731777022],[-63.469890674015275,-20.199919025239669],[-63.467738712363619,-20.200188758534988],[-63.464368266071546,-20.200257901760924],[-63.460995631478333,-20.199683115594894],[-63.457498918915043,-20.198843225617789],[-63.454310668028356,-20.197711398426559],[-63.45102647055171,-20.195590546128283],[-63.449010261327743,-20.1930821216651],[-63.448016925576155,-20.191916161832264],[-63.445647711586517,-20.189716176858184],[-63.442735449377295,-20.187737564567271],[-63.439486872070411,-20.186837719753392],[-63.436145322615516,-20.186173472908195],[-63.43264772769863,-20.184837932859505],[-63.432036667261421,-20.184557420177427],[-63.429458086812339,-20.183124956143029],[-63.425325211741701,-20.181156860175658],[-63.423374041017688,-20.180050397112378],[-63.422350407802554,-20.178739323527445],[-63.419936605130118,-20.178072802806689],[-63.41872858124934,-20.177287063597554],[-63.417617330283555,-20.17769737605294],[-63.415450797369587,-20.176917121803914],[-63.414272235830353,-20.175808167169251],[-63.412942333713687,-20.175432679624048],[-63.411056586310345,-20.17543562806928],[-63.408126309947079,-20.174716491681831],[-63.406394451691398,-20.174283127388012],[-63.404969284423743,-20.17320677803065],[-63.403140708690444,-20.171779922630865],[-63.40171446888359,-20.170235343800364],[-63.400475379402856,-20.169389994964675],[-63.398752436577247,-20.167678372962555],[-63.397884026219977,-20.166367666630723],[-63.396983959150234,-20.16537556749185],[-63.395562508073063,-20.165231136353853],[-63.394912386340714,-20.165147348155251],[-63.394451876493562,-20.166258054177614],[-63.393215526649577,-20.166668719046601],[-63.390464022587537,-20.166589778424445],[-63.389194718665927,-20.165891954884493],[-63.388667141119335,-20.165249356892847],[-63.385834305638419,-20.16494716858427],[-63.384656923209327,-20.16374807902066],[-63.383942447708492,-20.162203671185896],[-63.383753928545197,-20.161180275371883],[-63.382207804287724,-20.160892206159851],[-63.381432469153459,-20.159782502740416],[-63.379545089153325,-20.159406961099226],[-63.378894143531404,-20.158418275721637],[-63.375275988349166,-20.15798725561524],[-63.364836382503441,-20.158417653455704],[-63.353880738639454,-20.159875141710135],[-63.35072774685031,-20.159998748280671],[-63.349550236866698,-20.159209107000621],[-63.343104420422804,-20.160392387581489],[-63.342085902146607,-20.161007749694445],[-63.341467402240362,-20.161271392854864],[-63.340510647398226,-20.162122805100473],[-63.339740432068687,-20.163088259411033],[-63.33847444873156,-20.163790139147761],[-63.336743515023059,-20.16393684235813],[-63.325866853049732,-20.162617692868565],[-63.322246218645674,-20.164003995017563],[-63.317897924884051,-20.165146085612136],[-63.31543733228915,-20.165827086016158],[-63.312618955307514,-20.16661347977043],[-63.309100160101075,-20.167620165257844],[-63.305780415320797,-20.168003072236054],[-63.302746916313808,-20.167954097283751],[-63.301605290504781,-20.167822495527247],[-63.301676719630755,-20.167955348550418],[-63.301360813131346,-20.169070365037808],[-63.300620007648043,-20.169221842660772],[-63.300054994958508,-20.169356522452333],[-63.299472284901917,-20.169976744759982],[-63.299279725299229,-20.170911216736194],[-63.298751846664025,-20.171596232097141],[-63.298115861880795,-20.171814117898531],[-63.29746121589104,-20.17156328045731],[-63.29705540457568,-20.171613102427678],[-63.296650281077163,-20.172297597950003],[-63.296174299660748,-20.172768237539479],[-63.295556089709102,-20.173184737255557],[-63.294937988809778,-20.173304166869286],[-63.294248330408195,-20.172935150922129],[-63.293619266415071,-20.172865173696245],[-63.292824556409442,-20.173284922276054],[-63.292402746378031,-20.173968860284976],[-63.291643285294917,-20.174304228860976],[-63.291096602146723,-20.174687028669663],[-63.290337053935318,-20.175089902887876],[-63.289773004141161,-20.175458628647881],[-63.288907018132583,-20.175741001456128],[-63.288342223019363,-20.17619521746051],[-63.287742906027546,-20.176648305261402],[-63.287178394994832,-20.176931485664184],[-63.286541936120436,-20.176933256301655],[-63.285782302893551,-20.176750969425783],[-63.28546228870961,-20.176083392860221],[-63.284701725592988,-20.175698526931992],[-63.283642626439665,-20.175754028706784],[-63.2829648149213,-20.175452872553691],[-63.282503968596586,-20.17433510338892],[-63.282078613398767,-20.173583072290302],[-63.280823233394372,-20.173303588430681],[-63.279585346416049,-20.173002161653312],[-63.278260500212383,-20.173188496509393],[-63.277342904154871,-20.173806699640409],[-63.276214203186619,-20.174494522701391],[-63.27529593384363,-20.175130693354244],[-63.274448759883711,-20.175647652734867],[-63.273035220310504,-20.175619502321229],[-63.271745181972712,-20.175635881973921],[-63.271002386523932,-20.174702430224926],[-63.269241074182695,-20.173888730492749],[-63.268181788707807,-20.174340213574563],[-63.267423251038011,-20.175494660186089],[-63.262342743527334,-20.175567061519448],[-63.260425265486887,-20.175697853545977],[-63.255427154074837,-20.176609901948297],[-63.253417483828287,-20.175909440641316],[-63.251889847034839,-20.174545136394126],[-63.250550695498525,-20.174861304357041],[-63.249434055816593,-20.173987543244635],[-63.247834975779185,-20.174340174820099],[-63.246532932059871,-20.174198447439558],[-63.245082660295836,-20.174587438588418],[-63.24351941832839,-20.174063553273839],[-63.242627928013583,-20.174358343828708],[-63.237914859259142,-20.175621286551404],[-63.231387284069676,-20.17528966614703],[-63.224377307528925,-20.175180453034972],[-63.217969995927476,-20.175306859022555],[-63.212895321991326,-20.176453634085046],[-63.206853557094583,-20.17851790978554],[-63.199363641926922,-20.182064203119733],[-63.196224939156217,-20.184660609395976],[-63.19381404102365,-20.190372866000541],[-63.191647415774561,-20.198482889086396],[-63.187543804709883,-20.203742798280864],[-63.181873059936436,-20.213977427414086],[-63.181273591038199,-20.217746831448171],[-63.180678234308765,-20.225971743756428],[-63.180689350407093,-20.235220402173272],[-63.180452346177866,-20.239906416332175],[-63.181919514517354,-20.253028868959216],[-63.180239059239398,-20.264556910526231],[-63.177135172531884,-20.269654438587938],[-63.17496157756743,-20.27047493075829],[-63.168869881083637,-20.273197362779896],[-63.140965692553429,-20.275297870890185],[-63.106992484870176,-20.272111260422857],[-63.080995961063344,-20.27216011343404],[-63.054999406861597,-20.272205110075792],[-63.029002828287055,-20.272246250316588],[-63.003006231361937,-20.272283534128711],[-62.977009622108447,-20.272316961488201],[-62.951013006548841,-20.272346532374883],[-62.92501639070538,-20.272372246772367],[-62.899019780600348,-20.272394104668024],[-62.873023182256013,-20.272412106053029],[-62.847026601694644,-20.272426250922301],[-62.821030044938503,-20.272436539274562],[-62.795033518009831,-20.272442971112309],[-62.76903702693081,-20.272445546441812],[-62.743040577723633,-20.272444265273116],[-62.717044176410404,-20.27243912762005],[-62.691047829013193,-20.272430133500219],[-62.692511355899335,-20.442218314583741],[-62.660439206979085,-20.442287523844215],[-62.62836712454434,-20.442350822369573],[-62.59629511992236,-20.442408210135969],[-62.564223204440296,-20.442459687128366],[-62.532151389425245,-20.442505253340538],[-62.500079686204074,-20.44254490877508],[-62.468008106103575,-20.442578653443363],[-62.435936660450288,-20.44260648736557],[-62.40386536057062,-20.442628410570713],[-62.371794217790679,-20.442644423096592],[-62.339723243436332,-20.442654524989806],[-62.307652448833231,-20.442658716305761],[-62.275581845306654,-20.442656997108678],[-62.243511444181607,-20.442649367471589],[-62.211441256782727,-20.442635827476305],[-62.179371294434311,-20.442616377213447],[-62.178623734611236,-20.44261713248877],[-62.162584704125102,-20.420539538570591],[-62.146550183161857,-20.398460572273098],[-62.130520164067306,-20.376380238861955],[-62.11449463919157,-20.354298543600553],[-62.098473600889136,-20.332215491749984],[-62.082457041518794,-20.310131088569019],[-62.066444953443686,-20.288045339314184],[-62.050437329031261,-20.26595824923967],[-62.034434160653312,-20.243869823597411],[-62.018435440685941,-20.221780067637077],[-62.002441161509616,-20.199688986606009],[-61.986451315509079,-20.177596585749331],[-61.970465895073396,-20.155502870309846],[-61.954484892595978,-20.133407845528126],[-61.938508300474524,-20.111311516642473],[-61.922536111111064,-20.089213888888899],[-61.9107986432942,-20.060793282514844],[-61.899065177356718,-20.032372003624399],[-61.887335703015289,-20.003950055921905],[-61.87561020999668,-19.975527443109602],[-61.863888688037648,-19.947104168887641],[-61.85217112688499,-19.918680236954042],[-61.840457516295452,-19.890255651004743],[-61.828747846035782,-19.861830414733607],[-61.817042105882642,-19.833404531832379],[-61.805340285622634,-19.804978005990762],[-61.793642375052215,-19.77655084089638],[-61.781948363977769,-19.748123040234788],[-61.770258242215483,-19.719694607689476],[-61.758571999591425,-19.691265546941906],[-61.746889625941421,-19.662835861671478],[-61.735211111111106,-19.634405555555549],[-61.699825078833037,-19.62895513521033],[-61.664441866824568,-19.623497889162515],[-61.629061488881632,-19.618033823849565],[-61.593683958790336,-19.61256294572026],[-61.558309290326889,-19.607085261234698],[-61.522937497257558,-19.601600776864277],[-61.487568593338679,-19.596109499091657],[-61.452202592316645,-19.590611434410736],[-61.416839507927818,-19.585106589326642],[-61.38147935389857,-19.579594970355718],[-61.346122143945209,-19.574076584025459],[-61.310767891774006,-19.568551436874522],[-61.275416611081098,-19.563019535452735],[-61.240068315552534,-19.557480886320985],[-61.204723018864208,-19.551935496051289],[-61.169380734681823,-19.546383371226707],[-61.134041476660911,-19.540824518441344],[-61.098705258446806,-19.535258944300331],[-61.063372093674538,-19.529686655419798],[-61.028041995968913,-19.524107658426846],[-60.992714978944441,-19.518521959959518],[-60.957391056205296,-19.512929566666823],[-60.922070241345317,-19.507330485208641],[-60.886752547947964,-19.501724722255744],[-60.851437989586337,-19.496112284489765],[-60.816126579823091,-19.490493178603177],[-60.780818332210423,-19.484867411299266],[-60.745513260290124,-19.479234989292095],[-60.710211377593453,-19.473595919306529],[-60.674912697641155,-19.46795020807815],[-60.63961723394344,-19.462297862353271],[-60.604324999999982,-19.456638888888893],[-60.584722701961425,-19.451608493851843],[-60.565121848866625,-19.44657610441481],[-60.545522442666119,-19.441541722403656],[-60.525924485308934,-19.436505349645088],[-60.506327978742746,-19.431466987966623],[-60.486732924913731,-19.426426639196595],[-60.467139325766674,-19.421384305164217],[-60.447547183244907,-19.41633998769948],[-60.427956499290318,-19.41129368863319],[-60.408367275843403,-19.406245409797005],[-60.388779514843172,-19.401195153023391],[-60.369193218227217,-19.396142920145607],[-60.34960838793171,-19.391088712997757],[-60.330025025891366,-19.386032533414745],[-60.310443134039488,-19.380974383232289],[-60.290862714307913,-19.375914264286898],[-60.271283768627043,-19.370852178415902],[-60.251706298925875,-19.365788127457446],[-60.232130307131932,-19.360722113250464],[-60.212555795171326,-19.355654137634687],[-60.192982764968697,-19.35058420245068],[-60.173411218447278,-19.345512309539757],[-60.153841157528838,-19.34043846074405],[-60.134272584133718,-19.335362657906494],[-60.11470550018084,-19.330284902870801],[-60.09513990758763,-19.325205197481488],[-60.075575808270123,-19.320123543583843],[-60.0560132041429,-19.315039943023958],[-60.036452097119074,-19.309954397648699],[-60.016892489110361,-19.304866909305723],[-59.997334382026992,-19.299777479843446],[-59.977777777777789,-19.294686111111098],[-59.94972196576785,-19.294536612212951],[-59.921666861393909,-19.294382799292482],[-59.89361247213693,-19.294224672660985],[-59.865558805476816,-19.294062232634687],[-59.837505868892578,-19.293895479534754],[-59.809453669862165,-19.293724413687258],[-59.781402215862521,-19.293549035423204],[-59.753351514369584,-19.293369345078524],[-59.725301572858285,-19.293185342994072],[-59.697252398802448,-19.292997029515604],[-59.669203999674906,-19.292804404993834],[-59.641156382947393,-19.292607469784372],[-59.613109556090556,-19.292406224247742],[-59.585063526573997,-19.292200668749395],[-59.557018301866165,-19.291990803659704],[-59.52897388943444,-19.291776629353929],[-59.500930296745068,-19.291558146212271],[-59.472887531263154,-19.29133535461985],[-59.444845600452673,-19.291108254966659],[-59.416804511776427,-19.290876847647631],[-59.388764272696072,-19.290641133062593],[-59.36072489067206,-19.29040111161628],[-59.332686373163703,-19.290156783718341],[-59.304648727629051,-19.289908149783326],[-59.276611961524985,-19.289655210230684],[-59.248576082307139,-19.289397965484767],[-59.220541097429965,-19.289136415974824],[-59.192507014346589,-19.288870562135006],[-59.164473840508947,-19.288600404404352],[-59.136441583367706,-19.288325943226816],[-59.108410250372202,-19.28804717905124],[-59.080379848970537,-19.287764112331342],[-59.068620707297633,-19.24995962728832],[-59.05686541990633,-19.212155220197531],[-59.045113969013059,-19.174350896205368],[-59.033366336856346,-19.136546660455796],[-59.02162250569679,-19.098742518090386],[-59.00988245781695,-19.060938474248307],[-58.998146175521264,-19.023134534066291],[-58.986413641136004,-18.985330702678748],[-58.986413886272906,-18.985330691263687],[-58.9718953478339,-18.961769447067944],[-58.957380460401694,-18.938207771887939],[-58.942869215991998,-18.914645670387095],[-58.928361606626297,-18.891083147226841],[-58.913857624331783,-18.867520207066573],[-58.899357261141439,-18.84395685456369],[-58.884860509093912,-18.820393094373586],[-58.870367360233644,-18.79682893114963],[-58.881755674645831,-18.78023087998767],[-58.893141551378584,-18.763631681663664],[-58.904524993410021,-18.74703133815219],[-58.915906003717325,-18.73042985142725],[-58.927284585276659,-18.713827223462204],[-58.938660741063224,-18.697223456229839],[-58.950034474051257,-18.680618551702334],[-58.961405787214019,-18.664012511851258],[-58.961577701352745,-18.664036339178473],[-58.961739211910832,-18.664137315281707],[-58.9618154085125,-18.664298370369544],[-58.961551131466827,-18.664678767070697],[-58.961558167687315,-18.664832211119826],[-58.961686269241213,-18.664939845897706],[-58.961880876363828,-18.665042066821353],[-58.962125116116418,-18.665146147894788],[-58.96251956518217,-18.665224232170811],[-58.9627982047353,-18.665297967158715],[-58.962992813787018,-18.665400186147536],[-58.96318611586323,-18.665533995924225],[-58.96337681844647,-18.665730976922223],[-58.963401416108503,-18.665937538886293],[-58.963291226408032,-18.666090912085139],[-58.963070279802835,-18.66622498184319],[-58.962819835947499,-18.66627094715021],[-58.962621310229217,-18.666263491104033],[-58.962392311377172,-18.666191622777824],[-58.961854842280928,-18.665965800988541],[-58.961321513999913,-18.666040680246098],[-58.961098932466022,-18.666214233252184],[-58.960975285869857,-18.66639941054623],[-58.960789599849683,-18.666882806424038],[-58.960729520241195,-18.667133646306507],[-58.96073921318321,-18.667300102174092],[-58.960865684226881,-18.667447219837037],[-58.961057691928794,-18.667612613497749],[-58.961333060532873,-18.667765322447593],[-58.961595154003547,-18.667838445841596],[-58.962008768214609,-18.667853980138467],[-58.962486795059654,-18.667914247309547],[-58.962741851718661,-18.668064118680689],[-58.962916334320617,-18.668252578875684],[-58.963010376668485,-18.668382661061507],[-58.963085911895895,-18.668559494507779],[-58.963144258173294,-18.668751505803812],[-58.963196730452616,-18.669085667651256],[-58.963257024809423,-18.669230298094259],[-58.963434447307876,-18.669347685167729],[-58.963746505231832,-18.669414768804948],[-58.963960929634247,-18.669438634303869],[-58.964647532521859,-18.670065516123202],[-58.96489780544664,-18.670167346668894],[-58.965116040667652,-18.670180234998679],[-58.965302075135469,-18.670089315001192],[-58.965425209602977,-18.669939482214218],[-58.96543915851079,-18.669775768554963],[-58.965391041411422,-18.669637519814579],[-58.965329003842271,-18.669542287244155],[-58.965076652747875,-18.669232272254636],[-58.964950100312137,-18.669040077098764],[-58.96488615507689,-18.668877070272686],[-58.964915536215834,-18.668698338763967],[-58.96506996997914,-18.668563090631284],[-58.965691191911965,-18.668371553662766],[-58.965956292488578,-18.668398892442088],[-58.966206418236155,-18.66848585574434],[-58.966817195422216,-18.668807492713761],[-58.967068437710786,-18.66900598403306],[-58.967303140997011,-18.669107951400665],[-58.967600147349167,-18.669209364211628],[-58.9679125742948,-18.669295757455195],[-58.968458961943526,-18.669409762409654],[-58.968706858015025,-18.669273661954122],[-58.968876053076187,-18.66905648167797],[-58.968967429359594,-18.668847451242414],[-58.969012077190364,-18.668638831305014],[-58.968994275119364,-18.668415914693529],[-58.968945907559799,-18.66825276865303],[-58.968959394268353,-18.668044436622555],[-58.96905166481217,-18.667924625893665],[-58.969269672835459,-18.667915205180307],[-58.969394590705363,-18.667943816844272],[-58.969520391449244,-18.668061642596175],[-58.969600070794854,-18.668239381780353],[-58.969710736774161,-18.668401969931299],[-58.969851682344313,-18.668475042187012],[-58.969960715717043,-18.668474050219089],[-58.97010017096494,-18.668398428926388],[-58.970207714025342,-18.668248732564773],[-58.97020637349943,-18.668114896915458],[-58.970251623323207,-18.667965759406162],[-58.970375789164841,-18.667920013636497],[-58.970515980234161,-18.667918737638175],[-58.970672793448685,-18.668021420364674],[-58.970767595101663,-18.668154406139525],[-58.970768787376493,-18.668273365925625],[-58.970739425129025,-18.668452095904343],[-58.97075664350222,-18.668615534549833],[-58.970913260282757,-18.668698511024676],[-58.970975569909648,-18.668697943216475],[-58.971115465701104,-18.668666930565887],[-58.97130149293946,-18.668576007833874],[-58.971457264503712,-18.668574588842116],[-58.971629510101579,-18.668662251669939],[-58.972099945728466,-18.66897028031352],[-58.972320785898113,-18.669243394288589],[-58.972557721256898,-18.669568416301914],[-58.972825667706815,-18.669878285303636],[-58.973092858878047,-18.67011379801253],[-58.973374151418248,-18.670200465020336],[-58.973732427054848,-18.670197199606616],[-58.974011318223354,-18.670045941728759],[-58.974212329370616,-18.669895391459431],[-58.974335308886516,-18.669730674022396],[-58.9743802480344,-18.669551802934421],[-58.97428498629661,-18.669374215634523],[-58.974015757973604,-18.66919154472955],[-58.973936532620733,-18.669058419742957],[-58.973950471285448,-18.668894708062574],[-58.974027307458968,-18.66878989732097],[-58.97418307820228,-18.668788477204071],[-58.974436975362657,-18.668863773691147],[-58.974890725378629,-18.669060405362636],[-58.975624933168909,-18.669261907074649],[-58.975875661262563,-18.669408335964562],[-58.976172672724921,-18.669509732177588],[-58.976437035990806,-18.669462704101402],[-58.976606735397496,-18.669297560235247],[-58.976620146734419,-18.66908179738882],[-58.97655574309352,-18.668874176507799],[-58.97658555727547,-18.668740054518999],[-58.976771582041913,-18.668649125166237],[-58.977204893694157,-18.66836260336413],[-58.977280682545882,-18.668153710261937],[-58.9772009320357,-18.667968535376751],[-58.977074816948871,-18.667820963110159],[-58.976824838990012,-18.667748893079402],[-58.976419239737538,-18.667693112311849],[-58.976059476139326,-18.667547669874033],[-58.97596466917269,-18.667414688178063],[-58.97593157658374,-18.667221658207918],[-58.976037571916976,-18.66691842784461],[-58.976108977786375,-18.666831515962201],[-58.976356263465405,-18.666635925325018],[-58.976603923677551,-18.666477508693454],[-58.977052360746121,-18.666146234418434],[-58.977190906606694,-18.665981374571317],[-58.977251421083302,-18.665802358630682],[-58.977171439795029,-18.665594887520172],[-58.977044962551716,-18.665410141794606],[-58.976871970290304,-18.66524812636375],[-58.976698391525169,-18.665026640083152],[-58.976430895135053,-18.66476138716671],[-58.976286449257678,-18.664338856205106],[-58.976267432244711,-18.663996972734857],[-58.976295453455762,-18.663684404642673],[-58.976449576539565,-18.663519413989885],[-58.976727485887551,-18.663271490070361],[-58.977068373044197,-18.663089913244498],[-58.977486997423348,-18.662892757347116],[-58.977844799963911,-18.662844873245383],[-58.978405779922689,-18.662862054731733],[-58.978702030867694,-18.66288909540739],[-58.978921002167525,-18.662976315496671],[-58.979202273575915,-18.663062974902463],[-58.979640666985851,-18.663282046081875],[-58.980267988404321,-18.663700155653387],[-58.981129192452649,-18.664138433490962],[-58.981910939383496,-18.664421279346048],[-58.982597057022723,-18.664489355790174],[-58.982986467927248,-18.66448578704906],[-58.98337558887664,-18.664452474190281],[-58.983686464968805,-18.664385301466353],[-58.983913596058208,-18.664290673761464],[-58.984162221689751,-18.664228909608315],[-58.984395115697659,-18.664152420711229],[-58.984769107575119,-18.6641638600288],[-58.985222168275811,-18.664293551934723],[-58.985439941824325,-18.664261806005211],[-58.985610086052716,-18.664141274868129],[-58.985686536172011,-18.663999286922643],[-58.985669614786929,-18.663865593688826],[-58.985558776364769,-18.663688150755135],[-58.985510095174575,-18.663495265158595],[-58.985570298453666,-18.663286503687893],[-58.985708381062381,-18.663077036372062],[-58.985925045015804,-18.662936369842953],[-58.986006524784258,-18.662909604446309],[-58.986036180360308,-18.662760616365063],[-58.985971617656126,-18.662538130483963],[-58.986000964798649,-18.662359398493326],[-58.986046342195685,-18.662225135379806],[-58.986154777680902,-18.66216465599619],[-58.986264263053215,-18.662208266276455],[-58.986342891281758,-18.662281907174268],[-58.986453430624508,-18.662429607147423],[-58.986517393041382,-18.662592605550991],[-58.986567577788868,-18.662934200343805],[-58.986709115270756,-18.663066746909799],[-58.986864881301152,-18.663065316535317],[-58.987082050989429,-18.662974091496849],[-58.987190336708139,-18.662898733899617],[-58.987344588529943,-18.662748602687081],[-58.987436542111304,-18.662599040627988],[-58.987466044697378,-18.662435176356251],[-58.987402235445359,-18.662287046974424],[-58.987165049224828,-18.661939739294649],[-58.987101248924056,-18.661791609969228],[-58.987099443661002,-18.661613163159977],[-58.987160841093832,-18.661523369259744],[-58.987269575161797,-18.661492623877876],[-58.987426092136467,-18.66156554646113],[-58.987613454602169,-18.661608442312428],[-58.987768766302921,-18.661562399752203],[-58.987829871853862,-18.66144286126357],[-58.987812938462739,-18.661309178565677],[-58.987733407608744,-18.661146315188144],[-58.987716775563037,-18.661042368924637],[-58.987793459443182,-18.660922685890483],[-58.987871186182886,-18.660907102419884],[-58.987996099697348,-18.660935692304022],[-58.98823252395006,-18.661208652952343],[-58.988297086211738,-18.661431129239869],[-58.98836314398806,-18.661802323738037],[-58.988443137736283,-18.662009789443601],[-58.988538174056174,-18.662165069945853],[-58.988741419045716,-18.662237563945361],[-58.988975362140501,-18.662265159636789],[-58.989240163000126,-18.662262723997447],[-58.989457781358304,-18.662216106983117],[-58.989720917085023,-18.662050094306181],[-58.989954414997655,-18.662033077623001],[-58.990189336003432,-18.662157322843591],[-58.990441419680899,-18.662437566806215],[-58.990584014621291,-18.662674200559792],[-58.99071148229072,-18.662955589396553],[-58.990900063845785,-18.663117445438999],[-58.991133932264212,-18.663137600750808],[-58.991568409260623,-18.662970016474564],[-58.991799952020514,-18.662759675337607],[-58.991907468282356,-18.662609969856106],[-58.992092582967359,-18.662429803909763],[-58.992369861078956,-18.662122378956006],[-58.992679116332617,-18.66189645128636],[-58.992958439643047,-18.661789778165275],[-58.993362516452848,-18.661696821542598],[-58.993689311982337,-18.661664072849145],[-58.99398450279358,-18.66158698865706],[-58.994232589939088,-18.661473162116156],[-58.994434478006958,-18.66141181538605],[-58.994604450203376,-18.661276403233646],[-58.994712127483261,-18.661141563332173],[-58.99509322295124,-18.660320098538115],[-58.995231743086592,-18.660155238686812],[-58.995418210443795,-18.660108901279219],[-58.995589540947357,-18.660107320937328],[-58.995730479914954,-18.660180372525485],[-58.995872031196249,-18.660312913457581],[-58.995951947472435,-18.660512944709506],[-58.995969792554284,-18.660735857054451],[-58.995940458787373,-18.660914588927046],[-58.995801926999917,-18.661079460655387],[-58.995414791163803,-18.661306110430594],[-58.995120051665957,-18.661427799878542],[-58.995012226635602,-18.661547772265418],[-58.994966856641376,-18.661682036489061],[-58.994983493570018,-18.661785983966002],[-58.995077854282492,-18.661874342538912],[-58.995171614162103,-18.66190322464762],[-58.995342955820746,-18.661901642920959],[-58.995545145523224,-18.661870030664144],[-58.995716025485137,-18.661823837891056],[-58.996197004100914,-18.661633498367362],[-58.996258554858557,-18.661558566119581],[-58.99657022355813,-18.661570566821432],[-58.996710264920104,-18.661554395854377],[-58.996896269157617,-18.661463457265008],[-58.996941637774832,-18.661329191698957],[-58.996893547105252,-18.661195788448843],[-58.996689546231657,-18.66104894891151],[-58.996469512794214,-18.660857650968154],[-58.996483352490358,-18.66068650054418],[-58.996544894231221,-18.660611569768658],[-58.996716235676431,-18.660609986949776],[-58.996841142498027,-18.660638579586834],[-58.996997057340494,-18.660652010418858],[-58.997168092253837,-18.66062069248785],[-58.99740067155107,-18.660514435301408],[-58.997523773882421,-18.660364582706649],[-58.99764626105793,-18.66015525231434],[-58.997659570785729,-18.659932051344537],[-58.997889208676327,-18.659535821620572],[-58.9985551893161,-18.659157874481746],[-58.99901959302607,-18.658871020470979],[-58.99929775985521,-18.658652809537468],[-58.999436428218246,-18.658502811841693],[-58.99949691667841,-18.65832379116884],[-58.999479674413919,-18.658160367179569],[-58.999400588878984,-18.658042120277859],[-58.999259499243017,-18.657954195066861],[-58.998993799626938,-18.657867420187735],[-58.998493180905164,-18.657656411589425],[-58.998196787959522,-18.657614535362033],[-58.997835678881401,-18.657335312534968],[-58.997614437985327,-18.657025048222227],[-58.997564159494253,-18.656676027411496],[-58.997531792826329,-18.656557348093479],[-58.997544648656877,-18.656289545764437],[-58.997680142814083,-18.655827272017703],[-58.997850116380519,-18.655691855073453],[-58.998036491946863,-18.655638078751924],[-58.99831548907715,-18.655501653947155],[-58.998314883425991,-18.655442176253093],[-58.998250623927547,-18.655249439735506],[-58.998233834039134,-18.655130617806392],[-58.998294777201018,-18.654996207811003],[-58.998403193294308,-18.654935723354878],[-58.9988206363887,-18.654626994613743],[-58.998866001998202,-18.654492729751837],[-58.99855070691536,-18.654123850403813],[-58.998378019694812,-18.653991600735946],[-58.998033547522084,-18.65381632241964],[-58.997969505641763,-18.653645892108994],[-58.997983563173165,-18.653497045440314],[-58.998028936704479,-18.653362780823372],[-58.998152477114388,-18.653257539442787],[-58.998275268622919,-18.653077943448523],[-58.998274210282993,-18.652973853927712],[-58.998133117306224,-18.65288592654197],[-58.998008216308776,-18.65285733361716],[-58.997805888650582,-18.652874071597228],[-58.997649227482377,-18.652786296606742],[-58.997600611410682,-18.652600846563693],[-58.997599401827031,-18.652481879153008],[-58.997676067269119,-18.65236220333362],[-58.998080723607686,-18.652328719306428],[-58.998157849066615,-18.652253651598471],[-58.998156789106311,-18.652149553813601],[-58.998107493491695,-18.651897194320718],[-58.998121702628758,-18.651763218055365],[-58.99819837439469,-18.651643531267577],[-58.998306647178389,-18.651568178156097],[-58.998477516311887,-18.651521984580032],[-58.998711101743865,-18.651514987558389],[-58.9987670583902,-18.651496602212262],[-58.998968326709281,-18.65137577548612],[-58.999106458866379,-18.651173729135358],[-58.999069262903987,-18.650579204107668],[-58.999486607605263,-18.650263037441658],[-58.999500446676741,-18.650091886422519],[-58.999405787813174,-18.649973785107665],[-58.999296305481359,-18.649930181208422],[-58.999000380029834,-18.649932916844229],[-58.998812575415215,-18.649845421648696],[-58.998671190066368,-18.649727759718719],[-58.998653948561881,-18.649564325518323],[-58.998715193291154,-18.649459661541911],[-58.998839485722257,-18.649428765265434],[-58.998948966714167,-18.649472369395337],[-58.999182741118354,-18.649485077012702],[-58.999260017881838,-18.649424879398516],[-58.99925895807786,-18.649320789573149],[-58.999211023627062,-18.649202254531627],[-58.999100709435226,-18.649076867511564],[-58.998943899986344,-18.648974216270371],[-58.998770755733702,-18.648797355255926],[-58.998676096794085,-18.648679261630178],[-58.998659006379505,-18.648530695205512],[-58.998689256520109,-18.648441185385796],[-58.998782250986103,-18.648395711144424],[-58.998906694427774,-18.648379692698132],[-58.999234984830217,-18.648495634290203],[-58.999563868245126,-18.648671056668409],[-58.999704191443854,-18.64868462727101],[-58.999843769799227,-18.648623853080803],[-58.999967004128628,-18.648488868113514],[-59.000211890052604,-18.648062756442581],[-59.000287944175703,-18.647883593050111],[-59.000611531792487,-18.647538553445923],[-59.000749895576824,-18.647358812518622],[-59.000731288798569,-18.647061546905952],[-59.000683657075747,-18.64697275510807],[-59.000590210445495,-18.646973621038057],[-59.00046621246959,-18.647034261264405],[-59.000342828507343,-18.647154370598336],[-59.000172410215256,-18.647245176679135],[-58.999985513903759,-18.647246905259799],[-58.999828707400511,-18.647144253672483],[-58.999733216280433,-18.646944367284327],[-58.999668645688175,-18.646721890242645],[-58.999651252529361,-18.646543587827232],[-58.999696158823518,-18.646364709941039],[-58.999787640781086,-18.646170535032702],[-58.999941725086856,-18.646005516801004],[-59.000096565176037,-18.645914855338493],[-59.000283458242301,-18.645913128424766],[-59.000751612312904,-18.645998028776049],[-59.000937599806058,-18.645907076501725],[-59.000982617110161,-18.645738238004764],[-59.001015849466427,-18.645377306337895],[-59.000932985410181,-18.644887312200634],[-59.000869169865759,-18.644739178533698],[-59.000634496505114,-18.644637250608483],[-59.000448058828248,-18.644683589850157],[-59.000246494336231,-18.644774681753436],[-58.999997452649581,-18.644791852995649],[-58.999871338713739,-18.644644305423522],[-58.99988472295361,-18.644428544348123],[-58.999976202180648,-18.644234358158318],[-59.00008356190159,-18.644069782363196],[-59.000299491560433,-18.643859578773206],[-59.000530532923094,-18.643604627143176],[-59.000730050646595,-18.643312782409541],[-59.000759389575578,-18.643134049600995],[-59.000679848333633,-18.642971199574109],[-59.000132927785316,-18.642797795059099],[-58.999898103481037,-18.64268098907127],[-58.999771990104485,-18.642533439370993],[-58.999751611694862,-18.642281129038544],[-58.999781253328287,-18.642132140331942],[-59.000027871324441,-18.641877037200608],[-59.000182860845648,-18.641801251570918],[-59.000369144850147,-18.641740037235643],[-59.000477562358107,-18.641679549523904],[-59.000569944896341,-18.641574596815765],[-59.000629371170817,-18.641291485008708],[-59.00069116856983,-18.641241459696559],[-59.000846880657228,-18.64126471116975],[-59.001205704856233,-18.641429796278693],[-59.001848695217447,-18.641404014834087],[-59.001945023707599,-18.641403539299272],[-59.002137677882438,-18.64140258621854],[-59.002330923594045,-18.64150503328705],[-59.002476871207413,-18.641757065178581],[-59.002682358921994,-18.641893911480082],[-59.002827639570413,-18.642031062485483],[-59.003225126256439,-18.64205207223684],[-59.003705433982653,-18.641819923485766],[-59.003755589544852,-18.642164338489305],[-59.003722908012364,-18.642761910672352],[-59.003737001641383,-18.643117991035769],[-59.004111261719956,-18.643288468871862],[-59.004544677040464,-18.643274830309757],[-59.005073551676993,-18.643111371459934],[-59.00507115995579,-18.642697794654687],[-59.005310789529389,-18.642489813229268],[-59.005550818598635,-18.642350762687784],[-59.00566883454816,-18.641936584079225],[-59.005545711998344,-18.641466159434646],[-59.005616754934586,-18.641259008186239],[-59.005905407372524,-18.641200132401536],[-59.006278678973793,-18.641198287939975],[-59.006325712521615,-18.641002742835703],[-59.006251744944116,-18.64070441290977],[-59.006046252440122,-18.640567558994718],[-59.005996957825012,-18.64037250214707],[-59.006068281470128,-18.640211308448688],[-59.006272179371884,-18.640072430105029],[-59.006295457361368,-18.639934451200642],[-59.006390392473847,-18.639692717858033],[-59.006582784810938,-18.639645812410954],[-59.007027957017065,-18.63958616100928],[-59.007219144511708,-18.639332457284404],[-59.007349733924933,-18.639010128415482],[-59.007481253517746,-18.638848635820167],[-59.007662129331187,-18.638893694299181],[-59.008204027580383,-18.638902494469711],[-59.008263895618022,-18.638844747537153],[-59.008310662208281,-18.638603255020673],[-59.008429403338191,-18.638315456343882],[-59.008573891847888,-18.638314737573577],[-59.008778919088492,-18.638371161537322],[-59.009224218034561,-18.638334479177765],[-59.009452190895317,-18.638195481871023],[-59.009824450966534,-18.638021298977502],[-59.010292844606411,-18.637812175996615],[-59.010532188294931,-18.637558231039371],[-59.01086820796133,-18.637232023299269],[-59.011029522931665,-18.637145389084981],[-59.011311691952812,-18.637014382209927],[-59.01192462789755,-18.636816027330937],[-59.012658226582658,-18.636663014337095],[-59.013149344347312,-18.636223998476002],[-59.013872176192272,-18.636289319754432],[-59.014307035971065,-18.636528402800231],[-59.015126052796795,-18.636570269069271],[-59.015837842093433,-18.636807969652217],[-59.016441546914081,-18.637092156590015],[-59.01707976021779,-18.637100448046159],[-59.018366205291812,-18.636772314625645],[-59.019196595802207,-18.636699217378894],[-59.019581355129617,-18.636605370690443],[-59.020471271572482,-18.636417086793703],[-59.020989504830027,-18.636810795313696],[-59.021221073074244,-18.636976246704428],[-59.021005422762158,-18.637161147372531],[-59.02093533413916,-18.637529139922652],[-59.021116068921323,-18.637551202966399],[-59.021558383036087,-18.637609871346264],[-59.021551012618445,-18.637801760154289],[-59.021275692128768,-18.638078877204585],[-59.021253369340087,-18.638377688082052],[-59.021867902190387,-18.638455018665315],[-59.022617187105908,-18.638922267955145],[-59.022933268707419,-18.639437661694565],[-59.023682692918108,-18.639927887821095],[-59.023928165015789,-18.640719357541897],[-59.024425482150924,-18.641337229493445],[-59.024780333874389,-18.642300471858078],[-59.02543804686325,-18.64357237229699],[-59.027447607091709,-18.645388865751407],[-59.027560179432925,-18.646100582294359],[-59.027782080215651,-18.646972583671054],[-59.028223433587094,-18.648303017980805],[-59.028602949558362,-18.64935802559674],[-59.028620625683644,-18.650311488347089],[-59.028746475722748,-18.651229926227145],[-59.029510255845089,-18.652099169414797],[-59.029969998093271,-18.6524644633379],[-59.030134773195734,-18.653853733546299],[-59.030288933798765,-18.655484310861429],[-59.030621621953124,-18.656757844883924],[-59.031622589077791,-18.657005490033836],[-59.032070035596639,-18.657324878052524],[-59.033142104150926,-18.657376851090572],[-59.034688796255814,-18.656243070210554],[-59.035419090090912,-18.655527048753761],[-59.035581456170242,-18.654480765223109],[-59.035852662113165,-18.653514352848521],[-59.037079047314322,-18.653197873137369],[-59.038137665448275,-18.65302011982326],[-59.039399061569327,-18.652519637409537],[-59.040600039154356,-18.651984996851301],[-59.042283495703451,-18.651585716728302],[-59.043568398599369,-18.650993183330762],[-59.044407080379294,-18.650288058570304],[-59.045018627702206,-18.649859827272852],[-59.045303685507477,-18.649203515735831],[-59.045033946016112,-18.648400716137036],[-59.044739853260012,-18.647552094575389],[-59.04558114368055,-18.647283513171352],[-59.046266508052568,-18.64711913399681],[-59.046974093100097,-18.646644443842685],[-59.047888715865604,-18.646559294676564],[-59.049117447925347,-18.646644825805954],[-59.050213172264712,-18.64663913560101],[-59.050947463349068,-18.646600859726544],[-59.051803687450743,-18.646814689568568],[-59.052621635073706,-18.646672567444618],[-59.053573839759736,-18.646828445906944],[-59.054279584815831,-18.648042534866001],[-59.05473018621948,-18.648878828944323],[-59.05514356270276,-18.649531512170629],[-59.05483222880941,-18.649820341531072],[-59.054835300420045,-18.650325817437185],[-59.054776898572136,-18.6506248161229],[-59.055068602401676,-18.651071344235785],[-59.056278173374054,-18.651961109375129],[-59.057441047171643,-18.653092374136207],[-59.057952516406523,-18.65403172984923],[-59.058291282281594,-18.654294190267787],[-59.059464549936742,-18.655149659269568],[-59.059757535114706,-18.655802957975705],[-59.060135863036948,-18.656628128182373],[-59.060943068348863,-18.656692819948169],[-59.061713168888566,-18.656596866486822],[-59.062340380757142,-18.656765890067554],[-59.063110128257456,-18.656612482882039],[-59.063809866722309,-18.656827074417947],[-59.064631935794139,-18.65735120608986],[-59.065872780887126,-18.657436559425829],[-59.066579842699198,-18.656881384836165],[-59.066512656360814,-18.655744405004715],[-59.065720242734905,-18.654163200828592],[-59.065508430570908,-18.653004008283862],[-59.065995638170236,-18.651944513712063],[-59.067712935647371,-18.651188696989706],[-59.069614871204578,-18.651086721578203],[-59.071783534178856,-18.651282001665322],[-59.073677038707679,-18.65176593802023],[-59.074921532282602,-18.652448599125385],[-59.076120152889288,-18.653499129894083],[-59.077485078735236,-18.654181132244947],[-59.078376631394853,-18.654256787562851],[-59.07893230744962,-18.654541015506705],[-59.079897615726395,-18.654857515783256],[-59.080587181636638,-18.655370794966966],[-59.080694302586799,-18.657104937106546],[-59.080653713800515,-18.658322895659477],[-59.081213056697308,-18.659193004689197],[-59.081434591172496,-18.659961519983813],[-59.082065341562384,-18.66069337307686],[-59.082602553051267,-18.661873772686835],[-59.082680386397804,-18.662769431230611],[-59.083851096170662,-18.663188188130079],[-59.084853157275951,-18.663596371279137],[-59.085974556334172,-18.663831580722523],[-59.087044703730129,-18.663573065546768],[-59.087895857585274,-18.662959597412243],[-59.088192503312897,-18.662257217823182],[-59.088443363098271,-18.661934188755495],[-59.088923086991166,-18.661621419340783],[-59.089017550956946,-18.661322217661692],[-59.089400651561263,-18.660964011978376],[-59.089952402595095,-18.660616388680143],[-59.090251205261346,-18.660258632240723],[-59.0903812817686,-18.659878821703664],[-59.09082205458634,-18.659118218001066],[-59.091457372141768,-18.658655255583071],[-59.091719971552259,-18.658286214581661],[-59.091703890939421,-18.657642962745687],[-59.091833308581442,-18.657159758644077],[-59.091840154136051,-18.656332577209874],[-59.092353082059574,-18.655560092988214],[-59.093301304433062,-18.655072447836034],[-59.093791308090282,-18.654483897262086],[-59.094441172034728,-18.654422928414878],[-59.095055343128536,-18.654431073836275],[-59.095353830702294,-18.654027374066022],[-59.095255906323018,-18.653775166559775],[-59.095084364093353,-18.653305089396977],[-59.095179316516862,-18.653086297061439],[-59.095755549032638,-18.652807453388498],[-59.096609156344464,-18.652596012893966],[-59.096981120397551,-18.652387208861931],[-59.097193584133223,-18.651708254062889],[-59.097357876841109,-18.651029563597653],[-59.097858806425492,-18.65026862086161],[-59.09779504450443,-18.649706053939582],[-59.097755586999789,-18.649177815585293],[-59.098209355906491,-18.648577957359272],[-59.098723330603612,-18.647977782884091],[-59.099308890284888,-18.647273810186419],[-59.099907944925086,-18.646799535530704],[-59.100569152668506,-18.646635091085262],[-59.101278891966757,-18.646527816913853],[-59.101698781569404,-18.646284277675392],[-59.102287453570405,-18.646074272806956],[-59.102973835287386,-18.646082004490797],[-59.103682326944821,-18.645779429465918],[-59.104003559560091,-18.645168804988732],[-59.104482986832529,-18.644821539663067],[-59.105167024845336,-18.644461656737924],[-59.105586314722224,-18.644126208277896],[-59.106161990987353,-18.643766916941214],[-59.106773702024917,-18.643395943038485],[-59.107664829552867,-18.64341401584327],[-59.10837169589788,-18.642858703214856],[-59.109105561529077,-18.642762765281088],[-59.109622699071991,-18.642668016950918],[-59.110588269522246,-18.643030305882402],[-59.111528505438507,-18.643197441673731],[-59.112548472849817,-18.642651871282034],[-59.113316758640821,-18.642291503709092],[-59.113835002827308,-18.642369055550393],[-59.114607187946177,-18.642617515399884],[-59.11529104842073,-18.642234627159031],[-59.116001858847966,-18.642299619670943],[-59.117190509305672,-18.641776069638915],[-59.117969941841345,-18.641277762958204],[-59.118884911271081,-18.641261193782114],[-59.119479459526325,-18.641970143370123],[-59.120167664013778,-18.642264998652372],[-59.120767445070946,-18.641917027434292],[-59.121632038362385,-18.641556081514125],[-59.122523888700144,-18.641688966251397],[-59.123305457113162,-18.641523779777096],[-59.124123058994115,-18.641346895621265],[-59.124927437490008,-18.640986277353818],[-59.125657482247099,-18.640304403342444],[-59.126560327307402,-18.640276379341017],[-59.127260059861023,-18.64049073132685],[-59.128197984328082,-18.640301675715421],[-59.128705001616161,-18.640505616516833],[-59.129317546185533,-18.640272418585464],[-59.130051752222478,-18.640233837660773],[-59.1307996467661,-18.640447906294895],[-59.131765822616266,-18.640901982526891],[-59.132478129501663,-18.64119665941395],[-59.133236268273684,-18.641134953133964],[-59.134658849882449,-18.641414129715457],[-59.135289130940464,-18.642053898420595],[-59.135800739070532,-18.642958551192109],[-59.136345351403044,-18.643213728820481],[-59.136092774687413,-18.643427905724085],[-59.136587469174003,-18.643585934494038],[-59.137532414753146,-18.643538792902277],[-59.137661439341748,-18.643947474643703],[-59.137975606495282,-18.644118014958458],[-59.138373460675716,-18.644196182673863],[-59.139093980287342,-18.643904904134349],[-59.13989066421766,-18.644210562779506],[-59.140604418550161,-18.644723456810201],[-59.141476964227664,-18.645580095968754],[-59.142501972086514,-18.645815520070393],[-59.143177125071425,-18.645949533796102],[-59.143805558837862,-18.646302072656965],[-59.14449109213998,-18.646183300179604],[-59.144876450981464,-18.6461925823954],[-59.145383957788503,-18.646465399515506],[-59.145925923327532,-18.646485290332674],[-59.146417598595313,-18.64618380449831],[-59.147165455330445,-18.646386311515339],[-59.148130794406143,-18.646702453119453],[-59.148913104528511,-18.64665202933066],[-59.149501395800563,-18.646395936147986],[-59.150376304469276,-18.645782082913705],[-59.150600728562004,-18.645125995664639],[-59.15063403170155,-18.644700754934188],[-59.151234355832308,-18.644444582061777],[-59.151676638369672,-18.643959562629959],[-59.15216914391258,-18.643784420363755],[-59.152459851635108,-18.644046977475533],[-59.152884449521544,-18.64452701933763],[-59.153652572253897,-18.644155004355689],[-59.154226367491191,-18.643531371172109],[-59.154198474251992,-18.642957149318921],[-59.15452179350978,-18.642691071806734],[-59.155054302946048,-18.643101570743791],[-59.15531787928866,-18.642904763273194],[-59.155436134776195,-18.642582424791346],[-59.155712745809744,-18.642534883115403],[-59.156111290308388,-18.642716392198547],[-59.15671113964391,-18.642391286852529],[-59.156940965522431,-18.642550789670853],[-59.156873320480244,-18.643240444348219],[-59.15725029762423,-18.643801170790667],[-59.158048229854742,-18.644290543665068],[-59.158774842108947,-18.644918168661739],[-59.159536116130546,-18.645327339404894],[-59.160176233390175,-18.645622315687945],[-59.160477847095827,-18.645712474822417],[-59.160502924061468,-18.645861672611201],[-59.160662058178836,-18.646251334048461],[-59.161073115150138,-18.646501683494158],[-59.161615599376745,-18.646601935302257],[-59.161858327499502,-18.64688772611629],[-59.162377127070378,-18.647045543676299],[-59.162895464835962,-18.647134447315867],[-59.163486356308596,-18.647268877204684],[-59.163892025477267,-18.646715116293155],[-59.164275541302153,-18.646448675516947],[-59.164970470295508,-18.645939188021291],[-59.16537666876247,-18.645465833555615],[-59.165734783710199,-18.645004247004323],[-59.166286235809729,-18.644644928524471],[-59.166910226556283,-18.644331129241831],[-59.167631458472066,-18.644154625778242],[-59.168169165483171,-18.64354265033132],[-59.168552888794956,-18.643310666343385],[-59.168937241409317,-18.643170577408974],[-59.169306758698873,-18.642617020009418],[-59.169578646150391,-18.641868739208693],[-59.170594669426372,-18.64077148660223],[-59.171227432827514,-18.639975154899179],[-59.17158683227948,-18.639708837885227],[-59.172441177253539,-18.639634931087208],[-59.173142025325042,-18.640009922294908],[-59.173987432576617,-18.640395562651424],[-59.17456595694992,-18.640484076109953],[-59.175311390683873,-18.640330372136049],[-59.176106473527128,-18.640394641571671],[-59.176529179749082,-18.640587450291168],[-59.176901625863131,-18.640470397831429],[-59.177466469745106,-18.640317739516647],[-59.178202748421164,-18.640589126212344],[-59.178563465638867,-18.640518081611106],[-59.178925982303198,-18.640711237183449],[-59.17934705678497,-18.640662811551852],[-59.180000467522753,-18.641141446466232],[-59.180483065259544,-18.641287949662566],[-59.180903668001875,-18.641170596187347],[-59.181468590222899,-18.641029426367435],[-59.181953373575439,-18.641497562170532],[-59.182389219884442,-18.641851101065665],[-59.182834683740829,-18.641848473079406],[-59.183363564112589,-18.641718992817875],[-59.184015818190169,-18.642025311189062],[-59.184355281598499,-18.64236793296687],[-59.185137463069047,-18.642305872618362],[-59.18569371433469,-18.642658694902273],[-59.186167887203226,-18.643333661658275],[-59.18662073393017,-18.644410803740737],[-59.18753968373062,-18.644979738966253],[-59.188058329528481,-18.645114515283915],[-59.188277563947011,-18.645480821095102],[-59.18869990124913,-18.645616165761584],[-59.188894663916358,-18.645925172488216],[-59.188944939652394,-18.64623504031773],[-59.189080056568436,-18.6466248083713],[-59.189456521433776,-18.647093561155089],[-59.189591712497432,-18.647494821165818],[-59.189560865639656,-18.648264673463636],[-59.189505781494326,-18.649011682584948],[-59.189668442819894,-18.649906746285271],[-59.189974018738944,-18.650571206637874],[-59.190665424407051,-18.651313777801985],[-59.19143121582168,-18.65236607061923],[-59.19162851792904,-18.653042658967781],[-59.192125637260872,-18.653545155616424],[-59.192777238939193,-18.653748047869286],[-59.193165452307902,-18.654170768628038],[-59.194095174474811,-18.654544310623063],[-59.194556187730122,-18.65504701757531],[-59.19514854438264,-18.655388105334396],[-59.1957132575372,-18.655212418336383],[-59.196495811472808,-18.65519625633328],[-59.196841808228228,-18.654734689868757],[-59.19794571824081,-18.654176686708105],[-59.198956151865644,-18.654032793414022],[-59.199733092027891,-18.654947128955531],[-59.200221060610673,-18.655863196740807],[-59.200883689308448,-18.655916658700111],[-59.201448950198554,-18.655821369201323],[-59.201669980391024,-18.656440359545726],[-59.202104233870593,-18.65655262821911],[-59.202536888305175,-18.656435152666891],[-59.202933268312499,-18.656294916425434],[-59.203352611066855,-18.655993726724777],[-59.203642061516348,-18.656060910437056],[-59.204051437845088,-18.656058447741941],[-59.204459379366824,-18.655849214431349],[-59.204783588517081,-18.6557209054521],[-59.205110193699539,-18.655937205515912],[-59.205942343817618,-18.656127475010749],[-59.206579444021237,-18.655974295291436],[-59.206879334428841,-18.655811658972532],[-59.207168706529082,-18.655867347089661],[-59.207686439583917,-18.655864224640347],[-59.208115254686192,-18.65519537549698],[-59.208458981991377,-18.654412150929733],[-59.209189916213319,-18.653902290675191],[-59.21028421892629,-18.653700390324097],[-59.211124470402254,-18.653327706103898],[-59.211694767348725,-18.652232961571343],[-59.212148606549512,-18.651701790138027],[-59.212398557236078,-18.651286737295706],[-59.212682938621441,-18.650630235703698],[-59.213219192640864,-18.649834355899127],[-59.214096341475937,-18.649576316535668],[-59.214939378054524,-18.649605660334963],[-59.215592427016617,-18.650015242439988],[-59.216267542970357,-18.650137496464662],[-59.21679633828473,-18.649996432433912],[-59.217215076080542,-18.649614802268484],[-59.217707175671201,-18.649393545615489],[-59.218221257655301,-18.648873490533372],[-59.218458508774241,-18.648366605735497],[-59.218889442115334,-18.648007870599418],[-59.219467106975458,-18.647969893538534],[-59.219947321662509,-18.647771682491765],[-59.220039678909622,-18.647208237333253],[-59.219975362415056,-18.646622781542028],[-59.220284518535955,-18.646069506574218],[-59.220739120527185,-18.645653186555851],[-59.221179892940341,-18.644984241422961],[-59.221113552801363,-18.644111603495624],[-59.220833332885199,-18.643642342252338],[-59.220538653348164,-18.642828537276035],[-59.220882385581604,-18.642056795981802],[-59.221862898847121,-18.641097360412672],[-59.223386457075662,-18.640318407839917],[-59.224370025951337,-18.639795473098363],[-59.225153703994962,-18.639951498239331],[-59.22554041546492,-18.640155896192145],[-59.225720114599966,-18.640028441065244],[-59.226139130128288,-18.639692745727384],[-59.22642896303433,-18.639817329952635],[-59.226851626061801,-18.639998530609788],[-59.227394033696619,-18.640087109295337],[-59.227970048825021,-18.639819366508981],[-59.228388493434373,-18.639403255618888],[-59.22865318099975,-18.63937865234028],[-59.228896083727911,-18.639675836929829],[-59.229391475305093,-18.63992551327086],[-59.229595648332108,-18.639855335804008],[-59.230221029529609,-18.639759586351904],[-59.230753847454942,-18.640192835391279],[-59.230985928557537,-18.640662373900867],[-59.231575439329049,-18.640601317881181],[-59.231705662981156,-18.640290358324318],[-59.232184052732798,-18.639839407849323],[-59.232687738337745,-18.639560610747804],[-59.23329919950914,-18.639200744304325],[-59.233936536116083,-18.639093432726916],[-59.234489346559748,-18.638952171518408],[-59.234703926662952,-18.638652183742831],[-59.234437599306951,-18.638447056486733],[-59.234062672797286,-18.638208135996337],[-59.233856131269214,-18.637945203023598],[-59.233685060167666,-18.637590155404386],[-59.233394903819573,-18.637419638104546],[-59.233271580800775,-18.637006859079541],[-59.233280683733987,-18.636593259904554],[-59.233181515792054,-18.636191817466425],[-59.233023059480786,-18.63591709642645],[-59.232959352596382,-18.635423544464754],[-59.233124149557625,-18.634894116888226],[-59.233373536639895,-18.634410117954854],[-59.233621613383391,-18.633742330007859],[-59.233905244902395,-18.632993915988301],[-59.234575326331061,-18.632415417880935],[-59.234971288005873,-18.632229179138896],[-59.235258990066185,-18.632055096904853],[-59.235642670507282,-18.631834476019748],[-59.236353753853379,-18.631944956229514],[-59.236834145847176,-18.631781171716554],[-59.237387671505196,-18.631743287555846],[-59.237869619210947,-18.631797739747668],[-59.238556549643839,-18.631896875232549],[-59.238953330670363,-18.631825503594097],[-59.239361155994381,-18.631616202132946],[-59.239961445558997,-18.631382746778339],[-59.240466156769337,-18.631253257719049],[-59.241188699284315,-18.631283244886195],[-59.241814784689865,-18.631290846777219],[-59.242211722758071,-18.631242430014542],[-59.242905588308616,-18.630629309983696],[-59.243311603570433,-18.63016730128529],[-59.24364547238288,-18.629717229993851],[-59.244137314833118,-18.62947293983197],[-59.244533341752266,-18.6292981737334],[-59.244758123951421,-18.628745385754019],[-59.24522621394231,-18.628547193122998],[-59.245516449161187,-18.628729179059274],[-59.246059979963213,-18.628978513868699],[-59.246373212787617,-18.629011029646314],[-59.246745408812821,-18.628870865180236],[-59.246998464581694,-18.628903748658324],[-59.247602680370392,-18.629221618963943],[-59.248120730317773,-18.629275827444683],[-59.248565068562186,-18.629123721712741],[-59.248830159137633,-18.629156533665011],[-59.249649743417194,-18.629289260879386],[-59.250542557788947,-18.629559371301248],[-59.251250229349516,-18.629762171960802],[-59.251252118688328,-18.629762713004901],[-59.251526573424783,-18.629646760215749],[-59.251655596483943,-18.629751182828002],[-59.251872097579039,-18.629851706005152],[-59.251974038844594,-18.629960165703178],[-59.25214803236765,-18.630081556756299],[-59.252223441074122,-18.630381985075587],[-59.252255552128496,-18.630669188904747],[-59.252259056849887,-18.630970387339119],[-59.252262562689403,-18.631271579384926],[-59.252238261802688,-18.631655222884117],[-59.252328692514141,-18.632010267498341],[-59.252446927359166,-18.63228286494412],[-59.252592171140975,-18.63240455851604],[-59.25280787850626,-18.632402276997084],[-59.252980448634688,-18.632400449361807],[-59.253253521446432,-18.632383865982945],[-59.253512377523442,-18.632381125311614],[-59.253741987346153,-18.632337622443465],[-59.254028328495167,-18.632225054694111],[-59.254257627923757,-18.632154159511678],[-59.254430987885627,-18.632220789091136],[-59.254951564872478,-18.632461737619199],[-59.255197317762331,-18.632568673035262],[-59.2555117763916,-18.632401028723432],[-59.255798915050228,-18.632356905361018],[-59.255913645272166,-18.632328311876293],[-59.256043061828336,-18.632326940601033],[-59.256257660185355,-18.632228812506053],[-59.256370311240758,-18.632022235851505],[-59.256511725508169,-18.631815355712174],[-59.256698028447481,-18.631758605083448],[-59.257000026457099,-18.631755403592109],[-59.257158687416663,-18.631794800285121],[-59.257400619616185,-18.631807878868052],[-59.257846941791229,-18.631745860311351],[-59.258042528209124,-18.631554084488055],[-59.258175565395732,-18.631428012865221],[-59.258251946890638,-18.631247971533593],[-59.258363484554472,-18.631043474565267],[-59.258840574975316,-18.630489873412689],[-59.258922381313091,-18.630105621210827],[-59.259003389775174,-18.629652916570905],[-59.259029275697216,-18.629406180961713],[-59.259127059372936,-18.629158678918952],[-59.259182345536949,-18.628966396222697],[-59.259482090056188,-18.628771526643991],[-59.259811885541964,-18.628685864829471],[-59.260241693032533,-18.62854437753435],[-59.26061430043675,-18.628430880362689],[-59.261057207263882,-18.628179716173147],[-59.26125549501721,-18.627917454584342],[-59.261276995760795,-18.627158460961912],[-59.261289032220276,-18.627158639350849],[-59.261695281377513,-18.625813147351696],[-59.262188454311925,-18.625064576364831],[-59.262362661910572,-18.624700661501592],[-59.262636183945474,-18.624143512195186],[-59.263335151625625,-18.623317851266833],[-59.263918287524938,-18.622971528773149],[-59.26404041080113,-18.622858823192527],[-59.264382179286663,-18.622554684702042],[-59.26484497763991,-18.622206552538067],[-59.265445706203941,-18.621505412264405],[-59.26575279666784,-18.621109128231268],[-59.266156687315188,-18.620679918510241],[-59.266412955563034,-18.620454686733371],[-59.266547648714607,-18.620307798101173],[-59.266852940601581,-18.620026024024501],[-59.267121244114762,-18.619800969372598],[-59.267196487783579,-18.619607380053175],[-59.267274057518826,-18.619264916369879],[-59.267301713117256,-18.619036241141369],[-59.267592998091899,-18.618880256004385],[-59.267849440945064,-18.618643564166263],[-59.267971915266067,-18.618507952575861],[-59.268119175316173,-18.61832689019095],[-59.2685085131235,-18.618057830440566],[-59.268885094573079,-18.617834390413993],[-59.269056601169446,-18.617642246873082],[-59.269145303735634,-18.617357217332501],[-59.269209406705698,-18.617106183433851],[-59.269272257367177,-18.616935317587934],[-59.2692986438011,-18.616786812228543],[-59.269384841809199,-18.616662103279861],[-59.269482719341958,-18.616560485585161],[-59.269617573331978,-18.616402148940043],[-59.269693891376818,-18.61613984459964],[-59.269831775620133,-18.615685431798493],[-59.269856731449451,-18.615447208525989],[-59.269863497396813,-18.615235617664187],[-59.269880342329017,-18.615094424375211],[-59.269980131656666,-18.614925909851902],[-59.270107450692251,-18.614739473229772],[-59.2702124711453,-18.61453257572467],[-59.270397963738745,-18.614269269161017],[-59.270514586074704,-18.613959561503197],[-59.270438321959872,-18.613766483978104],[-59.270361533375592,-18.613529344953065],[-59.270303758899978,-18.613336072041356],[-59.270318015488513,-18.612974570191746],[-59.270278437474921,-18.612754662080654],[-59.270231243057417,-18.612562730934638],[-59.270272175188865,-18.612254084369987],[-59.270384944250168,-18.611969418890091],[-59.270472752291965,-18.611741645409811],[-59.270597188947605,-18.611480065349266],[-59.270903359108296,-18.611141030448852],[-59.271172355886137,-18.610870163938486],[-59.27131888417032,-18.610734909596346],[-59.271620040661361,-18.610716512001169],[-59.272028762301865,-18.6107455491011],[-59.272304601072371,-18.610806953590238],[-59.272564141001574,-18.610770966009063],[-59.272831856092203,-18.610724068810047],[-59.273090733151179,-18.61071249383599],[-59.273331116079859,-18.610701125753263],[-59.273709930959768,-18.610661850272766],[-59.273950314011351,-18.610650472425064],[-59.274107555566601,-18.610648790894409],[-59.274246093018348,-18.61062969174629],[-59.275241165423701,-18.611077071342145],[-59.275298320741342,-18.611217382921559],[-59.275301531751822,-18.611490392372865],[-59.275284682012973,-18.61163149289666],[-59.275277297088628,-18.611790113299612],[-59.275077645300208,-18.612118140763119],[-59.274988156408909,-18.612374529916934],[-59.274936488499563,-18.612700966000972],[-59.275036231847452,-18.613316454898065],[-59.275290734642198,-18.613718890909244],[-59.27592602877818,-18.61424938140123],[-59.276360499553796,-18.614647558677262],[-59.277481964228969,-18.615681025398342],[-59.27762969808434,-18.615890347660276],[-59.27777028825043,-18.616079970997674],[-59.277968628159634,-18.616473277964211],[-59.278025433196554,-18.616597894839529],[-59.278124447153523,-18.616781361621364],[-59.278343738026173,-18.617192220475797],[-59.278573943000289,-18.617354524414331],[-59.278949722569259,-18.617541626212748],[-59.279189205132354,-18.617702286522771],[-59.279431270968175,-18.617898942241769],[-59.279773705906905,-18.618191856772466],[-59.279893463336549,-18.618375102367864],[-59.279910179022828,-18.618618781425599],[-59.279939160247011,-18.618730506239707],[-59.279967841168798,-18.618815880037968],[-59.280088464731691,-18.619071614457816],[-59.280354500166972,-18.619338979598432],[-59.280593260769194,-18.619639583516896],[-59.280689937426615,-18.619799306391538],[-59.280796410771771,-18.620028828576732],[-59.280820513116637,-18.62031196515785],[-59.280810093697589,-18.620602061371546],[-59.280833488381141,-18.62082589318047],[-59.280828756583062,-18.621010481884245],[-59.280833190067838,-18.621386096753145],[-59.280850129802076,-18.621649544003734],[-59.280866603840373,-18.621873438617705],[-59.280890388040682,-18.622130221649876],[-59.280930188898154,-18.622571362146722],[-59.281055366759723,-18.623212548846713],[-59.281240527197554,-18.623540163707286],[-59.28142765489072,-18.623689675101318],[-59.28170066570086,-18.623960201937539],[-59.281877408915946,-18.624281244384282],[-59.281950706623938,-18.624629756546614],[-59.281954985888703,-18.624992195253668],[-59.281932218239774,-18.625407647400834],[-59.281921654225584,-18.6256845658706],[-59.281832819423826,-18.625777789531845],[-59.281780978145996,-18.626074917886111],[-59.281963475979097,-18.626297041825691],[-59.28210182406746,-18.626295555876659],[-59.282385198879986,-18.626272736081617],[-59.282766755625744,-18.626360908368955],[-59.282988089682405,-18.626589202389376],[-59.283239918731233,-18.626823759181761],[-59.283487274947184,-18.626883924490933],[-59.283656095094024,-18.626863535264974],[-59.283942838747564,-18.626592125262942],[-59.283926669212498,-18.626394582695585],[-59.283986043241512,-18.626150096427899],[-59.284150191920943,-18.625990161092606],[-59.284413922926582,-18.626061135673762],[-59.284575592893788,-18.626276881998912],[-59.284702760204802,-18.62649959797151],[-59.284882067492013,-18.626451534854574],[-59.285053750972423,-18.626344243146431],[-59.285100147786814,-18.626172385888662],[-59.285182607548137,-18.626125365877144],[-59.285307201110015,-18.626130623568397],[-59.285481692341435,-18.626260550265801],[-59.285661935125511,-18.626291569665746],[-59.285923076807123,-18.626143768724564],[-59.285969315093411,-18.625958735211256],[-59.285950025512697,-18.625497600142534],[-59.28598250266905,-18.625319312181624],[-59.286084864338036,-18.625199578485855],[-59.286201292356019,-18.625099466352978],[-59.28653207131314,-18.624990461300069],[-59.286863865457136,-18.624967115679343],[-59.287098981081506,-18.624957996493844],[-59.287272487867966,-18.624947327934471],[-59.287566153992273,-18.624972746000537],[-59.287732485331567,-18.624997312699602],[-59.288028764946965,-18.625073131551868],[-59.288219516324077,-18.625190515398955],[-59.288428351592451,-18.625339126435403],[-59.288497992680632,-18.625377910705947],[-59.288657793669934,-18.62543551208811],[-59.288934175807917,-18.625406168439799],[-59.289317018194957,-18.625019794157186],[-59.28947307056314,-18.624761084635214],[-59.289649404121569,-18.624462604241746],[-59.289833985693271,-18.624276088655019],[-59.290396973335127,-18.623914127277001],[-59.290478349144863,-18.623774847883837],[-59.290525753627954,-18.623688659009741],[-59.290604563396535,-18.623623883933419],[-59.290735988346754,-18.623622466504216],[-59.290902907610835,-18.623672696349239],[-59.291252874711631,-18.62403867994243],[-59.29137550370119,-18.623879188786777],[-59.291216998781344,-18.623597190221389],[-59.291042581657038,-18.623223724125012],[-59.291105555815548,-18.623022830180169],[-59.29112355400445,-18.623051502724142],[-59.291283275069084,-18.623102503770202],[-59.29163628381,-18.623118463949861],[-59.29191281995508,-18.623102305102361],[-59.292305932040996,-18.622999206175191],[-59.292454354060553,-18.622681256684626],[-59.292583119707949,-18.62245578670213],[-59.2927406511117,-18.622322282369105],[-59.293334121027833,-18.622197243924369],[-59.293514282236444,-18.622221665514889],[-59.293693657632424,-18.622180184962566],[-59.29404048981867,-18.621965548844528],[-59.294337223335162,-18.621903031603541],[-59.294555412964208,-18.621745459115587],[-59.294694018116822,-18.62165533091202],[-59.295081459217357,-18.621657735642568],[-59.295380854762421,-18.621819268457173],[-59.295722771180699,-18.622066013398449],[-59.295960074567702,-18.622241386805712],[-59.296277260347651,-18.622469720020636],[-59.29694998769213,-18.622876560040613],[-59.297396604135152,-18.623201256471678],[-59.297612533301894,-18.623324135508494],[-59.297835764483878,-18.623479899178996],[-59.298121254317969,-18.623634979408465],[-59.298282891463856,-18.623732088475013],[-59.298674221800887,-18.623770693028963],[-59.298891566087711,-18.623722207082345],[-59.299104789214688,-18.623617749113915],[-59.29940266286097,-18.623360791593516],[-59.299636665355337,-18.623259391613015],[-59.300075553460474,-18.62322499046051],[-59.300460088212695,-18.622983565863034],[-59.300736641861732,-18.622912745887454],[-59.300970888166312,-18.622831173454479],[-59.301267229469993,-18.62273575046471],[-59.301371019862628,-18.622737920813211],[-59.30163595968817,-18.62261978162271],[-59.301606091531163,-18.622435689209215],[-59.301507166452083,-18.62226221744648],[-59.301380856549571,-18.622112096657439],[-59.301540228703239,-18.621843622585747],[-59.301768022358921,-18.621801636392572],[-59.302049892421415,-18.621943482036592],[-59.302309716755552,-18.622266698026834],[-59.302463618649007,-18.622120120997906],[-59.302573977302593,-18.622092584433691],[-59.302741052674271,-18.62217968443645],[-59.302855700956137,-18.622221252256402],[-59.303056925121858,-18.622271766481457],[-59.303110579653683,-18.622201961183293],[-59.303199704559795,-18.622062746761806],[-59.3032729559675,-18.621984224894753],[-59.303437439781803,-18.621984418314341],[-59.303613534904549,-18.622009976468064],[-59.303791842309494,-18.62226328866684],[-59.303895390341225,-18.622387812505803],[-59.304259058691407,-18.622533090361081],[-59.304392265232138,-18.622462926076633],[-59.30451492856551,-18.622373246795398],[-59.304730030760851,-18.622253109611727],[-59.304904355961902,-18.622172679640158],[-59.305171823169204,-18.622120689627874],[-59.305322599555424,-18.621795099189068],[-59.305362554311735,-18.621686673348421],[-59.305537583176559,-18.621665139179381],[-59.305835154747669,-18.621544107297623],[-59.305917871311593,-18.621562840595203],[-59.306145382167507,-18.621619276171781],[-59.306372199928703,-18.621616812681381],[-59.306721793435898,-18.621534477512309],[-59.306877142526929,-18.621591694388151],[-59.307136527375896,-18.621726312861689],[-59.307561922356378,-18.621947474095531],[-59.307838759471679,-18.621816851272929],[-59.308122732924595,-18.621421083043625],[-59.308284164787409,-18.621124825212387],[-59.30855994274993,-18.620905852729408],[-59.308743173192106,-18.620707529518214],[-59.308977702452673,-18.620489005781327],[-59.309162225868128,-18.620398640308007],[-59.309337251210437,-18.620377103835033],[-59.309668737372249,-18.620365853938388],[-59.309837187485854,-18.620368345067458],[-59.30993379364903,-18.620346858573367],[-59.310055708255526,-18.620245585044174],[-59.310286965096658,-18.620077190785885],[-59.310481071894294,-18.619976970950269],[-59.310565825215718,-18.619943861571656],[-59.310662254968094,-18.619933831874118],[-59.310829828785053,-18.619993575361523],[-59.310900609503406,-18.620086254426674],[-59.311018287446529,-18.62025980449387],[-59.311305299475336,-18.620378579690314],[-59.311604865121147,-18.620463181031262],[-59.311833483159148,-18.620466558776997],[-59.312062088873247,-18.62046993509523],[-59.312255484913855,-18.620415521208063],[-59.312473300933647,-18.620338555516543],[-59.312753038168459,-18.620147968545997],[-59.31294837644608,-18.619967590017339],[-59.313156970499762,-18.61970723633776],[-59.313364161417077,-18.619538487982993],[-59.313695372021435,-18.619131032278073],[-59.314063029976609,-18.618701210204609],[-59.314799925189753,-18.617738507350463],[-59.315140870609817,-18.61748010452802],[-59.31522597348755,-18.61742408795585],[-59.315518797337766,-18.617164971913628],[-59.315897769231206,-18.616781127992891],[-59.316239946818257,-18.616442556670361],[-59.316520555577959,-18.616194708257709],[-59.316715355486259,-18.616048687189583],[-59.316776746403477,-18.615969415291932],[-59.317033808082634,-18.615686858591907],[-59.317084582033019,-18.615515795928427],[-59.317391008672814,-18.615153792595336],[-59.31745380739298,-18.61498290745622],[-59.317577644817931,-18.614755663540461],[-59.317782183991518,-18.614758674507666],[-59.318188452957557,-18.614947922919644],[-59.318643902312218,-18.615069172860839],[-59.318885059986478,-18.615038367946923],[-59.319019700569179,-18.614891448717064],[-59.319094348399133,-18.614732194230243],[-59.319096988706136,-18.614560433535395],[-59.319053779278178,-18.614239079018454],[-59.319081363559881,-18.614010412284902],[-59.319239713953593,-18.613886756272457],[-59.319517675016805,-18.613810671471402],[-59.319820217984478,-18.613700593479912],[-59.31999025158359,-18.613600012717953],[-59.320246958377183,-18.613340354318638],[-59.320345148559653,-18.613215810888217],[-59.320445087753733,-18.612976751434562],[-59.320449309100027,-18.612701927373905],[-59.320406457789701,-18.612357682944765],[-59.32031494334381,-18.612047076527567],[-59.32033365669735,-18.611612112394742],[-59.320444930001067,-18.611419033923404],[-59.320726399821872,-18.611113928174738],[-59.320885800838859,-18.610921560899747],[-59.32089212968539,-18.610509315032527],[-59.320871755587682,-18.610268481385983],[-59.320623491299692,-18.609978482787689],[-59.321090270206433,-18.60857653553466],[-59.322608323174386,-18.606892276294936],[-59.322937037231796,-18.606645123241712],[-59.323094406137614,-18.605799862215637],[-59.323171898015929,-18.605038939210061],[-59.323249891054438,-18.604846800607262],[-59.323259579804336,-18.604818000038218],[-59.32331854162652,-18.604712147111165],[-59.32333792673542,-18.604654544316105],[-59.323456876789962,-18.604528904553252],[-59.323686809081366,-18.604449873496442],[-59.323856866208232,-18.604400191808512],[-59.324136461697577,-18.604276594359103],[-59.324543496179501,-18.603899128765274],[-59.324770556038594,-18.60358102011547],[-59.324937501868554,-18.603273129091143],[-59.325186469597497,-18.603107815044961],[-59.325417098375965,-18.60308616225835],[-59.325578377880994,-18.603141784270619],[-59.32593048965569,-18.603204875475683],[-59.326117036571382,-18.603108118449637],[-59.3263649763161,-18.602856882698145],[-59.326664588659746,-18.602729335285339],[-59.327386225635351,-18.60263540601483],[-59.327609502100842,-18.602498865019435],[-59.327764873234301,-18.602401851240131],[-59.328085144439697,-18.602321869797684],[-59.32843459289866,-18.602165105104351],[-59.328904687684584,-18.60200246797304],[-59.329343010917519,-18.601744121005225],[-59.329630623611976,-18.601454212225576],[-59.330176316222087,-18.600922508816815],[-59.330314874197313,-18.600758496478502],[-59.33038386516705,-18.60065259110328],[-59.330462887681101,-18.600546588333884],[-59.330592336471796,-18.600459136181343],[-59.33099404062105,-18.600473845344926],[-59.331525767663969,-18.600448888436834],[-59.33184672718675,-18.600426245075074],[-59.332057388134729,-18.600433786286889],[-59.332385194253767,-18.60024387562521],[-59.332595570162368,-18.600093028459767],[-59.332854799562199,-18.599946807588818],[-59.333213588647375,-18.599732579053278],[-59.333494153419508,-18.599691262109552],[-59.333936361632489,-18.599734191215063],[-59.334047572281982,-18.599799882099081],[-59.334492303798577,-18.600160245263282],[-59.335066109428084,-18.600409183907647],[-59.335320851149589,-18.600275476166942],[-59.335576113038627,-18.60010741509301],[-59.335770526781218,-18.599984269291799],[-59.336025092222222,-18.599862005282578],[-59.336206429669588,-18.599807396404259],[-59.336687089037454,-18.599817189349128],[-59.336900477640071,-18.59981483685679],[-59.337663835122179,-18.599908103212407],[-59.338504991123408,-18.600131234160418],[-59.339043408727314,-18.600531991515112],[-59.33958182950596,-18.60093274830615],[-59.340194175960107,-18.601143869678076],[-59.340409162884718,-18.601272224101702],[-59.340654801992464,-18.601414755163592],[-59.340718421046653,-18.60163192691342],[-59.340904153451675,-18.601862276537247],[-59.341243373157234,-18.602178077249039],[-59.341472365292354,-18.602204596045983],[-59.341593953379167,-18.602174208145431],[-59.341754962901938,-18.602099165695488],[-59.342093189354934,-18.602207328728962],[-59.342207896433685,-18.602262972692522],[-59.342235668249735,-18.602278426564673],[-59.342374874122882,-18.60238283842374],[-59.342542484648853,-18.602630542926423],[-59.342638780334966,-18.602848301877728],[-59.342762483715475,-18.602992093609053],[-59.342872006736258,-18.603223137145353],[-59.343056155414885,-18.603322718415697],[-59.343394142394978,-18.603536715665587],[-59.34368692470003,-18.603794768260425],[-59.343948879514137,-18.604024125871202],[-59.344164574795514,-18.604210443710294],[-59.344426529840362,-18.604439798825304],[-59.344567415641784,-18.604743073942231],[-59.344572181961212,-18.60513495501915],[-59.344559764517165,-18.605367345047881],[-59.344516862481733,-18.605600071324176],[-59.344474301688784,-18.605861821842659],[-59.344460650167548,-18.605992616354353],[-59.344523746037048,-18.606166106646253],[-59.344648159226928,-18.606367955971152],[-59.344740318724405,-18.606425001533292],[-59.345015399161028,-18.606480015667167],[-59.345213563618948,-18.606477824116219],[-59.345488114205239,-18.606489310345175],[-59.346083293566309,-18.606540784227924],[-59.346267448968419,-18.606640363402786],[-59.346666223889443,-18.606740895857584],[-59.346951317650316,-18.606985580302212],[-59.347200666186254,-18.607206841327351],[-59.347739281041022,-18.607397953891166],[-59.348157927926003,-18.607564406937819],[-59.348625058277548,-18.607708659882672],[-59.348997498964124,-18.60777485744914],[-59.349330328176649,-18.607880438092735],[-59.349560124377383,-18.607902181847454],[-59.349908903980449,-18.607956443903635],[-59.350051367214029,-18.608084517510477],[-59.350134715071,-18.6081429938505],[-59.350372725997858,-18.608318267524744],[-59.350658000277527,-18.608551500288346],[-59.351004118892824,-18.608739792025293],[-59.351302292922909,-18.608915939698008],[-59.351648241065767,-18.609115687633171],[-59.351971349719804,-18.609234929724224],[-59.352198900946192,-18.609306969051346],[-59.352403429243786,-18.609309942769769],[-59.352598933282962,-18.609264764900963],[-59.35275074752024,-18.609165947274594],[-59.353039410145328,-18.608786344770156],[-59.35306402056694,-18.608713224389209],[-59.353126435968051,-18.608603259801978],[-59.353213018494984,-18.608383749354459],[-59.353299745444779,-18.608176377554123],[-59.353375799514751,-18.608139104527151],[-59.353408384975204,-18.608110499926248],[-59.353611349587347,-18.608216531711005],[-59.354017162211129,-18.608447670634749],[-59.354606633948073,-18.608683949418666],[-59.354886984994344,-18.608668695336419],[-59.355090834760404,-18.608654289954529],[-59.355382608042902,-18.608529628715242],[-59.355533529969762,-18.608357970828763],[-59.35553085726842,-18.608139452520167],[-59.355528631276592,-18.607957347886657],[-59.355527292467521,-18.607848092276235],[-59.355512913024455,-18.607714694988079],[-59.355575325017824,-18.607604720494042],[-59.355588222679593,-18.607616728011063],[-59.355779472440872,-18.607614601149802],[-59.355933359771214,-18.607685740617704],[-59.356202898167346,-18.607828441525253],[-59.356407192818672,-18.607850450367732],[-59.356571455249608,-18.607727205522998],[-59.356722671808804,-18.607579824274541],[-59.357057194691023,-18.607144205881458],[-59.357377205402443,-18.606880477184795],[-59.357670309775386,-18.606865068205547],[-59.358068524105441,-18.607103475075888],[-59.358184461392668,-18.607199315664069],[-59.358454892134837,-18.607414853812546],[-59.358827905544246,-18.60767781957388],[-59.359274606820392,-18.607709266311723],[-59.359648966839814,-18.607640001984667],[-59.359806577586852,-18.60756212020905],[-59.360041224208715,-18.6071646526294],[-59.360226544461995,-18.60684664905428],[-59.360643039286217,-18.606360197330318],[-59.36190237723666,-18.605263432356807],[-59.363206533010889,-18.603757802371494],[-59.363712128965787,-18.603570811556484],[-59.364206267596309,-18.603313425325833],[-59.36459808462849,-18.603339272844902],[-59.364905628750385,-18.603396296089088],[-59.365266319404526,-18.603472863582127],[-59.365497828202507,-18.603369530887555],[-59.365665491561877,-18.603236691707725],[-59.365874980408336,-18.603063074520776],[-59.366127650915068,-18.602959502760104],[-59.366233938196707,-18.602998616057416],[-59.366527424424746,-18.603169856364421],[-59.36668330177045,-18.603206476294073],[-59.366767692778673,-18.603196246835548],[-59.366888518060549,-18.603163628533014],[-59.367018665486178,-18.603140974174625],[-59.367187194786737,-18.603078643668528],[-59.367586861059451,-18.602882751999616],[-59.367807333685811,-18.602879150191054],[-59.368095916219687,-18.602977811884369],[-59.368373456584337,-18.603176205564075],[-59.36843829085155,-18.603286302182475],[-59.368695669646804,-18.603565524531714],[-59.368813654409912,-18.603695181215055],[-59.369452633443842,-18.604030581656961],[-59.369908915544919,-18.604136297667132],[-59.370166545089823,-18.604435660849546],[-59.370295352086451,-18.60458534212102],[-59.370468966267083,-18.604936020005884],[-59.370503554532483,-18.605167355963481],[-59.370608611358847,-18.60543944469778],[-59.370773595359083,-18.605670901018915],[-59.3711188667789,-18.605916415026083],[-59.371644263509545,-18.606187439715612],[-59.37215761691288,-18.606458292572022],[-59.372742309681826,-18.606787438164492],[-59.373421861442054,-18.607209576492078],[-59.374124106596064,-18.607723667601491],[-59.374529539743477,-18.607970044942682],[-59.374781678413235,-18.608008050002841],[-59.375011124423438,-18.607954098833815],[-59.375228889799033,-18.60787706568658],[-59.37547088420046,-18.607788936623763],[-59.375714255926596,-18.607609198773559],[-59.375835766943574,-18.60753077065916],[-59.375958653968659,-18.607360749329157],[-59.376154078428236,-18.607168867575922],[-59.376289512681808,-18.606964659461596],[-59.376518209922061,-18.606766659520613],[-59.376709727391145,-18.606579837978835],[-59.37718778818131,-18.606051226178192],[-59.377877502387221,-18.605658747566189],[-59.378375505125739,-18.605437694919768],[-59.378566258560916,-18.605189323281934],[-59.378741258218795,-18.604971906118276],[-59.378996237515139,-18.604692034182165],[-59.379266797773063,-18.604365808018482],[-59.379635588664044,-18.604146214890097],[-59.380135868513072,-18.604109810819754],[-59.380460012059196,-18.604198502557356],[-59.380783396217765,-18.604225644662904],[-59.380994108309622,-18.604284831237898],[-59.381318645845411,-18.60440429378081],[-59.381627775733229,-18.604585488142892],[-59.381864483363515,-18.604784427649978],[-59.382140188569743,-18.60487366060336],[-59.382463953287633,-18.604931573743592],[-59.382690434527341,-18.604959803959265],[-59.383063795788274,-18.605109492474991],[-59.383112627807918,-18.605139720423225],[-59.383210103666173,-18.605184789508929],[-59.383439634908449,-18.60545922261548],[-59.383652257438172,-18.605672275653177],[-59.384172932985464,-18.606187660910219],[-59.388255634865409,-18.605694243794506],[-59.392719122064733,-18.605082242071447],[-59.392791815660146,-18.605048927456032],[-59.39293618224157,-18.605051003298549],[-59.39309258421607,-18.605053241772843],[-59.393368776083385,-18.605091563412497],[-59.393803501900088,-18.605158952087837],[-59.394674663186464,-18.605473454143254],[-59.395816018753862,-18.60628946469464],[-59.396160493875719,-18.606700032816466],[-59.396742951772652,-18.607991777745699],[-59.397052111794849,-18.608654149366547],[-59.397404220257158,-18.608837325658385],[-59.397752060812714,-18.608844438155629],[-59.398053002817718,-18.608786961219785],[-59.398390744634277,-18.608656993923223],[-59.398670582826561,-18.608419551729849],[-59.398951994746596,-18.608308238301074],[-59.399612667196699,-18.608372822622176],[-59.400275590063067,-18.608617579509357],[-59.400596050906813,-18.608613941017715],[-59.401102552462248,-18.608409972482423],[-59.401458910749383,-18.608261754976759],[-59.401721698079072,-18.608168674003267],[-59.402404381507438,-18.608485279227342],[-59.402652359185467,-18.608716724947886],[-59.40300871163133,-18.609043488430029],[-59.40345821965893,-18.609565299452676],[-59.403993654567536,-18.609973812768668],[-59.404460472490413,-18.610140823557682],[-59.404920024004326,-18.609987039044736],[-59.405560042884368,-18.609835838336245],[-59.40622628916713,-18.610349280669602],[-59.407032159183096,-18.610685159428456],[-59.407578614143119,-18.610660918522143],[-59.407823448796286,-18.610640103857182],[-59.408500462724945,-18.610358818419833],[-59.408841400253131,-18.610088804881379],[-59.409207251267752,-18.609761888405185],[-59.409260300329883,-18.609430506106062],[-59.409263021332585,-18.609247297909988],[-59.409196442955299,-18.608868394852173],[-59.40911596713844,-18.608615279853957],[-59.4090605617506,-18.608293807491975],[-59.409077519908934,-18.607961906221263],[-59.409131252796229,-18.607584720581457],[-59.409099568773456,-18.607286486964913],[-59.409103817711724,-18.607000222274738],[-59.409155506498493,-18.606760448149466],[-59.409302595729599,-18.60657929337793],[-59.409509495184679,-18.606421897811572],[-59.409656750867605,-18.606229298036595],[-59.409711496562977,-18.605783411104511],[-59.409641685657995,-18.605622077949054],[-59.409686105967822,-18.605061510167509],[-59.409810820540265,-18.604765503926934],[-59.410032292423139,-18.604436524021672],[-59.410216312406405,-18.604198636127585],[-59.410256651527874,-18.603912888349594],[-59.410260391621094,-18.603660970589885],[-59.410097567002417,-18.603280692311944],[-59.409982361545318,-18.602935458995514],[-59.409864098892314,-18.602796339458131],[-59.409747018992604,-18.60257706614048],[-59.409751097882257,-18.602302246955038],[-59.409840067407323,-18.601982829606897],[-59.409914959601018,-18.60180064638773],[-59.410074919598003,-18.6015624176604],[-59.410247757647227,-18.601267099738191],[-59.410494989588358,-18.600823957796127],[-59.410646824614872,-18.600322185560554],[-59.410708669084862,-18.600208542025246],[-59.410930819697072,-18.599833757818104],[-59.411020124136904,-18.599491437249043],[-59.411107562625446,-18.599275075498596],[-59.411318014559534,-18.598877217708505],[-59.411576580823677,-18.598480048377752],[-59.411967996907393,-18.598050412424797],[-59.412201658193467,-18.597710147274089],[-59.412364319545141,-18.597288698763322],[-59.412404318049383,-18.597025852248994],[-59.41258544149246,-18.596982619289118],[-59.412801813897261,-18.596997155235055],[-59.413041902600575,-18.597034939563802],[-59.413306732442187,-18.597027261350803],[-59.413524284044534,-18.596961641556941],[-59.413659842104323,-18.596745957803769],[-59.41356953430433,-18.596343815666124],[-59.413390781332886,-18.59622674146754],[-59.413042602183552,-18.59617596622024],[-59.412922637317592,-18.596151359287397],[-59.412743715195226,-18.596045730169326],[-59.412541245032557,-18.595905406528075],[-59.412363176381447,-18.595742528079391],[-59.412185951874378,-18.595522389384929],[-59.411986031864053,-18.595210308846259],[-59.411759337463636,-18.595081091595763],[-59.411616845093462,-18.594953079268812],[-59.41141624015556,-18.594686804999505],[-59.411335432383972,-18.594456584139532],[-59.411134828376269,-18.594190308599511],[-59.410884755157156,-18.594014944584121],[-59.410646368373946,-18.593862653051833],[-59.410527436589518,-18.593769337471155],[-59.410314297891105,-18.593537230093037],[-59.410126922597591,-18.593190969268409],[-59.409963600693423,-18.592845048595656],[-59.409836710168328,-18.592476742271916],[-59.409678499790012,-18.59178729254883],[-59.409563127014508,-18.591453514337466],[-59.409459448129297,-18.591142799999176],[-59.409355603242012,-18.590843540367722],[-59.409167895224257,-18.590520172162432],[-59.408907157590818,-18.590253033661693],[-59.408744865718987,-18.589838401905837],[-59.408824008774999,-18.589369953686141],[-59.40902277089144,-18.588949026863691],[-59.409027531451386,-18.588628413075188],[-59.409055162415832,-18.588388289751652],[-59.409015885162127,-18.587792166063284],[-59.409008788426569,-18.587459926486819],[-59.409023534641406,-18.587276895988321],[-59.409073185411472,-18.587174516992196],[-59.409111310873193,-18.587037631736521],[-59.409464746218632,-18.586733442556117],[-59.409695172427149,-18.58661074854977],[-59.409851724743504,-18.586601527918777],[-59.410029947919888,-18.586752963756499],[-59.410245621202769,-18.586813299642039],[-59.410520087632257,-18.586966110873355],[-59.410854356508388,-18.587142672803839],[-59.411029356035456,-18.58751166793056],[-59.411192838461261,-18.587846144186408],[-59.411402576736016,-18.588307252883595],[-59.411539454087347,-18.588813143648874],[-59.411894392974339,-18.589219058778021],[-59.412240692712196,-18.589395787852069],[-59.412589710376572,-18.589389316281856],[-59.412952289021369,-18.58927994726988],[-59.413205590929792,-18.589237749759143],[-59.413589676258567,-18.589300481361811],[-59.413769442385167,-18.589348857338447],[-59.413924628062368,-18.589431242582592],[-59.414282793459087,-18.589619594533072],[-59.414402586484726,-18.589655655613509],[-59.4151143510799,-18.589528362050444],[-59.415598572564043,-18.589329101668739],[-59.415878811362887,-18.589092574062779],[-59.416293907676739,-18.588686175406359],[-59.41693586622209,-18.58839754007268],[-59.417375526195237,-18.587957129006938],[-59.417505654648643,-18.587294702188128],[-59.418426814407532,-18.586025073199153],[-59.41949688229667,-18.585261491500848],[-59.42078703653852,-18.585073673749999],[-59.421833899905977,-18.585065650754739],[-59.422768944988029,-18.585296540168105],[-59.423651819923961,-18.585801555840849],[-59.424622622280687,-18.586055844629001],[-59.424948087152899,-18.586014654887439],[-59.425056684676932,-18.585993290367501],[-59.425588320773599,-18.585840497857298],[-59.42587786856128,-18.585787335147526],[-59.426538443766134,-18.585865425430033],[-59.42681224417445,-18.586064007581012],[-59.427181433365135,-18.586321207738624],[-59.427899124168007,-18.586606256494793],[-59.428233234002008,-18.586794232056747],[-59.428488545692552,-18.586614602762204],[-59.428682186608931,-18.5865371853141],[-59.428907204259744,-18.586780883577529],[-59.429144066870528,-18.587036198390642],[-59.429560876635975,-18.587328426352578],[-59.429981725555173,-18.587345845074402],[-59.430548608712911,-18.587250792219375],[-59.431095142756696,-18.586903495626487],[-59.431835655086836,-18.586455857683056],[-59.432499943596376,-18.586282012408891],[-59.433040833445098,-18.585499422947468],[-59.433044713558836,-18.585236061998266],[-59.433204458591952,-18.585009266680789],[-59.433326432770635,-18.584896457774672],[-59.433416356777357,-18.584508337156183],[-59.433335527745264,-18.584278128444694],[-59.433338382432055,-18.584083474155921],[-59.433400883586451,-18.583924020562751],[-59.433754610867425,-18.583596892161768],[-59.434241317811605,-18.583225825366515],[-59.434349911753976,-18.58320445691178],[-59.434602518283171,-18.583208036388854],[-59.4348669771814,-18.583223221400058],[-59.435046063287537,-18.583317381471254],[-59.435320372406949,-18.583481601125932],[-59.435592990724913,-18.583760324135934],[-59.435737171567737,-18.5837738146808],[-59.43593131597018,-18.583662033275427],[-59.436125462326665,-18.583550239944664],[-59.436557143411775,-18.583647966717471],[-59.437156902339446,-18.58377097371601],[-59.437383094636701,-18.583934508411655],[-59.437692992012373,-18.584133579733738],[-59.43824664960804,-18.584118499687385],[-59.438296613656064,-18.58399322462958],[-59.438444485024192,-18.583754801075187],[-59.438627945071524,-18.583551240245729],[-59.438797866847004,-18.5834505656989],[-59.439122635310234,-18.583455146746886],[-59.439689839652146,-18.583337176663242],[-59.439858240162387,-18.583339554743095],[-59.4400385045221,-18.583353548446524],[-59.440279076762799,-18.583356942935506],[-59.440594345913588,-18.583189602849277],[-59.440753069587345,-18.583031500565564],[-59.440768625216762,-18.582791207541334],[-59.440748760398691,-18.582504612523465],[-59.440889473843242,-18.581933954350578],[-59.441183707629627,-18.581560160462821],[-59.441662221828665,-18.580925550304812],[-59.441869728659853,-18.580722333949936],[-59.442281891074877,-18.580510539073732],[-59.44248720935424,-18.580456176280521],[-59.442715753964599,-18.580459393790257],[-59.442859087981326,-18.580530130146222],[-59.442975845663511,-18.580772292726529],[-59.44299738797865,-18.580944389051538],[-59.442995880583297,-18.581047442083779],[-59.443086397860604,-18.581438110151893],[-59.443084056173952,-18.581598413968244],[-59.443165737930492,-18.581771357882118],[-59.443261964099221,-18.581772716602536],[-59.443442729264461,-18.58175235823083],[-59.443620649059348,-18.581926660789442],[-59.443836654767161,-18.581964065402452],[-59.443969976025478,-18.581897221040315],[-59.443996218369136,-18.581748708117914],[-59.443867423078693,-18.58150638095702],[-59.443784730049401,-18.581402142781762],[-59.443762851943397,-18.581252949075374],[-59.443788924618808,-18.581115880956396],[-59.443909880310642,-18.581071772968279],[-59.444114196796619,-18.581086107975771],[-59.444390685235412,-18.581101454465902],[-59.444716134646228,-18.581060233155281],[-59.445162027134032,-18.581009249806961],[-59.44577665267731,-18.580937736393736],[-59.446209350330136,-18.580966736454858],[-59.446437553186634,-18.58099285679274],[-59.446954275430393,-18.581034492324036],[-59.447495218831854,-18.581065013345825],[-59.448354606571478,-18.58071061657391],[-59.448657518376812,-18.579741400186585],[-59.448786347998357,-18.57915911588206],[-59.449349520028427,-18.578491334461411],[-59.4504265741895,-18.578059821247187],[-59.450655273923566,-18.578051588673894],[-59.450868939657845,-18.578249287737517],[-59.451384313621347,-18.578382508966932],[-59.4515871308028,-18.578499887464524],[-59.451682349528326,-18.578569941732322],[-59.452064244070343,-18.57878146288164],[-59.45239836590207,-18.578969398629749],[-59.452765728444149,-18.579352500960415],[-59.453143944802811,-18.579815919496316],[-59.453272915320014,-18.580046786368779],[-59.453387852311671,-18.580414887207304],[-59.45348074804366,-18.58064525113506],[-59.453584481568015,-18.580955924269134],[-59.453687233676447,-18.581335311539881],[-59.453706777173217,-18.581644807933195],[-59.453834411704598,-18.58196727134748],[-59.454179401137615,-18.582235528931346],[-59.454454553251338,-18.582342469356302],[-59.454656702597944,-18.582505639410311],[-59.454905293347977,-18.582783995974236],[-59.455238256665687,-18.583052082591692],[-59.455522769020874,-18.583342393989902],[-59.455892314790049,-18.583576631837861],[-59.456499937945665,-18.583985991782189],[-59.457245208119431,-18.584030804150679],[-59.457822588126156,-18.584038901344428],[-59.45821936961881,-18.584055915065008],[-59.458519914208281,-18.584071577923133],[-59.458734267719841,-18.584223470643931],[-59.459032817247973,-18.584376541227332],[-59.459223108665348,-18.584528084759633],[-59.459521659099153,-18.584681152805885],[-59.459893382425747,-18.584766533952731],[-59.460205290470377,-18.584828162633023],[-59.4605177052781,-18.584855442770198],[-59.460721197110736,-18.584927006970453],[-59.460984159701887,-18.585045216595937],[-59.461116141484823,-18.585069969449286],[-59.46142738745818,-18.585177398539631],[-59.461606991291397,-18.585237174215681],[-59.461954490287027,-18.585333666406644],[-59.462326548978716,-18.585396132637662],[-59.462638962246238,-18.585423405941292],[-59.463008852491946,-18.585634728526575],[-59.463405472750175,-18.585663186454845],[-59.463993380678033,-18.585774482526155],[-59.464520816213472,-18.585907832345761],[-59.464785949763844,-18.585877187772333],[-59.465050578638667,-18.58588088189094],[-59.46548660698118,-18.585680829602961],[-59.465751407835832,-18.585673078099074],[-59.465945357858821,-18.585572712061889],[-59.466200952505318,-18.585370141574412],[-59.466466919208749,-18.585282238831198],[-59.466897060421246,-18.584658357720951],[-59.467061078210207,-18.584133826274126],[-59.467208239998641,-18.583941187356423],[-59.467533011972492,-18.583945720241257],[-59.467905231487983,-18.583996729914457],[-59.468049079823444,-18.584033099005126],[-59.468239874470541,-18.584150293403667],[-59.46846543087841,-18.584359580702987],[-59.468582723831275,-18.584567367556847],[-59.468939604231174,-18.584847213761631],[-59.469873188796655,-18.585180916326046],[-59.470698021094393,-18.585547445847716],[-59.471539860775387,-18.585570646030728],[-59.47193730247475,-18.585541826184581],[-59.472177874322369,-18.585545179734105],[-59.4724698855944,-18.585320199027763],[-59.472820044440766,-18.585233465501648],[-59.473037219632985,-18.585190676113768],[-59.473375012674637,-18.585126668727085],[-59.473593185472673,-18.585015188670514],[-59.473787961593253,-18.584857566518568],[-59.473996425352738,-18.584585613433468],[-59.474120520262993,-18.584323925532448],[-59.474265531187243,-18.58428013899163],[-59.474747830835021,-18.584206690894433],[-59.474856584328876,-18.584173841283654],[-59.474988894624673,-18.584175691079537],[-59.475085293185522,-18.584165580550579],[-59.475230798370056,-18.584087437756128],[-59.475317973086938,-18.583882509615812],[-59.47532211390439,-18.58359625479472],[-59.475323605880533,-18.583493201766569],[-59.475434679163548,-18.583300053446727],[-59.475582659339942,-18.583050161379067],[-59.475815343808691,-18.582767089807295],[-59.475863948900198,-18.582733405601015],[-59.476229272099786,-18.582429271988509],[-59.47642404341471,-18.582271648013286],[-59.476800236462161,-18.582047840009878],[-59.477018240850839,-18.581947797509471],[-59.477188954831846,-18.581789839895894],[-59.47730084742976,-18.58153944207643],[-59.47724434412703,-18.581286706050012],[-59.477162799781794,-18.581102324941593],[-59.477116338792086,-18.580987157324738],[-59.477071373690301,-18.580768933825023],[-59.477075177936996,-18.580505579894712],[-59.477104367097319,-18.580150951398174],[-59.477179013029605,-18.579980207927619],[-59.477337367234455,-18.579844979318867],[-59.477820812351652,-18.579691371343454],[-59.477946058195215,-18.579349541241026],[-59.477971108551053,-18.579281179035345],[-59.477986119433993,-18.579075238252955],[-59.477990258051435,-18.578788983317654],[-59.477970662233766,-18.578479496395165],[-59.47796211134861,-18.578238868795886],[-59.477917311712417,-18.578009201001247],[-59.477908425163598,-18.577791477619972],[-59.477960174514351,-18.577540240860227],[-59.477987216670513,-18.577334475795034],[-59.478074386418726,-18.577129541899335],[-59.478244099713983,-18.577040287914141],[-59.478341153440802,-18.576984372385752],[-59.478486979857166,-18.576883326080491],[-59.478753910078908,-18.576726711025945],[-59.479191549450064,-18.576412130366645],[-59.479614180697659,-18.576303477431996],[-59.480210833352324,-18.575807871285292],[-59.48073430820051,-18.575379956255219],[-59.481195172766554,-18.575122952996377],[-59.481417131734474,-18.574748105386277],[-59.481615029765692,-18.574372926797629],[-59.481753609143269,-18.573939654404203],[-59.481892693159388,-18.573472046111302],[-59.482089930221719,-18.573142660343485],[-59.482394748701147,-18.572860583408094],[-59.482759878817504,-18.572567896740292],[-59.48333178113058,-18.572117746017451],[-59.483805984451628,-18.571769304904699],[-59.484107663211738,-18.571704778294869],[-59.48470788666711,-18.571793279591827],[-59.485537291539018,-18.571839148297716],[-59.486031743681707,-18.571754395078003],[-59.486644827416519,-18.571785806072857],[-59.487478521302087,-18.571533966420109],[-59.488274645874647,-18.57138467328366],[-59.488600548193737,-18.571309031481771],[-59.48886696020994,-18.571186743328305],[-59.489061541455968,-18.571040564945218],[-59.489352015137897,-18.570918613260989],[-59.489641667042662,-18.570853914411344],[-59.49005059777965,-18.570859582023758],[-59.49031520645454,-18.570863244538334],[-59.490736003349745,-18.570880524769613],[-59.491084638552216,-18.570896812216553],[-59.491336888675775,-18.570923208234905],[-59.491480227859036,-18.570993908349639],[-59.491623732172357,-18.571053161540721],[-59.491778775526434,-18.571146924917244],[-59.491814694569378,-18.571158876275444],[-59.492125273055322,-18.571312058445507],[-59.492279490601341,-18.571463071826084],[-59.492433043413236,-18.571659885841555],[-59.492503237892528,-18.571798291070884],[-59.492716282843368,-18.572041731504033],[-59.492858308731208,-18.57220403606981],[-59.49296408562504,-18.572377283000574],[-59.49311624419115,-18.572680749308663],[-59.493191573907033,-18.57302477225122],[-59.493208858754194,-18.573045455380917],[-59.49321238461895,-18.573109264805876],[-59.493341741839693,-18.573305832683591],[-59.493566899244236,-18.573538075503748],[-59.493684204772542,-18.573734478444962],[-59.493813749163408,-18.573919579655758],[-59.494005338810581,-18.573990942746828],[-59.494243279908964,-18.57417752650629],[-59.494408948843457,-18.574363128612788],[-59.494527730509013,-18.574467873804963],[-59.494729167165957,-18.574676881694071],[-59.49492969353436,-18.574943166804758],[-59.495117793300977,-18.575232197847953],[-59.495306269281841,-18.575498317936834],[-59.49549438516906,-18.575787357006227],[-59.495636148211965,-18.575961168208199],[-59.495752362637248,-18.576226311547295],[-59.495845774779085,-18.576410927985172],[-59.495962538113552,-18.576641696581571],[-59.496067817297948,-18.576837933691525],[-59.496311919324818,-18.577391285441106],[-59.496439451399326,-18.577702412506284],[-59.4964954486124,-18.57796673442617],[-59.496503447946573,-18.578218942577966],[-59.496511455831595,-18.578471151771332],[-59.496509434037655,-18.578597169582263],[-59.496493169546135,-18.578860514554666],[-59.496500438770113,-18.57915854522734],[-59.496604247120466,-18.579446434047412],[-59.496720277245892,-18.579723031506596],[-59.496837235202641,-18.579942342907959],[-59.496894517583513,-18.580126466397317],[-59.496938467165613,-18.58039062333701],[-59.496958516140459,-18.580642996320332],[-59.496967261584558,-18.580849375312699],[-59.496998990889253,-18.581124821560113],[-59.49706684924935,-18.581400763233201],[-59.497208074489826,-18.581608946279996],[-59.497313902747443,-18.581770815734544],[-59.497466442007962,-18.582024983579633],[-59.497535039016917,-18.582255096156086],[-59.497603636062834,-18.582485214107887],[-59.497636092806708,-18.582714830031044],[-59.497714722033564,-18.58307112880269],[-59.497759773095829,-18.583266545388014],[-59.497816333036013,-18.583496498093155],[-59.497932185356461,-18.583784550388589],[-59.49804969328536,-18.583969485158409],[-59.4982641067066,-18.584121367403842],[-59.498433827789306,-18.584054913134743],[-59.498637855648433,-18.584103524347118],[-59.498804638853024,-18.584220371255007],[-59.498983282612372,-18.584348850251619],[-59.499234200363752,-18.58447830240825],[-59.499378186535168,-18.58451463482745],[-59.499510120874803,-18.584550794689033],[-59.499690419607816,-18.584576163844435],[-59.500015259217591,-18.584603484276766],[-59.500195922910322,-18.584605933135283],[-59.500388453988336,-18.584620002351485],[-59.50048480994257,-18.584621310536509],[-59.500605804237246,-18.58458857524516],[-59.500760357718271,-18.584716724482938],[-59.501099713766791,-18.584652560303653],[-59.501769785133888,-18.583818996001444],[-59.502152445119897,-18.583842525034747],[-59.502477126209456,-18.583818026325186],[-59.502786409210174,-18.583706012245049],[-59.503081028244424,-18.583563224732917],[-59.503316811833628,-18.583498518283296],[-59.503625337954887,-18.583546439198088],[-59.504698244504191,-18.583621391433802],[-59.505131238209685,-18.583595599234037],[-59.505303693597533,-18.583485208897876],[-59.505416094092844,-18.583360062524175],[-59.505620193769197,-18.583053255561676],[-59.50577576596541,-18.582741872326384],[-59.505838421632717,-18.582519285407187],[-59.505922656119658,-18.582420269050385],[-59.506106426509774,-18.582337821012825],[-59.506373968056103,-18.582345150600169],[-59.506816450636109,-18.582392467193394],[-59.508309706724205,-18.582365226403052],[-59.508417418458507,-18.582317509550091],[-59.508950010077051,-18.582007816311133],[-59.509314330439288,-18.581745524375574],[-59.509529543914859,-18.581634619904285],[-59.509625371744242,-18.581550932972224],[-59.509792090570564,-18.581213404763577],[-59.510079297373345,-18.580947082633696],[-59.510515435158432,-18.580510729519975],[-59.510745611724126,-18.580329222059518],[-59.511150450543425,-18.580166651036659],[-59.511709050625861,-18.580202055814709],[-59.512538358735419,-18.580486594167933],[-59.51266789266365,-18.580611248219462],[-59.512822069036538,-18.580840753244672],[-59.512907027783065,-18.581112580802472],[-59.512993429085633,-18.58123890646814],[-59.51312645127382,-18.581381767332147],[-59.513341106163331,-18.581446271100091],[-59.513454988110425,-18.581434588109143],[-59.513539952206351,-18.581392301442097],[-59.513895577037623,-18.581336476826685],[-59.514078002567338,-18.581334297234353],[-59.514175656937418,-18.581389882800277],[-59.514255735557256,-18.581409557767451],[-59.514441086216607,-18.581412506506311],[-59.514888187619881,-18.581159541332418],[-59.515156195967847,-18.580944814482699],[-59.515324311280537,-18.580720974535058],[-59.515381249731028,-18.580498462759298],[-59.51541898756345,-18.580116253454012],[-59.515485031698041,-18.579934904996446],[-59.51555234416341,-18.579851555463922],[-59.515736810148034,-18.579787437270056],[-59.51607240670063,-18.579726686584941],[-59.516169586035538,-18.579746166350574],[-59.516414579718194,-18.579949590560307],[-59.516496286964859,-18.580093054496139],[-59.516686024519757,-18.580214603590505],[-59.516992236903754,-18.580303805064897],[-59.517181313817439,-18.580373763297171],[-59.517641294092883,-18.580450806200158],[-59.517938005763256,-18.580467900544573],[-59.518248422711117,-18.580443545524439],[-59.518595625438145,-18.580398119749482],[-59.518912825878445,-18.580456237656684],[-59.519284871534254,-18.58056527723566],[-59.519460294164901,-18.580681525188965],[-59.519516668535132,-18.580771626781882],[-59.519562744874314,-18.581023862740047],[-59.519598448868479,-18.581136926705284],[-59.519695215203519,-18.581342121564592],[-59.519834141961439,-18.581500385392772],[-59.520165735704197,-18.581785313538287],[-59.52041249818398,-18.581906164711445],[-59.520764520358938,-18.582010288700975],[-59.520969615535002,-18.581997516181307],[-59.521335679811223,-18.58186931381206],[-59.521657874553938,-18.581613074363379],[-59.522085954761295,-18.58145021121037],[-59.522641645016883,-18.581264780135257],[-59.523303072565369,-18.581162204165132],[-59.523478708356969,-18.581254744133631],[-59.524014750898765,-18.581342955000579],[-59.524421648682079,-18.581338074829567],[-59.52494578647844,-18.58140538697279],[-59.525410545538207,-18.581378789447815],[-59.52594381192074,-18.581256704426448],[-59.526279709721052,-18.581158034352278],[-59.526523718228141,-18.581144590272917],[-59.526756523524867,-18.581162832571785],[-59.526921004153536,-18.581122139223112],[-59.52710653281067,-18.580923875540293],[-59.527455491128492,-18.58079587602008],[-59.527629947675734,-18.580746742445893],[-59.527862880296745,-18.580775504552797],[-59.528317951213616,-18.580896216696381],[-59.528746202200914,-18.581159335070041],[-59.529055130615944,-18.581238158648635],[-59.529298504527453,-18.581317776346062],[-59.529442378626214,-18.581419213693728],[-59.529630452089229,-18.581628474572483],[-59.529826467485783,-18.582007873276304],[-59.530849332953565,-18.582857852371966],[-59.531300044592967,-18.583149240319415],[-59.531507339141683,-18.583375722556465],[-59.532771407621176,-18.584438468492348],[-59.53295044723275,-18.584611709334538],[-59.533137223768314,-18.584722959376339],[-59.533410666071617,-18.584704186583075],[-59.534058448390859,-18.584753123285239],[-59.534435762368709,-18.584614445866176],[-59.535035071510215,-18.584447298047294],[-59.535483393584443,-18.58428713042715],[-59.535815037043527,-18.584143847461835],[-59.536094710503647,-18.584166267980265],[-59.5362205396885,-18.584195706265589],[-59.536395436160412,-18.584270978488522],[-59.536486091395879,-18.584228612649778],[-59.536548126906673,-18.584176268695263],[-59.536603829008335,-18.584077584066883],[-59.536710498612429,-18.583952480829698],[-59.537123043307091,-18.583890753631401],[-59.537456401477669,-18.583876416065895],[-59.537838098511486,-18.583724591869466],[-59.538242073827789,-18.583498890674825],[-59.538516915969552,-18.583180100026908],[-59.538675812286812,-18.582909919694327],[-59.538798006487255,-18.58240606318935],[-59.538912040155708,-18.582236419442665],[-59.539176365228933,-18.582001888281138],[-59.539500764455518,-18.58191384722306],[-59.539779649476102,-18.581899965760854],[-59.540101813990191,-18.58164369716528],[-59.540181863453256,-18.581316949451224],[-59.540607385403199,-18.580945534538362],[-59.540801141001189,-18.580938031354233],[-59.541072606324278,-18.580986339914066],[-59.541153442615702,-18.581062754004559],[-59.541233935075773,-18.581113356835658],[-59.541325213605397,-18.581117417442968],[-59.541416218039352,-18.581100849903109],[-59.541639328759473,-18.580943064238934],[-59.541729775227843,-18.580967899860845],[-59.542104451812079,-18.581163168600348],[-59.542921899871445,-18.581426689367223],[-59.543446867810182,-18.581556475382499],[-59.543733918318082,-18.581692503660381],[-59.543899570904053,-18.581716292333901],[-59.544139062872418,-18.581718549521145],[-59.544353587675751,-18.581772701746864],[-59.544502771152011,-18.581843124501248],[-59.54462392576945,-18.581949987096298],[-59.544742708646154,-18.582093003967266],[-59.544826477139623,-18.582270758722537],[-59.544887405010535,-18.58248033262058],[-59.545377169360961,-18.582998796022132],[-59.545604414345569,-18.583060528885046],[-59.545835109656331,-18.582921031974308],[-59.546123935128406,-18.582780832299058],[-59.54633334005824,-18.582788800915395],[-59.546648075909673,-18.582848090350108],[-59.547412441014117,-18.582617995011656],[-59.547779831418275,-18.582266529774927],[-59.547943524717105,-18.582009603554631],[-59.54803906399588,-18.581905273008843],[-59.548250566013479,-18.58173246967764],[-59.54830578832609,-18.581597669876455],[-59.548423092503995,-18.581415683447048],[-59.548490947126993,-18.581373598869096],[-59.548542252789552,-18.581372975800377],[-59.548681439092647,-18.581335170081303],[-59.54892147154488,-18.581014017788348],[-59.549221674635518,-18.580865930252251],[-59.549703235059241,-18.580849774562573],[-59.550096781723745,-18.580860480286546],[-59.550360931504997,-18.580917722354702],[-59.550560606686439,-18.581038233272544],[-59.550746723370388,-18.58119519762981],[-59.550994727857464,-18.581444150242469],[-59.551205882130098,-18.581709289117221],[-59.551245635611586,-18.581837898602224],[-59.551576995517962,-18.582535394748948],[-59.55174975249512,-18.582739160973649],[-59.551996204126752,-18.583195063514243],[-59.552210748085898,-18.583486013690212],[-59.552337740426097,-18.583545765218553],[-59.552452362742436,-18.583559188149238],[-59.552554304166719,-18.583510759180221],[-59.552632756058543,-18.583431723986713],[-59.552804887304937,-18.583319944261859],[-59.552958266774446,-18.583270563784371],[-59.553113834408222,-18.583329801408258],[-59.553194057247715,-18.583338675206843],[-59.553267735848259,-18.583306285444582],[-59.553353922556965,-18.583185732241613],[-59.553379384573979,-18.58303006423931],[-59.553333085088511,-18.582860195350559],[-59.553348250597701,-18.582761623966356],[-59.553717507676765,-18.582501373238088],[-59.553947882077011,-18.582300575044012],[-59.55400569586439,-18.581906355209473],[-59.554065234842042,-18.58173971743977],[-59.554157139749385,-18.581619059331086],[-59.554298566338126,-18.581544050242108],[-59.554433031873451,-18.581407081180345],[-59.554518174468114,-18.5812347987337],[-59.554501486203925,-18.580831599827718],[-59.554450864873587,-18.580589391661302],[-59.554478033913227,-18.580376790169968],[-59.55460595310484,-18.580198558179895],[-59.554702526856481,-18.580026075518678],[-59.554766937804715,-18.579750725427761],[-59.554809990120646,-18.579475758889174],[-59.55487016416123,-18.579340153134268],[-59.55498290848162,-18.579260489615905],[-59.55524117404974,-18.579167819208397],[-59.5554983529656,-18.579163108386005],[-59.555618058202242,-18.579145402650628],[-59.55581232671954,-18.578996986860226],[-59.556162396978337,-18.578431694881033],[-59.556167179362703,-18.578202607411072],[-59.556050484755403,-18.578085762785442],[-59.555981426682166,-18.577921490560726],[-59.555970172987927,-18.577362805247617],[-59.556086486040449,-18.576770154825194],[-59.55645666680622,-18.57604631502063],[-59.557215517291596,-18.575515704152064],[-59.557456662478636,-18.575332025389557],[-59.55803347821692,-18.575026200328992],[-59.558293691290231,-18.574631256828589],[-59.558462358065697,-18.574322365594401],[-59.559088056267043,-18.572971688295965],[-59.559290829746566,-18.57261997936979],[-59.559436184010295,-18.572310935904039],[-59.559550880402433,-18.5722191823766],[-59.55978544408309,-18.572085554473805],[-59.560018823183384,-18.572034711076942],[-59.560446976882453,-18.571861322281347],[-59.560739906597526,-18.571503851080788],[-59.560787089703112,-18.571074682583262],[-59.560757135211247,-18.57072344902743],[-59.560704135694301,-18.570646823800203],[-59.560611864125065,-18.570607128840692],[-59.56055451023083,-18.57059783724209],[-59.56031255934856,-18.570648830143281],[-59.560070473594024,-18.570834344863833],[-59.55996811616852,-18.570862078559262],[-59.559893835583459,-18.570863440669601],[-59.559841767378529,-18.57083335290621],[-59.559789184435814,-18.570777418472417],[-59.559744656284444,-18.570695463058673],[-59.559757846119872,-18.570498639158671],[-59.559855139274298,-18.570362352021345],[-59.559979090055592,-18.570149180193138],[-59.560288040530118,-18.569858794937751],[-59.560656532838699,-18.569630596963382],[-59.561121017424774,-18.569537711434251],[-59.561775183256863,-18.569599526048115],[-59.562041968951917,-18.569531351628321],[-59.562167819063909,-18.569413055891285],[-59.562175225393524,-18.569202021948975],[-59.562098710200836,-18.568876530528566],[-59.562098773094178,-18.568559193048017],[-59.562123474577888,-18.568367337218831],[-59.562272209384147,-18.568230105358836],[-59.562720999605567,-18.567937149835597],[-59.562870174958356,-18.5678184261815],[-59.563247764139874,-18.567463515963492],[-59.563451595835566,-18.567164511235216],[-59.563463630126989,-18.566605410441124],[-59.563596252436852,-18.566244443689175],[-59.563993952626056,-18.565730993532096],[-59.564199482183525,-18.565516323779288],[-59.564579618210722,-18.565287897995297],[-59.565334128790248,-18.564546443414276],[-59.56559984317532,-18.564425568343978],[-59.565867675100847,-18.564410116296951],[-59.566109868932685,-18.564279118616081],[-59.567280738427641,-18.563371832605046],[-59.567985910439354,-18.563074166968992],[-59.568311798015557,-18.563047091842058],[-59.569072896407611,-18.562632389671219],[-59.569610635255465,-18.562126900627895],[-59.56983988544274,-18.561932865590251],[-59.570095211219964,-18.561875453911565],[-59.570308813420695,-18.562060756592853],[-59.570541005714446,-18.562583970817574],[-59.570928753699185,-18.562724529011568],[-59.571370318427611,-18.562642557995733],[-59.571961118018628,-18.562441801676677],[-59.572170555792873,-18.562416844519884],[-59.572417323804054,-18.562507257150525],[-59.572745697298316,-18.562596160951642],[-59.573011737619922,-18.562485768238357],[-59.573160324743512,-18.562335344417146],[-59.573238345507399,-18.562156082597085],[-59.573253572318499,-18.561776463478992],[-59.573216278094705,-18.561487453940821],[-59.573234839811832,-18.561275003487594],[-59.573397949003414,-18.56114267431882],[-59.57354792541549,-18.561067496375379],[-59.573716897634746,-18.561019959318791],[-59.574244954582326,-18.561189172783362],[-59.574786579157838,-18.561326029704347],[-59.575302220577974,-18.561523462442509],[-59.575474599340176,-18.561566849121558],[-59.575786880888614,-18.561602485513362],[-59.576100658581957,-18.561570841481529],[-59.576560574428704,-18.561557194411741],[-59.576930455640927,-18.561472794037222],[-59.577261191032896,-18.561290813553477],[-59.577595932830114,-18.561165663997063],[-59.577727368924116,-18.5611632406249],[-59.57781234709946,-18.561125464517225],[-59.577890891423813,-18.561051589097502],[-59.578060879041331,-18.560836368111129],[-59.57844221222777,-18.56061206417872],[-59.578949007033621,-18.560090587713244],[-59.579418093000321,-18.559683606292229],[-59.579739838432474,-18.559481106614417],[-59.57997227047624,-18.55924402538518],[-59.580095898435033,-18.559138285357882],[-59.580225653166885,-18.559053121068384],[-59.580381856565729,-18.559003686987996],[-59.580482403289189,-18.558888026804265],[-59.580549856080381,-18.558690197311464],[-59.580544614730712,-18.558431632378195],[-59.580693324660054,-18.558294396444733],[-59.580761894845942,-18.558293132450761],[-59.580970934688622,-18.558240921690416],[-59.581188722401393,-18.55805764135151],[-59.581423198372825,-18.557547170794663],[-59.581653285131971,-18.557395301833161],[-59.582048656570684,-18.557345828402649],[-59.582328782718648,-18.55736175473303],[-59.58275799067404,-18.5575386476863],[-59.582914062422802,-18.557623718536316],[-59.583212442055,-18.557819957407151],[-59.58335074653931,-18.55787431400363],[-59.583539107702698,-18.557860493926626],[-59.583843775595305,-18.557803140123053],[-59.584322843008231,-18.557747741391669],[-59.58499593712984,-18.557860789762341],[-59.585115486175773,-18.557687689065535],[-59.58514216752144,-18.557594080410578],[-59.585133748823104,-18.557320061710158],[-59.585081951703522,-18.557020980891178],[-59.585025567074993,-18.556918560404512],[-59.584929341193963,-18.556542693424852],[-59.584823617725391,-18.555980780485555],[-59.584839795183001,-18.55537004895443],[-59.584916120138587,-18.555187585687545],[-59.584994053929293,-18.554943005315216],[-59.585186151600162,-18.554690834919093],[-59.585339838792549,-18.55451760244301],[-59.585458565361293,-18.554327864596871],[-59.585512563083313,-18.554115972530127],[-59.585625035061533,-18.553913537506627],[-59.585945559241715,-18.553622902202438],[-59.586749100161548,-18.55300701106561],[-59.587217692156543,-18.552544936182073],[-59.587453896422481,-18.552494019899427],[-59.587838054568927,-18.5522696502738],[-59.588102864527492,-18.551938845912122],[-59.588589675924723,-18.551562571611694],[-59.589005466067675,-18.551347965673251],[-59.589504552478907,-18.551012832791713],[-59.590011372878941,-18.550496495980983],[-59.590129685203237,-18.550411536909298],[-59.590587299142605,-18.550004747079722],[-59.590997614921029,-18.549521246212937],[-59.591227811766089,-18.549175565732341],[-59.591651130852981,-18.548769409073611],[-59.591772552294927,-18.548415388114151],[-59.59194686100188,-18.548132814142352],[-59.592213033785065,-18.547869229975603],[-59.592250295913651,-18.54773404228256],[-59.592259414477873,-18.547620067503882],[-59.592515649992535,-18.547149746459464],[-59.592724559772769,-18.546882054680939],[-59.593110543751585,-18.546326572736312],[-59.593288466150817,-18.545940472246524],[-59.593285335462042,-18.545645670151615],[-59.593266514091155,-18.545563246996288],[-59.59325163190725,-18.545253131205456],[-59.593308257361706,-18.545086549537086],[-59.59338551780862,-18.544950617711567],[-59.593389247845074,-18.544852254982679],[-59.593316589020255,-18.544512184572955],[-59.593258669791204,-18.544052844226318],[-59.593257847494762,-18.543871803832342],[-59.593415787232132,-18.543346394471886],[-59.593516865849253,-18.543116906369953],[-59.593887586184287,-18.542654822702175],[-59.594001171597007,-18.542259910359959],[-59.594178978031302,-18.542008313889745],[-59.594491553329306,-18.541076545872148],[-59.594654851254532,-18.54081486554071],[-59.594825122106712,-18.540615148153449],[-59.59485117531802,-18.540490506092318],[-59.594869315686779,-18.540117705747686],[-59.595094826589097,-18.539823852341105],[-59.595132614879546,-18.539714516162597],[-59.595511802908341,-18.539107415157137],[-59.595586876937034,-18.538723226313806],[-59.595530627986456,-18.538346626707899],[-59.595368558361642,-18.538106486786884],[-59.595235461599216,-18.53802617815931],[-59.59493542763132,-18.537747213226751],[-59.59487649691004,-18.537660356864908],[-59.594840972099142,-18.537459268020839],[-59.594917599491289,-18.537292315412941],[-59.594976745726221,-18.537249835820564],[-59.595327941401337,-18.537093313140854],[-59.595538619952762,-18.537053206981039],[-59.595825474847807,-18.536965126951809],[-59.595914359630974,-18.536839332623263],[-59.595996712641785,-18.536672265090914],[-59.596357454742147,-18.536282778691515],[-59.596745052012523,-18.536089382199275],[-59.596845784818875,-18.535984048481247],[-59.597403628534913,-18.535730590252715],[-59.597665305200834,-18.535668839948006],[-59.598227043478431,-18.535606714352248],[-59.598687923541178,-18.535644732990363],[-59.598795119507201,-18.535575497285883],[-59.59917390541937,-18.535511575081916],[-59.599340033375299,-18.535529185334539],[-59.599922378789586,-18.535637378366065],[-59.600465261284704,-18.535772174093623],[-59.600802554883991,-18.535915944858335],[-59.601197527203993,-18.535944825055058],[-59.601643494138216,-18.536091748235972],[-59.601885569015792,-18.536190729982511],[-59.602106378012387,-18.536228023704137],[-59.602384327138047,-18.536403922971886],[-59.60247743086606,-18.536484969024521],[-59.602948891485148,-18.536760749824143],[-59.603185668300561,-18.536880506338797],[-59.603758185054446,-18.537066462547713],[-59.604279900973822,-18.537284401264749],[-59.60505015297467,-18.537637397094656],[-59.605165264610442,-18.53767664522455],[-59.606210309145887,-18.537910741455843],[-59.606584444056232,-18.538038297806651],[-59.607010295862651,-18.538320081496995],[-59.607499220270547,-18.538611037606593],[-59.607599946301988,-18.53878505280521],[-59.608102308595008,-18.539174049589334],[-59.608437387993995,-18.539488548443643],[-59.609142042571165,-18.539987597031182],[-59.609508350252675,-18.540151500411824],[-59.609669387546056,-18.540200237580969],[-59.610342540030118,-18.540275666442081],[-59.610640914238552,-18.540192536276027],[-59.611031882180235,-18.540024893656156],[-59.611547916411389,-18.539963568686186],[-59.611889151351271,-18.539879620390121],[-59.612549720223932,-18.53961903347728],[-59.612936560757745,-18.539389400579971],[-59.613031045549228,-18.539258317386768],[-59.613108712025486,-18.539003392800534],[-59.613145111570283,-18.53882683676683],[-59.613402871870314,-18.538434064615039],[-59.6135259319894,-18.538162780463633],[-59.61387901281779,-18.537680284881574],[-59.6140402681024,-18.537320347376067],[-59.614212203694265,-18.53720334324721],[-59.614348594402706,-18.537164588317104],[-59.614444662343942,-18.537111080591277],[-59.614578303264878,-18.53693787605906],[-59.614751293206155,-18.536630227676568],[-59.614825322243092,-18.536260359112436],[-59.614992558034899,-18.53588818229915],[-59.615323574268508,-18.535544595811182],[-59.615507894483272,-18.535194569958254],[-59.6155951839024,-18.534851527704106],[-59.615718968444419,-18.534616440318104],[-59.615842130970179,-18.534489991320598],[-59.616027399961887,-18.534186518949909],[-59.616031524391651,-18.534108840742128],[-59.616091515575413,-18.533828377248717],[-59.615942644674391,-18.533117269424118],[-59.615924881054745,-18.532667546952649],[-59.615995450860304,-18.531926490211884],[-59.616210024330769,-18.531658674209787],[-59.616252244871333,-18.531487177374579],[-59.616400159155539,-18.531034369248545],[-59.616615893896984,-18.530823436877956],[-59.616728777670687,-18.53075408526194],[-59.617236742285932,-18.530299751112118],[-59.617512763143502,-18.529907830492505],[-59.617690225890748,-18.529765523803913],[-59.618218990822406,-18.529628122415428],[-59.618689210721698,-18.529574329269757],[-59.619087191117096,-18.529469949024435],[-59.619509454806355,-18.529282505815832],[-59.619873173287992,-18.529178662588926],[-59.620442541641168,-18.528911401665045],[-59.620920660048,-18.528650734921285],[-59.621026764032251,-18.528509530156793],[-59.62166788959955,-18.528096430739183],[-59.6221417829261,-18.52792369158448],[-59.622406773643291,-18.527723173196723],[-59.622992044926455,-18.527383300865452],[-59.623363786456288,-18.527248321316932],[-59.623649949283674,-18.527285235809291],[-59.624229422162514,-18.527276249465267],[-59.624534065820278,-18.527225000049008],[-59.624999230855579,-18.527378015613564],[-59.625274119165546,-18.527590842767424],[-59.625492205058976,-18.527654653015539],[-59.626187033789812,-18.528047024634379],[-59.626709941217293,-18.528069915092523],[-59.626893172923623,-18.528098084758245],[-59.627512788069225,-18.528098801136931],[-59.627721691014116,-18.528126572415275],[-59.627965951679144,-18.528050412544605],[-59.628226727386135,-18.527937817700298],[-59.628499649928209,-18.527700991262027],[-59.628883932825531,-18.527297031377916],[-59.628984876889952,-18.527021531215301],[-59.628982847866233,-18.526902674132991],[-59.628876151746113,-18.526506339844339],[-59.628295254020003,-18.526096700482331],[-59.627723854865899,-18.525909155170616],[-59.627500791899394,-18.525721370350638],[-59.627497617709935,-18.525535356237647],[-59.627583023861263,-18.525353126215297],[-59.627917147719245,-18.525022305018993],[-59.628364639353677,-18.524808609569376],[-59.628756043185597,-18.524487242270474],[-59.629100383566431,-18.524419868328934],[-59.629252669313111,-18.524308961722191],[-59.629387661010668,-18.524187982532432],[-59.629649952097637,-18.523997833234059],[-59.629757537754813,-18.523944475045354],[-59.630002497127251,-18.523909654723344],[-59.630181528365441,-18.523860359392348],[-59.630370517130693,-18.523557630600067],[-59.630488138702034,-18.523256019381684],[-59.630606730018798,-18.523011254873371],[-59.630706678884863,-18.522844305819063],[-59.631181583366121,-18.522397582859625],[-59.631240902576828,-18.522360473218512],[-59.631400398862667,-18.522337324484628],[-59.631549190865506,-18.522355683371678],[-59.631685325924188,-18.522301877689358],[-59.631792726754725,-18.522238188150101],[-59.631936017267691,-18.522101573268312],[-59.632108042536821,-18.521809452775443],[-59.632223717034648,-18.521394155443556],[-59.632367536526687,-18.521288537790777],[-59.633031051276681,-18.52101979632997],[-59.633398742573824,-18.520983063595519],[-59.633728353261539,-18.520890071281315],[-59.63392292312745,-18.520747493170475],[-59.634074768663602,-18.520610743593572],[-59.634378306028687,-18.520161517784935],[-59.634595792185344,-18.520023746072045],[-59.634754938536368,-18.51997991922822],[-59.635934102144553,-18.519811670038067],[-59.636198972695119,-18.519605966632298],[-59.636678451562737,-18.519427943187591],[-59.636991376050318,-18.519361041310397],[-59.637413502448752,-18.519168400683743],[-59.637714298834524,-18.519060336529787],[-59.638354237302622,-18.518915990666237],[-59.639099097994304,-18.518563253358913],[-59.639312643006114,-18.518528907599038],[-59.639415411563512,-18.518527307567116],[-59.63951174853738,-18.518484456423327],[-59.639663055531692,-18.518316695856189],[-59.640026312476579,-18.518021588432202],[-59.6402928487202,-18.517914061503944],[-59.640764929978744,-18.517637925370437],[-59.640842020089146,-18.517471321454263],[-59.641023044379722,-18.517204898190624],[-59.641236518953455,-18.516999998407343],[-59.641571307309867,-18.516710496750932],[-59.641891772010972,-18.516250661296588],[-59.642014996121866,-18.515943786883689],[-59.642116156941341,-18.515849173155363],[-59.642305630517725,-18.515742837178099],[-59.642656910749018,-18.515582297794634],[-59.642963074578326,-18.515288078252745],[-59.643006267626227,-18.515142673385764],[-59.643145898232937,-18.514794191538449],[-59.643303719234005,-18.514507458217373],[-59.643427096571621,-18.514376308622889],[-59.643663860232373,-18.514031483849902],[-59.643695297794437,-18.513700199325719],[-59.643946800158091,-18.513215585390075],[-59.643974915754683,-18.513023910630896],[-59.644028542304298,-18.512821492794291],[-59.644096980376126,-18.512649851433867],[-59.644326778461313,-18.512398171348387],[-59.644750611937255,-18.511807503440806],[-59.644863632316202,-18.511738547051319],[-59.645201071618025,-18.511604065689824],[-59.645309178945183,-18.511581696913208],[-59.645603552549353,-18.511432388516997],[-59.645990770828405,-18.511204083623149],[-59.646308226053442,-18.511069911826365],[-59.646710705780933,-18.510732829510882],[-59.646841128348278,-18.51051370522044],[-59.646957561571156,-18.51014491629358],[-59.647354767237395,-18.509833759123484],[-59.647420881403789,-18.50969317773307],[-59.647614096041224,-18.509473071756865],[-59.647784640546597,-18.509429055659606],[-59.648075321799347,-18.509398672486824],[-59.64885597234516,-18.509138381133905],[-59.649212655966544,-18.509127641654032],[-59.649419491862609,-18.509201937321688],[-59.649745483382688,-18.509398412420204],[-59.649994397381093,-18.509596099414086],[-59.650321012886948,-18.509828749644093],[-59.650764641450678,-18.510059570523566],[-59.651202405982509,-18.51011474320234],[-59.652079254989147,-18.510468007919119],[-59.65231730802973,-18.510531472843283],[-59.652729289230159,-18.51058188598406],[-59.65308204808705,-18.510674562738068],[-59.6539094705455,-18.511142294754631],[-59.654349106380785,-18.511305975296377],[-59.655025026802207,-18.511264384293565],[-59.655111006789262,-18.511283717027549],[-59.655470715383352,-18.511448646030022],[-59.655573915610297,-18.511472872883679],[-59.65603379135819,-18.511486338482552],[-59.656222976654938,-18.511529896529858],[-59.656454166520689,-18.511691664986618],[-59.657181714411422,-18.511995546283014],[-59.657715261508322,-18.512307629494547],[-59.65791960837938,-18.512402624412875],[-59.658160785830653,-18.512481543651489],[-59.658384306482425,-18.512529724729273],[-59.65879174403252,-18.512812777049881],[-59.65895996299988,-18.512965193201055],[-59.659476396112773,-18.513277548937889],[-59.659778221039176,-18.513396864013114],[-59.660015390183148,-18.513574040991461],[-59.66030598490601,-18.513703867044203],[-59.660721455659271,-18.514121163340132],[-59.66073929320607,-18.514162234801201],[-59.660964052140486,-18.514448146130214],[-59.66151654021354,-18.514697899550388],[-59.661782342171691,-18.51471440690614],[-59.662055451491376,-18.514658434204186],[-59.662215474936275,-18.514500866597402],[-59.662411258513266,-18.514265207336599],[-59.662634344173341,-18.514122154986183],[-59.662811125894244,-18.514109035012719],[-59.662935813381957,-18.514055391046384],[-59.663037419433451,-18.513986603180854],[-59.663355395269335,-18.513718010297278],[-59.663622360566585,-18.513636288531551],[-59.664139246493519,-18.513312883552778],[-59.664561232376577,-18.513115017551655],[-59.664845049584088,-18.513017523626282],[-59.665264349304444,-18.512664636622489],[-59.665456031930653,-18.512356666356855],[-59.665757138078149,-18.5121038427089],[-59.666177870607854,-18.511999030263755],[-59.666673251456999,-18.511753484269558],[-59.666996488256075,-18.511624360990194],[-59.667377793557371,-18.511385782630722],[-59.667535313291253,-18.51124892027434],[-59.667888334710376,-18.511026280664051],[-59.668036668855976,-18.511018784378852],[-59.668178833680251,-18.510985542350348],[-59.668465142651343,-18.51086732378155],[-59.668812730925879,-18.510825676995157],[-59.669261015726434,-18.510828956594079],[-59.669633844601755,-18.510926460143388],[-59.669939154548779,-18.511247280134658],[-59.670196749421152,-18.511449964286271],[-59.670381849479625,-18.511751996984849],[-59.670480676155258,-18.511853811667841],[-59.670549979195918,-18.511899241947127],[-59.670788038227762,-18.511962685040562],[-59.670987928617265,-18.51196470089835],[-59.671404715030278,-18.511797918934928],[-59.672156585052704,-18.511196862535058],[-59.672550540309473,-18.510699640202773],[-59.672695286962529,-18.510320049384369],[-59.672726399178373,-18.510138661913452],[-59.672905835134337,-18.509784373691311],[-59.673143612114835,-18.509501514781149],[-59.673204436039121,-18.509386851558858],[-59.673374330931416,-18.509141247518372],[-59.673439439153526,-18.508943817874997],[-59.673500073989331,-18.50865342320153],[-59.673872215353903,-18.507722385158512],[-59.674005617320176,-18.507348142840474],[-59.674072053693827,-18.507062820864661],[-59.674160065825014,-18.506870202365107],[-59.674315060525551,-18.506423265091517],[-59.674572881423238,-18.505979870025861],[-59.675206801664892,-18.505163581538049],[-59.675188169502405,-18.504991902343633],[-59.675117862721649,-18.504428789602564],[-59.675437104034508,-18.504128667045816],[-59.675626814237056,-18.503929750335153],[-59.67591398025381,-18.503781163069974],[-59.676136961144977,-18.503760359587144],[-59.676918814062503,-18.503943952730058],[-59.677339417272378,-18.50386171473621],[-59.677507187800408,-18.503789913660292],[-59.677716498737539,-18.503677129944936],[-59.677860633438684,-18.503634519836982],[-59.678171084208579,-18.503675101499365],[-59.678514457943891,-18.503635105848126],[-59.678694196504011,-18.503557355212937],[-59.679039298842113,-18.50326954888768],[-59.679337832981894,-18.503080440964936],[-59.679641092008048,-18.502816344023646],[-59.679766522663421,-18.502739451146866],[-59.679885014046988,-18.502610808854239],[-59.680007744349794,-18.502378378517488],[-59.680093860740065,-18.502123469784589],[-59.680072557186321,-18.501939408761455],[-59.680073594970317,-18.501651267373386],[-59.680149250242394,-18.501488723567142],[-59.680186890887917,-18.501223061070341],[-59.680133820391845,-18.500947300218503],[-59.679990137493384,-18.500667211355566],[-59.68002114438714,-18.500367075430916],[-59.680072056673175,-18.500170347657015],[-59.680230797782926,-18.499925818604808],[-59.680288834396052,-18.49979237260407],[-59.680512247193732,-18.499448863326965],[-59.680692281494018,-18.499388394037723],[-59.680813270770564,-18.499403773024778],[-59.681118782991582,-18.499617919247413],[-59.681264413780802,-18.499661715752865],[-59.681348492167189,-18.499637339429686],[-59.681455710949571,-18.499554972644479],[-59.681668549721174,-18.499298062119703],[-59.68176440766041,-18.499256209743304],[-59.681867690518779,-18.499294914278693],[-59.681914396142332,-18.499351802126629],[-59.68202104919289,-18.499418683249587],[-59.682329362283703,-18.499794132076193],[-59.682433553062729,-18.499884688054816],[-59.68256660718891,-18.499899864898342],[-59.682729133925974,-18.49987424829456],[-59.682891162575153,-18.499819831015792],[-59.683235658072597,-18.499497453400679],[-59.683581554627025,-18.499255725573505],[-59.683942821899748,-18.499203916461507],[-59.684198892811686,-18.499003944889932],[-59.684281868838532,-18.498916199323833],[-59.684303108515834,-18.498748756658863],[-59.684294372132385,-18.49859330781366],[-59.684261102389073,-18.498415199447553],[-59.684264226941245,-18.498248042790614],[-59.684316134405719,-18.498108924907726],[-59.684452927475313,-18.497991519819848],[-59.684638694148354,-18.497913669610639],[-59.68488972995376,-18.497771401601078],[-59.68507962826051,-18.497583992936843],[-59.685237651737644,-18.497299137882102],[-59.685313089076601,-18.497125077757641],[-59.685380699501088,-18.496847411397432],[-59.685514378420763,-18.49655142098047],[-59.685627628534029,-18.496468955831268],[-59.685729609243232,-18.49643276488662],[-59.685820328145141,-18.496442851946167],[-59.686050724965334,-18.496502601187274],[-59.686201489386278,-18.496494446636554],[-59.686580817868609,-18.496240665858735],[-59.686744562726368,-18.496156668860849],[-59.686962161681564,-18.495878827702871],[-59.687090512334606,-18.49562324768403],[-59.687153886500631,-18.495449369124636],[-59.687151685007763,-18.49532263459902],[-59.686971783558647,-18.495043125062804],[-59.686800723527966,-18.494924820498685],[-59.686624627842114,-18.494864220456808],[-59.68648977011064,-18.49474534433703],[-59.68594271893722,-18.49417775454469],[-59.685732456646278,-18.493887204226414],[-59.685487183704403,-18.493666349667148],[-59.684786055472479,-18.493262540486114],[-59.68428424350531,-18.49286710385114],[-59.683977241234501,-18.492566551797758],[-59.683579419811586,-18.49225014520383],[-59.683446702726698,-18.491906491054166],[-59.683348258141152,-18.491798564931468],[-59.683100592742569,-18.491439445913567],[-59.682853925048207,-18.491137937049295],[-59.682740515532913,-18.490863130426064],[-59.682698315528718,-18.490518053670176],[-59.682801130786366,-18.490182205632255],[-59.683014357617836,-18.489948336858586],[-59.683238154142167,-18.489627877090076],[-59.683523689685039,-18.489387105018377],[-59.68379779156416,-18.488835348504121],[-59.683957509911615,-18.488648427927064],[-59.684452729940602,-18.488317907852554],[-59.684696227821043,-18.488089328341765],[-59.684946249525005,-18.487889450357748],[-59.685069164578493,-18.487668535723937],[-59.685281583765828,-18.487388580881447],[-59.685380860094469,-18.487196856503381],[-59.685413359848575,-18.486983131305045],[-59.685476231415365,-18.486780452229372],[-59.685606781896119,-18.486651617753495],[-59.685761760834588,-18.486539678480185],[-59.686294084053067,-18.486260432010322],[-59.687144566952988,-18.485917199509149],[-59.687360268285623,-18.48577894358786],[-59.687726271250973,-18.485429923662196],[-59.687838305063515,-18.485232021913326],[-59.688013816143403,-18.484996347302651],[-59.688126063034382,-18.48481069194251],[-59.688265018286842,-18.484685909272716],[-59.688404622026781,-18.484597902730659],[-59.688827033962276,-18.484542182941162],[-59.689018569476993,-18.484490115604405],[-59.689209472693264,-18.484401293050826],[-59.689424530220059,-18.484226272404058],[-59.689549173595942,-18.484015906179788],[-59.689646672835138,-18.483720170219012],[-59.689706325057507,-18.483461798815362],[-59.689830106594158,-18.483202421256539],[-59.689961826990526,-18.482660978388047],[-59.690008653002224,-18.482402816283013],[-59.690095025467741,-18.482205318345194],[-59.690219872675073,-18.482007210581056],[-59.690308162258006,-18.481920003612384],[-59.690423599266303,-18.481918176295316],[-59.690577084846211,-18.481891233171694],[-59.690768410324615,-18.481826907694106],[-59.690869316807422,-18.4817272479693],[-59.690905239587998,-18.481579583657226],[-59.690912953346512,-18.481285259539444],[-59.690961056560184,-18.481100628351594],[-59.691010447142475,-18.480989525061464],[-59.691131000110808,-18.480914068959745],[-59.691295015020636,-18.480856808885825],[-59.691357649133451,-18.480770018832082],[-59.691368984532396,-18.480684031202617],[-59.691418579813337,-18.480585185118507],[-59.691666317945213,-18.480446416076663],[-59.69194860395374,-18.480165095204363],[-59.692009532015092,-18.479980259390757],[-59.692031774710685,-18.47978377618108],[-59.692007436205692,-18.479122219106795],[-59.692029252279355,-18.478901230722048],[-59.692141694838718,-18.478727833367788],[-59.692253291809116,-18.478505420524382],[-59.692287935458751,-18.478284226889397],[-59.692287707278247,-18.478271176725354],[-59.692282391595008,-18.477965600266188],[-59.692234530860048,-18.477427000740501],[-59.692222072480128,-18.476949227074627],[-59.727633515307062,-18.471928992560159],[-59.763043997243891,-18.466901798013438],[-59.798453504159326,-18.461867648785582],[-59.833862021927985,-18.456826550240354],[-59.869269536430458,-18.451778507754128],[-59.904676033553265,-18.446723526715882],[-59.94008149918897,-18.441661612527188],[-59.975485919236156,-18.4365927706022],[-60.002349212300579,-18.432877720254499],[-60.02927164618486,-18.429048771398445],[-60.056193465813585,-18.425215825631014],[-60.086853423574262,-18.420915321685825],[-60.117512592674352,-18.416609643628231],[-60.153348167198203,-18.411404259319127],[-60.189182566712979,-18.406191806677047],[-60.225015776648604,-18.400972291455897],[-60.260847782441623,-18.395745719422639],[-60.296678569535246,-18.390512096357259],[-60.332508123379448,-18.385271428052782],[-60.368336429430883,-18.380023720315211],[-60.404163473153019,-18.374768978963544],[-60.439989240016118,-18.369507209829738],[-60.475813715497246,-18.364238418758681],[-60.511636885080385,-18.358962611608202],[-60.547458734256352,-18.353679794249025],[-60.583279248522928,-18.348389972564757],[-60.619098413384833,-18.343093152451875],[-60.654916214353776,-18.3377893398197],[-60.690732636948475,-18.33247854059039],[-60.726547666694692,-18.327160760698888],[-60.762361289125266,-18.321836006092958],[-60.79817348978014,-18.316504282733099],[-60.833984254206392,-18.311165596592588],[-60.869793567958261,-18.305819953657416],[-60.905601416597193,-18.300467359926287],[-60.94140778569183,-18.295107821410589],[-60.977212660818111,-18.289741344134402],[-61.013016027559203,-18.284367934134437],[-61.048817871505641,-18.278987597460034],[-61.084618178255262,-18.273600340173164],[-61.120416933413289,-18.268206168348367],[-61.15621412259236,-18.262805088072771],[-61.192009731412519,-18.257397105446035],[-61.227803745501276,-18.251982226580374],[-61.263596150493647,-18.246560457600495],[-61.288496887423648,-18.243500798123172],[-61.311047908850647,-18.240101470881704],[-61.333598284276178,-18.236699414231534],[-61.356148010108818,-18.233294629703686],[-61.378697082758336,-18.229887118831119],[-61.401245498635681,-18.226476883148766],[-61.423793254153004,-18.223063924193522],[-61.446340345723662,-18.219648243504235],[-61.468886769762207,-18.216229842621686],[-61.491432522684399,-18.212808723088632],[-61.513977600907175,-18.209384886449751],[-61.536522000848741,-18.20595833425169],[-61.559065718928466,-18.202529068043031],[-61.581608751566939,-18.199097089374302],[-61.604151095185998,-18.195662399797957],[-61.626692746208668,-18.192225000868408],[-61.64923370105921,-18.188784894141993],[-61.680957910728168,-18.183632179247176],[-61.712680612291926,-18.178474100521512],[-61.744401795897254,-18.173310662606358],[-61.776121451696056,-18.168141870150563],[-61.804750180545902,-18.1629941544975],[-61.833377492062802,-18.15784207442271],[-61.868672954168538,-18.152219765321668],[-61.903966536058483,-18.146590850834428],[-61.939258224131251,-18.140955337251999],[-61.97454800479332,-18.135313230876797],[-62.009835864459106,-18.129664538022681],[-62.045121789550947,-18.124009265014916],[-62.080405766499091,-18.11834741819014],[-62.115687781741812,-18.112679003896357],[-62.150967821725395,-18.107004028492923],[-62.186245872904109,-18.101322498350481],[-62.221521921740312,-18.09563441985101],[-62.25679595470443,-18.089939799387746],[-62.292067958275027,-18.084238643365193],[-62.327337918938753,-18.078530958199096],[-62.362605823190442,-18.072816750316385],[-62.397871657533109,-18.06709602615522],[-62.418256548287602,-18.064797759798271],[-62.438640974599544,-18.062497326493585],[-62.459024933740274,-18.060194727104236],[-62.479408422981784,-18.057889962494588],[-62.499791439596692,-18.055583033530279],[-62.520173980858267,-18.053273941078231],[-62.540556044040429,-18.050962686006649],[-62.560937626417704,-18.048649269185006],[-62.588780040856321,-18.045066310856864],[-62.616621413747971,-18.041479319229495],[-62.650394645794506,-18.037525249096724],[-62.684166476733701,-18.033565254495709],[-62.716378035138021,-18.029367460907128],[-62.748588145610213,-18.025164282186374],[-62.778494849735011,-18.021759145143047],[-62.808400457709112,-18.01834937392686],[-62.808450366152812,-18.01834368068462],[-62.810358828785084,-18.018125920173688]]]},"properties":{"FID":0,"id":0,"c_ut":" ","DEPARTAMEN":"Santa Cruz","PROVINCIA":"Cordillera","MUNICIPIO":"Charagua","CAPITAL":" ","SUP_HA":7071845.8439199999}}]}