{
  "type" : "FeatureCollection",
  "features" : [{"type":"Feature","id":0,"geometry":{"type":"Polygon","coordinates":[[[-63.881154513999938,-18.089236577442382],[-63.884927577999974,-18.088310087442451],[-63.886200796999965,-18.087526972442468],[-63.887764256999958,-18.086742513442484],[-63.888573049999934,-18.085961519442492],[-63.888639765999976,-18.087682312442457],[-63.888037051999966,-18.091072114442365],[-63.887849401999972,-18.092127499442313],[-63.887172039999939,-18.095961450442207],[-63.887599648999974,-18.100178951442121],[-63.888304417999962,-18.101785765442081],[-63.889765887999943,-18.103777720442018],[-63.88983627299995,-18.106220242441932],[-63.889728285999965,-18.107830798441878],[-63.888686331999978,-18.108446317441874],[-63.888516376999966,-18.110769655441814],[-63.889450375999957,-18.111830958441821],[-63.890388872999949,-18.113780243441742],[-63.890229169999941,-18.118931430441609],[-63.887266389999972,-18.120721114441562],[-63.884105330999937,-18.120025240441574],[-63.881518382999957,-18.122701124441502],[-63.876763328999971,-18.126417659441426],[-63.877840823999982,-18.130177201441334],[-63.875635398999975,-18.13174280844126],[-63.874602649999972,-18.133087007441237],[-63.874611238999925,-18.134815360441149],[-63.873611876999966,-18.13889893244108],[-63.872692827999963,-18.139836406441063],[-63.871747187999972,-18.140532049441017],[-63.871279945999966,-18.141530156441025],[-63.871116170999969,-18.142278134441021],[-63.871053807999942,-18.142562951440965],[-63.87059532499994,-18.143375702440963],[-63.869982304999944,-18.144115454440975],[-63.865100420999958,-18.146597112440862],[-63.864885202999972,-18.146706511440893],[-63.86482871499998,-18.146735226440882],[-63.864765074999966,-18.146767576440837],[-63.864752344999935,-18.146774047440868],[-63.86473428499994,-18.146783227440874],[-63.864577997999959,-18.146862670440878],[-63.864470870999973,-18.146917126440862],[-63.864217352999958,-18.147045993440862],[-63.864103722999971,-18.147103750440891],[-63.864018372999951,-18.147147136440839],[-63.863902293999949,-18.147206139440886],[-63.863775204999953,-18.147270739440859],[-63.863611156999966,-18.147354129440831],[-63.863457039999957,-18.147432470440823],[-63.863366740999943,-18.147478372440855],[-63.863225128999936,-18.147550356440838],[-63.86316466699995,-18.147581091440841],[-63.863120503999923,-18.147603540440844],[-63.863115434999933,-18.147606117440834],[-63.863099237999954,-18.147616073440826],[-63.862984491999953,-18.147686607440875],[-63.859962271999954,-18.149544354440767],[-63.855935792999958,-18.149287437440783],[-63.85406297399998,-18.148471137440804],[-63.851056771999914,-18.151095766440761],[-63.846748705999971,-18.152076838440728],[-63.84460290699996,-18.15428527044066],[-63.840024278999977,-18.158840757440526],[-63.836308016999965,-18.163392393440429],[-63.834018832999952,-18.165738774440364],[-63.833651249999939,-18.168298444440303],[-63.835232446999939,-18.168021443440331],[-63.837949905999935,-18.168982107440282],[-63.839029671999981,-18.170220024440205],[-63.838364870999953,-18.17303234444018],[-63.836679093999969,-18.175092729440109],[-63.835735553999932,-18.174757870440104],[-63.835372205999981,-18.175216367440107],[-63.835404798999946,-18.176156936440101],[-63.835632040999933,-18.176639742440081],[-63.836295296999921,-18.177579654440024],[-63.835622969999967,-18.178825207440049],[-63.833768825999982,-18.181156437439942],[-63.832051210999957,-18.181751255439927],[-63.83136071499996,-18.181886370439944],[-63.830499468999946,-18.182451625439882],[-63.829649655999944,-18.184311741439902],[-63.828743131999929,-18.185793124439869],[-63.828807538999968,-18.1871259064398],[-63.82977042999994,-18.187982682439809],[-63.830035080999949,-18.188648068439765],[-63.829805921999935,-18.189343360439739],[-63.829284629999961,-18.189706649439714],[-63.828537673999961,-18.192425344439645],[-63.827686154999967,-18.195689680439589],[-63.828392533999995,-18.198826264439532],[-63.827535104999981,-18.200317156439464],[-63.827548366999956,-18.203126241439346],[-63.827554607999957,-18.204448164439381],[-63.826182351999925,-18.206767488439276],[-63.824905452999971,-18.208309677439257],[-63.82520960099999,-18.212392811439148],[-63.825369379999984,-18.216068120439047],[-63.825948858999929,-18.218107845438983],[-63.824978554999959,-18.223830235438843],[-63.825015132999965,-18.231590504438611],[-63.823743090999997,-18.244032112438298],[-63.825640859999936,-18.253450791438055],[-63.829995970999967,-18.261679461437833],[-63.837547576999938,-18.273149624437565],[-63.837800800999965,-18.278574485437403],[-63.840097744999987,-18.283773332437207],[-63.841935192999969,-18.287888977437138],[-63.840843156999924,-18.297009392436884],[-63.836536574999975,-18.299198681436813],[-63.834512437999926,-18.303548301436734],[-63.83498143799995,-18.306584787436623],[-63.833412680999956,-18.311149443436555],[-63.832290017999973,-18.313975837436459],[-63.831623866999962,-18.317234312436387],[-63.832679595999934,-18.318716536436295],[-63.833612099999954,-18.320710541436291],[-63.833839264999938,-18.321245828436233],[-63.831690309999928,-18.328404062436043],[-63.831666907999974,-18.328486907436041],[-63.830060909999979,-18.333839778435937],[-63.83005694499996,-18.333844469435931],[-63.828191989999944,-18.336050711435881],[-63.826172136999936,-18.338440116435802],[-63.824941815999971,-18.339518001435785],[-63.816768321999973,-18.344915986435641],[-63.815807085999957,-18.353861677435365],[-63.815803050999932,-18.353929805435371],[-63.815802267999963,-18.353943043435386],[-63.818796466999963,-18.370112382434932],[-63.814336653999973,-18.377416161434802],[-63.814002972999951,-18.377962599434756],[-63.813930285999945,-18.382319872434657],[-63.813920860999986,-18.382884823434651],[-63.813915294999966,-18.383218498434619],[-63.817413480999953,-18.386528421434541],[-63.82019683599998,-18.388106543434517],[-63.824735552999982,-18.390679776434411],[-63.82526818299992,-18.390642386434426],[-63.826809588999929,-18.393976787434351],[-63.826455847999945,-18.397516509434215],[-63.825405300999932,-18.397776747434236],[-63.825367772999975,-18.397790169434234],[-63.824634511999918,-18.401999866434139],[-63.820432256999936,-18.408624182433961],[-63.820598438999973,-18.408781388433944],[-63.820892470999958,-18.408951175433952],[-63.82164262699996,-18.409118989433953],[-63.821873876999952,-18.40922135543391],[-63.821937176999938,-18.409397626433936],[-63.821601723999947,-18.410798627433891],[-63.821398138999939,-18.412525620433826],[-63.821234513999954,-18.413286725433828],[-63.820381710999989,-18.414193033433776],[-63.819093837999951,-18.415195177433784],[-63.818053854999967,-18.416053876433757],[-63.817461750999925,-18.417005556433764],[-63.817266248999928,-18.417718245433683],[-63.817426378999983,-18.420042927433609],[-63.818157081999971,-18.421405789433592],[-63.818786682999978,-18.42164998043361],[-63.819181028999921,-18.4220088244336],[-63.819649099999921,-18.422664634433563],[-63.819913151999955,-18.42303280443355],[-63.820285281999965,-18.42352759943353],[-63.82057360899995,-18.423815519433543],[-63.821576067999949,-18.423935523433538],[-63.821933934999933,-18.424038129433512],[-63.822441294000001,-18.424248548433553],[-63.822983497999978,-18.424210990433519],[-63.823487062999966,-18.424215480433539],[-63.823835975999941,-18.424354372433541],[-63.825220532999936,-18.424519657433525],[-63.825449410999973,-18.424597045433522],[-63.825629442999947,-18.424750567433527],[-63.825760287999962,-18.425197218433457],[-63.825783583999964,-18.425761139433501],[-63.825564157999956,-18.426193154433502],[-63.825557771999954,-18.426257177433484],[-63.825589600999926,-18.4262999554335],[-63.82578600599998,-18.426377765433497],[-63.826022901999984,-18.426404688433514],[-63.826335721999939,-18.426531983433467],[-63.826889209999926,-18.426740420433465],[-63.827238152999939,-18.426867827433465],[-63.827369431999962,-18.427049197433469],[-63.82739408599997,-18.427132336433434],[-63.827467458999912,-18.427191861433474],[-63.827585976999956,-18.427465822433462],[-63.827476909999952,-18.427752416433428],[-63.827439417999969,-18.427871972433461],[-63.827401539999983,-18.428162521433464],[-63.827462969999928,-18.428544341433398],[-63.827551480999951,-18.428712193433395],[-63.827703203999988,-18.428809128433389],[-63.827994447999963,-18.42892784243341],[-63.828463590999945,-18.429015384433423],[-63.828999632999967,-18.429089836433388],[-63.829870586999945,-18.429188417433437],[-63.830097814999974,-18.429097835433431],[-63.830340410999931,-18.428932590433437],[-63.830471121999935,-18.428750644433428],[-63.830534190999963,-18.428474112433388],[-63.830486921999977,-18.428095189433435],[-63.83042740999997,-18.427796571433454],[-63.830663853999951,-18.427452999433463],[-63.830874283999954,-18.427258577433449],[-63.831199959999928,-18.427141256433462],[-63.831439309999951,-18.427091982433478],[-63.832103069999953,-18.427101928433455],[-63.833224483999963,-18.427194201433473],[-63.833678637999967,-18.427386359433463],[-63.834090405999966,-18.427685569433429],[-63.834445105999976,-18.428035704433434],[-63.834605165999932,-18.428338244433444],[-63.834616097999969,-18.428808876433411],[-63.834554346999944,-18.429462909433376],[-63.834407183999964,-18.430587266433367],[-63.834424453999958,-18.430694669433407],[-63.83449097499993,-18.430805610433399],[-63.834599723999979,-18.430937060433358],[-63.834707323999972,-18.430989963433323],[-63.834780759999944,-18.430987463433347],[-63.834860861999978,-18.430935912433341],[-63.835093312999959,-18.430738717433314],[-63.835541854999967,-18.43021005843336],[-63.835799978999937,-18.430016361433385],[-63.835887403999941,-18.429971521433377],[-63.835980957999929,-18.429932719433381],[-63.836054610999938,-18.429932395433379],[-63.836106802999943,-18.429950048433387],[-63.836238932999947,-18.430099688433376],[-63.836383054999928,-18.430272326433336],[-63.836515072999973,-18.430467876433362],[-63.836779381999953,-18.430744205433349],[-63.836899519999967,-18.430870852433337],[-63.837034967999962,-18.430925611433359],[-63.83717767699995,-18.430928921433377],[-63.837308886999935,-18.430918094433387],[-63.837525436999954,-18.430837798433352],[-63.837598249999971,-18.430781300433367],[-63.83796051399996,-18.430369275433385],[-63.838085379999946,-18.430316995433341],[-63.838212222999971,-18.430315205433352],[-63.83832762499997,-18.430369717433361],[-63.838441070999984,-18.430481805433342],[-63.83847792499995,-18.43056607743339],[-63.838597318999959,-18.431076889433303],[-63.838561903999945,-18.431193963433319],[-63.838531845999967,-18.431250916433338],[-63.838519594999994,-18.431372967433358],[-63.838532896999936,-18.431468479433363],[-63.838578029999972,-18.431551514433323],[-63.838647318999953,-18.431589561433324],[-63.83873661299998,-18.431605832433313],[-63.83902954899996,-18.431589400433321],[-63.839162981999955,-18.431603279433315],[-63.839318438999925,-18.431659203433352],[-63.839582880999956,-18.431878143433305],[-63.839846977999969,-18.432041074433361],[-63.839928660999981,-18.432081429433371],[-63.83997894599996,-18.432094003433335],[-63.840015968999992,-18.432086140433317],[-63.840188450999975,-18.431967364433302],[-63.840276142999983,-18.431932706433301],[-63.840378904999966,-18.431914936433312],[-63.840517003999921,-18.431893249433351],[-63.840591104999987,-18.431896808433336],[-63.840726901999972,-18.431927745433281],[-63.84122018299994,-18.432147423433303],[-63.841520960999944,-18.432286133433351],[-63.841737366999951,-18.432447515433356],[-63.841803860999946,-18.432668574433311],[-63.841820667999983,-18.432883942433346],[-63.841798574999984,-18.433060605433308],[-63.841775343999984,-18.433161112433318],[-63.841699357999978,-18.433262319433275],[-63.841622145999949,-18.433328172433317],[-63.841447559999928,-18.433392279433296],[-63.841217165999979,-18.433455887433297],[-63.841174699999939,-18.433517276433296],[-63.841120445999934,-18.433616268433305],[-63.841059355999946,-18.433994838433296],[-63.840998206999977,-18.434396361433276],[-63.840877053999961,-18.434705870433255],[-63.840622805999949,-18.435278938433214],[-63.840561726999958,-18.435476608433266],[-63.840555100999957,-18.435593554433247],[-63.84060975899996,-18.435715056433263],[-63.840779729999952,-18.435908915433231],[-63.841162790999981,-18.436141521433235],[-63.841442833999949,-18.436314857433189],[-63.841535616999963,-18.43637228743323],[-63.841860403999966,-18.436545502433194],[-63.842143269999958,-18.436604355433229],[-63.842462479999924,-18.436593352433206],[-63.842860063999971,-18.43653724543319],[-63.842946893999972,-18.436516850433222],[-63.843342077999964,-18.436424024433176],[-63.843415091999987,-18.436425424433249],[-63.843475429999963,-18.43644115243324],[-63.84357121999993,-18.436484534433237],[-63.843690347999953,-18.436571386433194],[-63.843731918999929,-18.436622272433205],[-63.84375917199997,-18.436655634433208],[-63.843821777999935,-18.436746779433214],[-63.843845603999966,-18.436826664433195],[-63.84387070899998,-18.436988132433196],[-63.84380946999994,-18.437435566433205],[-63.84366601499994,-18.438002390433166],[-63.843470458999931,-18.438232690433139],[-63.843318404999941,-18.438421081433138],[-63.843297061999969,-18.438525460433109],[-63.843367414999932,-18.438642050433142],[-63.843400373999927,-18.438670755433158],[-63.842727528999937,-18.438999095433172],[-63.839826540999979,-18.438953931433151],[-63.836834773999939,-18.440455555433108],[-63.835719201999943,-18.441765946433083],[-63.835045879999925,-18.442638801433052],[-63.834919129999939,-18.442879033433027],[-63.841923201999975,-18.444649912433018],[-63.848289197999961,-18.446066547432981],[-63.854662436999938,-18.448927920432883],[-63.863432411999952,-18.446576228432956],[-63.87374975099992,-18.450863937432814],[-63.877217264999956,-18.477724529432081],[-63.886916213999918,-18.479124343432083],[-63.890421420999992,-18.49176755443176],[-63.891142162999984,-18.491218039431804],[-63.896218004999973,-18.490181042431789],[-63.897463805999948,-18.48992953743182],[-63.898698210999939,-18.48968032343182],[-63.900663102999943,-18.488481697431823],[-63.903996854999946,-18.488521126431841],[-63.907518650999968,-18.491242406431798],[-63.910536297999947,-18.489384077431822],[-63.918490980999934,-18.488079582431858],[-63.92235092399995,-18.48616171143189],[-63.925103468999964,-18.480434097432017],[-63.930850717999988,-18.480827625432024],[-63.936257563999966,-18.466966471432425],[-63.939869570999974,-18.463483713432481],[-63.944803851999943,-18.464696641432493],[-63.948679051999925,-18.461954885432533],[-63.957488356999995,-18.460425654432562],[-63.968391589999939,-18.462350196432556],[-63.978774948999934,-18.464029296432489],[-63.984836893999955,-18.462723019432502],[-63.990474473999924,-18.462870009432521],[-63.992881508999972,-18.463651044432492],[-63.998827749999961,-18.46199595143252],[-63.999243025999988,-18.461148560432544],[-64.000806185999963,-18.45981760543259],[-64.00487233299998,-18.459884278432568],[-64.004796353999936,-18.462706457432542],[-64.003804029999969,-18.466856198432403],[-64.002808587999922,-18.470476867432279],[-63.995967083999943,-18.477056613432104],[-63.995468467999949,-18.479598168432041],[-63.995941219999963,-18.481447474432048],[-63.996691732999977,-18.483383497431973],[-63.997169610999947,-18.48611457643192],[-64.000043170999959,-18.4875984894319],[-64.001158304999933,-18.488650760431852],[-63.999967123999966,-18.490420662431795],[-64.005484450999958,-18.493147156431721],[-64.010267074999931,-18.493544000431729],[-64.013910365999934,-18.495889445431676],[-64.014381324999988,-18.500701226431534],[-64.015996695999945,-18.504408863431454],[-64.01636575699996,-18.506940722431349],[-64.014974699999968,-18.511255721431223],[-64.015438277999976,-18.514800609431152],[-64.014754920999948,-18.519027344431002],[-64.013525886999957,-18.520807624430997],[-64.011592013999959,-18.5231828994309],[-64.013719286999944,-18.52781851043083],[-64.013465496999956,-18.530658530430738],[-64.011041408999958,-18.532477934430688],[-64.009439462999964,-18.536099338430624],[-64.011079352999957,-18.538929227430526],[-64.02847139999993,-18.549587052430265],[-64.047145903999919,-18.55584432043004],[-64.05818484699995,-18.571437866429633],[-64.075208982999982,-18.586670459429236],[-64.085669186999951,-18.591176527429134],[-64.096200793999969,-18.580026659429418],[-64.097724107999952,-18.577571714429517],[-64.108137895999945,-18.57490165642956],[-64.113064893999933,-18.569980494429732],[-64.119991242999959,-18.557056857430037],[-64.13154592799998,-18.548177504430281],[-64.143328653999959,-18.544034357430416],[-64.147608057999946,-18.544823753430347],[-64.150332482999943,-18.543176474430396],[-64.155509323999965,-18.535542670430615],[-64.160187436999919,-18.534147343430657],[-64.164920937999966,-18.526290863430866],[-64.164216209999935,-18.523196875430884],[-64.166069984999979,-18.519271769431015],[-64.168269269999954,-18.517074786431095],[-64.180713078999972,-18.510864353431316],[-64.189302145999918,-18.508466465431294],[-64.189918954999925,-18.502565462431456],[-64.190553942999941,-18.499299228431571],[-64.192779963999939,-18.497905033431568],[-64.191814311999963,-18.49138663643177],[-64.19599266099992,-18.48709428143183],[-64.202475741999919,-18.45982404443258],[-64.213913194999961,-18.440257889433088],[-64.21937090699997,-18.437609542433176],[-64.224579537999944,-18.434962653433249],[-64.227050066999936,-18.43233334843336],[-64.229750840999941,-18.427089173433433],[-64.232212721999957,-18.423271978433519],[-64.235448287999986,-18.423250957433602],[-64.23939478599992,-18.418236131433698],[-64.241464754999967,-18.413499524433849],[-64.243302877999952,-18.412120405433832],[-64.248608708999939,-18.410245656433904],[-64.25333821299995,-18.406098807434024],[-64.260199919999934,-18.399440984434161],[-64.261332937999953,-18.39236609243439],[-64.26247514399995,-18.386563262434549],[-64.25993884899998,-18.383894470434591],[-64.256348936999984,-18.378829682434699],[-64.256614302999921,-18.374587489434859],[-64.252444806999961,-18.371222612434892],[-64.251486370999928,-18.368013945435035],[-64.248701261999926,-18.36531056843511],[-64.249436812999917,-18.361151933435206],[-64.255370204999963,-18.355886222435359],[-64.27005056299997,-18.356026493435316],[-64.279418379999967,-18.353533197435429],[-64.284151261999966,-18.348787491435495],[-64.289858429999967,-18.343064375435681],[-64.295263495999961,-18.341310406435756],[-64.298776837999966,-18.338014759435808],[-64.304767485999946,-18.337318729435822],[-64.307203883999918,-18.336584504435866],[-64.309965693999985,-18.33722549343581],[-64.311211877999938,-18.344988023435647],[-64.31517140499993,-18.346933961435614],[-64.320828406999965,-18.349764969435505],[-64.326488323999968,-18.352954542435416],[-64.331575269999973,-18.354892264435328],[-64.333478528999919,-18.358107832435309],[-64.34059053299994,-18.354649657435388],[-64.350557518999949,-18.356014310435327],[-64.365293080999948,-18.342635116435655],[-64.372457569999924,-18.345991888435574],[-64.377760714999965,-18.346405790435572],[-64.382202659999962,-18.34861040043554],[-64.385163315999932,-18.34455028843562],[-64.38479601899995,-18.338548081435789],[-64.387441025999962,-18.336456494435836],[-64.38969121699995,-18.333084951435954],[-64.389725993999946,-18.329294613436026],[-64.389579012999945,-18.327183177436087],[-64.389826323999941,-18.325565929436173],[-64.390507653999961,-18.32127381743625],[-64.39692785599992,-18.32786732443606],[-64.399539373999986,-18.329013162436048],[-64.400338796999947,-18.327298656436106],[-64.402084249999973,-18.328393430436044],[-64.410130147999922,-18.331342777435999],[-64.412260186999958,-18.333268642435915],[-64.414112846999956,-18.331080292435978],[-64.417690837999942,-18.331053729435986],[-64.418985588999988,-18.330267451435994],[-64.422790357999986,-18.328142156436087],[-64.424909670999952,-18.328747654436075],[-64.430599906999987,-18.328472067436053],[-64.437317296999922,-18.331761591435978],[-64.434979121999959,-18.334562039435927],[-64.43389050699993,-18.336585389435886],[-64.433846423999967,-18.337195457435818],[-64.433755220999942,-18.338457627435819],[-64.434921800999973,-18.339792289435728],[-64.436536713999928,-18.340682787435757],[-64.436997866999945,-18.341743829435678],[-64.436206715999944,-18.343285150435694],[-64.438232599999921,-18.345237050435625],[-64.439858983999954,-18.347479824435542],[-64.440427546999956,-18.349394721435488],[-64.441522318999944,-18.353472731435403],[-64.441564316999973,-18.353629171435387],[-64.44273457499996,-18.354633341435381],[-64.444865042999936,-18.355678462435328],[-64.445427939999917,-18.356542501435346],[-64.444751734999954,-18.357198532435312],[-64.44476103099997,-18.357202065435303],[-64.444982228999947,-18.357705912435279],[-64.444901738999974,-18.358350949435266],[-64.444069997999975,-18.358990290435223],[-64.442940139999962,-18.359340412435213],[-64.441208678999928,-18.359757697435217],[-64.440301793999936,-18.360396452435229],[-64.440154586999938,-18.36098510243519],[-64.440373049999934,-18.362273050435117],[-64.440190331999958,-18.364972948435067],[-64.442619572999945,-18.365479404435096],[-64.445669300999938,-18.366722074435042],[-64.448407215999964,-18.373215501434867],[-64.447965628999938,-18.374546406434863],[-64.447758065999949,-18.374678248434829],[-64.447842365999975,-18.375185945434801],[-64.447310492999975,-18.375899301434774],[-64.447385028999975,-18.375971602434852],[-64.446931855999935,-18.376255125434781],[-64.446108981999942,-18.375818468434833],[-64.445514485999965,-18.375024848434798],[-64.44461827799995,-18.374372416434866],[-64.443491311999935,-18.374363871434852],[-64.442516399999988,-18.37414126043485],[-64.442378083999969,-18.372705450434871],[-64.442010796999952,-18.371698329434924],[-64.440969139999922,-18.370470870434964],[-64.439694930999948,-18.370102494434963],[-64.43826328199998,-18.370593770434962],[-64.437278590999938,-18.371544852434912],[-64.436594027999931,-18.372543971434901],[-64.435911857999926,-18.373256153434856],[-64.43448077499994,-18.373675668434878],[-64.432751565999979,-18.37380594443486],[-64.431621596999946,-18.374156001434852],[-64.431224707999945,-18.374691527434855],[-64.431115326999986,-18.374996227434806],[-64.430704223999953,-18.375393821434834],[-64.430405658999959,-18.37579667843481],[-64.429721043999947,-18.376795771434811],[-64.429696088999947,-18.376882324434764],[-64.429544616999962,-18.378326295434718],[-64.429588527999954,-18.378797305434752],[-64.429699365999952,-18.379378168434691],[-64.429658217999986,-18.379544834434689],[-64.429919845999976,-18.382351187434658],[-64.430788400999973,-18.383977512434566],[-64.431368794999969,-18.385225001434552],[-64.430724391999931,-18.386546673434491],[-64.430763776999967,-18.386847028434534],[-64.430032209999965,-18.387966339434467],[-64.429389801999946,-18.389283918434483],[-64.429397464999951,-18.390213219434454],[-64.429601204999983,-18.39107064543439],[-64.42940710799995,-18.391382532434406],[-64.429411164999976,-18.391874553434402],[-64.429993740999976,-18.394765767434325],[-64.433449042999939,-18.397559140434222],[-64.434347820999946,-18.400066951434205],[-64.433559678999956,-18.401972445434101],[-64.433257506999951,-18.403351760434099],[-64.432924774999947,-18.403701358434091],[-64.432796073999953,-18.404366434434017],[-64.432264660999962,-18.405008007434066],[-64.430830919999948,-18.405714419434052],[-64.429322625999987,-18.406348513434001],[-64.428485194999951,-18.407633364434005],[-64.427719662999948,-18.409303429433937],[-64.427461774999969,-18.409732968433914],[-64.428463276999935,-18.413047618433804],[-64.428289427999943,-18.417106227433717],[-64.42740921499994,-18.418388269433713],[-64.427111602999943,-18.419054935433667],[-64.426425605999938,-18.420197458433623],[-64.425366265999969,-18.421050169433595],[-64.424457217999986,-18.421904028433612],[-64.423179665999939,-18.421894218433636],[-64.422838035999959,-18.422009832433591],[-64.422118293999972,-18.423090054433537],[-64.421762751999935,-18.423220360433568],[-64.421587589999916,-18.42353191343355],[-64.420602148999933,-18.424528639433515],[-64.420441546999925,-18.425746917433496],[-64.419803562999959,-18.426412650433488],[-64.419758632999944,-18.426516774433519],[-64.419758514999927,-18.426530757433468],[-64.419757907999937,-18.426602488433478],[-64.419063713999918,-18.428284602433425],[-64.419273199999949,-18.430137412433375],[-64.418900306999944,-18.43025438243339],[-64.418896060999941,-18.430756538433354],[-64.418366345999956,-18.431182872433336],[-64.416961370999942,-18.43132737643333],[-64.416646393999926,-18.431424894433345],[-64.416475438999939,-18.433390036433288],[-64.416940724999961,-18.433766234433293],[-64.416936473999939,-18.434268352433246],[-64.416254003999939,-18.434980445433251],[-64.415798524999957,-18.435169463433272],[-64.415575174999944,-18.435262150433253],[-64.414587206999954,-18.436545765433184],[-64.414279891999954,-18.437332483433206],[-64.413521026999931,-18.438187447433158],[-64.412391850999938,-18.438393924433178],[-64.41230950299996,-18.438425927433183],[-64.411158895999961,-18.439500047433157],[-64.41053511299998,-18.441962789433042],[-64.410779421999962,-18.442398638433062],[-64.410318104999988,-18.443614569433016],[-64.409485256999972,-18.444325472432965],[-64.407146771999976,-18.44531163643299],[-64.407146160999943,-18.445383366432992],[-64.406389064999985,-18.446023109432929],[-64.40625507399993,-18.446127922432954],[-64.406401790999936,-18.447907343432895],[-64.405089029999942,-18.450277972432865],[-64.403496708999953,-18.453377095432746],[-64.401604896999956,-18.454753146432743],[-64.400368759999921,-18.454853083432745],[-64.396367561999952,-18.454246961432748],[-64.391421530999921,-18.454464927432703],[-64.384587144999955,-18.456512650432686],[-64.382713945999953,-18.45760382643266],[-64.380883096999966,-18.458670333432657],[-64.379936217999941,-18.460396179432593],[-64.378028225999955,-18.462071713432511],[-64.37521228599995,-18.462837044432518],[-64.369832308999946,-18.465855526432453],[-64.36582404499994,-18.467718011432432],[-64.363189884999926,-18.468711055432376],[-64.362445977999982,-18.469202933432353],[-64.362537059999966,-18.469494038432355],[-64.362528892999919,-18.470426522432309],[-64.362083474999963,-18.470896710432338],[-64.362128568999935,-18.471182531432287],[-64.360519595999961,-18.472741156432274],[-64.356857359999935,-18.472824717432271],[-64.354302192999967,-18.473953450432226],[-64.352129299999945,-18.476205918432147],[-64.351249739999943,-18.476762263432125],[-64.348647449999987,-18.478174318432117],[-64.345803946999979,-18.47823121343211],[-64.342840582999926,-18.4777021744321],[-64.341113248999918,-18.477971111432147],[-64.339740606999968,-18.479374338432077],[-64.338715238999953,-18.480958459432024],[-64.337225554999975,-18.482142468432006],[-64.33526701299995,-18.482339645432017],[-64.33485196099997,-18.482563504432019],[-64.335700475999928,-18.483318420431996],[-64.335699837999982,-18.483390149431962],[-64.335992873999928,-18.484253333431958],[-64.336057833999959,-18.485401604431896],[-64.335068416999945,-18.486756529431904],[-64.333785311999975,-18.487319993431875],[-64.333122595999939,-18.487692110431837],[-64.332732436999947,-18.487911184431873],[-64.332672053999957,-18.489210836431837],[-64.333022575999962,-18.490455203431754],[-64.331727591999922,-18.491982205431729],[-64.329578273999957,-18.493244150431696],[-64.327717592999932,-18.495100361431682],[-64.326457306999927,-18.497040292431606],[-64.326700198999959,-18.497735505431613],[-64.326699556999969,-18.49780723343158],[-64.326164302999999,-18.498807140431545],[-64.325216960999967,-18.499249443431523],[-64.323787176999971,-18.501199452431525],[-64.321577121999951,-18.501973846431458],[-64.31998456499997,-18.501768121431464],[-64.318828288999953,-18.499174083431555],[-64.317110106999948,-18.497397104431595],[-64.315296952999972,-18.498060240431606],[-64.314180059999956,-18.500615894431515],[-64.312382142999979,-18.503284688431442],[-64.310059189999947,-18.504168156431462],[-64.308694305999921,-18.504014971431403],[-64.307662925999978,-18.502883679431498],[-64.308106767999945,-18.501471135431533],[-64.309805529999934,-18.500700435431504],[-64.308317156999976,-18.499247045431538],[-64.306784740999944,-18.499474476431566],[-64.30457667099995,-18.50051971543148],[-64.303397858999972,-18.502425212431518],[-64.302672343999959,-18.504164951431417],[-64.302690779999978,-18.504322741431405],[-64.303548925999962,-18.505364500431437],[-64.303548274999969,-18.505436228431385],[-64.303698641999958,-18.505437470431389],[-64.30474079899993,-18.506593808431376],[-64.305257329999961,-18.507674069431332],[-64.304950738999921,-18.508317137431309],[-64.304113948999927,-18.509386226431303],[-64.303637298999945,-18.510571216431245],[-64.303591938999929,-18.51304916543123],[-64.30321754199997,-18.515310543431099],[-64.303376262999947,-18.516103266431092],[-64.304043839999963,-18.517113040431095],[-64.304182500999957,-18.51840537543108],[-64.303643812999937,-18.519763848431015],[-64.302732424999988,-18.520760576431023],[-64.302641180999956,-18.520788755430992],[-64.30280363699994,-18.521511454430946],[-64.302695733999911,-18.522271145430985],[-64.302306988999987,-18.523466457430949],[-64.30088389899997,-18.523150993430917],[-64.299231875999951,-18.522620248430925],[-64.297723245999975,-18.525620287430865],[-64.297674958999934,-18.525963582430862],[-64.298013854999965,-18.526962261430793],[-64.298077942999953,-18.528182243430784],[-64.298152481999963,-18.528254593430837],[-64.298666422999986,-18.529621766430783],[-64.298741615999958,-18.529622388430735],[-64.298740962999943,-18.529694115430768],[-64.298739657999988,-18.529837569430715],[-64.299398120999953,-18.5318515264307],[-64.299397467999938,-18.531923253430662],[-64.300518201999978,-18.532721583430682],[-64.300811805999956,-18.533513066430647],[-64.300752827999972,-18.533908770430671],[-64.300651632999958,-18.534587723430622],[-64.300345238999967,-18.535017982430595],[-64.300525642999943,-18.535892947430611],[-64.297743867999941,-18.536291551430597],[-64.295695143999978,-18.535926139430607],[-64.294789954999928,-18.536474452430632],[-64.293086695999932,-18.536702961430553],[-64.290933270999957,-18.537530850430528],[-64.289399529999969,-18.539276110430478],[-64.289078782999965,-18.540959052430441],[-64.288554063999982,-18.543712212430375],[-64.289132459999948,-18.544273624430385],[-64.289950457999964,-18.545284680430335],[-64.290094293999971,-18.546003195430323],[-64.288882800999943,-18.547377382430305],[-64.288801864999968,-18.548033044430291],[-64.288779728999927,-18.548902923430248],[-64.288323458999969,-18.54984399143024],[-64.287755069999946,-18.551038848430206],[-64.287465481999959,-18.551843933430192],[-64.287000496999937,-18.554411731430104],[-64.285856231999958,-18.555504602430112],[-64.28453448599997,-18.557129319430029],[-64.284800850999943,-18.557364365430029],[-64.284876054999984,-18.557364993430017],[-64.285475055999925,-18.557656918430013],[-64.28555025999998,-18.557657546430015],[-64.286680953999962,-18.557380054430002],[-64.287437596999936,-18.556884245430055],[-64.287827417999949,-18.555381138430075],[-64.28896269199997,-18.554601553430079],[-64.289423758999988,-18.553529422430096],[-64.290028004999954,-18.553247527430123],[-64.290479219999938,-18.553251283430122],[-64.291225341999947,-18.553903073430114],[-64.291973435999978,-18.554339683430111],[-64.292340928999963,-18.555275245430092],[-64.292104829999957,-18.556420983430026],[-64.292246060999958,-18.557426394430021],[-64.292995481999981,-18.557719548430043],[-64.293819453999959,-18.558085049429984],[-64.29532157999995,-18.558312713429995],[-64.29599318799994,-18.558892134429989],[-64.296068392999985,-18.558892758429973],[-64.296143597999958,-18.558893382429982],[-64.296218801999927,-18.55889400542997],[-64.297046054999953,-18.558900865429962],[-64.297945898999956,-18.559195247430008],[-64.297999409999917,-18.559462473429946],[-64.298089775999969,-18.559913750429967],[-64.297482252999941,-18.560554295429984],[-64.296575863999976,-18.560977168429947],[-64.296117435999975,-18.561762407429878],[-64.295831030999963,-18.561814570429892],[-64.296492792999956,-18.562567469429911],[-64.294770288999985,-18.563762789429845],[-64.293314553999949,-18.564018101429877],[-64.293909376999963,-18.564711032429848],[-64.293908721999955,-18.56478275742985],[-64.293983928999978,-18.564783382429862],[-64.295404358999974,-18.56572767442983],[-64.295847099999946,-18.56666384842978],[-64.295915111999946,-18.567453451429735],[-64.295081931999974,-18.568092115429742],[-64.294566263999968,-18.568756091429726],[-64.294612516999962,-18.569626283429731],[-64.293300591999966,-18.571699512429642],[-64.291055821999976,-18.572540583429632],[-64.289733276999982,-18.573210186429655],[-64.287630048999972,-18.575387339429554],[-64.286593349,-18.578082217429497],[-64.285998882999934,-18.58102605742943],[-64.287362172999948,-18.584488267429343],[-64.288540737999938,-18.58424880442934],[-64.289592433999985,-18.584401022429319],[-64.290414548999934,-18.584981705429293],[-64.291459035999935,-18.585922883429266],[-64.291376604999968,-18.586711228429245],[-64.290756503999944,-18.588714508429202],[-64.289917301999935,-18.589998663429178],[-64.28922502599994,-18.590399382429187],[-64.289335369999932,-18.591334490429126],[-64.288729547999921,-18.592766527429109],[-64.285697939999963,-18.59375301342908],[-64.283045170999969,-18.598264915428945],[-64.279017582999984,-18.599736370428918],[-64.278828425999961,-18.599805477428912],[-64.276371436999952,-18.601082051428879],[-64.275861697999972,-18.603605321428834],[-64.277117469999951,-18.606620588428704],[-64.279511551999974,-18.608704180428667],[-64.281552072999929,-18.61062215742864],[-64.283756220999962,-18.610859121428643],[-64.285604225999961,-18.610594530428632],[-64.286499018999947,-18.6124362764286],[-64.285983094999949,-18.614119672428544],[-64.286171274999958,-18.615714263428508],[-64.286364510999988,-18.617980767428417],[-64.28822839799993,-18.619815874428408],[-64.291136160999912,-18.619879940428405],[-64.291460126999937,-18.618539966428401],[-64.291563318999977,-18.618113148428431],[-64.292166653999971,-18.616345147428465],[-64.29227361099997,-18.616415366428466],[-64.294371004999959,-18.61779234542842],[-64.295312779999975,-18.61955618542838],[-64.296924655999973,-18.619899147428374],[-64.299089982999988,-18.619766191428358],[-64.300761514999976,-18.619813655428384],[-64.302076967999938,-18.621869926428367],[-64.302220971999972,-18.624524401428275],[-64.302851596999986,-18.626054307428202],[-64.305411276999962,-18.627190216428197],[-64.307696036999971,-18.628204080428198],[-64.309502737999935,-18.629725780428103],[-64.310755122999964,-18.631605386428113],[-64.310174609999919,-18.636625304427909],[-64.309317986999972,-18.63792949642793],[-64.308611361999951,-18.642655236427785],[-64.309023009999976,-18.64790428142766],[-64.310165399999946,-18.648829247427653],[-64.310455209999986,-18.649063899427595],[-64.310829488999957,-18.649366944427612],[-64.312012435999961,-18.650243842427567],[-64.31373890199994,-18.649346629427619],[-64.316027468999948,-18.649094576427643],[-64.316119388999923,-18.652988596427509],[-64.316189480999967,-18.654050286427506],[-64.318513199999984,-18.658341723427391],[-64.319582474999933,-18.660517583427325],[-64.321454740999968,-18.662451747427284],[-64.324399632999985,-18.666974760427145],[-64.325830406999955,-18.6678498114271],[-64.322909742999968,-18.672598761427018],[-64.321328232999974,-18.672235583427003],[-64.315747236999954,-18.670190349427056],[-64.310425553999934,-18.669735816427082],[-64.306946823999965,-18.67153793242705],[-64.305653393999918,-18.673665244426957],[-64.306947144999981,-18.676758053426909],[-64.308418773999946,-18.677163897426869],[-64.311045131999961,-18.678053416426863],[-64.311541173999956,-18.680622180426774],[-64.310730697999986,-18.683616169426678],[-64.307469591999947,-18.68795119042661],[-64.307409658999973,-18.690486012426511],[-64.307742864999966,-18.692526342426451],[-64.307441593999954,-18.694646749426422],[-64.308803317999931,-18.696225980426377],[-64.309448277999934,-18.69750759142638],[-64.309621010999919,-18.699322074426309],[-64.309197187999985,-18.700989415426275],[-64.308860305999971,-18.703639647426229],[-64.309184887999947,-18.707601309426114],[-64.312359229999956,-18.716292872425836],[-64.316282964999957,-18.721733894425697],[-64.319574087999968,-18.728863533425578],[-64.314218048999976,-18.746367800425084],[-64.307349228999939,-18.752097769424957],[-64.316314223999953,-18.754488414424895],[-64.317789399999981,-18.757992957424765],[-64.314057920999943,-18.7607026414247],[-64.307569339999972,-18.763072518424615],[-64.298501038999959,-18.764943583424593],[-64.285931120000001,-18.78775795242402],[-64.282465333999937,-18.810052552423397],[-64.282052586999953,-18.812707340423366],[-64.287373220999939,-18.816932082423211],[-64.289193173999934,-18.818855506423205],[-64.29053139499996,-18.822075563423073],[-64.284333906999947,-18.82741280042298],[-64.281525985999963,-18.832474023422822],[-64.277491539999957,-18.836616831422706],[-64.271659712999949,-18.83718468342272],[-64.265548310999975,-18.836064089422756],[-64.258370338999939,-18.837404036422669],[-64.251226671999959,-18.843392304422562],[-64.247582064999975,-18.845741161422499],[-64.241939070999919,-18.853010387422334],[-64.238195445999949,-18.86039597242215],[-64.234653796999964,-18.858353346422138],[-64.230445782999936,-18.861183217422052],[-64.226862737999951,-18.867249835421873],[-64.224150445999939,-18.868377631421922],[-64.224289835999954,-18.869733298421888],[-64.222509326999941,-18.874308064421761],[-64.224088952999978,-18.877750800421627],[-64.222541525999986,-18.878747584421603],[-64.219302789999972,-18.878768844421643],[-64.21473890599998,-18.880566444421589],[-64.212857256999925,-18.883250729421469],[-64.213696771999921,-18.8918780754213],[-64.212561812999965,-18.896201892421157],[-64.206884891999948,-18.899568651421099],[-64.200406226999974,-18.906228281420937],[-64.199218289999976,-18.910884816420772],[-64.20208471699992,-18.916865434420657],[-64.197595097999951,-18.923307410420453],[-64.196486648999951,-18.927431717420383],[-64.201153701999928,-18.934891382420187],[-64.201036468999973,-18.937474834420087],[-64.199969321999944,-18.940064432420058],[-64.196152194999968,-18.937635527420063],[-64.193464801999937,-18.941397748420009],[-64.195814977999987,-18.947451942419846],[-64.194342401999947,-18.950302396419772],[-64.186890190999961,-18.952029009419697],[-64.187081829999954,-18.957659661419594],[-64.184513003999925,-18.961341931419501],[-64.178007251999986,-18.957470909419552],[-64.173877779999941,-18.960086967419478],[-64.172595813999976,-18.96516265041938],[-64.169224020574774,-18.966548808116329],[-64.170300272739382,-18.967028825519812],[-64.173676494974245,-18.969849661532631],[-64.175396119235458,-18.973246853259635],[-64.17584707078565,-18.975597163078593],[-64.178804527307022,-18.977125048282293],[-64.179434578842688,-18.980021074812729],[-64.181268306387196,-18.980686059613895],[-64.181796124791262,-18.983486057435574],[-64.183732875971444,-18.984343693206817],[-64.185373019049564,-18.9863632197867],[-64.184674721561123,-18.988204376630609],[-64.184175538470299,-18.989464251274114],[-64.182864110190508,-18.990825984931224],[-64.183484048849706,-18.992272037224659],[-64.183824437747546,-18.997296577375096],[-64.185171492670236,-19.000961320108782],[-64.184573395845504,-19.002608499482626],[-64.185908185814071,-19.004533295974792],[-64.189918570385657,-19.001929996072416],[-64.196452695435468,-18.999041468089224],[-64.196800214158543,-19.001474620757111],[-64.198514294099368,-19.001579931368667],[-64.199262722496584,-19.003554033192007],[-64.200737918220284,-19.004475733967904],[-64.202416083735201,-19.00370697639579],[-64.204645592120357,-19.003286234871787],[-64.204848490865118,-19.005609856409702],[-64.205720127281992,-19.006291720586383],[-64.207228918080077,-19.005131930594075],[-64.208585994148265,-19.006636380364615],[-64.208844207494138,-19.008497230562664],[-64.208370665873474,-19.010712088991674],[-64.209600367362995,-19.011518908570729],[-64.208877015661685,-19.013036950694698],[-64.209254263273579,-19.014431386399323],[-64.20938674780011,-19.015827421997862],[-64.206829269255294,-19.017590264978697],[-64.206596257611181,-19.019221505667922],[-64.207459694009614,-19.020147135581794],[-64.207596375672139,-19.022125187227569],[-64.206873805481678,-19.023759626805319],[-64.205422747561727,-19.02621367701953],[-64.205071517336577,-19.028427729655959],[-64.204602920188549,-19.031340997988586],[-64.203386502584976,-19.032396603320525],[-64.202538940119936,-19.033682616759314],[-64.200829550143553,-19.034275780802595],[-64.2005964656543,-19.035907016095848],[-64.199381661434458,-19.037195403744803],[-64.200002029070333,-19.038355459037163],[-64.200752339748632,-19.040562344076882],[-64.201507698321549,-19.043467641718234],[-64.200848910748618,-19.045706978793991],[-64.19923987611935,-19.066625361571148],[-64.201097621857741,-19.071524707998833],[-64.196727895176195,-19.076791489535594],[-64.19442508664838,-19.080065854555468],[-64.194262411880715,-19.083060483654375],[-64.192501994371526,-19.085083862030558],[-64.190807859594997,-19.087888615467183],[-64.189593452875485,-19.089293359201111],[-64.189481822727885,-19.090807387650766],[-64.188388995355808,-19.092094930836367],[-64.187849944419369,-19.093631885702898],[-64.186456473687258,-19.095832453904553],[-64.186229004564879,-19.098278492958041],[-64.183671705884478,-19.100273888029445],[-64.177228903391153,-19.106950471986629],[-64.177364538242784,-19.108812139668483],[-64.176395604173749,-19.110331644090071],[-64.177033419556594,-19.113936228474127],[-64.175818714262206,-19.115340893966994],[-64.175958460814286,-19.117784577696057],[-64.176717119899138,-19.121155570373208],[-64.178288874032262,-19.123665118650251],[-64.177111713634631,-19.124994520780493],[-64.17689334115471,-19.127211618521347],[-64.173353885673251,-19.130489720224357],[-64.172886192343867,-19.133635727706622],[-64.172794129645354,-19.137943421851382],[-64.169346074062034,-19.146752114018796],[-64.170055930536705,-19.149136062978862],[-64.170926461686804,-19.150993048790092],[-64.173126267263385,-19.150280568993018],[-64.175214783535409,-19.150842058014518],[-64.177200894006035,-19.149534975258867],[-64.178136583736304,-19.148618803514921],[-64.180217977377708,-19.148489040336859],[-64.180638269240717,-19.150752655510576],[-64.182507405792066,-19.151414757085298],[-64.18343325783853,-19.152775449327464],[-64.182956589275122,-19.154641043449367],[-64.183084057383311,-19.155338668244884],[-64.184553086455708,-19.155212794634743],[-64.188257808550986,-19.155723046581262],[-64.190806663496673,-19.156103627080636],[-64.193387295986881,-19.157250954268058],[-64.195605526873521,-19.159099046683586],[-64.198802631136459,-19.157405503661032],[-64.200648702775354,-19.161976327745258],[-64.202272328904812,-19.166272764176657],[-64.202784267080233,-19.16929599081725],[-64.20245730506052,-19.174885661344142],[-64.202246081291605,-19.179543317669907],[-64.200143763124117,-19.185046762098342],[-64.201695197075651,-19.188044617964689],[-64.201240615861707,-19.192936675387209],[-64.200404952326636,-19.195968719880444],[-64.199581074407035,-19.200630376390745],[-64.197147491863234,-19.202974415237016],[-64.19556310315464,-19.20414882191055],[-64.192335264560754,-19.210036889290951],[-64.189488791574419,-19.211405561217646],[-64.188018436001983,-19.21141509942726],[-64.186553925123505,-19.212239435101825],[-64.185104761175751,-19.212448432149369],[-64.18435421397578,-19.213068513800781],[-64.183172365412275,-19.211969276960517],[-64.181526018810686,-19.211689886379126],[-64.180307362794494,-19.212628996231153],[-64.179212055092236,-19.213683711234228],[-64.177742502614365,-19.213809569555959],[-64.177136471970584,-19.21474472149168],[-64.175050935152512,-19.21440888496203],[-64.174058807567846,-19.213905071261991],[-64.17265667906247,-19.214044976094726],[-64.171614292865272,-19.21418888650788],[-64.170389817336172,-19.214017931682179],[-64.1701116489334,-19.214600740931409],[-64.168794341785414,-19.214609148693231],[-64.168092745583706,-19.215194655009249],[-64.167572705415949,-19.214840411155983],[-64.167287269591782,-19.214395280917408],[-64.165413350445704,-19.213899607880535],[-64.164504905676807,-19.213474391330056],[-64.163782164615156,-19.212695826651039],[-64.162571287734693,-19.21281624497367],[-64.16162839353548,-19.212368330434042],[-64.16059722458219,-19.213096927880866],[-64.159047198069686,-19.213464298238708],[-64.157493723556456,-19.213340032616369],[-64.156965001333717,-19.211890071869266],[-64.156289230063848,-19.213710490346774],[-64.158525312493097,-19.216842268755663],[-64.157959112822752,-19.22348109018014],[-64.151316501655174,-19.22710500549158],[-64.147612724747418,-19.233557292235226],[-64.14398878335561,-19.258840480603617],[-64.139486855433972,-19.272469723299015],[-64.138846248555467,-19.277381412921841],[-64.136890769893071,-19.280328186396609],[-64.139970414602871,-19.280401000905446],[-64.139763101985537,-19.285873449300194],[-64.13794199013067,-19.28844577025604],[-64.13738613805981,-19.296714165925948],[-64.136127105181728,-19.300235719502787],[-64.135476817101392,-19.30429253697092],[-64.134954047491249,-19.310911269339556],[-64.133713958832132,-19.313668371298267],[-64.132212959760238,-19.315112158199497],[-64.132736353499865,-19.317977840704696],[-64.132747059928832,-19.319531778368844],[-64.131874738228518,-19.320852119829397],[-64.131408942468681,-19.326353792593402],[-64.130432041305582,-19.330782784597758],[-64.128560492772465,-19.333304693157],[-64.128193401204456,-19.334860969058408],[-64.127195864197745,-19.336301604735237],[-64.125946459461488,-19.337743792641849],[-64.124952160014132,-19.339662552884473],[-64.124082130685736,-19.341341464836646],[-64.123849094759848,-19.344092293124795],[-64.122475307489424,-19.345774304140775],[-64.118500051336227,-19.346585383808346],[-64.115304521786186,-19.346894193012538],[-64.114179243277405,-19.34809646877698],[-64.112291860380992,-19.348347080153584],[-64.110779037022894,-19.348117232324348],[-64.110021121677406,-19.349267480509752],[-64.110425500036726,-19.351705560563136],[-64.110182523004994,-19.353021971986372],[-64.108678542680536,-19.354106984249864],[-64.108436357052199,-19.355542928163558],[-64.10920654094906,-19.357689941737362],[-64.108835989689098,-19.358768049905496],[-64.107458699559288,-19.359971822141841],[-64.106087031990924,-19.362012324509116],[-64.105493233026266,-19.362755723897521],[-64.103076422838626,-19.363823676921132],[-64.102957712328532,-19.364900249047192],[-64.103844168673405,-19.365612110110757],[-64.10334761789818,-19.366690972810083],[-64.102230596065112,-19.367782204784863],[-64.101856323410573,-19.369688484236114],[-64.101873197390077,-19.372198703407371],[-64.101756886271247,-19.373633876602067],[-64.101265923883247,-19.375549473929016],[-64.101528279506454,-19.377101893537478],[-64.100738137854776,-19.378573547730973],[-64.100218192115861,-19.379359958994879],[-64.099554393520421,-19.381072918380433],[-64.099050199407145,-19.384209031521543],[-64.098606215804182,-19.385137392676487],[-64.096739465154144,-19.38650157428814],[-64.097192048074518,-19.386854874752583],[-64.098247287382378,-19.387560565567576],[-64.097882622185224,-19.389129299777309],[-64.097495750028827,-19.39014823165552],[-64.096767122904325,-19.39063135825052],[-64.097224012677984,-19.391625486826687],[-64.097905538709597,-19.392547050905645],[-64.097761195722583,-19.393402394304989],[-64.096861715395789,-19.393550234755462],[-64.095963663192435,-19.393911680379684],[-64.09574522596138,-19.394909881985427],[-64.097637382459197,-19.397319471516358],[-64.099144357526015,-19.39823604345861],[-64.099598892874553,-19.398874147523831],[-64.099382546567256,-19.39967822506997],[-64.098631037992007,-19.400019294754593],[-64.09735584879337,-19.400098203968863],[-64.09713646367679,-19.400762481902969],[-64.099251439802075,-19.403006192381838],[-64.100235585004214,-19.404281942757393],[-64.100690142835788,-19.404920043225381],[-64.100619891394842,-19.40563252661974],[-64.099870909914486,-19.405850679665097],[-64.098913119344957,-19.406792778863618],[-64.099441876641265,-19.408072214660926],[-64.099742366217185,-19.409055721344426],[-64.099748111086399,-19.409910156428499],[-64.09900006580034,-19.410270711723904],[-64.097419367010147,-19.40956820810629],[-64.096323616841403,-19.40999467201647],[-64.095477292742828,-19.410932840278292],[-64.095184745079891,-19.412073898291727],[-64.094361157641288,-19.412363685035967],[-64.093098339516686,-19.411654849291825],[-64.092395719886483,-19.410239335277069],[-64.092603730377775,-19.40767466935046],[-64.091778733701574,-19.407750834733175],[-64.091258658460276,-19.408537224413351],[-64.090888665679358,-19.409322712972774],[-64.090970833137433,-19.410390308965521],[-64.091429175316136,-19.411598058003907],[-64.090984607153871,-19.412455200047418],[-64.089784359360635,-19.412533610137928],[-64.087736995166154,-19.414363334800033],[-64.086727379365001,-19.415542577128178],[-64.086433816367517,-19.416541217603079],[-64.087343378993694,-19.41788868891182],[-64.087652569510468,-19.419239752112837],[-64.087357112540644,-19.419953580892969],[-64.086760510389183,-19.420526800671258],[-64.085334580426476,-19.420535328042892],[-64.083605150857011,-19.420047212908511],[-64.082705405230229,-19.420760213413072],[-64.083169484184282,-19.422257199709964],[-64.08348101203903,-19.423964286522565],[-64.082438647425576,-19.425252105799981],[-64.082071079216902,-19.426393699809331],[-64.082973587560957,-19.426673142551454],[-64.08439957148299,-19.426664631367583],[-64.085377136345684,-19.426943613656825],[-64.085232707023749,-19.427798948962273],[-64.084187644444171,-19.428659664911546],[-64.082763530212731,-19.428952988689435],[-64.081487159304899,-19.428889390432964],[-64.081380134585515,-19.42976621953532],[-64.081299864696973,-19.430423841586951],[-64.080603479167181,-19.431458070033845],[-64.080471045002696,-19.432356608770409],[-64.080990999734809,-19.433307119328031],[-64.081522983798607,-19.434300834216067],[-64.082575174404724,-19.434508179209036],[-64.083703839760332,-19.434928678815428],[-64.084529451572891,-19.434923747832674],[-64.085878084805756,-19.434559653705033],[-64.086032456132884,-19.435199583394013],[-64.085587801635711,-19.436056714645645],[-64.084465269656434,-19.436561867436186],[-64.083720375594794,-19.437420788338667],[-64.083201589981343,-19.438420768803375],[-64.081999259358255,-19.438214324031772],[-64.08163340615674,-19.439640624515157],[-64.082615294060531,-19.440560445707941],[-64.083143536045327,-19.440984528213331],[-64.083000031226462,-19.44198226756755],[-64.08217863093904,-19.442628022165419],[-64.078051313817014,-19.442795005584969],[-64.077453188214008,-19.443154588713231],[-64.077156708715108,-19.443725997256923],[-64.077910126551032,-19.44414875865823],[-64.079488739813428,-19.444495402340916],[-64.079494390253856,-19.445349840122955],[-64.079947579317263,-19.445774377685321],[-64.079805465749573,-19.44698572491124],[-64.079511342474461,-19.447913152569875],[-64.078916967943655,-19.448842366282122],[-64.078253169348272,-19.450626462041537],[-64.077891023152176,-19.452622380518399],[-64.0779792583361,-19.454615621713515],[-64.078812503594108,-19.455749960891914],[-64.079644347708424,-19.456670685903354],[-64.079048060319678,-19.457315087920907],[-64.078443767166092,-19.456749036638712],[-64.077688405895174,-19.456041468938622],[-64.076563833354228,-19.456261766866991],[-64.075593144707796,-19.457050792460048],[-64.075599247507228,-19.457976433165804],[-64.075075659514027,-19.458264362810034],[-64.074321711977404,-19.457770389491824],[-64.073571048764833,-19.457774835740043],[-64.073427475597498,-19.458772569698287],[-64.073584169873513,-19.459768524797528],[-64.074719562158009,-19.461185916596722],[-64.074950520649963,-19.462466674397437],[-64.074585377013477,-19.463607712625773],[-64.073988577011164,-19.464180897330497],[-64.074220282839747,-19.464921023186594],[-64.075193910470546,-19.464814604610282],[-64.07579916410009,-19.465523071632376],[-64.075730670833764,-19.466520360426269],[-64.075134803428412,-19.467235954575585],[-64.075588985343359,-19.467802906978534],[-64.076344864623763,-19.468581682998195],[-64.076432024218477,-19.469284513969122],[-64.07550740694127,-19.46997263922588],[-64.075783878323307,-19.470679938028692],[-64.076961898472788,-19.47107022041428],[-64.078621971426799,-19.472342050645047],[-64.078711181475782,-19.474477692291604],[-64.079091265549437,-19.475187485813759],[-64.079916610263297,-19.47511136269917],[-64.081106460994363,-19.473395329430826],[-64.082383180839088,-19.473458913298142],[-64.082687730854047,-19.474097944564434],[-64.083220818385996,-19.475234049112043],[-64.082777942747839,-19.476375986662379],[-64.082332223453307,-19.477090706670705],[-64.083162781537126,-19.47779779862946],[-64.083917323525611,-19.478362930804565],[-64.083770961560575,-19.478933451717353],[-64.083097645439935,-19.47929350698973],[-64.081970559293836,-19.479157830769235],[-64.080257501882159,-19.481233019088496],[-64.079738569679179,-19.482232993257981],[-64.078612799241228,-19.483240423706548],[-64.078551001427513,-19.484305033050809],[-64.079496067489458,-19.484511606425425],[-64.080646111528779,-19.483224459840926],[-64.081545154785047,-19.482934270200353],[-64.082595769778877,-19.482856788210128],[-64.08463803841471,-19.485123147215393],[-64.084808588545457,-19.488183963718871],[-64.085496174209027,-19.489959980868377],[-64.085428687284022,-19.491099672811607],[-64.085585971515343,-19.492166812848094],[-64.084534350180093,-19.492101909675327],[-64.084094289419909,-19.493671066566417],[-64.084782367911885,-19.495518286639591],[-64.08448630389978,-19.496160910697419],[-64.082833986699086,-19.496099596718992],[-64.082826181483028,-19.496597858904],[-64.083448874765722,-19.49823208174514],[-64.084729585801711,-19.4988652602235],[-64.085107384698006,-19.499219022040169],[-64.084810840447915,-19.4997904440737],[-64.083384217107877,-19.499798989431774],[-64.083320507335486,-19.501508301167121],[-64.08482745272471,-19.502282533811872],[-64.086862874821747,-19.503480812089769],[-64.087093845004915,-19.504333889197596],[-64.086495046708976,-19.504622307173694],[-64.084543242676489,-19.504705221968376],[-64.084257183622057,-19.505216455075292],[-64.08395013079388,-19.505848062438069],[-64.085005639898327,-19.506482584503605],[-64.085979888960651,-19.506191918222367],[-64.086728869541673,-19.505902599125577],[-64.0872587698763,-19.506540264321707],[-64.087037786664482,-19.507182440517166],[-64.086215137218744,-19.50768581804601],[-64.08516531542692,-19.507905734661897],[-64.084038028731982,-19.507770081823757],[-64.083594609003981,-19.508840819148421],[-64.084501855875885,-19.509761052230715],[-64.085113975829302,-19.511466309822296],[-64.085347326517876,-19.51267540064919],[-64.084603060183056,-19.513676739989535],[-64.083326024676239,-19.513613187598487],[-64.082279477315993,-19.514331506693612],[-64.082213862779483,-19.515756006734257],[-64.081539920730748,-19.516044859082907],[-64.080784258186952,-19.515337322859104],[-64.080658407059786,-19.514995577783626],[-64.079737097489044,-19.515372982776899],[-64.078847909903061,-19.517769867585287],[-64.078181508669658,-19.519197950524934],[-64.077356884312735,-19.519416481285543],[-64.076673958935999,-19.518352467292456],[-64.076741036669503,-19.517141575123549],[-64.077165964537585,-19.516426189616922],[-64.077405556521171,-19.515428686784439],[-64.07687424784821,-19.514577385837626],[-64.075901343272349,-19.515081614125151],[-64.075276445751342,-19.515562191142187],[-64.073876190533724,-19.515449676960998],[-64.071622463405916,-19.515320633240613],[-64.070568350049243,-19.514899642604398],[-64.068616405722466,-19.514982391923795],[-64.067706140725747,-19.515830086589165],[-64.066154213945765,-19.517417914305266],[-64.065482566966864,-19.518062723715659],[-64.065937334340447,-19.518700894330781],[-64.066915901047921,-19.519051151489393],[-64.068193915017119,-19.519257223941672],[-64.068425751247389,-19.520252732077886],[-64.067458863135982,-19.521682554306381],[-64.066115074551007,-19.522900978297454],[-64.065439010102182,-19.522660563434211],[-64.065057657085163,-19.521981537517888],[-64.063332308639076,-19.522276514249693],[-64.061457688921166,-19.522714763775305],[-64.060484685419851,-19.523218912922445],[-64.060717410180288,-19.524356838597171],[-64.061994996072144,-19.524491750393896],[-64.062899890317624,-19.525056077675796],[-64.063205870254649,-19.525908746491421],[-64.06343861929679,-19.527046666770211],[-64.062473045994224,-19.528690074387377],[-64.061988105466625,-19.529516722218887],[-64.061864998171075,-19.530834657093692],[-64.062419347474858,-19.532227622406811],[-64.063475902490893,-19.532742896167683],[-64.064306213261077,-19.533378858047779],[-64.064385513680463,-19.5340192409951],[-64.063863066027622,-19.534520756028027],[-64.062661900026626,-19.534599029421596],[-64.062085983181518,-19.534284657910579],[-64.061464919470453,-19.535318119235779],[-64.061717922144354,-19.536555734759304],[-64.063204859416729,-19.537230441231834],[-64.063361592363549,-19.538226396331087],[-64.062849380794248,-19.540294370288908],[-64.063530452668189,-19.54107362384859],[-64.063536981746267,-19.542070462082101],[-64.063319126376541,-19.543211032663013],[-64.063177773635289,-19.544564768649067],[-64.062583910818773,-19.545636345940572],[-64.06056252893751,-19.546645102889148],[-64.06050230853468,-19.548924033517281],[-64.060210710555793,-19.550278649939678],[-64.060372559745815,-19.552057837199353],[-64.060078631623512,-19.553056439902704],[-64.058576417567579,-19.553065252359488],[-64.05828247595548,-19.554063852364834],[-64.058363160431455,-19.554917845881842],[-64.059126361092638,-19.556764712521442],[-64.058680797380873,-19.557550585990725],[-64.056887368457225,-19.558985204303674],[-64.056672695788222,-19.56062418725638],[-64.05563268200261,-19.562410409912438],[-64.055563128435608,-19.563265282067047],[-64.056621239278741,-19.564255968038427],[-64.056554009559875,-19.565466853912142],[-64.056183065296182,-19.566181080192674],[-64.055299684632701,-19.56657408392682],[-64.052730924992147,-19.566699688639673],[-64.052288078132278,-19.567912765261841],[-64.05177056775743,-19.569197481878248],[-64.050801875606055,-19.570413618893323],[-64.049910132146863,-19.571914126036056],[-64.049393053446636,-19.573270039280818],[-64.048649221484368,-19.574413653167539],[-64.046928340870167,-19.575491730758699],[-64.045730993390578,-19.576210731539948],[-64.045181924905876,-19.577163630696916],[-64.044921641320613,-19.578850026807228],[-64.044033710986923,-19.580049034435302],[-64.043825072768854,-19.583555943451973],[-64.041759630402552,-19.583423612709499],[-64.018271062828973,-19.60050024547192],[-63.994777474700655,-19.617574005835646],[-63.989993946563338,-19.671705204331658],[-63.960620481969769,-19.681124058566617],[-63.931243383974952,-19.690538241846347],[-63.932426515870972,-19.693426388516961],[-63.930473037300771,-19.700668484163138],[-63.930952860685913,-19.703405587897503],[-63.930777162835724,-19.70612601100656],[-63.93011193521761,-19.708329333831671],[-63.929172517797447,-19.710032296353344],[-63.928524375499471,-19.712239470075421],[-63.928721145364527,-19.714748453578235],[-63.928298222085239,-19.716096677619532],[-63.926726169377183,-19.717387633732248],[-63.925970501437448,-19.720019077018705],[-63.925025078344675,-19.721203733265611],[-63.92513488646582,-19.723650725600464],[-63.924836420364429,-19.724670480358327],[-63.924864399172613,-19.726552931372613],[-63.922494109115789,-19.730553759748151],[-63.920588341378782,-19.732104615435613],[-63.919065463600219,-19.733653488117902],[-63.918486025009997,-19.736884166770825],[-63.916266690655206,-19.749257060165117],[-63.915431132340878,-19.75107695523722],[-63.914390878436215,-19.753348526713062],[-63.913453049218802,-19.75679802301034],[-63.914134202931059,-19.761607775378465],[-63.907233857756282,-19.757567986573285],[-63.893424723671998,-19.757713884488098],[-63.8811949964077,-19.746660089466936],[-63.86896695016457,-19.735605381183344],[-63.843249704010582,-19.731323110872822],[-63.849158925052144,-19.701623922701195],[-63.855066184157003,-19.67192452379772],[-63.835940618390389,-19.670777711136402],[-63.816815242229595,-19.669628852289637],[-63.807696371398151,-19.652248752671571],[-63.798579520256148,-19.634868087864252],[-63.795558130475378,-19.653935930590894],[-63.788860061703829,-19.677635103587264],[-63.782142721756721,-19.697747805229245],[-63.770152929381759,-19.724338329155923],[-63.767215685332026,-19.743716943393459],[-63.762738723100561,-19.758081248114323],[-63.752974242554409,-19.776054067088989],[-63.753041655816617,-19.790398942200458],[-63.760653146716557,-19.797539278881725],[-63.759246496101682,-19.820497424153693],[-63.750960296854217,-19.831291291469533],[-63.744933578956235,-19.839206353569963],[-63.737320715020246,-19.832065421377255],[-63.733346855949527,-19.791915338979631],[-63.733743841270382,-19.713014801930424],[-63.737382899860862,-19.680722875278555],[-63.744207889948804,-19.682846525484351],[-63.763148972418747,-19.684918826963489],[-63.770669949844262,-19.674127748756842],[-63.780450943140657,-19.661174781492203],[-63.778075821042037,-19.639667125032819],[-63.769727986518205,-19.63539943015137],[-63.75464472916142,-19.647656887925532],[-63.734977177966805,-19.651324689346129],[-63.738441586629797,-19.581017751284396],[-63.752046623668228,-19.577375166910389],[-63.765932917470131,-19.581893666259656],[-63.767166006705786,-19.579712714969794],[-63.768494277488855,-19.577440695631548],[-63.767812323379985,-19.574814615002417],[-63.76827506234423,-19.571549076828383],[-63.77018181933542,-19.570271783216182],[-63.771999814140088,-19.57044532359275],[-63.77218029818215,-19.568178185774627],[-63.76958862561451,-19.566194853309803],[-63.768112758996608,-19.565912301611366],[-63.767898601639089,-19.564251105404129],[-63.769194471647488,-19.563748855625132],[-63.770532495578131,-19.563561838907663],[-63.770806905714082,-19.560931680752446],[-63.769832077488338,-19.557037684641386],[-63.769626195692354,-19.553956298844064],[-63.768853003563208,-19.552237150324181],[-63.766845049459441,-19.550591871217812],[-63.763869680241498,-19.549991924487696],[-63.763743925341821,-19.548004170955657],[-63.764519854107959,-19.545909699373038],[-63.764186523988819,-19.54359441005391],[-63.762209123452223,-19.542565227703047],[-63.763703018779267,-19.540235881081006],[-63.765813703339681,-19.536385441834625],[-63.76578977238006,-19.531308857917381],[-63.764349992857824,-19.530136435148336],[-63.763579960047068,-19.529051827579728],[-63.764817400202837,-19.527868078748785],[-63.763946649618163,-19.525696036143128],[-63.766324565026579,-19.523056972900914],[-63.767169233473275,-19.519699148996487],[-63.767352321952046,-19.517975922950423],[-63.770500934770254,-19.516602708548128],[-63.771441952084402,-19.513425765286797],[-63.771424324472946,-19.509708976987657],[-63.76738933175222,-19.50555599231512],[-63.766047937162504,-19.504927088314446],[-63.765660417494239,-19.503840863764818],[-63.766700479843202,-19.501388765079398],[-63.769365654901037,-19.498929759600692],[-63.771259117214477,-19.495023521018631],[-63.76941583886979,-19.489320071863805],[-63.766105197896536,-19.484249116803248],[-63.767281596568409,-19.479728074690858],[-63.766762149953202,-19.476851417758652],[-63.767765457010178,-19.475047884052564],[-63.770671321224413,-19.473410037842935],[-63.771516447426038,-19.473569990362702],[-63.772284674398172,-19.465812896148165],[-63.773333220051995,-19.465018594232671],[-63.774637025678139,-19.46580573664539],[-63.775843372673478,-19.465624419831041],[-63.77574464689792,-19.46439173798824],[-63.774995072764341,-19.46298568124416],[-63.773877423204439,-19.462285824331254],[-63.772741818679954,-19.462289303808287],[-63.772912915598504,-19.459716268790697],[-63.774887150521508,-19.459815301235082],[-63.775160699106948,-19.458757184096704],[-63.774968710037903,-19.45743682015306],[-63.772918373584048,-19.455860149426318],[-63.771370614262423,-19.454760913485298],[-63.770218099785424,-19.454286215336527],[-63.769282916373463,-19.45288091941887],[-63.768910952278581,-19.448269609654751],[-63.769630239044247,-19.447770856439831],[-63.769430007688619,-19.444688934646585],[-63.767847854694708,-19.443902924480302],[-63.76812018379939,-19.442580583826832],[-63.769599099119091,-19.441165049127665],[-63.770147038954619,-19.439224982147149],[-63.770698292791955,-19.437989532191107],[-63.772179227089609,-19.437014365820282],[-63.773110585684933,-19.437626955219731],[-63.774596932102646,-19.437796775101035],[-63.774868361885346,-19.436298270748502],[-63.775420406226708,-19.435238962907754],[-63.775318366449426,-19.433301656845909],[-63.774201758304471,-19.432777947444269],[-63.770584256058555,-19.433497975251324],[-63.769382700651072,-19.434648102927554],[-63.768082486917187,-19.434565529875272],[-63.767982190925352,-19.432980526929715],[-63.769274926796399,-19.431477704932089],[-63.770200430805154,-19.430857224880985],[-63.769821597688505,-19.429273404543942],[-63.770464415999982,-19.427773329075805],[-63.771392389547081,-19.427681309544752],[-63.771481486281502,-19.426888217217421],[-63.77046499156608,-19.42632536032708],[-63.768976092872322,-19.427163083309612],[-63.767149282013676,-19.427344038596456],[-63.766481431073153,-19.429727933597217],[-63.76471623276791,-19.429471140280832],[-63.763411534114979,-19.428419678125561],[-63.763215571841094,-19.426218515472041],[-63.76403711602007,-19.423220358332809],[-63.765053366119901,-19.42157500008615],[-63.765134002931859,-19.420669691253178],[-63.764510071282707,-19.420082962758503],[-63.764024181970399,-19.419495652402425],[-63.763676028326017,-19.41884227694948],[-63.763327572509411,-19.418123418261064],[-63.761938892465864,-19.417461617959244],[-63.761042039058779,-19.416430424724293],[-63.758898234266027,-19.415522617574705],[-63.757651370114608,-19.414545560828913],[-63.756885212482516,-19.413042621020097],[-63.755846032368481,-19.412195653906274],[-63.755085042240864,-19.411805913811794],[-63.753908753286282,-19.411155957581347],[-63.752733536323596,-19.410501261923638],[-63.751831662001543,-19.409723913128062],[-63.75002976416225,-19.408094255245661],[-63.749748305140152,-19.406916700944972],[-63.750018656635611,-19.405671385426047],[-63.751255184878843,-19.404422077816601],[-63.751455306517137,-19.402915113541603],[-63.753166446574177,-19.399830273448281],[-63.753506979363557,-19.398846598591589],[-63.750746560705167,-19.398858019981617],[-63.749990445802375,-19.399515983775586],[-63.748965771752921,-19.401812157105315],[-63.748358988376573,-19.40234298823826],[-63.74584552535066,-19.401441433175528],[-63.743629056235939,-19.400546954877985],[-63.742903596523725,-19.400237631261628],[-63.742212527785881,-19.400899039459038],[-63.741575531685385,-19.401712206453116],[-63.740933940948594,-19.401512181042275],[-63.74077033358401,-19.400752940995389],[-63.73884649666843,-19.400355488315071],[-63.738581609453654,-19.400812508490453],[-63.738100878652581,-19.400763800309111],[-63.738048696390187,-19.399802173231642],[-63.736388096433473,-19.399808198689346],[-63.73527034435083,-19.400572630522429],[-63.73436227549859,-19.400474980336011],[-63.734146446301395,-19.399969247482723],[-63.73494364043659,-19.399155458157857],[-63.735739004451418,-19.397936389352818],[-63.735733995227633,-19.396821878426916],[-63.734560144335141,-19.396978606877159],[-63.732485042350774,-19.39855745576191],[-63.731738056466099,-19.398661784313834],[-63.73178850123832,-19.398002994942207],[-63.732158140585682,-19.39708961739187],[-63.732528455323923,-19.396328217173441],[-63.731992992682422,-19.395975750380551],[-63.731354377802212,-19.396434265229104],[-63.730661467252844,-19.396690354376293],[-63.730392267788886,-19.396184830165723],[-63.730056579647382,-19.392741261300113],[-63.728881849217927,-19.392695313138123],[-63.728086906985148,-19.394015672585162],[-63.723867314025235,-19.393576574998907],[-63.723526767746073,-19.392654831954868],[-63.723516984920884,-19.390369374047324],[-63.722594625743113,-19.389297465157149],[-63.722727308999922,-19.389660327408397],[-63.722608061999935,-19.390416461408392],[-63.722168853999968,-19.390403437408413],[-63.721854152999967,-19.390415758408391],[-63.721515168999986,-19.390393707408414],[-63.721212526999963,-19.390383034408398],[-63.72092193699995,-19.390349358408422],[-63.720631300999969,-19.390292728408379],[-63.720316394999927,-19.390201719408374],[-63.720037668999979,-19.390053212408336],[-63.719795272999932,-19.38990460540839],[-63.719395644999956,-19.389825295408425],[-63.719020394999966,-19.389826293408397],[-63.718705739999947,-19.389861569408385],[-63.718380616999973,-19.389916783408424],[-63.718117822999936,-19.390026083408351],[-63.717854874999951,-19.390102072408411],[-63.717574739999982,-19.390261412408364],[-63.717417139999945,-19.390345306408399],[-63.717233460999985,-19.390487609408407],[-63.716962069999951,-19.390638580408392],[-63.716752206999935,-19.390814294408365],[-63.716408132999945,-19.391004247408372],[-63.716190664999942,-19.391211478408326],[-63.715964597999964,-19.391325397408352],[-63.71579832399992,-19.391434314408368],[-63.715441174999967,-19.391718605408307],[-63.715124614999979,-19.391903331408379],[-63.71487284799997,-19.392018599408349],[-63.714607556999958,-19.392071921408341],[-63.714248039999973,-19.392139954408346],[-63.713861929999929,-19.392149800408347],[-63.713590109999984,-19.39221714240837],[-63.71329961199995,-19.392229387408349],[-63.712936469999981,-19.392230332408317],[-63.712585399999966,-19.392219770408328],[-63.712294806999978,-19.392186092408348],[-63.711992202999937,-19.392198364408344],[-63.711641230999987,-19.392233726408357],[-63.711338711999979,-19.39229192240834],[-63.710987832999933,-19.39237319740835],[-63.710673211999953,-19.392431421408336],[-63.710346697999952,-19.392593009408291],[-63.710032314999978,-19.392766036408307],[-63.709790556999948,-19.392938876408301],[-63.709536737999947,-19.393134716408298],[-63.709258686999974,-19.393319129408297],[-63.709089716999976,-19.393572148408314],[-63.709041887999945,-19.393870773408299],[-63.709139295999933,-19.394157537408311],[-63.709321355999961,-19.394398163408258],[-63.709539634999935,-19.394592774408274],[-63.709770112999919,-19.394833274408285],[-63.709988422999942,-19.395039354408265],[-63.710243017999957,-19.395233871408252],[-63.710412974999933,-19.395474525408208],[-63.710558718999941,-19.395715247408237],[-63.710547161999941,-19.395990814408247],[-63.710341804999985,-19.396209483408221],[-63.710051236999966,-19.396187274408224],[-63.709760521999947,-19.396096190408247],[-63.709506033999951,-19.395959082408243],[-63.709215256999968,-19.395833548408309],[-63.708936634999993,-19.395730938408274],[-63.708658023999973,-19.395639823408231],[-63.708343176999961,-19.395583231408281],[-63.708040472999969,-19.395549575408243],[-63.70776187499996,-19.395458448408256],[-63.70745906399997,-19.395367388408243],[-63.707156248999986,-19.395276320408286],[-63.706853597999931,-19.395265623408243],[-63.706568990999983,-19.395322341408235],[-63.706212267999938,-19.395393573408281],[-63.705963310999948,-19.395528546408272],[-63.70579967999997,-19.395679071408242],[-63.705453778999967,-19.396052142408276],[-63.705296724999975,-19.396262592408227],[-63.705120766999968,-19.396485110408229],[-63.70491943599994,-19.396636839408213],[-63.704679764999973,-19.396786595408248],[-63.704446738999927,-19.396961375408232],[-63.70418224899997,-19.397166252408212],[-63.703849019999936,-19.397551253408196],[-63.703686908999934,-19.397776613408205],[-63.703530028999964,-19.398029591408189],[-63.703348891999944,-19.398259673408212],[-63.703167739999977,-19.398478274408177],[-63.702853442999974,-19.398708699408157],[-63.702551157999935,-19.398893170408165],[-63.70224857299997,-19.39891690240816],[-63.701909408999924,-19.398814441408167],[-63.701618723999957,-19.398734821408141],[-63.70129180899994,-19.398701221408171],[-63.701001275999928,-19.3987019594082],[-63.700674339999956,-19.398656869408175],[-63.700347291999947,-19.398554370408149],[-63.700092806999962,-19.398417253408226],[-63.699838239999963,-19.398234206408215],[-63.699281030999941,-19.398051937408219],[-63.698687420999988,-19.397823828408193],[-63.698372344999939,-19.39765240740822],[-63.697221206999984,-19.397069808408219],[-63.696930436999921,-19.39694425440819],[-63.696627538999962,-19.396807251408241],[-63.696360956999953,-19.396670153408216],[-63.696082461999929,-19.396577420408235],[-63.69574331799997,-19.396533941408251],[-63.695428578999952,-19.396534736408245],[-63.695046409999961,-19.396679738408217],[-63.694823617999972,-19.396696993408231],[-63.694528461999916,-19.396747279408238],[-63.694230714999939,-19.396836256408235],[-63.693891669999964,-19.396791189408191],[-63.693601033999975,-19.396734517408234],[-63.693260259999974,-19.396629779408219],[-63.69285939599996,-19.396557397408248],[-63.692484988999958,-19.396863579408205],[-63.692766078999981,-19.399267356408128],[-63.693362113999953,-19.401239454408078],[-63.693367932999926,-19.402612905408052],[-63.692284433999987,-19.402960404408041],[-63.690566573999952,-19.402966939408053],[-63.688845284999957,-19.402157971408073],[-63.688252363999943,-19.400915501408143],[-63.68733904499998,-19.398729979408142],[-63.687830722999941,-19.39739757240822],[-63.687192084999943,-19.396026501408205],[-63.687414685999947,-19.395210163408255],[-63.688090042999988,-19.394563793408295],[-63.690024069999922,-19.392238721408336],[-63.69010959499996,-19.39107952640833],[-63.689561005999963,-19.389622295408419],[-63.688155022999965,-19.388511667408462],[-63.68710869899995,-19.386927542408468],[-63.687057732999953,-19.385554250408532],[-63.686243915999952,-19.385514406408518],[-63.685478181999926,-19.386161109408445],[-63.684664541999965,-19.386164174408531],[-63.681771413999968,-19.386132113408479],[-63.679109114999946,-19.38725802940845],[-63.67803082399994,-19.388850136408433],[-63.676597805999947,-19.392117485408352],[-63.676381182999926,-19.394393118408303],[-63.675709667999968,-19.395983695408244],[-63.673995064999978,-19.396762644408238],[-63.672726674999957,-19.39612352240826],[-63.672103181999944,-19.395067664408259],[-63.670596932999935,-19.389332706408396],[-63.659796439999973,-19.387845173408465],[-63.657671417999943,-19.38987715240836],[-63.65329552299994,-19.392142129408366],[-63.648199518999938,-19.39216036640838],[-63.639064447999942,-19.389718569408405],[-63.629335362999925,-19.386828520408432],[-63.624318903999949,-19.381157677408638],[-63.619367212999968,-19.382255031408576],[-63.616568088999927,-19.385887152408468],[-63.614021724999994,-19.385514438408521],[-63.613541972999926,-19.382592543408613],[-63.613133013999956,-19.380687283408662],[-63.613326072999932,-19.378589328408697],[-63.612248394999938,-19.376940535408735],[-63.611505577999935,-19.37529061140879],[-63.61249750599994,-19.371918875408866],[-63.612953438999959,-19.368485384408945],[-63.593013343999971,-19.361786016409109],[-63.589200035999951,-19.360773490409176],[-63.585937028999986,-19.359518825409172],[-63.583103914999981,-19.354185983409337],[-63.58010649299996,-19.344214555409579],[-63.573452105267222,-19.363127396934001],[-63.565190496624027,-19.378216769410319],[-63.566774173073171,-19.39901382863302],[-63.569890407237331,-19.425544470814096],[-63.555547113851205,-19.432044690858511],[-63.547964497688966,-19.425611961634353],[-63.546354121585992,-19.396207102221201],[-63.548525846125287,-19.367508078526669],[-63.548458698392267,-19.347423488203781],[-63.548945047791705,-19.335968297374425],[-63.527558163999977,-19.322682760410121],[-63.520034985999992,-19.321606092410164],[-63.514822187999968,-19.319424331410211],[-63.505272294999948,-19.31637470541029],[-63.496261162360781,-19.32985533072943],[-63.478125966808889,-19.329903786760845],[-63.471275898895691,-19.312705853925539],[-63.451611720051915,-19.305582319919868],[-63.43498824473189,-19.304905364409109],[-63.426683056677817,-19.307076951563396],[-63.413079815792301,-19.30567358703081],[-63.396459873059428,-19.306427772744883],[-63.385916042915817,-19.320796980033553],[-63.388218433137467,-19.335856007405997],[-63.391268461640529,-19.347326733496825],[-63.397324663072887,-19.351617588907398],[-63.410150764535416,-19.3429812478828],[-63.425249916673174,-19.337208033679779],[-63.435096471117483,-19.345792694379995],[-63.435170678736675,-19.373768130013847],[-63.435241199601478,-19.400308848255779],[-63.429244308838499,-19.419690745379516],[-63.408864930708134,-19.433366846211985],[-63.394526992230297,-19.445126758215753],[-63.380186982512612,-19.456885557996603],[-63.371126901579252,-19.463360206354345],[-63.352467265851558,-19.475952852042422],[-63.347447807770088,-19.490182407492064],[-63.349030503055253,-19.503792391205842],[-63.349539642540442,-19.509366001639602],[-63.348627388243358,-19.518684336013205],[-63.341763213801201,-19.535172574754448],[-63.340036992113468,-19.541956869613756],[-63.33945176998315,-19.548691145080223],[-63.341124797671213,-19.560274738588241],[-63.342782984746911,-19.566923850954932],[-63.342196312010174,-19.581482469240527],[-63.336512466277242,-19.594781106762618],[-63.328753884584046,-19.613219066706499],[-63.327849095559252,-19.623863656482527],[-63.327398632340966,-19.630159356868766],[-63.32625888284111,-19.639237756617145],[-63.325036200560184,-19.645534839261348],[-63.322979041849216,-19.659321599112459],[-63.321915648388391,-19.668180225237169],[-63.321311133102242,-19.674842139453105],[-63.320033373641216,-19.69251408475715],[-63.321107390793422,-19.702081383848729],[-63.321060808609388,-19.702144009938074],[-63.319311368225044,-19.706085884156206],[-63.319668672471202,-19.709025448665493],[-63.319323036928552,-19.711966256037847],[-63.31921038874836,-19.714240947261882],[-63.317750187421154,-19.716407076825078],[-63.317578126429332,-19.718271982965597],[-63.317902759204891,-19.719219865704169],[-63.317577033753039,-19.720067898514703],[-63.317601062738788,-19.72118401832774],[-63.317101604455438,-19.72248708471113],[-63.31690712066704,-19.723479569326631],[-63.318133118748364,-19.725331083662518],[-63.318681636848005,-19.726757151221516],[-63.319316703003366,-19.727790119718193],[-63.319755019978174,-19.72867247875185],[-63.319822884618411,-19.729871899168746],[-63.320329086917774,-19.731953685813874],[-63.321160761959554,-19.733048333413826],[-63.321752538348889,-19.734246814039203],[-63.321931351450651,-19.736335352794235],[-63.319477127667248,-19.756228979683581],[-63.319614954166738,-19.771628091762974],[-63.315685492391523,-19.789519274694737],[-63.314461351410209,-19.793733630902313],[-63.312869844567622,-19.801932537756393],[-63.312349424886008,-19.809850330927986],[-63.313266562501838,-19.812974957927914],[-63.314935861600702,-19.817031963354381],[-63.314894563833043,-19.823274182857229],[-63.313999465902576,-19.831426145999785],[-63.313970465464585,-19.843941002775015],[-63.312649880287722,-19.85387496535731],[-63.314757437006037,-19.862884430272171],[-63.31448595056608,-19.864580862816521],[-63.314395864577421,-19.865206519365334],[-63.314378804438206,-19.865254285956492],[-63.314377846660243,-19.86525679506504],[-63.314377738741591,-19.865257045975842],[-63.314377646111424,-19.865257640427728],[-63.314302692115525,-19.865726070301829],[-63.314268084404539,-19.865942223254937],[-63.313327577905341,-19.871818764923994],[-63.31195955438988,-19.88463020821753],[-63.309023345251155,-19.891131176162755],[-63.305763087896139,-19.896541648678092],[-63.30257910294317,-19.915444311705613],[-63.306124413011219,-19.927188168898859],[-63.305249595692239,-19.929035662365887],[-63.305440376072454,-19.928945801207714],[-63.304836368003919,-19.945474028303693],[-63.300696855175659,-19.961637310513431],[-63.295300344635166,-19.974805804444237],[-63.299099294097118,-19.983857619333598],[-63.299709601017241,-19.988409954255925],[-63.299718981845494,-19.993369843943054],[-63.297916542614288,-19.994836461933115],[-63.298950699115395,-19.996216991420965],[-63.298609448667101,-19.99759983666306],[-63.299557056213132,-19.99865526842586],[-63.300334744053153,-20.000768011534412],[-63.301272499526185,-20.003537997180775],[-63.297944016003498,-20.009439832282389],[-63.29734481750927,-20.010823107400434],[-63.298037796407129,-20.013586468640579],[-63.2982659831885,-20.013875387539034],[-63.298195591453343,-20.014023359290533],[-63.297750584421927,-20.015541849276872],[-63.296409920980999,-20.017097144917255],[-63.296487148463086,-20.018473581590463],[-63.297089274250538,-20.021119803436132],[-63.297838945510861,-20.022826864168387],[-63.297803945695463,-20.024062301533949],[-63.296724410303234,-20.025581862612778],[-63.295608517119319,-20.027630913036159],[-63.294978355866355,-20.029961526802985],[-63.295429552931466,-20.031725597358388],[-63.296885897965751,-20.032076123414274],[-63.298030891412431,-20.031580051078443],[-63.298068076580378,-20.031509395841905],[-63.298924496468317,-20.030413768880269],[-63.29962918633781,-20.02804771822759],[-63.300785645241319,-20.027728091078458],[-63.302278280618104,-20.027549058542149],[-63.302317496455217,-20.028537295659646],[-63.302320736712588,-20.030231519469005],[-63.302248753177373,-20.031629360006853],[-63.302511793184685,-20.032546620829862],[-63.302704021473332,-20.03547588900102],[-63.303008991471742,-20.038793220031025],[-63.303646466910891,-20.040309872702412],[-63.305588381998184,-20.04076538111741],[-63.306408690508647,-20.040305111691513],[-63.306515819549418,-20.037798886409462],[-63.306959214995729,-20.035468559526358],[-63.307927705698994,-20.034443277535175],[-63.30953154044817,-20.033840443981244],[-63.311470539933431,-20.032848749869856],[-63.313447323535115,-20.032104030276741],[-63.314604195227389,-20.031996090047482],[-63.315614239105798,-20.033123777840046],[-63.31735241008564,-20.034356037900785],[-63.318248869589624,-20.034672103734582],[-63.319892421997622,-20.035269175332104],[-63.321607988517819,-20.034560133643193],[-63.323548210181741,-20.034203636088897],[-63.325340656146359,-20.034588608877108],[-63.325566641387354,-20.035576494359699],[-63.324562680523222,-20.03744904293892],[-63.32337234775558,-20.03946311243266],[-63.322740814137205,-20.040946703327663],[-63.322892258171123,-20.04199118764312],[-63.324463428644222,-20.043647232533711],[-63.325810584290977,-20.045268388225484],[-63.325888366654745,-20.046785986983625],[-63.325105196547526,-20.047140389117587],[-63.323202142065128,-20.047496836309907],[-63.320813655126024,-20.047783554567328],[-63.320442518407447,-20.048843119614222],[-63.320597423032602,-20.051595945296569],[-63.321612659596489,-20.055194313566677],[-63.322699581120723,-20.057310108074997],[-63.324194362279933,-20.05804860076228],[-63.32531335362826,-20.057587687421801],[-63.326467710816175,-20.05617371664367],[-63.327920097034792,-20.054476809257331],[-63.329135321238013,-20.051827336362454],[-63.330102140101637,-20.050025424133981],[-63.330806888427098,-20.047871036119375],[-63.330800681306364,-20.04490616558703],[-63.331505408048095,-20.042751775773795],[-63.332175076518524,-20.041691635160817],[-63.333369491308922,-20.041654093861304],[-63.334416603443444,-20.042569816843525],[-63.334941888457351,-20.043839482406153],[-63.3349450315879,-20.045321922168917],[-63.335134885666363,-20.046839303291158],[-63.336182802694161,-20.048107975102937],[-63.33618513193823,-20.049202158652641],[-63.335216662818709,-20.050192285245686],[-63.333465448971225,-20.051748632193554],[-63.332310713168845,-20.052933206602177],[-63.331828236783679,-20.054275371910805],[-63.33253959512615,-20.055262326595003],[-63.334293920627879,-20.055153130912238],[-63.336345687003799,-20.054478614196629],[-63.337203908233725,-20.054300500767429],[-63.338101955041175,-20.055287075038432],[-63.338553177287267,-20.056803950741674],[-63.339377120857421,-20.058037742347892],[-63.340983137361832,-20.058387611898766],[-63.34150691691061,-20.058916041841837],[-63.341882837123165,-20.060115380420406],[-63.342484510551685,-20.062126096342233],[-63.34326922839216,-20.062463403263376],[-63.344501583781046,-20.062637494025065],[-63.345696066020587,-20.062564570698331],[-63.346070014019908,-20.062846206886892],[-63.345660585967202,-20.063411743756934],[-63.344466328558148,-20.063590555959351],[-63.343684262818449,-20.064474478014695],[-63.342417467891764,-20.065641711695601],[-63.341487269421918,-20.067090648114856],[-63.340705863784549,-20.068292229602662],[-63.340521097170836,-20.069174984337991],[-63.340859087576767,-20.070092038316883],[-63.341791527157227,-20.069666685069411],[-63.343692948470689,-20.068462926322898],[-63.345147815019615,-20.067930650878779],[-63.346489656572373,-20.066939729285028],[-63.347758841897011,-20.066866644080335],[-63.349477354596218,-20.067392703410452],[-63.350860109906044,-20.068025291034292],[-63.35134733471169,-20.068871427174575],[-63.351835904003735,-20.07031759727926],[-63.35150390488127,-20.072118361073475],[-63.3513981832795,-20.074942255680529],[-63.351612956672568,-20.075806560824105],[-63.352697977929324,-20.076827988320954],[-63.354030892811402,-20.076825322730425],[-63.356045193430852,-20.076009460468192],[-63.357574111955657,-20.075194566775785],[-63.359329602079406,-20.075508668490215],[-63.361235320353721,-20.076210701762413],[-63.362468207241889,-20.076561143282081],[-63.362246955132839,-20.077761658173927],[-63.362068863287398,-20.081503404458466],[-63.361365209436819,-20.084010861811798],[-63.361852669864788,-20.084916956652211],[-63.363346834988398,-20.085196255502737],[-63.364953168953541,-20.085545902920991],[-63.366374304630426,-20.086531253214723],[-63.367411557497348,-20.087799748759377],[-63.370067304062779,-20.089806073291584],[-63.371041357072954,-20.091180576422381],[-63.373210202588723,-20.092517245974072],[-63.375491101832836,-20.093853659218947],[-63.377733013667552,-20.094484200885116],[-63.380084397277059,-20.094055604682346],[-63.38236050223535,-20.093380070833554],[-63.384077609294181,-20.093164569888916],[-63.38525505657551,-20.093656145614585],[-63.3871243810853,-20.094605041889082],[-63.389032378241573,-20.096083277321334],[-63.390754044863229,-20.097703088526664],[-63.392399585672294,-20.098723013256439],[-63.39471586784299,-20.099176693349637],[-63.39744103757377,-20.098888213320308],[-63.399716408685258,-20.097930091800244],[-63.402943566492318,-20.095349639174437],[-63.403761430645474,-20.093935934595667],[-63.405176517482246,-20.092450264468063],[-63.407451027043194,-20.091209682081107],[-63.409576318392304,-20.090039997747684],[-63.412561096317511,-20.089150658176273],[-63.414427463856327,-20.088934514216394],[-63.415994932719897,-20.088648462356598],[-63.418402437622369,-20.086913278924595],[-63.419783375402403,-20.086698227641019],[-63.421353169912834,-20.087294515929106],[-63.422512723383406,-20.088068258443343],[-63.422665578453639,-20.089373833035896],[-63.423900024766276,-20.090217968184614],[-63.425618081509242,-20.090390322355457],[-63.428603930526954,-20.08992424780573],[-63.431104554831272,-20.089529910376989],[-63.43273102012045,-20.088967969895833],[-63.434372346706368,-20.088399536309471],[-63.437430647806131,-20.087157354927971],[-63.439073520326644,-20.087153278301113],[-63.441944180579398,-20.085593997764757],[-63.444219576871937,-20.084812229700603],[-63.448176430198004,-20.084484763161225],[-63.450865104540895,-20.084619021150832],[-63.453518685538882,-20.085529378777757],[-63.455912772556324,-20.087075334059364],[-63.457521462745248,-20.088164701739576],[-63.458723052326938,-20.090489751400852],[-63.459420818316055,-20.091535149427568],[-63.460110654982714,-20.092567383178153],[-63.461531709720596,-20.093304454037249],[-63.461613941030521,-20.093373728814463],[-63.461853126520516,-20.09391586352627],[-63.462746366451576,-20.094680880817975],[-63.463679600133396,-20.095576794433491],[-63.463819685729845,-20.096081758366431],[-63.463603542669311,-20.096670692898105],[-63.463605437540878,-20.097314826018355],[-63.464267402418649,-20.098279293154782],[-63.464407562658813,-20.099567199666467],[-63.463796933781445,-20.100599420826526],[-63.463435197676155,-20.101252749514735],[-63.464391950428123,-20.101980677865928],[-63.464873442055655,-20.103397326825114],[-63.465469471338963,-20.105114451870392],[-63.465746929277309,-20.106703504463095],[-63.465547510908813,-20.108444205235859],[-63.465618046535553,-20.109238915443541],[-63.466348262762089,-20.110203753100677],[-63.466366974955896,-20.111140486044587],[-63.46659745680715,-20.112214065226887],[-63.466895246618336,-20.112986684487851],[-63.46701201549206,-20.114039074743435],[-63.467809630509961,-20.114724434584939],[-63.469129226432564,-20.115129113317899],[-63.469632610256717,-20.116236434164058],[-63.470317543819533,-20.11724433945464],[-63.47118331395869,-20.117908023836186],[-63.472341054396111,-20.117389321859633],[-63.473069218369702,-20.117645172686544],[-63.473662429177736,-20.118374021044186],[-63.473734434296652,-20.119641360060655],[-63.473680359860673,-20.119858754078166],[-63.476058396677615,-20.121568900384375],[-63.475699479947011,-20.122992009173856],[-63.475772933873756,-20.124731980596373],[-63.475845805939173,-20.126278596879661],[-63.476329105204002,-20.128232293985125],[-63.476175050438187,-20.129908432428163],[-63.476837847188833,-20.13107549703653],[-63.477275254948999,-20.132878936313816],[-63.477826203916145,-20.134639089422418],[-63.477492249667542,-20.136960218039572],[-63.47735988834809,-20.138292552858964],[-63.476837331877327,-20.138401389712349],[-63.476702230323603,-20.138831424830347],[-63.477044675071689,-20.139303135431295],[-63.476867299985841,-20.139556130011329],[-63.476826968989357,-20.139615037403974],[-63.476511394185479,-20.139706676521868],[-63.47609223277027,-20.139604056681808],[-63.476037049470193,-20.13951990801727],[-63.475914150817346,-20.139747200872616],[-63.475907712570866,-20.139889890006348],[-63.47549555867306,-20.139832638265606],[-63.475179746448084,-20.139846457248172],[-63.475173494361229,-20.14004750159086],[-63.475607004459675,-20.14035760042287],[-63.4758276315399,-20.140655306597061],[-63.476221557978434,-20.141039699322587],[-63.476215592775347,-20.141338187907021],[-63.476133961313224,-20.141591456780226],[-63.475845714208248,-20.14163765045717],[-63.475433200581655,-20.141463581279176],[-63.475343982438787,-20.141476796816669],[-63.475358595522721,-20.14176874373247],[-63.47547602899548,-20.142002011683449],[-63.475648413743258,-20.142241618955488],[-63.475971983520196,-20.142519754982676],[-63.475657404265746,-20.142942357203978],[-63.475561786547175,-20.143111320930633],[-63.476131257951181,-20.142967029205025],[-63.476646832984883,-20.143160292613327],[-63.476943674910615,-20.14368120962007],[-63.477013810339017,-20.144167653814122],[-63.476959904076303,-20.1445052089482],[-63.47673418053796,-20.144791308472069],[-63.476329060237909,-20.144792404745647],[-63.475978358814196,-20.144624656003032],[-63.475882768974543,-20.144806595148221],[-63.476034665367486,-20.14507869762377],[-63.476241422203813,-20.145331195777988],[-63.476359412356942,-20.145746142070749],[-63.476367541328933,-20.146161385139752],[-63.476067090423818,-20.146717641905589],[-63.475813518479065,-20.146880535208457],[-63.475937729242794,-20.147081343928843],[-63.476446348919815,-20.147242186777486],[-63.476701377766339,-20.147559433421062],[-63.476730049951797,-20.147955157604375],[-63.476518129208259,-20.14827045092051],[-63.476340195643502,-20.148465588516057],[-63.476354555118562,-20.148673181721882],[-63.476719036854,-20.14885387710472],[-63.476781626071158,-20.149113253273992],[-63.476693327934697,-20.14943142981657],[-63.476632352101305,-20.149704106958932],[-63.476447478468351,-20.149879799413167],[-63.476111527724797,-20.150049413349645],[-63.475795990692383,-20.150160569554579],[-63.475357019910497,-20.150328526040582],[-63.474822342377124,-20.150634928658981],[-63.474569369380838,-20.150998963431391],[-63.47447452867651,-20.15142746970189],[-63.474592587178115,-20.151865161647802],[-63.474766099675705,-20.152474606118133],[-63.474925939780235,-20.153103561380188],[-63.474933820539313,-20.153440950139654],[-63.475017294712359,-20.153794381005817],[-63.475292718384182,-20.154040198096585],[-63.475760609564418,-20.154350384162868],[-63.476029457393516,-20.154693555563064],[-63.476161923933596,-20.155348535406521],[-63.476155859805019,-20.155614574652869],[-63.475773993275141,-20.156500688356051],[-63.475486387386809,-20.156767489328104],[-63.475109934775595,-20.157177283404835],[-63.474953659583647,-20.15772922522353],[-63.474906635832554,-20.15807325008041],[-63.474978882869088,-20.158415569822637],[-63.475340014629921,-20.15912648030281],[-63.475437727768906,-20.159781607635011],[-63.475620165138459,-20.160752898827194],[-63.476017447846914,-20.161542812051103],[-63.476223070638184,-20.162265445194123],[-63.476620479251665,-20.163094889917186],[-63.476945049974056,-20.163580182978954],[-63.47693476352844,-20.16413422471463],[-63.476876480265332,-20.164643171744945],[-63.47611107086918,-20.164792226280156],[-63.475895289336108,-20.164668436399154],[-63.476028706459587,-20.165256011155886],[-63.475850508494112,-20.165686133508192],[-63.475803637627735,-20.166014136043486],[-63.475592739413337,-20.166539371594684],[-63.475525788484326,-20.166917317080443],[-63.47588442192847,-20.167286078689518],[-63.476038418238339,-20.167542867509262],[-63.476108161562358,-20.16808598518001],[-63.475802484696878,-20.16833611901664],[-63.475377408440579,-20.168514202768218],[-63.474952292614134,-20.168676194950365],[-63.474902070873839,-20.168957805058596],[-63.474937312606862,-20.169351785456509],[-63.475516842927902,-20.169583452614187],[-63.475857897324076,-20.169767500669597],[-63.475749000216126,-20.170350110269336],[-63.475494780759497,-20.170728786903965],[-63.475615291712295,-20.171170789300461],[-63.476033590677609,-20.171563723786782],[-63.476503028691717,-20.171980654883274],[-63.476870330701161,-20.172397861172335],[-63.477050160036796,-20.172751236280483],[-63.477103396304635,-20.173462082009443],[-63.477131187154498,-20.174201894002177],[-63.477251485867285,-20.174571516262372],[-63.477235854750845,-20.175029969957116],[-63.477765351289925,-20.175595558987805],[-63.478640887167153,-20.175183020180228],[-63.479321340307578,-20.175004240353346],[-63.479680114945296,-20.17541342289109],[-63.479553751204605,-20.175848050846781],[-63.47949574223469,-20.176362916315487],[-63.479658827992466,-20.176804790108893],[-63.479651795294096,-20.177287346533763],[-63.479381532831418,-20.177987768220866],[-63.479596786462487,-20.17878663419577],[-63.479683314733165,-20.179244809100624],[-63.479735940361302,-20.1797513306593],[-63.479966819712892,-20.180088478400506],[-63.479883022683289,-20.180522992142301],[-63.480234846460959,-20.181438845526269],[-63.480175368898138,-20.182302806229472],[-63.48011738600853,-20.182825712536541],[-63.480416685781378,-20.183267222104583],[-63.481175617360798,-20.183683349207172],[-63.481262301214201,-20.184189774538435],[-63.481442510063744,-20.184655725880972],[-63.481767342488801,-20.185091596699802],[-63.481870635021721,-20.18546126122817],[-63.481685103984333,-20.18603277049586],[-63.481483014629362,-20.186757133934524],[-63.481187002777915,-20.18739328197432],[-63.48123106955817,-20.187883740741992],[-63.481317731827794,-20.188382124335536],[-63.481183258900209,-20.188948722405549],[-63.481270761136663,-20.189720536773347],[-63.481179515022575,-20.19050089110317],[-63.480814772483711,-20.190936172866028],[-63.480338294576597,-20.191714118811479],[-63.480323599654348,-20.192153513174031],[-63.479987707366782,-20.192510452295487],[-63.479419109204507,-20.192860454046688],[-63.479219943545473,-20.193323076998329],[-63.479221310515015,-20.193769998686442],[-63.479712379922383,-20.194306478461158],[-63.480250920943213,-20.19461928335317],[-63.480187935125031,-20.19501358390972],[-63.480061415801678,-20.195620279152525],[-63.480070374847841,-20.195923433419704],[-63.480368358912564,-20.196286431273734],[-63.48089819269741,-20.196375930904399],[-63.481115280046083,-20.19652321287592],[-63.48097216283503,-20.196948048113875],[-63.480685428389755,-20.197638558372716],[-63.480391340188135,-20.198029043105823],[-63.480400894585543,-20.198529255920356],[-63.480466461457972,-20.198976254950139],[-63.479984669456883,-20.198856306073605],[-63.479671628942455,-20.198819262099214],[-63.479415609942407,-20.199062499934335],[-63.479249157122865,-20.199729943482044],[-63.479163740414265,-20.200662439719796],[-63.478989888872192,-20.201534535690204],[-63.478773909488268,-20.201754926248775],[-63.478187939122051,-20.201680727683375],[-63.477980360305367,-20.201762435587909],[-63.47789685735404,-20.201969290450332],[-63.477785556358299,-20.202302724890789],[-63.476943309785852,-20.201955047887122],[-63.475993929676044,-20.201495234417497],[-63.473115301429957,-20.200568835583226],[-63.4699597908116,-20.200110205621463],[-63.467808336385566,-20.200379861041711],[-63.464437951650098,-20.200447226558197],[-63.461065672043098,-20.1998719005677],[-63.457568956841818,-20.199033945560057],[-63.454380650646428,-20.197903031899333],[-63.451096766302669,-20.195779162378404],[-63.449079647207896,-20.193272263504117],[-63.448086833440577,-20.192106396792706],[-63.445718132485815,-20.189904173838499],[-63.442805982010434,-20.187925241756435],[-63.439556824088115,-20.187027888326302],[-63.436215583682205,-20.186364368520742],[-63.43271792329346,-20.18502935102368],[-63.432106870835355,-20.184747442340544],[-63.429528474959113,-20.183313773711642],[-63.425395332928218,-20.181346315180232],[-63.423444436311627,-20.180241037593735],[-63.422420580645216,-20.178929041841734],[-63.420007138418669,-20.178262989545228],[-63.418799211314536,-20.177477191619065],[-63.417687239174711,-20.177888776245975],[-63.415520871291143,-20.177105236517416],[-63.414343048093137,-20.175998028086504],[-63.41301257037378,-20.175621418993281],[-63.411126579627933,-20.175625835563835],[-63.408196740387204,-20.174908260207971],[-63.406464216250527,-20.174474116087548],[-63.405039206294262,-20.173396628451595],[-63.403211393590844,-20.171969527571633],[-63.401785243294277,-20.170424645181182],[-63.400546397498204,-20.169580369738238],[-63.39882303295655,-20.167869673046926],[-63.397954038747862,-20.166557179070544],[-63.397054963116034,-20.165566057827299],[-63.395632455073716,-20.165423209513442],[-63.39498299796692,-20.165337032877737],[-63.39452204595564,-20.166448057132083],[-63.393286426927006,-20.166859764966137],[-63.390534661545374,-20.166778266603664],[-63.389265357510233,-20.166080031168462],[-63.388738192913245,-20.165438567236034],[-63.385905485849413,-20.165135200728894],[-63.384727744489787,-20.163940155513707],[-63.38401289857638,-20.162393576102598],[-63.383824909691789,-20.161371626998911],[-63.382278432803368,-20.161082887065575],[-63.381502862866796,-20.159974576965119],[-63.379616125683611,-20.159598916656638],[-63.378964523693739,-20.158607175780471],[-63.375346457572896,-20.158176766544486],[-63.36490750138006,-20.158607653320477],[-63.353951408031037,-20.160064258258835],[-63.350798335474735,-20.160187407822537],[-63.349621804602542,-20.159401063108533],[-63.343175468672875,-20.160582159838775],[-63.342156598847865,-20.161197558720271],[-63.341538865326349,-20.161461659028269],[-63.340582326613045,-20.162310607348594],[-63.339811521284609,-20.163276039457628],[-63.338545488983073,-20.163979528732238],[-63.336814518874917,-20.164128901627457],[-63.325938569509319,-20.16280569942348],[-63.322317352164021,-20.164194824631416],[-63.31796896729395,-20.165337914213346],[-63.315508728844733,-20.166018054389671],[-63.31269085070214,-20.166803399057564],[-63.30917213538568,-20.167810237752185],[-63.305852532668197,-20.168194656558107],[-63.302818317211504,-20.168145811679814],[-63.301676578411303,-20.168012960229873],[-63.301748955849561,-20.16814321983367],[-63.301433093262624,-20.169261495321731],[-63.300691352224071,-20.169412901584106],[-63.300126256021883,-20.169547322350983],[-63.299544406349241,-20.170165572083423],[-63.299351854304582,-20.171100116077465],[-63.298823130283196,-20.1717849965803],[-63.29818749935356,-20.172002944580171],[-63.297533323504005,-20.171753810789717],[-63.297127061964325,-20.171804548740912],[-63.296722008214097,-20.172489215205065],[-63.296245856760827,-20.172957119875139],[-63.295628269828725,-20.173375228184153],[-63.295010115424475,-20.17349304117084],[-63.294320385777148,-20.173127178976028],[-63.2936912407581,-20.17305419539473],[-63.292896965822251,-20.173472813619419],[-63.292474213414145,-20.17415789736901],[-63.291715117258804,-20.174493002749848],[-63.291168126207992,-20.174877824451993],[-63.290409144266548,-20.175279692803542],[-63.289844439269395,-20.175647849168843],[-63.288979230307135,-20.175933037679506],[-63.288414681792105,-20.176384648432741],[-63.287814788121921,-20.176836314943959],[-63.287249929340703,-20.177121004330832],[-63.28661387213247,-20.177122041249163],[-63.285853795716037,-20.1769396695301],[-63.285534551678133,-20.176272506570857],[-63.284774126324791,-20.175889814463318],[-63.283714130502673,-20.175941605520624],[-63.283036845673855,-20.175642240097261],[-63.282575463786614,-20.174524605825859],[-63.282150081760847,-20.173774139564834],[-63.280895153388585,-20.173492380169151],[-63.279657867016887,-20.17319389518207],[-63.278333101791176,-20.173379612379147],[-63.277415472246204,-20.173998663407524],[-63.276285929152259,-20.174684821846995],[-63.275368304103885,-20.175320562493937],[-63.274521143635802,-20.175839340013493],[-63.273107638706499,-20.175808158719509],[-63.27181789757784,-20.175826846631576],[-63.271074222097631,-20.174893234335229],[-63.269313047359226,-20.174078018685577],[-63.268253742216402,-20.174530330909974],[-63.26749598515152,-20.175683241088667],[-63.262414706773242,-20.175757661786626],[-63.260498075225939,-20.175888184891789],[-63.255499109995867,-20.17680100396316],[-63.253489279007013,-20.176101455517717],[-63.251961962174789,-20.174733854683595],[-63.250623350986785,-20.17505187384484],[-63.249506018887622,-20.174175396377375],[-63.247907078249,-20.174528878504873],[-63.246604940865261,-20.174390221031839],[-63.245154833528709,-20.174778593257418],[-63.243591713786529,-20.174253921581176],[-63.242700139399844,-20.174548787696317],[-63.237988001245228,-20.17581141336597],[-63.231460310844597,-20.175477518472633],[-63.224449478560516,-20.175372400315958],[-63.2180433369304,-20.175494655953543],[-63.212968191928503,-20.176642861778575],[-63.206927171451738,-20.178705651144874],[-63.19943734315882,-20.182254476662703],[-63.196297736151571,-20.18484991199383],[-63.193887172654861,-20.190562531535551],[-63.191721146513665,-20.19867302963652],[-63.187617120034012,-20.203930602115555],[-63.181946904426063,-20.214168232477849],[-63.181346752650462,-20.217937401789634],[-63.180751709024079,-20.226160316945016],[-63.180762398365971,-20.235410384681462],[-63.180525970197316,-20.240094558417081],[-63.181992340873812,-20.253218006206012],[-63.180312576364244,-20.264746868772924],[-63.173914296607443,-20.275253274119262],[-63.167387466858088,-20.279482430469734],[-63.167315503107943,-20.279495449954965],[-63.165644578034772,-20.279682205869054],[-63.162762805758852,-20.278432097863007],[-63.160334816998152,-20.277792645714001],[-63.157162954906418,-20.277642735024113],[-63.155803194361901,-20.277185603332899],[-63.155091885482079,-20.277889037748803],[-63.154088495687461,-20.277798250288992],[-63.154404845706992,-20.275383307093843],[-63.155224254895401,-20.273589809821829],[-63.157136210867407,-20.271027634117949],[-63.157703615629309,-20.265862791634518],[-63.158094438507462,-20.258953560258519],[-63.157246746540054,-20.25782923323246],[-63.158174755160758,-20.256970779078117],[-63.157826752602475,-20.254375028984331],[-63.156550740524203,-20.253827195268805],[-63.157188746563307,-20.252609184066547],[-63.157594749997656,-20.250985168530629],[-63.156751564533003,-20.249845556627061],[-63.157217747001368,-20.249100149951914],[-63.156550739624883,-20.248201142668549],[-63.15830751398056,-20.247053252505552],[-63.159218765533588,-20.246600349426558],[-63.159984326915094,-20.247319579534917],[-63.160146774154228,-20.245533117659196],[-63.158787952501932,-20.243942293402071],[-63.158406757765569,-20.242807091773841],[-63.159244594062734,-20.241962910759678],[-63.159334766386344,-20.240893073656359],[-63.160424509983088,-20.236340144282174],[-63.160119062444721,-20.234905888395964],[-63.161167561333855,-20.23024419501354],[-63.160842780170114,-20.226972941647887],[-63.160914877019927,-20.225819463097714],[-63.161451786670568,-20.222013894625462],[-63.161422786232542,-20.217692853642237],[-63.161422787131841,-20.216706844145499],[-63.163278803473972,-20.216184838959116],[-63.163238879870399,-20.214532600898792],[-63.162831942040441,-20.21290716982999],[-63.164450201015946,-20.210323493134631],[-63.165765598903256,-20.208792082588495],[-63.165965883318847,-20.206592267119404],[-63.165997113176182,-20.204201764799574],[-63.166062424641147,-20.202097285561234],[-63.16605958548142,-20.199419480424631],[-63.167675299375503,-20.194636145641542],[-63.16919116963674,-20.191287430970135],[-63.169378622525343,-20.188513060229539],[-63.169894233532027,-20.185739857708196],[-63.169889051638386,-20.180958054470569],[-63.169885736737356,-20.177897698420001],[-63.170419537431663,-20.17622194128948],[-63.171500804018869,-20.172827410656453],[-63.172612095371846,-20.170244144051917],[-63.173217049527175,-20.167757005980988],[-63.173618684054965,-20.164600610429765],[-63.173919767183463,-20.162113768235745],[-63.173819727498362,-20.16067297787561],[-63.171591631048877,-20.163263689067943],[-63.170980729676856,-20.160299555080393],[-63.173003945275802,-20.158193577571527],[-63.173508102516905,-20.156184716051779],[-63.175024547444863,-20.153792303571898],[-63.174615417067791,-20.150158522697605],[-63.175727355932658,-20.148340323746883],[-63.177852054628588,-20.146616732576092],[-63.175623841267203,-20.146332059377009],[-63.174205033935159,-20.145377102571157],[-63.173988533843733,-20.132837431702065],[-63.175310861007404,-20.127432918993982],[-63.175613026020315,-20.125998066857278],[-63.175839125475193,-20.124455698971303],[-63.176712949942669,-20.124238900304988],[-63.176712638777168,-20.124634144250305],[-63.177357726977483,-20.12427485879768],[-63.177281058873746,-20.123629387486176],[-63.17750827079,-20.12309120169752],[-63.177520495274607,-20.122038442719866],[-63.177430672787288,-20.121620864111538],[-63.178383129477801,-20.121264877372134],[-63.178454830625853,-20.120723235488846],[-63.179442319507409,-20.120315035010837],[-63.178947246318337,-20.119682685707357],[-63.179440573923316,-20.118784848441976],[-63.179439165584952,-20.118211769857254],[-63.18016065119302,-20.118282761440252],[-63.180805581112608,-20.11781587210475],[-63.181564287861498,-20.117241270967835],[-63.182171221424696,-20.116104215836856],[-63.182814785274083,-20.115124014161857],[-63.18358568323265,-20.113520555329327],[-63.182774318479957,-20.112972226986642],[-63.182167789611739,-20.113139477504841],[-63.18193833298762,-20.11236340664583],[-63.181962643461198,-20.110844403146654],[-63.181176635992941,-20.110319951804279],[-63.181555764986506,-20.109853331366079],[-63.182162856830359,-20.109529930661694],[-63.183187242197441,-20.10891918487243],[-63.18364292148361,-20.108990439057489],[-63.184439794560809,-20.108630968344457],[-63.185705540877954,-20.108162669771311],[-63.184817983762919,-20.107375338501011],[-63.184778586262702,-20.106156008892611],[-63.184436475163203,-20.105797728882024],[-63.185460532277681,-20.104935922954436],[-63.185687308922127,-20.104074951597685],[-63.186104182462039,-20.102806581058775],[-63.18711476053771,-20.101275319800081],[-63.19015879299387,-20.09796786782276],[-63.192336261209455,-20.095768930091982],[-63.191970136412621,-20.094392155273674],[-63.195423732719078,-20.087445114600314],[-63.195543428886076,-20.086010425240893],[-63.19596673437723,-20.084518016493231],[-63.196511933978513,-20.083369765702042],[-63.197361594561912,-20.08285237673573],[-63.197165078305659,-20.082052145589987],[-63.196995314182338,-20.081360846625721],[-63.197722772188172,-20.080269770233656],[-63.196931640382843,-20.079008243535565],[-63.197902507094966,-20.078301355722935],[-63.198326059000401,-20.077038470149187],[-63.198689233121584,-20.076062561837677],[-63.199295769184346,-20.075430672987121],[-63.198991162512058,-20.074685045978075],[-63.199658424396695,-20.07405308787963],[-63.199656245339376,-20.072331620008178],[-63.201174178645381,-20.072042987094097],[-63.202389036824556,-20.072213745867664],[-63.203056053194238,-20.071409627851999],[-63.204692752768267,-20.072373411503694],[-63.205303421215866,-20.071636560978426],[-63.206820509159101,-20.070716674135134],[-63.206635383715934,-20.068478979221453],[-63.206877176340541,-20.067617960200646],[-63.205722182432716,-20.06675857344937],[-63.204689106017383,-20.066243331164728],[-63.203475105791469,-20.066703792146242],[-63.203777198858546,-20.065498413720778],[-63.203654109549419,-20.064236143283296],[-63.204017370005587,-20.063374988464894],[-63.204745516892039,-20.062915086861729],[-63.20517263011277,-20.064463917275919],[-63.206628696357221,-20.06337195505165],[-63.206322577924581,-20.061478693287004],[-63.207536378500969,-20.060903449134805],[-63.206381204728757,-20.059871918654103],[-63.207958446525019,-20.058607657117644],[-63.208260641215603,-20.05751703488324],[-63.209428510717146,-20.056109523036014],[-63.210033477462972,-20.054387332109609],[-63.210031187789077,-20.052665861540195],[-63.211750557542139,-20.051803073552954],[-63.211444376156962,-20.049890691302338],[-63.212041209434233,-20.042143341242134],[-63.212433411872439,-20.032770390141337],[-63.21223148889208,-20.029911330243625],[-63.212136974641616,-20.022103712116586],[-63.212474808565496,-20.015049126016311],[-63.213512339322953,-20.007425087397781],[-63.21462270707223,-20.005510988341342],[-63.214418928790515,-20.004459217718686],[-63.214129696927941,-20.003081293566822],[-63.213807866439822,-20.001495180857898],[-63.21498540275411,-20.001023841676869],[-63.21565254412954,-20.000756796988515],[-63.216029008431974,-19.998049521068474],[-63.215823796630829,-19.995945735207449],[-63.21561937173658,-19.994415775267786],[-63.216931568936694,-19.992214500199005],[-63.216623094280358,-19.988580631191134],[-63.218436571790335,-19.983127035284348],[-63.218478269756289,-19.980898878580287],[-63.217446975797259,-19.981301826118337],[-63.217566557750381,-19.979981873164864],[-63.218125977431896,-19.977962956325321],[-63.219019625655164,-19.977340470786025],[-63.219200521586735,-19.976479503925937],[-63.219739756884216,-19.974517990812551],[-63.219742721949025,-19.973552304195412],[-63.220105850204789,-19.972805875890391],[-63.21993848996928,-19.97193551201423],[-63.220150519530826,-19.969169744188314],[-63.220099718627054,-19.96838739606142],[-63.21967423947455,-19.967928859629129],[-63.219612673685887,-19.967297723511059],[-63.220162773693005,-19.966373742054486],[-63.219973720011126,-19.965059340616079],[-63.220231202208197,-19.964188448837774],[-63.220127264861318,-19.962180172776669],[-63.220694346766621,-19.959549677375662],[-63.221420848793116,-19.958286346637511],[-63.221116048766575,-19.957311215340237],[-63.221045141719834,-19.955908962728422],[-63.221301037512809,-19.954160521490834],[-63.221731091516602,-19.951753592154461],[-63.222739700077042,-19.949743923043563],[-63.22233165338303,-19.947257832682773],[-63.22313096542166,-19.940275219325891],[-63.223128279146749,-19.93836245126608],[-63.223613168412946,-19.937830513067695],[-63.223368269529985,-19.936281476708732],[-63.222759944715619,-19.935191959741065],[-63.22231305000718,-19.933964097365173],[-63.223424431292415,-19.933067948127224],[-63.223908888884075,-19.93237874008673],[-63.223786159303764,-19.931403380361647],[-63.224009049078269,-19.929938848798777],[-63.224732089614172,-19.92822273459149],[-63.225336009549132,-19.926213558309019],[-63.224506593604353,-19.92595106778748],[-63.224424791271062,-19.925449600418695],[-63.225029381200955,-19.923918617949834],[-63.224421282116474,-19.922962998343674],[-63.22413768720444,-19.922508538538189],[-63.223506189558968,-19.919425516874082],[-63.222432220970191,-19.917805252410407],[-63.222188728626861,-19.917231724164711],[-63.221782713501398,-19.916271594458461],[-63.220365309111685,-19.915030051595586],[-63.220868250469323,-19.913116650413041],[-63.220369577294093,-19.912106066042046],[-63.221775780627738,-19.911298383113838],[-63.221632604061362,-19.910002121000989],[-63.222480523557294,-19.909097808616931],[-63.221630127328446,-19.908223240410145],[-63.220659117624159,-19.908143688180648],[-63.218840231591408,-19.909006684810617],[-63.217725736853261,-19.907382190835399],[-63.217419910700279,-19.90556542450468],[-63.217012458458157,-19.903366225071164],[-63.216402537347165,-19.900975993447279],[-63.216906003908882,-19.89944515666858],[-63.216941363453145,-19.894536777450284],[-63.218413858512747,-19.893035495091965],[-63.219396499149049,-19.889645583376925],[-63.220391581905908,-19.885851743862808],[-63.220051532052523,-19.885141622088156],[-63.219802852419647,-19.884477755144253],[-63.219558771020431,-19.882163580085113],[-63.220136631300477,-19.8811401120265],[-63.220256656619384,-19.880319207265533],[-63.220132406285437,-19.879553596421307],[-63.220056464833938,-19.878935334997674],[-63.21741725590158,-19.87562006251585],[-63.213253198776037,-19.875620062515821],[-63.210901175748631,-19.869708577688627],[-63.210597067300796,-19.868928942816396],[-63.210590396129781,-19.868004668180845],[-63.209260419332836,-19.867209008289084],[-63.208270820641808,-19.868181440720875],[-63.208522664988941,-19.866583684489399],[-63.206953180744662,-19.865505072700884],[-63.208408272124025,-19.864914660583054],[-63.208670300394033,-19.864451036685946],[-63.209869018440415,-19.864719576047538],[-63.210793766119373,-19.86492673398152],[-63.210832479235478,-19.863477217499565],[-63.211397249883113,-19.862630673067059],[-63.20979958358388,-19.862101228688687],[-63.20927293519776,-19.861485506950533],[-63.208455881333798,-19.855078616185136],[-63.207744826062822,-19.85240153860008],[-63.207723987871702,-19.851774590624814],[-63.209462051832183,-19.85153877309585],[-63.21047271714211,-19.851441943091189],[-63.211179229937493,-19.850508088877174],[-63.212088457116579,-19.850292355008122],[-63.210873369610262,-19.848667923086104],[-63.210161799927107,-19.845608294587041],[-63.214204983673028,-19.841831715761042],[-63.216604042142762,-19.825994445886927],[-63.21949268523916,-19.822870668746326],[-63.219807267191577,-19.82197365885726],[-63.219742380206647,-19.820718465185006],[-63.219551170849797,-19.819463427095439],[-63.219550267930444,-19.818805903969253],[-63.219106417427142,-19.817551176145798],[-63.21923183867834,-19.816893497436922],[-63.219862623161461,-19.816294972534941],[-63.220177520775877,-19.81563706000227],[-63.22144039375911,-19.815396398724761],[-63.219355208575962,-19.814741448558951],[-63.21910060420948,-19.813307162095793],[-63.218341223868322,-19.812232142199544],[-63.219034171289941,-19.810916244289206],[-63.219854868307479,-19.810652226718844],[-63.219726171725419,-19.808918910279413],[-63.22016301111401,-19.805092772513376],[-63.219907759235639,-19.803180285941387],[-63.220537583242852,-19.801924234315887],[-63.219461820506574,-19.800371407314543],[-63.219397274364653,-19.799355310099429],[-63.219963029769971,-19.797441812689442],[-63.22002174740566,-19.794213886861396],[-63.220019940667655,-19.792898837011659],[-63.22014427194059,-19.791464082001688],[-63.217602601678664,-19.787848385594483],[-63.214896589306129,-19.786867781023208],[-63.214705700107899,-19.785792057857147],[-63.214137204468351,-19.785673189066365],[-63.210095424564145,-19.780890804866718],[-63.208732185441974,-19.774476680854121],[-63.207096299754355,-19.770114928461087],[-63.205897888376768,-19.762310737650356],[-63.203996717974114,-19.756813581281726],[-63.205132115654557,-19.755975428423266],[-63.20557269532361,-19.75489896601443],[-63.204309664059693,-19.75466131027121],[-63.203739995704218,-19.753526227353454],[-63.20443342426308,-19.752688580813295],[-63.203926441352152,-19.751194773619879],[-63.20424074721268,-19.750118456901248],[-63.203162619259452,-19.746294055726004],[-63.203033027851923,-19.743664081032453],[-63.202444027669685,-19.742948821430875],[-63.201894474450384,-19.741931878853126],[-63.201262636861102,-19.741514161749137],[-63.201325093877912,-19.740976112657457],[-63.201574466888076,-19.738465260363455],[-63.202329391088441,-19.736372266366967],[-63.201251703803031,-19.732786947259733],[-63.201880126666481,-19.730514769640877],[-63.20162574533186,-19.729020667469783],[-63.201686170780135,-19.726868677947099],[-63.202505670800008,-19.725971119471492],[-63.203389949886223,-19.726388547893112],[-63.204583395207443,-19.721724693439786],[-63.20325425298136,-19.718916750107887],[-63.201421238599252,-19.716946222190384],[-63.201104733896329,-19.716229269165407],[-63.201155594155274,-19.714616824306979],[-63.201226160358985,-19.712379579953634],[-63.20115855652211,-19.708793113311472],[-63.201662229028621,-19.707776360490588],[-63.201155193956964,-19.706103209595437],[-63.201657734217001,-19.704189821902698],[-63.202540763245551,-19.703710621747749],[-63.203992437201165,-19.703708977787084],[-63.204496987445964,-19.703409524230093],[-63.203423106091407,-19.702693435453622],[-63.202854084348459,-19.701916995872633],[-63.202725895883361,-19.700362970974318],[-63.202597108469703,-19.698330739671846],[-63.203985164383766,-19.697970512629006],[-63.20404502146053,-19.695400086544733],[-63.206229266967043,-19.695153713672855],[-63.206629967998602,-19.693304976443486],[-63.211868041376988,-19.69311954343214],[-63.213132655447616,-19.694911319401793],[-63.213698687844087,-19.69341625225821],[-63.214454997899793,-19.692638264943916],[-63.214579628646902,-19.691442600995188],[-63.215273055407131,-19.690844012241282],[-63.215335048373717,-19.690007077064944],[-63.215143240068414,-19.688154256913361],[-63.215769616974221,-19.684626732737453],[-63.21526251175549,-19.682953617815151],[-63.215512625806966,-19.681219818439828],[-63.215826640287126,-19.680083699503086],[-63.214500678963113,-19.679547305163972],[-63.214703493171598,-19.678165867360853],[-63.215697627143761,-19.677991699257433],[-63.216011635328634,-19.676855580320716],[-63.215947008247781,-19.675719916440897],[-63.216008511083878,-19.674524324437975],[-63.215501276362765,-19.672731656340815],[-63.216383689355709,-19.671953508947222],[-63.216633936506916,-19.670339257350808],[-63.217135380493389,-19.667828063314403],[-63.219468043815134,-19.666271055364874],[-63.220161590185178,-19.665851776138535],[-63.221108192289186,-19.665910388553524],[-63.222687129307552,-19.666924630467296],[-63.223571382313409,-19.667521292873342],[-63.224877346312454,-19.669304196131677],[-63.226297803001167,-19.671243347602346],[-63.226792525454599,-19.669609412544325],[-63.227672842127895,-19.667396591079783],[-63.225397079811287,-19.664470439059492],[-63.223187393383448,-19.663636334049556],[-63.222492382017776,-19.662979659883376],[-63.222617180038789,-19.661963314455367],[-63.222047306637862,-19.660529396714249],[-63.221099998566046,-19.659932803555979],[-63.221224229114846,-19.658498027861604],[-63.222105880382067,-19.657241644386328],[-63.221852337215516,-19.656405094119734],[-63.220778695980002,-19.655689102470038],[-63.219895006849072,-19.655451082501418],[-63.219957370336289,-19.654913021718524],[-63.222039409690986,-19.654790910871775],[-63.227276965959156,-19.655143023331785],[-63.230366591345096,-19.653644691649159],[-63.232128652815035,-19.65041452111317],[-63.231365255202313,-19.646051855908361],[-63.23003654375146,-19.643423413659541],[-63.22984190617899,-19.639657770589615],[-63.228069954864509,-19.635834354172051],[-63.230528144658123,-19.634217267013227],[-63.234559674988986,-19.629967953258397],[-63.236192779972768,-19.625064174072353],[-63.234611308664903,-19.622077432927163],[-63.229940868476255,-19.620529277004472],[-63.229809688865998,-19.617002647654036],[-63.231066294473834,-19.613474241243186],[-63.230492008099645,-19.608872203489348],[-63.227900546872675,-19.605169369071056],[-63.223861511699312,-19.603680024313615],[-63.221399461116199,-19.6021886569809],[-63.222654084618284,-19.597165896588812],[-63.223536632509543,-19.596806145287307],[-63.224168203899431,-19.597403125154063],[-63.22530213298699,-19.596385512581314],[-63.225300635615753,-19.595309540303024],[-63.224857209592528,-19.593935236821661],[-63.225675495527639,-19.592738686141349],[-63.226683153504659,-19.591661445819],[-63.22731261868239,-19.590764007852588],[-63.227814672409188,-19.588970081603915],[-63.229569318069537,-19.580957811953379],[-63.234974922554613,-19.578394536378678],[-63.235705350121741,-19.57397035304934],[-63.23820967243838,-19.574855200507031],[-63.240713993855714,-19.573675403297159],[-63.242696582581175,-19.572004010576528],[-63.243844396301803,-19.569546049210739],[-63.24457482386893,-19.566891408811447],[-63.247472266831593,-19.564685559790664],[-63.247397132971287,-19.558561550774918],[-63.248116078893879,-19.552783931832948],[-63.248419527239385,-19.55156713291683],[-63.249651164969201,-19.547941330827715],[-63.249690477033816,-19.541538344918646],[-63.250254727873369,-19.539445380599776],[-63.250311146841916,-19.535141380869963],[-63.252137749057852,-19.533943307637532],[-63.252199035157332,-19.532807464792587],[-63.253079026275998,-19.531072710337252],[-63.253139654071738,-19.529518430031477],[-63.255657063322715,-19.526645605110591],[-63.257359141810909,-19.526523636356675],[-63.260064419437363,-19.522933160536873],[-63.260501906337865,-19.520541460320086],[-63.257663480485178,-19.519648875994811],[-63.256841827488309,-19.518334954794259],[-63.25293088365332,-19.516905823245104],[-63.250405658394342,-19.51463781668183],[-63.249456906011353,-19.512606715827253],[-63.247121553716681,-19.510756837358091],[-63.245351090780154,-19.507232410447362],[-63.244340215928155,-19.505739355986446],[-63.246542954193963,-19.503345290552641],[-63.246604180938142,-19.502149668872065],[-63.24609852452727,-19.501253703095866],[-63.246725452717428,-19.498981324928138],[-63.246345969390916,-19.498144964418511],[-63.246344069123417,-19.496889651136414],[-63.246153245575769,-19.495754147335976],[-63.246593132766805,-19.49485689462994],[-63.246402310118441,-19.493721391728787],[-63.247471711050579,-19.492285285037831],[-63.247405952622529,-19.49049206475695],[-63.247990274531496,-19.489215736117277],[-63.248409466523633,-19.487202955352039],[-63.249164566091771,-19.486365039914638],[-63.250992199830144,-19.486183185305727],[-63.249036675302307,-19.485169674540806],[-63.248151784677063,-19.483556908624355],[-63.247395693156641,-19.483737274855276],[-63.247142301975593,-19.482900741675863],[-63.247093681028488,-19.482291539123171],[-63.245754559025627,-19.482185304907823],[-63.245627598135123,-19.481587706307543],[-63.246004872726644,-19.480989424222507],[-63.247643453682436,-19.480867637131713],[-63.248589256289108,-19.481105450256262],[-63.248461192829723,-19.479790530808312],[-63.247515034091506,-19.479313608636058],[-63.248207256659562,-19.478595336305641],[-63.248079471090705,-19.477459747069648],[-63.248394155565784,-19.477160430209647],[-63.249151037590245,-19.47751805371519],[-63.250527728771608,-19.471060228047044],[-63.25115605001168,-19.469804037925936],[-63.250461489206316,-19.468968119882788],[-63.250334246827997,-19.468191192869185],[-63.249766020985021,-19.467534427871488],[-63.250920205503064,-19.467135925682374],[-63.251391941285007,-19.465251681419922],[-63.250768614879618,-19.463767082384884],[-63.251333148106241,-19.462032763201425],[-63.252083314893007,-19.455877658327218],[-63.250367861687437,-19.455019242843704],[-63.249962927547003,-19.453967722232559],[-63.251273571618022,-19.453870267199001],[-63.252784985738458,-19.453198661588932],[-63.251573850752543,-19.452435197426368],[-63.251068233012518,-19.451479460908317],[-63.251974509515946,-19.450713055962726],[-63.252577997776307,-19.449755780704663],[-63.253413568681196,-19.450210257597291],[-63.254997709176898,-19.44965675185756],[-63.255153618344757,-19.445546190004624],[-63.259178714026397,-19.443581442029892],[-63.259177879455528,-19.443055403384108],[-63.259482790997978,-19.44257859632512],[-63.259881892135581,-19.441954493804829],[-63.259881131309093,-19.441476277508166],[-63.260182987854549,-19.441093270637911],[-63.260896279739477,-19.441296035383679],[-63.261140874651623,-19.441139715225638],[-63.261543321267197,-19.440613096517172],[-63.262450256074438,-19.440324855707505],[-63.262802055570361,-19.439654840998035],[-63.261213555161376,-19.439652619672618],[-63.260482327197607,-19.439132145132366],[-63.260481793899594,-19.438797393185073],[-63.261455636468376,-19.438398674259361],[-63.261571726354006,-19.437797334479349],[-63.261739063207187,-19.436930531918438],[-63.261074558643898,-19.435829805800822],[-63.26017567456767,-19.436502383578119],[-63.260426121368354,-19.435497765309552],[-63.260576206526643,-19.434780222329373],[-63.260021096396429,-19.434398443033679],[-63.25956703588998,-19.434159984195848],[-63.260020259127558,-19.433872404387898],[-63.260574833261892,-19.433919430837015],[-63.261154019142616,-19.433393343627873],[-63.261225789538521,-19.431192648621799],[-63.260418346729296,-19.430619945054403],[-63.258603058884042,-19.430239965302125],[-63.258601923040246,-19.429522639058515],[-63.258550457537524,-19.428853205311153],[-63.259054378256899,-19.428756842953842],[-63.259659721818636,-19.429042910102179],[-63.260114224791565,-19.429568299437424],[-63.260415374469915,-19.428754895921664],[-63.259702789452142,-19.428389282839074],[-63.259405179505386,-19.427465150296399],[-63.260764104579721,-19.426172013327683],[-63.260711570682417,-19.418477356344823],[-63.260494851156409,-19.415364641764757],[-63.260050997055828,-19.411906288044687],[-63.264064130854926,-19.409573031170396],[-63.266329153467609,-19.40770466713661],[-63.266981709638188,-19.406077762079018],[-63.267351794149903,-19.403817168627349],[-63.27050553670113,-19.403537985789335],[-63.271412249375757,-19.40324970271153],[-63.272168558532073,-19.403439859861567],[-63.271510906802853,-19.401958361688955],[-63.270803896682423,-19.401098619705465],[-63.26918799213211,-19.399188139520945],[-63.267271693333953,-19.398473636249264],[-63.265607010455149,-19.397519635422778],[-63.265202667169312,-19.396802894637837],[-63.264596584364824,-19.395990803232937],[-63.265602976096424,-19.395032894852186],[-63.266912826065997,-19.394744044302175],[-63.269222103417299,-19.392418090822169],[-63.269975026626113,-19.388867023294434],[-63.271480868547187,-19.384368892310473],[-63.275659400261084,-19.381388638874476],[-63.275758897654946,-19.380623334699088],[-63.277572940838532,-19.380572754129272],[-63.280087163791535,-19.377412642579351],[-63.277969428546264,-19.376650736042571],[-63.277365705562822,-19.37722552243984],[-63.276911860893605,-19.37703492552134],[-63.277061821945495,-19.376317366353295],[-63.279124677861546,-19.374449150707672],[-63.279528209958869,-19.374687641921078],[-63.280083731079287,-19.375404120103969],[-63.280536756466105,-19.375116489034731],[-63.280837953808472,-19.374446514794791],[-63.280584528453169,-19.373586108212283],[-63.279827368538186,-19.372822119744939],[-63.281086954499294,-19.372724534309786],[-63.28315599685174,-19.374490745251627],[-63.283624152432651,-19.373069212973743],[-63.284359477707703,-19.371093498665939],[-63.283653364211368,-19.370712023341177],[-63.282897524501088,-19.370713199654407],[-63.282141191063097,-19.370427440973589],[-63.282190346207464,-19.369710032891653],[-63.281382644393481,-19.368850484262392],[-63.280122599778089,-19.368661139200182],[-63.279465427387521,-19.367418773457558],[-63.278759991080669,-19.367419855341996],[-63.278657426998613,-19.366367924639963],[-63.279563187291224,-19.365649202648477],[-63.279965310150843,-19.365074719322816],[-63.281024678246219,-19.365790420491443],[-63.281577630003589,-19.365024410348205],[-63.281223359170674,-19.364116337898608],[-63.281322328662498,-19.363064096930486],[-63.281269728215349,-19.361772978939754],[-63.28167957265412,-19.361272959479415],[-63.282387524364708,-19.358006755807086],[-63.28018163217655,-19.357113496090903],[-63.279425651272724,-19.35699510124288],[-63.277596460807949,-19.355383899247499],[-63.277783986541685,-19.354546724851417],[-63.277376702472779,-19.353936107665149],[-63.276270845722891,-19.353592581032704],[-63.276669953155732,-19.35312420511789],[-63.277340091971617,-19.352754066646806],[-63.279166606053984,-19.352811054886189],[-63.279844710165193,-19.353454110618657],[-63.280327688372097,-19.353528802911853],[-63.281054828017886,-19.35397829216441],[-63.281458885319225,-19.354551534425742],[-63.282138343809486,-19.354480890880378],[-63.283516444228496,-19.355255224249166],[-63.283826617704186,-19.354356571298659],[-63.284396308542732,-19.354177853525083],[-63.284934572572411,-19.354067908706941],[-63.284470965762409,-19.35311164068964],[-63.284126108133364,-19.352730150076283],[-63.284558773768374,-19.351857601746872],[-63.286852226648861,-19.349910101869671],[-63.290521751977224,-19.347746184638652],[-63.291683213809208,-19.343585665446085],[-63.291439134208602,-19.340172249949319],[-63.288710826743184,-19.336476835837228],[-63.284800902739448,-19.325622340698434],[-63.285891493497545,-19.31996197536483],[-63.288922052310816,-19.313342439901632],[-63.289607505681815,-19.309276448449282],[-63.288403978061112,-19.305153668407005],[-63.287391166069426,-19.302046805715456],[-63.287945782471851,-19.295171449103062],[-63.289604371544492,-19.29147428401096],[-63.292695222706278,-19.288228217058506],[-63.2947885800289,-19.284221131200166],[-63.293527169343335,-19.282908041872577],[-63.293399666161626,-19.282011573375389],[-63.29535280298942,-19.282905100190199],[-63.29598050639521,-19.281887854540784],[-63.297051561180567,-19.282364342340479],[-63.298313104066438,-19.283737184423501],[-63.298814887097279,-19.282720136624953],[-63.299948037371969,-19.282718279524929],[-63.299883452559243,-19.281821713001584],[-63.298875237002555,-19.28128536182993],[-63.297616623208555,-19.281526528526392],[-63.299166153295282,-19.278048384325409],[-63.301632443282564,-19.274346560745141],[-63.301942045688811,-19.271536472530162],[-63.301373322520739,-19.270341847298347],[-63.301525695554339,-19.269449950954424],[-63.302376874193328,-19.268367508053991],[-63.302122237451258,-19.266813694496356],[-63.302559793599535,-19.265139179329598],[-63.302241643137265,-19.264284367429585],[-63.303122572248832,-19.263105786103086],[-63.303941521883687,-19.263463096644543],[-63.305013252059879,-19.264357985932232],[-63.305136489757146,-19.262923101419979],[-63.304379934186549,-19.262266802271107],[-63.304965025015846,-19.257565260828066],[-63.30779406194636,-19.249250575253825],[-63.308274004941296,-19.246645194320198],[-63.30905136542809,-19.242245836775901],[-63.30994841848468,-19.231616558857048],[-63.313974210241525,-19.228854630236928],[-63.319394443099036,-19.221701017088211],[-63.323470677829505,-19.220880878549671],[-63.326138021152687,-19.220445745174956],[-63.330288249403154,-19.217247079688924],[-63.333819021030898,-19.210823522687342],[-63.333377821729044,-19.210465654566214],[-63.33340832043757,-19.209987370820453],[-63.333848734631367,-19.209956679657015],[-63.334602160561268,-19.209904818452564],[-63.334917427796988,-19.209446613870114],[-63.335325347686585,-19.20890786150856],[-63.335135242697262,-19.208250645051159],[-63.335490554045798,-19.207683415657076],[-63.336391357275261,-19.207082664033688],[-63.33657970229136,-19.206873094117952],[-63.336453307973734,-19.206604322731273],[-63.335792004097691,-19.206306642637397],[-63.335806672939555,-19.205399082801364],[-63.338292591529779,-19.200076616142887],[-63.33859054231965,-19.198086636788787],[-63.34005610360623,-19.188658041934993],[-63.34041557072198,-19.179881873749405],[-63.340148715790562,-19.165737467909768],[-63.341997553744086,-19.159916159902817],[-63.341997552844738,-19.15667926603529],[-63.341997552844752,-19.155258964929263],[-63.342613832162556,-19.14652637069543],[-63.344694212268031,-19.137240709591026],[-63.346833081581394,-19.129561747576531],[-63.348776624441577,-19.123528329069075],[-63.351549880022887,-19.116540948405998],[-63.352459286167054,-19.114061597564621],[-63.352547654450632,-19.113621454966101],[-63.352675212491008,-19.112088477800953],[-63.352860895513857,-19.110683314083634],[-63.354653350471708,-19.104060830642776],[-63.357929205668256,-19.098714074195133],[-63.358815897635502,-19.092905849525295],[-63.359859849552379,-19.090135657934233],[-63.357965255891791,-19.087435887755969],[-63.358670584279992,-19.081214644040497],[-63.36431320598961,-19.067660411099038],[-63.360954823606171,-19.049470190996505],[-63.361490869907684,-19.04262971189166],[-63.363456376910186,-19.03460656673963],[-63.365558366825162,-19.031364170819757],[-63.362722842185413,-19.027794979254832],[-63.363674627082332,-19.019466865903091],[-63.366748097046973,-19.011733618111915],[-63.367655413166737,-19.010703745981083],[-63.367655414066064,-19.005128742497455],[-63.367957656420678,-19.002334746751099],[-63.367572463298522,-19.001040040465444],[-63.367173809123905,-18.999700061408646],[-63.367249709206639,-18.997810238651535],[-63.367392385749945,-18.991327780552584],[-63.36727834451996,-18.989426849369583],[-63.367479420338924,-18.988661230431394],[-63.3675157835265,-18.988040273739621],[-63.367258307624752,-18.986721415261055],[-63.367286048112575,-18.98286117610235],[-63.367237732934989,-18.982716174811561],[-63.367208731597643,-18.982397171792005],[-63.367237732035669,-18.982281170039922],[-63.367237732934989,-18.982049168334392],[-63.367208732496977,-18.981817166628897],[-63.367187661381408,-18.981374260413755],[-63.367115953938082,-18.981121159713723],[-63.367179732058936,-18.980541154550618],[-63.36724741863344,-18.980193151092973],[-63.367291597828867,-18.979696011261872],[-63.367286048112589,-18.978955796372876],[-63.367125866265667,-18.978536000036332],[-63.367115953938097,-18.97726992906393],[-63.36706373120618,-18.976829119168485],[-63.367015416028607,-18.9764811157109],[-63.367063731206194,-18.976133112253315],[-63.36709273164422,-18.975901109648401],[-63.36705404550775,-18.9756236750925],[-63.367054045507736,-18.975321104485296],[-63.367092730744893,-18.975205103632558],[-63.36709273164422,-18.975089101880478],[-63.367175597875452,-18.974939966406271],[-63.367175597875466,-18.974774234843039],[-63.367046341915071,-18.974509097616675],[-63.366996044631726,-18.974277095011853],[-63.366526254982659,-18.967156351184595],[-63.3671853186475,-18.9486357354508],[-63.379378456450546,-18.94880052002792],[-63.380414605849353,-18.948814487398639],[-63.380434157110635,-18.948873022471982],[-63.380946477497886,-18.950385363793483],[-63.381875679518942,-18.953490010555473],[-63.382358085756991,-18.955065977113126],[-63.383713122162803,-18.958237268135345],[-63.384908323860039,-18.96129069940622],[-63.386089904425489,-18.965963320450847],[-63.386842480496043,-18.969452924712634],[-63.386801315827995,-18.974664464493394],[-63.387256242381625,-18.987413868055501],[-63.387485420215896,-18.994517723514093],[-63.387117893376029,-18.996594182575357],[-63.386917711483136,-18.998542746350594],[-63.386649705419529,-19.001151551902574],[-63.386185116549839,-19.00727833352823],[-63.386300430320553,-19.011146045153797],[-63.386679227464334,-19.013929706790464],[-63.386632004063699,-19.016511756612267],[-63.402581665261117,-19.027368809896789],[-63.414660554296312,-19.031646202774017],[-63.427472325448605,-19.027312905262757],[-63.444060332139962,-19.02512174079212],[-63.45384025615806,-19.015772453666777],[-63.463595243873343,-18.997814534827835],[-63.475630661682359,-18.987023757093123],[-63.482450392464266,-18.998483679169397],[-63.474943741586031,-19.010698014155757],[-63.475724446924822,-19.020021517727024],[-63.482545584167674,-19.031481365934411],[-63.475810246267734,-19.050149804714234],[-63.474358635510384,-19.070239161676344],[-63.466892524723697,-19.098234565489978],[-63.457183572033031,-19.134843291155022],[-63.447803422417266,-19.154951867740639],[-63.438421043119796,-19.175059967706133],[-63.433992986431143,-19.213806654078866],[-63.455906873755154,-19.219492113547904],[-63.459622734277069,-19.197962830686677],[-63.474731585967419,-19.200793673655287],[-63.497382842874529,-19.200733632403384],[-63.505653227936037,-19.189233724347819],[-63.507071028941354,-19.159101866122114],[-63.516732813999951,-19.127827746415164],[-63.515626177999934,-19.125962409415191],[-63.516014457999972,-19.124391829415266],[-63.516399480999929,-19.121774929415327],[-63.51882415699999,-19.117664128415392],[-63.523221816999964,-19.115928315415474],[-63.52424270899995,-19.110395725415653],[-63.523295323999946,-19.105090228415719],[-63.524658251999931,-19.102193041415806],[-63.524205222999953,-19.100871549415874],[-63.524472118999924,-19.100102722415894],[-63.526006713999934,-19.099993997415879],[-63.534572013999941,-19.101616412415787],[-63.536835322999927,-19.100160088415869],[-63.538835607999935,-19.098649651415919],[-63.542586724999985,-19.097407666415972],[-63.542449216999941,-19.094946124416044],[-63.540051451999936,-19.092702774416068],[-63.542403239999935,-19.087251913416242],[-63.544046843999979,-19.086683901416205],[-63.544305206999979,-19.085181357416243],[-63.543509891999982,-19.0834942014163],[-63.534854287999963,-19.074892859416561],[-63.527366717999925,-19.063947788416815],[-63.523959084999937,-19.05787152541695],[-63.52338593099995,-19.055188162417057],[-63.522436879999994,-19.05268486041706],[-63.522050884999942,-19.049642962417177],[-63.52053272699991,-19.045709259417322],[-63.519767546999958,-19.041773423417332],[-63.522211127999967,-19.040692532417431],[-63.520297101999965,-19.030494947417679],[-63.520849468999977,-19.026555393417791],[-63.515765614999971,-19.02585365341778],[-63.515785219999941,-19.020911206417903],[-63.516583026999946,-19.010652928418178],[-63.52688018799995,-18.988139447418774],[-63.518942989999964,-18.969227552419277],[-63.503345015999962,-18.958471184419558],[-63.493266478999942,-18.961926475419457],[-63.484995078999994,-18.96743342241929],[-63.479237670999957,-18.97019096341927],[-63.467350462999931,-18.971592613419244],[-63.463046296999948,-18.978802648419002],[-63.439439071999978,-18.977317477419074],[-63.423252397999974,-18.960351210419475],[-63.41166915899997,-18.938710883420057],[-63.417085628999992,-18.904832737420993],[-63.425270651999931,-18.897253682421173],[-63.431485265999967,-18.895155263421227],[-63.435857996999964,-18.890466498421326],[-63.435708256999987,-18.883562442421496],[-63.442029227999939,-18.880032556421558],[-63.44598019799998,-18.878014571421616],[-63.450204203999974,-18.879510811421628],[-63.452571223999939,-18.87699437642166],[-63.453887255999966,-18.875986893421675],[-63.454661228999939,-18.869582738421862],[-63.455599650999922,-18.866581373421941],[-63.454342650999926,-18.857778861422201],[-63.45315190599996,-18.849657680422357],[-63.457202871999968,-18.845827894422477],[-63.458836742999964,-18.839000286422678],[-63.457085726999928,-18.834510673422773],[-63.457072933999939,-18.829780263422904],[-63.460286609999976,-18.824095826423044],[-63.463245217999926,-18.816046745423225],[-63.461987844999939,-18.81037332542337],[-63.459986129999962,-18.804938251423536],[-63.461661986999971,-18.800913228423656],[-63.461626851999924,-18.788022422424003],[-63.46240481499995,-18.785750073424055],[-63.462292974999954,-18.780705848424176],[-63.460011097999939,-18.771089549424424],[-63.459900868999945,-18.766605811424565],[-63.462112340999951,-18.764960593424593],[-63.464510104999988,-18.766594416424578],[-63.465191206999975,-18.764630968424576],[-63.467310345999984,-18.759034585424715],[-63.466029288999948,-18.744609828425133],[-63.465250154999957,-18.732075984425435],[-63.462752188999957,-18.726405586425571],[-63.459986331999964,-18.713403535425929],[-63.460714997999951,-18.707488620426126],[-63.459209753999971,-18.701579183426269],[-63.459431164999963,-18.691644574426512],[-63.46113907299997,-18.680760206426804],[-63.464778356999929,-18.678671001426824],[-63.464100454999937,-18.674603237426968],[-63.469379856999986,-18.671589326427004],[-63.474238887999945,-18.662045148427303],[-63.455189932999971,-18.661989197427282],[-63.460977517999922,-18.540063699430483],[-63.486343792979952,-18.530419951733528],[-63.511707149999935,-18.52077285543098],[-63.501644676766048,-18.505810500554666],[-63.491583971999944,-18.490847545431752],[-63.483294655132411,-18.465174049081941],[-63.475007890999962,-18.439500064433137],[-63.464135248999973,-18.446016238432996],[-63.46274571899994,-18.404490012434035],[-63.463508217999959,-18.381603859434627],[-63.479316865244762,-18.359163925100454],[-63.495121467999994,-18.336722720435827],[-63.501505500999947,-18.338549799435775],[-63.501520143999954,-18.339141625435783],[-63.509597584999923,-18.340803249435751],[-63.511894302999941,-18.331475176435987],[-63.514170466999985,-18.315266650436389],[-63.517884604999956,-18.313924905436441],[-63.51880222199997,-18.309927298436577],[-63.516237557999958,-18.307048886436636],[-63.513415113999933,-18.29551502943692],[-63.512212272999932,-18.281535307437316],[-63.51544596999998,-18.275090016437492],[-63.524699048999928,-18.26174775243782],[-63.526990961999971,-18.253084091438033],[-63.52722565599997,-18.252196876438088],[-63.530458951999947,-18.245973290438226],[-63.532342708999963,-18.233212279438618],[-63.53498508499996,-18.219742324438933],[-63.536952378999956,-18.204992060439299],[-63.532216105999964,-18.191542614439701],[-63.542333169999949,-18.177991130440056],[-63.540695543999952,-18.17633123944011],[-63.540077228999962,-18.174783773440105],[-63.540581952999943,-18.173277412440143],[-63.537700869999966,-18.173739190440184],[-63.536462884999949,-18.173072885440156],[-63.538934471999937,-18.171519317440239],[-63.542716838999965,-18.169023131440284],[-63.545238248999958,-18.167324453440362],[-63.547257081999987,-18.166524724440301],[-63.548725853999933,-18.162964832440423],[-63.550089635999917,-18.160475390440535],[-63.550840242999982,-18.158125791440582],[-63.551698451999961,-18.155568742440629],[-63.554532980999966,-18.150244296440775],[-63.555677321999951,-18.146892415440856],[-63.558152339999921,-18.14208677844098],[-63.559514966999984,-18.13932110344107],[-63.560135754999969,-18.137676010441091],[-63.560182092999959,-18.136532554441153],[-63.560513910999973,-18.135693446441138],[-63.560606876999948,-18.134863597441207],[-63.564118963999995,-18.134509196441172],[-63.565417693999969,-18.134367289441215],[-63.569457303999968,-18.133664962441202],[-63.573912879999966,-18.132900468441211],[-63.580273056999928,-18.115951534441702],[-63.580302175999975,-18.115820453441689],[-63.580354959999966,-18.115733252441704],[-63.58097994799995,-18.114067565441754],[-63.581218432999947,-18.114036153441734],[-63.581218723999925,-18.11402956044174],[-63.581269742999929,-18.114029395441769],[-63.581352819999935,-18.114018452441758],[-63.583055889999969,-18.113794122441728],[-63.583444749999948,-18.113865799441712],[-63.584703761999933,-18.113640548441765],[-63.585803311999932,-18.112805699441786],[-63.587141913999965,-18.112801626441762],[-63.588321078999968,-18.112196993441753],[-63.589132105999951,-18.111678202441794],[-63.592940636999977,-18.110967205441806],[-63.594287105999967,-18.110321352441829],[-63.594505690999931,-18.110240790441846],[-63.597823522999981,-18.109017962441847],[-63.602879899999955,-18.1085186744419],[-63.605070662999942,-18.107280818441946],[-63.605389150999947,-18.10710086144195],[-63.606806269999936,-18.107096406441922],[-63.609010305999945,-18.106858983441914],[-63.609955679999985,-18.107009642441913],[-63.611372263999932,-18.106851507441966],[-63.612787555999944,-18.106322802441948],[-63.615618915999974,-18.10540997044199],[-63.617351090999939,-18.105553560441969],[-63.618923827999936,-18.104870659441993],[-63.620812141999977,-18.104566330442008],[-63.62112459799993,-18.103887465442007],[-63.622064368999972,-18.102451895442037],[-63.623090413999918,-18.103203264442026],[-63.623952634999959,-18.102143017442025],[-63.624423860999975,-18.101766411442071],[-63.625844707999988,-18.102742439442014],[-63.627027939999941,-18.103339628442029],[-63.62796898899996,-18.10236045144206],[-63.62899102799998,-18.101982038442038],[-63.629936647999948,-18.102204904442051],[-63.630879569999941,-18.101673092442034],[-63.631354803999955,-18.102503042442049],[-63.631929427999985,-18.102302321442064],[-63.632297172999969,-18.101817578442059],[-63.632845854999943,-18.101137920442124],[-63.633713704999927,-18.101663799442047],[-63.634266724999968,-18.102109366442079],[-63.634659051999954,-18.101809818442092],[-63.63470789299997,-18.101173855442095],[-63.637470969999988,-18.100781084442048],[-63.63943719599996,-18.100501586442093],[-63.639430182999938,-18.098567459442155],[-63.643138754999917,-18.098392440442133],[-63.651764802999921,-18.09752022844215],[-63.654398757999935,-18.097253899442158],[-63.677694251999966,-18.094898403442205],[-63.681323115999994,-18.095911435442222],[-63.684125816999938,-18.098337261442186],[-63.687140884999955,-18.100518263442101],[-63.689845777999949,-18.103043767442045],[-63.692513390999984,-18.105605517441955],[-63.695488117999943,-18.107836233441894],[-63.69873903999995,-18.109681785441868],[-63.702137836999952,-18.111264638441821],[-63.705881502999929,-18.111770647441819],[-63.709661917999924,-18.111788397441774],[-63.713440930999965,-18.111679545441806],[-63.717221026999951,-18.111620326441837],[-63.721000741999937,-18.111542957441827],[-63.72477813699998,-18.111691474441795],[-63.728297800999947,-18.113011302441745],[-63.731809899999973,-18.114349168441763],[-63.734956811999957,-18.116352651441652],[-63.737932834999974,-18.118582681441602],[-63.741575886999946,-18.119549307441584],[-63.745229163999966,-18.120479671441544],[-63.749003750999982,-18.120686461441583],[-63.754184146999926,-18.118298324441643],[-63.75727125599996,-18.116212018441662],[-63.759892326999918,-18.113607828441726],[-63.762393516999964,-18.11089110244184],[-63.765548407999958,-18.108890263441893],[-63.769275160999939,-18.108342190441906],[-63.773055712999948,-18.10834966144191],[-63.77683029899999,-18.10814469044189],[-63.780607310999962,-18.108287595441904],[-63.784347655999966,-18.108819202441854],[-63.788123360999961,-18.108998114441871],[-63.791903727999966,-18.10889676144188],[-63.795633953999982,-18.109468858441868],[-63.799330487999946,-18.110226300441859],[-63.803031695999941,-18.11096557044182],[-63.806692032999919,-18.111867624441803],[-63.810371853999953,-18.112697220441781],[-63.814011347999951,-18.113676040441767],[-63.817703709999918,-18.114455733441702],[-63.821476184999938,-18.114674670441705],[-63.82525586499996,-18.114599776441743],[-63.829025444999949,-18.114326017441709],[-63.832782889999955,-18.113925713441734],[-63.836491187999968,-18.113195669441797],[-63.839716623999948,-18.111301790441825],[-63.841823885999986,-18.10831466144187],[-63.843523202999954,-18.105080756441964],[-63.845033379999954,-18.101770848442015],[-63.846438420999959,-18.098411681442158],[-63.847868284999954,-18.095065954442205],[-63.849226795999954,-18.091693417442347],[-63.851313048999941,-18.088656577442357],[-63.854852092999977,-18.087434392442457],[-63.858579020999954,-18.087996259442441],[-63.862312774999964,-18.088562541442442],[-63.866071368999933,-18.088947884442419],[-63.869830807999953,-18.089324112442416],[-63.873607973999981,-18.089460687442415],[-63.877387213999953,-18.089538434442382],[-63.881154513999938,-18.089236577442382]],[[-63.390262082429082,-19.112016427715897],[-63.39040976010233,-19.112932594063921],[-63.390138797967083,-19.113745890560367],[-63.390249573758815,-19.114437333416156],[-63.390724941902519,-19.115456551278783],[-63.391381793235112,-19.116285174920844],[-63.391201364051632,-19.116917119529376],[-63.391094252997327,-19.117782457094652],[-63.391041378256901,-19.118509265789939],[-63.391025142796089,-19.119339806786613],[-63.391645138112615,-19.119961364225539],[-63.391391913306101,-19.120584787757704],[-63.39084757525535,-19.121191523469985],[-63.390705682021569,-19.122742148930957],[-63.391597963275323,-19.123103596353879],[-63.390255414855439,-19.124680955961306],[-63.389785416563697,-19.125962315408447],[-63.389295590019408,-19.126551624058159],[-63.389005942670067,-19.127168243319712],[-63.389445167960076,-19.128274649555397],[-63.390175685459496,-19.129466959932184],[-63.390650783806535,-19.130348358489915],[-63.390507700769696,-19.13139550299999],[-63.390983814451424,-19.132709457475407],[-63.391677575759509,-19.133728811135629],[-63.392226321387568,-19.134973409894911],[-63.392430396445597,-19.136640961611015],[-63.392980384037465,-19.138404618478322],[-63.393493912214218,-19.140133736882433],[-63.393934598003227,-19.141828405856185],[-63.394592272215561,-19.14295164470257],[-63.392886260092759,-19.144761706587392],[-63.392526447637408,-19.146492691984129],[-63.392366746927763,-19.148205950843938],[-63.392369813615979,-19.149503610503196],[-63.389403693026004,-19.157147159014126],[-63.391654268029988,-19.166269315276605],[-63.391330306148674,-19.167792595951457],[-63.389049573279124,-19.172963991794742],[-63.387744581447201,-19.175216035391649],[-63.388414961281399,-19.181720218413325],[-63.390755882178148,-19.186580691645524],[-63.397064144294802,-19.191273323505001],[-63.399572839115194,-19.194576112497536],[-63.399661180419109,-19.201012300477274],[-63.400999418388388,-19.202485855837544],[-63.401323721112824,-19.202558176618538],[-63.408465051321009,-19.20643202521774],[-63.412368063135546,-19.209183653902461],[-63.414417105465027,-19.209931865563082],[-63.416587574816468,-19.198782973773511],[-63.422547386368862,-19.167206461259738],[-63.433039169380024,-19.137771092607203],[-63.441278679421174,-19.114079246129066],[-63.446499655384663,-19.091111694196574],[-63.461538926658264,-19.072423719887549],[-63.467494211393849,-19.043714945919895],[-63.443353668998775,-19.043057139601533],[-63.419213246563828,-19.042396173301803],[-63.418547091817793,-19.077547733364366],[-63.411203353851626,-19.082501164696961],[-63.412022754946122,-19.08347498118539],[-63.411243195616905,-19.084559867543803],[-63.41041048095888,-19.085239719037734],[-63.409751509024886,-19.085886104060421],[-63.408866592319306,-19.086549524940555],[-63.408363092482723,-19.086798679415494],[-63.40786006568942,-19.087246279192414],[-63.407548296816394,-19.087709985827136],[-63.406877287456808,-19.088425865061602],[-63.40616525282411,-19.088708559752199],[-63.405749096943204,-19.089139415051918],[-63.405385047781671,-19.089553626598555],[-63.404951461240884,-19.089967991929271],[-63.404570233229656,-19.090464919520404],[-63.404154188864709,-19.090945387719433],[-63.403755119203375,-19.091260452607742],[-63.403303907749091,-19.091575630810656],[-63.402869950687624,-19.091841165537303],[-63.402488072466539,-19.092073507186559],[-63.402054750326428,-19.092603613465943],[-63.401760581185819,-19.093166491939982],[-63.401953962405386,-19.094059034896468],[-63.402581740454934,-19.094867948097253],[-63.403174881115824,-19.095726538948551],[-63.40378505403698,-19.096436264122268],[-63.404012171524478,-19.096898791745783],[-63.403875229058542,-19.097775519224793],[-63.402370614712083,-19.098871915106773],[-63.401085596822782,-19.099470029917871],[-63.39945318701492,-19.10020117694275],[-63.398706521288887,-19.10056659037582],[-63.398082209226516,-19.10121285848658],[-63.397597102324376,-19.101908439123129],[-63.396989615678187,-19.102323150692822],[-63.396590624257797,-19.102687814990649],[-63.396576121790524,-19.103895001952719],[-63.396527159101083,-19.105234548435586],[-63.395798551761672,-19.105897570916085],[-63.395213641696159,-19.107048115877753],[-63.39491969918474,-19.107726741595794],[-63.39459133152468,-19.10855426626631],[-63.394332121729974,-19.109216268915645],[-63.394229180831978,-19.109795263240763],[-63.394178857468276,-19.110572585956053],[-63.393744571254906,-19.110722340163829],[-63.393466627682685,-19.110822155018397],[-63.393120006483045,-19.111285912015205],[-63.392617540866738,-19.112014583206403],[-63.392481407790683,-19.112011710771796],[-63.391535143831781,-19.111875391536081],[-63.390570724359407,-19.111756394142212],[-63.390262082429082,-19.112016427715897]]]},"properties":{"FID":0,"categoria":"Area nucleo"}},{"type":"Feature","id":1,"geometry":{"type":"Polygon","coordinates":[[[-64.223663594099563,-17.261795520147079],[-64.239960181017523,-17.25690578297548],[-64.246571034425656,-17.255355646745656],[-64.250282372833212,-17.254609605149074],[-64.253355627859875,-17.254088891389188],[-64.254747175841416,-17.25397628098052],[-64.255413801905377,-17.25380492685581],[-64.272556900880218,-17.249684559694636],[-64.295020831546097,-17.257945827337995],[-64.302324629677855,-17.259932021445586],[-64.305264856987478,-17.260947713965777],[-64.309179941301224,-17.262652878027836],[-64.313596934550844,-17.264580615303085],[-64.315408859830995,-17.265103767125087],[-64.325226496005939,-17.267938383449561],[-64.322617241692285,-17.268104692377616],[-64.321578252234531,-17.268775762891089],[-64.321232544746138,-17.269058190483065],[-64.320252992381654,-17.269905090147745],[-64.318403320756602,-17.270744143227589],[-64.316149292355945,-17.271766574367845],[-64.314011010299836,-17.272783705803345],[-64.312794322000343,-17.272900108653051],[-64.31140422732318,-17.273022155647936],[-64.308855594510021,-17.273377675639157],[-64.307988295523401,-17.273771927632307],[-64.307239749314931,-17.274499779541141],[-64.306319543212282,-17.275563124438577],[-64.305687169627149,-17.27634444014376],[-64.304875319240509,-17.276349717365513],[-64.303836788437025,-17.276266089408466],[-64.303301223272783,-17.275139910678273],[-64.303122101703607,-17.274413575026415],[-64.303402050763964,-17.27296579783324],[-64.303798563652776,-17.271625711757178],[-64.304371106241547,-17.270614340479355],[-64.305405466888757,-17.269274627621929],[-64.305807430568436,-17.268711704181779],[-64.306496501012631,-17.267762832188907],[-64.30695479912464,-17.266978131435565],[-64.307466873996987,-17.265862336277721],[-64.307697343257757,-17.265360150350599],[-64.307517866456351,-17.264584116363817],[-64.306530052919584,-17.26430586882077],[-64.305486758407127,-17.264371389827712],[-64.305026488081921,-17.264875948166416],[-64.304451170185303,-17.265489698590663],[-64.304286350534596,-17.26586694710187],[-64.304108665182682,-17.266273645712133],[-64.303360541655636,-17.267060220652628],[-64.302726628431131,-17.267620125068653],[-64.302343233953025,-17.268065436070959],[-64.299850216114535,-17.26855151963689],[-64.298471741577544,-17.267683819552584],[-64.295725819990537,-17.26748013480033],[-64.293670852927505,-17.267936204392281],[-64.293363154386043,-17.26930791962474],[-64.293227265925566,-17.269913705652915],[-64.292094591392257,-17.271457334388398],[-64.290723468812985,-17.271687562630856],[-64.287977488770025,-17.271483776255241],[-64.286518669700811,-17.271601827562204],[-64.285006199776262,-17.271724219896779],[-64.282959918365506,-17.27349053965661],[-64.282515985124562,-17.275477062916067],[-64.281165146754049,-17.278562892263604],[-64.279593121025684,-17.282743636309711],[-64.279827604860031,-17.283623278491465],[-64.282561795690299,-17.284518596755788],[-64.28279329287615,-17.285728114760609],[-64.283662796101098,-17.286653398435526],[-64.284822369356846,-17.287057175148444],[-64.285865570339752,-17.287805108019235],[-64.286909161628444,-17.2884400671553],[-64.287778393258193,-17.289532520409466],[-64.288764101482045,-17.290167840173641],[-64.288415554833932,-17.291494039818009],[-64.287892934511262,-17.292645127970221],[-64.286906848572187,-17.293564221611522],[-64.285804442520956,-17.294371088854621],[-64.285187578643786,-17.29787246883933],[-64.285207405996971,-17.300728123004426],[-64.282930640936272,-17.302283557140406],[-64.279965840551085,-17.30362194709511],[-64.280206983865185,-17.305373641180552],[-64.281588453144536,-17.306684261869112],[-64.282512752061791,-17.307993275469244],[-64.282529511827477,-17.310410641437901],[-64.28071159976048,-17.312184534388678],[-64.278657292799764,-17.312857370271377],[-64.277057677669632,-17.313084463477146],[-64.276382082666956,-17.314625105564105],[-64.277983220349313,-17.314614902755512],[-64.27890427810992,-17.315494682533533],[-64.278465024940886,-17.318131854501409],[-64.276645408658624,-17.319675274594196],[-64.274815491541702,-17.319686925311331],[-64.273454891030383,-17.321457850499353],[-64.271635262157574,-17.323010265611209],[-64.269585601993924,-17.32433819465194],[-64.265836973197736,-17.326223601737794],[-64.266399420896491,-17.326775843030699],[-64.264581194066793,-17.328549605579767],[-64.26392178506228,-17.327835302856894],[-64.26281943926567,-17.328524572051315],[-64.262710669861463,-17.328742153127784],[-64.262238645397119,-17.329675973167578],[-64.261020450733156,-17.330022548501749],[-64.260266055334171,-17.330944584724765],[-64.259163389378898,-17.331805549786221],[-64.258234617233768,-17.332728675987539],[-64.257248098720765,-17.333593419100964],[-64.256319569392588,-17.334512017215779],[-64.255970627042757,-17.335779433573979],[-64.255041810830846,-17.336874256541627],[-64.254460935124015,-17.3381973499277],[-64.253938393941667,-17.339235396896004],[-64.253763608903398,-17.340388753138409],[-64.253588716845741,-17.341655075021652],[-64.25347186343572,-17.342808067937934],[-64.253529196115494,-17.344018710095323],[-64.253644444235633,-17.345400701880855],[-64.253527375887643,-17.347127564785229],[-64.253236224871827,-17.348683809210385],[-64.253003299562565,-17.350239688510776],[-64.252886518098308,-17.351446905150496],[-64.253001778808979,-17.352657183981798],[-64.253001079136425,-17.35380944844723],[-64.252652009982228,-17.355022637484694],[-64.251955396024641,-17.356115997255397],[-64.251026646362618,-17.356804127008786],[-64.250098019907611,-17.357555512376951],[-64.249111132672567,-17.358302741078603],[-64.248240496301833,-17.359107980548799],[-64.247717659242525,-17.360376470697531],[-64.247252648590802,-17.361585855602687],[-64.246497771155191,-17.362507854054179],[-64.247658266215964,-17.362333424248114],[-64.248818475292353,-17.362335218395572],[-64.250036795861362,-17.362449610361185],[-64.251138474361085,-17.363143111765144],[-64.252182401996208,-17.36377822738325],[-64.252587637409476,-17.365158398041601],[-64.252238624912593,-17.366425809003818],[-64.2517738274002,-17.367924395194603],[-64.251482737538254,-17.369191442830751],[-64.251366049603476,-17.370457397790624],[-64.251191126968877,-17.371723717875231],[-64.251073950702221,-17.373396356156885],[-64.251073354451705,-17.374607358942395],[-64.251130392153811,-17.375818002898477],[-64.251361728361019,-17.377140519819072],[-64.251535061893563,-17.378409175443032],[-64.251940523936,-17.379558892129126],[-64.252055531037897,-17.380945399410603],[-64.25228687983558,-17.38226791363325],[-64.252460111744725,-17.383477827339796],[-64.2526333535464,-17.384687738348408],[-64.252748750054707,-17.385956754600485],[-64.252979929779869,-17.3873380125392],[-64.253153387418877,-17.388665405583925],[-64.253674382666588,-17.390103583413559],[-64.254137860873527,-17.391257446873617],[-64.254253368897821,-17.392408975693616],[-64.25489098013459,-17.393561741980744],[-64.255528576982201,-17.394538278019073],[-64.256224375254646,-17.395464741604481],[-64.257210257946994,-17.396095663683866],[-64.25808026659098,-17.397075244826613],[-64.258659577477488,-17.398169619931991],[-64.259645612155211,-17.398863788632852],[-64.260515548853462,-17.399784615267713],[-64.261559731896057,-17.400419663436647],[-64.262603737772238,-17.40128515568534],[-64.263299277039934,-17.402378781655383],[-64.264169169671405,-17.403417073239257],[-64.26486484113947,-17.404569433032851],[-64.265560697867897,-17.405663047311737],[-64.265559992799425,-17.406928265726833],[-64.265559037719342,-17.408541419251016],[-64.265558365026493,-17.409811157658737],[-64.265151065669087,-17.411539853381491],[-64.264686297834317,-17.413038465652619],[-64.264163057878761,-17.414763377028169],[-64.263988012037089,-17.416088442627469],[-64.26375495632611,-17.417874774101492],[-64.263522327793169,-17.419082721890039],[-64.26055576203872,-17.422851955952972],[-64.25833377198596,-17.424553518230251],[-64.257384552854774,-17.425280413260374],[-64.257182308816482,-17.425475988825781],[-64.257125515729911,-17.427107573955311],[-64.258216844831509,-17.427945669257209],[-64.259710746453706,-17.428198311302978],[-64.260792392554833,-17.427667311996789],[-64.261736678904597,-17.426884132896358],[-64.262816976921911,-17.426158829666232],[-64.264649130652799,-17.426273735144697],[-64.265399837032817,-17.426860907904537],[-64.26675135708939,-17.42613386268755],[-64.26796905173029,-17.425669741465352],[-64.271156615085644,-17.425581658266861],[-64.273329351068639,-17.425897646758923],[-64.27434299223529,-17.425367008980217],[-64.275970971083382,-17.425356593931618],[-64.277808576504583,-17.426257579723483],[-64.279709153354702,-17.426439684343901],[-64.280595354292132,-17.427084669122113],[-64.282291010721508,-17.427073766640945],[-64.28398897391196,-17.427392691419506],[-64.285691128842458,-17.428226693906762],[-64.287322919916789,-17.428799056631121],[-64.287939753217017,-17.429707823357305],[-64.288489400865089,-17.430684801862071],[-64.288898101366271,-17.430944235587944],[-64.289652635260907,-17.432105147934177],[-64.290812453132162,-17.4330781676233],[-64.291700351090299,-17.433912867085095],[-64.292724082650253,-17.434818978113299],[-64.293884345685967,-17.435850717236747],[-64.294703927544163,-17.436631623750362],[-64.294907032233695,-17.436562524340953],[-64.296530688040775,-17.435969068917355],[-64.297682362550972,-17.435699491738088],[-64.29863447300248,-17.436081883472131],[-64.299383778238735,-17.436533372816879],[-64.300202422104064,-17.437178703834089],[-64.301088733658105,-17.43782358878752],[-64.302377901918575,-17.437815163938641],[-64.303938202286176,-17.437872734938704],[-64.305701421183585,-17.437793405741022],[-64.307258760983018,-17.437394595084449],[-64.307729570463266,-17.436867354944404],[-64.308060756598593,-17.435699392812687],[-64.308731873876852,-17.434714460703734],[-64.30967687608694,-17.434057579693498],[-64.310757497860209,-17.433399802958487],[-64.310685636632783,-17.43281286492174],[-64.31064314366607,-17.432677727395166],[-64.310338250110135,-17.43170810534474],[-64.310537663981947,-17.431123902146332],[-64.312017495710791,-17.429356451039315],[-64.313510337032355,-17.42847978381489],[-64.313706137428255,-17.428364800095373],[-64.315531830429549,-17.427575568557572],[-64.316679693612897,-17.426867615947675],[-64.317763446825552,-17.426657117931583],[-64.318781975807497,-17.426785936821492],[-64.319659560340341,-17.426255977131575],[-64.319865500592343,-17.426584466200108],[-64.320471236258527,-17.425929784931604],[-64.321752468901238,-17.424872992494549],[-64.322358192876251,-17.424218306729422],[-64.322825986030409,-17.423243717723313],[-64.32349930035241,-17.422579543211331],[-64.324244689940429,-17.422448075818007],[-64.325464081602021,-17.422245673498995],[-64.326007317983283,-17.422309838328317],[-64.32634851537162,-17.422628384492331],[-64.327301188798799,-17.4230106368314],[-64.328183790649376,-17.4231403145738],[-64.329404096022188,-17.423064401001277],[-64.329882190910325,-17.423517581071437],[-64.33035507602591,-17.423252352114329],[-64.330688754182617,-17.422531680392673],[-64.331021683204085,-17.421625753725493],[-64.331630603369589,-17.421418354773213],[-64.332449338066453,-17.42207258728001],[-64.333402846064473,-17.422649099476292],[-64.335035993316396,-17.423356612317765],[-64.335591191580178,-17.42353581662455],[-64.336599417029433,-17.423861245300198],[-64.338167752839453,-17.424957757194704],[-64.338434815514276,-17.425741814932778],[-64.338722090452052,-17.426585215335361],[-64.3387981182385,-17.42769173668426],[-64.339284514768508,-17.429319650781224],[-64.340309627687134,-17.43034749404158],[-64.342078484434467,-17.431054029319952],[-64.343771419515335,-17.430712769878355],[-64.345192064162404,-17.430188075719045],[-64.346276291317722,-17.430045198626942],[-64.347289609627751,-17.429459982791911],[-64.348503247426891,-17.42847126093988],[-64.34999130885177,-17.427878301942027],[-64.350666810324981,-17.427485133631976],[-64.352153771879046,-17.426824389134193],[-64.353318021609354,-17.426728840663415],[-64.354794852300529,-17.426607638131944],[-64.355615146421826,-17.427379240259704],[-64.356168000153048,-17.42874457750019],[-64.356382116141731,-17.430170958023261],[-64.356326009237875,-17.431734734270542],[-64.355727838668756,-17.433437753449535],[-64.355052733796569,-17.433966488262797],[-64.355060159498748,-17.434972398857102],[-64.355074814850809,-17.436957570435474],[-64.355429929247805,-17.439110465575485],[-64.35625315605823,-17.440270628786433],[-64.356716077584849,-17.440766765873498],[-64.35727954421553,-17.441370660627438],[-64.358096313893725,-17.441694940868771],[-64.358567561343818,-17.44116758471618],[-64.358695787580473,-17.440127462112628],[-64.358693235304543,-17.439782682724559],[-64.358688093880403,-17.43908826581076],[-64.359089432531206,-17.438299315760784],[-64.35990130270288,-17.437963926194165],[-64.360590941518694,-17.439396087559363],[-64.360649264352048,-17.439779338145897],[-64.360780527599218,-17.44064189051079],[-64.363189651281346,-17.442048729665078],[-64.363982870413111,-17.443088799208674],[-64.364080969361211,-17.443217426542958],[-64.364430837113375,-17.444647380072464],[-64.36402950295917,-17.445436341813657],[-64.363082629259907,-17.445899191394524],[-64.362199314246922,-17.445769682724638],[-64.360974181313395,-17.445330730828505],[-64.359618174539094,-17.445534290574983],[-64.358882367227409,-17.446967148015393],[-64.35915895102471,-17.44768369634544],[-64.360180280495499,-17.448133086672549],[-64.361266987081748,-17.448193436577803],[-64.362551949213071,-17.447533988003098],[-64.363434258783968,-17.447527947256887],[-64.364589069230135,-17.447646550747656],[-64.365741483882346,-17.447444356172056],[-64.366891447881969,-17.446912322645499],[-64.367976910705806,-17.446846128945634],[-64.369403767869528,-17.447030612272886],[-64.371103629528818,-17.447407500155975],[-64.372177080108145,-17.448484772853913],[-64.372266273070011,-17.448574284175823],[-64.372446202230435,-17.449106220575572],[-64.372957373284123,-17.449965999431296],[-64.373200668675892,-17.45037521794189],[-64.373585669343115,-17.452595635979776],[-64.373866027595042,-17.453768494020707],[-64.374150460675182,-17.455524204478412],[-64.37483438969528,-17.456170135343431],[-64.375922091831043,-17.456356910143256],[-64.377283756240317,-17.456939406428422],[-64.378785015216238,-17.457968247936268],[-64.379602195884615,-17.458292431050793],[-64.38075839308533,-17.458546479636251],[-64.382460052489364,-17.459185316648988],[-64.384093616127402,-17.459765872197174],[-64.385588036658518,-17.459881988163204],[-64.386744399334532,-17.460194739095865],[-64.387628309698684,-17.460391903763291],[-64.388577612466804,-17.460249728142394],[-64.389525004175539,-17.459854531861076],[-64.389658137113315,-17.459523758514585],[-64.390130136396607,-17.459064100627689],[-64.391012196855328,-17.459057935775093],[-64.391894852665303,-17.459051763727867],[-64.39271272761026,-17.459502400515309],[-64.393458263787807,-17.459302887718028],[-64.394743393192968,-17.458711009705265],[-64.396160957662005,-17.457661834525982],[-64.396832244012757,-17.45667662992247],[-64.397433561309754,-17.455429848508608],[-64.397833637312488,-17.454455582359177],[-64.39870997988163,-17.453663222979294],[-64.399859410583289,-17.453072268570285],[-64.401282852121895,-17.45280018587982],[-64.401964102960946,-17.453125230544913],[-64.402512641744963,-17.453830754985276],[-64.40211414944838,-17.455008344359538],[-64.402122615666158,-17.456115291987096],[-64.40246911365864,-17.457025565077739],[-64.402604760201484,-17.457089096784319],[-64.403286473292027,-17.457408384888975],[-64.404441195604633,-17.45746801443725],[-64.405251563908507,-17.456938159068731],[-64.405862642446934,-17.456933843222249],[-64.406541622497869,-17.456996820946461],[-64.407630842689173,-17.457377700920109],[-64.407637852005209,-17.458290364408747],[-64.407168205348327,-17.45901210992087],[-64.406695576539562,-17.459345293450486],[-64.406224883971149,-17.459931492244547],[-64.405619596167398,-17.460654192836671],[-64.405151587175951,-17.461628952713962],[-64.405363225532369,-17.462675723106088],[-64.40502748792818,-17.463134450194669],[-64.404556264759776,-17.463652876079323],[-64.403678945526849,-17.464318753007991],[-64.402932644925556,-17.464382757758013],[-64.40241649432572,-17.465166583470992],[-64.402328817620813,-17.465299729898561],[-64.402536436007651,-17.46582239788528],[-64.402811504447357,-17.466276816321962],[-64.402348287943084,-17.467843444319435],[-64.402289321195141,-17.469018642396406],[-64.401958728612385,-17.470191235137346],[-64.402708836943248,-17.470583563480606],[-64.404000405494287,-17.470827478505267],[-64.405220582263993,-17.47062456986793],[-64.405997710725728,-17.470460003826076],[-64.406169767220931,-17.470423568692684],[-64.406647199308736,-17.470750033387269],[-64.406810456837079,-17.471968841388883],[-64.407349933152815,-17.47374526503193],[-64.407504386318351,-17.47615246776212],[-64.406830270700354,-17.476807885575397],[-64.40637057504199,-17.478830852961419],[-64.406585236019794,-17.480266179040878],[-64.407133419571608,-17.480912944476739],[-64.406865339763542,-17.481371196723334],[-64.406464584772721,-17.482218971428331],[-64.406605755850919,-17.482936393899411],[-64.406205971228516,-17.48391067174008],[-64.40586669299347,-17.483913072929909],[-64.405261551779162,-17.484703550928078],[-64.404726626932259,-17.48574656035543],[-64.404666177202259,-17.486727475192758],[-64.40366018207169,-17.48835668251483],[-64.403122256187132,-17.489011129060312],[-64.403062837979576,-17.490127587917812],[-64.403341901207725,-17.491097067875327],[-64.403960812841206,-17.492136440444305],[-64.403970349252177,-17.493378924897403],[-64.403909033475088,-17.493486006274114],[-64.403635237576097,-17.49396416411485],[-64.403096316141998,-17.494492103927435],[-64.402692769655573,-17.495019085062665],[-64.402160295461201,-17.496387395461902],[-64.402850366850871,-17.497878103591582],[-64.404145711655246,-17.498587370111],[-64.404961252859479,-17.498708117585529],[-64.405639186998826,-17.498576803976277],[-64.407060648230285,-17.498042607580203],[-64.408150046487435,-17.49849123977884],[-64.40835974500618,-17.499275948626064],[-64.408707877966151,-17.50038047977527],[-64.409588112801131,-17.500112166143474],[-64.409899307906684,-17.500618256926984],[-64.410069443450027,-17.500894944146296],[-64.410158686773897,-17.501359908932599],[-64.410281627694914,-17.502000436670752],[-64.410315621168948,-17.502111054181746],[-64.410838599421766,-17.503812859275964],[-64.410777509374483,-17.504667264682492],[-64.411523627413416,-17.504865285504472],[-64.411654700903668,-17.506251490613746],[-64.412382868474523,-17.506942137569524],[-64.412222630869678,-17.507191787570871],[-64.412274087379217,-17.508443004441059],[-64.411522940331395,-17.509234541840609],[-64.411349090588033,-17.510731353668955],[-64.412186386392591,-17.511299228776352],[-64.412465607901439,-17.512277723538094],[-64.411996838083539,-17.513125993769563],[-64.41186972250965,-17.514233892879808],[-64.412047071515076,-17.515302579750198],[-64.412214233899761,-17.516309885192971],[-64.411978794985359,-17.516998350393521],[-64.411489569188234,-17.517751878846063],[-64.41138888648787,-17.518624636717558],[-64.411499625407373,-17.519053092626049],[-64.412238340227205,-17.519427375173166],[-64.412848575201565,-17.520466769325875],[-64.413338372967473,-17.521497982345963],[-64.414068397638403,-17.522419039207229],[-64.41539789419744,-17.522987903568836],[-64.416490190070192,-17.524014807037645],[-64.417218147199719,-17.524705430611107],[-64.418421010221365,-17.52446639710648],[-64.41962833118248,-17.524801150852397],[-64.420717109806731,-17.525371700543477],[-64.422282899636059,-17.525360477004362],[-64.424457476531288,-17.526153652069343],[-64.426507200546823,-17.526373869058776],[-64.426727992203041,-17.526417173213918],[-64.428196067094788,-17.526705107354761],[-64.429045629652009,-17.527507764871423],[-64.429143661150974,-17.528148660432283],[-64.429153708376873,-17.529431789745267],[-64.43019453514961,-17.529849006826165],[-64.430354031713136,-17.531271125462016],[-64.428885417228145,-17.532985123564565],[-64.427559578211913,-17.533988704914741],[-64.427571844964632,-17.535556472353278],[-64.427476174186026,-17.535870378015481],[-64.427138490448954,-17.536978347272846],[-64.426257100884484,-17.53798323893529],[-64.425677314256617,-17.539690816777739],[-64.427909077242063,-17.540808847650162],[-64.429447157160538,-17.541582440876887],[-64.430140901381435,-17.541931367038892],[-64.431330998526732,-17.542492080844792],[-64.431344403821129,-17.544199905101493],[-64.431509500463051,-17.546331353209322],[-64.432112377184382,-17.547605678159471],[-64.432125758197117,-17.549308982423536],[-64.431537422613914,-17.549887061238849],[-64.431445401284179,-17.550474730424391],[-64.431113855420037,-17.552592067270023],[-64.431868487340736,-17.554294533365965],[-64.433722101593659,-17.560489264168158],[-64.436626059245214,-17.560834195541634],[-64.457254521331251,-17.561801688804941],[-64.477883030077749,-17.562767014885754],[-64.479515882352075,-17.563039464499621],[-64.482039767621103,-17.563589880168767],[-64.483663063699382,-17.562723775481793],[-64.484603277019573,-17.561379334888318],[-64.485639464189887,-17.561371561148565],[-64.486201314738821,-17.561823683616062],[-64.487242819600382,-17.562502629492705],[-64.488364436069844,-17.563185483822952],[-64.488999531902834,-17.562873470334349],[-64.489557664654455,-17.562869271399723],[-64.490438046078907,-17.563318981885455],[-64.491241497696919,-17.56408102601846],[-64.492118151431498,-17.564074418699423],[-64.4928308299788,-17.563531379269708],[-64.493622363781014,-17.562838642289478],[-64.494649135948805,-17.561683268867739],[-64.495279810714621,-17.560833604687041],[-64.49591240193574,-17.560218868605823],[-64.496227419160036,-17.559755631417193],[-64.497018666078532,-17.559067401839052],[-64.497884255453968,-17.557682806516254],[-64.49836069828757,-17.557448775040875],[-64.499073670913148,-17.556910230422769],[-64.499952146674218,-17.557129486936216],[-64.500117681285928,-17.557891806261793],[-64.500598890526348,-17.558272206896774],[-64.501956042137579,-17.55849234204787],[-64.501947553436821,-17.55749840682596],[-64.503459220266734,-17.557179696086049],[-64.504970283651616,-17.556788690645533],[-64.506718745573593,-17.556165437984514],[-64.507345262773626,-17.554787144211275],[-64.507732087265978,-17.553401636975927],[-64.508204727765929,-17.552711275105189],[-64.510753738294341,-17.552538226657809],[-64.512180810396046,-17.551610147889949],[-64.513684149503831,-17.550297430881688],[-64.514783539228901,-17.548305549461482],[-64.515804984712247,-17.546535650399914],[-64.516509603535326,-17.545003118399165],[-64.516968520380871,-17.54270437750495],[-64.517038092833673,-17.54147942083851],[-64.518702802692133,-17.540400380972748],[-64.519735692947847,-17.540012937746837],[-64.519845032522184,-17.539990571607575],[-64.520929014162604,-17.539768837461846],[-64.521876368999187,-17.538690761669265],[-64.522678531888673,-17.539299069396456],[-64.523000464899482,-17.539676119157548],[-64.523245526559762,-17.540365513357695],[-64.523407975597522,-17.540748308887309],[-64.523334586421967,-17.541512441246137],[-64.523500488856428,-17.542274733592023],[-64.523529847224609,-17.542630046739237],[-64.523588911099338,-17.543344857579083],[-64.523516418547842,-17.544181273846689],[-64.523998576573035,-17.544638417229113],[-64.524557975570076,-17.544864538267799],[-64.525443773611244,-17.54592852258321],[-64.526484023918556,-17.546453649316376],[-64.52751764442371,-17.546941588183699],[-64.527604671818096,-17.546982671013438],[-64.529123580888481,-17.547580901837083],[-64.530085710686933,-17.5482647481196],[-64.530966686563303,-17.548714273345013],[-64.53105260599294,-17.549481692725905],[-64.531852884802746,-17.549855030085553],[-64.532575685219683,-17.550536195488974],[-64.533143420032786,-17.551679405580032],[-64.533708579187547,-17.552515404562207],[-64.534433029860395,-17.553354682472552],[-64.535862859283483,-17.553958063713655],[-64.539884064497926,-17.555431370861005],[-64.542849667977748,-17.556623657855475],[-64.546877996722117,-17.558611821478326],[-64.552870271245979,-17.562804489635425],[-64.553461882160093,-17.563218426888835],[-64.558346876307255,-17.566622807796289],[-64.562159066487695,-17.568011427585244],[-64.566371070068783,-17.566762772883624],[-64.57141500769643,-17.564088755691504],[-64.575415484437002,-17.56284159566307],[-64.587856643569168,-17.561124728723179],[-64.594397206865551,-17.560665532188516],[-64.597565661426074,-17.560843299378746],[-64.600528085802452,-17.561628091862932],[-64.601526713686823,-17.562029162515767],[-64.603494404243349,-17.562819429173253],[-64.604347535310453,-17.563824549263469],[-64.603129074447168,-17.569305723780076],[-64.60210019606717,-17.572350155535212],[-64.600450594819051,-17.576822779947285],[-64.600271540698984,-17.58046573840306],[-64.600298247865794,-17.583501620303469],[-64.600332115434753,-17.587350684486463],[-64.599613354772487,-17.591490470708589],[-64.600115786214531,-17.592376450412811],[-64.598411276858869,-17.594409789680004],[-64.596703210684609,-17.596077187612071],[-64.594247312363507,-17.599765636474896],[-64.592920585716385,-17.601244691189486],[-64.590829908373507,-17.602910609736789],[-64.590749461318524,-17.603128921062819],[-64.590081828913227,-17.604940701552085],[-64.590732202429123,-17.605757920891264],[-64.591242957996087,-17.60639970498238],[-64.59260057455684,-17.608403793799997],[-64.5933919006157,-17.61133862967398],[-64.593610678689856,-17.6144588023318],[-64.593456333442987,-17.618679861186589],[-64.594048202462531,-17.620690109460956],[-64.593901404326274,-17.622931263167224],[-64.593879430291437,-17.623266730974812],[-64.594104157380926,-17.623508804187896],[-64.595232410847018,-17.624724147101681],[-64.595626439808299,-17.625999553036866],[-64.596042891566114,-17.629854549148082],[-64.597584117313147,-17.63094446181741],[-64.597983840781581,-17.631524046997132],[-64.597905149203243,-17.632769042357374],[-64.597636985758243,-17.637011688538561],[-64.598412639331812,-17.638107792140826],[-64.601298425282025,-17.639737959938824],[-64.604366164766645,-17.640259698026625],[-64.604194256659582,-17.642465865407289],[-64.604598208740285,-17.644848066085327],[-64.606142868998177,-17.64630382386235],[-64.608261552128894,-17.647759405372195],[-64.611540476711596,-17.650484057093539],[-64.613854864910024,-17.651482168767004],[-64.614038758282035,-17.651561475481675],[-64.617314608082665,-17.653924608733615],[-64.617142833075249,-17.656126256121745],[-64.616974391854683,-17.658702864145823],[-64.616804686187265,-17.66077883307662],[-64.616629204174387,-17.662925452747388],[-64.618969372338597,-17.667672648274049],[-64.620311113167304,-17.667846849652324],[-64.62335967011262,-17.666172696912383],[-64.625445746523937,-17.663955261026441],[-64.627357072970483,-17.663569008502925],[-64.629291235002427,-17.665753242318253],[-64.630466317966182,-17.668680158762307],[-64.632792113165465,-17.671787275062623],[-64.635482586152364,-17.672867311377257],[-64.637794851950829,-17.674497120345769],[-64.640616913739549,-17.678235629070979],[-64.643027564470458,-17.681429125253892],[-64.643254297947465,-17.685276465436456],[-64.64136001005636,-17.691938081976833],[-64.639056223066163,-17.691941371696874],[-64.63874502885993,-17.691941815062638],[-64.637234145339505,-17.691945363787458],[-64.636013920006349,-17.692005215468267],[-64.63456135931925,-17.692008256076114],[-64.633341278776982,-17.692181037424906],[-64.631947183915358,-17.692526933770903],[-64.630843744543142,-17.692992395882303],[-64.629857406793846,-17.694030652392655],[-64.628696057377113,-17.694609530705232],[-64.627477234087053,-17.695414772873434],[-64.626316479122167,-17.696454457507169],[-64.625155767324756,-17.697435404720121],[-64.624227563551187,-17.698360211754338],[-64.623066434468342,-17.699164953000128],[-64.621730870183441,-17.699803962682662],[-64.620569510874191,-17.700324063104986],[-64.619582547196714,-17.701073136316154],[-64.61836284886634,-17.701363289983806],[-64.6171433807624,-17.70194258378319],[-64.615922971967549,-17.702056532383047],[-64.614644998467838,-17.702288411780717],[-64.613424980878079,-17.702578540267382],[-64.613043677323773,-17.702667509298067],[-64.612204968684281,-17.702868662458744],[-64.610984943900007,-17.703158774757586],[-64.609764982068214,-17.703390150534958],[-64.608196460098483,-17.70368309929556],[-64.606859849902094,-17.703684995066386],[-64.605174914290828,-17.703974357330701],[-64.603954362503771,-17.703975282733037],[-64.602617976238534,-17.704035882649798],[-64.601339391199929,-17.704037267605749],[-64.599537682218227,-17.703984168034861],[-64.598259387660576,-17.703985527809838],[-64.597154589412753,-17.70358337527249],[-64.595875502552346,-17.703295579627248],[-64.59453862435798,-17.703066975560418],[-64.593317961954313,-17.702954889456521],[-64.592097702446949,-17.702955741114522],[-64.590644723575096,-17.702958466060281],[-64.589192152096075,-17.703074128767962],[-64.588030330535275,-17.703422366948647],[-64.586752443370528,-17.703771534128972],[-64.585416067897185,-17.704003697712441],[-64.584254276913327,-17.704523596686595],[-64.583209047059825,-17.705101284296791],[-64.581989279481604,-17.705562902705754],[-64.581060436290045,-17.706311327505706],[-64.580131412334765,-17.707005532179476],[-64.579144298470553,-17.707695682709531],[-64.577808494066673,-17.708334410904275],[-64.576646793015058,-17.708736799963269],[-64.575310126161355,-17.708738484393493],[-64.574205328812809,-17.708336198756513],[-64.57310022659415,-17.707762226245674],[-64.571821550723939,-17.7074200548916],[-64.570543081697849,-17.707710390222296],[-64.569498108151137,-17.708459691861265],[-64.568511314445573,-17.709497674078346],[-64.567640569256795,-17.710363044918537],[-64.567060816803235,-17.711456508111311],[-64.566597346690159,-17.712607777926564],[-64.566133909851985,-17.713763565036462],[-64.56543763493886,-17.714740485984578],[-64.56538105139434,-17.71589302923983],[-64.566021536864412,-17.716872849602279],[-64.567126470010521,-17.71738812516179],[-64.567941201824965,-17.718312333247521],[-64.569045929925679,-17.718768865990324],[-64.569744784993816,-17.719748205215467],[-64.57003675709062,-17.720897961471678],[-64.570328878474911,-17.722165182676978],[-64.57044666088467,-17.723375064907259],[-64.569983569386181,-17.724874223066877],[-64.569520623577887,-17.726255912680198],[-64.568882856758421,-17.727526049487544],[-64.568651534041024,-17.728675469397331],[-64.568536933432711,-17.729828474004808],[-64.568596455961639,-17.730980088260424],[-64.568597854407386,-17.73219089859105],[-64.5684833410333,-17.733456851752248],[-64.569472669927734,-17.73432091587749],[-64.570461800971302,-17.7351262434813],[-64.57104422621002,-17.736160720141061],[-64.571104125554882,-17.737488527773277],[-64.570989665240788,-17.738926165110378],[-64.571049418895541,-17.740136508692892],[-64.571225356864716,-17.741287184056262],[-64.571575896410451,-17.742725614595368],[-64.572448820656518,-17.743649325356042],[-64.573089883491249,-17.744913738877916],[-64.574078941689763,-17.745601573653612],[-64.57530049712021,-17.746120371857618],[-64.576521302516085,-17.746350017339402],[-64.577742659196289,-17.746810066431348],[-64.578615752514906,-17.747611758076104],[-64.579256434936482,-17.748591517284623],[-64.579781066143255,-17.749743892366666],[-64.579782844102908,-17.750954693704081],[-64.579958886393456,-17.752277038854228],[-64.579960597803279,-17.753546573115784],[-64.579729775108987,-17.754813463370567],[-64.579324677291993,-17.756135973995981],[-64.578453779218449,-17.757001401493419],[-64.577350445966246,-17.757809961260641],[-64.576537723237323,-17.758792380663795],[-64.575492347693626,-17.759424264118405],[-64.574446822862541,-17.760173612522181],[-64.573285320561055,-17.761041352176616],[-64.572123456732115,-17.761732888561934],[-64.571078573117632,-17.762830099229625],[-64.569916679611012,-17.763521623923726],[-64.568754648508175,-17.763928511391672],[-64.567651032868795,-17.764849973847159],[-64.566547231069805,-17.765310599404579],[-64.565501978733252,-17.766236102514092],[-64.564398099592609,-17.766927134379728],[-64.563353138636373,-17.768024309074566],[-64.561784380145014,-17.768773252783316],[-64.560623211491986,-17.769930073214233],[-64.559519723556377,-17.770910229023791],[-64.558358253630431,-17.771832106966141],[-64.556905909679926,-17.772927974046691],[-64.555919008955044,-17.773965917592978],[-64.555106105462357,-17.774948260553735],[-64.553886620271285,-17.775983524120299],[-64.552433901303431,-17.77673599676876],[-64.550865749854438,-17.777945691940083],[-64.549820222325351,-17.778925339632661],[-64.548891307188057,-17.779962793048416],[-64.5474390513711,-17.781117331899264],[-64.546393614673534,-17.782042745975886],[-64.545813447632426,-17.783194902522656],[-64.545292052186412,-17.784635747741497],[-64.544770666632928,-17.786248273538945],[-64.54442344468616,-17.787687741895734],[-64.544134697558192,-17.789415901622537],[-64.543554923520844,-17.790857203696927],[-64.543498300406199,-17.792122693707313],[-64.543209335642302,-17.793620433636086],[-64.543617464174588,-17.794773826750649],[-64.544374665458392,-17.795865727821013],[-64.544548033165142,-17.796316162261],[-64.544841384822007,-17.797077389809658],[-64.545482311859175,-17.798287673137555],[-64.546122985287525,-17.799263018473468],[-64.546705943824222,-17.800415020336843],[-64.54723055344725,-17.801567480854487],[-64.547696979631823,-17.802774614756636],[-64.548163828497806,-17.804099212708483],[-64.548630385084152,-17.805252127383707],[-64.549271320215212,-17.806286192154008],[-64.549505411945177,-17.807553894496611],[-64.549972086342649,-17.808819752329665],[-64.550438973879508,-17.810144342187581],[-64.55113783704148,-17.811123721882197],[-64.552243640731376,-17.811810716691181],[-64.551663866694071,-17.813252039449988],[-64.551025285988132,-17.814232992058908],[-64.550154634328848,-17.815617885057279],[-64.54934160762906,-17.816541484302025],[-64.548354313001084,-17.817461940416198],[-64.547191894290435,-17.81821209461242],[-64.54701702291726,-17.81837612735638],[-64.546320644582067,-17.819018674072474],[-64.545157987551022,-17.819366719798214],[-64.544053620078444,-17.819773030800654],[-64.542658034140914,-17.819946697082326],[-64.541379307009379,-17.820408587086586],[-64.540333493495879,-17.821216519127006],[-64.539170696170615,-17.821447062132151],[-64.537950564367009,-17.822486774644908],[-64.536497075579504,-17.822719589337503],[-64.534986091334986,-17.823639584099443],[-64.534173064635169,-17.824680592535277],[-64.532952963408476,-17.825661541546875],[-64.532605190177307,-17.826811847288862],[-64.532083374747899,-17.828365619477726],[-64.53138704317746,-17.82974907446015],[-64.531039492978152,-17.830962628622377],[-64.529586330644577,-17.831656230750415],[-64.528248923648817,-17.831888083168447],[-64.527144498619691,-17.832407257289056],[-64.526156803793398,-17.833268881553575],[-64.525285599051116,-17.834310316268038],[-64.524356736973786,-17.835921466102715],[-64.523485310998225,-17.836904159799072],[-64.522730293268353,-17.83788142518754],[-64.521102969126673,-17.838978435306487],[-64.51994107651943,-17.840306749257021],[-64.51941912079576,-17.841512607920496],[-64.518082185944067,-17.842263963610989],[-64.516628877920297,-17.842957482102069],[-64.515407713694955,-17.843247083585982],[-64.514070390336201,-17.843537578096687],[-64.512732479720114,-17.84348017796782],[-64.511452852367199,-17.84348105390745],[-64.509824091108882,-17.843023779223973],[-64.508311276743996,-17.842678545678268],[-64.507148047744181,-17.842565539567936],[-64.505984880797598,-17.842565479313347],[-64.504879297441562,-17.842049910574861],[-64.503715933543447,-17.841991103006919],[-64.502378063396861,-17.841761944058408],[-64.500923938788731,-17.841592404765599],[-64.500435316436651,-17.841514835541208],[-64.499469623524249,-17.841364122656099],[-64.498073485402969,-17.841076644471507],[-64.496851992025768,-17.840905289447495],[-64.49557237366605,-17.840906059267173],[-64.494589672775135,-17.840909065700771],[-64.494176588079014,-17.840907709523151],[-64.492838535370083,-17.840619751999892],[-64.491558863051054,-17.84050754178957],[-64.490162999222974,-17.840391693821562],[-64.4890575183897,-17.8399889801073],[-64.48760336500321,-17.839991027863618],[-64.486207348290463,-17.839820934588431],[-64.484927830654826,-17.839762896840174],[-64.484121188242213,-17.839484389393004],[-64.483589854388242,-17.839303184993923],[-64.4824261595396,-17.838846658546387],[-64.481030439603032,-17.838961165625225],[-64.479808742979046,-17.838441810740893],[-64.478587165964868,-17.838329073527863],[-64.477365690574103,-17.838157593498117],[-64.476318291555842,-17.837641415019217],[-64.474747825251882,-17.83740930269709],[-64.473118845458302,-17.836838760200564],[-64.471839123676602,-17.836608948344221],[-64.470617278664463,-17.836030797583184],[-64.469221362675668,-17.835688889730424],[-64.468115844970214,-17.8353447884312],[-64.466952509850387,-17.834996599713232],[-64.466021376984912,-17.834307797266995],[-64.464741783806232,-17.834019201225079],[-64.463403709513543,-17.833789769782022],[-64.462066047110341,-17.833790750942345],[-64.460902989881035,-17.833907888538185],[-64.459740217736794,-17.834314177057589],[-64.458576966253915,-17.834372568239353],[-64.457646948547776,-17.835120484922399],[-64.456717197940293,-17.836157558824247],[-64.455496334987856,-17.837255533016389],[-64.454275284077085,-17.837314327993806],[-64.452414465355275,-17.83788842730905],[-64.451309613148112,-17.838352973011244],[-64.44968146342876,-17.839042788993471],[-64.448285555533914,-17.839102845719705],[-64.447305984283716,-17.839566442637196],[-64.447064541495351,-17.839681185338396],[-64.446134436554985,-17.840429054357333],[-64.444622583565319,-17.841176704841022],[-64.44351799216156,-17.841641208275114],[-64.442064113967646,-17.841755867339359],[-64.440959523463206,-17.84273542779772],[-64.439796727936596,-17.84337203269309],[-64.438924720099678,-17.844236911604124],[-64.437645215054587,-17.844296038431374],[-64.436075283847231,-17.845274481931778],[-64.434679926337481,-17.846256146803682],[-64.433458763011458,-17.846716936037687],[-64.432004698657849,-17.847292381638038],[-64.430667742222496,-17.848504019344933],[-64.429039369471283,-17.848967764650581],[-64.42776000022377,-17.849713592208438],[-64.42607367965654,-17.850751547445885],[-64.424910892223849,-17.851329332182896],[-64.423515318876795,-17.852595573127125],[-64.422352383955342,-17.85311912604681],[-64.421015199092082,-17.854502397567558],[-64.419328919893701,-17.85559451897182],[-64.41770102738046,-17.857210311106943],[-64.416596098730892,-17.857841847423281],[-64.415549459639792,-17.858536210377718],[-64.414270057117378,-17.859629856132923],[-64.413398145507983,-17.860494634319878],[-64.412234827475288,-17.861131088129181],[-64.411420817816449,-17.862049658364974],[-64.410141434179806,-17.862741160576025],[-64.408920225887698,-17.863780134745337],[-64.407698915072828,-17.864471203483209],[-64.406536025117418,-17.865279315388015],[-64.405489174685613,-17.866145322948231],[-64.404500663274973,-17.866780474539208],[-64.403570230082039,-17.867528160995775],[-64.402756012679788,-17.868505436276788],[-64.401825644238045,-17.869488060725352],[-64.400953612119466,-17.870352787650976],[-64.399615975796607,-17.871677195845827],[-64.39845319016257,-17.872887385644272],[-64.397639091470865,-17.873810421014063],[-64.396417766266822,-17.875192712273829],[-64.395022068813361,-17.876228342763731],[-64.393916992675031,-17.877207666700432],[-64.392986367926483,-17.878018562906341],[-64.391823312495831,-17.87893955231845],[-64.390252812017579,-17.879917662170325],[-64.389147815918932,-17.8804948389656],[-64.387751369330203,-17.8804957490795],[-64.386471725789477,-17.880726249816519],[-64.385191918572161,-17.880898008636169],[-64.383621216645793,-17.88124803287036],[-64.381701265700812,-17.881591485758403],[-64.380363364077937,-17.881650669242951],[-64.379025144095067,-17.88182279858324],[-64.377687239774275,-17.882112393771948],[-64.376523759863574,-17.882342009576057],[-64.374894893384578,-17.882457428567431],[-64.373556837078354,-17.882575301808671],[-64.372218741201891,-17.882688649661411],[-64.371811334825225,-17.881598100272061],[-64.371171199191437,-17.880617623404532],[-64.370123491705741,-17.8792921072449],[-64.368378209786499,-17.87791274237912],[-64.367796043552516,-17.876873109006738],[-64.365992375847441,-17.876185427115729],[-64.365584990155099,-17.875090340646633],[-64.364712240377557,-17.874111469968319],[-64.364443240563034,-17.873797073276243],[-64.363781091324242,-17.873015528243968],[-64.362908371224307,-17.87180621528455],[-64.361977542329655,-17.871058167300522],[-64.361570077497049,-17.869560946280618],[-64.360755362769737,-17.86817952016866],[-64.360173447446584,-17.867085638791128],[-64.359533311812868,-17.865585513860299],[-64.358544169977435,-17.864724895937165],[-64.357613241258036,-17.863800612308356],[-64.356682328726421,-17.863111272067496],[-64.356391390849964,-17.861843656959124],[-64.355286091679773,-17.86074887715893],[-64.354794029420873,-17.860295947100202],[-64.354006332126445,-17.860174904648087],[-64.353249909655588,-17.859195163426026],[-64.352144437815525,-17.858502492995626],[-64.351155638621776,-17.857872262494883],[-64.34981749867859,-17.857294146807366],[-64.348538016116478,-17.857181000402811],[-64.347258121664922,-17.856778675195638],[-64.345920042875662,-17.855970098341327],[-64.343535265639957,-17.855453371276045],[-64.342313552828159,-17.855452743549218],[-64.340626544279516,-17.85522035153792],[-64.339521436664924,-17.854645078607451],[-64.338358094350554,-17.854011458561892],[-64.336787474262493,-17.853724015450897],[-64.33521702864293,-17.853382336925272],[-64.333820934588402,-17.853206633679186],[-64.332250218272904,-17.852747456030208],[-64.331028676332323,-17.852688016238918],[-64.329807316954088,-17.852574348227563],[-64.328411041236507,-17.852055210979113],[-64.326607742253472,-17.851882225484246],[-64.324746612366241,-17.851424960693361],[-64.322710605709844,-17.850964344129117],[-64.321489159097368,-17.850556928759193],[-64.320151190025342,-17.850502728418121],[-64.318580676956628,-17.849984696436536],[-64.316835786242493,-17.849409090756847],[-64.315207159882519,-17.849406515098561],[-64.314102079247505,-17.849061527967077],[-64.312763929411787,-17.848659360141315],[-64.311542626690809,-17.848428098577855],[-64.310379422872032,-17.847794302265171],[-64.308925137285186,-17.847275409632399],[-64.307878254477828,-17.846699557538493],[-64.306656868119944,-17.846414042573929],[-64.305086462969811,-17.845778419738213],[-64.303864894049568,-17.845547107812703],[-64.302177973634514,-17.845431853397262],[-64.300840085501477,-17.845951349475165],[-64.299676578611169,-17.846528414754509],[-64.298397010613471,-17.846758330032849],[-64.297175206070833,-17.847105330746388],[-64.29519747458373,-17.847796221418427],[-64.293277839300785,-17.848084571046055],[-64.291474588881144,-17.848195912511304],[-64.28978790588711,-17.848198028616078],[-64.28862430546728,-17.848196676935061],[-64.286821188147243,-17.848082055642283],[-64.285541415104205,-17.848081452197206],[-64.284145468538497,-17.848081604182639],[-64.282924073187345,-17.848080598740577],[-64.281702341489847,-17.847907888438268],[-64.280306386830247,-17.847908010746021],[-64.278968526576193,-17.847907744546717],[-64.277630664523485,-17.847907469354187],[-64.276741278187373,-17.847696404765205],[-64.276176497647214,-17.847560027073527],[-64.274373472058059,-17.84733232952334],[-64.272744840302082,-17.84732940043142],[-64.271290620365789,-17.847388577620734],[-64.27012718901851,-17.847617555805527],[-64.268789325167177,-17.847617217660396],[-64.267393072832022,-17.847617250935347],[-64.265939024666238,-17.84761765023433],[-64.264426600607067,-17.84761841555741],[-64.263146868932822,-17.847500183486641],[-64.261983822495381,-17.846866087699759],[-64.260762344406615,-17.846349842671035],[-64.259832042514688,-17.84560126948293],[-64.258727163327862,-17.844849298656182],[-64.257563977495522,-17.844273915109046],[-64.256692059590819,-17.843353247654186],[-64.255528634538791,-17.843121256740577],[-64.254365728395612,-17.842374150346686],[-64.253435424705046,-17.841449323527392],[-64.251981895448068,-17.8401257049373],[-64.250120825815415,-17.839721930922337],[-64.24855058883854,-17.838570731254212],[-64.247154980417974,-17.837933511222491],[-64.246806770116279,-17.836666045401603],[-64.245294803812101,-17.835744889614947],[-64.243957109932651,-17.835631413159135],[-64.24267779644309,-17.834708754605284],[-64.241689616882283,-17.833842971875573],[-64.240410095649338,-17.833439921814886],[-64.239480364826917,-17.832112873210466],[-64.238375436177421,-17.831713218989808],[-64.237328985943904,-17.830730304060214],[-64.236457014079917,-17.829520352582154],[-64.235876231902509,-17.827906411251828],[-64.234713439073914,-17.827448358654788],[-64.234074223446612,-17.826123964849046],[-64.233435218260709,-17.824912525892323],[-64.232214147564832,-17.824337344692655],[-64.231342133432705,-17.823412032239442],[-64.230121341526626,-17.822488910534716],[-64.229721633346699,-17.822116391558136],[-64.22831848501005,-17.822373732561672],[-64.226806078937315,-17.822952562310835],[-64.225642528879575,-17.823411710282112],[-64.224537048046273,-17.824042191693763],[-64.223315713849047,-17.824158285176676],[-64.222167979268761,-17.824346204813462],[-64.221919429138339,-17.82438842528558],[-64.220872221675691,-17.824964301661161],[-64.219592573638295,-17.825134958811233],[-64.218487296951153,-17.825539481961467],[-64.217207773919597,-17.825425455120634],[-64.215753683485673,-17.825136285311252],[-64.214474335821876,-17.825135204326156],[-64.21278781020925,-17.824960419287887],[-64.211449985028779,-17.824900939027092],[-64.210519904370074,-17.824093367614743],[-64.209124120581635,-17.823921267952116],[-64.207961286384204,-17.82357601552064],[-64.206624034071851,-17.822942645486641],[-64.205460787984919,-17.822710341608904],[-64.204356260433016,-17.822134261087236],[-64.20313507012736,-17.821613113854077],[-64.201914427508768,-17.820866030842563],[-64.200809861286004,-17.82005948285882],[-64.199239809569519,-17.819481713410312],[-64.197960895378969,-17.818789180576175],[-64.196914504500739,-17.818212698956859],[-64.195577327731414,-17.817579250681824],[-64.194530714720671,-17.817056978396803],[-64.194117285584241,-17.816824538721438],[-64.19330994349906,-17.816368578846767],[-64.192031307199031,-17.815445557866145],[-64.190810660983175,-17.814463435239279],[-64.189648065106084,-17.8138288781002],[-64.188602015070899,-17.812850196279495],[-64.187265003776858,-17.812099202116428],[-64.187091647761306,-17.810717575455655],[-64.186278364754685,-17.809624502568681],[-64.185232121365289,-17.808700021988386],[-64.184128247620478,-17.807662921106893],[-64.182907340601275,-17.807028675133211],[-64.182152248227624,-17.805989451851698],[-64.180640430311541,-17.805587391944513],[-64.179419610526566,-17.805007343613962],[-64.178257249372493,-17.804259747089578],[-64.176745884714748,-17.803338018434768],[-64.175118440063898,-17.802471197887424],[-64.173897867592473,-17.801606441284211],[-64.172677117055301,-17.801030865282133],[-64.171456274787189,-17.800798693604804],[-64.17011948112912,-17.799875866877684],[-64.169014644210463,-17.799530020893702],[-64.167794410783415,-17.798665220223707],[-64.166107862687682,-17.798490017000624],[-64.16471212206676,-17.798606775082526],[-64.163432147575506,-17.799120471432566],[-64.161918878153642,-17.80062059816203],[-64.159766890429637,-17.800732775097458],[-64.15831234583807,-17.801654147620752],[-64.15738063021189,-17.802689900418493],[-64.156739821885239,-17.803669707291128],[-64.155575911199335,-17.804589344122853],[-64.154527809810517,-17.805914962805229],[-64.154060987924211,-17.80740885453497],[-64.153129596053972,-17.80827288178801],[-64.152255770687248,-17.80965620457015],[-64.152021568340686,-17.811153242128398],[-64.151496500962708,-17.8127649549387],[-64.151204145754662,-17.814208109616505],[-64.150679484870309,-17.815471888217008],[-64.150503789718073,-17.816625165319063],[-64.150153601807219,-17.817833690472412],[-64.149977746575701,-17.819330379993001],[-64.149332685355091,-17.824169074343271],[-64.149155975767641,-17.826592081759145],[-64.148747307642111,-17.827972656213092],[-64.148455257304235,-17.829239579742762],[-64.148221293278027,-17.830506161530074],[-64.147696390475971,-17.831833195745318],[-64.14664754354925,-17.833443455251189],[-64.146006124582911,-17.834997098836997],[-64.144318417261104,-17.835802266361434],[-64.142281587725037,-17.836839912232101],[-64.140884274189872,-17.838104248412254],[-64.139603984935889,-17.83862232536001],[-64.138149345016259,-17.838852221752568],[-64.136985656462841,-17.839252116991588],[-64.135182020234026,-17.839596987211159],[-64.133611498172058,-17.839597071747381],[-64.13238981773587,-17.839595122916542],[-64.130819441364125,-17.839477702034277],[-64.129598380560779,-17.839014832668347],[-64.128202600369647,-17.83890089665902],[-64.126632555847706,-17.838552988529546],[-64.125295038235379,-17.838090763078185],[-64.123317873321184,-17.837568949447416],[-64.122096767551724,-17.837282258169626],[-64.120235500967567,-17.837279384835707],[-64.118548530190466,-17.837280017059058],[-64.117152334512582,-17.837333193971688],[-64.11593061540556,-17.837561590295142],[-64.114359331617834,-17.838194135650781],[-64.112031736875096,-17.838885196294708],[-64.110809537530073,-17.839515725370408],[-64.109470209582469,-17.840612330794382],[-64.108364513811239,-17.841011732305549],[-64.107432886318634,-17.841758073376351],[-64.106093910905201,-17.842393753768683],[-64.10458132856543,-17.842564988283531],[-64.103593561793375,-17.841815959139172],[-64.102547589099913,-17.84094976811722],[-64.10173463344654,-17.839851804716933],[-64.101037722712704,-17.838875188638998],[-64.099991714046325,-17.838239435401594],[-64.099237415774112,-17.836797712444419],[-64.098307675059104,-17.835930840635747],[-64.097495012584702,-17.834778631928252],[-64.096972938150529,-17.833742274786118],[-64.096160009476819,-17.832590060682715],[-64.096045343217952,-17.831438445527798],[-64.09587311225431,-17.829650020432037],[-64.092299416884529,-17.827288693918025],[-64.089048515176785,-17.824365183206556],[-64.084204351149808,-17.824857541342382],[-64.079520511962016,-17.825195259253746],[-64.07321255111826,-17.824299150485377],[-64.071172278078109,-17.823384010263783],[-64.070667454439445,-17.823328034661007],[-64.070187979991275,-17.822729673435603],[-64.069646178927982,-17.822307880604164],[-64.069711154945821,-17.820102400305473],[-64.069335410101061,-17.819887558563945],[-64.068198784846004,-17.820237196089693],[-64.065585649058391,-17.818918440133871],[-64.060741218832149,-17.819256575330655],[-64.056203554550336,-17.817116682588789],[-64.050706860433195,-17.816988143388077],[-64.042480231077761,-17.819354809177064],[-64.040530542250664,-17.817349843520383],[-64.037448467572673,-17.815662658704699],[-64.033544601402184,-17.810884425775608],[-64.028696449781293,-17.811068142880458],[-64.024170209587467,-17.810314674682431],[-64.020054643007313,-17.812039756029883],[-64.014402644066706,-17.817794430568483],[-64.010726735350488,-17.820985645171316],[-64.006480749986565,-17.824233955932293],[-64.005600353273621,-17.828553915031144],[-64.005594740604735,-17.831549885918424],[-64.005706543422193,-17.834025596304169],[-64.005704197091006,-17.835236636861275],[-64.004072748658359,-17.836731705803501],[-64.003256435835794,-17.837824923481374],[-64.002667363707801,-17.840426240378616],[-64.001621875748924,-17.840933187316686],[-63.999176516582907,-17.842021182631417],[-63.997953896355163,-17.84265554551693],[-63.995275861891457,-17.843803424888108],[-63.993062859663205,-17.84500765038274],[-63.991899014627784,-17.845239504599412],[-63.989744354118599,-17.846443396445508],[-63.98857973746486,-17.847018663980112],[-63.987299117260406,-17.847418278630567],[-63.986076405301844,-17.848052568671051],[-63.98491173289009,-17.848569070905853],[-63.983688479539637,-17.849429289530057],[-63.982640058891555,-17.850121425763113],[-63.981881889037943,-17.851096780092277],[-63.981878678458187,-17.852768746580345],[-63.98181781414074,-17.854093057648459],[-63.981699127013073,-17.855304687261469],[-63.981463199766822,-17.85697330557354],[-63.981344476666202,-17.858126192369806],[-63.981225515245292,-17.859450794818258],[-63.981083504200328,-17.860391415531339],[-63.982384793523359,-17.861641089164888],[-63.982615047846139,-17.86296844893473],[-63.982496094519099,-17.864293051383182],[-63.982377381311039,-17.865500162802196],[-63.98214218881094,-17.866766605194631],[-63.982080858644686,-17.86838011844765],[-63.981438584423053,-17.86941815282545],[-63.981029025069382,-17.870567981926783],[-63.980677887474478,-17.871722036043082],[-63.9798609882939,-17.872869394706754],[-63.979625783203289,-17.874135834401205],[-63.980904134418196,-17.875060276310649],[-63.981600297815476,-17.876041864740202],[-63.981830570124643,-17.877369225409378],[-63.982001678734427,-17.879040308763177],[-63.98240674957178,-17.880131810534568],[-63.982578900495795,-17.881400717069361],[-63.982984067560601,-17.88261422446687],[-63.983796010577393,-17.883938646151531],[-63.984084625505041,-17.885089472601006],[-63.984955987628666,-17.885898449653656],[-63.985535728391071,-17.886939353768131],[-63.985824106797047,-17.888203148556435],[-63.986404162322174,-17.889244048174234],[-63.986925036161438,-17.890624150484076],[-63.987329491862504,-17.892181073897408],[-63.987967392681014,-17.893275897764394],[-63.988837818610421,-17.894491546447682],[-63.989300416381063,-17.896102395009446],[-63.98935635870896,-17.897254394174919],[-63.989877828798747,-17.898467288234713],[-63.99074585084032,-17.900943670413987],[-63.992197198341998,-17.902906455168701],[-63.992309621691675,-17.904979989634796],[-63.992713907420864,-17.906595641475622],[-63.993643500646996,-17.907399754095302],[-63.993699280197561,-17.908727980811641],[-63.99392940411866,-17.910109541821843],[-63.994450886798965,-17.911204932261793],[-63.994914100605222,-17.912589820763575],[-63.995493710066619,-17.913684909930609],[-63.995899022821604,-17.914893860463216],[-63.996478706027382,-17.916106432565751],[-63.996534707710552,-17.917258424536605],[-63.996299836268406,-17.918466130407523],[-63.996180944095265,-17.919731985542622],[-63.996004180548411,-17.920885169115191],[-63.995711176029872,-17.922038948038956],[-63.99524300246253,-17.923419559365126],[-63.995123194779573,-17.925263817071485],[-63.994654728932581,-17.926644428397573],[-63.994128221740027,-17.92820156584952],[-63.993602137228827,-17.929464982922578],[-63.993483469886201,-17.930617867920208],[-63.992956919526179,-17.9321162607568],[-63.992197554473542,-17.933611319806509],[-63.991719408323988,-17.934851893200289],[-63.991153724864475,-17.936110988131531],[-63.983810156913187,-17.955095373452647],[-63.978093885224602,-17.966741925799163],[-63.971798772095603,-17.978391231869793],[-63.963771688812351,-17.990604774390757],[-63.955132237362811,-17.996729768164236],[-63.948799109890963,-18.001740538794763],[-63.944772899050008,-18.005632787523098],[-63.93265711013747,-18.010671170937762],[-63.93093403337889,-18.012893657416317],[-63.925796606727992,-18.025643138320099],[-63.918183054204562,-18.042719686564219],[-63.917269403260306,-18.045186749968483],[-63.915222682980406,-18.048752716564593],[-63.914343277320363,-18.051287387402954],[-63.912820805135993,-18.054855372077704],[-63.91200936663892,-18.05701465510219],[-63.910419918344523,-18.060551304698876],[-63.909327952522965,-18.062255502889109],[-63.90878948164918,-18.06313467652404],[-63.907024851715491,-18.065872305462509],[-63.904338288081469,-18.070909770669331],[-63.902935082188264,-18.073040158476481],[-63.901866960092079,-18.074988217732031],[-63.900688787957158,-18.076728923900639],[-63.897013180513845,-18.081757352719592],[-63.896164693545749,-18.082493334499745],[-63.895278918886966,-18.083798850636409],[-63.893473985835705,-18.086179570131034],[-63.892649589007277,-18.087132326295762],[-63.891773644837826,-18.088053686228584],[-63.890722226749354,-18.089201792228891],[-63.888855151444027,-18.090466621237493],[-63.887921314317154,-18.091157774511654],[-63.886813525823513,-18.091614745224266],[-63.885531233779361,-18.091783312349936],[-63.884365903063937,-18.091955849982462],[-63.883140836680248,-18.092585054356714],[-63.8819170212535,-18.092757845598044],[-63.880518987361313,-18.092755194396645],[-63.879353937234384,-18.092751470304055],[-63.8778392522796,-18.092749331716224],[-63.876440889235589,-18.092800875460014],[-63.875275869685595,-18.092801646178991],[-63.874110829451169,-18.09279788881144],[-63.872829138154145,-18.092794653950062],[-63.871431726592839,-18.092561475931337],[-63.869392840307277,-18.092557116917348],[-63.86811178573025,-18.092264644797456],[-63.866772259931778,-18.092089915517118],[-63.865374565084089,-18.091915437147627],[-63.864209515856423,-18.091911622223563],[-63.862986012494446,-18.091908059109578],[-63.861763464212459,-18.091678546727508],[-63.860657595771386,-18.091213527981896],[-63.859143217485432,-18.091211239207261],[-63.857745529832307,-18.090977960464436],[-63.85658149414057,-18.090571921057283],[-63.855365861645154,-18.091155720460101],[-63.854146943026926,-18.091613000539486],[-63.852673607101217,-18.092405789795293],[-63.852001781157242,-18.09338933874692],[-63.851430040763709,-18.094367926138823],[-63.850823523586712,-18.095179467158633],[-63.850039337245562,-18.097180240175874],[-63.849483252250238,-18.098592558000099],[-63.848879994216311,-18.100086420052211],[-63.848174561506752,-18.101521987149955],[-63.84763886594088,-18.102943247832563],[-63.847135807671343,-18.104151978930656],[-63.84655003965257,-18.105727098326895],[-63.845643247837579,-18.107308139758782],[-63.844647567930835,-18.109264629259194],[-63.844061450075799,-18.110591208417468],[-63.843650820528914,-18.111682038395312],[-63.84271569377421,-18.11272093702161],[-63.842128864555434,-18.114273452857493],[-63.8407864285508,-18.115192113025536],[-63.839152769584572,-18.116053286729766],[-63.837811364203048,-18.116511004778989],[-63.83676113951492,-18.117084938618969],[-63.835421078619845,-18.117081712750799],[-63.83373096291357,-18.117192965183158],[-63.83093309378723,-18.117647895334077],[-63.829651144384734,-18.117757349122314],[-63.828427442272577,-18.11775357646632],[-63.82632937430116,-18.117979487962945],[-63.824697785574315,-18.117977440206626],[-63.823066468442711,-18.117970858967901],[-63.821901267229642,-18.117971311326915],[-63.82073574495859,-18.117967240995302],[-63.819570522161833,-18.117963163469202],[-63.818172985594735,-18.117670859522505],[-63.816251223415172,-18.117322021494026],[-63.815147033109049,-18.116400333308711],[-63.812758860033334,-18.116103140647407],[-63.811593693893819,-18.116044786337781],[-63.809963520699846,-18.115577166752804],[-63.808274397845118,-18.115457729590496],[-63.806820937835994,-18.114361223091915],[-63.80548128703176,-18.114186072928863],[-63.803675522107582,-18.114067081830328],[-63.802160944172201,-18.114005608671839],[-63.800996171935765,-18.113770954865618],[-63.798492056463211,-18.113361091541087],[-63.797504709674563,-18.11232132416972],[-63.795465558988333,-18.11231619443679],[-63.794125872211154,-18.112195188856834],[-63.792610660253729,-18.112251133882683],[-63.791153879947544,-18.112361052620415],[-63.789289301160288,-18.112359656872624],[-63.787599841959093,-18.112353011782027],[-63.785619253325805,-18.112234567471258],[-63.784630517984006,-18.111596915765009],[-63.783232302428765,-18.111593564891052],[-63.781484752419374,-18.111474127728734],[-63.780319562897482,-18.111469810982953],[-63.777988851104574,-18.111519900522907],[-63.776823293759946,-18.111633054122088],[-63.775541031393466,-18.111805416386797],[-63.774317685412825,-18.111742551077839],[-63.773152549850231,-18.11168396294449],[-63.771987396301256,-18.111620849422582],[-63.769889732125414,-18.111674426533508],[-63.768724146901825,-18.111783012475993],[-63.767267064423457,-18.111897270442626],[-63.766041267790236,-18.112697468313439],[-63.765164138314269,-18.113735776085154],[-63.763997822841191,-18.114020573390686],[-63.762828298587053,-18.115340198990967],[-63.762358254429849,-18.116607344653183],[-63.761132911954299,-18.117181567175511],[-63.760082002882086,-18.117868066458069],[-63.759728301319996,-18.119134747170776],[-63.758678127893226,-18.119649518210679],[-63.757510109104189,-18.12051269920164],[-63.756458388843548,-18.121429647060484],[-63.755465256716192,-18.122233384662934],[-63.754413960935501,-18.12297859978252],[-63.753188889155865,-18.123494026428144],[-63.751906107880529,-18.123779208643484],[-63.750681558607013,-18.12400540882253],[-63.749166550795607,-18.124002269289218],[-63.747011330908144,-18.123825363649583],[-63.745905832088454,-18.123359683002938],[-63.744216817152328,-18.123067968112188],[-63.743052349786069,-18.122832960872415],[-63.741596343796182,-18.122599068791935],[-63.739850259681688,-18.122077071699437],[-63.738921474046762,-18.120919280000749],[-63.737525202825793,-18.12034169221527],[-63.736129887584177,-18.119357387833123],[-63.734906444476778,-18.119353019825944],[-63.733978881020498,-18.117910507264071],[-63.732525030705574,-18.11704389086281],[-63.730720052688227,-18.116689230623429],[-63.729790088941385,-18.115938097065499],[-63.72821860100759,-18.115474074768699],[-63.727054323398235,-18.115125994868713],[-63.725306686154632,-18.115060276910182],[-63.724025270050099,-18.114884338041737],[-63.722801880902068,-18.114884410886813],[-63.721403302020761,-18.114876094855845],[-63.720238018070049,-18.114930160298623],[-63.718315201884977,-18.114928298701951],[-63.717033602318828,-18.114924034116822],[-63.714877302345592,-18.115031458135256],[-63.71359534394994,-18.115085918380348],[-63.712429823477528,-18.115081190644386],[-63.710739956883451,-18.115132620174222],[-63.709574746677134,-18.115132395343714],[-63.708409520283112,-18.115127641527398],[-63.70672015281275,-18.11500731493561],[-63.704972525461635,-18.114945930809984],[-63.703808708305189,-18.114480215989136],[-63.702703015231897,-18.114073028147686],[-63.70142369454782,-18.113377252358237],[-63.700142600400632,-18.11320115341044],[-63.699038706870788,-18.11227425904978],[-63.697933918515503,-18.111641094061216],[-63.696829118468997,-18.111003401885458],[-63.695841558541076,-18.110134814170287],[-63.694795320547541,-18.109438153447964],[-63.693633671656571,-18.10845720623502],[-63.692762884199674,-18.107533955927284],[-63.691775364741233,-18.106665346628397],[-63.690845972063919,-18.105855267906218],[-63.690208611737994,-18.104876940418414],[-63.689046194826012,-18.104063167281296],[-63.688033603168194,-18.102815036884387],[-63.687115119267261,-18.101991344225084],[-63.686059612860774,-18.101244955490241],[-63.685096859832178,-18.100651877781893],[-63.684050876346824,-18.099842178573606],[-63.682713251715121,-18.099146481025219],[-63.681316862683047,-18.098681447890424],[-63.67997873533033,-18.098157450705731],[-63.678815468558973,-18.097637350283431],[-63.677532510117203,-18.097555999409792],[-63.676802242629357,-18.098042092868244],[-63.675522833811669,-18.098656634695885],[-63.67469896758324,-18.098614329687503],[-63.673555195415858,-18.098708707240952],[-63.672776815097905,-18.098666232260758],[-63.671585950830931,-18.098494144289305],[-63.670898427220628,-18.098189247136016],[-63.670028485126458,-18.098065740541468],[-63.669433986489253,-18.098149145466667],[-63.668885196794342,-18.098291137625829],[-63.668152239434249,-18.098153589916198],[-63.667236023623552,-18.097899180702598],[-63.666456960720076,-18.097594583023508],[-63.665770807676608,-18.097728002845013],[-63.665085289554426,-18.09795179733754],[-63.664491517569431,-18.098306323577894],[-63.663943629894547,-18.098610979712863],[-63.663350036874647,-18.09909203157196],[-63.661611573615168,-18.099143194003133],[-63.661018468927153,-18.099759806969455],[-63.66074575850989,-18.100280421803973],[-63.65996820736683,-18.100382502050763],[-63.658915142619705,-18.100255051029752],[-63.658135459184045,-18.099864562699338],[-63.656992249092959,-18.100040181409202],[-63.65625871346878,-18.099825768644276],[-63.656075072806331,-18.099604963498205],[-63.65543208272441,-18.099037759285121],[-63.655155637422695,-18.098559687779293],[-63.654741537391978,-18.097991702055356],[-63.654510999782765,-18.097468284933363],[-63.654234677688187,-18.096940501602834],[-63.653685057919056,-18.096861024017002],[-63.653546909462243,-18.096640062388925],[-63.653224719245365,-18.096248002942954],[-63.652720296704267,-18.095852040439297],[-63.652493076694086,-18.096381527985081],[-63.652220802448028,-18.096947321161906],[-63.652039317460471,-18.097386274856653],[-63.651582373727507,-18.09760924826816],[-63.651033369993961,-18.0976969645432],[-63.65062284386908,-18.098096018916056],[-63.650624943786099,-18.098665401287178],[-63.650857990503809,-18.099713017042042],[-63.651272272197559,-18.100412060967809],[-63.651320304988005,-18.101021960495011],[-63.650956035492584,-18.101551909393038],[-63.649997281749101,-18.102255584827336],[-63.64871739179415,-18.102612372862648],[-63.6482136689256,-18.102568878051201],[-63.647481348285567,-18.102526148562841],[-63.646153468707546,-18.102444740132626],[-63.645923752179385,-18.10213822060232],[-63.645693570701674,-18.101786510139267],[-63.645052030326895,-18.101612416679647],[-63.644549415423157,-18.101790337653942],[-63.643955118234089,-18.102013752632541],[-63.643543114523069,-18.10201512769595],[-63.642444736535303,-18.102018789735318],[-63.641346369339423,-18.10202244547941],[-63.640935153434526,-18.102240723530535],[-63.640890489504429,-18.102548163966553],[-63.640985201605702,-18.103334152549042],[-63.641170245210617,-18.103948117911273],[-63.640761248832519,-18.104695108292546],[-63.640350978115109,-18.10517548206278],[-63.639574337085939,-18.105616402574871],[-63.638431740332521,-18.106058529977123],[-63.637971699334386,-18.105355090165229],[-63.638471026316772,-18.104264363609438],[-63.638514875461098,-18.103649636521489],[-63.638235828420697,-18.103257408902262],[-63.637628330982622,-18.103837848437934],[-63.636509318949877,-18.103692419069823],[-63.636291849389281,-18.104895185864102],[-63.635927877569422,-18.10535732318186],[-63.635760689104458,-18.105272015291238],[-63.63555298618131,-18.105168763227816],[-63.634618885553103,-18.104701864899084],[-63.63324868837622,-18.105836115044589],[-63.632392789195819,-18.105020986629192],[-63.632148302202332,-18.105202548059069],[-63.631601016173924,-18.105615570701961],[-63.631299095776619,-18.105842507425724],[-63.630821198739284,-18.105591008418209],[-63.63020009006209,-18.105263153371773],[-63.62989150388978,-18.105526262626867],[-63.629056152419466,-18.106161648940894],[-63.628532079691681,-18.106461610614804],[-63.628376733499394,-18.106547977007484],[-63.627799991976019,-18.106156703568953],[-63.627455673940148,-18.105922837568876],[-63.627227803720139,-18.105715704815896],[-63.626056519492742,-18.10515463937509],[-63.62532690491269,-18.105626981300055],[-63.624665815974595,-18.106352163121802],[-63.623684926318276,-18.105677489024849],[-63.623397844734697,-18.106514430496535],[-63.623344335972249,-18.106668248740618],[-63.623173623064162,-18.106836003778476],[-63.621919823341159,-18.108082773501167],[-63.621802087696146,-18.108200646742429],[-63.620826301692439,-18.107968805116229],[-63.619732137927748,-18.108677286527488],[-63.618270646073427,-18.10891244934999],[-63.616790282845201,-18.108650568568862],[-63.616657886452217,-18.108628398481748],[-63.615828043329486,-18.108997089044355],[-63.615458413874627,-18.10912932086141],[-63.613764311473737,-18.109744784494172],[-63.611451043830577,-18.110335087793995],[-63.611211872729704,-18.110100857568458],[-63.610603457983139,-18.109510797085591],[-63.60885451762185,-18.109733240796402],[-63.607455471992395,-18.109841591116489],[-63.606350904870347,-18.109262114754753],[-63.605307168790766,-18.107991036357177],[-63.604904290500542,-18.106781208985581],[-63.60490890042535,-18.105628848292678],[-63.60491399688339,-18.104358992973111],[-63.605035771383719,-18.103093288924061],[-63.605098562048966,-18.101940745668852],[-63.604667911794643,-18.100984065761963],[-63.604233266751805,-18.0998059682708],[-63.602894855213364,-18.099398925220143],[-63.601672606405607,-18.09910448808159],[-63.600448310740866,-18.099334253173176],[-63.599282672457321,-18.0994418156872],[-63.598059063874629,-18.099441094430901],[-63.596834836558386,-18.099607572431466],[-63.595726683839352,-18.099949922750671],[-63.594733001326915,-18.100694106347873],[-63.593971745899296,-18.101613813326765],[-63.593268351952801,-18.102705060590036],[-63.593205084646904,-18.10391634935996],[-63.593724059118003,-18.105243343105748],[-63.594009493143581,-18.106684028245233],[-63.594470489221642,-18.107893703631465],[-63.594465222791769,-18.109222307163687],[-63.594517825936848,-18.110546215335543],[-63.594569740201315,-18.112100594566755],[-63.594448194128802,-18.113370810514422],[-63.593454724755702,-18.114114989615015],[-63.592224146427156,-18.11453000335694],[-63.591348710374639,-18.114627591490077],[-63.590626791293325,-18.114706628408101],[-63.589897332296005,-18.115178839032133],[-63.588925848648941,-18.116234739341678],[-63.587706245646693,-18.116229424348433],[-63.586993507744126,-18.116227075319209],[-63.586779766772793,-18.11625936008134],[-63.586002737236477,-18.11682208207338],[-63.5850284746843,-18.117050991909711],[-63.582958600458994,-18.117527242288361],[-63.58208716279227,-18.116964997836359],[-63.579460896902837,-18.116484859688441],[-63.577771448493529,-18.116417627271623],[-63.576433065733333,-18.115951657043301],[-63.575152052525134,-18.115774723524627],[-63.573988041115193,-18.115425709229051],[-63.572824540520116,-18.11495919221289],[-63.571837436548421,-18.114148700701957],[-63.570732339725652,-18.113745262134092],[-63.569744735730914,-18.113047736263976],[-63.568932639829427,-18.112182482335633],[-63.568237436008808,-18.11119938574301],[-63.566517579722458,-18.106988194249691],[-63.565622792957448,-18.106389791655477],[-63.564818631774408,-18.106139083152115],[-63.563745995081533,-18.105798774293923],[-63.563030216571178,-18.105204354797081],[-63.562134898306851,-18.104524592336023],[-63.560883086085525,-18.103841344102708],[-63.56025759591131,-18.103675957879094],[-63.559452320468161,-18.103163125777588],[-63.557572356079334,-18.101464893689855],[-63.556408968798848,-18.100523774752322],[-63.555426944198068,-18.10061698498583],[-63.55489198337829,-18.100871591150963],[-63.553819433020337,-18.100449883755061],[-63.553374237131344,-18.100790090989843],[-63.55266087330061,-18.101135582641],[-63.551946758536019,-18.101051766725611],[-63.551233414490454,-18.101311391107739],[-63.550430854999938,-18.101657129173127],[-63.54891278949362,-18.101571076643829],[-63.547752911367738,-18.101746098203808],[-63.546415123059411,-18.102174681816049],[-63.545255474260657,-18.10252141183366],[-63.543827925518308,-18.10286437009454],[-63.542935166724519,-18.102699682644186],[-63.542486199978114,-18.102018569401416],[-63.541682590978709,-18.101934964826746],[-63.540613457145291,-18.102620341755312],[-63.53978056711945,-18.103196593148187],[-63.537743157520644,-18.102786533771436],[-63.536519915861398,-18.102722154903464],[-63.535180440424931,-18.102603860779475],[-63.533724580125245,-18.102481363224275],[-63.532558989505716,-18.102534293722606],[-63.531334133563348,-18.102817854460401],[-63.529877748059569,-18.102812823652865],[-63.528537841847886,-18.102748714581484],[-63.527373994114484,-18.102399413402178],[-63.526208818981786,-18.102393558815656],[-63.525043108752406,-18.102505193459855],[-63.523644484904985,-18.102558704920231],[-63.522013229826655,-18.102549570506259],[-63.520790427935871,-18.102430862694117],[-63.519625094522432,-18.102370738518733],[-63.518638842208759,-18.101442466396644],[-63.517592783180355,-18.100862318241358],[-63.516430361771704,-18.100282475855522],[-63.515208378263992,-18.099933255615205],[-63.514161902849487,-18.099407316794213],[-63.514691111605487,-18.09837556058363],[-63.514638935638345,-18.096992866427549],[-63.514994495199751,-18.095667830505928],[-63.515117164525456,-18.094284669601798],[-63.515413874250832,-18.093136033900798],[-63.51571080610875,-18.091865382681185],[-63.516590203674916,-18.090719705749791],[-63.516597716611258,-18.089047631343075],[-63.517360253572789,-18.08783899917044],[-63.517889953358626,-18.086689733944013],[-63.518419344677007,-18.08554046961693],[-63.518775281953651,-18.08416119738132],[-63.519187873821288,-18.083066474238368],[-63.520183017732052,-18.082033446386379],[-63.520305089008602,-18.080767778310289],[-63.519552932921485,-18.079667152017397],[-63.518508235466612,-18.078802299186691],[-63.518863178992483,-18.077590233402525],[-63.519450589173282,-18.076499558108079],[-63.519923400544471,-18.075002473785105],[-63.520510678524928,-18.073970541307396],[-63.520107903656758,-18.072873493416928],[-63.519413797009051,-18.071718477925334],[-63.518603515939446,-18.070618000020644],[-63.517850153861431,-18.069693612969836],[-63.518379920197106,-18.068485596832758],[-63.518909670344932,-18.067277582494381],[-63.519322660612261,-18.066128626634793],[-63.51973618058026,-18.064862172551152],[-63.520032933473068,-18.063654781442963],[-63.520271765529522,-18.062330048592788],[-63.520568924915899,-18.06106390567464],[-63.519523232810919,-18.060425012903973],[-63.518536807827381,-18.059555480001336],[-63.517959148096153,-18.058517639877142],[-63.518372126672261,-18.057368685816115],[-63.518727166425549,-18.056102390013205],[-63.519140797010145,-18.054777187716983],[-63.519263164163647,-18.053511516043546],[-63.519618610410475,-18.052186471128707],[-63.519623787807518,-18.05103409065071],[-63.519570919362415,-18.049823117542797],[-63.518760338818538,-18.04878590604465],[-63.517657090102595,-18.0480296562436],[-63.517022003262802,-18.046820239862146],[-63.51737689642659,-18.045608175876549],[-63.517440259959976,-18.044455638916521],[-63.517620917571271,-18.043131061649142],[-63.517801451975409,-18.041865233493684],[-63.518388635527053,-18.040833310009177],[-63.518511244598251,-18.039450138313214],[-63.51898288145474,-18.038183528646861],[-63.51951186538026,-18.037147238054562],[-63.520043293663029,-18.035537013622221],[-63.52057240709086,-18.03444649031325],[-63.520869652812159,-18.033121597383744],[-63.521341367010429,-18.031796233209544],[-63.521754145937045,-18.030706019267313],[-63.521992798129062,-18.02944003013322],[-63.520889920833156,-18.028570817389259],[-63.519785459831041,-18.028162547663385],[-63.518739836973836,-18.027582389615521],[-63.516181218988024,-18.026708007568455],[-63.528653100438362,-17.985150601425616],[-63.541119398641271,-17.943592368193201],[-63.549388532654618,-17.916016079478425],[-63.550151321426313,-17.913469652702254],[-63.550281853524666,-17.913035448327207],[-63.550411810956284,-17.912601244851544],[-63.55045472840294,-17.91245651065941],[-63.550530539452772,-17.912162553758758],[-63.550608825436875,-17.911719457786706],[-63.550712488490468,-17.91127629076815],[-63.550524201930315,-17.910904752052581],[-63.55044949524796,-17.910757332484863],[-63.550194005049264,-17.910681926129925],[-63.549663222479666,-17.910525264229531],[-63.549266520733291,-17.910408181492361],[-63.549154740398933,-17.910408496255048],[-63.548232452365788,-17.910411097094425],[-63.548104891627396,-17.910228864770261],[-63.54805485065075,-17.910221793400964],[-63.547743653746572,-17.909761717329335],[-63.547432535982701,-17.909229336664499],[-63.547313582655633,-17.908633144603872],[-63.547266453683832,-17.90798704106901],[-63.547267273865529,-17.907385995367349],[-63.547172123794446,-17.906857523156123],[-63.547004857987751,-17.906284063258845],[-63.547005748316558,-17.905705611224949],[-63.54688093051049,-17.905028090773733],[-63.546830086439272,-17.903356153963262],[-63.546835124441372,-17.902208279088772],[-63.547083691658997,-17.901493559080439],[-63.54672227661171,-17.901196308862495],[-63.545888513344138,-17.899924252002563],[-63.544945618245634,-17.899239983038736],[-63.544472870726345,-17.899096693157841],[-63.543873754969752,-17.898727798449105],[-63.543730617973601,-17.898222054803963],[-63.543827243832197,-17.897693043898816],[-63.543251755963752,-17.897622344595483],[-63.542676191652895,-17.89761942989275],[-63.542196916854195,-17.897367692564909],[-63.54169391883925,-17.896975927197207],[-63.541118548781988,-17.896747050635827],[-63.540543235381961,-17.896536248648882],[-63.540040146535475,-17.896212265183859],[-63.539272707369484,-17.896169201147625],[-63.538889902846677,-17.89552402211585],[-63.538315005832828,-17.895155042870893],[-63.53766780782302,-17.894876642443009],[-63.536972584217317,-17.894715869741539],[-63.536421235051918,-17.894622488636891],[-63.536013906916239,-17.894253040845101],[-63.535967248289843,-17.893448759152864],[-63.536063893034168,-17.892919754543012],[-63.535512550164022,-17.892826368042396],[-63.534912804882033,-17.892823496507095],[-63.534217484149501,-17.89282540486851],[-63.534192521667485,-17.893354214325484],[-63.534167916216347,-17.893905617450233],[-63.533879373234448,-17.894389956331395],[-63.533375267254684,-17.894802581473929],[-63.532823448643228,-17.894849282368451],[-63.532224014526591,-17.894756018175649],[-63.531360668959664,-17.894799047138289],[-63.530665430964802,-17.894733154711275],[-63.529994126627635,-17.894477391118627],[-63.529562988041441,-17.894130590953978],[-63.529659743402412,-17.893533798146223],[-63.529972414295457,-17.89302680354411],[-63.529661368477321,-17.89258929146256],[-63.529230167837895,-17.892219894032841],[-63.529135078021376,-17.891691410130424],[-63.529111686654964,-17.891162734672424],[-63.528920782168314,-17.890652587047214],[-63.528489703836712,-17.890125016856011],[-63.528394640999856,-17.889501631994687],[-63.528443615380503,-17.888904969588609],[-63.528132513804444,-17.888444859342709],[-63.527605592024429,-17.888026006395023],[-63.52700548161765,-17.888393681623075],[-63.526309991812631,-17.888531136702571],[-63.526141275399461,-17.889037738300932],[-63.525852651478651,-17.889499469125155],[-63.525372615853485,-17.889776433335673],[-63.525349618390116,-17.889175446989213],[-63.525086536114721,-17.88869260727796],[-63.524631515132285,-17.888345857475311],[-63.524320520575543,-17.887817954534913],[-63.524321473856887,-17.887239499802995],[-63.524322545848747,-17.886597775966553],[-63.524035525419073,-17.885997499185184],[-63.523724496688139,-17.88555997721113],[-63.523077006398701,-17.885561716499975],[-63.522429719356019,-17.88553633763183],[-63.521997216498271,-17.88592614427607],[-63.521492797554515,-17.886433640699924],[-63.521060648130337,-17.886846041911259],[-63.520484473179856,-17.887331130826961],[-63.51983695051478,-17.887328340230681],[-63.519333739360547,-17.886936514608411],[-63.518878668915413,-17.886567156748871],[-63.518831711714085,-17.886038538847451],[-63.518856426882557,-17.885509730289758],[-63.519216964191493,-17.885025220537443],[-63.51952952986386,-17.884473051190277],[-63.519506491031677,-17.883853987571403],[-63.519099513631595,-17.883484499310146],[-63.51857215657968,-17.883205716670417],[-63.517996867461427,-17.883184649152209],[-63.517469005889872,-17.883344221258763],[-63.517012617038631,-17.883734081862308],[-63.516269145704491,-17.883803840474791],[-63.515597519409923,-17.883823695706941],[-63.515022084601469,-17.883752910968031],[-63.514183207788783,-17.88356983777776],[-63.513704009432423,-17.883318028504146],[-63.513225070080857,-17.882948719208006],[-63.512866084102484,-17.882438998760723],[-63.512819111612657,-17.881797399930004],[-63.513346992969325,-17.88154293675705],[-63.513994481460088,-17.881541230743156],[-63.514569717518384,-17.881752113669052],[-63.515217269861068,-17.881773000423607],[-63.515912553721336,-17.88177568040328],[-63.51651226303045,-17.881778610394516],[-63.517063817241308,-17.881754551731138],[-63.517543609150209,-17.881500204570717],[-63.518047830243106,-17.881227717185372],[-63.518360060468346,-17.880765931502463],[-63.518049282648235,-17.880305802370852],[-63.518169875439362,-17.879776741103687],[-63.518458373455118,-17.879269827440563],[-63.518842774274553,-17.878880156593887],[-63.519083600127992,-17.878210679679047],[-63.5190844257056,-17.877681934973278],[-63.519277165708601,-17.877012583963499],[-63.519350229329575,-17.876370669470763],[-63.519375186415672,-17.875724361789818],[-63.51978355326834,-17.875357221658408],[-63.520167902826415,-17.874850049889847],[-63.520336492435149,-17.874298260955928],[-63.520672954892923,-17.873859003290288],[-63.520865828894827,-17.873239363205997],[-63.521130515560785,-17.872664721599548],[-63.521347117275575,-17.872090208596205],[-63.521276205732242,-17.871444159020651],[-63.521109047844206,-17.870866152151152],[-63.52053354198933,-17.870958071857501],[-63.520053208688566,-17.871420309000026],[-63.519668866325098,-17.871927479869253],[-63.519188327079569,-17.872525288910932],[-63.518803996407243,-17.872937557921887],[-63.518276070084532,-17.873164919125646],[-63.517845083483792,-17.872845202943722],[-63.517221544838378,-17.872751954938732],[-63.516765560682018,-17.873074024646488],[-63.51614189703087,-17.873143463999597],[-63.515566603415948,-17.873004891962122],[-63.515183722450786,-17.872590141721613],[-63.515592002968518,-17.872195894225108],[-63.516119898714287,-17.872058922081525],[-63.516336279195905,-17.871507011739133],[-63.515761409161655,-17.871205748746256],[-63.51530630454225,-17.870908685587327],[-63.514706955861271,-17.870815366535908],[-63.514203920974118,-17.870468716557976],[-63.514157003342959,-17.869845195899018],[-63.514229681154788,-17.869271068704787],[-63.514733714289434,-17.86904378124547],[-63.514614722291583,-17.868488235843348],[-63.514231616495834,-17.868096078371249],[-63.513824689457806,-17.867726579318123],[-63.513129708669055,-17.867403028426967],[-63.512553981580929,-17.867517521116671],[-63.511738782119039,-17.867542257868866],[-63.511475861721586,-17.866987090182025],[-63.511428629327703,-17.866458469582639],[-63.511333619550825,-17.865929974888378],[-63.511118688776428,-17.865446987688298],[-63.510591397375045,-17.865168178968243],[-63.509943988024588,-17.865282851522352],[-63.50939275217371,-17.865189390378006],[-63.508911067191924,-17.86474703544728],[-63.508602624011864,-17.864382517738928],[-63.50867561388845,-17.863808392343412],[-63.508676666994504,-17.863139552148589],[-63.509156845611848,-17.862727055609049],[-63.509612917901791,-17.862337214790561],[-63.510021330619843,-17.861992689011331],[-63.510118037417449,-17.861463693394683],[-63.509614841551631,-17.861252607222017],[-63.509039626177746,-17.861023629037199],[-63.5085125551103,-17.860817123111683],[-63.508225858436568,-17.860194222085624],[-63.507938836208254,-17.859661707421818],[-63.508035789420077,-17.859110113640778],[-63.508204467162365,-17.858580931864484],[-63.508205435732229,-17.857984396262836],[-63.50866170317498,-17.857567444481958],[-63.509165602310631,-17.857200076822039],[-63.50950214840536,-17.856787951702586],[-63.509934228581741,-17.85637105927692],[-63.510414527708242,-17.85600375097226],[-63.510750928112834,-17.855546432222017],[-63.511183375212568,-17.854948769769866],[-63.511567738260432,-17.854554594219103],[-63.511976032268016,-17.854074488446834],[-63.512456341287077,-17.853612273787352],[-63.512984530211831,-17.853082141427631],[-63.513464955243478,-17.852556654066284],[-63.513921404349276,-17.852004111500484],[-63.514185811326101,-17.851542460715955],[-63.51423497546368,-17.850896087384452],[-63.514523453694387,-17.85039369821056],[-63.514691879626533,-17.849887106504678],[-63.515124071318773,-17.84951539422001],[-63.515699644622899,-17.849473199828257],[-63.516203477208634,-17.849196199644844],[-63.516300169617068,-17.848667199531572],[-63.515773268521464,-17.84841099886847],[-63.5152942716133,-17.848091401397021],[-63.514719143473641,-17.847880516672433],[-63.514264388690535,-17.847375567128665],[-63.514001550131404,-17.846842997606181],[-63.514170374463149,-17.846268616803165],[-63.513955202670438,-17.845695246838147],[-63.513932307729775,-17.845116851461444],[-63.513573444059148,-17.844724626540248],[-63.513238434006482,-17.84421935863644],[-63.512927550066358,-17.843691430515026],[-63.512545024333349,-17.843068788493721],[-63.512474029153097,-17.842377539891501],[-63.512355066832797,-17.841821992690772],[-63.512380026616881,-17.841270585069406],[-63.51240512759454,-17.840556489190579],[-63.512142446416703,-17.839865740611391],[-63.511807406686437,-17.839450855472535],[-63.511304686561957,-17.838968620105675],[-63.510969951701902,-17.838553729570886],[-63.510442869842493,-17.838320110884361],[-63.510011678196342,-17.838000374917332],[-63.509292376142156,-17.837997732709141],[-63.508693120990678,-17.837999293932214],[-63.508261001244193,-17.838389067301584],[-63.508260207142818,-17.8389404128697],[-63.508187389036706,-17.839469345533804],[-63.507898757921282,-17.840021436639905],[-63.507586212034035,-17.840460612467254],[-63.507250059842363,-17.840895327657222],[-63.506674714966096,-17.840806436867517],[-63.506507761224157,-17.840273604743007],[-63.50646055221268,-17.839744983244302],[-63.506077929352905,-17.839285017789276],[-63.505670854826064,-17.838938093518152],[-63.505336008449994,-17.838478003956638],[-63.50488126805601,-17.838063413795453],[-63.504305692053997,-17.83799259308363],[-63.50363446415917,-17.837989806084614],[-63.503083141074043,-17.837946036080663],[-63.502411746804633,-17.837988436417156],[-63.50197993192829,-17.838174832602416],[-63.502226269726521,-17.836944979127452],[-63.501962384356489,-17.836963733589414],[-63.501699032284471,-17.83696440987956],[-63.501459567105314,-17.836965025015843],[-63.501220380715949,-17.836961119260192],[-63.500956890148281,-17.836912085524261],[-63.500694226057632,-17.836844970918591],[-63.500431485524594,-17.836746220861357],[-63.500096864878316,-17.836679289717381],[-63.499835385194842,-17.83639977053291],[-63.499816180172559,-17.83575357436791],[-63.500081028716444,-17.835549532584814],[-63.500298399351607,-17.835345613109482],[-63.500422192829873,-17.834793952778607],[-63.500258410097494,-17.83433341625414],[-63.50004471139426,-17.834053772063882],[-63.499830912866287,-17.833846436064093],[-63.499592710335271,-17.833661758483341],[-63.499329351068617,-17.833657912982236],[-63.49906599450005,-17.833658585675153],[-63.498754564671408,-17.833654862481847],[-63.498515090498991,-17.833650954028261],[-63.498275412180476,-17.833678679227607],[-63.49803575904297,-17.833715443512858],[-63.497795609479731,-17.833788363242316],[-63.497484178751783,-17.833784637351059],[-63.497173204879459,-17.833731199635118],[-63.496933730707035,-17.833727290282177],[-63.496694665726174,-17.83366011002602],[-63.496431766013124,-17.833611065498239],[-63.496120587994696,-17.833589261435229],[-63.494873890217818,-17.833330307947335],[-63.494085019308166,-17.831831931298545],[-63.49376805145436,-17.830779759578206],[-63.495020100197458,-17.829569963682843],[-63.496115687588876,-17.828518730854672],[-63.495797344671672,-17.826865512533349],[-63.495322127614024,-17.825212689014339],[-63.494374753891734,-17.82311365876831],[-63.493898724746302,-17.821158046106916],[-63.492798334075808,-17.820559768518468],[-63.491544554137818,-17.821014846158153],[-63.490603824606815,-17.821319996020968],[-63.489976949476599,-17.821768968163322],[-63.489820364018549,-17.821769361167018],[-63.489663077089304,-17.821620621394505],[-63.48966226230349,-17.821322356741348],[-63.489504674101383,-17.82116909877481],[-63.489503859315612,-17.820870831423676],[-63.48934368826059,-17.819664604038234],[-63.488398866814236,-17.818469377159996],[-63.48714192306123,-17.817866938408429],[-63.486668566700928,-17.816968793574908],[-63.486979344521089,-17.815765909868777],[-63.487132131242845,-17.814260630923343],[-63.4880712078199,-17.813354447050077],[-63.487912287721876,-17.812604656179865],[-63.48791024805945,-17.811854471406662],[-63.487753376616965,-17.81185486261176],[-63.487596215592824,-17.811855254716189],[-63.487282777578052,-17.811856036227006],[-63.486968735218902,-17.811856818637231],[-63.486654298057367,-17.811708467371812],[-63.486653881671259,-17.811554815502287],[-63.48602559730341,-17.81125810847487],[-63.485397312036291,-17.810961400548127],[-63.484768724596897,-17.810660173528166],[-63.483512678367383,-17.810365012435341],[-63.48288288223921,-17.80961637989196],[-63.483035981025637,-17.808106582752536],[-63.481453843320196,-17.803306552955004],[-63.481444961615622,-17.799993985633872],[-63.484887025016164,-17.796379149877794],[-63.485827647527834,-17.796078546987289],[-63.487085630897113,-17.797123880262795],[-63.487242791021956,-17.797123489057739],[-63.488031177197044,-17.798630944362564],[-63.488659309579411,-17.798778510519814],[-63.48960075137353,-17.798776157893318],[-63.491794598042226,-17.797871331996294],[-63.492423127025639,-17.798163502843355],[-63.492892364490999,-17.797565783733884],[-63.494496830564231,-17.79507164803805],[-63.494304857683005,-17.794954633649347],[-63.493388163432925,-17.794084738319953],[-63.493383546313559,-17.79240359964637],[-63.493915382888588,-17.789704286323669],[-63.493508694170878,-17.78880146771354],[-63.493100944253108,-17.78751451628186],[-63.493096691359206,-17.785964433112024],[-63.493763624991281,-17.783508815379484],[-63.49578078275686,-17.782215742262622],[-63.498340019476302,-17.78207367006377],[-63.501170171566102,-17.782450583127858],[-63.502654768802472,-17.783355141026895],[-63.506027597895297,-17.785154141250569],[-63.508052246114218,-17.78643687396254],[-63.509752132954503,-17.78588563181642],[-63.510206998354235,-17.786178195667155],[-63.513165335311939,-17.784231725513663],[-63.514503438382896,-17.78100149562249],[-63.515167189314312,-17.777646497387881],[-63.514614912947806,-17.772875657785331],[-63.515283707277185,-17.77118823195125],[-63.516762487698593,-17.770280494948839],[-63.519992922635232,-17.769368107552054],[-63.52349617320975,-17.769620894388698],[-63.526325430474159,-17.769744374902917],[-63.527537928832317,-17.769741114860494],[-63.528611895622397,-17.768441207795426],[-63.530623673643554,-17.765471169758644],[-63.531965607826507,-17.763786387931411],[-63.533175414513714,-17.762888297057192],[-63.533642195930568,-17.762932219046597],[-63.535062674203012,-17.7633938257644],[-63.536814094894524,-17.763520095076267],[-63.537752793756383,-17.761971953542787],[-63.539090754734502,-17.758994640889913],[-63.540292809265679,-17.755633561439655],[-63.540151031145101,-17.753180021140999],[-63.540277718641789,-17.750603722483788],[-63.541621000908421,-17.749434060633341],[-63.543237113202153,-17.749307573685545],[-63.544855233682036,-17.749944814401605],[-63.546066028724233,-17.749421737223365],[-63.546329200032517,-17.747364767370083],[-63.545513134523489,-17.744777530258773],[-63.543614782596073,-17.742496077931609],[-63.541927622961396,-17.740245654913],[-63.540015700264277,-17.737729204339228],[-63.538777576623829,-17.735694437848],[-63.538158193745637,-17.73456633276998],[-63.539221212189119,-17.734134089816326],[-63.540060735614411,-17.733969091200549],[-63.541013404544969,-17.734287330695722],[-63.542303489214603,-17.73487579038537],[-63.544096615965991,-17.735141980717795],[-63.545889475618758,-17.735512099403817],[-63.547234885681412,-17.735774985627014],[-63.548299923102938,-17.736205858013872],[-63.548802905829405,-17.73577060862663],[-63.549640798783791,-17.735072305742275],[-63.549863011368814,-17.734583607847171],[-63.549637104368841,-17.734055493566125],[-63.549355113847419,-17.733306093001769],[-63.548849790185599,-17.732873662089791],[-63.548786805266786,-17.730672980573559],[-63.550184295069123,-17.729756189196724],[-63.551414311321338,-17.729115529258184],[-63.552755630367983,-17.728248588201726],[-63.553311466251088,-17.726796354867801],[-63.553083072625668,-17.725459311198211],[-63.552464753645431,-17.72459788118719],[-63.551956221202602,-17.723207393506346],[-63.55223374838873,-17.722402193606285],[-63.552790890986792,-17.721383801321327],[-63.554355312947266,-17.72024958894734],[-63.555584911914146,-17.719495924697114],[-63.55653501507885,-17.718901219215862],[-63.557929571292597,-17.717175442692497],[-63.55859819385153,-17.716102490337619],[-63.559268645631448,-17.715621546397184],[-63.559492878993133,-17.715512446941823],[-63.56105557155734,-17.71394886045152],[-63.56194627450094,-17.712179304930931],[-63.562222193699235,-17.71078659592461],[-63.562276178203028,-17.710140193814816],[-63.562777753490479,-17.709384049234398],[-63.563277180297547,-17.70793646899277],[-63.563722263771403,-17.707022312629594],[-63.564336024987526,-17.706428535248676],[-63.565170990648639,-17.704763064563735],[-63.565556501231512,-17.702615327035687],[-63.565604810113875,-17.700256157095897],[-63.565429660850086,-17.697680706499344],[-63.565479444620614,-17.695696625798568],[-63.566311020736954,-17.693064045769063],[-63.567089406450926,-17.691236039711448],[-63.568261579208453,-17.690102850765921],[-63.569995284155013,-17.689505817839166],[-63.571505572324277,-17.689076629882482],[-63.572793045362687,-17.688914714142687],[-63.574357607617443,-17.688046981682803],[-63.574633581674398,-17.68670848740673],[-63.574402650162135,-17.684508302316257],[-63.573389982961309,-17.682952124440931],[-63.572211105757901,-17.681938730587881],[-63.571312189306056,-17.681028459295927],[-63.570189947807826,-17.680123350112463],[-63.569851328775769,-17.679261158375706],[-63.569960798751815,-17.678564878965972],[-63.57035042553165,-17.677754810136317],[-63.570683208862931,-17.677514326025292],[-63.571243142956639,-17.676893568083628],[-63.572153929560159,-17.676904482256017],[-63.573941524581642,-17.676899278778635],[-63.577300883628823,-17.675176670566824],[-63.578667044648341,-17.674869873146065],[-63.579824482913494,-17.675169254757233],[-63.580987341392635,-17.676973514216289],[-63.582461011866137,-17.677479830729563],[-63.584454735097893,-17.676063926409032],[-63.585647223540491,-17.673353374258799],[-63.587121484868582,-17.67050187586085],[-63.587963238612517,-17.668773023656055],[-63.58976199242197,-17.668058127380618],[-63.592301975555685,-17.667237047251874],[-63.593462149558484,-17.665507213886766],[-63.59366602226909,-17.663170166370044],[-63.593443501216541,-17.659817576519909],[-63.593084634847969,-17.658191738957559],[-63.59311698166335,-17.657183855250636],[-63.59425708189876,-17.655011194810751],[-63.594542697587379,-17.653799181187196],[-63.594690431018527,-17.652402297527942],[-63.594472679070861,-17.650776034586258],[-63.594037739949719,-17.647238794134978],[-63.593499701649861,-17.644596668701229],[-63.591904378983891,-17.642671752599245],[-63.59009963299161,-17.641556392713298],[-63.58850997785315,-17.641357779238071],[-63.587026721505922,-17.641262775756438],[-63.586283973226728,-17.640962198046953],[-63.585855080247704,-17.63923712479345],[-63.585955288106049,-17.63760990317445],[-63.587958601708067,-17.634661921910077],[-63.589756346478183,-17.633739150041713],[-63.591660772426671,-17.63292450636084],[-63.592824447490209,-17.632509762415559],[-63.594411380380855,-17.631899412327979],[-63.596211065887914,-17.631586673086485],[-63.597165628790719,-17.63199051634923],[-63.598655154311864,-17.633915713938997],[-63.599554836986101,-17.635178365688997],[-63.601099018804618,-17.63624924240855],[-63.604173879121163,-17.637148211920415],[-63.605759796677269,-17.63623498455684],[-63.606601442502537,-17.634397594073679],[-63.607544492284418,-17.631353256747317],[-63.607958934057542,-17.628708235496607],[-63.608904938112317,-17.626472822162935],[-63.609435188283271,-17.626570609046325],[-63.610601867082416,-17.627073155601575],[-63.611981682508599,-17.627882340397651],[-63.613254091003448,-17.628285119762424],[-63.614948015338605,-17.628076485141598],[-63.616319918529356,-17.626549229463301],[-63.617160510349208,-17.624616894853769],[-63.617788894541839,-17.622481857551623],[-63.617784048994615,-17.621058319785561],[-63.618838753205864,-17.619735403565983],[-63.620631699193488,-17.617497282373606],[-63.62106962316453,-17.617220232727504],[-63.621794145783149,-17.616684683751089],[-63.624441298427136,-17.61636450531762],[-63.627190464768091,-17.615135603325356],[-63.628568450973198,-17.61533910641457],[-63.629628735477716,-17.615742456848842],[-63.631220682088781,-17.616654774098492],[-63.632387655865614,-17.617157191151421],[-63.633448640941978,-17.617759365502241],[-63.634966251391326,-17.617618913881703],[-63.636572721154089,-17.615521346832612],[-63.637153553693516,-17.614764766081056],[-63.63779233584755,-17.612896271645582],[-63.638555953794196,-17.609427570326083],[-63.640222833716734,-17.606199979045751],[-63.644998693334955,-17.604318010068074],[-63.650807674334644,-17.603187235802231],[-63.655327178606328,-17.602304611468579],[-63.657385840084437,-17.599441638620696],[-63.657373305333721,-17.595975454503556],[-63.65654592185679,-17.593338990302112],[-63.656619048430279,-17.592385193621741],[-63.657074524469678,-17.591127340654207],[-63.657684814302684,-17.590171759718878],[-63.657988195198975,-17.589289506805223],[-63.658292659778397,-17.588624168570501],[-63.658828468658832,-17.588333155150959],[-63.659516604707491,-17.587815671755767],[-63.65967029704656,-17.587887466433362],[-63.660437946653865,-17.58810182613831],[-63.661435336171778,-17.588324451512165],[-63.662813755850081,-17.587804646966845],[-63.663116868748425,-17.586773254082335],[-63.663880228589626,-17.585812620755803],[-63.664258285591359,-17.584342609623643],[-63.665169679237302,-17.581908215891417],[-63.665622137151828,-17.579850456433334],[-63.665617839291798,-17.578675478690343],[-63.666074303686123,-17.577715870590907],[-63.66714039061651,-17.575723828192064],[-63.667674257860654,-17.574917610259419],[-63.668514920726963,-17.574178141807742],[-63.669738193862536,-17.573143625577817],[-63.67027177152498,-17.572260574965522],[-63.671334789968569,-17.56945958339303],[-63.672123479215145,-17.567414227384628],[-63.673634217045439,-17.563947381366511],[-63.673975136543277,-17.563055939180227],[-63.674166990713985,-17.561826062322886],[-63.674409781586107,-17.561075046576097],[-63.674499457483932,-17.558810618415226],[-63.674248071791048,-17.5571619650526],[-63.673801647428036,-17.556033681009527],[-63.673353253549742,-17.554295311279521],[-63.672855398757612,-17.55255258883086],[-63.672555285997582,-17.551093903760599],[-63.672651195995847,-17.550433770801806],[-63.67259726275342,-17.549064633026376],[-63.672937362968852,-17.548114443526682],[-63.6733278315142,-17.547412640480879],[-63.674650799894437,-17.54655852645476],[-63.675728602293141,-17.545895049816625],[-63.676759260431467,-17.545701726153709],[-63.677642714839344,-17.545508900715156],[-63.678819548783117,-17.545034874359938],[-63.67975385895339,-17.545216959195258],[-63.680883858902902,-17.545452595960505],[-63.681671023798692,-17.545730080878446],[-63.682458430612023,-17.546152175882185],[-63.683394236354872,-17.546808753820866],[-63.684525790332941,-17.547374268207864],[-63.68536273989848,-17.547891082507409],[-63.687179986467171,-17.547975172716011],[-63.68796520702864,-17.547732929531023],[-63.688600694066743,-17.546980534224236],[-63.689383661826469,-17.546223104512592],[-63.690017084021171,-17.544851583533728],[-63.690454588908089,-17.543679585244586],[-63.690006415363705,-17.542031639648428],[-63.689314897864207,-17.541039819631916],[-63.688377442764697,-17.539863564851604],[-63.687884295923503,-17.539395279768314],[-63.687440082993419,-17.538786731022746],[-63.686898355674543,-17.538318611414745],[-63.686357205720391,-17.538080967362706],[-63.685962066096401,-17.537521952376146],[-63.685469563169768,-17.537144043762559],[-63.68502507954372,-17.536540005117104],[-63.683794044359622,-17.535649451460973],[-63.683102957635356,-17.534757031711592],[-63.68186934589356,-17.533251861584112],[-63.681129064454694,-17.532269218249763],[-63.68043776638978,-17.531232172226897],[-63.680041387500012,-17.530334207257795],[-63.679843419737999,-17.529824215215335],[-63.679448981585217,-17.529445952268798],[-63.678904600366998,-17.528408398129042],[-63.678803534555399,-17.527513938717266],[-63.678553326974388,-17.526335278250418],[-63.678451685596755,-17.525445341529235],[-63.678496575256688,-17.524215960198372],[-63.678640629561357,-17.523370372644525],[-63.678735695995542,-17.522570145995402],[-63.67905654262529,-17.521610974067119],[-63.679859295470052,-17.52017563179993],[-63.679665818023061,-17.518336971473996],[-63.679971350097652,-17.516903333422086],[-63.680647111474961,-17.5148131354178],[-63.68088956959793,-17.513203459571972],[-63.680887346473803,-17.512606931164896],[-63.681441390008118,-17.511113686947049],[-63.682238646196531,-17.508381336129723],[-63.682232624336095,-17.506767993747864],[-63.681414670250753,-17.504027635367038],[-63.68035081993434,-17.502119649901875],[-63.679499146668263,-17.501697758144985],[-63.677669764647874,-17.49980593169834],[-63.67716820914552,-17.498619086501591],[-63.676518059560749,-17.498481205143413],[-63.676355578147373,-17.497365508011733],[-63.675416786655312,-17.495583603900169],[-63.675410812458992,-17.493965739727056],[-63.675592831643826,-17.492722329871583],[-63.675713565628485,-17.491700572323499],[-63.676330448391468,-17.490568665811228],[-63.676762905383711,-17.489794401690222],[-63.677818072745815,-17.489546768868262],[-63.678421479167838,-17.489549228514019],[-63.681296964283433,-17.489182369870434],[-63.682421614166117,-17.48854581713573],[-63.682660193513065,-17.48803884321801],[-63.68390219772823,-17.487858325001636],[-63.685455004045131,-17.487672205807591],[-63.687132318801439,-17.487490162341086],[-63.688497384446691,-17.487006398126713],[-63.688932921616995,-17.487063639075636],[-63.690297607748327,-17.486403615834142],[-63.691413801305814,-17.485803196959921],[-63.692469693521495,-17.485682021408131],[-63.694395609669563,-17.48555328255787],[-63.696570676695316,-17.485545671595439],[-63.69793918314673,-17.485897889276142],[-63.698872905160378,-17.486310375023709],[-63.699744719643036,-17.48684961301915],[-63.700181849512717,-17.487322590764894],[-63.700370216112539,-17.487859714454199],[-63.700559724851338,-17.488695101897402],[-63.700872580105447,-17.489227266724917],[-63.70143617803717,-17.490364121307085],[-63.701626372059373,-17.491375754287574],[-63.701567061770433,-17.492026731248576],[-63.701199850592609,-17.493519367524744],[-63.701307421200497,-17.497776088095911],[-63.702354957815039,-17.500981025453928],[-63.702844240269421,-17.500920546046306],[-63.703469333842619,-17.501808614875632],[-63.703783068633697,-17.50263903806108],[-63.703850015965415,-17.503895140947964],[-63.704536491865547,-17.504665490320068],[-63.705407779345457,-17.504965184895291],[-63.706243846676159,-17.505061636285447],[-63.707149190582633,-17.505261775910185],[-63.707892742855734,-17.504653552719219],[-63.709318393129315,-17.503758183193547],[-63.710623302223532,-17.503459769252913],[-63.711369584838458,-17.503633346501712],[-63.712985516368448,-17.503681779490467],[-63.714537781293515,-17.503260434521398],[-63.716833781953426,-17.502361875999725],[-63.718821021972531,-17.501997674852749],[-63.719813016457515,-17.501402068250801],[-63.72117771068276,-17.500674045470738],[-63.722292705443969,-17.49977519197148],[-63.723468616683235,-17.498577844491873],[-63.723649782411471,-17.497944496041605],[-63.724395636949055,-17.497268418102976],[-63.725693875771682,-17.495528309084133],[-63.725939473427893,-17.494817896828419],[-63.726370048139174,-17.493618737214888],[-63.726924083579533,-17.49230614431309],[-63.727908916763056,-17.489857653707688],[-63.728091666197358,-17.48896218255862],[-63.728211598886148,-17.487886177005404],[-63.728520736342887,-17.487464757392615],[-63.729146952270007,-17.484036909575639],[-63.728805669446047,-17.480965106954081],[-63.728675720108363,-17.479596265954847],[-63.728859244758326,-17.478822811223719],[-63.729039603794654,-17.477330814365533],[-63.729521072039802,-17.473334074307996],[-63.729825371143924,-17.471778352388974],[-63.729697626044583,-17.470888539774247],[-63.729475605015125,-17.469158499565086],[-63.730488452080337,-17.46432375323861],[-63.731278028957838,-17.462183268742809],[-63.731377854604247,-17.460723199615927],[-63.731764662009489,-17.459497072931516],[-63.732691182252218,-17.458124344163075],[-63.733174044446557,-17.457742951575881],[-63.733930516380212,-17.457342472676935],[-63.735108752367012,-17.456737071558553],[-63.73613766941785,-17.456615770101688],[-63.737714788906317,-17.455900415171978],[-63.738084491206273,-17.455117221682379],[-63.738516057869724,-17.454279568846971],[-63.738885317703186,-17.453387917118611],[-63.739610066951009,-17.453010129913523],[-63.740435360403531,-17.452609372224675],[-63.741614503806247,-17.45223892798407],[-63.742735391824837,-17.452894551742126],[-63.743609885387848,-17.454030125689698],[-63.744424908582637,-17.455812161102301],[-63.74436600388794,-17.456526415261788],[-63.744430264045441,-17.457059440740576],[-63.745302556068054,-17.457648190011913],[-63.745615705400446,-17.458306818404864],[-63.745439999456366,-17.458447572197663],[-63.74586946170627,-17.459557685438757],[-63.746930019604683,-17.460629275320731],[-63.747992087464809,-17.461994600870067],[-63.7489888762356,-17.462650652705406],[-63.749488825548831,-17.463358281559405],[-63.750362848766429,-17.464430554026819],[-63.751483404935122,-17.464905357396276],[-63.753039122357563,-17.465496008733787],[-63.754532056309287,-17.465847367561938],[-63.755773821304778,-17.465666405080462],[-63.757138341960847,-17.465064683987912],[-63.758191379728366,-17.464224625466031],[-63.759306940163114,-17.463560570563835],[-63.760235257251267,-17.462666746073413],[-63.760546509913461,-17.462783057192269],[-63.760917091750343,-17.462302606080335],[-63.761723172986017,-17.461883757629256],[-63.762344173744566,-17.46182714800441],[-63.762651460396498,-17.460989923246292],[-63.763767286131312,-17.460325844062417],[-63.764198452596467,-17.459488140864945],[-63.764437920473597,-17.45728186196828],[-63.765113521771575,-17.455430922299175],[-63.765565727875952,-17.454773902793299],[-63.766412705781711,-17.454011421589765],[-63.766778558083949,-17.452337914563081],[-63.766587793891517,-17.451263086222404],[-63.767200769100157,-17.44929488035439],[-63.768006514888718,-17.448812741214965],[-63.768186837952157,-17.44732071737717],[-63.768370110791921,-17.44660597848307],[-63.768989277832873,-17.446124556103296],[-63.769671837185484,-17.445882401951231],[-63.771412818546715,-17.445351441315889],[-63.772522109807468,-17.444145038562624],[-63.773512628504982,-17.443246398202678],[-63.774626766212208,-17.442288520398829],[-63.775348783319657,-17.442059752655435],[-63.775556895434342,-17.441869137750466],[-63.77729775268908,-17.442156097026206],[-63.77804440582463,-17.44239269876395],[-63.780531896429864,-17.442979495607165],[-63.781396700697151,-17.443527442637322],[-63.785887481522003,-17.443139200813427],[-63.787432199336479,-17.442012345793099],[-63.787792820282391,-17.441156799146935],[-63.788781931540868,-17.440023092191883],[-63.789434890607652,-17.439478205554689],[-63.792606606109921,-17.433748869414714],[-63.792975522402386,-17.432848086869679],[-63.793712555490004,-17.430933546246141],[-63.794142578017514,-17.429743294417445],[-63.79494428315212,-17.428429538692232],[-63.795747022507044,-17.427292025806306],[-63.796426585318613,-17.426453266804785],[-63.797104406143362,-17.425144519403986],[-63.797224149075198,-17.424127228788503],[-63.797897737690391,-17.421914660033508],[-63.797769709304589,-17.421024898680052],[-63.798030270780295,-17.420996740007517],[-63.799055031164691,-17.416595486692298],[-63.799787537964448,-17.415562181849168],[-63.800102914018211,-17.414679680722646],[-63.801030019719583,-17.413609434427823],[-63.801635976618975,-17.413177678906706],[-63.803339699967118,-17.413170824274047],[-63.80506815377224,-17.413769423819801],[-63.805979273124933,-17.414497847697469],[-63.806882338149343,-17.416740218186455],[-63.807629972445234,-17.417216223949527],[-63.80839220453656,-17.417533993998578],[-63.812351573266412,-17.41975488507984],[-63.816617028053379,-17.4209214784434],[-63.821888188389131,-17.422020566895569],[-63.822621319318394,-17.421872930591221],[-63.824550953263852,-17.422755230269601],[-63.825223756770917,-17.423195321606787],[-63.829100943653593,-17.424218635881282],[-63.830333382679449,-17.423748035043729],[-63.83114125446528,-17.423798897101388],[-63.831499906795223,-17.424059513435736],[-63.833978789989153,-17.424198288719996],[-63.835025316664989,-17.424126120823757],[-63.845256324213814,-17.406365777938991],[-63.855485411222709,-17.388604964847215],[-63.867150825949807,-17.388102738450588],[-63.856820669711112,-17.406334526767697],[-63.846488525125253,-17.424565837143625],[-63.847360983522549,-17.425221923153178],[-63.848109599878107,-17.425946317168776],[-63.848672187871152,-17.426716690822555],[-63.848239795630036,-17.427251787440007],[-63.847806326900411,-17.427556411199358],[-63.847124793674254,-17.427916319882225],[-63.846504769579433,-17.428217215052371],[-63.845698791765805,-17.428518900726662],[-63.845205124217024,-17.4292982819901],[-63.84545732019911,-17.43007450123719],[-63.845583944743211,-17.430607218248486],[-63.845902239097015,-17.431039702220449],[-63.846519621882976,-17.431439281797392],[-63.846523997084773,-17.43238827879599],[-63.846529539606522,-17.433590338723093],[-63.846160823862874,-17.43447765032322],[-63.845357838093712,-17.435434593731497],[-63.844241944010498,-17.435918350751255],[-63.84356007084056,-17.436278249541544],[-63.842510092566656,-17.437597754632634],[-63.841394941323401,-17.438311970121283],[-63.840096316691628,-17.439573766615975],[-63.838429473641263,-17.441908135052358],[-63.838185459691147,-17.442921444369112],[-63.837942852280776,-17.444178781125789],[-63.83794881658455,-17.445484780198392],[-63.838046101646235,-17.446297810495537],[-63.838952903353722,-17.447690399891993],[-63.839639191295589,-17.44828402888475],[-63.839821250050591,-17.449164489449558],[-63.842856615740175,-17.449874720941587],[-63.843576254140771,-17.449975612284607],[-63.845222406488801,-17.450556113873521],[-63.845946119717617,-17.451538205024111],[-63.847702122454976,-17.453600484474745],[-63.847772381989785,-17.454540159101043],[-63.849459284418387,-17.455965522490832],[-63.851106441309184,-17.456749328418702],[-63.852753912063335,-17.457533119058155],[-63.854398879104963,-17.457715864895185],[-63.855632515128427,-17.457909406194116],[-63.856597252960796,-17.45856052434868],[-63.857382877317882,-17.458792132151132],[-63.858316267481712,-17.460663532296113],[-63.858194185413304,-17.461427784264799],[-63.859147875973619,-17.462729685126813],[-63.860503121921511,-17.465313266494032],[-63.861836035904268,-17.466270062413404],[-63.862664154127344,-17.467640273979431],[-63.862280113936102,-17.468518640922472],[-63.863914602077159,-17.471385682303371],[-63.864534870787629,-17.472173826560773],[-63.865776535059013,-17.474043842649163],[-63.866401011697292,-17.475717698612865],[-63.866200232654592,-17.476699215096623],[-63.865999173023397,-17.477685248875108],[-63.866414974571384,-17.478668594579926],[-63.867450332566776,-17.480340655496828],[-63.867663709312694,-17.482016301111347],[-63.867584471845859,-17.484362045971579],[-63.868195045864624,-17.485760289405789],[-63.86801231531603,-17.487134884267448],[-63.867533975812307,-17.491032411116851],[-63.867404930293262,-17.492370619408511],[-63.866550852239975,-17.4929437492546],[-63.864124194475934,-17.493966591385053],[-63.863202192427195,-17.494558078192707],[-63.861462794772144,-17.496147305253881],[-63.859416856003051,-17.498027064597281],[-63.859215275664383,-17.498913673826955],[-63.858706450941902,-17.500000452358954],[-63.858305301148668,-17.502076441974168],[-63.858006534673784,-17.504147467331734],[-63.859040865643401,-17.505521311259479],[-63.859559607190086,-17.506603642643924],[-63.85956704548272,-17.508185284823018],[-63.859369467127173,-17.509862713793147],[-63.85989051363623,-17.5114330937622],[-63.860823285965786,-17.513105622326581],[-63.860833974408351,-17.515374146899308],[-63.861253590880487,-17.517152836833937],[-63.860439598308801,-17.518828420395263],[-63.859531096882542,-17.519690980854019],[-63.859348784518758,-17.520920955737495],[-63.857562197637264,-17.524932577776209],[-63.857905324071382,-17.52590721084907],[-63.85762606748898,-17.526559163574515],[-63.857665777053896,-17.527241370392854],[-63.857916771541738,-17.528342934678619],[-63.859334030241243,-17.529796454043083],[-63.86068901898301,-17.529899034312958],[-63.862494301870477,-17.529728505765885],[-63.863383759253047,-17.529498683117712],[-63.86536783635654,-17.528852846681485],[-63.866548096717246,-17.527871577511227],[-63.868459650692259,-17.526403563773389],[-63.868832506914586,-17.525818972967155],[-63.869861074129219,-17.524395481066566],[-63.873622579418431,-17.520370553558166],[-63.874349420489359,-17.518961929249592],[-63.875585796747096,-17.517980362403744],[-63.87693342453786,-17.516568987069022],[-63.878564817212514,-17.515526908440055],[-63.880255353801481,-17.515035879502197],[-63.882057012421157,-17.514268680455189],[-63.883801659419007,-17.513284805049686],[-63.885377824726767,-17.512523099961054],[-63.886152430590194,-17.512673289440716],[-63.88780698080744,-17.513325673840708],[-63.889226109197523,-17.514837716587291],[-63.890471629761862,-17.515695266922972],[-63.89160944122267,-17.516133022720794],[-63.894427719563566,-17.516974436520972],[-63.895390762173925,-17.517729289674943],[-63.89691424969282,-17.518291806621502],[-63.897568296039985,-17.519301111257221],[-63.899684463766945,-17.521853811703966],[-63.901151383929175,-17.522936237517285],[-63.903270998757527,-17.523550219966637],[-63.904238125189288,-17.524341161115668],[-63.905681483113945,-17.5258845973962],[-63.907286742389211,-17.528547997192266],[-63.907294626745568,-17.530134134182905],[-63.906659202660009,-17.53135265260277],[-63.905332755702091,-17.535760230849917],[-63.927662204354299,-17.535862610150478],[-63.949991548870848,-17.535962472190299],[-63.951369465828108,-17.56938256635231],[-63.974837262562197,-17.568619894763049],[-63.998304712892143,-17.567854449123494],[-63.998873820070663,-17.51737088196057],[-63.999340655446865,-17.475997764585145],[-63.999358748907063,-17.474407008676437],[-64.031363224181064,-17.474126089396055],[-64.063367305756501,-17.473840022099306],[-64.084558068242046,-17.47364874906367],[-64.105748650379894,-17.473455219282918],[-64.116278412019071,-17.473360235586362],[-64.116648541496943,-17.45688261603987],[-64.14778205269954,-17.444260810088281],[-64.181279117137478,-17.430675930050079],[-64.185761990223625,-17.416275236313076],[-64.207182820744308,-17.407936227785846],[-64.228601578100324,-17.399595031885141],[-64.214228160800914,-17.376389082290245],[-64.198528561843602,-17.351029580150957],[-64.189678628565829,-17.33673431573601],[-64.189205595961425,-17.335970227444015],[-64.189497247000318,-17.325567523822144],[-64.189608923013324,-17.321584235823764],[-64.190031109747849,-17.306525565702259],[-64.190370020160273,-17.294444869235278],[-64.190589819864272,-17.286608005155234],[-64.190594117724302,-17.286454339795892],[-64.203943328621662,-17.276501213560092],[-64.215463748353258,-17.267909451360016],[-64.223663594099563,-17.261795520147079]]]},"properties":{"FID":1,"categoria":"Area nucleo"}},{"type":"Feature","id":2,"geometry":{"type":"Polygon","coordinates":[[[-62.82980556495842,-19.61706714431909],[-62.84887663005243,-19.617302309853702],[-62.843559758551962,-19.693957628160529],[-62.815306694907598,-19.689944700370109],[-62.813195540441811,-19.689904750403844],[-62.813185219821996,-19.725842609948476],[-62.786528860218709,-19.725582529609991],[-62.787068740330078,-19.763735889699483],[-62.751528870361028,-19.765221420432169],[-62.751250760414223,-19.757490789668164],[-62.750988047739952,-19.750790100148794],[-62.750743670483956,-19.744556640176754],[-62.75009828011148,-19.726384259925613],[-62.749984970030297,-19.723193430232573],[-62.749305127076951,-19.704046764669119],[-62.748791770223988,-19.689586379607704],[-62.74878008982926,-19.6895888203677],[-62.748778980065808,-19.689589049694838],[-62.725185637210402,-19.694501978784018],[-62.701590894611023,-19.699411786648049],[-62.682477161770215,-19.706545179881179],[-62.676350813951487,-19.708831011619715],[-62.676374140354248,-19.709670089902644],[-62.676371560199286,-19.710066900467023],[-62.676373279703057,-19.710451349849851],[-62.676374929959017,-19.71078649030424],[-62.676390320057173,-19.710903740315292],[-62.676394349919292,-19.710965770154147],[-62.669717752290751,-19.712964451993233],[-62.647210300015267,-19.719699990362248],[-62.647561490933839,-19.720210873699539],[-62.667321530464193,-19.748949840062998],[-62.656772310193901,-19.749319080111441],[-62.656425750148202,-19.748867480150061],[-62.656243800211129,-19.748742280132099],[-62.655924870036699,-19.748637900318791],[-62.655711950146333,-19.748636640368595],[-62.655351220382514,-19.748609069852645],[-62.654912950172445,-19.74874811043691],[-62.65485977056192,-19.748774070267061],[-62.654497730485843,-19.74856444998931],[-62.654107440006335,-19.748397249833143],[-62.653800899791634,-19.748272170324359],[-62.653460849938241,-19.748091000099507],[-62.653089529757942,-19.747862500354074],[-62.652975350032364,-19.747703250204772],[-62.652729059898149,-19.747284810045912],[-62.65243308042227,-19.746930440287542],[-62.651959689887747,-19.746029389744457],[-62.651614059741007,-19.745664259597842],[-62.651248290176397,-19.745177319877374],[-62.651078660052058,-19.745040850454807],[-62.651034890048088,-19.744965130236555],[-62.650901450441559,-19.744519460404707],[-62.650754029974436,-19.744020629848123],[-62.650729030020251,-19.743168928599513],[-62.650724819994409,-19.743025500326549],[-62.650609589860672,-19.74238111989273],[-62.650469319903145,-19.741862030308411],[-62.650301959667644,-19.741242699590874],[-62.649943980030613,-19.740701879687943],[-62.649893970530286,-19.740626559667923],[-62.649896250311656,-19.739580399915486],[-62.649897600194024,-19.738957730015159],[-62.649899809828291,-19.737945359590618],[-62.64991640052142,-19.737501709636156],[-62.649975820527622,-19.736455909612506],[-62.649676939838855,-19.735466089688263],[-62.649594440530961,-19.734735979581711],[-62.649595749943835,-19.734135899751941],[-62.649552440392775,-19.733413309776381],[-62.649243370385165,-19.732761679907572],[-62.648996410256082,-19.732291589884923],[-62.648766869995022,-19.732010960037702],[-62.648689370018353,-19.731863410068275],[-62.648530299733508,-19.731425329615206],[-62.648335350096303,-19.73111622003751],[-62.647935630225085,-19.730462090053372],[-62.647834219973213,-19.730285170024551],[-62.647604050186708,-19.729920219742315],[-62.647300350031117,-19.729529430139049],[-62.647058940517645,-19.729213740221887],[-62.646689110513989,-19.728654950065831],[-62.646289950021114,-19.728401829580719],[-62.646224150224327,-19.728305079615662],[-62.645940649741135,-19.727860839705958],[-62.645801850175189,-19.727665550124989],[-62.645798269974129,-19.727608380222524],[-62.645604220558319,-19.72649154005251],[-62.645020219707305,-19.726087579877852],[-62.644640579898805,-19.725704019924525],[-62.644066039915749,-19.72488419974599],[-62.64357207019485,-19.724179349797108],[-62.643124290553551,-19.723012769923344],[-62.642721910487737,-19.722305740017806],[-62.642546030915639,-19.721850755111312],[-62.642474380188453,-19.721665400237995],[-62.641850530377617,-19.720940220214981],[-62.641267929771125,-19.720078040169366],[-62.640266549961254,-19.719125720175775],[-62.639515480255156,-19.71841145972104],[-62.638824290108836,-19.717784009924067],[-62.63795901999277,-19.717006810415899],[-62.63793027046556,-19.716771099906278],[-62.637728830421153,-19.716033369844052],[-62.63761093020026,-19.715605440038985],[-62.637638130195519,-19.715017330185631],[-62.63763953043992,-19.714396459828706],[-62.637920820389532,-19.713515369738492],[-62.637923280035295,-19.712422119685005],[-62.637574379953598,-19.711799400322025],[-62.637310630381251,-19.711271970425042],[-62.637078500072676,-19.710468380311436],[-62.636776000511986,-19.709631810259793],[-62.636515640484369,-19.708573759671239],[-62.636169500422064,-19.70791463035583],[-62.635699420291978,-19.707378049857077],[-62.635419300360411,-19.7068689400495],[-62.634997699983828,-19.705979729980527],[-62.634234510114531,-19.704383999921621],[-62.634120459891278,-19.704193429982755],[-62.634163880058964,-19.703976050354406],[-62.634021750303475,-19.703567990170541],[-62.634111980183704,-19.702743259693641],[-62.655604949864482,-19.695313195093874],[-62.677095973121958,-19.68788052109154],[-62.677130360477676,-19.686210169963307],[-62.677160670328639,-19.683480720358883],[-62.684248540337819,-19.682800400318158],[-62.694672049910302,-19.681799393314481],[-62.714556640276641,-19.679888089763473],[-62.710647440227142,-19.659953909745067],[-62.710639980350777,-19.659915870221187],[-62.693801625922866,-19.66525840772567],[-62.676962177010644,-19.670599349406015],[-62.660121634698555,-19.675938693877477],[-62.643280000071904,-19.681276439755841],[-62.642820160521971,-19.681422149712375],[-62.62600775035736,-19.686748639937726],[-62.625907109925144,-19.685907680295141],[-62.625370260529053,-19.68114085976282],[-62.624811060282184,-19.679327740182995],[-62.624066820027672,-19.677667519740229],[-62.62351312003441,-19.675501759798355],[-62.62199496999181,-19.673668999924345],[-62.621097860277963,-19.672510729786325],[-62.620043510399618,-19.671080730391331],[-62.617795490369517,-19.667962129748446],[-62.615915190533599,-19.665540840037693],[-62.613548420423228,-19.664686320417328],[-62.610737369933624,-19.663962109863455],[-62.608343649839533,-19.662648679692783],[-62.606443310410384,-19.661304859631507],[-62.604781079982843,-19.658699049721349],[-62.602704320547893,-19.657389910216125],[-62.602181800049991,-19.656474449835979],[-62.600751719716058,-19.655900790289198],[-62.599769519747483,-19.655410989825263],[-62.597857769720235,-19.654857070397433],[-62.5949672803157,-19.654485889612072],[-62.59148771968249,-19.653687090187006],[-62.590032440344828,-19.653178930063515],[-62.588658779878749,-19.65218038042018],[-62.585525739721056,-19.649838189680679],[-62.583757300259137,-19.648149690056133],[-62.580995740361047,-19.645868059663197],[-62.578281789672822,-19.642820570213068],[-62.578208990452474,-19.641210389847579],[-62.577211160266806,-19.639283110327263],[-62.575944359944231,-19.636247609739357],[-62.574783260539,-19.633333680404981],[-62.573076439925714,-19.629287379608847],[-62.571975909860335,-19.627219810345931],[-62.571812230549938,-19.625335670404802],[-62.570659730462125,-19.624149970045035],[-62.567830680041823,-19.620723460419295],[-62.566922780262061,-19.618758830255771],[-62.564986539896822,-19.614836840048099],[-62.5618586699416,-19.613038150090514],[-62.558657419804028,-19.61042845960565],[-62.55769129971366,-19.609043080074059],[-62.55713655021156,-19.606524759809751],[-62.556523950020228,-19.605268330469006],[-62.554012340497067,-19.602257560338099],[-62.552299640116239,-19.601683229897109],[-62.550576330433259,-19.599038750038229],[-62.54907386007055,-19.597403320306963],[-62.5475575797185,-19.596074189771954],[-62.545216309884779,-19.595426429685904],[-62.544082490514469,-19.593855279897166],[-62.544525949812666,-19.592712880095274],[-62.545166900232232,-19.5907667103154],[-62.545257130112418,-19.588292750010314],[-62.545777840275086,-19.587599930292534],[-62.547386440531739,-19.587232889985845],[-62.547988370267028,-19.578999819685869],[-62.548088390167038,-19.577863869821659],[-62.548551290109913,-19.574927210122606],[-62.548751630283448,-19.57148977013674],[-62.549311290083949,-19.571136430102122],[-62.549415210343611,-19.569349130058242],[-62.550402690231905,-19.568308689994016],[-62.551408140373333,-19.567818939892092],[-62.552242099693089,-19.568545139746337],[-62.552592200369709,-19.570575329587768],[-62.55505990049398,-19.569507270444145],[-62.555476999763698,-19.567716609633798],[-62.555037850016731,-19.566838939665267],[-62.55526509970457,-19.563846219827134],[-62.556007470268518,-19.562391999890853],[-62.556350690232129,-19.55962600003981],[-62.55635917983227,-19.557219409747908],[-62.556488866108772,-19.555773361861281],[-62.55660073053923,-19.554526010367059],[-62.557476459770761,-19.551503440231542],[-62.556937760469211,-19.549996590170455],[-62.55815531031925,-19.547719690211462],[-62.558254000121963,-19.544270800057358],[-62.558087399813594,-19.539908169926029],[-62.556394610422899,-19.537530439777921],[-62.554640319994746,-19.535958809751218],[-62.55357180039821,-19.533874940276224],[-62.552682010266494,-19.531890019608674],[-62.553147090166014,-19.529157770414709],[-62.551565369745965,-19.527140760137897],[-62.549950020077333,-19.525785980038901],[-62.548318090507436,-19.524745309748187],[-62.547177250129934,-19.523012219937975],[-62.546974339693961,-19.521639609880015],[-62.546651550528559,-19.519011739600046],[-62.547362300030088,-19.516740859702843],[-62.547980219711349,-19.514543180123603],[-62.548093269888454,-19.511992479769102],[-62.548451490543812,-19.50983949020026],[-62.54844917029294,-19.507243269761016],[-62.547456260298127,-19.504698469858461],[-62.547254820253727,-19.502122869974428],[-62.547454959878451,-19.499151699691129],[-62.546968190129803,-19.496185919944178],[-62.547038730253163,-19.494495260148074],[-62.546973010495989,-19.492713660007386],[-62.546383620008029,-19.491299670343494],[-62.546544050067837,-19.488517380172929],[-62.547562860537532,-19.485575470231694],[-62.547499979940078,-19.484444800287228],[-62.547685850021921,-19.48164870012738],[-62.547635319814084,-19.47984600009276],[-62.547642040447762,-19.47742690023119],[-62.547842820389796,-19.475049250122765],[-62.547456590349327,-19.473500120234284],[-62.547117120558646,-19.469901359859815],[-62.547769600286742,-19.469641509747802],[-62.549089510072818,-19.469142269999733],[-62.549560240412738,-19.461796669580558],[-62.549922349736612,-19.461113129966918],[-62.551117970517893,-19.461329780245133],[-62.551203729868192,-19.458571250163001],[-62.551181270199429,-19.457578699897056],[-62.552232879843466,-19.457612500016797],[-62.553901310197254,-19.457061530365312],[-62.553919099686638,-19.450544549990909],[-62.554906830485763,-19.447229380031828],[-62.55553886052995,-19.445677679880969],[-62.556182130300996,-19.443375759883384],[-62.556938409779768,-19.439708220258108],[-62.55869611043709,-19.435491700281716],[-62.559591380138038,-19.432113379928523],[-62.559842899829896,-19.4291239498104],[-62.559783030162706,-19.42685958999806],[-62.559179930409414,-19.425820179657524],[-62.559188449687149,-19.422837360455777],[-62.55918936969362,-19.422498030060002],[-62.559191779876684,-19.421604680411633],[-62.559159710052541,-19.420757730384867],[-62.559161739822393,-19.420006059931666],[-62.559129320161944,-19.419289390193157],[-62.559131230321988,-19.418581809902555],[-62.558503929812424,-19.417375229982845],[-62.558154750041638,-19.41674215042984],[-62.557593070363843,-19.415770830459394],[-62.556983240084413,-19.414852500342569],[-62.556774000219882,-19.414223269887945],[-62.556486149716022,-19.413366459694309],[-62.556322880496502,-19.412294480405876],[-62.556121380197496,-19.411391370415338],[-62.556019059831712,-19.410564610168585],[-62.555793519755056,-19.409699679996208],[-62.555453940247098,-19.408823219615829],[-62.555267660074435,-19.408072630147721],[-62.554924539935513,-19.407527110387782],[-62.554714690330627,-19.407068980449026],[-62.554577370149438,-19.406707979989214],[-62.554299139693512,-19.406112019953696],[-62.553913180348957,-19.405576659834946],[-62.553690910207308,-19.405152330015991],[-62.5533302496912,-19.404526429750884],[-62.553155100427489,-19.404017339728387],[-62.553153380024419,-19.403412839730713],[-62.553170320553811,-19.403073639736643],[-62.553550769752178,-19.401979170202477],[-62.553871729696517,-19.400708980335118],[-62.553981380436312,-19.400297179870897],[-62.554116390259139,-19.399571939593258],[-62.554427679793541,-19.398661539698239],[-62.554537409673699,-19.398080500314794],[-62.554713309871318,-19.397387870353899],[-62.554823019966364,-19.396712129661008],[-62.554941310493057,-19.39604519962618],[-62.554866500388648,-19.395080930340594],[-62.55472827998608,-19.394247860450378],[-62.55459249045105,-19.393228999618604],[-62.554432000136671,-19.392394970151717],[-62.554434369850242,-19.391520849807293],[-62.554119070238862,-19.390684629591927],[-62.554057560208207,-19.389671220450388],[-62.553860650048925,-19.388609460158403],[-62.553327660543054,-19.38762414044168],[-62.553288180305209,-19.387500939616622],[-62.553132790046163,-19.38693610961371],[-62.553004380347822,-19.386350990006118],[-62.552990449849339,-19.386101320219712],[-62.552976500465078,-19.385851650433249],[-62.552962569966603,-19.385601979747531],[-62.552948630474859,-19.385352309961071],[-62.552934680191299,-19.38510264017464],[-62.552920749692817,-19.384852959596341],[-62.552906839878737,-19.384603289809938],[-62.552897799893515,-19.38435387003506],[-62.552896760277235,-19.384104850458424],[-62.552903339717311,-19.383856220288298],[-62.552917129921568,-19.3836079804239],[-62.552937710007257,-19.383360110180885],[-62.552964710353066,-19.383112599666656],[-62.552997729861303,-19.382865439888114],[-62.553036340454696,-19.382618620053211],[-62.553080150028826,-19.382372130269559],[-62.553128779969185,-19.38212593996013],[-62.553181810292244,-19.381880059916785],[-62.553238839900452,-19.381634490139557],[-62.553299480286753,-19.381389180266414],[-62.553363320460825,-19.381144140189853],[-62.553429970117001,-19.380899360017377],[-62.553499020063668,-19.380654829856439],[-62.553570070102637,-19.38041053981452],[-62.553642729928001,-19.380166470106477],[-62.553716580455784,-19.379922600047898],[-62.5537912403734,-19.379678950323239],[-62.553866289697446,-19.37943546967114],[-62.553941359705952,-19.379192179675321],[-62.55401607987811,-19.378949090228279],[-62.554093940482907,-19.378708320132816],[-62.554176279711491,-19.37847047013604],[-62.55426191045877,-19.378234649909128],[-62.554349660008754,-19.377999979915117],[-62.55443864972387,-19.377765649864774],[-62.55453557056012,-19.377533380161299],[-62.554641589837445,-19.377303630358195],[-62.55475384051725,-19.377075709776133],[-62.554869460057482,-19.376848930433763],[-62.554985580520103,-19.376622570175421],[-62.555099350154819,-19.376395950013045],[-62.555207910016975,-19.376168360381481],[-62.555308390369866,-19.375939109702127],[-62.555397919678228,-19.375707490208463],[-62.55546826015204,-19.375470339884263],[-62.5555140401408,-19.375226000379524],[-62.555536980047563,-19.374976100366656],[-62.555538759805863,-19.374722309886639],[-62.555521089926344,-19.374466280094683],[-62.555485650342469,-19.374209660347496],[-62.555434149766135,-19.373954100001647],[-62.55536830050665,-19.373701260104994],[-62.555289769906899,-19.373452770229111],[-62.555200270276188,-19.373210310307499],[-62.555100789969458,-19.37297553958944],[-62.554986580566208,-19.372749330417204],[-62.554859650252638,-19.372529869757617],[-62.554724039682625,-19.372315099961838],[-62.554583769725141,-19.37210287974402],[-62.554442880134793,-19.371891129871699],[-62.554305380089197,-19.371677750427803],[-62.554175300349812,-19.371460619911652],[-62.554056679771911,-19.371237640204868],[-62.553952960060997,-19.371007039643136],[-62.553856930452909,-19.370773090006001],[-62.553765079994378,-19.370537880418787],[-62.55368581015199,-19.370301529591867],[-62.553593260020861,-19.370064050115793],[-62.553513009917417,-19.369825620056247],[-62.553436320229935,-19.369586310459788],[-62.553363060556734,-19.369346220251831],[-62.553293069919199,-19.369105460048903],[-62.553235710259784,-19.368864129675785],[-62.55317181972368,-19.368622290286389],[-62.55310908031975,-19.368377439966817],[-62.553038300077453,-19.368128139801755],[-62.552982849678756,-19.367875469876974],[-62.552936660498446,-19.36762043023862],[-62.552899330539617,-19.367364049711057],[-62.552865739961867,-19.367107349924193],[-62.552863090559129,-19.366851419957012],[-62.55287071051481,-19.366593040236566],[-62.55286717977652,-19.366345759948835],[-62.552932209753628,-19.366098219756957],[-62.552977120097978,-19.365855429784244],[-62.553086250130335,-19.365618620303053],[-62.553161109697427,-19.365388240075163],[-62.553299750083347,-19.365163969841245],[-62.553414189713052,-19.36494504967424],[-62.553560780105897,-19.364731109952746],[-62.553694959854461,-19.364521510359399],[-62.553853090347786,-19.364315810226387],[-62.553999169925689,-19.364113419598592],[-62.554158140385809,-19.36391388971418],[-62.55432066047004,-19.363716639611184],[-62.554485950466173,-19.363521180058331],[-62.554654210023728,-19.363326959771307],[-62.554820960518875,-19.36313319004465],[-62.554988040165881,-19.362939530035248],[-62.555159090319719,-19.362746430303432],[-62.555323480094479,-19.362554319825968],[-62.555493450162544,-19.362363700424385],[-62.555665969808601,-19.362175019961178],[-62.555841320520457,-19.361988389952213],[-62.556017440152679,-19.361802390367981],[-62.556193920413087,-19.361616760405116],[-62.556370710040191,-19.361431420023962],[-62.556547710108688,-19.361246280191605],[-62.556724860363992,-19.36106126986169],[-62.556902060081981,-19.360876319786232],[-62.557079259799934,-19.360691359818361],[-62.557256349800639,-19.360506280240603],[-62.557433269829524,-19.360321049576726],[-62.55760993984682,-19.360135550015556],[-62.557786279812937,-19.359949730295792],[-62.557962090078384,-19.359763649772546],[-62.558137340066118,-19.359577300352107],[-62.558312009991248,-19.359390629873641],[-62.558486140323041,-19.359203569988718],[-62.558659710377299,-19.359016070335297],[-62.558832730046383,-19.358828069759564],[-62.559005239799951,-19.358639499912943],[-62.559177209960239,-19.358450310433447],[-62.559348670204947,-19.358260440167136],[-62.559519620534047,-19.358069829758783],[-62.559690069940764,-19.35787841985313],[-62.559860030116262,-19.357686150195601],[-62.560027679933441,-19.357492220389592],[-62.560181710417552,-19.357291780391272],[-62.560322080199789,-19.35708444978745],[-62.560451100537819,-19.356870719607958],[-62.560571079991284,-19.356651130345359],[-62.560684310032848,-19.356426180223984],[-62.560793100121401,-19.356196399843945],[-62.560899739931003,-19.35596230002011],[-62.561006539819921,-19.355724410453146],[-62.561113870308816,-19.355483599888192],[-62.561212570004031,-19.355242220052386],[-62.56130165055071,-19.355000680137202],[-62.561381739675475,-19.354758999927871],[-62.561453470501242,-19.354517239678842],[-62.561517469855282,-19.354275439859627],[-62.561574369961207,-19.354033649932941],[-62.561624800344255,-19.353791899576425],[-62.561669410315012,-19.353550259836599],[-62.561708799721288,-19.353308749599076],[-62.56170317985783,-19.35306728972358],[-62.561611230473893,-19.352825730023358],[-62.561494180112263,-19.352584229678406],[-62.561415449863084,-19.352342990136819],[-62.561429410039175,-19.3521028297817],[-62.56149836016111,-19.351868839675149],[-62.561600680526965,-19.351641000032075],[-62.561728459800513,-19.351417969963258],[-62.561873780350631,-19.351198420270858],[-62.562028700264243,-19.350981010065542],[-62.562185310003997,-19.350764390364308],[-62.562335690139932,-19.350547240063008],[-62.562471900557739,-19.350328210178706],[-62.56258602992132,-19.350105969714651],[-62.562670159700076,-19.349879169687881],[-62.562722340163809,-19.349645309983035],[-62.562761959796532,-19.349400369731235],[-62.562789630137281,-19.349147379647839],[-62.562803490488648,-19.348890019758588],[-62.562801639683862,-19.34863197998186],[-62.562782190045972,-19.348376919659074],[-62.562743270085818,-19.348128550292294],[-62.562682660276465,-19.347890489854191],[-62.562592080560023,-19.347663720404338],[-62.562473000428582,-19.347446179797309],[-62.562331350011718,-19.347235869739553],[-62.562173050445878,-19.347030760461159],[-62.562004049846962,-19.34682884017877],[-62.561830280143276,-19.346628089914354],[-62.561657659773104,-19.346426479898064],[-62.56149215034241,-19.346222010037696],[-62.56133968018208,-19.346012629878938],[-62.561206160535839,-19.345796340228901],[-62.561097550311672,-19.345571110418348],[-62.561019780538409,-19.345334940355141],[-62.560962490126762,-19.345089580119961],[-62.560914799977972,-19.344839330270823],[-62.560880169783957,-19.34458625025519],[-62.560861989988787,-19.344332439990058],[-62.560863700499333,-19.344079990399162],[-62.560888730430513,-19.343830979815831],[-62.560940380294255,-19.343587449700983],[-62.561005830254821,-19.343347099588915],[-62.561074339708959,-19.343107330438901],[-62.561145570511641,-19.342868049620733],[-62.561219170128531,-19.342629179792766],[-62.561294790522112,-19.342390630123411],[-62.561372089949934,-19.342152299888699],[-62.561450710481829,-19.341914119840737],[-62.561530310375481,-19.341675980262199],[-62.561610529901976,-19.341437819999314],[-62.561691039909533,-19.341199530234039],[-62.561771479769952,-19.340961020134884],[-62.561851500546247,-19.340722220454037],[-62.561930739811764,-19.340483019675549],[-62.56200888999826,-19.340243350350303],[-62.562085569793176,-19.340003100062962],[-62.562160430259617,-19.339762200465135],[-62.562233150339566,-19.339520559825925],[-62.562303350519173,-19.339278080119243],[-62.562370740317355,-19.339034690298647],[-62.56243673976369,-19.338790879595368],[-62.562501990074722,-19.338546919604592],[-62.562566220554551,-19.338302840004012],[-62.562629139822874,-19.338058639894243],[-62.562690489774241,-19.337814349852287],[-62.562749999712651,-19.337569979770691],[-62.562807360271393,-19.337325529649423],[-62.562862320539629,-19.337081030065459],[-62.562914590036236,-19.336836480119423],[-62.562963899864016,-19.336591920280849],[-62.563009960441249,-19.336347339757875],[-62.563052500172702,-19.33610275024169],[-62.563091150336277,-19.335858169718726],[-62.56312289010922,-19.335613250151304],[-62.563146429863821,-19.335367840453443],[-62.563161890109072,-19.335122019765368],[-62.563169359878032,-19.334875820462674],[-62.5631689596797,-19.334629319887153],[-62.563160790238214,-19.334382560306885],[-62.563144960371567,-19.334135600177763],[-62.563121550119376,-19.333888479969339],[-62.563090699775941,-19.333641289613748],[-62.563052510065233,-19.333394059688025],[-62.563007060127681,-19.33314685044672],[-62.562954480364915,-19.332899710453205],[-62.562894869702454,-19.332652709854646],[-62.562828319871002,-19.332405890019736],[-62.562754950480546,-19.332159310303894],[-62.562674860456397,-19.331913030062257],[-62.562588160415196,-19.331667110448738],[-62.562494960074325,-19.331421590134255],[-62.562395350265142,-19.331176540165117],[-62.562289449698291,-19.330932000111638],[-62.562177359997122,-19.330688030228352],[-62.562059170194509,-19.330444689870497],[-62.561936210387771,-19.330203599616361],[-62.561811440245727,-19.329968249734925],[-62.561684939808053,-19.329738320067353],[-62.561556719866715,-19.329513319584013],[-62.561426739952033,-19.329292759952871],[-62.561294990171632,-19.329076150144139],[-62.561161459733519,-19.328862980242313],[-62.561026109966967,-19.328652760116757],[-62.560888930080012,-19.328445020321389],[-62.560749910180157,-19.328239240148772],[-62.560609019690446,-19.328034930367721],[-62.560466250516988,-19.32783159994835],[-62.560321570284188,-19.327628759659483],[-62.560174950213764,-19.327425910377421],[-62.560026400198169,-19.327222560172959],[-62.559875890559859,-19.327018219814931],[-62.559723770235792,-19.326812630298608],[-62.559571909815752,-19.32660685012597],[-62.559420410023847,-19.326401099630967],[-62.559269160243495,-19.326195459752615],[-62.559117990502834,-19.325990009631191],[-62.558966770400112,-19.325784820313174],[-62.558815349748571,-19.325579970039538],[-62.558663580160051,-19.325375549641869],[-62.558511320441013,-19.32517163016654],[-62.558358440189807,-19.324968270069569],[-62.558204770333802,-19.324765579967497],[-62.558050190363922,-19.324563610222402],[-62.557894540200834,-19.324362459759634],[-62.55773768044957,-19.324162189733215],[-62.557579469916554,-19.323962880182712],[-62.557419760213747,-19.323764630033622],[-62.557258400254902,-19.323567489647868],[-62.557095270430338,-19.323371530071991],[-62.556930209761333,-19.323176870016479],[-62.556763069859748,-19.322983549950838],[-62.556593710431329,-19.322791669699775],[-62.556421970497503,-19.322601439704599],[-62.556247789803592,-19.322413459813273],[-62.556071369797834,-19.322227569946328],[-62.555892970384249,-19.32204353987742],[-62.555712819990603,-19.321861150171909],[-62.555531149742706,-19.321680179596569],[-62.555348210551415,-19.321500389831101],[-62.555164239837779,-19.321321570434066],[-62.554979459734199,-19.321143500172358],[-62.554794130144955,-19.320965939826237],[-62.554608480397,-19.320788660068573],[-62.554422749710113,-19.320611460350555],[-62.55423718000177,-19.32043408976136],[-62.554051999699979,-19.320256350450155],[-62.553867449822924,-19.320077989707375],[-62.553683780382116,-19.319898819574796],[-62.553501209912881,-19.319718570255752],[-62.553320000117886,-19.319537050194636],[-62.55314037043172,-19.319354020171808],[-62.552962569966617,-19.31916924996084],[-62.552786530374021,-19.318982940110565],[-62.55261206009844,-19.318795440457173],[-62.552439259863888,-19.318606640384054],[-62.552268260072076,-19.318416459851676],[-62.552099170440336,-19.318224790041999],[-62.551932109679058,-19.318031530230876],[-62.551767200096144,-19.317836589586857],[-62.551604550509559,-19.317639870083891],[-62.551444300314181,-19.317441260205953],[-62.551287630319848,-19.317240130427628],[-62.551140190067649,-19.317033610112944],[-62.551001689975976,-19.316821919595892],[-62.550870840416898,-19.316605799917664],[-62.550746340071498,-19.316385969636762],[-62.550626919996311,-19.31616314011676],[-62.550511250094061,-19.315938059593744],[-62.550398080307104,-19.315711440330688],[-62.550286100323206,-19.315484009879121],[-62.550174030407163,-19.315256500287205],[-62.550060570139181,-19.315029630113305],[-62.549944410106377,-19.314804140398728],[-62.549824290358679,-19.314580749701797],[-62.549698910476309,-19.314360170285564],[-62.549566979932116,-19.314143150386005],[-62.549427200105185,-19.313930389675697],[-62.549284470501824,-19.313721960100327],[-62.549133809777459,-19.313515730266712],[-62.548980069774359,-19.313311809892053],[-62.548822860186817,-19.313110570396478],[-62.54866177002463,-19.312912359817521],[-62.54849643056577,-19.312717529790124],[-62.548326420028211,-19.312526420258035],[-62.54815135979738,-19.312339409835825],[-62.547970839782415,-19.312156840265892],[-62.547784480469375,-19.311979049693321],[-62.547591879861308,-19.311806399645597],[-62.54739281042982,-19.311640460338932],[-62.547188220060249,-19.311481599596114],[-62.546979490111319,-19.311328150074008],[-62.546768010035571,-19.311178439933038],[-62.546555150399826,-19.311030790138815],[-62.546342310549143,-19.310883529751035],[-62.546130860151045,-19.310734979735461],[-62.545922180564169,-19.310583470051018],[-62.545717660341722,-19.310427309972347],[-62.545518640372883,-19.310264889712872],[-62.54532397042486,-19.310097649986503],[-62.545131959772107,-19.309927580093699],[-62.544942100297646,-19.309755170164919],[-62.544753870394743,-19.309580940008345],[-62.544566750255285,-19.309405400438838],[-62.544380200285957,-19.309229059573376],[-62.544193740248865,-19.309052439918112],[-62.544006799973765,-19.308876039697452],[-62.543818900122112,-19.308700379618752],[-62.543629490308696,-19.308525980389611],[-62.54343807051049,-19.308353330341905],[-62.543244090342441,-19.308182969968069],[-62.543047119928595,-19.308015390297946],[-62.542848810424232,-19.307850870121509],[-62.542650009889996,-19.307689279936252],[-62.542450540260155,-19.307530439877834],[-62.54225025044866,-19.307374199759451],[-62.54204895969167,-19.307220369824162],[-62.54184649981606,-19.307068780100057],[-62.541642719735691,-19.306919269608553],[-62.541437429693573,-19.30677166028385],[-62.541230490294872,-19.306625780355418],[-62.541021700091335,-19.306481449958866],[-62.540810909795582,-19.306338519806783],[-62.540597950335076,-19.306196800142153],[-62.540544504428389,-19.306161876340344],[-62.540382659831828,-19.306056120093832],[-62.540164850327514,-19.305916330374306],[-62.53994437972932,-19.305777219642948],[-62.53972105018628,-19.305638650303408],[-62.53949473039745,-19.30550044968594],[-62.539265219813998,-19.305362429832179],[-62.539032370047771,-19.305224419871017],[-62.538796010227657,-19.305086259723051],[-62.538555980274232,-19.304947870247982],[-62.538313329696386,-19.304814939657721],[-62.538068939829657,-19.304690999589912],[-62.537823069678886,-19.304576030259557],[-62.537576020516887,-19.304469990297775],[-62.537328019872163,-19.304372840134416],[-62.537079350131876,-19.304284559984403],[-62.536830290085774,-19.304205120170131],[-62.536581100537312,-19.304134480222043],[-62.536332040491239,-19.30407262035509],[-62.53608336985161,-19.304019500099802],[-62.535835379998723,-19.303975099671028],[-62.535588280474691,-19.303940099855648],[-62.535341670181865,-19.303924559570707],[-62.535095450194838,-19.303931239734865],[-62.534849679868785,-19.303959490138311],[-62.534604440142715,-19.304008719926458],[-62.534359820049573,-19.304078299573792],[-62.534115879843966,-19.304167620239404],[-62.533872700464698,-19.304276049699865],[-62.533630360152991,-19.304402980013482],[-62.533388920062578,-19.304547789748632],[-62.533148470125745,-19.304709860171837],[-62.532909080489624,-19.304888569851567],[-62.532670840187095,-19.305083309946724],[-62.532465060014474,-19.305296540103196],[-62.532436560498802,-19.305539810313949],[-62.532529660115692,-19.305801610156145],[-62.532657180384547,-19.306067080131577],[-62.532731840302162,-19.30632135984284],[-62.532669619807038,-19.306550429758488],[-62.532539190231361,-19.306775770185595],[-62.532399480551533,-19.307004480372406],[-62.532245799903684,-19.307225090365588],[-62.532073470014602,-19.30742611042659],[-62.531877809912928,-19.307596079595335],[-62.531654119741809,-19.307723519824552],[-62.531401090088188,-19.307801920022538],[-62.531141990010767,-19.307863109894583],[-62.53088228019304,-19.307915990030892],[-62.530622100029852,-19.307961869844334],[-62.530361579922946,-19.308002070439148],[-62.530100840381465,-19.308037910221337],[-62.529840039686064,-19.308070710294988],[-62.529579300144512,-19.308101780073056],[-62.529318750359998,-19.308132439760232],[-62.529058529727301,-19.308164010460633],[-62.528798770446876,-19.308197780003535],[-62.528539600222359,-19.308235109962311],[-62.528281170139842,-19.308277280072375],[-62.5280235899167,-19.308325620430985],[-62.527766700372872,-19.308380110353752],[-62.527509290121586,-19.308435639892817],[-62.527251580396062,-19.308491569630167],[-62.526993910240712,-19.308547859995713],[-62.526736669961323,-19.308604529875083],[-62.526480220185974,-19.30866159995281],[-62.526224950321122,-19.308719029759345],[-62.525971200310607,-19.308776849871659],[-62.525718530385795,-19.308838859925405],[-62.525466089788168,-19.308908149991119],[-62.525213829954225,-19.308982710083956],[-62.524961710414559,-19.309060530219238],[-62.524709679907716,-19.309139589620315],[-62.52445772044738,-19.309217880101016],[-62.524205769980242,-19.3092933997705],[-62.523953810519906,-19.309364119758285],[-62.523701780013077,-19.309428049864543],[-62.523449760298142,-19.309465080349124],[-62.523198040057487,-19.309439660112158],[-62.522946790162223,-19.309356659881921],[-62.522696169792361,-19.309222210336713],[-62.522449830195463,-19.309043259638649],[-62.522254619754833,-19.308837820309115],[-62.522112950452239,-19.308615790286467],[-62.522008989723062,-19.308383120384619],[-62.521926889714166,-19.30814572994143],[-62.521850809767052,-19.30790954009311],[-62.521764939800114,-19.307680499855156],[-62.521653410376516,-19.307464530363745],[-62.521501250482267,-19.307267190328485],[-62.521330900000969,-19.307077919910046],[-62.521158560219341,-19.306889660329478],[-62.520984080051214,-19.306702659799818],[-62.520807349779304,-19.306517170131244],[-62.520628220116237,-19.306333440435864],[-62.520446559760906,-19.306151709933417],[-62.52026224011022,-19.305972240326579],[-62.52007511997077,-19.305795260043169],[-62.519885069840086,-19.305621019994021],[-62.519691950323178,-19.305449780083226],[-62.519495630119181,-19.305281769637912],[-62.519295979725634,-19.305117260253315],[-62.519092859747609,-19.304956480357237],[-62.518882930103075,-19.304804990457896],[-62.51865341052644,-19.304684029844054],[-62.518411250079104,-19.304582640276575],[-62.518166020245566,-19.304485439751204],[-62.517927299705079,-19.304377080437842],[-62.517704690519004,-19.30424218033232],[-62.517503979824767,-19.304072640140184],[-62.517315019672338,-19.303891159649247],[-62.517138339762525,-19.303700759682261],[-62.516976200091499,-19.303501110188044],[-62.516830859756332,-19.303291880216076],[-62.516704569760044,-19.303072790077181],[-62.516599580206432,-19.302843509720162],[-62.516505369926833,-19.302609450365836],[-62.516411680354729,-19.302375400004678],[-62.516318530375827,-19.302141339750946],[-62.516225980244762,-19.301907190464409],[-62.516134070430937,-19.301672950346344],[-62.516041880028688,-19.301438540256342],[-62.515950599740336,-19.301203950302003],[-62.515860840205548,-19.300969120228658],[-62.515771220065666,-19.300734010466158],[-62.51568358023296,-19.300498579645687],[-62.515597870345402,-19.300262789995717],[-62.515511479671027,-19.300026619932499],[-62.515425650173583,-19.299790379722193],[-62.51533835028458,-19.299554939908479],[-62.521199420034598,-19.299620528758634],[-62.525083340146864,-19.299663888229926],[-62.539589460484578,-19.299825099896246],[-62.5401818798994,-19.299831659620462],[-62.556735915060472,-19.300014169290346],[-62.57322222992196,-19.300194439721562],[-62.573331029903031,-19.299157210237023],[-62.573338479886907,-19.29909925972299],[-62.573572960123954,-19.297275070388132],[-62.573573399892432,-19.297271699729084],[-62.574062120270568,-19.293469570264385],[-62.574062149948247,-19.29346934003798],[-62.574062450321776,-19.29346699010944],[-62.57406247999937,-19.2934667499905],[-62.574062550146557,-19.293466179820314],[-62.574066999991999,-19.293431619773404],[-62.573265069866757,-19.288703171110885],[-62.608108410899689,-19.291421469806036],[-62.642953029958335,-19.294133140432049],[-62.641923309812839,-19.351035310231342],[-62.662739197373405,-19.351202752169971],[-62.683555166970727,-19.35136781614073],[-62.70437121554184,-19.351530502069313],[-62.72518734002368,-19.351690809882928],[-62.715708361863882,-19.330377915313605],[-62.706231810349735,-19.309064509719285],[-62.724909599698194,-19.308703639661193],[-62.737873506033552,-19.289321087007426],[-62.750834343356978,-19.269937537485593],[-62.763792116427574,-19.250552994114106],[-62.776746830002125,-19.231167459910292],[-62.786532300125486,-19.216520719755348],[-62.81299380707668,-19.216060330514416],[-62.839455201846619,-19.215596118948685],[-62.865916478155498,-19.215128085346706],[-62.892377629723811,-19.214656230000962],[-62.867121060388563,-19.214297690086266],[-62.887662764719103,-19.214548605951492],[-62.908204544045205,-19.214797219630544],[-62.928746395427886,-19.215043531024595],[-62.949288315928058,-19.215287540036275],[-62.96983030260656,-19.215529246569616],[-62.990372352524162,-19.215768650530052],[-63.010914462741518,-19.216005751824444],[-63.031456630319227,-19.216240550361064],[-63.035404549878749,-19.249906407931153],[-63.040844229731327,-19.291785190926323],[-63.052543977516969,-19.292205071766062],[-63.068204209756452,-19.29276591011859],[-63.068207299827016,-19.292802769732006],[-63.068215989975883,-19.292913690314492],[-63.068224990390945,-19.293025440071972],[-63.068233620285305,-19.293136709591415],[-63.068242359896914,-19.293248239914305],[-63.068251159763179,-19.293359489648701],[-63.068259689832765,-19.293471119796315],[-63.068268590423088,-19.293582029586961],[-63.068277179847925,-19.293692979847098],[-63.068286180262987,-19.2938051495879],[-63.068295429790219,-19.293916869667779],[-63.068304940120868,-19.294026390005843],[-63.068313870388749,-19.294134889613417],[-63.068323240425158,-19.294246490083413],[-63.06833238023512,-19.294357180439462],[-63.068341129739267,-19.294468649608454],[-63.068349919713,-19.294579990174391],[-63.06835840031988,-19.294690919750106],[-63.068367280225736,-19.294802159591931],[-63.068376029729976,-19.294913599982625],[-63.068385049930036,-19.295023540304097],[-63.068393929835963,-19.295134540026936],[-63.068402600199803,-19.295246279891838],[-63.068411730117191,-19.295357910039449],[-63.068420459836318,-19.295469130096247],[-63.068429520505894,-19.295580490447207],[-63.06843860995383,-19.29569150006261],[-63.068448079814964,-19.29580230013601],[-63.068456510059839,-19.295910629771694],[-63.068466399904366,-19.296021900190496],[-63.068475519929265,-19.29613285045065],[-63.068484489767336,-19.296244299834544],[-63.068493910165799,-19.296355660185498],[-63.068502940258433,-19.296466819987696],[-63.068511769802264,-19.296576289963738],[-63.068520450058656,-19.29668776992456],[-63.06852959976117,-19.296799579936639],[-63.068538530029109,-19.296911050004883],[-63.068547640161398,-19.297022330316214],[-63.068556480497115,-19.297133210429237],[-63.068564819910463,-19.297244259614843],[-63.068573209685844,-19.297356020164159],[-63.068582069806595,-19.297467939893451],[-63.068590779740646,-19.297577659881021],[-63.068599030121099,-19.297689389853407],[-63.06860818971613,-19.297799920130156],[-63.068616860079992,-19.297909659902821],[-63.068625450404163,-19.298017250295796],[-63.068633449873793,-19.298127300334606],[-63.068641970050848,-19.298238960159821],[-63.068650410188226,-19.298350100176933],[-63.068659170484267,-19.298461629600467],[-63.068667599829816,-19.29857288023419],[-63.068676530097704,-19.298684819748591],[-63.068685540405333,-19.298790580021205],[-63.068693750316299,-19.29890140977221],[-63.068701940442168,-19.299013420333029],[-63.068711220546341,-19.299125470464041],[-63.068720090559673,-19.299235540287889],[-63.068727900272322,-19.299347139858575],[-63.068736680353467,-19.299458660288895],[-63.068745439750217,-19.299569849768698],[-63.068754059751988,-19.29968138009156],[-63.068762579929043,-19.299792850159847],[-63.068771330332581,-19.299903339967091],[-63.068779800147638,-19.300015530392386],[-63.068789650421998,-19.300126200064032],[-63.068799040243434,-19.300237369758751],[-63.068808109906271,-19.300348909974179],[-63.068817180468436,-19.300459710047548],[-63.068825750108239,-19.300571119861264],[-63.068834799985993,-19.300682490104808],[-63.068843240123378,-19.300792720007951],[-63.068852330470619,-19.300903500296258],[-63.06886074003107,-19.301015330093374],[-63.068869600151906,-19.30112578033043],[-63.068877579836382,-19.301237200036724],[-63.06888587967957,-19.30134894979415],[-63.068894909772197,-19.30146049000955],[-63.068903679960847,-19.30156596969368],[-63.068912739731097,-19.301677369614882],[-63.068921290485136,-19.30178842959231],[-63.06892994016458,-19.301899899660597],[-63.068938320047366,-19.302011510023128],[-63.068947360032595,-19.302121720141184],[-63.068955839740148,-19.302231520168448],[-63.068964910302313,-19.302340980251973],[-63.068974079789868,-19.302452229986375],[-63.068982910233089,-19.30256171974753],[-63.068991940325752,-19.302673220392769],[-63.069000840016699,-19.302784020466103],[-63.069009950149052,-19.302895450064899],[-63.069019000026799,-19.303004420017938],[-63.069026969818751,-19.303111520280371],[-63.069029000487944,-19.303209799992192],[-63.069017839901342,-19.303302229614122],[-63.068993090558628,-19.303399529964288],[-63.068963000142261,-19.303504899931166],[-63.06893679030059,-19.303594639680838],[-63.068904769939138,-19.303701480039251],[-63.068873010381083,-19.303809229612227],[-63.068841390217933,-19.303916820005202],[-63.068837983808066,-19.303928387435366],[-63.068810010173749,-19.304023379775106],[-63.068778520412366,-19.304130390105389],[-63.068747380487189,-19.304236939982726],[-63.068715930295923,-19.304343649939415],[-63.068684489997153,-19.304450099992088],[-63.068653170207597,-19.304555739755525],[-63.068621819841084,-19.304661419988516],[-63.068589589937581,-19.304768500465837],[-63.068557750339913,-19.304875939772767],[-63.068525919735336,-19.304983430340986],[-63.068494019883076,-19.305090810292597],[-63.068462330472109,-19.305198340431037],[-63.068430509760162,-19.305306109789122],[-63.068399330264867,-19.305413120119336],[-63.068367780248799,-19.305519220335718],[-63.068335830034457,-19.305626670434414],[-63.0683040300069,-19.305734119633861],[-63.068272290233956,-19.305840510331219],[-63.06824068985587,-19.305946870451667],[-63.068208799896162,-19.306054149679202],[-63.068177300242162,-19.306161400128467],[-63.068145080231211,-19.30626877018754],[-63.068113729864692,-19.30637538031948],[-63.068082450544637,-19.306481979659569],[-63.068050670302156,-19.306589620414616],[-63.068019370297627,-19.306696389726532],[-63.067987910213837,-19.306803749893103],[-63.06795645013004,-19.306910740438301],[-63.067924689672616,-19.307017870378392],[-63.067893310527815,-19.307123199875711],[-63.067861640002661,-19.30722897993342],[-63.067829679895802,-19.30733551991824],[-63.067797520139365,-19.307443309960696],[-63.067765489885382,-19.307550010024894],[-63.067733740219907,-19.307656669619568],[-63.067701979762489,-19.307762509931813],[-63.067669560102118,-19.307868760334987],[-63.067637550532453,-19.307976919998801],[-63.067605639888306,-19.308085960098921],[-63.067575740128291,-19.308195459752604],[-63.067544750389857,-19.308311939943994],[-63.067528479855405,-19.308442040367822],[-63.06753788046877,-19.308567289848501],[-63.067558039671781,-19.308683170192115],[-63.067577460531282,-19.308792999896976],[-63.067597730350947,-19.308903520281202],[-63.067617320283091,-19.30901343002574],[-63.067636289682973,-19.309120809977344],[-63.06765464034936,-19.309229730467628],[-63.067673540501445,-19.309339779607114],[-63.067692009878321,-19.30944898967908],[-63.067710159995841,-19.309558810390726],[-63.06772758975643,-19.309668739920355],[-63.067745309998024,-19.309779170372394],[-63.067763000561953,-19.309889459630821],[-63.067780750481234,-19.309998309973988],[-63.06779850040045,-19.310108949968029],[-63.067817059709512,-19.31021913040848],[-63.067834400437171,-19.310327530191326],[-63.06785199027707,-19.310438600061264],[-63.067869830128529,-19.310548910004169],[-63.067887160064338,-19.310657350256466],[-63.067905040385241,-19.310766070197928],[-63.067923130248232,-19.31087599972755],[-63.067940839697926,-19.310986279992793],[-63.067954629902196,-19.31107010040478],[-63.067972480545507,-19.311178760091639],[-63.067990189995214,-19.311288579903987],[-63.068008160248382,-19.311398959993927],[-63.068026000099771,-19.311508689874053],[-63.068044009923071,-19.31161879027491],[-63.06806302968505,-19.311728750381462],[-63.068082599832032,-19.311838720380585],[-63.068106029869327,-19.311955250034693],[-63.068140310227072,-19.312071369597959],[-63.068185039807702,-19.312181089585582],[-63.068231090492411,-19.312286630423625],[-63.068277650193338,-19.312388809595834],[-63.068323820487876,-19.312491889888737],[-63.06837056994577,-19.312593630191824],[-63.068405010382897,-19.31267072007762],[-63.068450429743507,-19.312772689707792],[-63.068495619776954,-19.312874010027471],[-63.068541030144381,-19.312976430218029],[-63.068587140184313,-19.313079169667905],[-63.06863231043274,-19.313180489987577],[-63.068678600337087,-19.31328289039303],[-63.068723470211914,-19.31338402005645],[-63.068769090121336,-19.313485739675112],[-63.068814530166378,-19.313587149927002],[-63.068860560166669,-19.313689720304289],[-63.068906529912404,-19.313791750189065],[-63.068952190291313,-19.313893600209436],[-63.068996570035658,-19.313993809866346],[-63.069042340131809,-19.31409683979728],[-63.069088219945328,-19.314198679925084],[-63.069134660036461,-19.314301190047829],[-63.069180420240173,-19.314403630023417],[-63.069225860285208,-19.314505249817383],[-63.069271609697012,-19.314606580029569],[-63.069317619912169,-19.314707910241786],[-63.06936443052399,-19.314810530081836],[-63.069409740167309,-19.314912630113717],[-63.069455350184228,-19.315015040411762],[-63.069469299088482,-19.315045992424771],[-63.069501569941437,-19.315117599997219],[-63.069547230320374,-19.315220629928078],[-63.069592940162011,-19.315322110327088],[-63.069638310059908,-19.315423759798652],[-63.069684449777469,-19.315526609865103],[-63.06973060028696,-19.315629090310203],[-63.069775829890588,-19.315730290120765],[-63.069821099963754,-19.315831519608878],[-63.069866479754182,-19.315934679941488],[-63.06991171025718,-19.316036949945211],[-63.069956240188262,-19.316138260372387],[-63.06999848044547,-19.31623504001502],[-63.070027940437058,-19.316325650308436],[-63.070043309850803,-19.316420589938225],[-63.070052019784839,-19.316524639700329],[-63.070061299889062,-19.316633829987214],[-63.070070200479336,-19.316744809924995],[-63.070078709864482,-19.316856330355343],[-63.070087679702624,-19.316966240099859],[-63.070095640501386,-19.317076380070823],[-63.070104020384157,-19.31718549031806],[-63.070112330119905,-19.317294659920545],[-63.07012052024578,-19.317404639812239],[-63.0701291897103,-19.31751545967067],[-63.070137510237892,-19.317625140088118],[-63.070146140132223,-19.317735989624158],[-63.070154770026591,-19.317845720403628],[-63.070163210163969,-19.317955560001057],[-63.070171820273217,-19.318065959876094],[-63.070180090438797,-19.318177209610489],[-63.070188679863641,-19.318287890074018],[-63.070197080430866,-19.318398350203662],[-63.070204720171645,-19.318508849903477],[-63.07021312973211,-19.318621159938523],[-63.070221649909179,-19.318731340379031],[-63.070230160193717,-19.318842699830665],[-63.070238989737554,-19.318952659937285],[-63.070247220332931,-19.319063399756033],[-63.070255740509985,-19.319173039703958],[-63.07026416985552,-19.3192833604387],[-63.070272820434283,-19.319393549872355],[-63.070280989875734,-19.319503529764056],[-63.0702895298379,-19.319613399938408],[-63.07029798976037,-19.319723389722629],[-63.070306670016748,-19.319834769858677],[-63.070315510352486,-19.319943200218461],[-63.070323660008832,-19.320053799742976],[-63.070332549807283,-19.320163329973628],[-63.070341400035545,-19.320274559922954],[-63.070349629731581,-19.320384139616298],[-63.070358239840857,-19.320497099861203],[-63.070366439859306,-19.320606079706753],[-63.070374590414986,-19.320715170168899],[-63.070383310241539,-19.320825249885324],[-63.070391729694499,-19.320936360224767],[-63.070399880250228,-19.321046359901516],[-63.070408820410691,-19.321156880285731],[-63.070417140038963,-19.321265979741096],[-63.070424859819404,-19.321377719605991],[-63.070432799933698,-19.321486489909542],[-63.070440999952147,-19.321597020186282],[-63.07044928990274,-19.3217043102057],[-63.070452610199759,-19.321752289936168],[-63.070460669923932,-19.321862070178337],[-63.070468969767091,-19.321972190364239],[-63.07047715989296,-19.322081910351802],[-63.070485750217117,-19.322193150193705],[-63.070494530298262,-19.322302719994457],[-63.070502859819072,-19.322411719625109],[-63.070511630007658,-19.322522689670343],[-63.070520540490513,-19.322633219947079],[-63.070528760293982,-19.322742320301803],[-63.070537429758524,-19.322853089798215],[-63.070545570421707,-19.322963649752573],[-63.070553899942453,-19.323073400317121],[-63.070562320294812,-19.323183050157581],[-63.070570790109855,-19.323294260321802],[-63.07057906027535,-19.323403730297848],[-63.070587709954765,-19.32351406991836],[-63.070596130307116,-19.323625319652777],[-63.070604629799774,-19.32373392987693],[-63.070613290271062,-19.323843120163808],[-63.070621850018284,-19.323953770050412],[-63.070630139968941,-19.324062849720679],[-63.070638359772445,-19.324173049946243],[-63.070647090390864,-19.324284250217932],[-63.070656099799116,-19.324395480167247],[-63.070664889772765,-19.324506739794177],[-63.070674970273615,-19.324616350064439],[-63.070683029997767,-19.324726269701546],[-63.070691759716901,-19.324837520335219],[-63.07069998041969,-19.324946650367547],[-63.070707960104237,-19.325056550219571],[-63.070716240162298,-19.325166659613615],[-63.070723870010575,-19.325275019826265],[-63.070732390187615,-19.325385960193834],[-63.070740699923306,-19.325496139735037],[-63.070749550151554,-19.325606800413464],[-63.070758150368306,-19.325717100463748],[-63.070766780262652,-19.325827410406639],[-63.070774390325823,-19.325938160117964],[-63.070782719846605,-19.326048999761497],[-63.070791669899613,-19.32616008042331],[-63.070799760200707,-19.32627000995296],[-63.070808020473734,-19.326381370303974],[-63.070817230430812,-19.326493620084474],[-63.070826290201055,-19.326604289756123],[-63.070834619721893,-19.326715169869143],[-63.070843069751838,-19.326824450088292],[-63.070851269770223,-19.326934869748399],[-63.070860360117464,-19.327045159906149],[-63.070868570028431,-19.327154750391344],[-63.070877090205471,-19.327266379639639],[-63.070885399941226,-19.327376360430655],[-63.070892400264029,-19.327483920246664],[-63.070895770023732,-19.327593290397985],[-63.070900399733588,-19.327705069833087],[-63.070904030296738,-19.327814119825753],[-63.070907460310984,-19.327923480084507],[-63.070910939788,-19.328035299989022],[-63.07091412968326,-19.32814569986413],[-63.0709174499803,-19.328257470305985],[-63.070920690237635,-19.328366909705085],[-63.070924030319702,-19.328479430181527],[-63.07092807996689,-19.328589259886364],[-63.07093150008857,-19.328699970027557],[-63.070935279939178,-19.328810680168711],[-63.070938289970066,-19.328916069920627],[-63.070942050035498,-19.329027889825227],[-63.070945350547433,-19.329136650236183],[-63.070948240069185,-19.329246180466793],[-63.070951529789234,-19.32935812987375],[-63.070955010165555,-19.329468869692565],[-63.070958129913713,-19.329577940369635],[-63.070961290131386,-19.329689860098931],[-63.070964860439915,-19.32980137962992],[-63.070968849832511,-19.329912249850388],[-63.070971720468471,-19.330021870013237],[-63.070975240414946,-19.330132519899845],[-63.070978490564869,-19.330242280356899],[-63.070981380086579,-19.330351979660044],[-63.070984499834758,-19.3304610404446],[-63.070987509865631,-19.330571690331215],[-63.070990750122959,-19.330681990381478],[-63.070994270069491,-19.330792650160614],[-63.070997309777965,-19.330904569889928],[-63.071000649860082,-19.331015559720232],[-63.071003659890927,-19.331127129613328],[-63.07100713037471,-19.331238290314783],[-63.071011029835113,-19.331347889793214],[-63.071014270092455,-19.331459019917826],[-63.071017840400998,-19.331568929662357],[-63.071020840539354,-19.331678959916012],[-63.0710246500675,-19.331789709627333],[-63.071027730245518,-19.33189964994887],[-63.071031459734051,-19.332009100139828],[-63.071034930217806,-19.33211896042166],[-63.071038399802262,-19.332229229894999],[-63.071041489872812,-19.332340229617852],[-63.07104478049218,-19.332450849826774],[-63.071048560342724,-19.332562130138164],[-63.071052049712293,-19.332672010205048],[-63.071055490518454,-19.332781230169587],[-63.071059190329322,-19.332891229846307],[-63.071062810100557,-19.333001619828842],[-63.071065880386016,-19.333111620404889],[-63.071069570304353,-19.333221069696556],[-63.071073320477282,-19.333330209621412],[-63.071076410547846,-19.333441749836823],[-63.071080510557053,-19.333552590379732],[-63.071083589835773,-19.333662709666271],[-63.071087500088034,-19.333774070017267],[-63.071090459756881,-19.333884579609624],[-63.071093360070449,-19.333995590124353],[-63.071096450140992,-19.334105609586178],[-63.071099930517342,-19.334215030099521],[-63.071102749891949,-19.334324629577964],[-63.071105410086545,-19.334435550160482],[-63.071108279823193,-19.334547549929425],[-63.071111080312043,-19.334658600014333],[-63.071114080450407,-19.334769509804957],[-63.071117100373826,-19.334881409749187],[-63.071120079827772,-19.33499140043271],[-63.071122450440654,-19.335079429671897],[-63.071125470364095,-19.33519087995511],[-63.071128500180123,-19.335302949871224],[-63.071131949979474,-19.335413710374372],[-63.071134989687998,-19.335524460085708],[-63.071138380132076,-19.335635369876393],[-63.07114173010671,-19.335745099756469],[-63.071144740137584,-19.335855440276298],[-63.071148000179996,-19.335966289812394],[-63.071151090250559,-19.336078109716919],[-63.071154440225179,-19.336190050130654],[-63.071157510510645,-19.336300170316569],[-63.071160380247299,-19.336411599915358],[-63.071163410063242,-19.336522460243302],[-63.071166410201606,-19.336633430288529],[-63.071169879786055,-19.336744119745276],[-63.071172819669869,-19.336856060158993],[-63.071176340515628,-19.336966409672012],[-63.071179640128257,-19.337074949749063],[-63.071182720306233,-19.337186589789265],[-63.071186140427983,-19.337297620089021],[-63.071189340215803,-19.337409750259706],[-63.071193020241637,-19.337520749982552],[-63.071196409786459,-19.337631880107143],[-63.071200110496633,-19.337743610079471],[-63.07120350004147,-19.337854929960997],[-63.07120651996491,-19.337966820012696],[-63.071209680182562,-19.338078510414906],[-63.071213030157196,-19.338190299742511],[-63.071216140012822,-19.338301699663646],[-63.071219589812181,-19.338414079845855],[-63.071223179905822,-19.338520559576107],[-63.071226170151576,-19.338630909988456],[-63.071230330415403,-19.338742229869961],[-63.071233840469347,-19.338852480457557],[-63.071237390093401,-19.338963490072945],[-63.071240929825024,-19.339074389971067],[-63.071244080150159,-19.339185770107168],[-63.071247359977633,-19.339297269853077],[-63.071250469833252,-19.339408550164411],[-63.071253889955003,-19.339518389761853],[-63.071256930562861,-19.339628980293181],[-63.071260660051394,-19.339740050163122],[-63.071264359862234,-19.339851530123944],[-63.071267830346066,-19.339962560423778],[-63.071271270252907,-19.340073599716785],[-63.071275190397671,-19.34018371990269],[-63.071278990033285,-19.34029088041973],[-63.071281960494048,-19.340402069899529],[-63.071285990356081,-19.340514209962752],[-63.071289330438212,-19.340623230277803],[-63.071292500548395,-19.340733339671839],[-63.071296140104707,-19.340844369971649],[-63.071299560226457,-19.340953480218882],[-63.071302539680389,-19.341063899879032],[-63.071305390531315,-19.341173350069994],[-63.071308729714062,-19.341282880300636],[-63.071311620135134,-19.341392999587253],[-63.071314829815492,-19.341504910323277],[-63.071318249937235,-19.341615509847877],[-63.071321490194585,-19.341727220035121],[-63.07132499035599,-19.341836959807789],[-63.071328479725537,-19.341946919914385],[-63.071332260475401,-19.34205825958098],[-63.071336890185293,-19.342168410343845],[-63.071340199690425,-19.342279050337858],[-63.071343619812168,-19.342388010398345],[-63.071347200013243,-19.342499949912732],[-63.071350960078689,-19.342607470158562],[-63.071354040256715,-19.342717459942765],[-63.071357140219796,-19.342828049574809],[-63.071360920070376,-19.342938300162363],[-63.071363859954126,-19.343048969834044],[-63.071367309753498,-19.343161320338588],[-63.071371059926413,-19.34327125976079],[-63.071374730059681,-19.34338244024735],[-63.071377749983135,-19.343493469647861],[-63.071381179997431,-19.343605349806964],[-63.071384639689313,-19.343716899914956],[-63.071388270252442,-19.34382729979],[-63.071391630119599,-19.343937599840327],[-63.071395150066117,-19.344048309981474],[-63.071398849876971,-19.344159319596866],[-63.071402189959088,-19.344269410105131],[-63.071406030064146,-19.344378720001888],[-63.071409500547979,-19.344490580375922],[-63.071412940454806,-19.34460081027914],[-63.071416570118558,-19.344712550144038],[-63.071420150319625,-19.344822680222478],[-63.071423510186818,-19.344930109636771],[-63.071427229782785,-19.345041469987798],[-63.071430890023507,-19.345151850077801],[-63.071434800275767,-19.345263500010446],[-63.071438570233781,-19.345374700282157],[-63.071441449862967,-19.345484459839888],[-63.071445399685395,-19.345595750043795],[-63.071448389931213,-19.345706550117143],[-63.071451100487863,-19.34581735019048],[-63.07145450981772,-19.34592922045708],[-63.071457589995745,-19.346040599693868],[-63.071461220558817,-19.346152249626577],[-63.071464590318548,-19.346262400389442],[-63.071468460101315,-19.346372040337371],[-63.071472069980004,-19.34648271990153],[-63.071475710435664,-19.346592840087435],[-63.071479449816707,-19.346702739939452],[-63.071483580402841,-19.346813739662302],[-63.071488079711045,-19.346923539689548],[-63.071491730059265,-19.347034540311757],[-63.071495259898306,-19.347141090189087],[-63.071499100003436,-19.347252699652287],[-63.071502510232612,-19.347363059957221],[-63.071506100326239,-19.347473899600736],[-63.07150939993879,-19.347583749989997],[-63.071512720235823,-19.347693760458647],[-63.071516369684659,-19.34780538970692],[-63.071519140495923,-19.347916459576862],[-63.071522219774579,-19.348026290181107],[-63.071526080564098,-19.348127720218073],[-63.071528839684163,-19.348238229810409],[-63.071532089834015,-19.348349199855647],[-63.071535359768973,-19.348460279618148],[-63.071535949724243,-19.348484619769359],[-63.071537310398512,-19.348566459874164],[-63.071539459778194,-19.348678650299412],[-63.071541590272155,-19.348789409903301],[-63.071543580471818,-19.348884059951388],[-63.071546380061363,-19.348996379878994],[-63.071550110449202,-19.349108379647934],[-63.071553030547854,-19.349219880293212],[-63.071556460562185,-19.349332030248952],[-63.071559830321853,-19.349443449955238],[-63.071562850245314,-19.349553730220407],[-63.071566020355526,-19.349665610379589],[-63.071569220143381,-19.349777030085814],[-63.071572470293226,-19.349888250142605],[-63.071575820267867,-19.350000189657003],[-63.071578869868922,-19.350111760449341],[-63.071582270205568,-19.350223459844752],[-63.0715854403158,-19.350334730263572],[-63.07158865988869,-19.350446749817582],[-63.071592040440287,-19.350558670446205],[-63.071595439877626,-19.350667560359561],[-63.071599209835597,-19.35077856997497],[-63.071602670426834,-19.350889799924275],[-63.071606270412971,-19.351001230422412],[-63.071609640172717,-19.351105829670249],[-63.071613179904247,-19.351217190021259],[-63.071616769997874,-19.351329429909246],[-63.071620469808806,-19.351441130203963],[-63.071624210089162,-19.351552090356616],[-63.071626790244125,-19.351662449762216],[-63.071630019709559,-19.351774450430511],[-63.071633300436403,-19.351886159718436],[-63.071637020032419,-19.351997990414876],[-63.07164037000701,-19.352109400228585],[-63.071643319783327,-19.352220919759592],[-63.071646680549797,-19.352332760348574],[-63.071649640218709,-19.352444629715823],[-63.071652769859377,-19.352556339903117],[-63.071655900399435,-19.35266803030532],[-63.07165895000049,-19.352779180214956],[-63.071661950138811,-19.352890980334443],[-63.071665110356506,-19.353002909956256],[-63.071668570048409,-19.353114600358474],[-63.071671830090843,-19.353226420262999],[-63.071674939946483,-19.353337880438787],[-63.071677900514658,-19.353442090280158],[-63.071681129980121,-19.353544739797876],[-63.071684890045617,-19.35365611993393],[-63.071688190557481,-19.353767759974126],[-63.071691779751795,-19.353880099686815],[-63.071695760151151,-19.35399159043947],[-63.071699479747167,-19.354103379767135],[-63.07170281982922,-19.354211870381441],[-63.07170665004184,-19.354323559884339],[-63.071709970338823,-19.354434850088239],[-63.071712980369682,-19.354545060206299],[-63.048809142699284,-19.35513161051998],[-63.025905134704402,-19.355715281031987],[-63.003000960457761,-19.356296071460264],[-62.980096624032335,-19.35687398152491],[-62.945389742805624,-19.357744189883142],[-62.94541400075547,-19.356594769832721],[-62.94302269983767,-19.326254400420218],[-62.922247409878118,-19.327993314186966],[-62.901471689632388,-19.329729859181551],[-62.880695542075834,-19.331464034719026],[-62.859918970184303,-19.333195840115881],[-62.859114319770008,-19.320571429727639],[-62.838190577911277,-19.320673139879016],[-62.817266829800303,-19.320772449788695],[-62.817156160128661,-19.335262379655028],[-62.816528339810979,-19.351978779996671],[-62.817030530234717,-19.351981039992943],[-62.816767700843783,-19.382171281016209],[-62.816368260486776,-19.428020919629709],[-62.816389980013518,-19.428193639824599],[-62.816392759817951,-19.428296419743955],[-62.816095770403422,-19.470603599976119],[-62.816095760510905,-19.470603820310025],[-62.816095749719004,-19.470606100091388],[-62.844607420739059,-19.470905117452354],[-62.873119229968424,-19.471199649943841],[-62.896921129706371,-19.471375370277087],[-62.897455819830149,-19.511684739858829],[-62.898661406896558,-19.511731551899196],[-62.900160520091909,-19.511789750096849],[-62.900160430159701,-19.511805439669249],[-62.900146659740535,-19.514146460390791],[-62.899934390060018,-19.541239350015914],[-62.899872219926976,-19.546258340449974],[-62.873529142929755,-19.5461963710889],[-62.84718611055051,-19.546130560277103],[-62.829875000231006,-19.546130550384532],[-62.82980556495842,-19.61706714431909],[-62.828433026716503,-19.617050141612662],[-62.828432933432943,-19.617054727071537],[-62.829805559978588,-19.617072220106802],[-62.82980556495842,-19.61706714431909]],[[-62.814513180982892,-19.470622349366586],[-62.814513160553872,-19.470623150338081],[-62.814564959705066,-19.47062259006044],[-62.814514250532177,-19.470622349941436],[-62.814513180982892,-19.470622349366586]]]},"properties":{"FID":2,"categoria":"Area nucleo"}},{"type":"Feature","id":3,"geometry":{"type":"Polygon","coordinates":[[[-61.08633970291492,-17.89776090134449],[-61.111202142090143,-17.898056249965357],[-61.136064987254436,-17.898348428607701],[-61.160928233266709,-17.898637437024647],[-61.185791874985398,-17.898923274972226],[-61.210655907268482,-17.899205942209317],[-61.235520324973479,-17.899485438497635],[-61.260385122957445,-17.899761763601813],[-61.285250296076981,-17.900034917289297],[-61.310115839188256,-17.900304899330433],[-61.33498174714699,-17.900571709498411],[-61.359848014808478,-17.900835347569291],[-61.384714637027599,-17.901095813322023],[-61.409581608658776,-17.901353106538405],[-61.434448924556037,-17.901607227003083],[-61.459316579573041,-17.901858174503626],[-61.484184568562959,-17.902105948830418],[-61.503733120283243,-17.923831967097513],[-61.523286386403775,-17.945556324649882],[-61.542844374606084,-17.967279013784211],[-61.56240709257419,-17.989000026794518],[-61.581974547994577,-18.010719355972203],[-61.601546748556167,-18.032436993606023],[-61.621123701950374,-18.054152931982074],[-61.640705415871054,-18.075867163383823],[-61.660291898014513,-18.097579680092071],[-61.679883156079512,-18.119290474384979],[-61.699479197767225,-18.140999538538072],[-61.719080030781285,-18.162706864824202],[-61.738685662827727,-18.18441244551358],[-61.758296101615024,-18.206116272873768],[-61.777911354854062,-18.227818339169644],[-61.797531430258125,-18.249518636663456],[-61.825694310344076,-18.270497850195568],[-61.826188150562636,-18.270865660321927],[-61.846315375174839,-18.285853340837892],[-61.866446110399636,-18.300839070366738],[-61.886797058626769,-18.302805603734004],[-61.897507287303355,-18.291510259355153],[-61.892607554262902,-18.274744599639991],[-61.878861669805417,-18.271675707526082],[-61.869584919848791,-18.254883850204219],[-61.862839280247719,-18.233922326111784],[-61.871106160499316,-18.213049550912384],[-61.873090171103101,-18.1963238494066],[-61.862489367591515,-18.191479222805622],[-61.848797657081171,-18.18123568932992],[-61.843869709029477,-18.169848651314584],[-61.834510032143811,-18.166803323888924],[-61.82268564914493,-18.158362662375762],[-61.801741691331685,-18.157934412137802],[-61.780797981280081,-18.157503886115954],[-61.780864308885057,-18.147940301776707],[-61.800254037631362,-18.146866691001996],[-61.802807770493075,-18.139111786639162],[-61.819679754431917,-18.140411513304272],[-61.830248402503159,-18.149442433653615],[-61.847129565125591,-18.14954434313039],[-61.864566570958715,-18.160407817954471],[-61.870159435148146,-18.165820651181651],[-61.892025935334793,-18.168936776827515],[-61.913290224030874,-18.168460414149525],[-61.923876585978036,-18.175693259232968],[-61.93256591591188,-18.186501666765189],[-61.936271074150206,-18.194293291393507],[-61.949987138411416,-18.201542116610867],[-61.962464062207381,-18.206989977610476],[-61.962877219633739,-18.137052012116424],[-61.985075713828387,-18.136572552004413],[-62.007274225068535,-18.136090525462915],[-62.006331238533008,-18.192277588379575],[-62.011966715197374,-18.191111101959613],[-62.012356251380467,-18.232958018735737],[-62.043636123956986,-18.232817794938679],[-62.074916204189705,-18.232672461856826],[-62.078921060244937,-18.18486823107299],[-62.082779660342375,-18.16456161245917],[-62.090277442969949,-18.165792835872431],[-62.09055864917584,-18.23214954477708],[-62.122775809698787,-18.232299734184178],[-62.154993276277558,-18.232444508671144],[-62.156661253080877,-18.145770080753017],[-62.127273402343938,-18.145639032939265],[-62.130169813871369,-18.065546001632551],[-62.156106882082071,-18.065661064070309],[-62.182044140826235,-18.065772644492391],[-62.182586138803117,-18.083709403282985],[-62.166314850070876,-18.087824488247154],[-62.166682677078029,-18.142226886578083],[-62.186057647864679,-18.144103241517673],[-62.181859975847487,-18.239734763744231],[-62.16934769500957,-18.239680917037759],[-62.169825642741195,-18.270768742097037],[-62.178523891328439,-18.283957953206219],[-62.18773497007831,-18.32165885181346],[-62.203986788980629,-18.326509758783043],[-62.220169866410032,-18.346901926458038],[-62.20198280514267,-18.354000260300989],[-62.183794318423118,-18.361096795740917],[-62.156158083627083,-18.379507988103796],[-62.135478533242569,-18.383001916987514],[-62.114798248687116,-18.386493562309262],[-62.091013167802544,-18.384886943978149],[-62.067228669298878,-18.383277370771676],[-62.050349880713291,-18.378411641239968],[-62.032286614000981,-18.361582874316873],[-62.015543082531316,-18.333401562484283],[-62.008042249265273,-18.331569366948479],[-62.006892747800983,-18.313630075935773],[-61.985690505595642,-18.300367549995581],[-61.973800368635132,-18.300304040779807],[-61.955048070108028,-18.296615750379445],[-61.93437187492961,-18.300685910917476],[-61.90499839384794,-18.318252881325702],[-61.875619142503886,-18.335814985176857],[-61.891326946532722,-18.353160326048819],[-61.907037862458509,-18.370504507302041],[-61.922751894233215,-18.387847524971125],[-61.938469045809775,-18.405189375089559],[-61.95699331728769,-18.416289840203948],[-61.97569196171542,-18.44114075037195],[-61.994395891693785,-18.465990015780179],[-62.013105117859737,-18.490837628358463],[-62.03181965085615,-18.515683580033151],[-62.054981046697598,-18.499620773113985],[-62.078138188344873,-18.483554910964351],[-62.101291078187366,-18.467486001470039],[-62.124439718618056,-18.451414052516434],[-62.138332761238559,-18.469532417474738],[-62.152228682004427,-18.487649849028518],[-62.166127485084886,-18.505766343932539],[-62.180029174650748,-18.523881898940544],[-62.19393375487445,-18.541996510805266],[-62.207841229930068,-18.560110176278393],[-62.221751603993248,-18.578222892110624],[-62.235664881241284,-18.596334655051617],[-62.249581065853086,-18.614445461850028],[-62.263500162009151,-18.632555309253455],[-62.27742217389163,-18.650664194008499],[-62.291347105684245,-18.668772112860736],[-62.305274961572394,-18.686879062554706],[-62.319205745743041,-18.704985039833918],[-62.333139462384771,-18.723090041440866],[-62.34707611568782,-18.741194064117003],[-62.352759489958416,-18.724741910110975],[-62.376099837403068,-18.731371277905041],[-62.399442090339704,-18.737997784452208],[-62.422786245638179,-18.744621426417353],[-62.446132300165452,-18.751242200467104],[-62.454239099749437,-18.724201522082787],[-62.462343210470749,-18.697160349570407],[-62.483604939472912,-18.694032819546987],[-62.504865950103479,-18.690902859579225],[-62.506878020404265,-18.817277550418556],[-62.507971800158423,-18.885958820043466],[-62.509145769761389,-18.959662080240765],[-62.481791779966613,-18.959696869614792],[-62.486152950498251,-19.026563730032063],[-62.465621590064295,-19.026228100346472],[-62.459899540231554,-18.945715140341406],[-62.460123840143069,-18.918858409987589],[-62.460406059991605,-18.885032080366166],[-62.461506750136373,-18.816781889972216],[-62.439385614004166,-18.816730230455949],[-62.417264567053351,-18.816675947835204],[-62.417397735017403,-19.002113261717625],[-62.406225646271466,-19.017299423294393],[-62.395051507047398,-19.032484829550722],[-62.383875314927423,-19.047669478733983],[-62.372697067492965,-19.062853369091073],[-62.361516762324683,-19.0780364988684],[-62.350334397002442,-19.093218866311879],[-62.339149969105286,-19.108400469666986],[-62.32796347621148,-19.123581307178696],[-62.327974079939779,-19.123595420292364],[-62.364173580146534,-19.124015679779745],[-62.39058383668393,-19.124177980042649],[-62.416994260476699,-19.124336490436615],[-62.414688030028515,-19.133088170082935],[-62.450414593814195,-19.133442408252591],[-62.48614150032995,-19.133789709627354],[-62.505279640043334,-19.133972899729482],[-62.505181839670108,-19.13410460004717],[-62.504587920196322,-19.13567580019798],[-62.50337487055377,-19.138045979638189],[-62.503204330315555,-19.138846969811762],[-62.502121659886647,-19.139608170380715],[-62.500744970503931,-19.141028170213808],[-62.499142259907345,-19.14367441993846],[-62.499405290022075,-19.148117120308829],[-62.499399920170163,-19.149898109809897],[-62.499461010217431,-19.150120989691864],[-62.500359170339372,-19.151638049756155],[-62.500434170200755,-19.153982870113325],[-62.501390900469616,-19.154480220385839],[-62.501652819921667,-19.155968129825276],[-62.502332909735962,-19.15636681997271],[-62.502486459982087,-19.157534780305809],[-62.502408889858309,-19.158461199824444],[-62.502436230147843,-19.160660960434921],[-62.495770080125048,-19.160678419873133],[-62.472977177015991,-19.160736274161003],[-62.450184333262712,-19.160791299776996],[-62.439726629780111,-19.160815599760092],[-62.438773729723827,-19.198296550245569],[-62.418295023300089,-19.198825374043825],[-62.397816252927647,-19.199351907358334],[-62.377337421514312,-19.199876150001607],[-62.35685853196803,-19.200398101787535],[-62.336379587196888,-19.200917762531432],[-62.315900590109074,-19.201435132049994],[-62.295421543612903,-19.201950210161325],[-62.27494245061677,-19.202462996684936],[-62.2743425187724,-19.312128490231689],[-62.27373914195605,-19.42179264966823],[-62.273033136092693,-19.549317790682927],[-62.300693501917316,-19.550551018890452],[-62.328354432688542,-19.551780023088085],[-62.328394000109206,-19.54221635212506],[-62.359174718257478,-19.541672543454652],[-62.377611426177019,-19.54134430413853],[-62.396048116901994,-19.541014181288229],[-62.396123508659528,-19.54101282747455],[-62.396033395493447,-19.550407683701778],[-62.396161745184621,-19.550385862713306],[-62.409288018918083,-19.548153723139656],[-62.432156893568028,-19.544262403486844],[-62.455024749792294,-19.540368159662815],[-62.456827520366687,-19.559414522685994],[-62.45875908843243,-19.579817316040618],[-62.461872150079607,-19.612690580106118],[-62.461957369836675,-19.61359012968067],[-62.437635632994215,-19.613248355896189],[-62.413314089873325,-19.612903300347],[-62.391999842043965,-19.612598210392395],[-62.370685750047294,-19.612290600330866],[-62.383071212514047,-19.648259348700574],[-62.395461979786475,-19.684227250287325],[-62.414945241212934,-19.684755030513962],[-62.434428690331742,-19.685280699944322],[-62.463858620279048,-19.686070720187555],[-62.476822710000015,-19.686417190301022],[-62.499446030210095,-19.687019579589904],[-62.504409290556289,-19.687151350054702],[-62.506524930381175,-19.684592609761062],[-62.525598100372008,-19.690792570120941],[-62.526760400372154,-19.72298979044642],[-62.526696470265854,-19.726868720215215],[-62.497129919809929,-19.726353200040069],[-62.485502989771128,-19.762360169785946],[-62.485468159927613,-19.762467990405401],[-62.485405510455877,-19.76266195978155],[-62.450893240030958,-19.761930940460491],[-62.462021370090092,-19.793832050009023],[-62.470305379789401,-19.817571490032201],[-62.48454529003304,-19.81744813002712],[-62.505280880021608,-19.817266459593991],[-62.526016480276326,-19.817082380247587],[-62.518572780009784,-19.847669170196003],[-62.518257830234624,-19.848963069789825],[-62.516703739685795,-19.848930240038495],[-62.497059821628319,-19.848514091452468],[-62.477416058829107,-19.848095781227862],[-62.45777245387071,-19.847675309524309],[-62.438129009335476,-19.847252676502674],[-62.418485727805617,-19.846827882325048],[-62.398842611863174,-19.84640092715469],[-62.379199664090009,-19.845971811156105],[-62.35955688706786,-19.845540534494965],[-62.34542139859164,-19.845416997701307],[-62.345241482040443,-19.905732958395408],[-62.345424287999947,-19.905733926395264],[-62.345734910343531,-19.905735571257377],[-62.345719940522784,-19.904785949711766],[-62.379224329938829,-19.905083090212369],[-62.407311737055203,-19.905586656819441],[-62.426731200514183,-19.905261202041057],[-62.446150642846604,-19.904933625502316],[-62.465570061553095,-19.904603927304045],[-62.484989454134364,-19.904272107548213],[-62.504408818091214,-19.90393816633798],[-62.523828150924444,-19.903602103777665],[-62.543247450134963,-19.903263919972737],[-62.562666713223734,-19.90292361502981],[-62.566371959099456,-19.902858442925172],[-62.580106719999947,-19.90261618639536],[-62.579622116999978,-19.98180018739335],[-62.601284922811786,-19.982204545468981],[-62.622947889412778,-19.982606259213732],[-62.644611013333112,-19.983005328442903],[-62.666274291102731,-19.983401752973567],[-62.67633463616334,-19.98358495077969],[-62.698409042633045,-19.983984922365952],[-62.720483599895481,-19.984382147510587],[-62.742558304278653,-19.984776626026722],[-62.764633152110385,-19.985168357729432],[-62.765433899015648,-19.985182515798456],[-62.784211812999949,-19.985513492393213],[-62.783340601999932,-20.056644052391448],[-62.812666316225737,-20.056845632734372],[-62.84199214799996,-20.057042349391455],[-62.849940715999928,-20.056422005391397],[-62.849106474999971,-20.129528610389645],[-62.829489480282632,-20.139758890057191],[-62.80986994405751,-20.149986955019365],[-62.790247866553088,-20.16021280166634],[-62.770623247999929,-20.170436426388601],[-62.768098918999954,-20.285342244385721],[-62.764928076999979,-20.285330412385701],[-62.762259846999946,-20.285316152385693],[-62.755806366999913,-20.285281449385707],[-62.74442987599997,-20.285234449385722],[-62.736954938999986,-20.285304549385742],[-62.719197012999963,-20.285244649385735],[-62.702738427999968,-20.285210549385663],[-62.700267524999958,-20.285235940385697],[-62.699120107999931,-20.285215848385675],[-62.698056251999958,-20.285187584385714],[-62.696535362999931,-20.285147167385773],[-62.696547782999971,-20.285677061385659],[-62.69675784999999,-20.31075054338508],[-62.697257552999986,-20.341391995384313],[-62.697998449999943,-20.390872945383048],[-62.698314044999954,-20.413133917382531],[-62.698596915999993,-20.428337140382137],[-62.698775653999959,-20.437942639381887],[-62.698637046999956,-20.448534659381639],[-62.698378054999964,-20.463162420381263],[-62.698363165999979,-20.464003218381215],[-62.698217860999918,-20.46400346938124],[-62.668030500468333,-20.464052928267321],[-62.637843202992904,-20.464097146233357],[-62.607655978020993,-20.464136123271622],[-62.577468834999912,-20.464169859381272],[-62.543311452999902,-20.464207134381276],[-62.519536915105846,-20.464229117813158],[-62.495762443987552,-20.464247850415379],[-62.471988044259945,-20.464263332198453],[-62.448213720537886,-20.464275563175569],[-62.424439477436174,-20.464284543362574],[-62.400665319569519,-20.464290272777959],[-62.3768912515526,-20.464292751442891],[-62.353117277999957,-20.464291979381205],[-62.333645998202407,-20.464290861433241],[-62.314174786913178,-20.464287562939464],[-62.294703646667351,-20.464282083916252],[-62.275232579999951,-20.464274424381216],[-62.244777389787593,-20.464264379184293],[-62.214322392999961,-20.464248999381226],[-62.202308956999964,-20.46406859338127],[-62.194603089999987,-20.463900875381249],[-62.194583187979553,-20.463900441758717],[-62.193524520999972,-20.463877372381241],[-62.193208891999966,-20.463870493381219],[-62.192870668999902,-20.463863121381237],[-62.192842889999937,-20.463862516381205],[-62.19284255999996,-20.463862503381257],[-62.192842484999971,-20.463862399381266],[-62.19282635799992,-20.463840219381222],[-62.192793839999972,-20.463795489381233],[-62.19275964099991,-20.463748445381217],[-62.192690036999991,-20.463652702381257],[-62.192623480999927,-20.463561152381246],[-62.192590509999945,-20.463515800381252],[-62.192541580999936,-20.463448495381254],[-62.19247487899996,-20.463356744381251],[-62.192178848999959,-20.46294953938126],[-62.18993592299995,-20.459864196381336],[-62.185496812999965,-20.453757368381506],[-62.178151228999965,-20.443650868381756],[-62.169256077999933,-20.431410245382029],[-62.16546566899995,-20.42619355238217],[-62.157765954999917,-20.415595227382443],[-62.15285147999996,-20.408829750382587],[-62.142048310582318,-20.393955145440007],[-62.131247183999967,-20.379079920383379],[-62.122878271999973,-20.367551965383633],[-62.11378281599994,-20.35502087738395],[-62.102765676680278,-20.339838787738735],[-62.091750655999981,-20.324656058384718],[-62.086461578999945,-20.317363646384933],[-62.074634055999944,-20.301053267385321],[-62.06778862699997,-20.291611419385582],[-62.062282837999987,-20.284016333385722],[-62.060117215999952,-20.281028673385819],[-62.053905391999933,-20.272458169386002],[-62.051501308999946,-20.269140935386105],[-62.048788018999957,-20.265396844386206],[-62.045216166999943,-20.260467687386338],[-62.042003826999952,-20.256034340386439],[-62.040932690999973,-20.254555999386501],[-62.039737163999966,-20.252905938386505],[-62.039389020999977,-20.252425426386505],[-62.038928980999948,-20.251790465386524],[-62.038274304999945,-20.250886851386554],[-62.037827052999937,-20.250269526386564],[-62.037826809999949,-20.250269191386597],[-62.037826897999942,-20.250269192386554],[-62.037827000999968,-20.250269192386572],[-62.037827162999982,-20.250269193386568],[-62.037827214999929,-20.250269193386558],[-62.03782976699992,-20.250269201386608],[-62.037832152999933,-20.250269213386556],[-62.037836370999962,-20.250269237386554],[-62.037898393999967,-20.250269563386581],[-62.038497657999976,-20.250272641386577],[-62.039200549999961,-20.250273164386574],[-62.039285595091719,-20.250273840820949],[-62.040291360999952,-20.250281837386609],[-62.043854021999927,-20.250301166386617],[-62.038357210195862,-20.248994639641854],[-62.038198525941169,-20.248956919426231],[-62.023728052214366,-20.228992465366311],[-62.009261210568965,-20.209026926008153],[-61.994797995379152,-20.189060305229887],[-61.980338401022017,-20.169092606908091],[-61.965882421877538,-20.149123834917852],[-61.951430052328526,-20.129153993132743],[-61.936981286760712,-20.109183085424803],[-61.9225361195627,-20.08921111566459],[-61.912782344229754,-20.065566544560323],[-61.902265891368643,-20.040102070808661],[-61.891752645985676,-20.014637059056128],[-61.881242600687678,-19.989171511967452],[-61.87073574808791,-19.963705432205998],[-61.860232080806121,-19.938238822433767],[-61.849731591468505,-19.912771685311419],[-61.839234272707657,-19.88730402349826],[-61.828740117162617,-19.861835839652247],[-61.815844008993793,-19.830476952948967],[-61.802880788750905,-19.798961099166],[-61.789922367623134,-19.767444461792412],[-61.781230655670178,-19.746309215597751],[-61.771014362981759,-19.721470557488072],[-61.760801032841364,-19.696631419404405],[-61.749900201959633,-19.670128712992369],[-61.739002729991967,-19.643625465242952],[-61.736900677618252,-19.638514129214254],[-61.735212552682796,-19.63440906237955],[-61.73521111090399,-19.634405556271346],[-61.732320582828606,-19.633959570777513],[-61.729558687483419,-19.62725922583256],[-61.695768885289077,-19.62242336868734],[-61.661981502369514,-19.617581281410708],[-61.62819655088412,-19.612732969221849],[-61.594414042984567,-19.607878437349495],[-61.56063399081485,-19.603017691031901],[-61.526856406511143,-19.598150735516835],[-61.493081302201915,-19.593277576061556],[-61.459308690007781,-19.588398217932799],[-61.425538582041597,-19.583512666406776],[-61.391770990408311,-19.578620926769126],[-61.358005927205092,-19.573723004314921],[-61.32424340452117,-19.568818904348639],[-61.29048343443791,-19.563908632184166],[-61.256726029028727,-19.558992193144743],[-61.222971200359105,-19.554069592563007],[-61.189218960486571,-19.549140835780911],[-61.170980832869454,-19.546190456214546],[-61.152743529699457,-19.54323828637229],[-61.134507052841514,-19.540284327187226],[-61.116271404159889,-19.537328579593176],[-61.098036585518038,-19.534371044524782],[-61.079802598778727,-19.531411722917429],[-61.061569445803926,-19.528450615707296],[-61.043337128454873,-19.525487723831304],[-61.025105648592081,-19.522523048227178],[-61.006875008075319,-19.519556589833403],[-60.988645208763565,-19.51658834958922],[-60.970416252515086,-19.513618328434664],[-60.952188141187364,-19.510646527310524],[-60.933960876637187,-19.507672947158341],[-60.915734460720508,-19.504697588920447],[-60.897508895292603,-19.501720453539932],[-60.879284182207954,-19.498741541960666],[-60.861060323320302,-19.49576085512723],[-60.842837320482616,-19.492778393985027],[-60.824615175547123,-19.489794159480191],[-60.8063938903653,-19.486808152559632],[-60.788173466787832,-19.483820374171003],[-60.769953906664696,-19.480830825262732],[-60.751735211845045,-19.477839506783997],[-60.733517384177347,-19.474846419684742],[-60.715300425509213,-19.471851564915664],[-60.697084337687606,-19.468854943428209],[-60.678869122558616,-19.465856556174572],[-60.660654781967629,-19.46285640410774],[-60.642441317759285,-19.459854488181414],[-60.624228731777372,-19.456850809350048],[-60.606017025865007,-19.453845368568874],[-60.575620493055112,-19.445952616591477],[-60.545227469559997,-19.438055075167838],[-60.514837962597184,-19.430152751186117],[-60.484451979375834,-19.422245651539253],[-60.454069527096763,-19.414333783124896],[-60.423690612952434,-19.406417152845428],[-60.393315244126946,-19.398495767607951],[-60.362943427796033,-19.39056963432423],[-60.332575171127054,-19.382638759910716],[-60.302210481279012,-19.3747031512885],[-60.271849365402552,-19.366762815383321],[-60.241491830639902,-19.358817759125543],[-60.211137884124952,-19.350867989450133],[-60.180787532983175,-19.342913513296633],[-60.150440784331671,-19.334954337609176],[-60.120097645279195,-19.326990469336433],[-60.120130261004206,-19.33162297165121],[-60.12013254603648,-19.331697796216112],[-60.102333866373719,-19.327076971130996],[-60.08453642192719,-19.322454533107386],[-60.066740214138441,-19.317830483534838],[-60.048945244448021,-19.313204823803453],[-60.031151514295516,-19.308577555303877],[-60.013359025119492,-19.303948679427251],[-59.995567778357568,-19.299318197565299],[-59.977777775446313,-19.294686111110234],[-59.947912698573418,-19.294526754007247],[-59.91804842412062,-19.294362508553494],[-59.888184961111406,-19.294193375125086],[-59.858322318567964,-19.294019354104499],[-59.828460505511266,-19.293840445880491],[-59.798599530960935,-19.293656650848167],[-59.768739403935342,-19.293467969408951],[-59.738880133451502,-19.293274401970603],[-59.709021728525144,-19.29307594894718],[-59.679164198170611,-19.292872610759073],[-59.649307551400895,-19.292664387832961],[-59.619451797227619,-19.292451280601902],[-59.589596944661011,-19.292233289505205],[-59.559743002709865,-19.292010414988511],[-59.529889980381611,-19.291782657503784],[-59.500037886682165,-19.291550017509284],[-59.500037870990631,-19.291537020270741],[-59.474547262561686,-19.291336212928254],[-59.449057342912837,-19.291131845895464],[-59.423568117649268,-19.290923919467627],[-59.398079592375403,-19.290712433943327],[-59.372591772694854,-19.29049738962453],[-59.34710466421042,-19.290278786816504],[-59.321618272524091,-19.290056625827905],[-59.296132603237027,-19.289830906970735],[-59.267728751402899,-19.289573408309316],[-59.23932581223572,-19.289311491027117],[-59.210923793486366,-19.289045155572051],[-59.182522702904393,-19.288774402397202],[-59.154122548238057,-19.288499231960788],[-59.12572333723427,-19.288219644726198],[-59.097325077638558,-19.287935641161987],[-59.068927777195135,-19.287647221741842],[-59.064197678679854,-19.290429165673395],[-59.038832037578956,-19.305371665339528],[-59.013462198271711,-19.320309785263781],[-58.988088160236181,-19.335243516837615],[-58.962709922956925,-19.350172851453962],[-58.937327485925131,-19.365097780507291],[-58.911940848638523,-19.38001829539358],[-58.886550010601432,-19.3949343875103],[-58.861154971324822,-19.409846048256501],[-58.835159992821325,-19.425107330706791],[-58.809160611077353,-19.440363952989415],[-58.783156825586289,-19.455615905886216],[-58.7571486358488,-19.470863180180775],[-58.731136041372885,-19.486105766658412],[-58.705119041673889,-19.501343656106176],[-58.679097636274534,-19.516576839312926],[-58.653071824704895,-19.531805307069241],[-58.635802564002638,-19.541903050648006],[-58.618531364233519,-19.551998712031217],[-58.601258225266861,-19.562092288531616],[-58.583983146973402,-19.572183777462246],[-58.566706129225352,-19.582273176136567],[-58.54942717189634,-19.592360481868347],[-58.532146274861461,-19.602445691971742],[-58.514863437997214,-19.612528803761222],[-58.497319677882096,-19.622780614076749],[-58.479773914251197,-19.633030256274566],[-58.462226146972093,-19.643277727542173],[-58.44467637591395,-19.653523025067486],[-58.427762576212118,-19.663378155529902],[-58.410846919259363,-19.673231262952964],[-58.393929404948494,-19.683082344825358],[-58.377010033173633,-19.692931398636084],[-58.360088803830287,-19.702778421874509],[-58.34316571681525,-19.712623412030325],[-58.326240772026701,-19.722466366593583],[-58.30931396936414,-19.732307283054645],[-58.293053162465732,-19.741772916373002],[-58.276790637777637,-19.751236664040785],[-58.255966196616306,-19.761515940352638],[-58.235139477904553,-19.771792218935722],[-58.216876351595374,-19.784726124974441],[-58.198610449280274,-19.797657527599441],[-58.180341769724606,-19.810586422951197],[-58.162070311695516,-19.823512807170289],[-58.165289389093978,-19.82654348649265],[-58.164238167957024,-19.827310162134197],[-58.165491764433341,-19.828355863232442],[-58.16609526888152,-19.828942368695316],[-58.166443780456049,-19.829273548535411],[-58.166691331439779,-19.82950878869956],[-58.167120057144857,-19.830176957100829],[-58.167416860399726,-19.830792297526425],[-58.167625833165644,-19.831061358494878],[-58.167835292464758,-19.831331044492057],[-58.169625670887974,-19.832606512480535],[-58.170830607746325,-19.833294012708439],[-58.171780828722191,-19.833693423212871],[-58.172888923884663,-19.834091800396209],[-58.173586306762601,-19.834354825115039],[-58.174490199163294,-19.835205816695058],[-58.174796631459337,-19.835875705499348],[-58.174590363854186,-19.837011359486606],[-58.176018650939966,-19.841241966443526],[-58.176621571728106,-19.842196532044266],[-58.178115493135472,-19.844561759817324],[-58.182903559251827,-19.847471503706906],[-58.187594432037372,-19.849651922598127],[-58.187894652716011,-19.849791472198653],[-58.192065718258277,-19.853293345911126],[-58.193412822643609,-19.855383963898756],[-58.195211024269327,-19.858174653737262],[-58.196050681693571,-19.85966546259095],[-58.197521631717905,-19.862277128886308],[-58.201893108480114,-19.86479692763605],[-58.202131392849473,-19.86891329281417],[-58.203832394849087,-19.874588527538481],[-58.204069278974018,-19.878508798242411],[-58.20367694433547,-19.881452852167335],[-58.205145666739085,-19.883796042053621],[-58.204756309755858,-19.887132262443913],[-58.204384732369483,-19.892821481626012],[-58.204836395283387,-19.897720755208628],[-58.202384370342351,-19.902443571913285],[-58.200332036494267,-19.905202732420083],[-58.199747067972801,-19.910109007224833],[-58.19831802545643,-19.913060037190917],[-58.198374151246014,-19.920511194635885],[-58.197165618898161,-19.925225565807178],[-58.195943742409696,-19.928175184736919],[-58.199289238407566,-19.931878406763005],[-58.20034667925578,-19.934616564502793],[-58.202032138272486,-19.938134836453493],[-58.204542631736999,-19.941059216809371],[-58.207469421376622,-19.944176821003449],[-58.211239231904983,-19.949053448757585],[-58.213123475268112,-19.951393686169627],[-58.213141455413769,-19.953746660679816],[-58.210051839920425,-19.956513022957601],[-58.204886857142682,-19.959097343567525],[-58.200760090405808,-19.961870592853526],[-58.197239052140503,-19.962482652552357],[-58.194323899728147,-19.96093355324086],[-58.192047137365478,-19.961537135030703],[-58.190408681415462,-19.964293425800911],[-58.187736166990476,-19.967448808715513],[-58.186322139555031,-19.969796170556762],[-58.186219651915323,-19.969849767452782],[-58.186153328713083,-19.970076405601613],[-58.185482729444331,-19.971189637691566],[-58.182858274789503,-19.98081569219039],[-58.18268037899626,-19.981944158795852],[-58.180372891295846,-19.989829299382613],[-58.179821614975538,-19.990836640798307],[-58.177601213125442,-19.999087289246972],[-58.177474684808836,-19.999733042945525],[-58.168100250725949,-20.03176733129725],[-58.157386502185261,-20.039376797301312],[-58.157642129980275,-20.042988263297683],[-58.156785939419514,-20.043864095051891],[-58.157813606412788,-20.04541084443483],[-58.159585125153349,-20.070438526416808],[-58.156829102381153,-20.075186123041078],[-58.152822618169232,-20.075426289691428],[-58.154001503466567,-20.080038625582056],[-58.154004335431665,-20.080052138795125],[-58.144567227151398,-20.096311132921038],[-58.135127885843197,-20.112569196711028],[-58.13570201303741,-20.125026969019359],[-58.142034338314019,-20.128688501173365],[-58.142408197280417,-20.130583931203418],[-58.143001871239335,-20.133618903889257],[-58.143383344765475,-20.13637696002866],[-58.14544160964256,-20.139742207836601],[-58.151711439231512,-20.142565151860186],[-58.156761117231717,-20.144001593998329],[-58.159357131726196,-20.145367056244591],[-58.162446388390102,-20.148469278434401],[-58.164299255306325,-20.149829291688423],[-58.167215901492625,-20.152722635541124],[-58.168458908451825,-20.156297658310226],[-58.169337736747124,-20.161654532130918],[-58.163561781550911,-20.161433557912346],[-58.16228488993567,-20.1602139728965],[-58.155630818707245,-20.155151388725596],[-58.152044594882106,-20.152704051950359],[-58.150902294904938,-20.152450781278485],[-58.148345399120828,-20.152319021605539],[-58.144455083934929,-20.151895452613012],[-58.144173727435536,-20.151864819006146],[-58.142566020205606,-20.151884623876228],[-58.140472392187107,-20.151977239657803],[-58.138854856266548,-20.152435692453196],[-58.137605639488626,-20.152578460727334],[-58.136285039922605,-20.152614153020679],[-58.134785977990461,-20.152507077039946],[-58.133358300644979,-20.152292925977694],[-58.131323862406305,-20.151686162386429],[-58.129656735170158,-20.15077260677031],[-58.128602901502681,-20.150497027515769],[-58.127394933929004,-20.150223098517131],[-58.125602074276294,-20.149794916002509],[-58.123999242271154,-20.149423837739899],[-58.122990635509382,-20.149036924214602],[-58.121294434990148,-20.148866501787587],[-58.119759681663936,-20.148295430489668],[-58.118224930136357,-20.14729605706729],[-58.116511718940615,-20.146225299957564],[-58.114905581927012,-20.144904698592931],[-58.113584979663024,-20.14347702214679],[-58.112442838865888,-20.141549658989508],[-58.110979471925006,-20.138872764866161],[-58.109872915502592,-20.135673111924497],[-58.108952492663377,-20.133228844535491],[-58.108807012933269,-20.132842507475679],[-58.10814564880264,-20.131083556760704],[-58.106874900456255,-20.128986104824826],[-58.106410905139086,-20.127879654522413],[-58.105875527933193,-20.126880281999373],[-58.104769076731479,-20.12538122096651],[-58.102877405867545,-20.123346781828428],[-58.102647433931914,-20.122745369203358],[-58.101699572777022,-20.121919106281656],[-58.100628814767944,-20.12042004524886],[-58.100093436662739,-20.119063752490135],[-58.099058370947013,-20.11652962574157],[-58.097489152902028,-20.113552119734486],[-58.096678718947651,-20.112445155919133],[-58.096203018954093,-20.111711217398675],[-58.095653078127,-20.111128928856946],[-58.094474911388026,-20.109712024490296],[-58.092541929266588,-20.108341065587627],[-58.091755909207777,-20.108086441436058],[-58.090635078745819,-20.107642340021918],[-58.088672024194494,-20.107142652411422],[-58.088074459768421,-20.107028051803116],[-58.086066513758553,-20.106642965700246],[-58.084646764836293,-20.106502743406846],[-58.083187863928728,-20.106286077840188],[-58.082268326921735,-20.106111373740866],[-58.079722592623497,-20.105695224155212],[-58.077553744409734,-20.105359538711692],[-58.076228154505706,-20.105172006682725],[-58.074853527268417,-20.105048928165441],[-58.073610036473951,-20.105215290153467],[-58.072146666835181,-20.105250979748853],[-58.070790374975779,-20.105358055729639],[-58.069648233279281,-20.105536517196484],[-58.068291939621304,-20.105750668258672],[-58.066971339155948,-20.106250354969873],[-58.065964661439914,-20.106703359672284],[-58.065726536250608,-20.106810515692693],[-58.050468407291127,-20.100013307468135],[-58.040785017627336,-20.079027914320807],[-58.031103686086226,-20.058042501560173],[-58.006930885850878,-20.055557439762445],[-57.982759633050577,-20.053069212873815],[-57.968569973325529,-20.036714589106953],[-57.968211810226805,-20.035366212180914],[-57.967069669429634,-20.03272500945155],[-57.965963220925858,-20.030476419251318],[-57.964928154310819,-20.028656131175449],[-57.963928780888466,-20.027585374065712],[-57.961394655938591,-20.025265400178057],[-57.958432226166281,-20.023123885059196],[-57.95625501875405,-20.021874668281257],[-57.955300989149301,-20.021421113193743],[-57.95342247266894,-20.019255984575974],[-57.949872859344943,-20.019413391115048],[-57.949509247253893,-20.019304850138656],[-57.947997084897494,-20.019043129436863],[-57.947653266884736,-20.018983623095664],[-57.944420697856842,-20.018309009253286],[-57.941750160141723,-20.018309009253297],[-57.937778590309676,-20.018925286772507],[-57.935043020818739,-20.02007101586462],[-57.931433735678304,-20.020231068209156],[-57.91558153673045,-20.028136765304275],[-57.899727991253769,-20.036040683031047],[-57.898505499629039,-20.033724383773233],[-57.895935682385826,-20.029298586160781],[-57.894543698233072,-20.026621692037388],[-57.894058574243765,-20.02579871343983],[-57.893411564192313,-20.024606348204387],[-57.892627001934557,-20.023186258439008],[-57.892091461951395,-20.022317180593326],[-57.891129367226483,-20.021056726786476],[-57.888226228857313,-20.018234092129596],[-57.884871189253928,-20.014736285151386],[-57.881551840145264,-20.011095708999729],[-57.879946029585518,-20.009409607867038],[-57.869742612677776,-19.990423301279989],[-57.859541242434361,-19.971436917979357],[-57.860615943970565,-19.970667104603137],[-57.86137563098054,-19.970125860220207],[-57.862138426946792,-19.969579154254518],[-57.862834851147397,-19.969077481840245],[-57.863635978917259,-19.968460794230221],[-57.86437947363374,-19.967885337838023],[-57.865112225948444,-19.967318914236444],[-57.86585249839402,-19.966749269263346],[-57.866595992211217,-19.96617381287113],[-57.867336264656828,-19.965604167897983],[-57.868281498892017,-19.964856381616698],[-57.868793118707394,-19.964442035171711],[-57.869539643239868,-19.963880802457023],[-57.87028269638926,-19.963318346664305],[-57.871771676921298,-19.962190416054785],[-57.872493985409044,-19.961606955696439],[-57.873839998916743,-19.960279998822831],[-57.874569999305983,-19.959699999055651],[-57.875309999257013,-19.959129998850294],[-57.876049999208071,-19.95855999774567],[-57.876415685135726,-19.958269452872905],[-57.876779998697948,-19.957979998877818],[-57.877520000447618,-19.957409998672453],[-57.878259999499342,-19.95683999846711],[-57.878989998989198,-19.956259998699913],[-57.879729999839583,-19.955689998494552],[-57.880469998891272,-19.955119999188586],[-57.88119999928049,-19.954539998522076],[-57.881939999231527,-19.953969999216039],[-57.882679999182585,-19.953389998549529],[-57.883409998672448,-19.952819999243498],[-57.884149998623514,-19.952249999038177],[-57.884889999473828,-19.951669999271012],[-57.885619998963755,-19.951099999065661],[-57.886359998914763,-19.950529998860308],[-57.887099998865835,-19.949949999093121],[-57.887829999255004,-19.949379998887807],[-57.888569999206076,-19.94880999868246],[-57.889309999157085,-19.948229998915281],[-57.890039998646948,-19.947659998709916],[-57.890779999497326,-19.947089998504573],[-57.891519999448342,-19.946509998737376],[-57.892249998938269,-19.945939998532069],[-57.892989998889263,-19.945359998764896],[-57.89372999884035,-19.944789998559539],[-57.894459999229518,-19.944219999253502],[-57.895199999180576,-19.943639998586999],[-57.895939999131585,-19.943069999281022],[-57.896669998621505,-19.942499999075661],[-57.897409999471833,-19.941919998409151],[-57.89814999942292,-19.941349999103117],[-57.898879998912783,-19.940779998897767],[-57.899619998863848,-19.940199999130584],[-57.900359998814835,-19.939629998925284],[-57.901089999204032,-19.93904999915809],[-57.901830000054431,-19.938479998952733],[-57.902570000005468,-19.937909998747383],[-57.903299999495339,-19.937329998980189],[-57.904040000345667,-19.936759998774907],[-57.904779999397405,-19.936189998569535],[-57.905509998887283,-19.935609998802352],[-57.906249999737675,-19.935039998597006],[-57.906398111783396,-19.934925912400878],[-57.906989998789342,-19.934469998391638],[-57.907719999178589,-19.933889997725156],[-57.908459999129583,-19.933319998419154],[-57.90919999997999,-19.932739998651979],[-57.909929999469838,-19.932169998446625],[-57.910669999420925,-19.931599999140573],[-57.911409999371919,-19.931019998474074],[-57.91213999886179,-19.930449999168111],[-57.912879998812841,-19.929879998962754],[-57.913619998763856,-19.929299999195539],[-57.914349999153103,-19.928729998990214],[-57.915090000003431,-19.928159998784835],[-57.915829999954504,-19.927579999017727],[-57.916559999444367,-19.92700999881237],[-57.917299999395411,-19.92642999904518],[-57.918029998885274,-19.925859998839822],[-57.918769998836332,-19.925289997735149],[-57.919509998787362,-19.924709998867272],[-57.920239999176594,-19.924139998661971],[-57.920979999127617,-19.923569998456632],[-57.921719999977995,-19.922989998689438],[-57.922449999467844,-19.922419998484092],[-57.923189999418931,-19.921839998716898],[-57.923929999369932,-19.921269998511601],[-57.924659998859788,-19.920699999205567],[-57.925399998810853,-19.920119998539054],[-57.926139998761862,-19.91954999923303],[-57.926869999151108,-19.918979999027677],[-57.927610000001437,-19.91839999926048],[-57.928339999491335,-19.917829999055179],[-57.929079999442358,-19.917249999288007],[-57.929819999393423,-19.916679999082646],[-57.930549998883279,-19.916109998877278],[-57.931289998834359,-19.91552999911011],[-57.932029998785367,-19.914959998904791],[-57.9327599991746,-19.914389998699455],[-57.933499999125623,-19.913809998932251],[-57.934239999975986,-19.91323999872689],[-57.934969999465849,-19.912659998959718],[-57.935709999416858,-19.912089998754382],[-57.936439998906792,-19.911519998549071],[-57.9371799988578,-19.910939998781892],[-57.937919998808873,-19.91036999857652],[-57.938649999198041,-19.90979999927049],[-57.939389999149114,-19.909219998603984],[-57.940129999999442,-19.908649998398683],[-57.940859999489369,-19.908069997732177],[-57.941599999440363,-19.907499998426147],[-57.942339999391429,-19.906929999120109],[-57.943069998881285,-19.906349998453603],[-57.943809998832364,-19.905779999147555],[-57.944539999221547,-19.905209998942269],[-57.945279999172541,-19.904629999175086],[-57.946019999123635,-19.904059998969725],[-57.946749999512811,-19.903479999202542],[-57.947490000363189,-19.902909998997188],[-57.94822999941487,-19.902339998791877],[-57.94895999890479,-19.901759999024712],[-57.949699998855806,-19.901189998819341],[-57.950429999245031,-19.900609999052161],[-57.951169999196047,-19.900039998846804],[-57.951909999147134,-19.899469997742123],[-57.952639998636982,-19.898889998874303],[-57.95338000038668,-19.898319998668963],[-57.954119999438369,-19.897749998463599],[-57.954849998928239,-19.89716999869643],[-57.955589998879297,-19.896599998491055],[-57.95631999926848,-19.896019998723933],[-57.957060000118858,-19.895449998518576],[-57.957799999170547,-19.894879999212534],[-57.958529998660488,-19.894299998546042],[-57.959269999510816,-19.893729999239994],[-57.95999999990002,-19.893149998573509],[-57.960739999851057,-19.892579999267529],[-57.961479998902803,-19.892009999062171],[-57.962209999291979,-19.891429998395658],[-57.962950000142364,-19.890859999089631],[-57.963689999194052,-19.890289998884256],[-57.964419998683979,-19.889709999117144],[-57.965159998634988,-19.889139998911787],[-57.96588999992349,-19.888559999144608],[-57.966629999874549,-19.887989998939243],[-57.967369998926245,-19.887419998733893],[-57.96809999931547,-19.8868399989667],[-57.968839999266471,-19.886269998761385],[-57.969569998756413,-19.885689998994224],[-57.970310000506046,-19.885119998788866],[-57.971049998658494,-19.884549998583509],[-57.971779999946982,-19.88396999881633],[-57.972519999898068,-19.883399998611015],[-57.973249999387903,-19.882819998843836],[-57.973990000238295,-19.882249998638478],[-57.974729999289991,-19.881679998433118],[-57.975459998779854,-19.881099998665935],[-57.976199998730912,-19.880529998460592],[-57.976929999120081,-19.879949998693455],[-57.977669999970466,-19.879379998488112],[-57.978409999921496,-19.87880999918206],[-57.979139999411423,-19.878229998515554],[-57.979879999362431,-19.877659999209524],[-57.980619999313475,-19.877079998543081],[-57.981349998803346,-19.876509999237033],[-57.982089998754418,-19.875939999031679],[-57.982819999143587,-19.875359999264507],[-57.983559999993965,-19.874789999059157],[-57.984299999945002,-19.874209998392644],[-57.985029999434865,-19.873639999086656],[-57.985769999385909,-19.873069998881299],[-57.986499998875786,-19.872489999114126],[-57.987239999726178,-19.871919998908762],[-57.987979998777845,-19.871349998703398],[-57.988709999167085,-19.870769998936272],[-57.989449999118101,-19.870199998730918],[-57.990179999507333,-19.869619998963749],[-57.990919999458356,-19.869049998758374],[-57.991649998948269,-19.868479998553031],[-57.992389998899277,-19.867899998785838],[-57.99312999885035,-19.86732999858053],[-57.993859999239532,-19.866749998813368],[-57.994599999190598,-19.866179998608004],[-57.995329998680454,-19.865599998840818],[-57.996070000430102,-19.86502999863546],[-57.996809999481847,-19.864459998430149],[-57.997539998971725,-19.863879998662988],[-57.998279998922769,-19.863309998457609],[-57.999009999311966,-19.862729998690433],[-57.999750000162344,-19.862159998485087],[-58.000489999214039,-19.861589999179042],[-58.001219998703959,-19.861009998512593],[-58.001959998654961,-19.860439999206552],[-58.00268999994352,-19.859859998540063],[-58.003429999894522,-19.859289999234008],[-58.004159999384399,-19.858719999028658],[-58.004899999335457,-19.858139999261528],[-58.00563999928648,-19.857569999056178],[-58.006369998776378,-19.856989999288988],[-58.007109998727387,-19.856419999083634],[-58.007839999116648,-19.855849998878277],[-58.008579999966976,-19.855269999111108],[-58.00931999991802,-19.854699998905804],[-58.010049999407883,-19.854119999138604],[-58.010789999358963,-19.853549998933254],[-58.011519998848826,-19.852979998727886],[-58.012259998799884,-19.852399998960703],[-58.012989999189053,-19.851829998755417],[-58.013729999140075,-19.851249998988251],[-58.014469999990467,-19.850679998782862],[-58.01519999948033,-19.850109998577523],[-58.015939999431396,-19.849529998810329],[-58.016669998921252,-19.848959998604972],[-58.017409998872317,-19.848379998837856],[-58.01814999882334,-19.847809997733197],[-58.018879999212572,-19.847229998865316],[-58.019163269469288,-19.847011804451135],[-58.019619999163552,-19.846659998659948],[-58.020349998653494,-19.846089998454588],[-58.021089999503836,-19.845509998687426],[-58.021819999893019,-19.844939998482108],[-58.022559998944743,-19.84435999871495],[-58.023299998895745,-19.843789998509568],[-58.024029999285005,-19.843219999203534],[-58.024769999236014,-19.842639998537035],[-58.025499998725913,-19.842069999231057],[-58.026239998676949,-19.841489998564537],[-58.026969999965502,-19.840919999258514],[-58.027709999916496,-19.840339998592025],[-58.028439999406423,-19.839769999285977],[-58.029179999357446,-19.839199999080616],[-58.02991999930849,-19.838619998414167],[-58.030649998798353,-19.838049999108126],[-58.031389998749368,-19.83746999844162],[-58.032119999138615,-19.836899999135579],[-58.032859999988929,-19.836329998930236],[-58.03358999947887,-19.835749999163102],[-58.03432999942985,-19.835179998957752],[-58.035069999380937,-19.834599999190566],[-58.0357999988708,-19.834029998985216],[-58.036539998821866,-19.833449999218022],[-58.037269999211041,-19.832879999012675],[-58.038009999162114,-19.832309998807357],[-58.038739998651963,-19.831729999040192],[-58.039479999502362,-19.831159998834828],[-58.040219999453356,-19.830579999067631],[-58.040949998943233,-19.830009998862295],[-58.041689998894292,-19.829439998656987],[-58.042419999283474,-19.828859998889797],[-58.043159999234547,-19.828289998684433],[-58.04388999872441,-19.827709998917268],[-58.044629998675468,-19.827139998711907],[-58.045359999963985,-19.82655999894472],[-58.046099999915029,-19.825989998739413],[-58.046839998966711,-19.825419998534063],[-58.047221664947813,-19.825116757931983],[-58.047569999355972,-19.824839998766873],[-58.048309999306966,-19.824269998561515],[-58.048800697294304,-19.823880129864044],[-58.049039998796843,-19.823689998794336],[-58.049549042054593,-19.823297898878877],[-58.049779998747915,-19.823119998588982],[-58.04988857299918,-19.823033734719029],[-58.05050999913707,-19.822539998821867],[-58.051249999987476,-19.821969998616513],[-58.051979999477325,-19.821399998411142],[-58.052719999428398,-19.820819997744636],[-58.053449998918275,-19.820249998438623],[-58.054189998869333,-19.819669998671433],[-58.05492999882032,-19.819099998466129],[-58.055659999209581,-19.818519998698942],[-58.056399999160575,-19.817949998493582],[-58.057129998650439,-19.817379999187555],[-58.057869999500817,-19.816799998521038],[-58.058757115948069,-19.816397200270544],[-58.059482547781322,-19.815810843195834],[-58.060214847736972,-19.815252384889607],[-58.06094230394411,-19.814657455477111],[-58.061699103230971,-19.814116857706786],[-58.062387525264064,-19.813495000793566],[-58.063124093402166,-19.812910691475157],[-58.063849917339773,-19.812335449121623],[-58.064619487898995,-19.8117908520661],[-58.065343737123705,-19.811213709445095],[-58.066161144421223,-19.810561604734225],[-58.066804297280427,-19.81005468567513],[-58.067539570394828,-19.809478703179522],[-58.068270648171847,-19.808900066784574],[-58.069005922185504,-19.808324084289033],[-58.069736999962508,-19.807745447894035],[-58.070546440166027,-19.807110763950561],[-58.071201399325091,-19.80658555897633],[-58.072663403792987,-19.805423276063312],[-58.073390296125247,-19.804839428097051],[-58.074121299258529,-19.804258287090249],[-58.074954575992827,-19.803589875872035],[-58.075581391767791,-19.803097751559939],[-58.076312560376316,-19.802519232076865],[-58.0770479252215,-19.8019433619965],[-58.077779092930768,-19.801364840714761],[-58.078514458675244,-19.800788971533791],[-58.07941593819492,-19.800079645659078],[-58.079979912942576,-19.799632245531651],[-58.080704915799195,-19.799056014823165],[-58.081440563930798,-19.798470586748131],[-58.082165567686786,-19.797894356938958],[-58.082901215818417,-19.797308929763226],[-58.08363361200157,-19.796729446206928],[-58.084491829634189,-19.796046394925149],[-58.085096435751893,-19.795570474597692],[-58.08581977396333,-19.794992168253948],[-58.08655423139259,-19.794405267089367],[-58.087094994638271,-19.793974454957095],[-58.08801999862402,-19.793249998888307],[-58.08874999991253,-19.792679998682964],[-58.089489998964254,-19.792099998915763],[-58.090219999353437,-19.791529998710423],[-58.090959999304452,-19.790959998505048],[-58.091689998794365,-19.790379998737922],[-58.092429998745388,-19.789809998532558],[-58.093159999134606,-19.789229998765396],[-58.093899999984934,-19.788659998560032],[-58.094629999474861,-19.788079998792846],[-58.095369999425884,-19.787509998587488],[-58.096099998915811,-19.786929998820362],[-58.096839998866805,-19.786359998615001],[-58.097569999256002,-19.785789998409655],[-58.098309999207046,-19.785209997743141],[-58.099039998696924,-19.784639998437104],[-58.099779998647975,-19.784059998669917],[-58.100519999498317,-19.783489998464631],[-58.101249998988216,-19.782909998697441],[-58.101989998939239,-19.782339998492091],[-58.102719999328485,-19.78175999872489],[-58.10345999927948,-19.781189998519551],[-58.104189998769421,-19.78061999921356],[-58.104929998720415,-19.780039998547061],[-58.105660000008918,-19.779469999241023],[-58.10639999995999,-19.77888999857452],[-58.107129999449853,-19.778319999268483],[-58.107869999400911,-19.777739998601977],[-58.108599998890782,-19.77716999839668],[-58.109339998841826,-19.776589997730184],[-58.110069999231037,-19.776019998424147],[-58.110809999182081,-19.775449999118106],[-58.111539998671958,-19.774869998451603],[-58.112279998623016,-19.774299999145619],[-58.113009999911505,-19.773719998479116],[-58.113749998963208,-19.773149999173086],[-58.114479999352454,-19.772569998506579],[-58.115219999303463,-19.771999999200542],[-58.115949998793361,-19.771419998534036],[-58.116689998744405,-19.770849999228055],[-58.117419999133631,-19.770269998561545],[-58.118159999983959,-19.769699999255529],[-58.118889999473872,-19.769129999050172],[-58.119629999424888,-19.768549999282968],[-58.120359998914736,-19.767979999077632],[-58.121099998865823,-19.767399998411175],[-58.12182999925497,-19.766829999105131],[-58.12256999920605,-19.766249998438635],[-58.123299998695913,-19.76567999913259],[-58.124039998647,-19.765099998466091],[-58.124769999935474,-19.764529999160054],[-58.125509998987226,-19.763949998493612],[-58.126239999376409,-19.76337999918756],[-58.126979999327489,-19.762809998982213],[-58.127709998817345,-19.76222999921503],[-58.12844999876836,-19.761659999009684],[-58.1291799991576,-19.761079999242551],[-58.129920000007914,-19.760509999037179],[-58.130649999497848,-19.759929999270007],[-58.131389999448857,-19.759359999064632],[-58.131213684663742,-19.758512958206431],[-58.130801983124968,-19.757622208498098],[-58.130419712799437,-19.756800346858469],[-58.130004834855185,-19.755876790781183],[-58.129584360429874,-19.755160358463737],[-58.128817565178437,-19.753636084937337],[-58.128385567739706,-19.752713224935349],[-58.127607260266814,-19.751063166831603],[-58.127209202342783,-19.750259851910585],[-58.126917381332014,-19.749522827816175],[-58.126434861779387,-19.748584182913635],[-58.126035750749274,-19.747768889022954],[-58.125628142924434,-19.746952818118022],[-58.125221109766358,-19.746141616142594],[-58.124878394322423,-19.745398779729836],[-58.12443476145507,-19.744489755797538],[-58.124039101123564,-19.74367252027054],[-58.123238548919872,-19.742032789981231],[-58.122896383860954,-19.741327036213697],[-58.122035489845935,-19.739578105744954],[-58.121637040716777,-19.738762286650168],[-58.121149410316995,-19.737770713947256],[-58.120841152397247,-19.737127944199244],[-58.120051038624474,-19.735483229867107],[-58.11965796114594,-19.734654697955875],[-58.11918582516563,-19.733671876555832],[-58.118865463270474,-19.733010189568578],[-58.118472479321447,-19.73219162844082],[-58.118074903433978,-19.731370460178535],[-58.117681920384243,-19.730551899050834],[-58.117312701919623,-19.729789295539479],[-58.116886783897925,-19.728909557130294],[-58.116493811640062,-19.728090990606681],[-58.115698685945567,-19.726448639692933],[-58.11537202789674,-19.725768198243692],[-58.114908169276525,-19.724808894115146],[-58.114512599776596,-19.723981578986631],[-58.113641704401104,-19.722181328705293],[-58.113324547689672,-19.721520644462132],[-58.11252946965925,-19.719878271065323],[-58.112136523481738,-19.719059691951205],[-58.111707861628474,-19.718173972151011],[-58.111332891999346,-19.717421782789014],[-58.110512293007901,-19.715792320958826],[-58.110106708657604,-19.714980292506418],[-58.109731808276301,-19.714231423441376],[-58.109292847386911,-19.713339208737462],[-58.108894836227648,-19.712523164812172],[-58.108492185465934,-19.711704474182117],[-58.108094174306643,-19.710888430256819],[-58.107786587281097,-19.710263026417458],[-58.107293730920901,-19.709249354673943],[-58.106899394391519,-19.708431459943881],[-58.106500452433906,-19.707610945488668],[-58.106106115904481,-19.706793050758623],[-58.105814019701192,-19.706192290142035],[-58.105306615907566,-19.705152599213026],[-58.104911078783232,-19.704335300733486],[-58.104863911140548,-19.704238262086101],[-58.088909451509934,-19.670992845943033],[-58.088682884407532,-19.670464885446037],[-58.088366661192424,-19.669809945172805],[-58.087974560377631,-19.668990954169129],[-58.087577875718353,-19.668169360527543],[-58.087185774903546,-19.667350370423197],[-58.086392407383642,-19.665707184938579],[-58.085997703930843,-19.664879443531433],[-58.08560102017087,-19.664057850789153],[-58.085208919356091,-19.663238859785491],[-58.084415550936903,-19.661595675200189],[-58.084023450122054,-19.660776684196541],[-58.08362676636213,-19.659955090554941],[-58.083234664647996,-19.659136099551276],[-58.082441297128113,-19.657492914965978],[-58.082049196313321,-19.656673923962387],[-58.081649909915356,-19.655843580816573],[-58.081257809999897,-19.655024589812914],[-58.080861125340604,-19.654202997070623],[-58.080469023626492,-19.653384006066972],[-58.079675657005907,-19.651740820582351],[-58.079283555291781,-19.650921829578749],[-58.078886870632516,-19.650100236836408],[-58.078494769817723,-19.6492812458328],[-58.078428868397509,-19.649153726463283],[-58.062566839304814,-19.616117315027662],[-58.046710037068074,-19.583080831160459],[-58.030858443684821,-19.550044282770468],[-58.015012041172724,-19.517007677762095],[-58.02531139290641,-19.507048581826545],[-58.02914459124986,-19.507156353882568],[-58.032977893015286,-19.507264046798305],[-58.039918758044223,-19.503416590603138],[-58.043751953689636,-19.503524126137442],[-58.047597769521403,-19.503227707792451],[-58.051118260998905,-19.499688202848223],[-58.058484380349846,-19.495852069117628],[-58.058158984049825,-19.492609055363566],[-58.058272039622864,-19.48897407209569],[-58.06179215068714,-19.485434425957909],[-58.061905081254444,-19.481799420207039],[-58.065424936011922,-19.478259649962801],[-58.056651265243659,-19.472041011583372],[-58.068844910264374,-19.46420656308236],[-58.072364363024917,-19.460666615671741],[-58.072038759880805,-19.457423485905107],[-58.075670695346275,-19.450248359174399],[-58.079189748807835,-19.4467082714695],[-58.083134419917492,-19.443179924413908],[-58.082821223820361,-19.439532878539474],[-58.086452412848516,-19.432357433448761],[-58.086126752147827,-19.42911428299772],[-58.090070882764955,-19.425585747983853],[-58.093275804834477,-19.418398213306833],[-58.096906253720583,-19.411222335642211],[-58.100023523366865,-19.404916882108346],[-58.102226689709923,-19.404497688317633],[-58.104054104013628,-19.40050579020998],[-58.111402839469399,-19.397071334174711],[-58.114920230084508,-19.393530403805059],[-58.118437541559253,-19.389989464442174],[-58.118549389342824,-19.38635403780852],[-58.122066445410105,-19.382812975238554],[-58.125695084860212,-19.375636435672895],[-58.129211826164813,-19.372095242701207],[-58.13272841278598,-19.368553929220401],[-58.132513581836278,-19.361675194754387],[-58.136029929237793,-19.358133771556254],[-58.136141465855921,-19.354498242399924],[-58.139657654077446,-19.350956791322798],[-58.143285018288907,-19.343779739143599],[-58.15063082735076,-19.340343763253998],[-58.152635540297915,-19.336830692982048],[-58.153832057703248,-19.333154665555298],[-58.161189620904224,-19.329314329292789],[-58.160973802498972,-19.322435284560704],[-58.164599857297546,-19.315257666707911],[-58.159410635991996,-19.312201004172955],[-58.167898721648676,-19.30483650540037],[-58.160985481994366,-19.293967115689785],[-58.156297327859349,-19.289693482468174],[-58.148476488798913,-19.287471595837406],[-58.143990355670304,-19.284557895830179],[-58.152342768703761,-19.27044594472455],[-58.152139675705428,-19.263162567498433],[-58.151497521093667,-19.259397338116631],[-58.149492229882462,-19.254051972020871],[-58.146820323399147,-19.249525658981948],[-58.151333899339903,-19.246894633880217],[-58.159161911393042,-19.242331125780765],[-58.173857246414727,-19.235053174164602],[-58.188453337651367,-19.231006051388125],[-58.203547512107953,-19.224545499874854],[-58.213901460783731,-19.219976290973015],[-58.234376368074884,-19.212613878627565],[-58.242858166571075,-19.205399752796321],[-58.25754745455135,-19.198115670501746],[-58.26489776472004,-19.194271203653088],[-58.272235729895009,-19.190830568375976],[-58.286826262422039,-19.186776417397706],[-58.294163500944741,-19.183335003307715],[-58.305022372184673,-19.175944475457122],[-58.312041814578031,-19.168854667408937],[-58.322899191144693,-19.161463069365137],[-58.333743711003407,-19.154474927875583],[-58.341186386942191,-19.147395444943797],[-58.348215295599353,-19.139900220718559],[-58.35396907890982,-19.132970471310159],[-58.339864600271014,-19.095648244870567],[-58.35301073255917,-19.09271726439021],[-58.356140733008381,-19.087543832481856],[-58.356450289549166,-19.077038196955186],[-58.36028711126113,-19.076736022049708],[-58.363829650517914,-19.071977757667341],[-58.367348346049312,-19.0680274594996],[-58.367467181565132,-19.063986842418789],[-58.367268019503449,-19.056298267550954],[-58.370798118438344,-19.051943808659807],[-58.370916867619314,-19.047903074667083],[-58.370598863746523,-19.044255113282805],[-58.374434951611704,-19.043952660486852],[-58.378377789003714,-19.040013446463316],[-58.382213703299726,-19.039710823695479],[-58.385731443751077,-19.035760192778636],[-58.389673827884778,-19.031820710757117],[-58.393816295885301,-19.035569924112664],[-58.397333620849892,-19.031619082754435],[-58.401287467742399,-19.027275269138325],[-58.404816293237261,-19.022920205902714],[-58.407412780775168,-19.021371173141048],[-58.417196378510027,-19.021224926289264],[-58.418506340894837,-19.020046235245506],[-58.420323430082171,-19.016050202954425],[-58.424949764819758,-19.017789647374272],[-58.428266421358224,-19.02070769110701],[-58.431263968757079,-19.0199777383819],[-58.431853194669145,-19.014331700147814],[-58.435369404474379,-19.010380123144103],[-58.435050224288346,-19.006732177048253],[-58.43846064054609,-19.006417299218924],[-58.438577942717806,-19.002376445616445],[-58.441976509508251,-19.00246561969254],[-58.437886788544404,-19.000037591361718],[-58.460585790368413,-19.000808882134688],[-58.483285643117924,-19.001577415307807],[-58.505986342879119,-19.00234319036343],[-58.528687885737263,-19.003106206785965],[-58.535921498078594,-19.002888619414193],[-58.547013173219334,-19.001556959985685],[-58.562766219785132,-19.000748823799146],[-58.58952844596844,-19.00075062587371],[-58.616291538739674,-19.000748535558458],[-58.643055491630022,-19.000742552606475],[-58.669820298169704,-19.000732676774895],[-58.696585951887926,-19.000718907824901],[-58.723352446312923,-19.000701245521753],[-58.750119774971964,-19.000679689634744],[-58.776887931391357,-19.000654239937241],[-58.803656909096439,-19.000624896206663],[-58.830426701611621,-19.000591658224486],[-58.857197302460378,-19.000554525776256],[-58.883968705165245,-19.000513498651568],[-58.910740903247863,-19.000468576644085],[-58.937513890228935,-19.000419759551541],[-58.96428765962829,-19.000367047175715],[-58.991062204964834,-19.000310439322462],[-58.986413641136004,-18.985330702678773],[-58.986413886272892,-18.985330691263663],[-58.971895347833886,-18.961769447067919],[-58.95738046040168,-18.938207771887907],[-58.942869215991998,-18.91464567038707],[-58.928361606626282,-18.891083147226812],[-58.913857624331783,-18.867520207066548],[-58.899357261141439,-18.843956854563672],[-58.884860509093926,-18.820393094373564],[-58.870367360233644,-18.796828931149605],[-58.881755674645845,-18.780230879987645],[-58.893141551378598,-18.763631681663639],[-58.90452499341005,-18.747031338152166],[-58.915906003717346,-18.730429851427214],[-58.927284585276688,-18.713827223462161],[-58.938660741063252,-18.697223456229796],[-58.9500344740513,-18.680618551702292],[-58.961405787214041,-18.664012511851215],[-58.961577701352709,-18.664036339178484],[-58.961739211910832,-18.664137315281721],[-58.9618154085125,-18.664298370369501],[-58.961551131466813,-18.66467876707074],[-58.961558167687286,-18.664832211119769],[-58.961686269241177,-18.66493984589772],[-58.961880876363814,-18.665042066821311],[-58.962125116116404,-18.665146147894749],[-58.962519565182156,-18.66522423217085],[-58.9627982047353,-18.665297967158715],[-58.962992813787018,-18.665400186147551],[-58.963186115863245,-18.665533995924186],[-58.963376818446484,-18.66573097692218],[-58.963401416108539,-18.665937538886251],[-58.963291226408032,-18.666090912085153],[-58.963070279802842,-18.66622498184319],[-58.962819835947499,-18.666270947150188],[-58.962621310229196,-18.66626349110399],[-58.962392311377222,-18.666191622777781],[-58.9618548422809,-18.665965800988502],[-58.961321513999913,-18.666040680246081],[-58.961098932465973,-18.666214233252205],[-58.960975285869814,-18.66639941054623],[-58.960789599849697,-18.666882806424031],[-58.960729520241181,-18.667133646306478],[-58.960739213183182,-18.667300102174046],[-58.960865684226931,-18.667447219837012],[-58.961057691928779,-18.66761261349771],[-58.961333060532915,-18.667765322447554],[-58.961595154003533,-18.667838445841575],[-58.962008768214559,-18.667853980138478],[-58.962486795059647,-18.667914247309525],[-58.962741851718683,-18.668064118680668],[-58.96291633432061,-18.668252578875684],[-58.963010376668514,-18.668382661061486],[-58.963085911895831,-18.668559494507768],[-58.963144258173294,-18.668751505803794],[-58.963196730452587,-18.66908566765121],[-58.963257024809458,-18.669230298094273],[-58.963434447307854,-18.6693476851677],[-58.963746505231825,-18.669414768804948],[-58.963960929634219,-18.669438634303827],[-58.964647532521887,-18.670065516123184],[-58.964897805446604,-18.670167346668908],[-58.96511604066761,-18.67018023499865],[-58.965302075135419,-18.670089315001192],[-58.965425209602991,-18.669939482214176],[-58.96543915851079,-18.669775768554924],[-58.965391041411422,-18.669637519814604],[-58.965329003842285,-18.669542287244155],[-58.965076652747889,-18.669232272254614],[-58.964950100312116,-18.669040077098703],[-58.96488615507689,-18.668877070272639],[-58.964915536215798,-18.668698338763992],[-58.965069969979105,-18.668563090631213],[-58.965691191912001,-18.668371553662809],[-58.965956292488578,-18.668398892442088],[-58.966206418236176,-18.668485855744361],[-58.96681719542223,-18.668807492713736],[-58.967068437710815,-18.669005984033042],[-58.967303140996968,-18.66910795140063],[-58.967600147349138,-18.669209364211603],[-58.9679125742948,-18.669295757455135],[-58.968458961943512,-18.669409762409636],[-58.968706858014976,-18.669273661954119],[-58.968876053076144,-18.669056481677924],[-58.968967429359559,-18.668847451242392],[-58.969012077190413,-18.668638831305],[-58.968994275119329,-18.668415914693572],[-58.96894590755975,-18.668252768653073],[-58.968959394268367,-18.668044436622537],[-58.969051664812184,-18.667924625893637],[-58.969269672835416,-18.667915205180236],[-58.969394590705328,-18.667943816844247],[-58.96952039144923,-18.6680616425962],[-58.96960007079484,-18.668239381780339],[-58.96971073677414,-18.668401969931299],[-58.969851682344313,-18.66847504218704],[-58.969960715717058,-18.66847405021905],[-58.97010017096494,-18.66839842892637],[-58.970207714025364,-18.668248732564791],[-58.970206373499387,-18.668114896915455],[-58.970251623323222,-18.667965759406123],[-58.970375789164827,-18.667920013636547],[-58.970515980234175,-18.667918737638157],[-58.970672793448685,-18.668021420364674],[-58.970767595101627,-18.668154406139482],[-58.970768787376507,-18.668273365925582],[-58.970739425129011,-18.668452095904364],[-58.970756643502263,-18.668615534549808],[-58.970913260282757,-18.668698511024694],[-58.970975569909648,-18.668697943216475],[-58.971115465701089,-18.668666930565887],[-58.971301492939439,-18.668576007833906],[-58.971457264503663,-18.668574588842098],[-58.971629510101572,-18.668662251669915],[-58.972099945728445,-18.668970280313474],[-58.972320785898084,-18.669243394288571],[-58.972557721256919,-18.669568416301853],[-58.972825667706843,-18.669878285303682],[-58.973092858878061,-18.670113798012558],[-58.97337415141822,-18.670200465020294],[-58.973732427054863,-18.670197199606573],[-58.974011318223376,-18.670045941728777],[-58.974212329370552,-18.669895391459402],[-58.974335308886552,-18.669730674022418],[-58.974380248034386,-18.669551802934446],[-58.974284986296581,-18.669374215634523],[-58.974015757973618,-18.669191544729518],[-58.973936532620712,-18.669058419742996],[-58.973950471285399,-18.668894708062549],[-58.974027307458968,-18.668789897320952],[-58.974183078202266,-18.668788477204028],[-58.974436975362643,-18.668863773691101],[-58.974890725378629,-18.669060405362593],[-58.975624933168888,-18.669261907074684],[-58.975875661262577,-18.669408335964537],[-58.976172672724935,-18.669509732177588],[-58.976437035990777,-18.669462704101399],[-58.976606735397503,-18.669297560235268],[-58.976620146734419,-18.669081797388777],[-58.976555743093549,-18.668874176507813],[-58.976585557275499,-18.668740054519017],[-58.976771582041899,-18.668649125166194],[-58.977204893694179,-18.66836260336413],[-58.977280682545867,-18.668153710261933],[-58.977200932035664,-18.667968535376751],[-58.977074816948871,-18.667820963110138],[-58.976824838989991,-18.667748893079377],[-58.976419239737524,-18.667693112311827],[-58.976059476139312,-18.667547669874004],[-58.97596466917264,-18.66741468817802],[-58.97593157658374,-18.667221658207911],[-58.976037571916912,-18.666918427844625],[-58.976108977786389,-18.666831515962247],[-58.976356263465384,-18.666635925324993],[-58.97660392367758,-18.666477508693429],[-58.977052360746058,-18.666146234418459],[-58.977190906606673,-18.665981374571356],[-58.977251421083295,-18.665802358630682],[-58.977171439795072,-18.665594887520161],[-58.977044962551666,-18.665410141794563],[-58.976871970290318,-18.66524812636375],[-58.976698391525204,-18.665026640083166],[-58.976430895135053,-18.664761387166728],[-58.976286449257614,-18.664338856205102],[-58.976267432244754,-18.663996972734871],[-58.976295453455712,-18.663684404642616],[-58.976449576539544,-18.663519413989835],[-58.976727485887594,-18.663271490070343],[-58.977068373044212,-18.663089913244441],[-58.977486997423313,-18.662892757347112],[-58.977844799963883,-18.662844873245398],[-58.978405779922682,-18.662862054731686],[-58.978702030867645,-18.662889095407422],[-58.97892100216756,-18.662976315496635],[-58.979202273575929,-18.663062974902463],[-58.979640666985809,-18.663282046081857],[-58.980267988404279,-18.663700155653363],[-58.981129192452606,-18.664138433490994],[-58.981910939383468,-18.66442127934608],[-58.982597057022751,-18.664489355790217],[-58.982986467927205,-18.66448578704906],[-58.98337558887664,-18.664452474190224],[-58.983686464968727,-18.664385301466336],[-58.983913596058194,-18.66429067376145],[-58.984162221689779,-18.664228909608337],[-58.984395115697673,-18.664152420711186],[-58.984769107575119,-18.6641638600288],[-58.985222168275804,-18.664293551934747],[-58.985439941824339,-18.664261806005168],[-58.985610086052709,-18.664141274868168],[-58.985686536172039,-18.663999286922657],[-58.985669614786872,-18.663865593688804],[-58.985558776364719,-18.66368815075511],[-58.985510095174526,-18.663495265158591],[-58.985570298453602,-18.663286503687853],[-58.985708381062381,-18.663077036372055],[-58.985925045015776,-18.662936369842953],[-58.986006524784223,-18.662909604446309],[-58.986036180360308,-18.662760616365077],[-58.985971617656155,-18.662538130483977],[-58.98600096479862,-18.662359398493322],[-58.986046342195685,-18.662225135379824],[-58.986154777680902,-18.662164655996129],[-58.986264263053158,-18.662208266276455],[-58.986342891281716,-18.662281907174226],[-58.986453430624536,-18.662429607147423],[-58.986517393041332,-18.662592605550948],[-58.986567577788854,-18.662934200343781],[-58.986709115270713,-18.66306674690976],[-58.986864881301145,-18.663065316535274],[-58.9870820509894,-18.662974091496807],[-58.987190336708153,-18.662898733899663],[-58.987344588529929,-18.66274860268712],[-58.987436542111304,-18.662599040628031],[-58.987466044697406,-18.662435176356279],[-58.987402235445394,-18.662287046974427],[-58.987165049224849,-18.661939739294692],[-58.987101248924084,-18.661791609969228],[-58.987099443660981,-18.661613163159927],[-58.987160841093839,-18.661523369259744],[-58.987269575161783,-18.661492623877876],[-58.987426092136424,-18.661565546461116],[-58.987613454602197,-18.661608442312456],[-58.987768766302956,-18.661562399752135],[-58.987829871853876,-18.661442861263541],[-58.987812938462767,-18.661309178565638],[-58.987733407608758,-18.661146315188084],[-58.987716775563051,-18.661042368924637],[-58.987793459443203,-18.660922685890462],[-58.987871186182886,-18.660907102419909],[-58.987996099697334,-18.660935692304022],[-58.988232523950025,-18.661208652952325],[-58.988297086211688,-18.661431129239901],[-58.988363143988046,-18.661802323738009],[-58.98844313773624,-18.662009789443669],[-58.98853817405616,-18.662165069945832],[-58.988741419045674,-18.662237563945361],[-58.988975362140522,-18.662265159636817],[-58.989240163000112,-18.662262723997465],[-58.989457781358269,-18.662216106983159],[-58.989720917085037,-18.662050094306206],[-58.989954414997698,-18.662033077623008],[-58.990189336003453,-18.662157322843644],[-58.990441419680927,-18.66243756680619],[-58.990584014621291,-18.662674200559792],[-58.990711482290678,-18.662955589396539],[-58.990900063845771,-18.663117445438999],[-58.991133932264148,-18.663137600750769],[-58.99156840926063,-18.662970016474564],[-58.991799952020507,-18.662759675337625],[-58.991907468282392,-18.662609969856145],[-58.992092582967388,-18.662429803909763],[-58.992369861078892,-18.662122378955981],[-58.992679116332596,-18.661896451286317],[-58.992958439643068,-18.661789778165293],[-58.993362516452876,-18.661696821542616],[-58.99368931198233,-18.66166407284916],[-58.993984502793609,-18.661586988657078],[-58.99423258993906,-18.661473162116145],[-58.994434478006909,-18.661411815386007],[-58.994604450203397,-18.661276403233607],[-58.994712127483197,-18.661141563332155],[-58.995093222951198,-18.660320098538115],[-58.995231743086556,-18.660155238686819],[-58.995418210443773,-18.660108901279198],[-58.99558954094735,-18.660107320937367],[-58.995730479914918,-18.66018037252546],[-58.995872031196207,-18.660312913457538],[-58.995951947472378,-18.660512944709446],[-58.995969792554313,-18.660735857054451],[-58.995940458787388,-18.660914588927017],[-58.995801926999917,-18.661079460655362],[-58.99541479116386,-18.661306110430619],[-58.995120051665957,-18.661427799878506],[-58.995012226635595,-18.661547772265394],[-58.994966856641376,-18.661682036489001],[-58.994983493570054,-18.661785983965956],[-58.995077854282499,-18.661874342538869],[-58.995171614162118,-18.661903224647553],[-58.995342955820732,-18.661901642920917],[-58.99554514552316,-18.661870030664101],[-58.995716025485088,-18.661823837891042],[-58.996197004100949,-18.661633498367348],[-58.996258554858507,-18.661558566119599],[-58.996570223558074,-18.661570566821421],[-58.99671026492004,-18.661554395854353],[-58.996896269157602,-18.661463457264947],[-58.996941637774796,-18.661329191698957],[-58.996893547105273,-18.661195788448858],[-58.996689546231622,-18.661048948911436],[-58.996469512794192,-18.660857650968143],[-58.996483352490387,-18.660686500544134],[-58.996544894231207,-18.660611569768658],[-58.996716235676438,-18.660609986949744],[-58.996841142498006,-18.660638579586877],[-58.996997057340494,-18.660652010418829],[-58.997168092253808,-18.660620692487843],[-58.997400671551034,-18.660514435301391],[-58.997523773882421,-18.660364582706649],[-58.997646261057945,-18.66015525231434],[-58.997659570785714,-18.659932051344537],[-58.997889208676263,-18.65953582162053],[-58.998555189316058,-18.659157874481785],[-58.999019593026119,-18.658871020470979],[-58.999297759855224,-18.65865280953745],[-58.999436428218232,-18.658502811841693],[-58.99949691667841,-18.658323791168822],[-58.999479674413941,-18.658160367179569],[-58.999400588878999,-18.658042120277834],[-58.99925949924301,-18.657954195066822],[-58.998993799626909,-18.657867420187777],[-58.998493180905129,-18.657656411589439],[-58.998196787959508,-18.657614535361986],[-58.997835678881387,-18.657335312534968],[-58.997614437985263,-18.657025048222227],[-58.997564159494239,-18.65667602741145],[-58.997531792826294,-18.656557348093493],[-58.997544648656877,-18.656289545764459],[-58.99768014281414,-18.655827272017717],[-58.997850116380455,-18.655691855073435],[-58.998036491946849,-18.655638078751945],[-58.998315489077157,-18.655501653947116],[-58.998314883425991,-18.655442176253093],[-58.998250623927511,-18.655249439735464],[-58.998233834039112,-18.65513061780635],[-58.998294777201032,-18.65499620781096],[-58.99840319329428,-18.654935723354864],[-58.9988206363887,-18.654626994613704],[-58.998866001998231,-18.654492729751855],[-58.99855070691531,-18.654123850403828],[-58.998378019694826,-18.653991600735967],[-58.998033547522084,-18.653816322419626],[-58.997969505641713,-18.653645892108951],[-58.997983563173129,-18.653497045440339],[-58.998028936704493,-18.653362780823386],[-58.998152477114331,-18.653257539442819],[-58.998275268622912,-18.653077943448505],[-58.998274210282943,-18.652973853927691],[-58.99813311730626,-18.652885926541952],[-58.998008216308762,-18.652857333617131],[-58.997805888650568,-18.652874071597246],[-58.997649227482363,-18.652786296606738],[-58.997600611410682,-18.652600846563651],[-58.997599401827046,-18.65248187915299],[-58.997676067269154,-18.652362203333581],[-58.998080723607686,-18.652328719306446],[-58.998157849066537,-18.652253651598471],[-58.998156789106268,-18.65214955381354],[-58.998107493491673,-18.651897194320718],[-58.998121702628708,-18.651763218055383],[-58.998198374394647,-18.651643531267553],[-58.998306647178403,-18.651568178156083],[-58.998477516311937,-18.65152198457999],[-58.998711101743879,-18.651514987558375],[-58.998767058390193,-18.651496602212216],[-58.99896832670931,-18.651375775486137],[-58.999106458866407,-18.651173729135319],[-58.999069262903987,-18.650579204107668],[-58.99948660760522,-18.65026303744169],[-58.999500446676755,-18.650091886422523],[-58.999405787813188,-18.649973785107704],[-58.999296305481359,-18.64993018120844],[-58.999000380029806,-18.649932916844229],[-58.998812575415215,-18.649845421648671],[-58.998671190066325,-18.649727759718761],[-58.998653948561781,-18.649564325518345],[-58.998715193291176,-18.649459661541869],[-58.998839485722243,-18.649428765265419],[-58.998948966714103,-18.649472369395351],[-58.999182741118361,-18.64948507701267],[-58.999260017881824,-18.649424879398506],[-58.999258958077782,-18.649320789573121],[-58.999211023627005,-18.649202254531623],[-58.99910070943524,-18.64907686751155],[-58.998943899986301,-18.648974216270354],[-58.998770755733645,-18.648797355255923],[-58.998676096794064,-18.648679261630154],[-58.998659006379441,-18.648530695205533],[-58.99868925652013,-18.64844118538581],[-58.998782250986082,-18.648395711144424],[-58.99890669442776,-18.648379692698089],[-58.999234984830217,-18.648495634290157],[-58.999563868245104,-18.648671056668451],[-58.999704191443861,-18.648684627270971],[-58.999843769799178,-18.648623853080821],[-58.999967004128642,-18.648488868113557],[-59.000211890052618,-18.648062756442602],[-59.000287944175732,-18.647883593050086],[-59.000611531792501,-18.647538553445958],[-59.00074989557681,-18.647358812518622],[-59.000731288798519,-18.647061546905935],[-59.000683657075712,-18.646972755108084],[-59.000590210445459,-18.646973621038001],[-59.000466212469583,-18.647034261264388],[-59.000342828507357,-18.647154370598336],[-59.000172410215242,-18.647245176679103],[-58.999985513903781,-18.647246905259841],[-58.999828707400447,-18.647144253672479],[-58.999733216280397,-18.646944367284316],[-58.999668645688146,-18.646721890242617],[-58.999651252529361,-18.646543587827232],[-58.999696158823426,-18.646364709941036],[-58.999787640781065,-18.646170535032667],[-58.999941725086856,-18.64600551680098],[-59.000096565176023,-18.645914855338468],[-59.000283458242251,-18.645913128424766],[-59.000751612312868,-18.645998028776081],[-59.000937599806043,-18.645907076501668],[-59.000982617110168,-18.645738238004721],[-59.001015849466398,-18.64537730633787],[-59.000932985410124,-18.64488731220063],[-59.000869169865737,-18.644739178533676],[-59.000634496505135,-18.64463725060844],[-59.000448058828262,-18.644683589850114],[-59.00024649433621,-18.64477468175345],[-58.999997452649581,-18.644791852995624],[-58.999871338713724,-18.644644305423505],[-58.999884722953546,-18.644428544348123],[-58.999976202180612,-18.644234358158364],[-59.000083561901526,-18.644069782363168],[-59.000299491560455,-18.643859578773188],[-59.000530532923108,-18.643604627143137],[-59.000730050646546,-18.643312782409478],[-59.000759389575563,-18.643134049601013],[-59.000679848333633,-18.642971199574152],[-59.000132927785316,-18.642797795059099],[-58.999898103481023,-18.64268098907127],[-58.999771990104463,-18.642533439370993],[-58.999751611694876,-18.642281129038587],[-58.999781253328244,-18.642132140331935],[-59.000027871324477,-18.641877037200622],[-59.000182860845662,-18.641801251570875],[-59.000369144850168,-18.641740037235643],[-59.000477562358029,-18.641679549523921],[-59.000569944896363,-18.641574596815765],[-59.000629371170831,-18.641291485008722],[-59.000691168569858,-18.64124145969652],[-59.0008468806572,-18.641264711169711],[-59.001205704856233,-18.641429796278693],[-59.001848695217447,-18.641404014834102],[-59.001945023707563,-18.641403539299226],[-59.002137677882402,-18.641402586218522],[-59.002330923594016,-18.641505033287007],[-59.002476871207364,-18.641757065178599],[-59.002682358921973,-18.641893911480043],[-59.002827639570349,-18.642031062485501],[-59.003225126256467,-18.642052072236797],[-59.003705433982667,-18.641819923485734],[-59.003755589544824,-18.642164338489287],[-59.003722908012364,-18.642761910672284],[-59.003737001641383,-18.643117991035744],[-59.00411126171992,-18.643288468871887],[-59.004544677040514,-18.643274830309782],[-59.005073551677022,-18.643111371459934],[-59.005071159955747,-18.642697794654669],[-59.005310789529375,-18.642489813229268],[-59.005550818598635,-18.642350762687752],[-59.005668834548189,-18.641936584079268],[-59.005545711998344,-18.641466159434646],[-59.005616754934614,-18.641259008186193],[-59.005905407372452,-18.641200132401536],[-59.00627867897375,-18.641198287940032],[-59.006325712521601,-18.641002742835703],[-59.006251744944102,-18.640704412909749],[-59.006046252440136,-18.640567558994761],[-59.005996957824934,-18.640372502147045],[-59.006068281470085,-18.64021130844867],[-59.006272179371834,-18.640072430105025],[-59.006295457361396,-18.639934451200642],[-59.00639039247384,-18.639692717858075],[-59.006582784810917,-18.639645812410972],[-59.007027957017023,-18.639586161009259],[-59.007219144511737,-18.639332457284404],[-59.007349733924919,-18.639010128415443],[-59.007481253517717,-18.638848635820167],[-59.007662129331145,-18.638893694299149],[-59.008204027580398,-18.638902494469686],[-59.008263895617986,-18.638844747537195],[-59.008310662208231,-18.638603255020666],[-59.008429403338226,-18.638315456343861],[-59.00857389184786,-18.638314737573594],[-59.008778919088456,-18.638371161537293],[-59.009224218034518,-18.638334479177768],[-59.009452190895317,-18.63819548187098],[-59.009824450966534,-18.638021298977492],[-59.010292844606397,-18.637812175996658],[-59.010532188294889,-18.637558231039328],[-59.01086820796133,-18.637232023299234],[-59.011029522931629,-18.637145389084964],[-59.011311691952834,-18.637014382209927],[-59.011924627897592,-18.636816027330951],[-59.012658226582595,-18.636663014337127],[-59.013149344347298,-18.636223998476044],[-59.013872176192244,-18.636289319754408],[-59.014307035971058,-18.636528402800231],[-59.015126052796717,-18.636570269069242],[-59.015837842093447,-18.636807969652196],[-59.016441546914116,-18.637092156590032],[-59.017079760217754,-18.637100448046201],[-59.01836620529177,-18.636772314625645],[-59.019196595802192,-18.636699217378936],[-59.019581355129581,-18.636605370690479],[-59.020471271572447,-18.636417086793656],[-59.020989504829998,-18.636810795313735],[-59.021221073074244,-18.63697624670441],[-59.021005422762187,-18.637161147372506],[-59.020935334139153,-18.637529139922634],[-59.021116068921337,-18.637551202966357],[-59.02155838303608,-18.637609871346257],[-59.021551012618438,-18.637801760154272],[-59.021275692128768,-18.638078877204517],[-59.021253369340052,-18.638377688081981],[-59.021867902190387,-18.638455018665351],[-59.022617187105922,-18.638922267955085],[-59.022933268707355,-18.639437661694554],[-59.023682692918079,-18.63992788782112],[-59.023928165015739,-18.640719357541872],[-59.024425482150924,-18.641337229493402],[-59.024780333874354,-18.642300471858032],[-59.025438046863229,-18.64357237229699],[-59.027447607091695,-18.645388865751453],[-59.027560179432889,-18.646100582294356],[-59.027782080215601,-18.646972583671069],[-59.028223433587108,-18.648303017980783],[-59.028602949558326,-18.64935802559674],[-59.028620625683608,-18.650311488347047],[-59.028746475722734,-18.651229926227188],[-59.029510255845118,-18.652099169414772],[-59.029969998093257,-18.652464463337942],[-59.030134773195741,-18.653853733546253],[-59.030288933798779,-18.655484310861443],[-59.030621621953131,-18.656757844883941],[-59.031622589077742,-18.657005490033811],[-59.032070035596597,-18.657324878052524],[-59.033142104150883,-18.657376851090572],[-59.034688796255772,-18.656243070210493],[-59.035419090090933,-18.655527048753804],[-59.035581456170213,-18.654480765223109],[-59.035852662113207,-18.653514352848582],[-59.037079047314258,-18.653197873137426],[-59.038137665448296,-18.65302011982326],[-59.039399061569348,-18.652519637409537],[-59.040600039154327,-18.651984996851262],[-59.042283495703465,-18.651585716728302],[-59.043568398599369,-18.650993183330737],[-59.044407080379308,-18.650288058570329],[-59.04501862770217,-18.649859827272813],[-59.045303685507463,-18.649203515735866],[-59.045033946016083,-18.648400716136994],[-59.044739853260026,-18.647552094575421],[-59.04558114368055,-18.647283513171367],[-59.046266508052568,-18.64711913399681],[-59.046974093100047,-18.646644443842703],[-59.047888715865597,-18.646559294676518],[-59.049117447925362,-18.646644825805954],[-59.050213172264741,-18.646639135601049],[-59.05094746334909,-18.646600859726504],[-59.051803687450708,-18.646814689568568],[-59.05262163507372,-18.646672567444632],[-59.053573839759721,-18.646828445906962],[-59.054279584815788,-18.648042534866015],[-59.054730186219444,-18.648878828944355],[-59.055143562702739,-18.649531512170647],[-59.054832228809396,-18.649820341531072],[-59.054835300420031,-18.650325817437217],[-59.054776898572122,-18.650624816122882],[-59.05506860240164,-18.65107134423581],[-59.056278173374011,-18.651961109375161],[-59.057441047171608,-18.653092374136186],[-59.057952516406544,-18.654031729849255],[-59.058291282281559,-18.654294190267748],[-59.059464549936678,-18.655149659269568],[-59.05975753511467,-18.65580295797572],[-59.060135863036912,-18.656628128182373],[-59.060943068348827,-18.656692819948127],[-59.061713168888552,-18.65659686648684],[-59.062340380757142,-18.656765890067508],[-59.063110128257392,-18.656612482882039],[-59.063809866722231,-18.656827074417865],[-59.064631935794154,-18.65735120608986],[-59.065872780887119,-18.657436559425875],[-59.06657984269922,-18.656881384836161],[-59.066512656360857,-18.655744405004732],[-59.065720242734891,-18.654163200828553],[-59.065508430570887,-18.653004008283862],[-59.065995638170222,-18.651944513712099],[-59.067712935647307,-18.651188696989706],[-59.06961487120455,-18.651086721578142],[-59.071783534178806,-18.651282001665336],[-59.073677038707679,-18.65176593802023],[-59.074921532282637,-18.652448599125385],[-59.076120152889281,-18.653499129894058],[-59.077485078735194,-18.654181132244961],[-59.078376631394889,-18.654256787562836],[-59.078932307449634,-18.654541015506723],[-59.079897615726409,-18.654857515783256],[-59.080587181636652,-18.655370794966924],[-59.080694302586828,-18.657104937106549],[-59.080653713800515,-18.658322895659452],[-59.081213056697294,-18.659193004689197],[-59.081434591172481,-18.659961519983788],[-59.082065341562377,-18.660693373076882],[-59.082602553051245,-18.661873772686778],[-59.082680386397854,-18.662769431230601],[-59.083851096170662,-18.663188188130079],[-59.084853157275916,-18.663596371279091],[-59.085974556334136,-18.66383158072248],[-59.087044703730143,-18.663573065546743],[-59.087895857585274,-18.662959597412282],[-59.088192503312868,-18.662257217823118],[-59.088443363098257,-18.661934188755481],[-59.088923086991187,-18.661621419340815],[-59.089017550956974,-18.661322217661741],[-59.089400651561228,-18.660964011978376],[-59.08995240259511,-18.660616388680157],[-59.090251205261318,-18.660258632240701],[-59.090381281768565,-18.659878821703678],[-59.09082205458634,-18.659118218001066],[-59.09145737214174,-18.658655255583003],[-59.091719971552195,-18.658286214581661],[-59.091703890939385,-18.657642962745701],[-59.091833308581428,-18.657159758643992],[-59.091840154136037,-18.656332577209891],[-59.092353082059546,-18.655560092988271],[-59.093301304433098,-18.655072447835995],[-59.093791308090246,-18.654483897262104],[-59.094441172034706,-18.654422928414895],[-59.095055343128507,-18.654431073836228],[-59.095353830702329,-18.654027374066008],[-59.095255906323025,-18.653775166559814],[-59.095084364093324,-18.653305089396987],[-59.095179316516877,-18.653086297061456],[-59.09575554903256,-18.652807453388437],[-59.096609156344456,-18.652596012893927],[-59.096981120397537,-18.652387208861917],[-59.097193584133223,-18.65170825406291],[-59.09735787684108,-18.651029563597653],[-59.097858806425549,-18.650268620861567],[-59.09779504450438,-18.649706053939607],[-59.097755586999767,-18.649177815585308],[-59.098209355906441,-18.648577957359226],[-59.098723330603626,-18.647977782884123],[-59.09930889028491,-18.647273810186451],[-59.09990794492505,-18.646799535530672],[-59.10056915266847,-18.646635091085248],[-59.101278891966743,-18.646527816913885],[-59.101698781569425,-18.646284277675392],[-59.102287453570376,-18.646074272806953],[-59.102973835287372,-18.646082004490808],[-59.103682326944806,-18.645779429465936],[-59.104003559560063,-18.645168804988749],[-59.104482986832544,-18.644821539663027],[-59.105167024845343,-18.644461656737874],[-59.105586314722181,-18.644126208277871],[-59.106161990987317,-18.643766916941232],[-59.106773702024945,-18.643395943038495],[-59.107664829552867,-18.643414015843263],[-59.108371695897894,-18.642858703214795],[-59.109105561529034,-18.642762765281102],[-59.10962269907197,-18.642668016950854],[-59.110588269522225,-18.643030305882402],[-59.111528505438478,-18.643197441673671],[-59.112548472849817,-18.642651871281991],[-59.113316758640835,-18.642291503709096],[-59.113835002827322,-18.642369055550351],[-59.114607187946163,-18.642617515399913],[-59.115291048420765,-18.642234627159034],[-59.116001858848001,-18.642299619670922],[-59.117190509305672,-18.641776069638912],[-59.117969941841359,-18.641277762958175],[-59.118884911271081,-18.641261193782114],[-59.119479459526325,-18.641970143370123],[-59.120167664013778,-18.64226499865239],[-59.120767445070932,-18.641917027434292],[-59.12163203836235,-18.641556081514096],[-59.12252388870013,-18.641688966251355],[-59.12330545711319,-18.641523779777138],[-59.124123058994066,-18.641346895621179],[-59.124927437490044,-18.640986277353793],[-59.125657482247078,-18.640304403342459],[-59.12656032730743,-18.640276379340975],[-59.12726005986098,-18.640490731326889],[-59.128197984328068,-18.640301675715396],[-59.128705001616119,-18.640505616516798],[-59.129317546185518,-18.640272418585479],[-59.130051752222485,-18.640233837660805],[-59.1307996467661,-18.640447906294913],[-59.131765822616288,-18.640901982526891],[-59.1324781295016,-18.641196659413936],[-59.133236268273635,-18.641134953133943],[-59.134658849882463,-18.641414129715436],[-59.135289130940478,-18.642053898420553],[-59.135800739070511,-18.642958551192084],[-59.136345351403044,-18.643213728820481],[-59.136092774687349,-18.643427905724025],[-59.136587469174017,-18.643585934494038],[-59.137532414753068,-18.64353879290223],[-59.137661439341734,-18.643947474643721],[-59.13797560649526,-18.644118014958451],[-59.13837346067573,-18.644196182673838],[-59.139093980287335,-18.643904904134324],[-59.13989066421766,-18.644210562779488],[-59.140604418550176,-18.644723456810247],[-59.141476964227628,-18.645580095968693],[-59.1425019720865,-18.645815520070386],[-59.143177125071382,-18.645949533796085],[-59.143805558837862,-18.646302072656951],[-59.14449109213998,-18.646183300179565],[-59.14487645098145,-18.6461925823954],[-59.145383957788496,-18.646465399515506],[-59.145925923327496,-18.646485290332688],[-59.146417598595306,-18.646183804498268],[-59.147165455330402,-18.646386311515382],[-59.148130794406107,-18.646702453119453],[-59.148913104528518,-18.64665202933066],[-59.14950139580052,-18.646395936147961],[-59.150376304469269,-18.645782082913723],[-59.150600728561976,-18.645125995664614],[-59.150634031701514,-18.644700754934188],[-59.151234355832315,-18.644444582061734],[-59.151676638369644,-18.643959562629973],[-59.152169143912552,-18.643784420363751],[-59.152459851635093,-18.644046977475551],[-59.152884449521537,-18.644527019337627],[-59.153652572253883,-18.644155004355685],[-59.154226367491162,-18.643531371172109],[-59.15419847425202,-18.642957149318875],[-59.15452179350973,-18.642691071806677],[-59.15505430294602,-18.643101570743806],[-59.155317879288667,-18.642904763273194],[-59.155436134776146,-18.642582424791318],[-59.155712745809694,-18.642534883115403],[-59.156111290308374,-18.642716392198526],[-59.156711139643924,-18.642391286852504],[-59.156940965522402,-18.642550789670839],[-59.156873320480194,-18.643240444348194],[-59.157250297624223,-18.643801170790699],[-59.158048229854693,-18.644290543665011],[-59.158774842108947,-18.644918168661764],[-59.159536116130546,-18.645327339404858],[-59.160176233390203,-18.64562231568792],[-59.160477847095827,-18.645712474822403],[-59.160502924061511,-18.645861672611204],[-59.160662058178865,-18.646251334048475],[-59.161073115150138,-18.646501683494183],[-59.161615599376695,-18.64660193530225],[-59.16185832749948,-18.646887726116308],[-59.162377127070378,-18.647045543676299],[-59.16289546483592,-18.647134447315821],[-59.163486356308624,-18.647268877204645],[-59.163892025477288,-18.646715116293137],[-59.164275541302118,-18.646448675516908],[-59.164970470295543,-18.645939188021291],[-59.165376668762477,-18.645465833555598],[-59.165734783710207,-18.645004247004323],[-59.166286235809714,-18.644644928524471],[-59.166910226556254,-18.644331129241845],[-59.167631458472037,-18.644154625778281],[-59.168169165483171,-18.643542650331309],[-59.168552888794942,-18.6433106663434],[-59.168937241409296,-18.643170577408913],[-59.16930675869893,-18.642617020009435],[-59.169578646150327,-18.641868739208711],[-59.170594669426308,-18.640771486602212],[-59.171227432827465,-18.63997515489914],[-59.171586832279516,-18.639708837885248],[-59.172441177253575,-18.639634931087208],[-59.173142025325063,-18.640009922294926],[-59.173987432576631,-18.64039556265141],[-59.174565956949877,-18.640484076109971],[-59.175311390683895,-18.640330372136049],[-59.176106473527184,-18.640394641571689],[-59.17652917974906,-18.640587450291147],[-59.176901625863096,-18.640470397831454],[-59.177466469745113,-18.640317739516647],[-59.178202748421128,-18.640589126212298],[-59.178563465638852,-18.640518081611148],[-59.178925982303163,-18.640711237183407],[-59.179347056784955,-18.640662811551852],[-59.180000467522746,-18.64114144646619],[-59.180483065259494,-18.641287949662562],[-59.180903668001889,-18.64117059618739],[-59.181468590222899,-18.64102942636746],[-59.181953373575482,-18.641497562170532],[-59.182389219884456,-18.641851101065683],[-59.182834683740857,-18.641848473079424],[-59.183363564112604,-18.641718992817871],[-59.18401581819014,-18.642025311189077],[-59.184355281598513,-18.64236793296681],[-59.18513746306899,-18.642305872618362],[-59.185693714334704,-18.642658694902231],[-59.18616788720324,-18.643333661658275],[-59.186620733930155,-18.644410803740779],[-59.187539683730542,-18.644979738966228],[-59.188058329528438,-18.645114515283908],[-59.188277563947011,-18.645480821095063],[-59.188699901249116,-18.645616165761609],[-59.188894663916322,-18.645925172488216],[-59.188944939652352,-18.646235040317716],[-59.189080056568422,-18.646624808371325],[-59.189456521433755,-18.647093561155071],[-59.189591712497382,-18.647494821165758],[-59.18956086563967,-18.648264673463679],[-59.18950578149434,-18.649011682584888],[-59.189668442819915,-18.649906746285264],[-59.189974018738916,-18.650571206637917],[-59.190665424407037,-18.651313777801942],[-59.190790167888224,-18.651944849588155],[-59.19143121582168,-18.65236607061923],[-59.19162851792904,-18.653042658967781],[-59.192125637260887,-18.653545155616367],[-59.1927772389392,-18.653748047869271],[-59.193165452307852,-18.654170768627996],[-59.194095174474761,-18.654544310623017],[-59.194556187730093,-18.655047017575324],[-59.19514854438264,-18.655388105334445],[-59.195713257537186,-18.655212418336365],[-59.196495811472744,-18.65519625633328],[-59.196841808228214,-18.654734689868771],[-59.197945718240767,-18.654176686708094],[-59.198956151865659,-18.654032793413961],[-59.19973309202787,-18.654947128955566],[-59.200221060610673,-18.655863196740807],[-59.200883689308483,-18.655916658700068],[-59.201448950198582,-18.655821369201323],[-59.201669980391046,-18.656440359545726],[-59.202104233870543,-18.65655262821911],[-59.202536888305168,-18.656435152666866],[-59.202933268312485,-18.656294916425423],[-59.203352611066869,-18.655993726724738],[-59.203642061516319,-18.656060910437049],[-59.204051437845102,-18.656058447741898],[-59.204459379366767,-18.655849214431363],[-59.204783588517117,-18.6557209054521],[-59.205110193699554,-18.655937205515926],[-59.205942343817647,-18.656127475010742],[-59.206579444021237,-18.655974295291426],[-59.206879334428805,-18.655811658972532],[-59.207168706529053,-18.655867347089643],[-59.207686439583853,-18.655864224640307],[-59.208115254686156,-18.655195375496998],[-59.208458981991399,-18.654412150929719],[-59.209189916213269,-18.653902290675159],[-59.210284218926276,-18.653700390324097],[-59.211124470402275,-18.653327706103912],[-59.211694767348753,-18.652232961571343],[-59.212148606549512,-18.651701790138041],[-59.212398557236099,-18.651286737295724],[-59.212682938621455,-18.65063023570368],[-59.213219192640892,-18.649834355899127],[-59.21409634147588,-18.649576316535668],[-59.214939378054488,-18.64960566033492],[-59.215592427016631,-18.650015242439967],[-59.216267542970364,-18.650137496464666],[-59.216796338284759,-18.649996432433944],[-59.217215076080535,-18.649614802268466],[-59.217707175671229,-18.649393545615506],[-59.218221257655316,-18.648873490533404],[-59.218458508774241,-18.648366605735497],[-59.218889442115348,-18.64800787059945],[-59.219467106975422,-18.647969893538558],[-59.219947321662509,-18.647771682491804],[-59.220039678909593,-18.647208237333249],[-59.219975362415013,-18.646622781542046],[-59.220284518535976,-18.646069506574214],[-59.220739120527156,-18.645653186555851],[-59.22117989294032,-18.644984241422961],[-59.221113552801299,-18.644111603495613],[-59.220833332885199,-18.64364234225237],[-59.220538653348122,-18.64282853727606],[-59.220882385581554,-18.642056795981755],[-59.221862898847107,-18.64109736041269],[-59.223386457075627,-18.640318407839917],[-59.224370025951295,-18.639795473098321],[-59.225153703994913,-18.639951498239331],[-59.22554041546492,-18.640155896192127],[-59.225720114599952,-18.640028441065237],[-59.226139130128274,-18.639692745727402],[-59.226428963034351,-18.63981732995266],[-59.22685162606178,-18.639998530609788],[-59.227394033696569,-18.640087109295337],[-59.227970048824965,-18.639819366509027],[-59.228388493434437,-18.639403255618884],[-59.228653180999764,-18.63937865234028],[-59.228896083727911,-18.639675836929804],[-59.229391475305142,-18.639925513270846],[-59.229595648332094,-18.63985533580394],[-59.230221029529595,-18.639759586351904],[-59.230753847454892,-18.640192835391268],[-59.230985928557551,-18.640662373900881],[-59.231575439328971,-18.640601317881156],[-59.231705662981192,-18.640290358324261],[-59.232184052732769,-18.639839407849319],[-59.232687738337695,-18.639560610747829],[-59.233299199509069,-18.639200744304301],[-59.233936536116111,-18.639093432726874],[-59.234489346559769,-18.63895217151844],[-59.234703926662888,-18.638652183742845],[-59.234437599306936,-18.638447056486733],[-59.234062672797222,-18.638208135996379],[-59.233856131269221,-18.637945203023623],[-59.233685060167666,-18.637590155404361],[-59.233394903819523,-18.637419638104561],[-59.23327158080081,-18.637006859079555],[-59.233280683734037,-18.636593259904568],[-59.233181515791976,-18.636191817466379],[-59.233023059480786,-18.635917096426432],[-59.232959352596396,-18.635423544464771],[-59.233124149557611,-18.634894116888269],[-59.23337353663991,-18.634410117954868],[-59.233621613383391,-18.633742330007816],[-59.233905244902338,-18.632993915988301],[-59.234575326331097,-18.632415417880935],[-59.234971288005831,-18.632229179138907],[-59.235258990066157,-18.632055096904828],[-59.235642670507282,-18.631834476019748],[-59.236353753853322,-18.631944956229489],[-59.236834145847141,-18.631781171716554],[-59.237387671505218,-18.631743287555864],[-59.237869619210983,-18.631797739747643],[-59.238556549643839,-18.631896875232592],[-59.238953330670398,-18.631825503594037],[-59.239361155994359,-18.631616202132975],[-59.239961445558968,-18.631382746778332],[-59.240466156769322,-18.631253257719049],[-59.241188699284315,-18.631283244886195],[-59.2418147846899,-18.631290846777222],[-59.242211722758057,-18.631242430014517],[-59.242905588308588,-18.630629309983693],[-59.243311603570469,-18.630167301285336],[-59.243645472382816,-18.629717229993865],[-59.244137314833118,-18.629472939831953],[-59.244533341752266,-18.629298173733421],[-59.244758123951435,-18.628745385754044],[-59.245226213942267,-18.628547193123012],[-59.245516449161144,-18.628729179059228],[-59.246059979963228,-18.628978513868699],[-59.246373212787582,-18.629011029646271],[-59.246745408812792,-18.628870865180204],[-59.246998464581743,-18.62890374865826],[-59.247602680370427,-18.6292216189639],[-59.24812073031778,-18.629275827444665],[-59.248565068562186,-18.629123721712759],[-59.248830159137626,-18.62915653366505],[-59.249649743417152,-18.629289260879361],[-59.250542557788911,-18.629559371301262],[-59.251250229349502,-18.629762171960813],[-59.251252118688292,-18.629762713004922],[-59.25152657342479,-18.629646760215685],[-59.251655596483957,-18.629751182828002],[-59.251872097578989,-18.629851706005194],[-59.251974038844629,-18.629960165703135],[-59.252148032367664,-18.630081556756281],[-59.252223441074094,-18.630381985075562],[-59.252255552128432,-18.630669188904744],[-59.252259056849873,-18.630970387339143],[-59.25226256268941,-18.631271579384926],[-59.252238261802702,-18.631655222884135],[-59.252328692514155,-18.632010267498387],[-59.252446927359195,-18.632282864944063],[-59.252592171140989,-18.632404558516015],[-59.252807878506282,-18.632402276997098],[-59.252980448634673,-18.632400449361725],[-59.25325352144641,-18.632383865982945],[-59.2535123775234,-18.632381125311568],[-59.253741987346139,-18.632337622443423],[-59.25402832849516,-18.632225054694072],[-59.254257627923771,-18.632154159511654],[-59.254430987885591,-18.632220789091125],[-59.254951564872428,-18.632461737619195],[-59.255197317762274,-18.632568673035237],[-59.255511776391629,-18.632401028723407],[-59.255798915050178,-18.632356905360986],[-59.255913645272152,-18.632328311876268],[-59.256043061828322,-18.63232694060099],[-59.256257660185319,-18.632228812506053],[-59.256370311240751,-18.632022235851501],[-59.256511725508169,-18.631815355712174],[-59.256698028447424,-18.631758605083419],[-59.257000026457121,-18.631755403592123],[-59.257158687416641,-18.631794800285078],[-59.257400619616149,-18.63180787886801],[-59.257846941791229,-18.631745860311312],[-59.25804252820911,-18.631554084488048],[-59.258175565395753,-18.6314280128652],[-59.258251946890624,-18.631247971533593],[-59.258363484554458,-18.631043474565306],[-59.258840574975267,-18.630489873412689],[-59.258922381313127,-18.630105621210781],[-59.259003389775145,-18.629652916570922],[-59.259029275697202,-18.629406180961666],[-59.259127059372872,-18.629158678918998],[-59.259182345536914,-18.62896639622263],[-59.259482090056203,-18.628771526644037],[-59.259811885541907,-18.628685864829404],[-59.260241693032526,-18.628544377534308],[-59.260614300436757,-18.628430880362682],[-59.26105720726391,-18.628179716173108],[-59.261255495017195,-18.627917454584367],[-59.261276995760767,-18.627158460961926],[-59.261289032220304,-18.627158639350846],[-59.261695281377499,-18.625813147351714],[-59.262188454311932,-18.625064576364775],[-59.262362661910558,-18.624700661501564],[-59.262636183945467,-18.62414351219514],[-59.263335151625661,-18.623317851266791],[-59.263918287524938,-18.622971528773103],[-59.264040410801101,-18.622858823192527],[-59.264382179286649,-18.622554684702024],[-59.264844977639889,-18.622206552538028],[-59.265445706203927,-18.621505412264362],[-59.265752796667869,-18.621109128231247],[-59.266156687315124,-18.620679918510195],[-59.266412955562998,-18.620454686733385],[-59.266547648714571,-18.620307798101191],[-59.266852940601503,-18.620026024024472],[-59.267121244114762,-18.619800969372598],[-59.267274057518804,-18.619264916369929],[-59.26730171311727,-18.619036241141369],[-59.267592998091871,-18.618880256004427],[-59.267849440945021,-18.618643564166213],[-59.267971915266088,-18.618507952575857],[-59.268119175316187,-18.618326890190968],[-59.268508513123457,-18.618057830440542],[-59.268885094573115,-18.617834390413996],[-59.269056601169474,-18.617642246873068],[-59.269145303735662,-18.617357217332508],[-59.269209406705663,-18.617106183433819],[-59.269272257367163,-18.61693531758797],[-59.269298643801086,-18.616786812228558],[-59.269384841809156,-18.6166621032799],[-59.269482719341944,-18.616560485585136],[-59.269617573331992,-18.616402148940022],[-59.269693891376804,-18.616139844599626],[-59.269831775620162,-18.615685431798536],[-59.269856731449444,-18.615447208525975],[-59.269863497396813,-18.615235617664201],[-59.269880342329017,-18.615094424375194],[-59.269980131656666,-18.614925909851859],[-59.270107450692237,-18.614739473229786],[-59.270212471145314,-18.61453257572467],[-59.270397963738709,-18.614269269161003],[-59.270514586074675,-18.613959561503172],[-59.27043832195983,-18.613766483978143],[-59.270361533375549,-18.613529344953051],[-59.270303758900006,-18.613336072041317],[-59.270318015488527,-18.612974570191739],[-59.270278437474957,-18.612754662080572],[-59.270231243057403,-18.612562730934595],[-59.270272175188893,-18.61225408436994],[-59.270384944250125,-18.611969418890048],[-59.27047275229198,-18.611741645409854],[-59.270597188947576,-18.611480065349301],[-59.270903359108324,-18.611141030448831],[-59.271172355886108,-18.610870163938447],[-59.271318884170277,-18.610734909596328],[-59.271620040661389,-18.610716512001112],[-59.272028762301893,-18.610745549101114],[-59.272304601072335,-18.610806953590263],[-59.27256414100156,-18.610770966009024],[-59.272831856092203,-18.610724068810036],[-59.273090733151157,-18.610712493835962],[-59.273331116079802,-18.61070112575328],[-59.273709930959789,-18.61066185027282],[-59.273950314011365,-18.610650472425046],[-59.274107555566566,-18.610648790894391],[-59.274246093018284,-18.610629691746304],[-59.275241165423701,-18.611077071342145],[-59.275298320741314,-18.611217382921545],[-59.275301531751794,-18.611490392372882],[-59.275284682012945,-18.61163149289662],[-59.275277297088621,-18.611790113299584],[-59.275077645300158,-18.612118140763119],[-59.274988156408881,-18.612374529916959],[-59.274936488499563,-18.61270096600099],[-59.275036231847416,-18.613316454898065],[-59.275290734642184,-18.613718890909226],[-59.275926028778166,-18.614249381401191],[-59.276360499553817,-18.614647558677248],[-59.277481964228933,-18.615681025398317],[-59.277629698084311,-18.615890347660319],[-59.277770288250366,-18.616079970997646],[-59.277968628159648,-18.616473277964197],[-59.278025433196589,-18.616597894839479],[-59.278124447153481,-18.616781361621364],[-59.278343738026201,-18.617192220475768],[-59.278573943000325,-18.617354524414306],[-59.27894972256923,-18.61754162621272],[-59.279189205132383,-18.617702286522814],[-59.279431270968189,-18.617898942241744],[-59.279773705906855,-18.618191856772423],[-59.279893463336528,-18.618375102367796],[-59.279910179022842,-18.618618781425585],[-59.279939160247011,-18.618730506239707],[-59.279967841168762,-18.618815880037985],[-59.280088464731691,-18.619071614457763],[-59.280354500166922,-18.619338979598378],[-59.280593260769216,-18.619639583516939],[-59.280689937426601,-18.619799306391521],[-59.280796410771771,-18.620028828576672],[-59.280820513116637,-18.620311965157807],[-59.280810093697532,-18.620602061371592],[-59.280833488381077,-18.620825893180459],[-59.280828756583027,-18.621010481884213],[-59.280833190067796,-18.621386096753124],[-59.28085012980204,-18.62164954400372],[-59.28086660384038,-18.621873438617691],[-59.280890388040717,-18.622130221649915],[-59.280930188898154,-18.622571362146715],[-59.281055366759695,-18.623212548846695],[-59.281240527197582,-18.623540163707244],[-59.28142765489077,-18.623689675101332],[-59.281700665700853,-18.623960201937496],[-59.281877408915896,-18.624281244384342],[-59.281950706623924,-18.62462975654665],[-59.281954985888724,-18.624992195253657],[-59.28193221823976,-18.625407647400809],[-59.281921654225599,-18.625684565870543],[-59.281832819423855,-18.625777789531845],[-59.28178097814596,-18.626074917886047],[-59.281963475979055,-18.626297041825701],[-59.28210182406746,-18.626295555876702],[-59.282385198879972,-18.626272736081646],[-59.28276675562573,-18.626360908368916],[-59.282988089682412,-18.626589202389376],[-59.283239918731176,-18.626823759181693],[-59.283487274947134,-18.626883924490929],[-59.283656095094045,-18.626863535264999],[-59.283942838747535,-18.626592125262942],[-59.283926669212498,-18.626394582695585],[-59.28398604324147,-18.626150096427882],[-59.284150191920915,-18.625990161092588],[-59.284413922926625,-18.626061135673719],[-59.284575592893759,-18.626276881998926],[-59.284702760204773,-18.626499597971534],[-59.284882067492013,-18.626451534854592],[-59.285053750972466,-18.626344243146374],[-59.285100147786828,-18.626172385888626],[-59.285182607548116,-18.626125365877083],[-59.285307201110001,-18.626130623568383],[-59.285481692341392,-18.626260550265776],[-59.285661935125461,-18.62629156966576],[-59.285923076807101,-18.626143768724507],[-59.285969315093411,-18.625958735211288],[-59.285950025512683,-18.625497600142516],[-59.285982502669015,-18.625319312181649],[-59.286084864338022,-18.62519957848588],[-59.286201292356054,-18.625099466352893],[-59.286532071313125,-18.624990461300111],[-59.286863865457157,-18.624967115679286],[-59.28709898108152,-18.624957996493862],[-59.28727248786798,-18.62494732793451],[-59.287566153992302,-18.624972746000495],[-59.287732485331581,-18.624997312699616],[-59.288028764946937,-18.625073131551886],[-59.288219516324055,-18.625190515398895],[-59.288428351592451,-18.625339126435421],[-59.288497992680632,-18.625377910705936],[-59.288657793669948,-18.625435512088103],[-59.288934175807945,-18.625406168439781],[-59.289317018194943,-18.625019794157144],[-59.289473070563176,-18.624761084635157],[-59.289649404121548,-18.624462604241703],[-59.289833985693235,-18.624276088655019],[-59.290396973335127,-18.62391412727704],[-59.290478349144891,-18.623774847883855],[-59.290525753627968,-18.623688659009758],[-59.290604563396535,-18.623623883933394],[-59.29073598834669,-18.623622466504216],[-59.290902907610835,-18.623672696349239],[-59.29125287471161,-18.624038679942426],[-59.291375503701133,-18.623879188786731],[-59.291216998781316,-18.623597190221361],[-59.291042581657024,-18.623223724125033],[-59.291105555815534,-18.62302283018013],[-59.291123554004486,-18.623051502724103],[-59.291283275069084,-18.623102503770184],[-59.291636283809943,-18.623118463949861],[-59.291912819955094,-18.623102305102403],[-59.292305932040961,-18.622999206175148],[-59.292454354060517,-18.62268125668459],[-59.292583119707949,-18.622455786702062],[-59.292740651111636,-18.62232228236909],[-59.293334121027847,-18.622197243924322],[-59.293514282236472,-18.622221665514889],[-59.293693657632346,-18.622180184962506],[-59.29404048981862,-18.621965548844535],[-59.294337223335191,-18.621903031603559],[-59.294555412964222,-18.621745459115591],[-59.294694018116822,-18.62165533091202],[-59.295081459217357,-18.62165773564254],[-59.295380854762442,-18.621819268457166],[-59.29572277118065,-18.622066013398452],[-59.295960074567652,-18.622241386805701],[-59.296277260347608,-18.622469720020593],[-59.296949987692145,-18.622876560040588],[-59.297396604135137,-18.623201256471635],[-59.297612533301923,-18.623324135508476],[-59.297835764483821,-18.623479899179014],[-59.298121254317905,-18.623634979408397],[-59.298282891463884,-18.623732088475013],[-59.298674221800916,-18.623770693029002],[-59.298891566087683,-18.623722207082277],[-59.299104789214681,-18.623617749113897],[-59.299402662860956,-18.623360791593505],[-59.299636665355273,-18.623259391613015],[-59.300075553460488,-18.623224990460443],[-59.30046008821266,-18.622983565863009],[-59.300736641861761,-18.622912745887472],[-59.300970888166326,-18.622831173454461],[-59.301267229469971,-18.622735750464642],[-59.301371019862614,-18.622737920813254],[-59.301635959688127,-18.622619781622671],[-59.301606091531127,-18.622435689209198],[-59.301507166452097,-18.62226221744648],[-59.301380856549507,-18.622112096657396],[-59.301540228703224,-18.621843622585747],[-59.301768022358921,-18.621801636392572],[-59.302049892421351,-18.621943482036553],[-59.302309716755509,-18.622266698026795],[-59.302463618649,-18.622120120997963],[-59.302573977302622,-18.622092584433709],[-59.302741052674307,-18.622179684436432],[-59.302855700956179,-18.622221252256374],[-59.303056925121815,-18.622271766481479],[-59.303110579653691,-18.622201961183311],[-59.303199704559809,-18.62206274676182],[-59.303272955967515,-18.621984224894685],[-59.303437439781788,-18.621984418314334],[-59.303613534904592,-18.622009976468078],[-59.303791842309451,-18.622263288666883],[-59.303895390341189,-18.622387812505828],[-59.304259058691407,-18.622533090361063],[-59.304392265232138,-18.622462926076679],[-59.30451492856546,-18.622373246795394],[-59.304730030760801,-18.62225310961173],[-59.304904355961902,-18.62217267964013],[-59.305171823169218,-18.622120689627874],[-59.30532259955541,-18.621795099189111],[-59.305362554311678,-18.621686673348396],[-59.305537583176559,-18.621665139179363],[-59.30583515474769,-18.621544107297627],[-59.305917871311578,-18.621562840595139],[-59.306145382167507,-18.621619276171781],[-59.306372199928695,-18.621616812681339],[-59.306721793435941,-18.621534477512295],[-59.306877142526893,-18.621591694388133],[-59.307136527375924,-18.62172631286165],[-59.307561922356413,-18.621947474095577],[-59.307838759471665,-18.621816851272914],[-59.30812273292463,-18.6214210830436],[-59.308284164787395,-18.62112482521237],[-59.308559942749895,-18.620905852729365],[-59.30874317319212,-18.620707529518175],[-59.308977702452673,-18.620489005781284],[-59.309162225868093,-18.620398640308025],[-59.309337251210458,-18.620377103835079],[-59.309668737372228,-18.620365853938413],[-59.309837187485876,-18.620368345067515],[-59.309933793649002,-18.620346858573367],[-59.310055708255483,-18.620245585044174],[-59.310286965096658,-18.620077190785885],[-59.310481071894323,-18.619976970950283],[-59.310565825215669,-18.619943861571588],[-59.310662254968108,-18.619933831874107],[-59.310829828785018,-18.619993575361523],[-59.310900609503392,-18.620086254426649],[-59.311018287446487,-18.620259804493816],[-59.31130529947535,-18.620378579690275],[-59.311604865121168,-18.620463181031194],[-59.311833483159113,-18.620466558776929],[-59.312062088873184,-18.620469935095208],[-59.312255484913813,-18.62041552120802],[-59.312473300933661,-18.620338555516543],[-59.31275303816841,-18.620147968545997],[-59.312948376446087,-18.619967590017318],[-59.313156970499783,-18.61970723633776],[-59.313364161417098,-18.619538487982993],[-59.313695372021392,-18.619131032278116],[-59.314063029976609,-18.618701210204623],[-59.31479992518976,-18.61773850735042],[-59.315140870609802,-18.617480104528035],[-59.315225973487557,-18.617424087955865],[-59.315518797337766,-18.617164971913599],[-59.31589776923115,-18.616781127992923],[-59.316239946818243,-18.616442556670336],[-59.316520555577924,-18.616194708257709],[-59.316715355486259,-18.616048687189537],[-59.316776746403434,-18.615969415291865],[-59.317033808082648,-18.615686858591914],[-59.317084582033004,-18.615515795928427],[-59.317391008672828,-18.615153792595311],[-59.317453807393022,-18.614982907456223],[-59.317577644817959,-18.614755663540418],[-59.317782183991532,-18.614758674507627],[-59.318188452957557,-18.614947922919569],[-59.318643902312211,-18.615069172860782],[-59.318885059986499,-18.615038367946905],[-59.319019700569164,-18.614891448717088],[-59.319094348399183,-18.614732194230257],[-59.319096988706121,-18.614560433535377],[-59.319053779278164,-18.614239079018454],[-59.31908136355986,-18.614010412284856],[-59.319239713953593,-18.613886756272457],[-59.31951767501679,-18.613810671471423],[-59.319820217984443,-18.613700593479901],[-59.319990251583526,-18.613600012717992],[-59.320246958377155,-18.613340354318638],[-59.320345148559667,-18.613215810888178],[-59.320445087753704,-18.61297675143452],[-59.320449309100027,-18.612701927373919],[-59.320406457789652,-18.61235768294474],[-59.320314943343824,-18.612047076527521],[-59.32033365669735,-18.611612112394759],[-59.32044493000101,-18.611419033923404],[-59.320726399821865,-18.611113928174696],[-59.320885800838909,-18.610921560899747],[-59.320892129685348,-18.610509315032523],[-59.320871755587625,-18.610268481385944],[-59.320623491299692,-18.609978482787668],[-59.321090270206398,-18.608576535534699],[-59.322608323174414,-18.606892276294936],[-59.322937037231796,-18.606645123241687],[-59.32309440613755,-18.605799862215637],[-59.323171898015957,-18.6050389392101],[-59.323249891054459,-18.604846800607294],[-59.323259579804393,-18.604818000038222],[-59.323318541626541,-18.604712147111204],[-59.32333792673537,-18.604654544316102],[-59.323456876789962,-18.60452890455327],[-59.323686809081387,-18.604449873496382],[-59.32385686620826,-18.60440019180853],[-59.324136461697606,-18.604276594359092],[-59.324543496179494,-18.603899128765288],[-59.324770556038629,-18.60358102011547],[-59.32493750186854,-18.603273129091118],[-59.325186469597483,-18.603107815044915],[-59.325417098375937,-18.603086162258375],[-59.325578377880973,-18.603141784270594],[-59.325930489655669,-18.603204875475694],[-59.326117036571304,-18.603108118449633],[-59.326364976316093,-18.602856882698099],[-59.326664588659732,-18.602729335285314],[-59.327386225635351,-18.602635406014791],[-59.327609502100806,-18.602498865019449],[-59.327764873234301,-18.602401851240106],[-59.328085144439655,-18.602321869797642],[-59.328434592898653,-18.602165105104376],[-59.328904687684613,-18.602002467973016],[-59.32934301091754,-18.601744121005225],[-59.329630623611955,-18.601454212225573],[-59.330176316222065,-18.600922508816815],[-59.330314874197306,-18.60075849647852],[-59.330383865167065,-18.600652591103302],[-59.330462887681087,-18.600546588333863],[-59.33059233647181,-18.600459136181343],[-59.330994040621,-18.600473845344883],[-59.331525767663983,-18.600448888436791],[-59.331846727186779,-18.600426245075074],[-59.332057388134757,-18.600433786286864],[-59.332385194253725,-18.600243875625182],[-59.33259557016234,-18.600093028459728],[-59.332854799562199,-18.599946807588832],[-59.333213588647347,-18.599732579053313],[-59.333494153419494,-18.599691262109552],[-59.333936361632489,-18.59973419121506],[-59.334047572281946,-18.599799882099106],[-59.334492303798569,-18.600160245263304],[-59.33506610942807,-18.600409183907672],[-59.335320851149575,-18.600275476166928],[-59.335576113038641,-18.600107415092985],[-59.335770526781268,-18.599984269291841],[-59.336025092222265,-18.599862005282571],[-59.336206429669573,-18.599807396404199],[-59.33668708903749,-18.599817189349132],[-59.336900477640008,-18.599814836856812],[-59.337663835122143,-18.5999081032124],[-59.338504991123351,-18.600131234160376],[-59.339043408727271,-18.600531991515094],[-59.339581829505967,-18.600932748306093],[-59.340194175960129,-18.601143869678094],[-59.340409162884718,-18.601272224101738],[-59.34065480199245,-18.601414755163589],[-59.340718421046638,-18.601631926913424],[-59.340904153451646,-18.601862276537219],[-59.341243373157205,-18.602178077249025],[-59.341472365292354,-18.602204596046008],[-59.341593953379089,-18.602174208145396],[-59.341754962901923,-18.602099165695474],[-59.342093189354912,-18.602207328728976],[-59.342207896433685,-18.602262972692508],[-59.342235668249756,-18.602278426564677],[-59.342374874122832,-18.602382838423779],[-59.342542484648874,-18.602630542926441],[-59.342638780334966,-18.602848301877728],[-59.342762483715489,-18.602992093609032],[-59.342872006736243,-18.603223137145392],[-59.343056155414821,-18.603322718415672],[-59.34339414239497,-18.603536715665619],[-59.343686924700059,-18.603794768260407],[-59.343948879514102,-18.60402412587116],[-59.344164574795478,-18.604210443710311],[-59.344426529840362,-18.60443979882529],[-59.344567415641798,-18.604743073942245],[-59.344572181961247,-18.605134955019128],[-59.344559764517115,-18.605367345047913],[-59.344516862481719,-18.605600071324204],[-59.344474301688805,-18.605861821842684],[-59.344460650167527,-18.605992616354282],[-59.344523746037055,-18.60616610664627],[-59.344648159226907,-18.606367955971109],[-59.344740318724412,-18.606425001533292],[-59.345015399161007,-18.606480015667128],[-59.345213563618948,-18.606477824116173],[-59.345488114205203,-18.60648931034515],[-59.346083293566309,-18.606540784227946],[-59.346267448968455,-18.606640363402789],[-59.346666223889379,-18.606740895857627],[-59.346951317650216,-18.606985580302212],[-59.347200666186296,-18.607206841327312],[-59.347739281041051,-18.607397953891113],[-59.348157927926003,-18.607564406937779],[-59.348625058277534,-18.607708659882725],[-59.348997498964081,-18.60777485744913],[-59.349330328176599,-18.607880438092778],[-59.349560124377369,-18.607902181847454],[-59.34990890398047,-18.607956443903635],[-59.350051367214029,-18.608084517510434],[-59.350134715071022,-18.608142993850485],[-59.350372725997907,-18.608318267524744],[-59.350658000277498,-18.608551500288346],[-59.351004118892796,-18.608739792025276],[-59.351302292922895,-18.608915939697965],[-59.351648241065753,-18.609115687633203],[-59.351971349719776,-18.609234929724256],[-59.352198900946156,-18.609306969051364],[-59.352403429243765,-18.609309942769787],[-59.352598933282913,-18.609264764900939],[-59.352750747520197,-18.609165947274597],[-59.353039410145342,-18.60878634477017],[-59.353064020566904,-18.608713224389181],[-59.353126435968036,-18.608603259802024],[-59.353213018494941,-18.608383749354424],[-59.353299745444744,-18.608176377554106],[-59.353375799514687,-18.608139104527165],[-59.353408384975239,-18.608110499926234],[-59.353611349587361,-18.608216531711015],[-59.354017162211129,-18.608447670634749],[-59.354606633948038,-18.608683949418641],[-59.354886984994302,-18.608668695336416],[-59.35509083476034,-18.60865428995454],[-59.355382608042916,-18.60852962871526],[-59.355533529969762,-18.608357970828791],[-59.355530857268391,-18.608139452520128],[-59.35552863127662,-18.607957347886657],[-59.355527292467542,-18.607848092276214],[-59.355512913024462,-18.607714694988115],[-59.355575325017824,-18.607604720494052],[-59.355588222679593,-18.607616728011035],[-59.355779472440837,-18.607614601149802],[-59.355933359771186,-18.607685740617722],[-59.356202898167297,-18.607828441525207],[-59.356407192818686,-18.607850450367692],[-59.356571455249671,-18.607727205522959],[-59.356722671808818,-18.607579824274552],[-59.357057194690988,-18.607144205881493],[-59.357377205402443,-18.606880477184813],[-59.357670309775408,-18.606865068205547],[-59.358068524105491,-18.607103475075863],[-59.358184461392703,-18.607199315664086],[-59.358454892134866,-18.6074148538125],[-59.35882790554421,-18.607677819573862],[-59.359274606820392,-18.607709266311705],[-59.359648966839764,-18.60764000198462],[-59.359806577586816,-18.60756212020905],[-59.360041224208715,-18.607164652629375],[-59.360226544461995,-18.60684664905428],[-59.360643039286195,-18.606360197330261],[-59.361902377236646,-18.605263432356828],[-59.363206533010803,-18.60375780237149],[-59.363712128965744,-18.603570811556501],[-59.364206267596288,-18.603313425325819],[-59.364598084628511,-18.603339272844899],[-59.364905628750321,-18.603396296089048],[-59.365266319404462,-18.603472863582166],[-59.365497828202535,-18.603369530887569],[-59.365665491561828,-18.603236691707679],[-59.36587498040835,-18.603063074520719],[-59.366127650915054,-18.602959502760079],[-59.366233938196736,-18.602998616057459],[-59.366527424424731,-18.603169856364438],[-59.366683301770479,-18.603206476294059],[-59.366767692778645,-18.603196246835513],[-59.36688851806057,-18.603163628532947],[-59.367018665486221,-18.603140974174625],[-59.367187194786666,-18.603078643668532],[-59.367586861059465,-18.60288275199963],[-59.367807333685811,-18.602879150191036],[-59.368095916219673,-18.602977811884379],[-59.368373456584287,-18.603176205564061],[-59.368438290851536,-18.60328630218245],[-59.36869566964674,-18.60356552453171],[-59.36881365440987,-18.603695181215055],[-59.369452633443842,-18.604030581656982],[-59.369908915544919,-18.604136297667154],[-59.370166545089866,-18.604435660849536],[-59.370295352086387,-18.60458534212102],[-59.370468966267104,-18.604936020005841],[-59.370503554532498,-18.605167355963481],[-59.37060861135889,-18.605439444697755],[-59.370773595359097,-18.605670901018875],[-59.371118866778922,-18.605916415026044],[-59.371644263509509,-18.606187439715637],[-59.372157616912865,-18.606458292572],[-59.372742309681826,-18.606787438164432],[-59.373421861442012,-18.607209576491996],[-59.374124106596078,-18.607723667601455],[-59.374529539743413,-18.607970044942679],[-59.37478167841325,-18.608008050002866],[-59.375011124423402,-18.607954098833787],[-59.375228889799033,-18.607877065686594],[-59.375470884200432,-18.607788936623805],[-59.375714255926596,-18.607609198773545],[-59.375835766943567,-18.607530770659118],[-59.375958653968638,-18.607360749329153],[-59.376154078428236,-18.607168867575922],[-59.376289512681744,-18.606964659461596],[-59.376518209922033,-18.606766659520673],[-59.376709727391059,-18.606579837978824],[-59.37718778818126,-18.606051226178149],[-59.377877502387157,-18.605658747566189],[-59.378375505125753,-18.605437694919726],[-59.378566258560916,-18.605189323281916],[-59.378741258218767,-18.604971906118276],[-59.378996237515139,-18.604692034182165],[-59.379266797773028,-18.604365808018496],[-59.379635588664058,-18.604146214890054],[-59.380135868513108,-18.60410981081974],[-59.380460012059167,-18.604198502557374],[-59.380783396217716,-18.604225644662876],[-59.380994108309586,-18.604284831237887],[-59.381318645845411,-18.604404293780796],[-59.381627775733222,-18.604585488142906],[-59.381864483363536,-18.604784427649975],[-59.382140188569764,-18.604873660603396],[-59.382463953287619,-18.604931573743649],[-59.382690434527284,-18.604959803959304],[-59.383063795788225,-18.605109492474948],[-59.383112627807954,-18.605139720423203],[-59.383210103666165,-18.605184789508947],[-59.383439634908427,-18.60545922261544],[-59.383652257438136,-18.605672275653212],[-59.384172932985429,-18.60618766091018],[-59.38825563486543,-18.605694243794549],[-59.392719122064719,-18.605082242071468],[-59.392791815660104,-18.605048927456057],[-59.392936182241563,-18.605051003298549],[-59.393092584215992,-18.605053241772843],[-59.393368776083385,-18.605091563412454],[-59.393803501900074,-18.605158952087812],[-59.394674663186443,-18.605473454143301],[-59.395816018753898,-18.606289464694697],[-59.396160493875705,-18.60670003281643],[-59.396742951772616,-18.607991777745717],[-59.397052111794835,-18.608654149366529],[-59.397404220257108,-18.608837325658399],[-59.397752060812728,-18.60884443815565],[-59.398053002817733,-18.608786961219785],[-59.398390744634277,-18.608656993923223],[-59.398670582826561,-18.608419551729867],[-59.398951994746639,-18.608308238301067],[-59.399612667196656,-18.608372822622176],[-59.400275590063053,-18.608617579509374],[-59.400596050906771,-18.608613941017737],[-59.40110255246222,-18.608409972482423],[-59.401458910749376,-18.608261754976763],[-59.401721698079086,-18.608168674003227],[-59.402404381507452,-18.60848527922737],[-59.40265235918551,-18.608716724947843],[-59.403008711631315,-18.609043488430029],[-59.403458219658958,-18.609565299452637],[-59.403993654567508,-18.609973812768668],[-59.404460472490449,-18.610140823557661],[-59.404920024004355,-18.609987039044722],[-59.405560042884368,-18.609835838336291],[-59.406226289167158,-18.610349280669627],[-59.407032159183046,-18.610685159428499],[-59.407578614143084,-18.610660918522115],[-59.407823448796236,-18.610640103857204],[-59.408500462724973,-18.610358818419801],[-59.408841400253088,-18.610088804881379],[-59.409207251267773,-18.609761888405146],[-59.409260300329862,-18.609430506106019],[-59.409263021332556,-18.609247297910009],[-59.409196442955285,-18.608868394852131],[-59.409115967138469,-18.608615279853957],[-59.40906056175055,-18.608293807492018],[-59.409077519908948,-18.607961906221195],[-59.409131252796193,-18.607584720581478],[-59.409099568773449,-18.607286486964846],[-59.40910381771166,-18.607000222274781],[-59.409155506498507,-18.606760448149501],[-59.409302595729628,-18.60657929337793],[-59.409509495184651,-18.606421897811614],[-59.409656750867597,-18.606229298036613],[-59.409711496562998,-18.605783411104511],[-59.409641685657959,-18.605622077949011],[-59.409686105967808,-18.605061510167477],[-59.409810820540287,-18.604765503926977],[-59.410032292423104,-18.604436524021697],[-59.410216312406355,-18.604198636127599],[-59.410256651527838,-18.603912888349612],[-59.410260391621065,-18.603660970589878],[-59.410097567002403,-18.603280692311927],[-59.409982361545325,-18.602935458995489],[-59.409864098892299,-18.602796339458106],[-59.409747018992569,-18.602577066140466],[-59.409751097882221,-18.602302246955016],[-59.409840067407337,-18.601982829606882],[-59.409914959601039,-18.601800646387705],[-59.410074919598017,-18.601562417660418],[-59.41024775764717,-18.601267099738184],[-59.410494989588372,-18.600823957796088],[-59.410646824614858,-18.600322185560554],[-59.410708669084833,-18.600208542025236],[-59.410930819697064,-18.599833757818089],[-59.41102012413689,-18.599491437249025],[-59.411107562625396,-18.599275075498593],[-59.411318014559548,-18.598877217708537],[-59.411576580823663,-18.598480048377727],[-59.411967996907372,-18.598050412424822],[-59.412201658193482,-18.597710147274025],[-59.412364319545127,-18.597288698763297],[-59.41240431804934,-18.597025852249008],[-59.412585441492425,-18.596982619289079],[-59.412801813897239,-18.596997155235055],[-59.41304190260054,-18.597034939563841],[-59.413306732442152,-18.597027261350807],[-59.413524284044499,-18.596961641556984],[-59.413659842104288,-18.596745957803744],[-59.413569534304344,-18.596343815666124],[-59.4133907813329,-18.59622674146754],[-59.413042602183523,-18.59617596622024],[-59.412922637317607,-18.59615135928734],[-59.412743715195226,-18.596045730169326],[-59.412541245032578,-18.595905406528065],[-59.41236317638149,-18.595742528079374],[-59.412185951874314,-18.595522389384968],[-59.411986031864053,-18.595210308846294],[-59.411759337463621,-18.595081091595805],[-59.411616845093505,-18.594953079268745],[-59.41141624015556,-18.59468680499949],[-59.411335432384007,-18.594456584139508],[-59.411134828376241,-18.594190308599508],[-59.410884755157092,-18.594014944584135],[-59.410646368373882,-18.593862653051819],[-59.410527436589504,-18.59376933747118],[-59.41031429789107,-18.593537230093009],[-59.410126922597613,-18.593190969268328],[-59.409963600693452,-18.592845048595716],[-59.409836710168314,-18.592476742271934],[-59.409678499789976,-18.591787292548787],[-59.409563127014444,-18.591453514337417],[-59.409459448129255,-18.591142799999155],[-59.409355603242005,-18.590843540367683],[-59.409167895224257,-18.590520172162414],[-59.408907157590782,-18.590253033661707],[-59.408744865718987,-18.58983840190578],[-59.408824008774957,-18.589369953686123],[-59.409022770891454,-18.588949026863652],[-59.409027531451414,-18.588628413075188],[-59.409055162415875,-18.588388289751631],[-59.409015885162113,-18.587792166063309],[-59.409008788426569,-18.587459926486833],[-59.409023534641378,-18.587276895988346],[-59.409073185411479,-18.587174516992242],[-59.409111310873229,-18.587037631736525],[-59.409464746218617,-18.586733442556092],[-59.409695172427114,-18.586610748549756],[-59.409851724743454,-18.586601527918774],[-59.410029947919874,-18.586752963756442],[-59.410245621202726,-18.586813299642053],[-59.41052008763225,-18.586966110873373],[-59.410854356508395,-18.587142672803839],[-59.411029356035471,-18.587511667930546],[-59.411192838461282,-18.587846144186383],[-59.411402576735973,-18.588307252883567],[-59.411539454087347,-18.588813143648832],[-59.411894392974361,-18.589219058778003],[-59.412240692712196,-18.589395787852084],[-59.41258971037653,-18.589389316281896],[-59.412952289021355,-18.58927994726983],[-59.413205590929742,-18.589237749759143],[-59.413589676258532,-18.589300481361818],[-59.413769442385195,-18.589348857338429],[-59.413924628062368,-18.589431242582592],[-59.414282793459122,-18.58961959453309],[-59.414402586484712,-18.589655655613491],[-59.415114351079865,-18.589528362050427],[-59.415598572564065,-18.589329101668756],[-59.415878811362916,-18.589092574062782],[-59.416293907676774,-18.588686175406345],[-59.416935866222104,-18.588397540072666],[-59.417375526195237,-18.587957129006938],[-59.417505654648636,-18.587294702188142],[-59.418426814407518,-18.586025073199178],[-59.419496882296656,-18.585261491500848],[-59.420787036538478,-18.585073673749985],[-59.421833899905948,-18.585065650754732],[-59.422768944987979,-18.585296540168066],[-59.423651819923919,-18.58580155584086],[-59.424622622280623,-18.586055844629001],[-59.424948087152885,-18.586014654887396],[-59.425056684676868,-18.585993290367536],[-59.42558832077362,-18.585840497857298],[-59.42587786856123,-18.58578733514754],[-59.426538443766134,-18.58586542543005],[-59.426812244174435,-18.586064007580969],[-59.427181433365121,-18.586321207738624],[-59.427899124168007,-18.586606256494754],[-59.428233234001944,-18.586794232056786],[-59.428488545692552,-18.586614602762218],[-59.428682186608953,-18.586537185314118],[-59.428907204259723,-18.586780883577543],[-59.429144066870464,-18.587036198390638],[-59.429560876635954,-18.587328426352531],[-59.429981725555173,-18.587345845074427],[-59.430548608712883,-18.587250792219411],[-59.431095142756725,-18.586903495626501],[-59.431835655086793,-18.586455857683074],[-59.432499943596341,-18.586282012408894],[-59.433040833445105,-18.585499422947446],[-59.433044713558822,-18.585236061998259],[-59.43320445859198,-18.585009266680803],[-59.433326432770599,-18.584896457774612],[-59.433416356777322,-18.584508337156159],[-59.433335527745264,-18.584278128444708],[-59.43333838243209,-18.584083474155911],[-59.433400883586408,-18.583924020562737],[-59.433754610867432,-18.583596892161808],[-59.434241317811612,-18.583225825366533],[-59.434349911753962,-18.583204456911737],[-59.434602518283135,-18.583208036388811],[-59.434866977181414,-18.583223221400015],[-59.435046063287551,-18.583317381471229],[-59.435320372406956,-18.58348160112595],[-59.435592990724864,-18.583760324135969],[-59.435737171567766,-18.583773814680789],[-59.435931315970102,-18.583662033275399],[-59.436125462326672,-18.583550239944682],[-59.436557143411761,-18.583647966717447],[-59.43715690233946,-18.583770973715968],[-59.437383094636679,-18.58393450841163],[-59.437692992012309,-18.584133579733756],[-59.438246649608033,-18.58411849968736],[-59.438296613656028,-18.58399322462958],[-59.438444485024142,-18.583754801075166],[-59.438627945071488,-18.583551240245715],[-59.438797866847032,-18.583450565698918],[-59.439122635310191,-18.583455146746907],[-59.439689839652154,-18.583337176663282],[-59.439858240162387,-18.583339554743137],[-59.4400385045221,-18.583353548446517],[-59.440279076762799,-18.583356942935463],[-59.440594345913574,-18.583189602849277],[-59.440753069587281,-18.583031500565539],[-59.440768625216712,-18.582791207541366],[-59.440748760398712,-18.582504612523447],[-59.440889473843207,-18.581933954350564],[-59.441183707629591,-18.581560160462839],[-59.4416622218287,-18.580925550304812],[-59.441869728659867,-18.580722333949961],[-59.442281891074899,-18.580510539073732],[-59.442487209354198,-18.580456176280478],[-59.442715753964585,-18.580459393790232],[-59.44285908798134,-18.580530130146194],[-59.442975845663533,-18.580772292726532],[-59.442997387978615,-18.58094438905157],[-59.442995880583304,-18.581047442083804],[-59.443086397860576,-18.581438110151836],[-59.443084056173909,-18.581598413968244],[-59.443165737930514,-18.581771357882108],[-59.443261964099236,-18.581772716602519],[-59.443442729264483,-18.58175235823083],[-59.443620649059334,-18.581926660789399],[-59.443836654767189,-18.581964065402438],[-59.443969976025414,-18.581897221040272],[-59.443996218369136,-18.581748708117889],[-59.443867423078693,-18.58150638095697],[-59.443784730049423,-18.581402142781705],[-59.443762851943347,-18.581252949075381],[-59.443788924618744,-18.581115880956375],[-59.443909880310635,-18.581071772968301],[-59.444114196796555,-18.581086107975768],[-59.444390685235376,-18.581101454465916],[-59.444716134646249,-18.581060233155302],[-59.445162027133982,-18.581009249806961],[-59.445776652677296,-18.580937736393736],[-59.446209350330058,-18.580966736454876],[-59.446437553186598,-18.580992856792715],[-59.446954275430379,-18.581034492324054],[-59.447495218831811,-18.581065013345786],[-59.448354606571471,-18.58071061657391],[-59.448657518376777,-18.579741400186542],[-59.448786347998343,-18.579159115882039],[-59.449349520028413,-18.578491334461411],[-59.449701528351881,-18.578278679663129],[-59.450426574189528,-18.578059821247248],[-59.45065527392358,-18.578051588673894],[-59.450868939657887,-18.578249287737506],[-59.451384313621297,-18.578382508966932],[-59.45158713080275,-18.57849988746452],[-59.451682349528319,-18.578569941732283],[-59.452064244070371,-18.578781462881576],[-59.452398365902084,-18.578969398629749],[-59.452765728444078,-18.579352500960432],[-59.453143944802804,-18.579815919496291],[-59.453272915320014,-18.580046786368737],[-59.453387852311657,-18.580414887207255],[-59.453480748043674,-18.580645251135035],[-59.453584481568001,-18.580955924269148],[-59.453687233676384,-18.581335311539856],[-59.453706777173217,-18.581644807933163],[-59.453834411704619,-18.581967271347519],[-59.454179401137637,-18.582235528931346],[-59.45445455325136,-18.582342469356245],[-59.454656702597966,-18.58250563941035],[-59.454905293347998,-18.582783995974214],[-59.455238256665652,-18.583052082591649],[-59.455522769020853,-18.583342393989902],[-59.455892314790034,-18.583576631837843],[-59.456499937945701,-18.583985991782249],[-59.457245208119446,-18.584030804150693],[-59.457822588126156,-18.584038901344471],[-59.45821936961881,-18.584055915065001],[-59.458519914208217,-18.584071577923108],[-59.458734267719791,-18.584223470643973],[-59.45903281724793,-18.584376541227332],[-59.459223108665363,-18.584528084759615],[-59.459521659099188,-18.584681152805921],[-59.459893382425776,-18.584766533952784],[-59.460205290470377,-18.584828162633052],[-59.460517705278065,-18.584855442770198],[-59.460721197110722,-18.584927006970453],[-59.460984159701844,-18.585045216595937],[-59.461116141484816,-18.585069969449243],[-59.461427387458173,-18.585177398539589],[-59.461606991291411,-18.585237174215699],[-59.461954490287013,-18.58533366640663],[-59.462326548978666,-18.585396132637687],[-59.462638962246196,-18.585423405941246],[-59.463008852491896,-18.58563472852655],[-59.463405472750196,-18.58566318645482],[-59.463993380678033,-18.585774482526091],[-59.464520816213486,-18.585907832345747],[-59.464785949763844,-18.585877187772322],[-59.465050578638689,-18.585880881890958],[-59.465486606981209,-18.5856808296029],[-59.465751407835832,-18.585673078099031],[-59.465945357858772,-18.585572712061886],[-59.466200952505304,-18.585370141574387],[-59.466466919208685,-18.585282238831216],[-59.466897060421275,-18.584658357720933],[-59.467061078210158,-18.584133826274126],[-59.467208239998634,-18.583941187356423],[-59.467533011972506,-18.583945720241232],[-59.467905231487983,-18.583996729914478],[-59.468049079823444,-18.584033099005126],[-59.468239874470491,-18.584150293403642],[-59.468465430878382,-18.584359580702969],[-59.468582723831226,-18.584567367556836],[-59.468939604231196,-18.584847213761588],[-59.469873188796612,-18.585180916326006],[-59.470698021094378,-18.585547445847677],[-59.471539860775401,-18.585570646030721],[-59.471937302474771,-18.585541826184549],[-59.472177874322327,-18.585545179734041],[-59.472469885594428,-18.585320199027787],[-59.47282004444078,-18.585233465501602],[-59.473037219633028,-18.585190676113783],[-59.473375012674602,-18.585126668727071],[-59.47359318547268,-18.585015188670564],[-59.473787961593246,-18.584857566518551],[-59.473996425352766,-18.584585613433468],[-59.474120520262957,-18.584323925532441],[-59.474265531187243,-18.584280138991662],[-59.474747830834986,-18.584206690894423],[-59.474856584328855,-18.584173841283608],[-59.47498889462463,-18.58417569107948],[-59.47508529318555,-18.584165580550621],[-59.475230798370021,-18.584087437756121],[-59.47531797308686,-18.583882509615826],[-59.475322113904369,-18.583596254794738],[-59.475323605880533,-18.583493201766522],[-59.475434679163499,-18.583300053446727],[-59.475582659339977,-18.583050161379042],[-59.475815343808677,-18.58276708980728],[-59.475863948900198,-18.582733405601015],[-59.4762292720998,-18.582429271988524],[-59.476424043414696,-18.582271648013272],[-59.47680023646214,-18.582047840009864],[-59.477018240850789,-18.581947797509446],[-59.477188954831831,-18.581789839895848],[-59.47730084742971,-18.581539442076455],[-59.47724434412698,-18.581286706050026],[-59.477162799781823,-18.581102324941611],[-59.477116338792072,-18.580987157324714],[-59.477071373690286,-18.580768933824999],[-59.477075177937039,-18.580505579894734],[-59.477104367097283,-18.580150951398199],[-59.477179013029627,-18.579980207927637],[-59.477337367234448,-18.579844979318811],[-59.477820812351673,-18.579691371343397],[-59.477946058195165,-18.57934954124098],[-59.477971108551003,-18.579281179035277],[-59.47798611943395,-18.579075238252972],[-59.477990258051406,-18.578788983317654],[-59.477970662233702,-18.578479496395122],[-59.477962111348582,-18.578238868795886],[-59.47791731171241,-18.578009201001208],[-59.477908425163612,-18.577791477619989],[-59.477960174514365,-18.577540240860156],[-59.477987216670513,-18.577334475795052],[-59.478074386418697,-18.577129541899346],[-59.478244099713933,-18.577040287914169],[-59.478341153440802,-18.576984372385759],[-59.478486979857202,-18.576883326080491],[-59.478753910078886,-18.576726711025927],[-59.479191549450064,-18.576412130366663],[-59.479614180697666,-18.576303477431981],[-59.480210833352352,-18.575807871285257],[-59.480734308200446,-18.575379956255219],[-59.481195172766526,-18.575122952996377],[-59.48141713173446,-18.574748105386234],[-59.481615029765692,-18.574372926797604],[-59.481753609143226,-18.573939654404143],[-59.481892693159352,-18.573472046111288],[-59.48208993022174,-18.573142660343485],[-59.48239474870114,-18.572860583408094],[-59.482759878817518,-18.57256789674032],[-59.483331781130545,-18.572117746017433],[-59.483805984451628,-18.571769304904699],[-59.48410766321166,-18.571704778294883],[-59.484707886667081,-18.571793279591827],[-59.485537291539053,-18.571839148297716],[-59.486031743681693,-18.571754395077978],[-59.486644827416526,-18.571785806072878],[-59.487478521302101,-18.571533966420017],[-59.48827464587464,-18.571384673283685],[-59.488600548193752,-18.571309031481821],[-59.488866960209897,-18.571186743328276],[-59.489061541455989,-18.571040564945246],[-59.489352015137868,-18.570918613260964],[-59.489641667042676,-18.570853914411344],[-59.490050597779685,-18.570859582023761],[-59.490315206454525,-18.570863244538334],[-59.490736003349696,-18.57088052476961],[-59.491084638552231,-18.570896812216535],[-59.491336888675733,-18.570923208234877],[-59.491480227858986,-18.570993908349624],[-59.491623732172343,-18.571053161540679],[-59.491778775526399,-18.571146924917223],[-59.491814694569349,-18.571158876275451],[-59.492125273055279,-18.571312058445464],[-59.492279490601355,-18.571463071826084],[-59.492433043413229,-18.57165988584158],[-59.492503237892549,-18.571798291070881],[-59.492716282843361,-18.572041731504015],[-59.492858308731229,-18.572204036069827],[-59.492964085624997,-18.57237728300057],[-59.493116244191135,-18.572680749308617],[-59.493191573907033,-18.573024772251205],[-59.493208858754208,-18.573045455380942],[-59.493212384618957,-18.573109264805883],[-59.493341741839714,-18.573305832683523],[-59.493566899244222,-18.57353807550373],[-59.493684204772556,-18.573734478444983],[-59.493813749163422,-18.573919579655744],[-59.494005338810567,-18.573990942746828],[-59.494243279908936,-18.574177526506315],[-59.494408948843429,-18.574363128612763],[-59.49452773050902,-18.574467873804899],[-59.494729167165943,-18.574676881694089],[-59.494929693534374,-18.574943166804758],[-59.495117793300963,-18.57523219784791],[-59.495306269281883,-18.575498317936873],[-59.495494385169025,-18.575787357006252],[-59.495636148211965,-18.575961168208199],[-59.495752362637234,-18.576226311547337],[-59.495845774779099,-18.576410927985158],[-59.495962538113545,-18.576641696581571],[-59.496067817297934,-18.576837933691483],[-59.496311919324761,-18.577391285441113],[-59.496439451399347,-18.577702412506262],[-59.496495448612386,-18.577966734426173],[-59.496503447946566,-18.578218942578008],[-59.496511455831595,-18.578471151771325],[-59.496509434037655,-18.578597169582238],[-59.496493169546106,-18.578860514554638],[-59.496500438770077,-18.579158545227354],[-59.49660424712048,-18.579446434047448],[-59.49672027724592,-18.579723031506546],[-59.49683723520269,-18.579942342907927],[-59.496894517583513,-18.580126466397338],[-59.496938467165599,-18.580390623337028],[-59.496958516140424,-18.580642996320293],[-59.496967261584544,-18.580849375312656],[-59.496998990889267,-18.581124821560088],[-59.497066849249357,-18.581400763233148],[-59.497208074489805,-18.58160894627995],[-59.497313902747443,-18.581770815734483],[-59.497466442007948,-18.582024983579572],[-59.497535039016931,-18.582255096156047],[-59.497603636062834,-18.582485214107844],[-59.497636092806644,-18.582714830031016],[-59.497714722033578,-18.58307112880269],[-59.497816333036013,-18.583496498093155],[-59.497932185356483,-18.583784550388611],[-59.498049693285381,-18.583969485158409],[-59.498264106706607,-18.584121367403817],[-59.498433827789292,-18.584054913134704],[-59.498637855648397,-18.584103524347093],[-59.498804638852988,-18.584220371254965],[-59.498983282612336,-18.584348850251608],[-59.499234200363752,-18.584478302408225],[-59.499378186535111,-18.584514634827446],[-59.499510120874817,-18.58455079468904],[-59.499690419607788,-18.584576163844467],[-59.500015259217605,-18.584603484276709],[-59.500195922910315,-18.584605933135268],[-59.5003884539883,-18.584620002351443],[-59.500484809942556,-18.584621310536509],[-59.500605804237217,-18.584588575245174],[-59.500760357718285,-18.584716724482924],[-59.501099713766756,-18.58465256030361],[-59.501769785133874,-18.583818996001465],[-59.502152445119897,-18.583842525034719],[-59.502477126209449,-18.583818026325144],[-59.502786409210152,-18.583706012245006],[-59.503081028244388,-18.583563224732917],[-59.503316811833628,-18.583498518283339],[-59.503625337954887,-18.583546439198109],[-59.504698244504191,-18.583621391433777],[-59.505131238209714,-18.58359559923408],[-59.50530369359754,-18.583485208897876],[-59.505416094092809,-18.583360062524193],[-59.505620193769218,-18.583053255561694],[-59.505775765965389,-18.582741872326427],[-59.505838421632667,-18.582519285407145],[-59.505922656119594,-18.582420269050374],[-59.506106426509717,-18.582337821012782],[-59.506373968056089,-18.582345150600169],[-59.506816450636066,-18.582392467193383],[-59.508309706724241,-18.582365226403009],[-59.508417418458464,-18.582317509550066],[-59.508950010077072,-18.582007816311151],[-59.509314330439246,-18.581745524375602],[-59.509529543914809,-18.581634619904271],[-59.509625371744242,-18.581550932972249],[-59.509792090570521,-18.581213404763524],[-59.510079297373345,-18.58094708263371],[-59.510515435158375,-18.580510729519951],[-59.510745611724126,-18.580329222059561],[-59.511150450543411,-18.580166651036642],[-59.511709050625882,-18.58020205581467],[-59.51253835873537,-18.580486594167951],[-59.512667892663607,-18.580611248219462],[-59.512822069036545,-18.58084075324463],[-59.512907027783044,-18.581112580802486],[-59.512993429085597,-18.581238906468176],[-59.51312645127382,-18.581381767332168],[-59.51334110616331,-18.581446271100123],[-59.513454988110411,-18.581434588109104],[-59.513539952206301,-18.581392301442065],[-59.513895577037637,-18.581336476826618],[-59.514078002567295,-18.581334297234349],[-59.514175656937383,-18.581389882800277],[-59.514255735557292,-18.58140955776739],[-59.514441086216586,-18.581412506506325],[-59.514888187619889,-18.581159541332418],[-59.515156195967869,-18.580944814482727],[-59.515324311280487,-18.580720974535055],[-59.515381249731028,-18.580498462759273],[-59.515418987563407,-18.580116253454012],[-59.515485031697992,-18.579934904996364],[-59.515552344163439,-18.579851555463879],[-59.51573681014802,-18.579787437270014],[-59.516072406700623,-18.579726686584927],[-59.516169586035552,-18.579746166350535],[-59.51641457971818,-18.579949590560268],[-59.516496286964859,-18.580093054496192],[-59.5166860245198,-18.580214603590445],[-59.516992236903718,-18.580303805064869],[-59.517181313817417,-18.580373763297146],[-59.517641294092911,-18.580450806200115],[-59.517938005763192,-18.580467900544598],[-59.518248422711153,-18.580443545524396],[-59.518595625438117,-18.580398119749496],[-59.518912825878459,-18.580456237656666],[-59.519284871534197,-18.58056527723565],[-59.519460294164901,-18.580681525188965],[-59.519516668535168,-18.580771626781907],[-59.519562744874328,-18.581023862740064],[-59.519598448868464,-18.581136926705245],[-59.51969521520347,-18.581342121564592],[-59.519834141961432,-18.581500385392772],[-59.520165735704218,-18.581785313538287],[-59.520412498184022,-18.581906164711491],[-59.520764520358952,-18.582010288700936],[-59.520969615535016,-18.581997516181307],[-59.52133567981118,-18.581869313812032],[-59.521657874553917,-18.581613074363375],[-59.522085954761259,-18.581450211210299],[-59.522641645016904,-18.581264780135296],[-59.523303072565305,-18.581162204165093],[-59.523478708356954,-18.581254744133574],[-59.5240147508988,-18.581342955000604],[-59.524421648682036,-18.581338074829567],[-59.524945786478398,-18.581405386972744],[-59.525410545538222,-18.581378789447829],[-59.525943811920712,-18.581256704426409],[-59.526279709721038,-18.581158034352235],[-59.526523718228106,-18.581144590272945],[-59.526756523524845,-18.581162832571724],[-59.526921004153564,-18.581122139223048],[-59.527106532810727,-18.580923875540297],[-59.527455491128478,-18.58079587602008],[-59.527629947675706,-18.580746742445893],[-59.52786288029673,-18.580775504552815],[-59.528317951213623,-18.580896216696335],[-59.5287462022009,-18.581159335070055],[-59.529055130615959,-18.581238158648677],[-59.529298504527418,-18.581317776346051],[-59.529442378626214,-18.581419213693774],[-59.529630452089272,-18.581628474572501],[-59.529826467485734,-18.582007873276304],[-59.530849332953586,-18.582857852371966],[-59.531300044592939,-18.583149240319372],[-59.531507339141633,-18.583375722556482],[-59.532771407621134,-18.58443846849234],[-59.53295044723275,-18.584611709334538],[-59.533137223768307,-18.5847229593763],[-59.533410666071568,-18.584704186583117],[-59.534058448390887,-18.584753123285239],[-59.534435762368666,-18.584614445866151],[-59.535035071510201,-18.584447298047273],[-59.535483393584471,-18.584287130427107],[-59.535815037043506,-18.584143847461768],[-59.53609471050364,-18.584166267980265],[-59.5362205396885,-18.584195706265564],[-59.536395436160348,-18.584270978488526],[-59.536486091395865,-18.584228612649753],[-59.536548126906652,-18.584176268695284],[-59.536603829008321,-18.584077584066883],[-59.536710498612422,-18.583952480829694],[-59.537123043307076,-18.583890753631461],[-59.537456401477655,-18.583876416065849],[-59.537838098511472,-18.583724591869441],[-59.538242073827789,-18.58349889067485],[-59.538516915969517,-18.583180100026908],[-59.538675812286812,-18.582909919694266],[-59.538798006487212,-18.582406063189325],[-59.538912040155694,-18.582236419442662],[-59.539176365228954,-18.582001888281138],[-59.539500764455518,-18.581913847223085],[-59.539779649476088,-18.581899965760837],[-59.540101813990177,-18.581643697165237],[-59.540181863453284,-18.581316949451242],[-59.540607385403149,-18.580945534538344],[-59.540801141001189,-18.580938031354233],[-59.541072606324249,-18.580986339914041],[-59.541153442615688,-18.581062754004567],[-59.541233935075759,-18.581113356835669],[-59.541325213605376,-18.581117417442943],[-59.541416218039366,-18.581100849903123],[-59.541639328759423,-18.580943064238909],[-59.541729775227829,-18.580967899860788],[-59.542104451812087,-18.581163168600341],[-59.54292189987148,-18.581426689367248],[-59.543446867810168,-18.581556475382456],[-59.543733918318104,-18.581692503660367],[-59.543899570903989,-18.58171629233388],[-59.544139062872382,-18.581718549521117],[-59.544353587675765,-18.581772701746821],[-59.544502771151947,-18.581843124501262],[-59.544623925769493,-18.581949987096298],[-59.544742708646176,-18.582093003967284],[-59.54482647713958,-18.582270758722512],[-59.54488740501052,-18.58248033262058],[-59.545377169360897,-18.582998796022064],[-59.545604414345547,-18.583060528885021],[-59.545835109656295,-18.582921031974291],[-59.546123935128328,-18.582780832299065],[-59.546333340058254,-18.582788800915381],[-59.546648075909687,-18.582848090350083],[-59.547412441014075,-18.582617995011656],[-59.547779831418275,-18.582266529774927],[-59.547943524717105,-18.582009603554592],[-59.548039063995859,-18.581905273008857],[-59.548250566013479,-18.581732469677579],[-59.548305788326026,-18.581597669876395],[-59.548423092503995,-18.581415683447066],[-59.548490947126965,-18.581373598869114],[-59.548542252789517,-18.58137297580042],[-59.548681439092618,-18.581335170081264],[-59.54892147154483,-18.581014017788394],[-59.549221674635476,-18.580865930252237],[-59.549703235059205,-18.580849774562559],[-59.550096781723745,-18.580860480286546],[-59.550360931504962,-18.580917722354652],[-59.550560606686474,-18.581038233272544],[-59.550746723370388,-18.581195197629786],[-59.550994727857457,-18.581444150242444],[-59.551205882130063,-18.581709289117221],[-59.551245635611551,-18.581837898602249],[-59.551576995517983,-18.582535394748934],[-59.551749752495134,-18.58273916097361],[-59.551996204126752,-18.583195063514257],[-59.552210748085912,-18.583486013690173],[-59.552337740426132,-18.583545765218553],[-59.55245236274245,-18.583559188149255],[-59.552554304166733,-18.583510759180214],[-59.552632756058507,-18.583431723986699],[-59.55280488730498,-18.583319944261817],[-59.552958266774461,-18.583270563784357],[-59.553113834408229,-18.583329801408219],[-59.553194057247687,-18.583338675206843],[-59.553267735848273,-18.5833062854446],[-59.553353922556958,-18.583185732241571],[-59.553379384573944,-18.583030064239281],[-59.553333085088468,-18.582860195350605],[-59.553348250597686,-18.582761623966416],[-59.55371750767673,-18.582501373238102],[-59.55394788207704,-18.58230057504403],[-59.554005695864355,-18.581906355209426],[-59.554065234842007,-18.581739717439728],[-59.554157139749357,-18.5816190593311],[-59.554298566338083,-18.581544050242066],[-59.554433031873437,-18.581407081180316],[-59.554518174468171,-18.581234798733643],[-59.554501486203868,-18.580831599827697],[-59.554450864873552,-18.580589391661285],[-59.554478033913178,-18.580376790169979],[-59.554605953104783,-18.580198558179895],[-59.554702526856452,-18.58002607551866],[-59.554766937804743,-18.579750725427747],[-59.554809990120596,-18.579475758889153],[-59.554870164161201,-18.579340153134225],[-59.554982908481669,-18.579260489615891],[-59.555241174049769,-18.579167819208397],[-59.555498352965564,-18.579163108386023],[-59.555618058202242,-18.579145402650607],[-59.555812326719519,-18.578996986860226],[-59.556162396978358,-18.57843169488099],[-59.556167179362731,-18.578202607411107],[-59.556050484755424,-18.578085762785445],[-59.555981426682131,-18.577921490560712],[-59.555970172987919,-18.577362805247613],[-59.556086486040478,-18.576770154825194],[-59.556456666806234,-18.576046315020605],[-59.557215517291588,-18.575515704152021],[-59.5574566624786,-18.575332025389574],[-59.558033478216949,-18.57502620032901],[-59.558293691290245,-18.57463125682855],[-59.558462358065682,-18.574322365594401],[-59.559088056267029,-18.572971688295979],[-59.55929082974658,-18.572619979369826],[-59.559436184010259,-18.572310935904014],[-59.559550880402455,-18.572219182376603],[-59.559785444083076,-18.572085554473777],[-59.56001882318337,-18.572034711076917],[-59.560446976882467,-18.571861322281308],[-59.56073990659754,-18.571503851080831],[-59.560787089703098,-18.571074682583301],[-59.560757135211205,-18.570723449027465],[-59.560704135694316,-18.570646823800196],[-59.56061186412505,-18.570607128840653],[-59.560554510230787,-18.570597837242111],[-59.56031255934851,-18.570648830143323],[-59.560070473594024,-18.570834344863819],[-59.55996811616852,-18.570862078559237],[-59.559893835583424,-18.570863440669644],[-59.559841767378515,-18.570833352906199],[-59.559789184435814,-18.570777418472375],[-59.559744656284444,-18.570695463058698],[-59.559757846119886,-18.570498639158643],[-59.559855139274319,-18.570362352021306],[-59.559979090055599,-18.570149180193141],[-59.560288040530104,-18.569858794937751],[-59.560656532838713,-18.569630596963371],[-59.561121017424774,-18.569537711434251],[-59.561775183256813,-18.569599526048133],[-59.562041968951874,-18.569531351628296],[-59.562167819063887,-18.569413055891285],[-59.562175225393474,-18.569202021949007],[-59.562098710200821,-18.568876530528566],[-59.562098773094156,-18.56855919304795],[-59.562123474577902,-18.568367337218874],[-59.562272209384169,-18.568230105358769],[-59.562720999605538,-18.567937149835579],[-59.562870174958391,-18.567818426181486],[-59.563247764139852,-18.567463515963492],[-59.563451595835524,-18.567164511235216],[-59.563463630126975,-18.566605410441117],[-59.56359625243681,-18.566244443689168],[-59.563993952626085,-18.565730993532139],[-59.564199482183497,-18.565516323779288],[-59.564579618210693,-18.565287897995272],[-59.565334128790191,-18.564546443414248],[-59.565599843175285,-18.564425568343921],[-59.565867675100847,-18.564410116296997],[-59.566109868932685,-18.564279118616099],[-59.567280738427627,-18.563371832605046],[-59.567985910439369,-18.563074166969006],[-59.568311798015557,-18.563047091842076],[-59.569072896407647,-18.562632389671212],[-59.569610635255451,-18.56212690062787],[-59.56983988544274,-18.561932865590268],[-59.57009521121995,-18.561875453911565],[-59.57030881342066,-18.562060756592849],[-59.570541005714439,-18.562583970817574],[-59.570928753699185,-18.562724529011529],[-59.571370318427597,-18.562642557995705],[-59.571961118018642,-18.562441801676663],[-59.572170555792823,-18.562416844519905],[-59.572417323804068,-18.562507257150486],[-59.572745697298345,-18.5625961609516],[-59.573011737619936,-18.562485768238371],[-59.573160324743469,-18.562335344417143],[-59.573238345507356,-18.562156082597102],[-59.573253572318471,-18.561776463479013],[-59.573216278094712,-18.561487453940813],[-59.57323483981186,-18.561275003487651],[-59.573397949003393,-18.561142674318802],[-59.573547925415461,-18.561067496375419],[-59.573716897634739,-18.561019959318767],[-59.57424495458234,-18.561189172783322],[-59.574786579157852,-18.561326029704347],[-59.575302220577974,-18.561523462442466],[-59.57547459934019,-18.561566849121547],[-59.575786880888622,-18.561602485513294],[-59.576100658581943,-18.561570841481487],[-59.576560574428726,-18.561557194411755],[-59.576930455640927,-18.561472794037236],[-59.577261191032925,-18.561290813553473],[-59.57759593283005,-18.56116566399708],[-59.57772736892413,-18.561163240624875],[-59.577812347099446,-18.561125464517186],[-59.577890891423792,-18.561051589097517],[-59.578060879041345,-18.56083636811109],[-59.578442212227742,-18.560612064178677],[-59.578949007033565,-18.560090587713223],[-59.579418093000335,-18.559683606292186],[-59.579739838432488,-18.559481106614399],[-59.579972270476198,-18.559244025385176],[-59.580095898435019,-18.559138285357857],[-59.580225653166849,-18.559053121068402],[-59.580381856565751,-18.559003686988014],[-59.580482403289174,-18.558888026804283],[-59.580549856080339,-18.558690197311481],[-59.580544614730734,-18.55843163237817],[-59.580693324660054,-18.558294396444733],[-59.580761894845942,-18.558293132450778],[-59.580970934688573,-18.55824092169037],[-59.581188722401329,-18.558057641351507],[-59.581423198372768,-18.557547170794663],[-59.581653285131999,-18.557395301833104],[-59.582048656570606,-18.557345828402593],[-59.582328782718619,-18.557361754733058],[-59.582757990674025,-18.557538647686325],[-59.582914062422802,-18.557623718536316],[-59.583212442055014,-18.557819957407133],[-59.583350746539296,-18.557874314003588],[-59.583539107702656,-18.557860493926647],[-59.58384377559527,-18.557803140123049],[-59.584322843008216,-18.557747741391687],[-59.58499593712979,-18.557860789762341],[-59.585115486175766,-18.557687689065535],[-59.585142167521454,-18.55759408041056],[-59.585133748823111,-18.557320061710136],[-59.585081951703494,-18.557020980891203],[-59.585025567074993,-18.556918560404512],[-59.58492934119392,-18.556542693424767],[-59.584823617725391,-18.555980780485594],[-59.584839795183015,-18.555370048954362],[-59.58491612013858,-18.555187585687502],[-59.58499405392925,-18.554943005315273],[-59.585186151600077,-18.55469083491905],[-59.585339838792486,-18.554517602443045],[-59.5854585653613,-18.554327864596829],[-59.585512563083263,-18.554115972530102],[-59.585625035061554,-18.553913537506602],[-59.585945559241679,-18.553622902202466],[-59.586749100161533,-18.553007011065553],[-59.587217692156557,-18.552544936182073],[-59.587453896422467,-18.552494019899367],[-59.587838054568934,-18.552269650273839],[-59.588102864527542,-18.551938845912101],[-59.588589675924688,-18.551562571611711],[-59.589005466067711,-18.551347965673255],[-59.589504552478843,-18.551012832791692],[-59.590011372878941,-18.550496495981022],[-59.590129685203223,-18.550411536909341],[-59.590587299142577,-18.550004747079743],[-59.59099761492098,-18.549521246212912],[-59.591227811766103,-18.549175565732313],[-59.591651130852981,-18.548769409073596],[-59.591772552294955,-18.548415388114151],[-59.59194686100183,-18.548132814142374],[-59.592213033785093,-18.547869229975646],[-59.592250295913587,-18.547734042282574],[-59.592259414477887,-18.547620067503882],[-59.592515649992492,-18.547149746459461],[-59.592724559772769,-18.546882054680914],[-59.593110543751585,-18.546326572736298],[-59.593288466150739,-18.545940472246521],[-59.593285335462028,-18.54564567015159],[-59.593266514091162,-18.545563246996288],[-59.593251631907272,-18.545253131205481],[-59.593308257361727,-18.545086549537068],[-59.593385517808606,-18.544950617711585],[-59.593389247845089,-18.544852254982633],[-59.593316589020297,-18.544512184572959],[-59.593258669791219,-18.544052844226297],[-59.593257847494748,-18.54387180383236],[-59.593415787232153,-18.543346394471889],[-59.593516865849224,-18.543116906369931],[-59.593887586184273,-18.542654822702161],[-59.594001171597021,-18.542259910359959],[-59.594178978031344,-18.542008313889738],[-59.594491553329298,-18.54107654587213],[-59.594654851254496,-18.54081486554071],[-59.594825122106712,-18.540615148153407],[-59.594851175318006,-18.540490506092301],[-59.594869315686807,-18.540117705747647],[-59.595094826589033,-18.539823852341105],[-59.595132614879546,-18.539714516162555],[-59.595511802908348,-18.539107415157094],[-59.595586876937062,-18.538723226313856],[-59.595530627986456,-18.538346626707927],[-59.595368558361592,-18.538106486786866],[-59.595235461599238,-18.538026178159352],[-59.594935427631334,-18.53774721322668],[-59.594876496910032,-18.537660356864908],[-59.594840972099171,-18.537459268020843],[-59.594917599491311,-18.537292315412873],[-59.594976745726221,-18.537249835820493],[-59.595327941401329,-18.537093313140829],[-59.595538619952734,-18.537053206981035],[-59.595825474847778,-18.536965126951824],[-59.59591435963096,-18.536839332623202],[-59.595996712641764,-18.536672265090854],[-59.596357454742112,-18.536282778691472],[-59.596745052012459,-18.536089382199272],[-59.596845784818854,-18.535984048481264],[-59.59740362853487,-18.535730590252708],[-59.597665305200785,-18.535668839948006],[-59.598227043478403,-18.53560671435222],[-59.598687923541142,-18.535644732990335],[-59.598795119507201,-18.535575497285922],[-59.59917390541932,-18.535511575081916],[-59.59934003337532,-18.535529185334539],[-59.59992237878955,-18.535637378366083],[-59.600465261284747,-18.535772174093566],[-59.600802554883991,-18.535915944858296],[-59.601197527203958,-18.535944825055072],[-59.601643494138187,-18.53609174823594],[-59.601885569015792,-18.536190729982525],[-59.602106378012344,-18.536228023704137],[-59.602384327138033,-18.536403922971868],[-59.602477430866017,-18.536484969024535],[-59.602948891485163,-18.536760749824101],[-59.603185668300547,-18.536880506338814],[-59.60375818505446,-18.537066462547713],[-59.604279900973843,-18.537284401264788],[-59.60505015297462,-18.537637397094628],[-59.605165264610456,-18.537676645224519],[-59.606210309145915,-18.537910741455843],[-59.606584444056196,-18.538038297806622],[-59.607010295862693,-18.538320081497012],[-59.607499220270547,-18.538611037606628],[-59.607599946301967,-18.53878505280521],[-59.608102308595008,-18.539174049589334],[-59.60843738799398,-18.539488548443661],[-59.60914204257115,-18.539987597031157],[-59.609508350252725,-18.540151500411799],[-59.609669387546063,-18.540200237580986],[-59.610342540030139,-18.540275666442064],[-59.61064091423853,-18.540192536276013],[-59.611031882180264,-18.540024893656195],[-59.611547916411354,-18.539963568686176],[-59.611889151351193,-18.539879620390121],[-59.61254972022391,-18.539619033477273],[-59.612936560757767,-18.539389400580014],[-59.613031045549185,-18.539258317386768],[-59.613108712025451,-18.539003392800506],[-59.613145111570283,-18.538826836766805],[-59.613402871870335,-18.538434064615082],[-59.613525931989415,-18.538162780463669],[-59.61387901281784,-18.537680284881549],[-59.614040268102336,-18.537320347376081],[-59.614212203694244,-18.537203343247203],[-59.614348594402692,-18.537164588317076],[-59.614444662343956,-18.537111080591327],[-59.61457830326485,-18.536937876059074],[-59.614751293206112,-18.536630227676611],[-59.614825322243128,-18.536260359112411],[-59.614992558034857,-18.535888182299114],[-59.615323574268459,-18.535544595811142],[-59.615507894483258,-18.535194569958271],[-59.615595183902386,-18.534851527704063],[-59.61571896844444,-18.534616440318104],[-59.615842130970144,-18.534489991320598],[-59.616027399961894,-18.53418651894992],[-59.616031524391609,-18.534108840742128],[-59.616091515575427,-18.533828377248664],[-59.615942644674341,-18.533117269424093],[-59.61592488105476,-18.532667546952606],[-59.615995450860289,-18.531926490211884],[-59.616210024330712,-18.531658674209744],[-59.616252244871319,-18.531487177374579],[-59.616400159155511,-18.531034369248527],[-59.616615893897013,-18.530823436877931],[-59.616728777670673,-18.530754085261925],[-59.617236742285961,-18.530299751112125],[-59.617512763143466,-18.529907830492505],[-59.617690225890733,-18.529765523803871],[-59.618218990822378,-18.52962812241541],[-59.618689210721712,-18.529574329269746],[-59.619087191117082,-18.529469949024467],[-59.619509454806305,-18.529282505815807],[-59.619873173287942,-18.529178662588901],[-59.620442541641154,-18.528911401665045],[-59.620920660047972,-18.528650734921285],[-59.62102676403228,-18.528509530156786],[-59.621667889599564,-18.528096430739225],[-59.622141782926086,-18.527923691584466],[-59.622406773643291,-18.52772317319674],[-59.62299204492647,-18.527383300865452],[-59.623363786456274,-18.527248321316918],[-59.623649949283674,-18.527285235809334],[-59.624229422162472,-18.527276249465224],[-59.624534065820278,-18.527225000049047],[-59.624999230855579,-18.527378015613607],[-59.625274119165582,-18.527590842767442],[-59.62549220505894,-18.527654653015556],[-59.626187033789769,-18.528047024634361],[-59.626709941217243,-18.52806991509248],[-59.626893172923587,-18.528098084758227],[-59.627512788069254,-18.528098801136959],[-59.627721691014116,-18.528126572415257],[-59.627965951679158,-18.528050412544605],[-59.628226727386163,-18.527937817700298],[-59.62849964992823,-18.527700991261984],[-59.628883932825524,-18.52729703137793],[-59.628984876889952,-18.527021531215318],[-59.628982847866212,-18.526902674132931],[-59.62887615174607,-18.526506339844314],[-59.628295254019996,-18.52609670048237],[-59.627723854865842,-18.525909155170549],[-59.627500791899422,-18.525721370350645],[-59.627497617709942,-18.52553535623759],[-59.627583023861199,-18.525353126215329],[-59.627917147719224,-18.525022305018986],[-59.628364639353691,-18.524808609569334],[-59.628756043185604,-18.52448724227046],[-59.629100383566389,-18.524419868328916],[-59.62925266931309,-18.524308961722191],[-59.629387661010583,-18.524187982532343],[-59.629649952097651,-18.523997833234048],[-59.629757537754777,-18.523944475045397],[-59.630002497127258,-18.523909654723344],[-59.630181528365441,-18.523860359392337],[-59.630370517130714,-18.523557630600067],[-59.630488138701992,-18.523256019381716],[-59.630606730018769,-18.523011254873413],[-59.630706678884827,-18.522844305819081],[-59.631181583366086,-18.522397582859625],[-59.631240902576785,-18.522360473218512],[-59.631400398862645,-18.522337324484653],[-59.631549190865528,-18.522355683371618],[-59.631685325924174,-18.522301877689372],[-59.631792726754675,-18.522238188150059],[-59.631936017267641,-18.522101573268266],[-59.632108042536785,-18.521809452775443],[-59.632223717034655,-18.521394155443556],[-59.632367536526651,-18.521288537790817],[-59.633031051276703,-18.521019796329909],[-59.633398742573817,-18.520983063595551],[-59.63372835326151,-18.520890071281272],[-59.633922923127415,-18.52074749317045],[-59.634074768663559,-18.520610743593569],[-59.634378306028708,-18.520161517784953],[-59.634595792185316,-18.520023746072102],[-59.634754938536332,-18.519979919228213],[-59.635934102144525,-18.519811670038067],[-59.636198972695077,-18.519605966632252],[-59.636678451562773,-18.519427943187591],[-59.636991376050304,-18.519361041310439],[-59.637413502448766,-18.51916840068375],[-59.637714298834481,-18.519060336529805],[-59.638354237302593,-18.518915990666237],[-59.639099097994254,-18.518563253358924],[-59.639312643006143,-18.518528907599055],[-59.63941541156349,-18.518527307567059],[-59.63951174853738,-18.518484456423302],[-59.639663055531713,-18.518316695856232],[-59.640026312476536,-18.518021588432177],[-59.640292848720229,-18.517914061503987],[-59.640764929978744,-18.517637925370437],[-59.640842020089096,-18.517471321454295],[-59.641023044379672,-18.517204898190638],[-59.64123651895342,-18.516999998407329],[-59.641571307309881,-18.516710496750889],[-59.641891772010936,-18.516250661296603],[-59.642014996121858,-18.51594378688366],[-59.642116156941327,-18.515849173155363],[-59.642305630517711,-18.515742837178113],[-59.642656910749004,-18.515582297794609],[-59.642963074578361,-18.51528807825272],[-59.643006267626241,-18.515142673385736],[-59.643145898232902,-18.514794191538389],[-59.643303719233991,-18.514507458217363],[-59.643427096571635,-18.514376308622889],[-59.64366386023233,-18.514031483849923],[-59.64369529779443,-18.513700199325719],[-59.643946800158105,-18.513215585390046],[-59.643974915754725,-18.513023910630896],[-59.644028542304241,-18.512821492794291],[-59.644096980376112,-18.512649851433824],[-59.644326778461291,-18.512398171348359],[-59.644750611937276,-18.511807503440849],[-59.644863632316202,-18.511738547051319],[-59.645201071618011,-18.511604065689784],[-59.645309178945212,-18.511581696913201],[-59.645603552549339,-18.511432388516955],[-59.645990770828341,-18.511204083623078],[-59.646308226053456,-18.511069911826322],[-59.646710705780961,-18.510732829510903],[-59.646841128348264,-18.510513705220408],[-59.646957561571135,-18.510144916293559],[-59.647354767237353,-18.509833759123477],[-59.64742088140374,-18.509693177733002],[-59.647614096041245,-18.509473071756883],[-59.647784640546583,-18.509429055659645],[-59.64807532179934,-18.509398672486824],[-59.648855972345189,-18.509138381133891],[-59.649212655966544,-18.509127641654032],[-59.649419491862638,-18.509201937321627],[-59.649745483382709,-18.509398412420193],[-59.649994397381079,-18.509596099414058],[-59.650321012886884,-18.509828749644065],[-59.65076464145065,-18.510059570523584],[-59.651202405982474,-18.510114743202379],[-59.652079254989118,-18.510468007919119],[-59.65231730802968,-18.510531472843223],[-59.652729289230194,-18.510581885983992],[-59.653082048086972,-18.510674562738025],[-59.653909470545535,-18.51114229475467],[-59.654349106380799,-18.511305975296409],[-59.655025026802228,-18.511264384293565],[-59.65511100678922,-18.511283717027531],[-59.655470715383316,-18.511448646030036],[-59.655573915610262,-18.511472872883722],[-59.65603379135819,-18.511486338482484],[-59.656222976654909,-18.511529896529833],[-59.656454166520639,-18.511691664986593],[-59.657181714411436,-18.511995546283028],[-59.657715261508287,-18.512307629494547],[-59.657919608379366,-18.512402624412914],[-59.658160785830638,-18.51248154365144],[-59.658384306482361,-18.51252972472933],[-59.658791744032506,-18.512812777049831],[-59.658959962999859,-18.512965193201072],[-59.659476396112758,-18.513277548937889],[-59.659778221039154,-18.513396864013114],[-59.660015390183155,-18.51357404099145],[-59.660305984905996,-18.513703867044235],[-59.660721455659228,-18.514121163340089],[-59.660739293206113,-18.514162234801187],[-59.660964052140443,-18.514448146130196],[-59.661516540213526,-18.514697899550388],[-59.661782342171669,-18.514714406906094],[-59.662055451491348,-18.514658434204172],[-59.662215474936261,-18.514500866597402],[-59.662411258513302,-18.514265207336564],[-59.662634344173327,-18.51412215498614],[-59.662811125894279,-18.514109035012723],[-59.662935813381971,-18.514055391046384],[-59.663037419433408,-18.513986603180811],[-59.663355395269335,-18.513718010297278],[-59.663622360566606,-18.51363628853159],[-59.664139246493519,-18.513312883552732],[-59.664561232376535,-18.513115017551637],[-59.664845049584088,-18.513017523626324],[-59.665264349304437,-18.512664636622507],[-59.665456031930681,-18.51235666635684],[-59.665757138078163,-18.512103842708846],[-59.666177870607804,-18.511999030263709],[-59.666673251456984,-18.511753484269573],[-59.666996488256117,-18.511624360990194],[-59.667377793557385,-18.511385782630665],[-59.667535313291268,-18.511248920274316],[-59.667888334710405,-18.511026280664026],[-59.668036668856004,-18.511018784378869],[-59.668178833680209,-18.510985542350308],[-59.668465142651364,-18.510867323781554],[-59.668812730925843,-18.510825676995157],[-59.669261015726384,-18.510828956594032],[-59.669633844601783,-18.510926460143363],[-59.669939154548764,-18.511247280134704],[-59.670196749421173,-18.51144996428625],[-59.670381849479654,-18.511751996984831],[-59.670480676155229,-18.511853811667866],[-59.67054997919589,-18.511899241947127],[-59.670788038227791,-18.511962685040565],[-59.670987928617201,-18.511964700898389],[-59.671404715030235,-18.511797918934885],[-59.672156585052669,-18.511196862535058],[-59.672550540309508,-18.510699640202731],[-59.672695286962515,-18.510320049384386],[-59.672726399178359,-18.510138661913441],[-59.672905835134273,-18.509784373691282],[-59.673143612114863,-18.509501514781149],[-59.673204436039121,-18.509386851558876],[-59.673374330931367,-18.509141247518372],[-59.673439439153512,-18.508943817874997],[-59.673500073989345,-18.508653423201483],[-59.673872215353938,-18.507722385158488],[-59.674005617320205,-18.507348142840488],[-59.674072053693813,-18.507062820864682],[-59.674160065824978,-18.506870202365121],[-59.674315060525551,-18.506423265091485],[-59.674572881423266,-18.505979870025847],[-59.675206801664842,-18.505163581538003],[-59.675188169502363,-18.504991902343587],[-59.675117862721599,-18.504428789602539],[-59.675437104034479,-18.504128667045808],[-59.675626814237084,-18.503929750335171],[-59.675913980253831,-18.503781163069956],[-59.676136961144991,-18.503760359587101],[-59.676918814062475,-18.503943952730051],[-59.677339417272378,-18.50386171473621],[-59.677507187800387,-18.503789913660292],[-59.677716498737567,-18.503677129944922],[-59.677860633438669,-18.50363451983694],[-59.678171084208593,-18.503675101499319],[-59.678514457943876,-18.503635105848126],[-59.678694196503997,-18.503557355212912],[-59.679039298842071,-18.503269548887648],[-59.679337832981901,-18.503080440964936],[-59.679641092007998,-18.502816344023678],[-59.679766522663456,-18.502739451146908],[-59.679885014046953,-18.502610808854257],[-59.680007744349822,-18.502378378517452],[-59.680093860740051,-18.502123469784607],[-59.680072557186278,-18.501939408761498],[-59.680073594970246,-18.501651267373344],[-59.680149250242359,-18.501488723567121],[-59.680186890887946,-18.501223061070323],[-59.680133820391838,-18.500947300218503],[-59.679990137493391,-18.500667211355566],[-59.680021144387091,-18.500367075430901],[-59.680072056673204,-18.50017034765704],[-59.68023079778289,-18.499925818604794],[-59.680288834396059,-18.499792372604027],[-59.680512247193732,-18.499448863326947],[-59.680692281494039,-18.499388394037688],[-59.680813270770514,-18.49940377302482],[-59.681118782991604,-18.499617919247392],[-59.681264413780802,-18.499661715752897],[-59.681348492167203,-18.499637339429686],[-59.681455710949571,-18.499554972644479],[-59.681668549721152,-18.499298062119703],[-59.681764407660403,-18.499256209743262],[-59.681867690518771,-18.499294914278668],[-59.681914396142332,-18.49935180212659],[-59.682021049192876,-18.499418683249587],[-59.682329362283689,-18.499794132076193],[-59.682433553062751,-18.499884688054838],[-59.682566607188875,-18.49989986489836],[-59.68272913392596,-18.499874248294518],[-59.682891162575089,-18.499819831015778],[-59.683235658072562,-18.499497453400714],[-59.683581554626983,-18.499255725573519],[-59.683942821899684,-18.499203916461525],[-59.684198892811644,-18.499003944889932],[-59.68428186883849,-18.498916199323791],[-59.684303108515799,-18.498748756658795],[-59.684294372132399,-18.498593307813668],[-59.684261102389044,-18.498415199447582],[-59.684264226941259,-18.498248042790614],[-59.684316134405705,-18.498108924907726],[-59.684452927475299,-18.497991519819891],[-59.684638694148354,-18.497913669610583],[-59.684889729953717,-18.497771401601018],[-59.685079628260468,-18.497583992936864],[-59.685237651737673,-18.49729913788207],[-59.685313089076629,-18.497125077757619],[-59.685380699501025,-18.496847411397457],[-59.685514378420727,-18.496551420980488],[-59.685627628534014,-18.496468955831268],[-59.685729609243261,-18.49643276488661],[-59.685820328145169,-18.496442851946206],[-59.686050724965298,-18.496502601187238],[-59.686201489386242,-18.49649444663655],[-59.686580817868567,-18.496240665858735],[-59.686744562726368,-18.496156668860873],[-59.686962161681514,-18.495878827702867],[-59.687090512334635,-18.495623247684005],[-59.687153886500575,-18.49544936912466],[-59.687151685007748,-18.49532263459896],[-59.686971783558612,-18.495043125062818],[-59.686800723528016,-18.494924820498703],[-59.6866246278421,-18.494864220456808],[-59.686489770110605,-18.494745344337005],[-59.685942718937213,-18.494177754544733],[-59.685732456646292,-18.493887204226432],[-59.685487183704367,-18.493666349667123],[-59.684786055472458,-18.493262540486111],[-59.684284243505282,-18.49286710385114],[-59.683977241234501,-18.492566551797729],[-59.683579419811586,-18.49225014520383],[-59.683446702726691,-18.491906491054142],[-59.683348258141145,-18.491798564931422],[-59.683100592742555,-18.491439445913549],[-59.682853925048185,-18.491137937049274],[-59.682740515532934,-18.490863130426046],[-59.682698315528732,-18.490518053670151],[-59.682801130786352,-18.490182205632237],[-59.68301435761785,-18.489948336858525],[-59.683238154142117,-18.48962787709009],[-59.683523689684975,-18.489387105018331],[-59.683797791564125,-18.488835348504118],[-59.6839575099116,-18.488648427927089],[-59.684452729940602,-18.488317907852529],[-59.684696227821014,-18.48808932834174],[-59.684946249524963,-18.487889450357766],[-59.685069164578536,-18.487668535723984],[-59.685281583765807,-18.487388580881429],[-59.685380860094469,-18.487196856503395],[-59.685413359848525,-18.486983131304999],[-59.685476231415379,-18.486780452229389],[-59.685606781896055,-18.486651617753513],[-59.685761760834573,-18.486539678480209],[-59.686294084053081,-18.486260432010337],[-59.687144566952973,-18.485917199509107],[-59.687360268285644,-18.485778943587874],[-59.687726271250952,-18.485429923662146],[-59.68783830506348,-18.485232021913323],[-59.688013816143439,-18.484996347302694],[-59.688126063034389,-18.484810691942503],[-59.688265018286799,-18.48468590927272],[-59.688404622026781,-18.48459790273062],[-59.688827033962276,-18.484542182941187],[-59.689018569476993,-18.484490115604405],[-59.689209472693236,-18.484401293050819],[-59.689424530220066,-18.484226272404033],[-59.689549173595893,-18.484015906179824],[-59.689646672835096,-18.48372017021897],[-59.689706325057443,-18.483461798815362],[-59.689830106594158,-18.483202421256554],[-59.689961826990547,-18.482660978388065],[-59.690008653002167,-18.482402816283013],[-59.690095025467713,-18.482205318345255],[-59.690219872675073,-18.482007210581056],[-59.690308162257928,-18.481920003612384],[-59.690423599266332,-18.481918176295316],[-59.690577084846197,-18.481891233171641],[-59.690768410324601,-18.481826907694064],[-59.690869316807408,-18.481727247969342],[-59.69090523958797,-18.481579583657226],[-59.690912953346512,-18.481285259539444],[-59.690961056560205,-18.481100628351552],[-59.691010447142475,-18.480989525061425],[-59.691131000110794,-18.480914068959684],[-59.691295015020593,-18.480856808885804],[-59.691357649133394,-18.480770018832064],[-59.691368984532374,-18.480684031202596],[-59.691418579813295,-18.480585185118507],[-59.691666317945227,-18.480446416076656],[-59.69194860395374,-18.480165095204381],[-59.692009532015049,-18.479980259390778],[-59.692031774710706,-18.479783776181062],[-59.692007436205721,-18.479122219106781],[-59.692029252279326,-18.478901230722016],[-59.692141694838703,-18.478727833367788],[-59.692253291809088,-18.478505420524353],[-59.692287935458772,-18.478284226889418],[-59.692287707278197,-18.478271176725372],[-59.692282391594986,-18.477965600266206],[-59.692234530860027,-18.477427000740459],[-59.692222072480156,-18.476949227074627],[-59.727633515307083,-18.471928992560159],[-59.763043997243919,-18.466901798013442],[-59.798453504159362,-18.461867648785585],[-59.833862021928027,-18.456826550240354],[-59.869269536430494,-18.451778507754128],[-59.904676033553315,-18.446723526715882],[-59.940081499189027,-18.441661612527191],[-59.975485919236206,-18.4365927706022],[-60.002349212300544,-18.432877720254453],[-60.029271646184846,-18.429048771398445],[-60.056193465813585,-18.425215825631057],[-60.086853423574226,-18.420915321685857],[-60.117512592674288,-18.416609643628249],[-60.14508879052616,-18.412604637433247],[-60.172664294577324,-18.40859544489193],[-60.20023909818751,-18.404582068624137],[-60.227813194718784,-18.400564511254291],[-60.255386577535532,-18.396542775411429],[-60.282959240004466,-18.392516863729114],[-60.310531175494688,-18.388486778845493],[-60.338102377377638,-18.384452523403269],[-60.365672839027127,-18.380414100049702],[-60.393242553819327,-18.376371511436606],[-60.420811515132833,-18.372324760220341],[-60.448379716348576,-18.36827384906179],[-60.475947150849947,-18.364218780626395],[-60.50351381202271,-18.360159557584126],[-60.531079693255052,-18.35609618260947],[-60.558644787937581,-18.352028658381421],[-60.558605969989451,-18.351955270119568],[-60.545167828475769,-18.326545857926604],[-60.531733259582211,-18.301135899701979],[-60.511778017914111,-18.306659041280206],[-60.491821759966228,-18.312179939552539],[-60.476334707471409,-18.285009779204135],[-60.460852089951963,-18.25783887976047],[-60.48139586013081,-18.230655950012022],[-60.46819516608489,-18.216938503996737],[-60.454996521055392,-18.203220383848972],[-60.441799923041252,-18.189501591790151],[-60.428605370041723,-18.17578213004121],[-60.437151183881426,-18.1561745622129],[-60.44569484123511,-18.13656634042534],[-60.454236345541773,-18.116957466024335],[-60.46277570023836,-18.097347940355128],[-60.444213598253732,-18.092718039958466],[-60.425652699712245,-18.088086470114423],[-60.402747265531154,-18.082368073673624],[-60.379843670049297,-18.076647139553806],[-60.383606640334143,-18.072135280418813],[-60.393384299845536,-18.060410130023453],[-60.396775309632801,-18.056343170001227],[-60.402732310048009,-18.049198079727535],[-60.404452970328293,-18.047134089766359],[-60.415169940240489,-18.038299919805414],[-60.41643562000781,-18.037390379662259],[-60.417515310083438,-18.036346169639945],[-60.418374669855083,-18.035644870214508],[-60.418728050359213,-18.035347770183417],[-60.419038089835958,-18.035030840101165],[-60.419405159820194,-18.034743200038619],[-60.419628099956803,-18.034529149700454],[-60.419800939761487,-18.034406869781144],[-60.419825809613378,-18.034394770302345],[-60.419863090109452,-18.034365279733812],[-60.419921869798422,-18.034331490405904],[-60.420022100139754,-18.034235049807638],[-60.420212810372831,-18.034072150209504],[-60.420702689977141,-18.03368922967416],[-60.421796110002433,-18.032886820370436],[-60.422401219740436,-18.032338160177918],[-60.421777600156048,-18.031198220021796],[-60.404838759700958,-18.000229679556007],[-60.401616120087844,-17.994336649716562],[-60.419942580285806,-17.990302440305367],[-60.414096979791736,-17.984235540038057],[-60.410835520043186,-17.980850380340705],[-60.407916999669709,-17.9725865199519],[-60.421687810044361,-17.957481639965678],[-60.454000489830719,-17.945264650343297],[-60.454635719662697,-17.942158380304996],[-60.454656100098866,-17.942058720133776],[-60.454722630145234,-17.941733429953796],[-60.428428680239335,-17.933306279661064],[-60.420186649993859,-17.930663870041542],[-60.424314579554149,-17.908810759808656],[-60.44628237844519,-17.905284882335433],[-60.468249639709086,-17.901756410230107],[-60.486789879405535,-17.906453269998337],[-60.5053313199844,-17.911148480018312],[-60.513380489717811,-17.916957720022697],[-60.514173449844805,-17.924270440328478],[-60.510590059783389,-17.937146900109308],[-60.513034939610733,-17.978438580276194],[-60.527499824701337,-18.026198639901729],[-60.541970960091703,-18.073958350097708],[-60.565360094114148,-18.081788764132362],[-60.588751629883745,-18.089616580240939],[-60.599169237027162,-18.152565791451696],[-60.60959150819464,-18.215514934223439],[-60.6200184866317,-18.278464000898612],[-60.630450215665377,-18.341412983817253],[-60.663400841323096,-18.336531903349957],[-60.696350297521597,-18.331644911118605],[-60.729298572992498,-18.326752011746038],[-60.762245656472459,-18.32185320986429],[-60.795191536703257,-18.316948510114496],[-60.828136202431786,-18.312037917146942],[-60.861079642410019,-18.307121435621049],[-60.894021845395152,-18.302199070205326],[-60.906070034351337,-18.276930372051943],[-60.91811440992047,-18.251660499599449],[-60.930154980051434,-18.226389456277769],[-60.942191752687258,-18.20111724551505],[-60.954224735765003,-18.17584387073758],[-60.966253937215861,-18.150569335369902],[-60.97827936496514,-18.125293642834727],[-60.990301026932279,-18.100016796552968],[-61.002318931030857,-18.074738799943766],[-61.014333085168595,-18.049459656424471],[-61.02634349724736,-18.024179369410657],[-61.038350175163202,-17.998897942316098],[-61.050353126806364,-17.973615378552836],[-61.062352360061247,-17.948331681531116],[-61.074347882806492,-17.923046854659425],[-61.08633970291492,-17.89776090134449]],[[-62.363248788804029,-19.593080713677175],[-62.363637000547101,-19.562773100198353],[-62.361226855967097,-19.562684933615447],[-62.361244950242344,-19.567798828231194],[-62.361335344050865,-19.593362934351877],[-62.351093985998588,-19.594495709609248],[-62.34640831399247,-19.594055229764979],[-62.34634714694581,-19.60111112481524],[-62.348620984760643,-19.602669516466552],[-62.34864871046954,-19.598919929810844],[-62.35961214266446,-19.599184354707386],[-62.363169469994993,-19.599270009803085],[-62.363248788804029,-19.593080713677175]]]},"properties":{"FID":3,"categoria":"Area nucleo"}},{"type":"Feature","id":4,"geometry":{"type":"Polygon","coordinates":[[[-59.394497765999972,-18.032304956443916],[-59.413928464440765,-18.032063314091406],[-59.433359484920921,-18.031819703853504],[-59.452790824982962,-18.031574125739759],[-59.472222482169315,-18.031326579760798],[-59.491654454022182,-18.031077065928368],[-59.511086738083669,-18.030825584255293],[-59.530519331895668,-18.030572134755491],[-59.549952232999942,-18.030316717443956],[-59.549952822999956,-18.030318253443966],[-59.563250953999955,-18.065308527443051],[-59.537168849999937,-18.080861922442608],[-59.55756480353967,-18.110964639139407],[-59.577967199999932,-18.141066284441045],[-59.577451216999989,-18.141573622441005],[-59.576719146999942,-18.142094193441018],[-59.576104859999987,-18.14285992344097],[-59.575908071999947,-18.143830945440989],[-59.576300696999965,-18.144405563440952],[-59.576211192999949,-18.144866931440927],[-59.57555472599995,-18.145611940440904],[-59.575465608999927,-18.14660404544086],[-59.575227907999931,-18.147724843440887],[-59.574677372999986,-18.148764841440791],[-59.57468968599995,-18.1496053004408],[-59.567720652999974,-18.168822133440298],[-59.569208124999925,-18.173328438440151],[-59.568901032999975,-18.173163096440152],[-59.56774824799998,-18.172091553440211],[-59.566389696999977,-18.171072316440242],[-59.565337960999962,-18.170935852440227],[-59.564041736999968,-18.171451662440223],[-59.562725610999955,-18.173045037440168],[-59.561368616999971,-18.174676348440165],[-59.559716441999974,-18.176175496440113],[-59.559444621999944,-18.176538740440094],[-59.559197110999946,-18.176596397440083],[-59.558273198999977,-18.17685817744011],[-59.556910531999961,-18.176924599440078],[-59.555691029999942,-18.176505893440062],[-59.554397180999949,-18.175544397440085],[-59.553757238999935,-18.175299457440097],[-59.553251832999933,-18.175451744440139],[-59.55142224399998,-18.174368338440146],[-59.550947914999938,-18.173397064440184],[-59.550102455999934,-18.172808304440149],[-59.549906411999991,-18.172702983440189],[-59.549749917999968,-18.172725842440197],[-59.549265303999967,-18.172620008440198],[-59.548096147999964,-18.172635523440157],[-59.546664024999984,-18.171734053440211],[-59.545784089999984,-18.170964120440225],[-59.544087593999961,-18.169605655440247],[-59.542766136999944,-18.169501051440232],[-59.542587417999982,-18.169486907440263],[-59.533169770999962,-18.143574070440959],[-59.533918150999973,-18.135630074441163],[-59.523792347999979,-18.120425225441572],[-59.493506950999965,-18.11112715644181],[-59.495764007999981,-18.090433667442351],[-59.473648525999977,-18.099075339442162],[-59.441464953147346,-18.111742367908818],[-59.409277586999963,-18.124403185441469],[-59.41278271099997,-18.122865336441528],[-59.423942852679005,-18.104235526985295],[-59.435100374999934,-18.085604628442471],[-59.422037978999981,-18.068072696442943],[-59.412134686143631,-18.087113265648011],[-59.402228951999973,-18.106152919441932],[-59.381958993912562,-18.121191482833062],[-59.361685725999955,-18.136227275441154],[-59.367222450141107,-18.110254949820863],[-59.372756824999961,-18.084282119442555],[-59.349810557734841,-18.089924389044921],[-59.326863315583338,-18.095563654805289],[-59.30391510188965,-18.101199914133595],[-59.280965919999971,-18.106833164441934],[-59.279571060999956,-18.096850433442231],[-59.254581234999925,-18.0944735274423],[-59.228882684999981,-18.092015281442357],[-59.230832947999943,-18.080112771442629],[-59.230832985999939,-18.080112759442653],[-59.251294576197125,-18.074145286084342],[-59.271755172780026,-18.068175379185572],[-59.292214773597181,-18.062203040941139],[-59.312673376498587,-18.056228273547138],[-59.333130979335785,-18.050251079200997],[-59.353587579961797,-18.044271460101477],[-59.37404317623119,-18.038289418448652],[-59.394497765999972,-18.032304956443916]]]},"properties":{"FID":4,"categoria":"Area nucleo"}},{"type":"Feature","id":5,"geometry":{"type":"Polygon","coordinates":[[[-59.995953953999958,-18.061485211443188],[-59.995334769999943,-18.060489845443158],[-59.995032920999954,-18.059859709443192],[-59.994850586999981,-18.05911433644324],[-59.99442750999998,-18.058082931443213],[-59.994424065999965,-18.057049930443245],[-59.994661557999962,-18.056360353443246],[-59.994416607999938,-18.054811763443325],[-59.994475980999937,-18.054639369443329],[-59.994954975999974,-18.054465381443318],[-59.995373066999946,-18.054004675443373],[-59.995789814999974,-18.053142248443372],[-59.995966202999966,-18.052108564443397],[-59.996082999999942,-18.051769422443403],[-59.996083010999939,-18.051769630443413],[-59.997968476999986,-18.053899477443334],[-60.011280059999933,-18.052398679443375],[-60.019527434999993,-18.053003309443358],[-60.029182433999942,-18.052398680443389],[-60.039440154999959,-18.051795957443385],[-60.047687530999944,-18.050991056443454],[-60.050704955999947,-18.051393506443393],[-60.055534362999943,-18.050790784443421],[-60.058750151999966,-18.051593778443408],[-60.06157302899998,-18.054029462443346],[-60.063541411999957,-18.056652067443263],[-60.07097244199997,-18.057964322443254],[-60.071558795999984,-18.05968150044318],[-60.079639192999934,-18.065275621443035],[-60.079535072999931,-18.069263891442962],[-60.080482491999987,-18.073729542442823],[-60.08047811999996,-18.077381720442698],[-60.080684273999964,-18.080933250442644],[-60.080788770999952,-18.082961849442569],[-60.080982131999967,-18.084529675442507],[-60.078279014999971,-18.087140833442469],[-60.078259072999963,-18.087070584442461],[-60.062857997333978,-18.109535796583696],[-60.047452729999975,-18.131999166441251],[-60.059789201999941,-18.148161758440825],[-60.064880350999942,-18.145464196440901],[-60.06911665299998,-18.150997077440724],[-60.086477112999944,-18.132856375441232],[-60.089725424999983,-18.138034301441092],[-60.09477995699995,-18.165423664440365],[-60.096044126999978,-18.170900853440244],[-60.096570865999979,-18.173531763440174],[-60.097415747999946,-18.17759407744008],[-60.097834940999974,-18.180232390439976],[-60.099310257999953,-18.18794295243978],[-60.100048500999939,-18.190676379439722],[-60.100681489999943,-18.193313409439654],[-60.101103883999947,-18.194940513439601],[-60.102263738999966,-18.200208455439437],[-60.103208974999966,-18.207816201439261],[-60.103938873999937,-18.218508141438978],[-60.103570834999971,-18.219170612438951],[-60.090434335999994,-18.237561710438456],[-60.086493386999962,-18.246757258438201],[-60.085179736999976,-18.254639157438028],[-60.079925137999965,-18.260550582437848],[-60.068102288999974,-18.265805180437727],[-60.06350451499997,-18.266462005437671],[-60.060220390999973,-18.2704029554376],[-60.053652140999986,-18.281568979437321],[-60.050368016999983,-18.296675951436875],[-60.03985881899996,-18.30587150043667],[-60.027379144999948,-18.303901025436719],[-60.010301696999932,-18.301273726436786],[-59.99650837399998,-18.295362302436907],[-59.985342350999986,-18.282882629437271],[-59.977460451999953,-18.271716604437543],[-59.971549027999963,-18.260550582437844],[-59.972862676999974,-18.246100433438251],[-59.978774100999949,-18.232963935438622],[-59.983541528999986,-18.209722723439228],[-59.983541915999979,-18.2097231224392],[-59.986254445999975,-18.209628039439188],[-59.990716465999974,-18.207260896439291],[-59.993071092999969,-18.205399255439335],[-59.99497355099998,-18.203792050439368],[-60.001691854999933,-18.197547279439547],[-60.006534614999971,-18.19071231443969],[-60.008911257999955,-18.189446858439723],[-60.010712136999985,-18.187608846439815],[-60.015315957999967,-18.184381055439868],[-60.020306328999943,-18.183524736439924],[-60.029536440999955,-18.182035257439921],[-60.030867253999986,-18.177782563440037],[-60.036602967999954,-18.176939895440071],[-60.04262911099994,-18.164866219440409],[-60.046184349999969,-18.162195164440469],[-60.051967612999924,-18.155126383440663],[-60.050783574999969,-18.152252314440723],[-60.049867555999974,-18.148432628440816],[-60.04748503299998,-18.143397133440949],[-60.04360200899999,-18.138808742441121],[-60.040995714999944,-18.132580638441262],[-60.035821847999955,-18.130344412441286],[-60.03539736699998,-18.130225636441338],[-60.02327505399996,-18.119887421441611],[-60.005563345999967,-18.124232805441448],[-60.005243421999978,-18.130217708441325],[-59.997289806999966,-18.136057705441178],[-59.987601334999965,-18.140553845441019],[-59.981416274999951,-18.146052463440917],[-59.970759912999931,-18.159328477440535],[-59.961321323999982,-18.18037587943995],[-59.957755704999954,-18.179761117439977],[-59.936737307999977,-18.186329366439814],[-59.913091609999981,-18.195524915439577],[-59.900980673999975,-18.207501643439251],[-59.90090341299998,-18.207279705439269],[-59.880159107073638,-18.219946614156104],[-59.859412011999943,-18.232610804438629],[-59.85759817099995,-18.22722465843875],[-59.853635689999976,-18.224320818438805],[-59.851825091999956,-18.226979110438734],[-59.854497553999977,-18.231141006438655],[-59.842247877999966,-18.238218801438446],[-59.84861134899996,-18.244364605438303],[-59.838769730999957,-18.254686922438012],[-59.838988518999948,-18.255020884438025],[-59.837852890999947,-18.255253513437999],[-59.82594074799993,-18.269276252437596],[-59.825895566999968,-18.269309215437627],[-59.819638084999951,-18.265482529437698],[-59.802410085999952,-18.272178005437528],[-59.812921614999929,-18.278774887437358],[-59.812626862999934,-18.278989935437377],[-59.800643920999953,-18.287549970437144],[-59.797756194999977,-18.289611814437094],[-59.786518096999941,-18.297639844436873],[-59.772594451999957,-18.307584760436576],[-59.761081694999973,-18.311788556436497],[-59.747333526999974,-18.316810605436366],[-59.729972839999967,-18.340566633435763],[-59.728610991999965,-18.346927641435585],[-59.723834990999933,-18.349727628435527],[-59.718399047999981,-18.352691648435435],[-59.708351134999987,-18.35483360043537],[-59.704730987999937,-18.356151578435355],[-59.700942992999956,-18.357961652435293],[-59.693695068999936,-18.354503629435385],[-59.688426971999952,-18.347421643435563],[-59.684143065999926,-18.340505598435762],[-59.678359323999992,-18.336287820435832],[-59.661666869999969,-18.336202620435841],[-59.638984680999954,-18.348440168435534],[-59.6157561846804,-18.358182634353852],[-59.592525481999985,-18.367921827435026],[-59.562232970999951,-18.382041929434646],[-59.547771453999985,-18.384487150434605],[-59.54768281299993,-18.384502395434595],[-59.546718597999984,-18.385765073434541],[-59.543766021999936,-18.394765851434368],[-59.535644530999939,-18.399106977434215],[-59.533744811999952,-18.405576704434008],[-59.528648375999978,-18.41101073943387],[-59.517265319999979,-18.407539365434012],[-59.511329650999976,-18.415426252433779],[-59.506332786999963,-18.418556223433676],[-59.504833772999973,-18.40461306343402],[-59.470324006999931,-18.395037907434297],[-59.484007780999939,-18.416128029433793],[-59.481996271999947,-18.41881240643367],[-59.474987029999959,-18.420690534433639],[-59.468196868999932,-18.425954816433471],[-59.45834732099997,-18.429349897433386],[-59.45053482099997,-18.429180143433367],[-59.445781706999981,-18.430879590433367],[-59.436019447999968,-18.434076333433261],[-59.435954837999986,-18.433682106433306],[-59.422963977999984,-18.433483390433317],[-59.402828215425743,-18.44478694769743],[-59.382690072999935,-18.456087897432703],[-59.382868554999959,-18.456241944432662],[-59.382715471999965,-18.456320543432664],[-59.374202727999943,-18.462356565432565],[-59.365646362999939,-18.470176694432325],[-59.357086181999925,-18.472833631432248],[-59.351772307999958,-18.477407453432125],[-59.348964774999956,-18.479873502432053],[-59.348109825999984,-18.480433733432083],[-59.348031612999932,-18.480182482432074],[-59.330470383999966,-18.491654302431769],[-59.330203795999978,-18.493197010431711],[-59.321815490999938,-18.497331617431637],[-59.314880370999958,-18.500429151431558],[-59.30617141699998,-18.505889890431419],[-59.30056381199995,-18.5083980534313],[-59.298336028999991,-18.514465330431147],[-59.288562774999946,-18.518285749431065],[-59.280151366999966,-18.521575925431002],[-59.272739409999993,-18.524894712430914],[-59.263355254999965,-18.529096601430808],[-59.239643096999934,-18.539716718430501],[-59.206444712312503,-18.547293041199826],[-59.173244475999979,-18.55486297343009],[-59.167745109999942,-18.555309308430068],[-59.167743448999936,-18.55530944243008],[-59.163362119999931,-18.541666590430484],[-59.135623959999982,-18.548401765430242],[-59.13869085299995,-18.557661571430028],[-59.120079862984497,-18.559176348258053],[-59.101468911219463,-18.560689221804743],[-59.082857999844641,-18.562200191663806],[-59.064247130999952,-18.563709257429888],[-59.043952887172253,-18.56892925637819],[-59.023657819999983,-18.574146829429601],[-59.02363485799998,-18.574149091429618],[-59.015129065999986,-18.5737230134296],[-59.014967569999953,-18.574991897429555],[-59.003833770999961,-18.559787748429954],[-58.999023436999956,-18.547178266430269],[-58.996685027999938,-18.54823303043025],[-58.979494645820871,-18.555058442106205],[-58.962303161999955,-18.561882017429912],[-58.962316450999936,-18.562033215429949],[-58.961413263999994,-18.562033216429931],[-58.96134756899994,-18.559583272429961],[-58.961912031999994,-18.555946737430052],[-58.962139358999934,-18.554125036430108],[-58.96141026599998,-18.552706789430122],[-58.959936699999957,-18.551678490430191],[-58.959633360999987,-18.55005288243024],[-58.960286737999972,-18.548235806430284],[-58.962317022999976,-18.546529398430316],[-58.96381473699995,-18.545023535430374],[-58.963511357999948,-18.54339792843043],[-58.963100874999959,-18.541878270430459],[-58.961005426999975,-18.539325813430491],[-58.962614861999946,-18.537213484430549],[-58.964222332999952,-18.535308556430611],[-58.964447323999934,-18.53388367743063],[-58.964144315999931,-18.532267101430691],[-58.964167805999985,-18.529633723430745],[-58.963438756999956,-18.5282154974308],[-58.962922865999985,-18.526680059430813],[-58.964211787999943,-18.524971252430845],[-58.965914806999919,-18.524074076430914],[-58.968356198999977,-18.523896229430886],[-58.969744566999964,-18.522681094430922],[-58.970601991999956,-18.521576386431008],[-58.970727505999946,-18.51945029843105],[-58.97105905899997,-18.517937470431097],[-58.972552805999953,-18.516837304431125],[-58.973414512999966,-18.515421468431121],[-58.97395579099998,-18.514111547431177],[-58.975034840999967,-18.512195199431229],[-58.975786023999945,-18.510979944431277],[-58.976860152999954,-18.509473895431302],[-58.978559459999978,-18.509180846431327],[-58.980138687999947,-18.510206697431254],[-58.981402482999954,-18.511126602431265],[-58.982770231999957,-18.512251670431205],[-58.983812271999973,-18.51419065343114],[-58.984860553999965,-18.515408140431152],[-58.987922447999949,-18.516745097431109],[-58.989722274999956,-18.516959232431113],[-58.995723282999954,-18.521461509430956],[-58.995498740999956,-18.522778237430927],[-58.996656930999961,-18.523596603430939],[-58.999302910999972,-18.523923320430896],[-59.000778987999979,-18.524847629430894],[-59.002570899999974,-18.526067273430861],[-59.005643649999961,-18.526190967430896],[-59.006396228999968,-18.524885389430885],[-59.00779167099995,-18.522975498430906],[-59.00875820299995,-18.521566183430963],[-59.009197737999955,-18.51984353243104],[-59.011116714999957,-18.518544536431069],[-59.012819567999934,-18.517746105431065],[-59.014424693999963,-18.516039022431126],[-59.013705373999983,-18.513597300431186],[-59.014048061999972,-18.510772069431283],[-59.013640265999989,-18.509040529431275],[-59.013654167999967,-18.507421627431395],[-59.013879647999936,-18.506005642431418],[-59.014213229999939,-18.504285238431439],[-59.015180145999985,-18.502672906431496],[-59.01646489999996,-18.501369459431533],[-59.01912418999995,-18.500370093431517],[-59.02123931999995,-18.500694284431521],[-59.024845882999955,-18.500409367431526],[-59.025703973999946,-18.49920511343155],[-59.026781197999988,-18.497288314431593],[-59.027127049999926,-18.494057150431669],[-59.027465201999973,-18.491926348431797],[-59.029171203999972,-18.4906181044318],[-59.030990851999938,-18.488608608431871],[-59.03100689199993,-18.486683015431939],[-59.032709287999978,-18.486091801431932],[-59.034204938999956,-18.48477908143192],[-59.034005261999937,-18.483263913431998],[-59.034874784999943,-18.480837514432054],[-59.035847658999955,-18.478719980432064],[-59.036388321999937,-18.477409763432139],[-59.037878048999964,-18.476606548432123],[-59.038213075999977,-18.474782339432174],[-59.039074933999991,-18.473172127432228],[-59.039408670999933,-18.471248656432273],[-59.039961366999933,-18.468923828432352],[-59.041141026999981,-18.467108258432383],[-59.041471281999982,-18.465694382432471],[-59.040110834999943,-18.464064723432482],[-59.041072109999959,-18.463060966432476],[-59.044250785999957,-18.463186059432502],[-59.047220194999966,-18.462801558432506],[-59.049681219999975,-18.459979771432561],[-59.050440447999954,-18.458069643432658],[-59.050565980999977,-18.455735839432684],[-59.051115870999986,-18.453419905432778],[-59.052816315999955,-18.452819379432778],[-59.055700165999951,-18.45030397643287],[-59.058139969999957,-18.449818021432851],[-59.060051859999987,-18.449321052432882],[-59.064511485999951,-18.448241030432914],[-59.066632383999945,-18.447955815432881],[-59.06865701199996,-18.446658214432933],[-59.068668701999968,-18.445237633432995],[-59.068150620999972,-18.443914311432998],[-59.067958085999976,-18.441682105433099],[-59.068501789999964,-18.440168822433115],[-59.070306374999966,-18.43968303043313],[-59.072426993999954,-18.439587169433171],[-59.075183343999974,-18.439305986433141],[-59.076888574999934,-18.438096375433197],[-59.078377022999973,-18.437612975433208],[-59.079867309999948,-18.436710114433229],[-59.083373821999949,-18.435519640433206],[-59.085086626999953,-18.433398950433318],[-59.086049237999994,-18.432291172433345],[-59.087755207999969,-18.431094985433347],[-59.089140296999979,-18.430189862433377],[-59.091373449999949,-18.429189446433398],[-59.092444861999979,-18.427682419433445],[-59.092458565999948,-18.426162610433472],[-59.092685956999951,-18.424335968433549],[-59.094494306999934,-18.42343951243355],[-59.096614580999983,-18.423456103433569],[-59.09862573099997,-18.423465914433567],[-59.100311602999973,-18.424592177433542],[-59.099278510999973,-18.427074360433448],[-59.100920009999982,-18.427838856433411],[-59.106855497999959,-18.42737443243346],[-59.10845617899998,-18.426072117433513],[-59.109101903999942,-18.42486296043354],[-59.110693362999939,-18.424467088433538],[-59.112922733999937,-18.424179004433498],[-59.114092078999938,-18.423377502433539],[-59.11600962099994,-18.422271051433569],[-59.118451093999965,-18.421585781433627],[-59.120049720999994,-18.420684760433634],[-59.121222808999953,-18.419477311433674],[-59.122501522999983,-18.418668959433656],[-59.123995150999967,-18.417364290433714],[-59.125176417999967,-18.415552527433785],[-59.125934147999935,-18.413529118433836],[-59.127111827999954,-18.41221796143385],[-59.128390569999972,-18.41122010343387],[-59.129775263999932,-18.410422870433923],[-59.131354377999962,-18.411442942433847],[-59.132638196999956,-18.409926407433893],[-59.134128103999949,-18.409230520433905],[-59.133934100999973,-18.407101962433995],[-59.136266978999977,-18.406612678434023],[-59.137550514999987,-18.405105112434029],[-59.137247625999983,-18.403380312434095],[-59.137787813999985,-18.402069622434098],[-59.140751167999952,-18.402387009434076],[-59.142758873999973,-18.402914990434063],[-59.145517129999973,-18.402524439434156],[-59.147640347999989,-18.402030742434125],[-59.148502984999936,-18.400108557434162],[-59.149676920999973,-18.398900890434234],[-59.154443706999984,-18.39883961643422],[-59.155927865999963,-18.398847116434208],[-59.15762419299994,-18.398556665434189],[-59.159327043999951,-18.397652840434247],[-59.160608616999987,-18.396248785434263],[-59.142342765369641,-18.372912808390883],[-59.124081564407206,-18.349575936574809],[-59.105825005058584,-18.326238177257522],[-59.087573078274971,-18.302899537707439],[-59.069325775012885,-18.279560025189866],[-59.051083086234087,-18.25621964696704],[-59.032845002905646,-18.232878410298127],[-59.014611515999938,-18.209536322439199],[-59.014246745999969,-18.209069256439228],[-59.006904277999986,-18.199667674439475],[-59.027622222999973,-18.177051542440058],[-59.028397684999959,-18.176195854440092],[-59.028394385999945,-18.176195728440131],[-59.041900134999935,-18.161225111440494],[-59.063354363999963,-18.137437058441147],[-59.065566171999933,-18.134610303441228],[-59.071134621999931,-18.128545314441357],[-59.074058647999941,-18.133296841441204],[-59.077127325999989,-18.134875562441209],[-59.080545556999937,-18.136634021441132],[-59.081227897999952,-18.136985042441175],[-59.084377288999974,-18.138605115441099],[-59.095009859999948,-18.141923811441021],[-59.099025725999972,-18.149589536440782],[-59.110620567999952,-18.158356135440556],[-59.112731632999953,-18.162879889440443],[-59.113496224999949,-18.164518257440374],[-59.113443998999976,-18.170016466440277],[-59.114771121999979,-18.172652186440214],[-59.117055534999963,-18.175604733440082],[-59.121636511999945,-18.17937559544],[-59.123567939999994,-18.182964235439943],[-59.123575466999966,-18.182973417439925],[-59.123575389999985,-18.182973516439876],[-59.112955996999972,-18.196828583439547],[-59.112957819999956,-18.196829028439552],[-59.112971485999928,-18.196830732439544],[-59.11316358199997,-18.196854687439576],[-59.139046019811055,-18.200528468164595],[-59.16493024680846,-18.204198945865642],[-59.190816257652322,-18.207866118102832],[-59.216704046999944,-18.211529982439135],[-59.221219771999984,-18.201811835439404],[-59.221222641999987,-18.201805657439422],[-59.222797947999943,-18.198442392439471],[-59.227856417999988,-18.187641678439803],[-59.236769147709246,-18.168608674345283],[-59.245679607999939,-18.149574872440791],[-59.245681053999924,-18.149571783440788],[-59.245684874999938,-18.149570738440801],[-59.250899367999978,-18.149807538440779],[-59.256895595999936,-18.145878974440915],[-59.262616134999966,-18.14450053144094],[-59.266889308999964,-18.144569453440941],[-59.271300327999931,-18.144914065440922],[-59.285842903999935,-18.146912807440899],[-59.294389251999981,-18.148015562440836],[-59.303428609999976,-18.144130668440926],[-59.317960631999938,-18.137884004441094],[-59.326093445999952,-18.137952926441123],[-59.330435542999972,-18.139951669441054],[-59.338292668999948,-18.142363944440977],[-59.353389739999955,-18.140085217441076],[-59.367298125999973,-18.136936185441147],[-59.380161284999986,-18.145858762440938],[-59.384148594999949,-18.146385836440892],[-59.394073485999968,-18.147697446440841],[-59.414020537999932,-18.152158734440743],[-59.425045012999988,-18.167644498440321],[-59.400897978999978,-18.174993512440114],[-59.411396025999984,-18.193367001439626],[-59.421371459999925,-18.212265012439172],[-59.429767608999953,-18.218040463438985],[-59.437808810999968,-18.218251579438974],[-59.440349578999992,-18.217815396439029],[-59.443183898999955,-18.217641828439],[-59.446262358999952,-18.217248914439015],[-59.448623657999974,-18.217292783438985],[-59.450267791999977,-18.217548367438987],[-59.451915740999937,-18.217803952438977],[-59.454975127999937,-18.218311307438984],[-59.456511955999979,-18.218742618438984],[-59.45997138499996,-18.218833443438918],[-59.460876464999949,-18.218421933438957],[-59.463016509999925,-18.217557905439012],[-59.463783263999971,-18.214639661439083],[-59.464504241999968,-18.213975903439085],[-59.466651915999932,-18.212886807439123],[-59.467819213999974,-18.213586804439124],[-59.470352171999942,-18.216791151438986],[-59.474521636999953,-18.220703122438923],[-59.478900908999947,-18.225973126438799],[-59.481170653999989,-18.230525968438624],[-59.482963561999952,-18.235298153438542],[-59.482458543999932,-18.237620008438469],[-59.486638288999984,-18.24667612343826],[-59.488666686999984,-18.247200215438212],[-59.489330291999977,-18.247371671438184],[-59.492568968999926,-18.250816343438107],[-59.495590209999932,-18.253128049438033],[-59.500522612999987,-18.254571912438013],[-59.506866454999958,-18.256040570438],[-59.51037216199996,-18.257909772437912],[-59.514102934999983,-18.260234830437859],[-59.518513902999977,-18.267033334437677],[-59.518381961999978,-18.267143647437678],[-59.525100675999965,-18.276645944437409],[-59.52727521199995,-18.279721136437374],[-59.529413785999964,-18.282745348437302],[-59.532455988999963,-18.28704719643714],[-59.542123802999981,-18.300716384436786],[-59.56222787432592,-18.286763389475773],[-59.582328899999929,-18.272807723437516],[-59.582666004999965,-18.272838030437505],[-59.591445922999981,-18.267993924437651],[-59.601783752999957,-18.255195616438016],[-59.612998961999949,-18.241304395438384],[-59.622742291999941,-18.229238604438706],[-59.621696471999947,-18.228546140438738],[-59.619804381999977,-18.228736875438713],[-59.617904662999933,-18.229381559438714],[-59.61507034299995,-18.229330060438645],[-59.613212584999978,-18.22771835143875],[-59.612079619999975,-18.225215909438816],[-59.61215591399997,-18.221382139438884],[-59.613624572999974,-18.218700406438984],[-59.617919921999935,-18.21629333243904],[-59.621967315999939,-18.214559553439056],[-59.628639220999958,-18.211294172439157],[-59.63605117799996,-18.206459043439274],[-59.637573241999974,-18.201070783439452],[-59.639293670999962,-18.197490690439501],[-59.640583038999978,-18.1918716414397],[-59.644886016999976,-18.189014432439759],[-59.647243498999948,-18.189281461439734],[-59.648887633999941,-18.189760206439743],[-59.650276183999949,-18.191139219439723],[-59.651645660999982,-18.193645475439634],[-59.653453826999957,-18.1977386454395],[-59.656032562999947,-18.198686597439487],[-59.657711028999991,-18.197360990439545],[-59.658931731999992,-18.195352552439601],[-59.660163878999988,-18.192665098439658],[-59.662342071999944,-18.189769742439722],[-59.664512633999948,-18.18732452243982],[-59.666889190999932,-18.186464307439788],[-59.669490814999961,-18.186283109439852],[-59.672294616999977,-18.187911985439779],[-59.672939299999939,-18.191081998439685],[-59.672889708999953,-18.19378852643964],[-59.672645653999957,-18.196222739439516],[-59.679630279999969,-18.193487165439642],[-59.687416075999977,-18.190437315439699],[-59.690171144999965,-18.189358120439728],[-59.693592070999962,-18.18512153443984],[-59.699909210999976,-18.175752637440105],[-59.703495025999985,-18.173332212440197],[-59.710132598999955,-18.17186546044023],[-59.715309142999949,-18.172632215440206],[-59.721881865999933,-18.174774167440102],[-59.725222333999966,-18.176726135440092],[-59.737224578999978,-18.172811506440176],[-59.749725341999969,-18.168735502440281],[-59.76150131299994,-18.165954588440385],[-59.776283263999971,-18.162897107440475],[-59.794414519999968,-18.15867996044058],[-59.811042785999973,-18.154003141440693],[-59.825767516999974,-18.148632047440849],[-59.846697121999966,-18.143641632440964],[-59.843981455999938,-18.137060167441124],[-59.84398084299994,-18.137059535441164],[-59.844207652999962,-18.137113062441138],[-59.844989174999967,-18.137799405441108],[-59.845411103999943,-18.138601647441106],[-59.846074144999939,-18.13986230944106],[-59.846376119999945,-18.140664919441015],[-59.847157076999963,-18.141121668441059],[-59.847455956999966,-18.140718971441046],[-59.847992844999965,-18.139569389441082],[-59.847989889999951,-18.138421480441128],[-59.850750691999963,-18.139044254441057],[-59.851588800999934,-18.138410288441104],[-59.851587311999943,-18.137836336441104],[-59.850926175999973,-18.137321835441128],[-59.849665675999965,-18.136981382441153],[-59.849304158999985,-18.136351152441172],[-59.849362658999951,-18.135777012441146],[-59.849362215999982,-18.135604825441195],[-59.849181384999945,-18.135261013441212],[-59.848941460999981,-18.135261757441192],[-59.847681715999947,-18.135208266441175],[-59.847201279999986,-18.134980169441185],[-59.84720113199996,-18.134922774441176],[-59.847200542999985,-18.134693192441219],[-59.847857970999939,-18.133772823441205],[-59.848336485999937,-18.13325477744127],[-59.848335894999927,-18.133025196441221],[-59.848152709999965,-18.131763053441301],[-59.850432082999994,-18.131813378441262],[-59.851392052999984,-18.131925183441268],[-59.852111062999938,-18.131635965441294],[-59.852707282999972,-18.130256609441304],[-59.852646113999981,-18.12979763444131],[-59.852404115999953,-18.128994848441376],[-59.852341163999945,-18.127847131441357],[-59.853240983999974,-18.127901720441361],[-59.854921415999975,-18.128298240441403],[-59.855521946999943,-18.128583338441327],[-59.856301661999957,-18.128580895441363],[-59.856959319999987,-18.127775293441374],[-59.857796904999979,-18.126969126441367],[-59.858214639999971,-18.126164276441386],[-59.858272511999985,-18.12536055744145],[-59.858810496999979,-18.124670119441468],[-59.860193434999985,-18.125985858441446],[-59.860194794999977,-18.126502411441443],[-59.860376238999947,-18.127075793441403],[-59.860676579999961,-18.127247031441403],[-59.861515051999959,-18.126785218441405],[-59.862532691999952,-18.126035859441423],[-59.863130788999975,-18.125402617441463],[-59.863490344999946,-18.125286686441481],[-59.864929479999937,-18.125167326441414],[-59.865467283999976,-18.124419479441482],[-59.865765789999948,-18.123901973441516],[-59.866663745999965,-18.123267768441462],[-59.869962722999958,-18.123372019441511],[-59.870800838999969,-18.122795382441542],[-59.871459486999974,-18.122391504441513],[-59.872599946999962,-18.12273221044153],[-59.873322445999982,-18.123762991441499],[-59.873922046999951,-18.123703664441468],[-59.874520713999971,-18.12329996944149],[-59.874999271999968,-18.122839266441503],[-59.875177171999944,-18.122092561441551],[-59.875716010999959,-18.121746451441545],[-59.876675452999962,-18.121685953441524],[-59.877154312999949,-18.121340035441548],[-59.877572257999987,-18.120649945441588],[-59.877511499999969,-18.120363169441571],[-59.877510092999955,-18.119846621441592],[-59.877809180999975,-18.119558678441617],[-59.878348163999995,-18.119269958441617],[-59.87942753699997,-18.119209059441591],[-59.880386173999966,-18.118861575441638],[-59.880744755999956,-18.118401251441632],[-59.880983704999956,-18.118056106441653],[-59.88158343799995,-18.118054153441619],[-59.883264747999981,-18.118794792441616],[-59.884104060999952,-18.118677257441593],[-59.88470061999994,-18.117527418441636],[-59.884757736999973,-18.116494132441684],[-59.884514993999979,-18.115461829441731],[-59.885471532999979,-18.114368204441732],[-59.88667160699999,-18.114593844441711],[-59.88805287699995,-18.115278035441708],[-59.888954216999934,-18.115906401441695],[-59.889918261999995,-18.117510257441683],[-59.890520719999984,-18.11848396544163],[-59.891901065999946,-18.118823761441643],[-59.892437598999948,-18.117674102441661],[-59.892795982999985,-18.117156367441652],[-59.893333475999952,-18.116351068441688],[-59.893752148999972,-18.115947920441677],[-59.894590948999955,-18.115658163441715],[-59.894827760999988,-18.114566891441761],[-59.894767141999985,-18.114337518441733],[-59.894106647999926,-18.114052743441736],[-59.893327180999961,-18.114112725441764],[-59.892127590999962,-18.114059306441721],[-59.890444700999979,-18.112744807441771],[-59.888702502999934,-18.111660062441803],[-59.889241600999981,-18.111428710441839],[-59.890019779999932,-18.110909597441843],[-59.89157868999996,-18.110789662441814],[-59.892658960999945,-18.111073057441807],[-59.893498223999984,-18.110955488441814],[-59.894637498999934,-18.110894313441847],[-59.895056643999965,-18.110663345441854],[-59.895294744999944,-18.110031220441812],[-59.89523412799997,-18.109801846441876],[-59.895053571999945,-18.109572871441873],[-59.893973469999942,-18.109346881441873],[-59.893253509999958,-18.109234480441856],[-59.890910680999973,-18.107807375441951],[-59.890669841999973,-18.10746380544191],[-59.890128038999933,-18.106719468441899],[-59.887364690999952,-18.105006725441978],[-59.887244275999926,-18.104834937441982],[-59.887243481999974,-18.104547969441988],[-59.887782085999959,-18.104144442441985],[-59.888261831999955,-18.104142867442],[-59.890720368999951,-18.104077385442029],[-59.891619569999932,-18.103959631442009],[-59.892697388999984,-18.103382129442018],[-59.893955263999949,-18.102861421442032],[-59.894672939999964,-18.102170315442063],[-59.894911358999934,-18.101652979442051],[-59.895750735999975,-18.10159280044212],[-59.896173737999966,-18.102739273442022],[-59.896894480999947,-18.103138633442022],[-59.897374219999961,-18.103137037442011],[-59.897852012999977,-18.102446719442039],[-59.898088475999941,-18.101240660442098],[-59.898026886999951,-18.100666928442084],[-59.898025750999977,-18.100265174442114],[-59.898384576999945,-18.099919615442147],[-59.900123273999952,-18.099799025442156],[-59.900901529999935,-18.099337274442163],[-59.901078492999943,-18.098303595442133],[-59.901196304999985,-18.09755708344219],[-59.901374895999936,-18.097097336442225],[-59.902092192999994,-18.09629142344221],[-59.90287157299997,-18.096231417442205],[-59.903831009999976,-18.096228198442194],[-59.904610388999963,-18.09616818544221],[-59.905028828999946,-18.09570763044227],[-59.908149626999943,-18.096615400442214],[-59.909289287999968,-18.096726331442181],[-59.909588116999949,-18.096380958442186],[-59.909526329999949,-18.095749840442206],[-59.909344779999969,-18.095176522442266],[-59.908802952999963,-18.094432242442291],[-59.908260469999959,-18.093458389442311],[-59.910417003999953,-18.092704977442324],[-59.911798319999946,-18.093446402442311],[-59.912640139999944,-18.094247044442291],[-59.913240777999931,-18.094589359442239],[-59.914321295999976,-18.094987428442266],[-59.916061253999949,-18.095325842442243],[-59.916779980999927,-18.095036416442277],[-59.918036693999966,-18.094171215442277],[-59.919115190999939,-18.093880547442286],[-59.91989319299995,-18.09336133744231],[-59.920907826999951,-18.091750845442355],[-59.921505926999949,-18.09123224944236],[-59.922702455999961,-18.090309838442352],[-59.923540561999971,-18.089847801442385],[-59.923778368999926,-18.089158267442407],[-59.925274506999983,-18.088177415442438],[-59.926111400999957,-18.087313625442462],[-59.926409325999941,-18.086681273442483],[-59.927307535999951,-18.086276409442505],[-59.927845637999958,-18.085758006442504],[-59.928143041999988,-18.084953477442511],[-59.928621691999979,-18.084607458442502],[-59.929461468999932,-18.084719320442538],[-59.930123258999977,-18.085463116442501],[-59.930005743999978,-18.086267020442502],[-59.929889433999961,-18.087472667442459],[-59.929713847999942,-18.088908091442406],[-59.929776559999937,-18.089826151442395],[-59.930797452999975,-18.09033911944238],[-59.931397067999967,-18.09033702444237],[-59.932474125999939,-18.089587154442395],[-59.932713105999937,-18.089299356442393],[-59.934573284999942,-18.089751969442389],[-59.935655191999949,-18.090609048442381],[-59.936436778999969,-18.091295001442383],[-59.93727798499998,-18.091865956442348],[-59.938176884999962,-18.091690606442359],[-59.938596091999955,-18.091516948442379],[-59.939313177999964,-18.090710924442384],[-59.939792340999993,-18.090537052442357],[-59.940693687999961,-18.091165170442334],[-59.941475822999962,-18.092023274442351],[-59.942076140999973,-18.092250709442339],[-59.942495343999958,-18.09207704344233],[-59.943570589999986,-18.090753205442347],[-59.943869864999954,-18.09057996444238],[-59.945189711999944,-18.090804825442376],[-59.946390171999958,-18.091202279442342],[-59.947108991999983,-18.090970141442344],[-59.948004846999936,-18.089819100442369],[-59.94776144999998,-18.088672140442423],[-59.94769953499997,-18.088041053442463],[-59.947336933999971,-18.087124085442465],[-59.94673450199997,-18.086207972442455],[-59.946614227999987,-18.086093618442469],[-59.946249868999978,-18.084602735442544],[-59.946428327999961,-18.084142963442545],[-59.946542932999925,-18.082420803442613],[-59.946421954999941,-18.082076884442582],[-59.946060615999947,-18.081561648442637],[-59.946595457999933,-18.080010163442626],[-59.946293196999925,-18.079207757442653],[-59.944489203999986,-18.07749242544271],[-59.943408054999956,-18.076864954442744],[-59.943407351999944,-18.076635389442767],[-59.943764099999953,-18.075658461442796],[-59.944422557999992,-18.075311771442799],[-59.945021586999985,-18.075137468442794],[-59.945920919999928,-18.075134268442753],[-59.946940163999955,-18.075130636442786],[-59.948438518999978,-18.07495311344282],[-59.94945758199998,-18.07489207744279],[-59.950356198999948,-18.074659294442785],[-59.951791199999953,-18.073391533442795],[-59.952268516999936,-18.07264373044287],[-59.953285239999957,-18.071836596442846],[-59.954602616999978,-18.071315332442904],[-59.955559724999937,-18.070623185442926],[-59.958072905999991,-18.069064541442966],[-59.959270519999961,-18.068601074442945],[-59.960347135999939,-18.067793693442951],[-59.96118339099997,-18.066815007442969],[-59.962317944999945,-18.065376105443068],[-59.963093863999973,-18.064282852443068],[-59.964647494999952,-18.062670241443129],[-59.965542924999973,-18.061461763443116],[-59.966257765999963,-18.060024379443192],[-59.967033639999947,-18.058931116443183],[-59.968110161999952,-18.058123704443233],[-59.969064763999945,-18.056685436443264],[-59.970678590999967,-18.055187354443298],[-59.972174886999937,-18.054435775443324],[-59.973610668999981,-18.053512235443364],[-59.974987042999935,-18.052761079443403],[-59.976783211999987,-18.052065751443433],[-59.978401013999985,-18.051830194443426],[-59.980019367999944,-18.051766793443402],[-59.98205827399994,-18.051988762443372],[-59.983736944999983,-18.052039885443389],[-59.985537386999965,-18.052664437443397],[-59.986499158999941,-18.053464291443355],[-59.987761995999954,-18.054664736443307],[-59.988784303999985,-18.055636517443318],[-59.989029206999987,-18.057185121443268],[-59.988735533999943,-18.059022705443198],[-59.988020702999961,-18.060402756443168],[-59.987544521999951,-18.061437568443139],[-59.986288996999974,-18.062475311443105],[-59.985512109999952,-18.063224301443114],[-59.984554989999936,-18.063859184443071],[-59.984077085999957,-18.06437748744305],[-59.983838415999969,-18.064722723443083],[-59.984258442999987,-18.064835927443088],[-59.984977844999953,-18.064833228443028],[-59.985637105999956,-18.064773362443088],[-59.986834591999987,-18.064309738443058],[-59.987612991999988,-18.064019857443071],[-59.988750326999941,-18.0634990594431],[-59.990306918999977,-18.062861893443117],[-59.99120463099996,-18.062399378443118],[-59.991803165999954,-18.062110164443151],[-59.992882052999967,-18.062048684443152],[-59.99354206299995,-18.062218348443132],[-59.994082557999953,-18.062503243443132],[-59.994320856999941,-18.062707062443103],[-59.995953953999958,-18.061485211443188]],[[-59.995954673999954,-18.061486467443128],[-59.99595462199995,-18.061486285443124],[-59.995953953999958,-18.061485211443188],[-59.995954673999954,-18.061486467443128]],[[-59.846697121999966,-18.143641632440964],[-59.848136272999973,-18.147129440440878],[-59.846697370999948,-18.143641573440963],[-59.846697121999966,-18.143641632440964]],[[-59.994320856999941,-18.062707062443103],[-59.99432215599996,-18.062708383443123],[-59.994321705999944,-18.062707789443092],[-59.994320856999941,-18.062707062443103]]]},"properties":{"FID":5,"categoria":"Area nucleo"}},{"type":"Feature","id":6,"geometry":{"type":"Polygon","coordinates":[[[-61.264563775667121,-19.561322070670833],[-61.293964150998988,-19.565925162852622],[-61.323366586255958,-19.570523585194454],[-61.352771073562046,-19.57511733392468],[-61.382177605036453,-19.579706405276962],[-61.411586172793527,-19.584290795490297],[-61.44099676894281,-19.588870500809008],[-61.470409385589043,-19.593445517482785],[-61.499824014832178,-19.598015841766649],[-61.529240648767356,-19.602581469921013],[-61.558659279484935,-19.607142398211636],[-61.588079899070543,-19.611698622909675],[-61.617502499605017,-19.616250140291687],[-61.646927073164477,-19.620796946639615],[-61.676353611820289,-19.62533903824081],[-61.705782107639095,-19.629876411388057],[-61.735212552682796,-19.63440906237955],[-61.735214820017674,-19.634409411383515],[-61.736900677618252,-19.638514129214254],[-61.752381349985058,-19.67619665065472],[-61.767868809860545,-19.713878078373131],[-61.736058473410388,-19.713656259135043],[-61.704248573190959,-19.713428800679644],[-61.672439120166985,-19.713195703341185],[-61.64063012530228,-19.712956967462226],[-61.608821599559803,-19.712712593393601],[-61.577013553901544,-19.712462581494403],[-61.545205999288584,-19.712206932132045],[-61.513398946681072,-19.711945645682185],[-61.507154306307982,-19.76725594836736],[-61.500903986962207,-19.822565422918107],[-61.494647965977322,-19.877874066533316],[-61.488386220634148,-19.93318187640936],[-61.453579373080551,-19.929281239892919],[-61.418774736516475,-19.92537389532302],[-61.383972324655822,-19.921459847235898],[-61.349172151205117,-19.91753910017902],[-61.314374229863581,-19.913611658710963],[-61.279578574323054,-19.909677527401449],[-61.244785198267948,-19.905736710831327],[-61.209994115375267,-19.901789213592547],[-61.202712671397315,-19.800834693626967],[-61.224153917920695,-19.800765266644277],[-61.245595366998408,-19.800693263341628],[-61.2670370152685,-19.800618683697131],[-61.288478859368844,-19.800541527690577],[-61.282496190285947,-19.740737030930926],[-61.276516135280957,-19.680932287148682],[-61.270538671383676,-19.621127299382319],[-61.264563775667121,-19.561322070670833]]]},"properties":{"FID":6,"categoria":"Area nucleo"}},{"type":"Feature","id":7,"geometry":{"type":"Polygon","coordinates":[[[-59.068940164923767,-19.287660887413864],[-59.068967212613138,-19.287660024865144],[-59.087639971238545,-19.287847730366693],[-59.106313145171683,-19.288033526502648],[-59.124986732210921,-19.288217413138362],[-59.143660730154345,-19.288399390140135],[-59.162335136799783,-19.28857945737526],[-59.18100994994483,-19.288757614711955],[-59.199685167386825,-19.288933862019441],[-59.218360786922837,-19.28910819916787],[-59.237036806349707,-19.289280626028376],[-59.255713223464028,-19.289451142473059],[-59.274390036062144,-19.289619748374964],[-59.293067241940143,-19.289786443608136],[-59.311744838893901,-19.289951228047549],[-59.330422824719022,-19.290114101569163],[-59.349101197210885,-19.290275064049897],[-59.367779954164639,-19.290434115367646],[-59.38645909337518,-19.290591255401257],[-59.405138612637174,-19.290746484030524],[-59.423818509745054,-19.290899801136277],[-59.442498782493026,-19.291051206600226],[-59.461179428675052,-19.291200700305108],[-59.479860446084899,-19.291348282134603],[-59.498541832516047,-19.291493951973365],[-59.517223585761798,-19.291637709707008],[-59.535905703615221,-19.29177955522211],[-59.55458818386915,-19.291919488406236],[-59.573271024316199,-19.292057509147895],[-59.591954222748768,-19.292193617336576],[-59.610637776959045,-19.292327812862734],[-59.629321684738976,-19.292460095617805],[-59.6480059438803,-19.292590465494161],[-59.666690552174579,-19.29271892238518],[-59.666731493251831,-19.333388007365002],[-59.642224552316975,-19.33341257340166],[-59.617718155198034,-19.333433833941317],[-59.593212306884695,-19.333451789119536],[-59.568707012366161,-19.333466439074801],[-59.570464508054606,-19.370319407198515],[-59.570532945878213,-19.406344450174849],[-59.570644725121873,-19.442413869156304],[-59.571702355722572,-19.466947644705954],[-59.550275491740514,-19.467043063990118],[-59.528849034709992,-19.467135938331388],[-59.502021587640797,-19.46722213415649],[-59.475194799117126,-19.467304341735314],[-59.475213626379499,-19.469733080576386],[-59.450460135209148,-19.469720202433987],[-59.425707241423311,-19.469703932510765],[-59.42379393625459,-19.439749549978984],[-59.401883315177365,-19.439733676397498],[-59.379973169846558,-19.439715148738387],[-59.379966425527286,-19.446430239778358],[-59.357986342906948,-19.445909201988012],[-59.336006881016324,-19.445385514376188],[-59.306253952142406,-19.445461490180584],[-59.276501888138412,-19.445532564099175],[-59.277033418019307,-19.439139054507752],[-59.251613140777856,-19.439148109027105],[-59.226193521930576,-19.439153588750436],[-59.200774567048967,-19.439155493858703],[-59.17535628170382,-19.439153824536191],[-59.149938671465215,-19.439148580970567],[-59.124521741902534,-19.439139763352852],[-59.099105498584436,-19.43912737187739],[-59.073689947078854,-19.439111406741908],[-59.073779839269292,-19.402212632327863],[-59.061553584062864,-19.402059230767147],[-59.061676008990929,-19.358817876597058],[-59.028891968318597,-19.359142345970028],[-58.996108963916136,-19.359460865007705],[-58.996268871473646,-19.330408885965774],[-59.01443992037543,-19.319725258163036],[-59.032608818793143,-19.309039380364588],[-59.050775566913202,-19.298351255728658],[-59.068940164923767,-19.287660887413864]]]},"properties":{"FID":7,"categoria":"Area nucleo"}},{"type":"Feature","id":8,"geometry":{"type":"MultiPolygon","coordinates":[[[[-58.568034847834042,-19.961474012385338],[-58.595529840697949,-19.96151797117663],[-58.623025750727741,-19.96155765089711],[-58.623598263789781,-20.017423601902028],[-58.6050197538245,-20.026219533296455],[-58.586439474057563,-20.035013109237166],[-58.567857425155708,-20.043804327035403],[-58.549273607787498,-20.052593184003115],[-58.530688022623231,-20.061379677452976],[-58.512100670335037,-20.070163804698417],[-58.493511551596768,-20.078945563053587],[-58.474920667084106,-20.087724949833348],[-58.456328017474497,-20.096501962353312],[-58.437733603447171,-20.105276597929848],[-58.419137425683147,-20.114048853880011],[-58.400539484865241,-20.122818727521643],[-58.381939781678042,-20.131586216173332],[-58.363338316807955,-20.140351317154366],[-58.344735090943132,-20.149114027784822],[-58.326130104773576,-20.157874345385501],[-58.326175217995818,-20.113457915776966],[-58.293110124005395,-20.113207736694665],[-58.260046529395062,-20.112951343349859],[-58.260074946501355,-20.142694677694681],[-58.239655561879793,-20.142740437023246],[-58.219236702473694,-20.142783812682364],[-58.198818371188018,-20.142824804779533],[-58.178400570927415,-20.142863413423683],[-58.177982101770681,-20.142895438987615],[-58.177923485905588,-20.146149416401798],[-58.177959671560487,-20.148207164564454],[-58.176881092897517,-20.148292775213331],[-58.175303995196813,-20.148322907212389],[-58.173934282008325,-20.148332042898389],[-58.171609772312344,-20.148327922549758],[-58.16940963472036,-20.148303345735322],[-58.168476175003299,-20.148368341471151],[-58.167334598609763,-20.148356312055867],[-58.164262383681127,-20.148278649281597],[-58.163279814827568,-20.147680467052986],[-58.162150011948512,-20.145583269130675],[-58.160798951309459,-20.143697984641374],[-58.159017756299825,-20.14392017060019],[-58.157010613517642,-20.143722890975599],[-58.155665817045865,-20.142679384748821],[-58.152536768468117,-20.141437075610948],[-58.149410843526105,-20.140615620257897],[-58.14739146475295,-20.138734579213203],[-58.146266540780729,-20.137268632650784],[-58.145799406470729,-20.134325140364218],[-58.145797315448114,-20.134038056065762],[-58.14579504956432,-20.133726964425087],[-58.145784077553849,-20.132220576161117],[-58.145321568230933,-20.129908449403604],[-58.143751084645025,-20.128445374465386],[-58.143654466194818,-20.12835536075011],[-58.141507587338324,-20.126355240258508],[-58.140163042258941,-20.125311601432202],[-58.140152369822417,-20.123838402133263],[-58.140151954980873,-20.123781131413608],[-58.140151691384467,-20.123744740752585],[-58.14016658828865,-20.123745425915406],[-58.140151442340354,-20.123710359106319],[-58.140134076424239,-20.12131291703545],[-58.140787264413433,-20.119204025371996],[-58.141434333510567,-20.116253303093664],[-58.143413606556976,-20.112662552062957],[-58.143297947656116,-20.112454836142085],[-58.143634878876199,-20.112450651495813],[-58.143801873599379,-20.111114279441715],[-58.143845451129835,-20.110765551093927],[-58.143977432712745,-20.110163617153095],[-58.14406583544767,-20.109760435091932],[-58.144148364482199,-20.109384041462533],[-58.144345395397131,-20.108485434304736],[-58.144489331269234,-20.107828979935615],[-58.144492436167511,-20.107814819295751],[-58.144535651552189,-20.107468964916968],[-58.144648334292292,-20.106567160631577],[-58.14473342389072,-20.105886185315953],[-58.144791510656866,-20.105421314701555],[-58.144913551662704,-20.104444615857155],[-58.14547725893182,-20.102250666447851],[-58.145518310060908,-20.102090895401179],[-58.145563556888938,-20.101914794688891],[-58.146888014414138,-20.100222460793109],[-58.148658004382888,-20.098527220582902],[-58.150873511581139,-20.096829061358886],[-58.151750782057562,-20.094929140545041],[-58.153732652037824,-20.091759203486259],[-58.156826728402173,-20.088371500693427],[-58.157210184784141,-20.086492498290148],[-58.157267187676823,-20.086213174285025],[-58.157317419761966,-20.085967028404706],[-58.157328608678185,-20.085912200785653],[-58.157471854066699,-20.085210273677493],[-58.15745795425822,-20.083316163166014],[-58.156694808463733,-20.081618961648523],[-58.156325651156273,-20.080797972596436],[-58.156009387960296,-20.078941354268732],[-58.155860097434854,-20.07806494648802],[-58.155857013946758,-20.07764403249633],[-58.156966134809615,-20.0770053750099],[-58.159643763321959,-20.07761922904746],[-58.160986456139184,-20.078452281952615],[-58.16233071333663,-20.079495780345656],[-58.164109624826068,-20.07906313921254],[-58.164847735473131,-20.077822735922865],[-58.164989752756306,-20.077584074272458],[-58.164536487749224,-20.076534728184058],[-58.163674137854784,-20.075330842383767],[-58.16363618428133,-20.07527785719935],[-58.162511600696604,-20.073811989066154],[-58.162659255943737,-20.072784376463414],[-58.162723491292098,-20.072337327985164],[-58.163823234950193,-20.070435890847651],[-58.16559116253805,-20.068530044211517],[-58.167131646565338,-20.065994282551035],[-58.167076158775679,-20.065504552893749],[-58.166893359820335,-20.063891187677644],[-58.166111177686226,-20.062618494949099],[-58.165991562038435,-20.062423867689589],[-58.164867055685292,-20.060958009001244],[-58.163741590963753,-20.059376049776116],[-58.164022935603576,-20.05778167515291],[-58.16437958913621,-20.05646376444319],[-58.165030340489317,-20.055282395429003],[-58.167505146635172,-20.05305038731511],[-58.168304448013814,-20.052144986710758],[-58.169063573368724,-20.052165953473207],[-58.169168880413665,-20.05196340141277],[-58.168738935834249,-20.051449714710923],[-58.168651831450191,-20.049580808737915],[-58.167545649935796,-20.048618754619593],[-58.187070224029299,-20.048635928621941],[-58.206595299045155,-20.048650934258301],[-58.226120872446977,-20.048663771414564],[-58.24564694169807,-20.048674439977837],[-58.265173504261433,-20.048682939836425],[-58.28470055759977,-20.048689270879809],[-58.304228099175432,-20.048693432998672],[-58.323756126450533,-20.048695426084912],[-58.323905115090945,-20.04024740096807],[-58.356065562884815,-20.040003778727613],[-58.356295602899266,-20.032662965176108],[-58.382957839119221,-20.032664337859977],[-58.409620964135236,-20.03266167010964],[-58.4362849714866,-20.032654961661361],[-58.46294985471156,-20.03264421225558],[-58.489615607347353,-20.032629421636891],[-58.516282222930236,-20.032610589554029],[-58.542949694995421,-20.032587715759909],[-58.569618017077211,-20.032560800011602],[-58.568034847834042,-19.961474012385338]]],[[[-58.631133270580158,-19.545219122827078],[-58.630103616909508,-19.586460657579838],[-58.61227540925853,-19.585469535572134],[-58.612953061397846,-19.653398218616637],[-58.61220807205283,-19.659929684282776],[-58.612311680395145,-19.670291636066111],[-58.611518736387175,-19.712517795981825],[-58.592065040048965,-19.712595628563683],[-58.572611778650192,-19.712671336419501],[-58.553158954693707,-19.712744919621077],[-58.533706570682099,-19.712816378241378],[-58.533723999321893,-19.778639304275519],[-58.533735572439369,-19.844461897244024],[-58.556861414107644,-19.843497399796806],[-58.556717910206842,-19.870365410462426],[-58.561000722869835,-19.870316095386155],[-58.561222136742572,-19.915999232122903],[-58.539102643000433,-19.915808266527115],[-58.516983794969924,-19.915614545065377],[-58.494865596330442,-19.915418067970858],[-58.472748050760842,-19.915218835478679],[-58.472905210908735,-19.888350097135366],[-58.445998038688501,-19.888388061755695],[-58.419091748888107,-19.888421934543693],[-58.39218634813836,-19.888451715746477],[-58.365281843068992,-19.888477405615429],[-58.365088275327452,-19.897191470747156],[-58.337364249035502,-19.897021342955345],[-58.309641255425987,-19.896846882997611],[-58.290475262410972,-19.896831117664469],[-58.271309742871253,-19.896813276715079],[-58.25258710287784,-19.89691926825946],[-58.235773489513008,-19.896783048733294],[-58.234701715369347,-19.896959671274651],[-58.226563470442017,-19.896931359589406],[-58.219500243333712,-19.897149087227746],[-58.213685705155669,-19.896935063031247],[-58.209840442572002,-19.89696124703082],[-58.205190989689811,-19.897077388351196],[-58.20596446358541,-19.895109117295441],[-58.205056942548012,-19.887688311399941],[-58.206635117718569,-19.883740440924988],[-58.204049534471324,-19.879552314541648],[-58.205358132947907,-19.877485388082118],[-58.208288131085013,-19.877197089800283],[-58.210277059196514,-19.877541510726278],[-58.217065748610807,-19.874721331200398],[-58.220835230389824,-19.872905912377632],[-58.223300449239076,-19.873694329546936],[-58.225302422711223,-19.875738632697093],[-58.231268559460943,-19.876681778453655],[-58.232868120904392,-19.875596943649288],[-58.233516331667644,-19.873802839800909],[-58.230275111546383,-19.870514462387391],[-58.229689021132259,-19.868102523398793],[-58.230902616715248,-19.866036081759905],[-58.23287898857869,-19.864769685343536],[-58.235218375602315,-19.861532173374183],[-58.235947912747754,-19.858037361490748],[-58.237158581206714,-19.855612979098801],[-58.23960065959826,-19.85344847416917],[-58.242802674166462,-19.85172604666144],[-58.243262258752182,-19.850022707915102],[-58.242404217583776,-19.849133880763738],[-58.239271112879813,-19.847545027632748],[-58.236893870852441,-19.84586139431098],[-58.235632024563088,-19.841664533243431],[-58.233429516472974,-19.838100532472936],[-58.230971711408827,-19.838206990338968],[-58.227747811045326,-19.837065950497387],[-58.227535321367739,-19.834025047772407],[-58.229466838737004,-19.831941108916276],[-58.23193181618106,-19.827820539757266],[-58.233706882723766,-19.825034359377984],[-58.233978099272271,-19.823421821826564],[-58.231590255213732,-19.820306465729804],[-58.233753097981854,-19.81877034959296],[-58.237040748601117,-19.815973681883509],[-58.236428149783173,-19.813208580117763],[-58.23360057945289,-19.81125496920933],[-58.231714459234894,-19.808335231072608],[-58.231851984852952,-19.805182298689456],[-58.229403275176928,-19.802676864959491],[-58.22644479664077,-19.802803498796504],[-58.224167015047257,-19.801655858261395],[-58.225189106126678,-19.799322327633934],[-58.226598214871693,-19.79814939812492],[-58.225928939222655,-19.797169691987417],[-58.22422323022343,-19.796644494778427],[-58.222673801893734,-19.791823083009174],[-58.223319111586385,-19.789671102992695],[-58.225865234334798,-19.788848324255891],[-58.227466734298119,-19.788121480627982],[-58.230677434958643,-19.779391750278659],[-58.235699998878481,-19.77509999943624],[-58.26211593298715,-19.759834517883146],[-58.288527372589385,-19.744564058976131],[-58.314934317983614,-19.729288632189988],[-58.341336769476172,-19.714008247001569],[-58.359465007314405,-19.703476311794294],[-58.377591117025723,-19.692942044193082],[-58.395715098731038,-19.682405447279361],[-58.413836952553069,-19.671866524135019],[-58.431956678616267,-19.66132527784238],[-58.450074277046824,-19.650781711484242],[-58.468189747972737,-19.640235828143805],[-58.486303091523745,-19.629687630904755],[-58.504414307831304,-19.6191371228512],[-58.522523397028692,-19.608584307067687],[-58.540630359250848,-19.598029186639195],[-58.558735194634544,-19.587471764651159],[-58.576837903318236,-19.57691204418942],[-58.594938485442135,-19.566350028340285],[-58.613036941148216,-19.55578572019046],[-58.631133270580158,-19.545219122827078]]]]},"properties":{"FID":8,"categoria":"Area nucleo"}},{"type":"Feature","id":9,"geometry":{"type":"Polygon","coordinates":[[[-60.790319371749717,-19.910353307347968],[-60.792357448172091,-19.907844541102683],[-60.793440425919513,-19.903654675972284],[-60.811916532039056,-19.884752464858014],[-60.814873031435994,-19.876529094159782],[-60.814239384750799,-19.874003632423879],[-60.812718736581111,-19.87392273123022],[-60.809711156394677,-19.871134432821755],[-60.816177128019902,-19.865688222002042],[-60.815565847361256,-19.863676673584912],[-60.822449768645527,-19.856932117379053],[-60.83367730668845,-19.871258958506196],[-60.85024071329007,-19.875388366429824],[-60.855042217163941,-19.879438197033142],[-60.855523544882473,-19.881129892363564],[-60.857109440223546,-19.882437935041498],[-60.860076982213897,-19.883739821062427],[-60.867644679271876,-19.885831944220687],[-60.86842438564787,-19.886756673769018],[-60.867734313949093,-19.889348979984764],[-60.868904991628973,-19.893714783810889],[-60.873958799556632,-19.898074920261259],[-60.898649902555448,-19.909847812306197],[-60.923409507075725,-19.922767011148931],[-60.948173379205983,-19.935683099602642],[-60.959545754233652,-19.943950335730822],[-60.971376616130456,-19.96234333062608],[-60.983210093099075,-19.98073573930095],[-60.983594921500249,-19.98385936180215],[-60.98156198566673,-19.986483253571098],[-60.980527205613022,-19.98856995726678],[-60.980328143138721,-19.992214507281801],[-60.983565296389401,-19.99679731693157],[-60.990536624065406,-19.991884224477886],[-61.004244743719262,-19.983038284076748],[-61.023471621524486,-19.983334048793864],[-61.042698768662497,-19.983627732773062],[-61.055519518386248,-20.02830423872004],[-61.068346433580899,-20.072980205250147],[-61.070592435129093,-20.074660588634785],[-61.070876126849015,-20.074694186889261],[-61.09544424255666,-20.077530625821087],[-61.120013548675821,-20.080363715185893],[-61.133146192493996,-20.077159342378],[-61.15020970932018,-20.071998064172323],[-61.156632933794967,-20.071396682984989],[-61.163144438871029,-20.071027228426555],[-61.188924498792169,-20.071055164936229],[-61.214704892708021,-20.071079337379921],[-61.240485614760296,-20.071099745649668],[-61.266266659090341,-20.071116389641123],[-61.297456247796624,-20.074884034155541],[-61.321010222668626,-20.07739150267124],[-61.339367252630531,-20.080015914221864],[-61.345440783020031,-20.080675475548709],[-61.377755041736776,-20.076886466165675],[-61.410068196187396,-20.073091432653378],[-61.422629154015532,-20.071752740448137],[-61.427386350966287,-20.071468486556455],[-61.441391545037519,-20.071347518566661],[-61.45114092850266,-20.071498676002239],[-61.46007449682056,-20.072001472259466],[-61.474137984046855,-20.07310886573045],[-61.493749405417333,-20.074649391858049],[-61.506945950951163,-20.075316319136579],[-61.510521330583167,-20.075819721017822],[-61.528181619747961,-20.076929021009043],[-61.532713486038517,-20.076727500046676],[-61.536520698673066,-20.075788800000936],[-61.540220313336462,-20.075819415731637],[-61.547929177824763,-20.07435434373475],[-61.549628666625516,-20.073132131714111],[-61.564704230736012,-20.072335835353549],[-61.587862278924241,-20.073852266312738],[-61.593119425373047,-20.074713827187814],[-61.594466881622303,-20.074298667158068],[-61.595810062024107,-20.074373675755584],[-61.597868020898687,-20.073457840780669],[-61.599052678499383,-20.073186266132439],[-61.600607169102389,-20.072442848412344],[-61.602615515561354,-20.072037736793526],[-61.605835939759857,-20.070462168027667],[-61.608526559664249,-20.070113776517466],[-61.628468341758456,-20.064575371223654],[-61.643961284429828,-20.06572760324454],[-61.649802276168323,-20.066671192462092],[-61.66198205185399,-20.068192232378763],[-61.664868743144027,-20.068908478701982],[-61.668532792515592,-20.069325887706519],[-61.680029830191401,-20.073940925575467],[-61.694734802714528,-20.07939527734489],[-61.705447068936884,-20.08066690378805],[-61.714636056664816,-20.08196520497275],[-61.745133565047844,-20.084466965387413],[-61.74629685200938,-20.084294710826157],[-61.763419268853781,-20.086836828954898],[-61.77477683690644,-20.087772891996835],[-61.775653389897514,-20.087628630400186],[-61.779917490254213,-20.087853577456141],[-61.786068226444321,-20.089053907161926],[-61.796983330692719,-20.072846655126284],[-61.80789613415461,-20.05663858454696],[-61.815311952811797,-20.05551233330926],[-61.816919152328111,-20.051722821730174],[-61.8188289871172,-20.051651111665038],[-61.819666271287176,-20.050512761438071],[-61.820634604822146,-20.050311865681657],[-61.821632825486034,-20.050449078862876],[-61.826204536813812,-20.051876776144915],[-61.827258016534067,-20.051154447107109],[-61.82769407007406,-20.050412568805598],[-61.828226594830774,-20.049824926592848],[-61.829195940084247,-20.0494858419782],[-61.831148314796195,-20.049153252347562],[-61.833188901350525,-20.048967141256828],[-61.833981753369173,-20.048327438580561],[-61.834799446351184,-20.048103966680088],[-61.835810612426599,-20.046498384650626],[-61.836750809999771,-20.045698359803044],[-61.837384821398345,-20.045656449186744],[-61.839793102475099,-20.046286478011766],[-61.840899990797396,-20.046025028662431],[-61.842078286357186,-20.045986667575985],[-61.842928693072601,-20.046345420189599],[-61.850921374042031,-20.053228171989868],[-61.854241158151012,-20.05259113783789],[-61.864000420090612,-20.035938851731586],[-61.87041372973102,-20.036267415943222],[-61.871916002478315,-20.037013287439706],[-61.878955899822472,-20.043053689043791],[-61.880042777106254,-20.043378888366465],[-61.894945535428874,-20.026007275438392],[-61.895882210991985,-20.024666850644735],[-61.909206585835086,-20.056939416516911],[-61.9225361195627,-20.08921111566459],[-61.937001101220197,-20.109187811055314],[-61.951469687251972,-20.129163441387107],[-61.965941883277523,-20.149138002777978],[-61.980417694919211,-20.169111491344385],[-61.994897127802318,-20.189083903201297],[-62.009380187554967,-20.209055234462159],[-62.023866879808182,-20.229025481238871],[-62.038357210195862,-20.248994639641854],[-62.039285595091719,-20.250273840820949],[-62.058674830092436,-20.276984105974936],[-62.078070599224993,-20.303692406919591],[-62.097472915999084,-20.330398734331901],[-62.116881793933658,-20.357103078883927],[-62.136297246556907,-20.383805431242841],[-62.155719287406278,-20.410505782070899],[-62.175147930028494,-20.437204122025395],[-62.194583187979553,-20.463900441758717],[-62.212628797322317,-20.488677972838126],[-62.230680128596873,-20.513453747869786],[-62.248737192665104,-20.538227759367139],[-62.266800000395776,-20.56299999983996],[-62.263401704993306,-20.561262712083369],[-62.25112064509478,-20.552029860291825],[-62.243662995727838,-20.544921204825467],[-62.241327931390224,-20.544930064126458],[-62.240374438828923,-20.544773187369053],[-62.225453970168353,-20.540116844734577],[-62.213408036632472,-20.533330531917731],[-62.205625148124383,-20.534691213518148],[-62.188633124053823,-20.525609424326259],[-62.182878971278356,-20.52549630420167],[-62.163516583953033,-20.516158423130506],[-62.157955530194386,-20.516040809632219],[-62.144880230324802,-20.518469096622809],[-62.13121310730908,-20.530740375428294],[-62.117543808251419,-20.543010481317395],[-62.103872331652973,-20.555279412187794],[-62.090198676015049,-20.567547165936816],[-62.076522839839143,-20.579813740461457],[-62.062844821626911,-20.592079133658402],[-62.049164619880152,-20.604343343424016],[-62.035482233100872,-20.616606367654313],[-62.02179765979124,-20.628868204245002],[-62.008110898453573,-20.641128851091455],[-61.994421947590425,-20.653388306088718],[-61.980730805704454,-20.665646567131525],[-61.967037471298546,-20.677903632114273],[-61.95334194287576,-20.69015949893102],[-61.9396442189393,-20.702414165475531],[-61.925944297992601,-20.714667629641216],[-61.903876375105291,-20.7067024385689],[-61.881810880997122,-20.698734515212418],[-61.861473168262719,-20.691256377569882],[-61.841137556801741,-20.683775925580317],[-61.820804048146442,-20.676293162110365],[-61.800472643826893,-20.668808090027465],[-61.780143345370938,-20.66132071219981],[-61.759816154304303,-20.653831031496424],[-61.739491072150464,-20.646339050787091],[-61.719168100430743,-20.63884477294237],[-61.69463161722598,-20.629772850842226],[-61.670098222061952,-20.620697589123985],[-61.645567917593723,-20.611618992856599],[-61.621040706471753,-20.602537067110649],[-61.603521115324916,-20.595940816864008],[-61.586003128813289,-20.589342873195765],[-61.568486747869962,-20.582743237985934],[-61.550971973426826,-20.57614191311492],[-61.530747953293144,-20.568697719144382],[-61.510526031709894,-20.561251274709537],[-61.490306210171298,-20.55380258264022],[-61.470088490169388,-20.546351645766993],[-61.461126541605239,-20.543251070800885],[-61.436962464626077,-20.532601744804619],[-61.412261613284301,-20.519366864955789],[-61.387565186952713,-20.506128726487923],[-61.36287318566125,-20.49288733688509],[-61.338185609434618,-20.479642703631566],[-61.313502458292291,-20.46639483421183],[-61.288823732248503,-20.453143736110544],[-61.264149431312269,-20.439889416812566],[-61.239479555487435,-20.426631883802909],[-61.217267138048037,-20.416986653858903],[-61.195057677073315,-20.407338785328456],[-61.172851173845977,-20.397688282636413],[-61.150647629645405,-20.38803515020836],[-61.128447045747656,-20.378379392470581],[-61.106249423425503,-20.368721013850035],[-61.084054763948409,-20.359060018774365],[-61.061863068582547,-20.349396411671883],[-61.034934669913007,-20.335296074604788],[-61.008011425285559,-20.321191966264607],[-60.981093335013341,-20.307084096150199],[-60.954180399402148,-20.292972473760695],[-60.927272618750528,-20.278857108595574],[-60.900369993349777,-20.264738010154563],[-60.873472523483912,-20.250615187937697],[-60.846580209429739,-20.236488651445267],[-60.845794693655954,-20.233600643227891],[-60.826366587030755,-20.24255416630119],[-60.806936420362632,-20.251505322633957],[-60.787504194437588,-20.260454109177541],[-60.768069910043707,-20.269400522884002],[-60.748633567971112,-20.278344560706103],[-60.729195169011973,-20.287286219597281],[-60.709754713960542,-20.296225496511695],[-60.690312203613118,-20.305162388404206],[-60.670867638768058,-20.314096892230374],[-60.651421020225797,-20.323029004946473],[-60.631972348788807,-20.331958723509487],[-60.612521625261657,-20.340886044877124],[-60.59306885045099,-20.349810966007794],[-60.573614025165462,-20.358733483860625],[-60.554157150215879,-20.367653595395499],[-60.534698226415088,-20.376571297572966],[-60.50614098326777,-20.389881116917351],[-60.477579243930819,-20.403185722867594],[-60.449013010801195,-20.416485105657838],[-60.420442286285642,-20.429779255525553],[-60.391867072800643,-20.443068162711562],[-60.363287372772461,-20.456351817459986],[-60.334703188637206,-20.46963021001838],[-60.30611452284073,-20.482903330637669],[-60.277521377838738,-20.496171169572147],[-60.248923756096794,-20.509433717079578],[-60.220321660090285,-20.522690963421152],[-60.191715092304449,-20.535942898861517],[-60.163104055234449,-20.549189513668779],[-60.134488551385282,-20.562430798114555],[-60.105868583271871,-20.575666742473974],[-60.077244153419073,-20.588897337025685],[-60.066132663529913,-20.594033619568858],[-60.048732235257503,-20.598900599371216],[-60.031330918883462,-20.603765687707497],[-60.013928715782932,-20.608628883277547],[-59.996525627331948,-20.613490184781885],[-59.979121654907459,-20.618349590921806],[-59.961716799887306,-20.623207100399281],[-59.944311063650225,-20.628062711916993],[-59.926904447575843,-20.632916424178376],[-59.902936954729242,-20.631620912796549],[-59.878970345284849,-20.63032211875991],[-59.878825998295355,-20.628417210223152],[-59.865897697106533,-20.603697180673098],[-59.85297313619111,-20.578976660374057],[-59.841249157878579,-20.556534776328238],[-59.829528246987749,-20.53409249452681],[-59.817810397258974,-20.511649817873447],[-59.806095602437331,-20.489206749270522],[-59.794383856272731,-20.466763291619113],[-59.782675152519801,-20.444319447819055],[-59.770969484937936,-20.421875220768872],[-59.7592668472913,-20.399430613365819],[-59.759097872696572,-20.341066630515385],[-59.758925681190178,-20.28270233826672],[-59.73903976177548,-20.282726869272523],[-59.719154184275915,-20.282749135421142],[-59.699268951383047,-20.282769136783049],[-59.679384065788227,-20.282786873429995],[-59.679435516635138,-20.285065124514272],[-59.677484770896967,-20.333614620530966],[-59.675530432688646,-20.382163701117257],[-59.673572495226885,-20.430712365461119],[-59.671610951708061,-20.479260612750583],[-59.648776942365728,-20.480612077267345],[-59.647412185142642,-20.54326324546831],[-59.629339333777317,-20.543807725144102],[-59.61126664999243,-20.544350296806108],[-59.593194135813491,-20.544890960353623],[-59.575121793265936,-20.54542971568684],[-59.575959005113681,-20.507841910990638],[-59.608334763379418,-20.504896822461955],[-59.605284596863896,-20.470813251783156],[-59.577704277511451,-20.47206254165398],[-59.550124210180982,-20.473307378233933],[-59.545787750959171,-20.412338982844219],[-59.51165499256976,-20.409867582660599],[-59.477524416608105,-20.407389633589109],[-59.476237120878324,-20.380505215249944],[-59.508564484382454,-20.37847003342052],[-59.540891974570776,-20.376428718085357],[-59.546653150787371,-20.330881007807985],[-59.552408803304253,-20.285332425121883],[-59.571339682688965,-20.287495192892983],[-59.571578856417744,-20.211842202025586],[-59.57181185465128,-20.136188644389932],[-59.572038684608884,-20.060534522475425],[-59.572259353443144,-19.984879838775822],[-59.579558784195569,-19.984971942231311],[-59.57955949000533,-19.983745930086211],[-59.59746726619575,-19.983779677719909],[-59.615375345373586,-19.983811612312373],[-59.633283725579759,-19.983841733795224],[-59.651192404855017,-19.983870042100957],[-59.669101381239983,-19.983896537162835],[-59.687010652775108,-19.983921218915032],[-59.704920217500693,-19.983944087292542],[-59.722830073456848,-19.983965142231195],[-59.740740218683591,-19.983984383667675],[-59.758650651220727,-19.984001811539503],[-59.776561369107938,-19.984017425785044],[-59.794472370384732,-19.984031226343497],[-59.812383653090521,-19.984043213154919],[-59.830295215264506,-19.984053386160195],[-59.848207054945775,-19.984061745301076],[-59.866119170173263,-19.984068290520124],[-59.884031558985754,-19.984073021760771],[-59.901944219421893,-19.984075938967287],[-59.919857149520183,-19.984077042084767],[-59.937770347318995,-19.984076331059182],[-59.955683810856542,-19.984073805837312],[-59.973597538170893,-19.984069466366812],[-59.991511527300013,-19.984063312596163],[-60.009425776281709,-19.984055344474687],[-60.027340283153634,-19.98404556195257],[-60.045255045953347,-19.984033964980814],[-60.063170062718243,-19.984020553511286],[-60.08108533148561,-19.984005327496693],[-60.099000850292569,-19.983988286890586],[-60.116916617176173,-19.983969431647353],[-60.134832630173271,-19.983948761722246],[-60.152748887320634,-19.983926277071337],[-60.17066538665491,-19.983901977651566],[-60.188582126212602,-19.983875863420696],[-60.206499104030094,-19.983847934337348],[-60.224416318143668,-19.983818190360982],[-60.242333766589461,-19.983786631451913],[-60.260251447403476,-19.983753257571287],[-60.27816935862166,-19.98371806868111],[-60.296087498279782,-19.983681064744232],[-60.314005864413531,-19.983642245724322],[-60.331924455058449,-19.983601611585929],[-60.349843268249991,-19.983559162294434],[-60.367762302023515,-19.98351489781605],[-60.385681554414205,-19.98346881811786],[-60.403601023457227,-19.983420923167781],[-60.42152070718754,-19.983371212934575],[-60.439440603640072,-19.983319687387844],[-60.45736071084962,-19.983266346498045],[-60.475281026850851,-19.983211190236474],[-60.493201549678368,-19.983154218575283],[-60.511122277366653,-19.983095431487467],[-60.529043207950089,-19.983034828946863],[-60.546964339462974,-19.982972410928159],[-60.564885669939457,-19.982908177406877],[-60.582807197413658,-19.982842128359394],[-60.600728919919554,-19.982774263762934],[-60.618650835491032,-19.982704583595574],[-60.636572942161919,-19.982633087836227],[-60.654495237965904,-19.982559776464651],[-60.672417720936615,-19.982484649461469],[-60.690340389107597,-19.982407706808118],[-60.708263240512252,-19.982328948486909],[-60.72618627318397,-19.982248374480989],[-60.744641157134275,-19.958216105197248],[-60.763090258467642,-19.934181313679417],[-60.765568828691123,-19.932537178879009],[-60.77380290586008,-19.93043227948511],[-60.775825566536881,-19.930557052712111],[-60.777691695203529,-19.931802370855298],[-60.780453962227071,-19.930510628888893],[-60.783652513692005,-19.926433086932374],[-60.786964250171543,-19.924111171275555],[-60.787921284643865,-19.922425696472246],[-60.787790470597187,-19.92059255750419],[-60.784253093570562,-19.917411471057576],[-60.783261004483997,-19.911508093420053],[-60.785901469630751,-19.911569627370707],[-60.790319371749717,-19.910353307347968]]]},"properties":{"FID":9,"categoria":"Area nucleo"}},{"type":"Feature","id":10,"geometry":{"type":"Polygon","coordinates":[[[-62.45875908843243,-19.579817316040618],[-62.47943770391435,-19.577290584776204],[-62.483425049602047,-19.592604427334887],[-62.495534626715923,-19.592638719193264],[-62.49458516819174,-19.573508054137172],[-62.516829094416146,-19.558266518860336],[-62.537018478794842,-19.554493788758773],[-62.556488866108772,-19.555773361861281],[-62.55635917983227,-19.557219409747908],[-62.556350690232129,-19.55962600003981],[-62.556007470268518,-19.562391999890853],[-62.55526509970457,-19.563846219827134],[-62.555037850016731,-19.566838939665267],[-62.555476999763698,-19.567716609633798],[-62.55505990049398,-19.569507270444145],[-62.552592200369709,-19.570575329587768],[-62.552242099693089,-19.568545139746337],[-62.551408140373333,-19.567818939892092],[-62.550402690231905,-19.568308689994016],[-62.549415210343611,-19.569349130058242],[-62.549311290083949,-19.571136430102122],[-62.548751630283448,-19.57148977013674],[-62.548551290109913,-19.574927210122606],[-62.548088390167038,-19.577863869821659],[-62.547988370267028,-19.578999819685869],[-62.547386440531739,-19.587232889985845],[-62.545777840275086,-19.587599930292534],[-62.545257130112418,-19.588292750010314],[-62.545166900232232,-19.5907667103154],[-62.544525949812666,-19.592712880095274],[-62.544082490514469,-19.593855279897166],[-62.545216309884779,-19.595426429685904],[-62.5475575797185,-19.596074189771954],[-62.54907386007055,-19.597403320306963],[-62.550576330433259,-19.599038750038229],[-62.552299640116239,-19.601683229897109],[-62.554012340497067,-19.602257560338099],[-62.556523950020228,-19.605268330469006],[-62.55713655021156,-19.606524759809751],[-62.55769129971366,-19.609043080074059],[-62.558657419804028,-19.61042845960565],[-62.5618586699416,-19.613038150090514],[-62.564986539896822,-19.614836840048099],[-62.55037589630296,-19.632277709441787],[-62.535762082845103,-19.649717296481946],[-62.521145095534472,-19.667155597733672],[-62.506524930381175,-19.684592609761062],[-62.504409290556289,-19.687151350054702],[-62.499446030210095,-19.687019579589904],[-62.476822710000015,-19.686417190301022],[-62.463858620279048,-19.686070720187555],[-62.434428690331742,-19.685280699944322],[-62.414945241212934,-19.684755030513962],[-62.395461979786475,-19.684227250287325],[-62.383071212514047,-19.648259348700574],[-62.370685750047294,-19.612290600330866],[-62.391999842043965,-19.612598210392395],[-62.413314089873325,-19.612903300347],[-62.437635632994215,-19.613248355896189],[-62.461957369836675,-19.61359012968067],[-62.461872150079607,-19.612690580106118],[-62.45875908843243,-19.579817316040618]]]},"properties":{"FID":10,"categoria":"corredor"}},{"type":"Feature","id":11,"geometry":{"type":"Polygon","coordinates":[[[-62.682477161770215,-19.706545179881179],[-62.701590894611023,-19.699411786648049],[-62.725185637210402,-19.694501978784018],[-62.748778980065808,-19.689589049694838],[-62.74878008982926,-19.6895888203677],[-62.748791770223988,-19.689586379607704],[-62.749305127076951,-19.704046764669119],[-62.749984970030297,-19.723193430232573],[-62.75009828011148,-19.726384259925613],[-62.750743670483956,-19.744556640176754],[-62.750988047739952,-19.750790100148794],[-62.733940324529854,-19.770180375050668],[-62.716888468815768,-19.789568935632769],[-62.699832474976724,-19.808955776696905],[-62.682772337390126,-19.828340893043229],[-62.680622836481056,-19.89241507433572],[-62.697786961482258,-19.904878051417491],[-62.714953784247022,-19.917339389988044],[-62.726054781284937,-19.930268028728481],[-62.737157579505151,-19.943195976518012],[-62.748262180568851,-19.956123231884256],[-62.759368586137647,-19.969049793354483],[-62.764633152110385,-19.985168357729432],[-62.742558304278653,-19.984776626026722],[-62.720483599895481,-19.984382147510587],[-62.698409042633045,-19.983984922365952],[-62.67633463616334,-19.98358495077969],[-62.664489171043293,-19.971049678057547],[-62.652645575065144,-19.958513623928148],[-62.640803846658649,-19.945976790014683],[-62.628963984253744,-19.933439177939945],[-62.616631337553372,-19.945530787729062],[-62.604296811725163,-19.957621493695836],[-62.591960405347827,-19.969711294148102],[-62.579622116999978,-19.98180018739335],[-62.580106719999947,-19.90261618639536],[-62.566371959099456,-19.902858442925172],[-62.57043810283357,-19.885488657271704],[-62.594728529391801,-19.875025428676626],[-62.594579107737104,-19.865497097780697],[-62.592989136391239,-19.76408075161493],[-62.612873137416877,-19.744567771145658],[-62.632752303086697,-19.725052459954956],[-62.642546030915639,-19.721850755111312],[-62.642721910487737,-19.722305740017806],[-62.643124290553551,-19.723012769923344],[-62.64357207019485,-19.724179349797108],[-62.644066039915749,-19.72488419974599],[-62.644640579898805,-19.725704019924525],[-62.645020219707305,-19.726087579877852],[-62.645604220558319,-19.72649154005251],[-62.645798269974129,-19.727608380222524],[-62.645801850175189,-19.727665550124989],[-62.645940649741135,-19.727860839705958],[-62.646224150224327,-19.728305079615662],[-62.646289950021114,-19.728401829580719],[-62.646689110513989,-19.728654950065831],[-62.647058940517645,-19.729213740221887],[-62.647300350031117,-19.729529430139049],[-62.647604050186708,-19.729920219742315],[-62.647834219973213,-19.730285170024551],[-62.647935630225085,-19.730462090053372],[-62.648335350096303,-19.73111622003751],[-62.648530299733508,-19.731425329615206],[-62.648689370018353,-19.731863410068275],[-62.648766869995022,-19.732010960037702],[-62.648996410256082,-19.732291589884923],[-62.649243370385165,-19.732761679907572],[-62.649552440392775,-19.733413309776381],[-62.649595749943835,-19.734135899751941],[-62.649594440530961,-19.734735979581711],[-62.649676939838855,-19.735466089688263],[-62.649975820527622,-19.736455909612506],[-62.64991640052142,-19.737501709636156],[-62.649899809828291,-19.737945359590618],[-62.649897600194024,-19.738957730015159],[-62.649896250311656,-19.739580399915486],[-62.649893970530286,-19.740626559667923],[-62.649943980030613,-19.740701879687943],[-62.650301959667644,-19.741242699590874],[-62.650469319903145,-19.741862030308411],[-62.650609589860672,-19.74238111989273],[-62.650724819994409,-19.743025500326549],[-62.650729030020251,-19.743168928599513],[-62.650754029974436,-19.744020629848123],[-62.650901450441559,-19.744519460404707],[-62.651034890048088,-19.744965130236555],[-62.651078660052058,-19.745040850454807],[-62.651248290176397,-19.745177319877374],[-62.651614059741007,-19.745664259597842],[-62.651959689887747,-19.746029389744457],[-62.65243308042227,-19.746930440287542],[-62.652729059898149,-19.747284810045912],[-62.652975350032364,-19.747703250204772],[-62.653089529757942,-19.747862500354074],[-62.653460849938241,-19.748091000099507],[-62.653800899791634,-19.748272170324359],[-62.654107440006335,-19.748397249833143],[-62.654497730485843,-19.74856444998931],[-62.65485977056192,-19.748774070267061],[-62.654912950172445,-19.74874811043691],[-62.655351220382514,-19.748609069852645],[-62.655711950146333,-19.748636640368595],[-62.655924870036699,-19.748637900318791],[-62.656243800211129,-19.748742280132099],[-62.656425750148202,-19.748867480150061],[-62.656772310193901,-19.749319080111441],[-62.667321530464193,-19.748949840062998],[-62.647561490933839,-19.720210873699539],[-62.669717752290751,-19.712964451993233],[-62.676394349919292,-19.710965770154147],[-62.676390320057173,-19.710903740315292],[-62.676374929959017,-19.71078649030424],[-62.682477161770215,-19.706545179881179]]]},"properties":{"FID":11,"categoria":"corredor"}},{"type":"Feature","id":12,"geometry":{"type":"Polygon","coordinates":[[[-62.285391801592105,-19.549869322771979],[-62.273033136092693,-19.549317790682927],[-62.27373914195605,-19.42179264966823],[-62.2743425187724,-19.312128490231689],[-62.27494245061677,-19.202462996684936],[-62.295421543612903,-19.201950210161325],[-62.315900590109074,-19.201435132049994],[-62.336379587196888,-19.200917762531432],[-62.35685853196803,-19.200398101787535],[-62.377337421514312,-19.199876150001607],[-62.397816252927647,-19.199351907358334],[-62.418295023300089,-19.198825374043825],[-62.438773729723827,-19.198296550245569],[-62.438351750306104,-19.153212647667914],[-62.450184333262712,-19.160791299776996],[-62.455745676874869,-19.164352787400553],[-62.475758071736848,-19.162516699326893],[-62.495770080125048,-19.160678419873133],[-62.513420920020948,-19.178321102691225],[-62.531075514179378,-19.195962136829049],[-62.549162195152199,-19.20844128524471],[-62.567251623883898,-19.220918687459836],[-62.554245009939379,-19.190281226192162],[-62.541243101737919,-19.159642838272358],[-62.529300918190444,-19.111790089074301],[-62.517365296067418,-19.063936465078449],[-62.508467895424765,-19.037877223143344],[-62.499573180208749,-19.011817541935933],[-62.490681143895443,-18.985757423434112],[-62.481791779966613,-18.959696869614792],[-62.509145769761389,-18.959662080240765],[-62.507971800158423,-18.885958820043466],[-62.539650760446861,-18.887064625287273],[-62.571330262169681,-18.888165041931749],[-62.603010294622955,-18.889260068922979],[-62.63469084710129,-18.89034970521487],[-62.666371908897872,-18.891433949769194],[-62.698053469304405,-18.892512801555608],[-62.729735517611203,-18.893586259551594],[-62.761418043107163,-18.894654322742536],[-62.783335022532441,-18.895390008924863],[-62.805252221635236,-18.896123112707429],[-62.834387332391131,-18.903803334955288],[-62.863525136898851,-18.911479002362636],[-62.878105094218036,-18.901445910913445],[-62.892683317017749,-18.891411655076244],[-62.907259805892103,-18.881376236810457],[-62.921834561435787,-18.871339658075417],[-62.941930390519751,-18.870390511129852],[-62.962025999558584,-18.869439193362194],[-62.982121385828457,-18.868485705123621],[-63.002216546605851,-18.867530046766582],[-63.016281519189114,-18.851268766554984],[-63.030343782889126,-18.835006398094659],[-63.064247560276733,-18.834758668336551],[-63.098151216750523,-18.834504771884749],[-63.132054739140521,-18.834244709016083],[-63.165958114277188,-18.833978480017777],[-63.199861328991446,-18.833706085187341],[-63.233764370114692,-18.833427524832647],[-63.267667224478835,-18.833142799271922],[-63.301569878916325,-18.832851908833707],[-63.317172448110036,-18.850042923114096],[-63.332778202073271,-18.8672325517622],[-63.348387144673993,-18.884420790918433],[-63.363999279780913,-18.901607636722176],[-63.371687760453966,-18.925204286036454],[-63.379378456450546,-18.94880052002792],[-63.372470021121067,-18.990082537069693],[-63.365558366825162,-19.031364170819757],[-63.3601069765948,-19.067712633187654],[-63.354653350471708,-19.104060830642776],[-63.326368200642193,-19.116716036822641],[-63.29807869050898,-19.12936694200193],[-63.266886045073441,-19.131327779782385],[-63.235692593688405,-19.133283336079391],[-63.219615163647404,-19.151476167044986],[-63.203534215194487,-19.169667590336179],[-63.193513271570389,-19.207937082183427],[-63.183970512467305,-19.227554416243791],[-63.174425504452799,-19.247171229865149],[-63.164878243679283,-19.266787521371946],[-63.155328726296801,-19.286403289087975],[-63.137251101526076,-19.305767595504847],[-63.119169224748234,-19.325130096340168],[-63.101083090304193,-19.344490785752011],[-63.082992692533651,-19.363849657896701],[-63.066839639016237,-19.384199316944898],[-63.050682575714028,-19.404547507818855],[-63.034521496484722,-19.42489422560708],[-63.018356395183481,-19.445239465396309],[-63.000207789548902,-19.466282135206129],[-62.982054499781704,-19.487322938737911],[-62.963896518800702,-19.508361869590054],[-62.94573383952234,-19.529398921358716],[-62.922834944244599,-19.535320591255545],[-62.899934390060018,-19.541239350015914],[-62.898661406896558,-19.511731551899196],[-62.896921129706371,-19.471375370277087],[-62.913283872539743,-19.444911620921303],[-62.929641299552344,-19.418446298787725],[-62.942258690344509,-19.403054578978104],[-62.954873706221079,-19.387661951322517],[-62.967486349883465,-19.372268418083973],[-62.980096624032335,-19.35687398152491],[-63.003000960457761,-19.356296071460264],[-63.025905134704402,-19.355715281031987],[-63.048809142699284,-19.35513161051998],[-63.071712980369682,-19.354545060206299],[-63.069469299088482,-19.315045992424771],[-63.068837983808066,-19.303928387435366],[-63.068204209756452,-19.29276591011859],[-63.052543977516969,-19.292205071766062],[-63.069683905681444,-19.276893700411001],[-63.086820648553918,-19.261580706300087],[-63.102913830402215,-19.228096129102497],[-63.119000519487457,-19.194610046436786],[-63.128045096719148,-19.174039864895295],[-63.137087442967868,-19.153469204873701],[-63.146127562291234,-19.132898067956404],[-63.155165458744165,-19.112326455727182],[-63.175269173392969,-19.092700651403277],[-63.195368150703715,-19.073072650162363],[-63.21546239664216,-19.053442459316507],[-63.23555191717363,-19.03381008617578],[-63.256162974735901,-19.029478497682287],[-63.276772935253824,-19.025144620611609],[-63.297381796202316,-19.020808456659132],[-63.317989555057657,-19.016470007521445],[-63.313888136823529,-18.974391922239562],[-63.303298813938696,-18.95623638263363],[-63.292711803081545,-18.93808017080374],[-63.282127100740198,-18.91992328864357],[-63.271544703404558,-18.901765738046166],[-63.245920303021464,-18.902997032443896],[-63.220295484109855,-18.904224797192676],[-63.194670252315746,-18.905449031541764],[-63.16904461328599,-18.906669734743726],[-63.143418572668189,-18.907886906054546],[-63.117792136110772,-18.909100544733544],[-63.092165309262931,-18.910310650043375],[-63.066538097774647,-18.911517221250104],[-63.041417907163115,-18.932567480979479],[-63.01629142125617,-18.953614303738185],[-62.99467810127522,-18.956006180629483],[-62.973064166191314,-18.95839553675788],[-62.951449619283188,-18.960782371100183],[-62.929834463830517,-18.963166682634842],[-62.908211110638426,-18.97941760348456],[-62.886583568411687,-18.995665952773439],[-62.86495183417324,-19.011911723514501],[-62.843315904948284,-19.028154908719898],[-62.827711611011111,-19.043444749540953],[-62.812104458702528,-19.058733223677383],[-62.796494445215075,-19.074020327699266],[-62.780881567741197,-19.089306058175989],[-62.765760828031738,-19.110329879294532],[-62.750636249403627,-19.131352369548775],[-62.735507825510105,-19.152373524487359],[-62.720375550001322,-19.173393339657213],[-62.707766311658688,-19.188677089985017],[-62.695154738014843,-19.203959917366031],[-62.68254082643282,-19.219241819556281],[-62.669924574274972,-19.234522794311218],[-62.677898018030589,-19.276620877120717],[-62.689716333896669,-19.295389511648569],[-62.701537323420773,-19.314157380243774],[-62.713360990747525,-19.332924480468225],[-62.72518734002368,-19.351690809882928],[-62.70437121554184,-19.351530502069313],[-62.683555166970727,-19.35136781614073],[-62.662739197373405,-19.351202752169971],[-62.641923309812839,-19.351035310231342],[-62.642953029958335,-19.294133140432049],[-62.629843011009562,-19.294001632888385],[-62.601553542208435,-19.29135458505155],[-62.573265069866757,-19.288703171110885],[-62.57322222992196,-19.300194439721562],[-62.556735915060472,-19.300014169290346],[-62.5401818798994,-19.299831659620462],[-62.539589460484578,-19.299825099896246],[-62.525083340146864,-19.299663888229926],[-62.521199420034598,-19.299620528758634],[-62.51533835028458,-19.299554939908479],[-62.507804117148311,-19.302135372150449],[-62.496064139245306,-19.31178718924313],[-62.498477667550709,-19.322125259339963],[-62.491351414835961,-19.346016174552226],[-62.484223006711389,-19.369906701368329],[-62.479881761003526,-19.467448758115442],[-62.487701714448228,-19.545896444817323],[-62.481593681514504,-19.563094251291744],[-62.456827520366687,-19.559414522685994],[-62.455024749792294,-19.540368159662815],[-62.42552991885384,-19.545390354376615],[-62.396033395493447,-19.550407683701778],[-62.396048116901994,-19.541014181288229],[-62.377611426177019,-19.54134430413853],[-62.359174718257478,-19.541672543454652],[-62.328394000109206,-19.54221635212506],[-62.328354432688542,-19.551780023088085],[-62.326474312457151,-19.551696621974148],[-62.317751101597516,-19.531734144385123],[-62.304712406925276,-19.51423051203211],[-62.291676486587768,-19.49672599273951],[-62.285573020690315,-19.508656753067363],[-62.285391801592105,-19.549869322771979]],[[-62.579932982856924,-18.983746273413551],[-62.589884077080654,-19.025853281308304],[-62.599839977072186,-19.067959656060129],[-62.611801912437954,-19.114851930622574],[-62.623770351838637,-19.16174330846933],[-62.653981369309967,-19.154151020876458],[-62.662095306525174,-19.123559311412802],[-62.670206168144468,-19.092967096957032],[-62.682809149090808,-19.078881294455741],[-62.695409994392335,-19.06479457825985],[-62.708008706178646,-19.050706950431767],[-62.720605286578987,-19.036618413033459],[-62.733199737722181,-19.022528968126405],[-62.745792061736708,-19.00843861777166],[-62.758382260750629,-18.994347364029789],[-62.770970336891622,-18.980255208960923],[-62.770768996418546,-18.978451803797206],[-62.746914993191709,-18.979124377396598],[-62.723060838378032,-18.979793875982317],[-62.699206536560816,-18.980460299215526],[-62.675352092323628,-18.981123646759972],[-62.651497510250344,-18.981783918281888],[-62.627642794925123,-18.982441113450122],[-62.603787950932414,-18.983095231936037],[-62.579932982856924,-18.983746273413551]],[[-62.321238549533618,-19.304336522442391],[-62.325295781008393,-19.3678079226422],[-62.329355334764202,-19.431278888130834],[-62.346133560461737,-19.451191351998112],[-62.362915852722232,-19.471102338981556],[-62.379702217499322,-19.49101184389167],[-62.396492660748869,-19.510919861537189],[-62.398251421395685,-19.434125062482387],[-62.400007455517361,-19.357329556663618],[-62.405025118209828,-19.326687242364734],[-62.410040744940765,-19.296044637832455],[-62.387840910030398,-19.298121682792118],[-62.365640596750325,-19.300196012491494],[-62.343439808713491,-19.302267626013354],[-62.321238549533618,-19.304336522442391]]]},"properties":{"FID":12,"categoria":"corredor"}}]
}