{
  "type" : "FeatureCollection",
  "features" : [{"type":"Feature","id":0,"geometry":{"type":"Polygon","coordinates":[[[-62.324379688894112,-18.982576433767104],[-62.300298776007402,-18.971009761205213],[-62.287319335966799,-18.949918696231727],[-62.274343094241388,-18.928826782232957],[-62.258228746454137,-18.93641454502826],[-62.250059942679144,-18.965074614951391],[-62.24589262263752,-18.997576202471006],[-62.240735189203932,-19.026247784963378],[-62.23557580239347,-19.05491907384669],[-62.229381953037567,-19.089324231797971],[-62.233256096915682,-19.121858389025714],[-62.242792124928449,-19.132962651295514],[-62.238625040075505,-19.206267627879473],[-62.241181027969041,-19.446473850686086],[-62.215628638384459,-19.443131266372163],[-62.197604117190551,-19.41818677951861],[-62.181610242262991,-19.391337014048336],[-62.168595952122089,-19.374063291444998],[-62.155584368545469,-19.356788707735227],[-62.138600684745448,-19.328974445890744],[-62.121622616685919,-19.30115874066875],[-62.114720944412205,-19.273390654706095],[-62.107821402353082,-19.245622317567733],[-62.093798171947078,-19.232164215293558],[-62.085754177958343,-19.230211487953408],[-62.053498085777498,-19.236742149904469],[-62.021239700237935,-19.243267013672071],[-61.993047470254865,-19.243114071102902],[-61.972916277931375,-19.242045857908341],[-61.952785459758282,-19.240975442025928],[-61.934637810191795,-19.244696049636666],[-61.914400197851862,-19.259878376597776],[-61.912234880944268,-19.282817343824416],[-61.922268124349806,-19.288614771075508],[-61.934378288743346,-19.284860505280857],[-61.952542571296078,-19.279227548798104],[-61.9867830955424,-19.279420622280096],[-62.020989924307585,-19.285345205526895],[-62.036018483520621,-19.298814076386389],[-62.051049509404564,-19.312281796729422],[-62.056884738454791,-19.348653506082112],[-62.056664671926079,-19.386906375952357],[-62.044426410953406,-19.411707440605007],[-62.022115177250967,-19.43454080796538],[-62.008923573246697,-19.448814236056972],[-61.995729647337384,-19.463086580631881],[-61.97945459825619,-19.485947413162666],[-61.963174891398189,-19.508806518780002],[-61.956976748974178,-19.531722380421321],[-61.972015366854883,-19.546153247182499],[-61.987056657577831,-19.560582960183694],[-62.011209978252786,-19.570280078534822],[-62.04147657620247,-19.570443397206127],[-62.06366674847763,-19.571516240918747],[-62.085857339255519,-19.572586367141376],[-62.104033767093618,-19.569808526468954],[-62.122209650218167,-19.56702882922135],[-62.150458780324279,-19.56716402009512],[-62.174672504399091,-19.567276379452224],[-62.186587352710077,-19.605584625435153],[-62.204592136630964,-19.638181024129398],[-62.218547197423327,-19.674583561209754],[-62.218426563264053,-19.699448111549142],[-62.206215280078546,-19.718521404670067],[-62.194001044172005,-19.737593725337849],[-62.177782664474599,-19.7489960605091],[-62.15353659247392,-19.749839427283877],[-62.129290401069348,-19.75067950130326],[-62.109089577043534,-19.750580134675999],[-62.088888877004976,-19.750478489822822],[-62.061629313795684,-19.748425090124169],[-62.034370636821293,-19.746367568557929],[-62.016226020708409,-19.740531002020376],[-61.998082801554688,-19.734692650311739],[-61.972829154272247,-19.735505955400953],[-61.947575429456677,-19.736315688969405],[-61.925383307022294,-19.732358828549916],[-61.906228432691968,-19.727461544291113],[-61.887074827197836,-19.722562265745335],[-61.866932949495947,-19.714785934918655],[-61.858977128403822,-19.69752265280135],[-61.84699855709006,-19.678320741671204],[-61.826766828107836,-19.683927298202757],[-61.794447782336213,-19.685625727618486],[-61.778411365353712,-19.670217335218673],[-61.77054001848763,-19.643388642948135],[-61.760550223686678,-19.629932592481946],[-61.750665458042526,-19.603089287563858],[-61.728078189693406,-19.599455296355139],[-61.70549210770951,-19.595818528732003],[-61.682907215649898,-19.59217898643929],[-61.660323517071923,-19.588536671223718],[-61.63774101553124,-19.584891584833869],[-61.615159714581822,-19.58124372902018],[-61.592579617775932,-19.577593105534962],[-61.57000072866412,-19.573939716132369],[-61.547423050795267,-19.57028356256841],[-61.524846587716496,-19.56662464660096],[-61.502271342973273,-19.56296296998973],[-61.479697320109317,-19.559298534496286],[-61.457124522666639,-19.555631341884023],[-61.434552954185527,-19.551961393918209],[-61.411982618204576,-19.548288692365929],[-61.389413518260625,-19.544613238996114],[-61.36684565788881,-19.540935035579515],[-61.344279040622517,-19.537254083888733],[-61.321713669993429,-19.533570385698205],[-61.299149549531464,-19.529883942784174],[-61.276586682764844,-19.526194756924713],[-61.254025073220014,-19.522502829899732],[-61.231464724421706,-19.518808163490952],[-61.20890563989289,-19.515110759481917],[-61.186347823154797,-19.511410619657958],[-61.163791277726901,-19.507707745806265],[-61.141236007126949,-19.504002139715805],[-61.11868201487092,-19.500293803177364],[-61.096129304473024,-19.49658273798353],[-61.073577879445722,-19.492868945928695],[-61.051027743299734,-19.489152428809053],[-61.028478899543984,-19.485433188422586],[-61.005931351685646,-19.481711226569097],[-60.983385103230127,-19.47798654505015],[-60.960840157681062,-19.474259145669109],[-60.938296518540284,-19.470529030231138],[-60.915754189307918,-19.466796200543175],[-60.893213173482231,-19.463060658413941],[-60.870673474559759,-19.459322405653936],[-60.848135096035243,-19.455581444075438],[-60.825598041401641,-19.451837775492507],[-60.803062314150097,-19.448091401720973],[-60.780527917770002,-19.444342324578418],[-60.757994855748919,-19.440590545884227],[-60.735463131572651,-19.436836067459513],[-60.712932748725173,-19.433078891127163],[-60.690403710688663,-19.429319018711844],[-60.66787602094351,-19.425556452039949],[-60.645349682968281,-19.421791192939647],[-60.622824700239754,-19.418023243240846],[-60.600301076232874,-19.414252604775214],[-60.577778814420782,-19.410479279376158],[-60.555257918274819,-19.406703268878832],[-60.532738391264481,-19.402924575120132],[-60.510220236857478,-19.399143199938695],[-60.487703458519654,-19.395359145174886],[-60.465188059715054,-19.391572412670808],[-60.442674043905896,-19.387783004270315],[-60.420161414552574,-19.383990921818953],[-60.397650175113633,-19.380196167164016],[-60.375140329045792,-19.376398742154521],[-60.352631879803909,-19.372598648641212],[-60.330124830841065,-19.368795888476534],[-60.307619185608431,-19.364990463514651],[-60.320437771766478,-19.346870532494286],[-60.338834585170886,-19.329938749316167],[-60.351127830297045,-19.316738733876303],[-60.37747707538432,-19.305651621383465],[-60.393730017520376,-19.296327766846694],[-60.409981234477051,-19.287002238907327],[-60.425314135475141,-19.271927910712961],[-60.440644215391188,-19.256851946887146],[-60.455098058604975,-19.233160701460754],[-60.469547462064476,-19.209467781993794],[-60.476952609815257,-19.185676468306063],[-60.484355232276684,-19.161884556669065],[-60.495834634957468,-19.134324665545769],[-60.507309737077804,-19.106763548851301],[-60.522772422780456,-19.081166474153946],[-60.538230020875289,-19.055567499490095],[-60.546592777443038,-19.033695735833337],[-60.554953032666006,-19.011823300276369],[-60.567509551235517,-18.977579951225696],[-60.598717936558991,-18.973208348109949],[-60.629925318065112,-18.968831297106746],[-60.649499695591985,-18.970036667831767],[-60.669074600625088,-18.971239997368539],[-60.688650030670367,-18.972441285243264],[-60.708225983233319,-18.9736405309833],[-60.736121959660082,-18.991189953828016],[-60.766059253440538,-19.006848523747642],[-60.798188658084825,-19.009145856482533],[-60.82938910939442,-19.005691092456459],[-60.860588840990985,-19.002230929178204],[-60.886449495193361,-19.02355973898948],[-60.907554636715837,-19.023799999227283],[-60.928660093993095,-19.024037852178981],[-60.946703747678207,-19.028063290853229],[-60.96474844446054,-19.032087045491341],[-60.99487881823854,-19.03432870146796],[-61.018019738966281,-19.032666468451005],[-61.041160487453958,-19.0310012915889],[-61.049491671601082,-19.006232194475395],[-61.071733964943128,-18.994992777804541],[-61.105848305539347,-19.000125620344939],[-61.139965328124902,-19.005252344778494],[-61.171174252974254,-19.000783139617376],[-61.202381985854608,-18.99630852317237],[-61.223538387919064,-18.991732276737324],[-61.244693839149193,-18.987153513482589],[-61.259887987347064,-18.975823301744381],[-61.275080122323025,-18.964491665222297],[-61.295216601970559,-18.960853436488087],[-61.315352389994139,-18.957212948408159],[-61.33535464827591,-18.966955443067558],[-61.355359366835657,-18.976695944538886],[-61.384476632051175,-18.979820863670206],[-61.413595353783798,-18.982941280428907],[-61.436774219120814,-18.976445009431472],[-61.459951496502448,-18.969945702367561],[-61.478093652927313,-18.964358309040829],[-61.496234722707769,-18.958769050667961],[-61.519348707219635,-18.958955175423654],[-61.542462959496191,-18.959138419472492],[-61.572547275017008,-18.967022669707553],[-61.60263474727396,-18.974902211045663],[-61.622697432352133,-18.979833881074381],[-61.642761440394573,-18.984763448325484],[-61.664844809995266,-18.988749195881805],[-61.686929402747033,-18.992732370137361],[-61.716110769125322,-18.989111941774762],[-61.74529116718287,-18.985486835262055],[-61.762457589904329,-18.975082933135209],[-61.779621940297091,-18.964677306946708],[-61.79871899489288,-18.964802111190068],[-61.817816197780516,-18.96492494808092],[-61.815522006675245,-19.005076141370843],[-61.813171741732134,-19.05287730780551],[-61.817058689475459,-19.072028711830747],[-61.837274057301336,-19.05781237647437],[-61.857486037944831,-19.043593621727243],[-61.88165913431547,-19.038003575942664],[-61.905830780164571,-19.032410279419238],[-61.935985443089173,-19.034499145540725],[-61.968199575000767,-19.02894372295442],[-62.000320304566486,-19.038684030601274],[-62.016275067929229,-19.061722670096174],[-62.03045031282771,-19.045539314027145],[-62.044622785775651,-19.029354719873353],[-62.060873251014485,-19.000746431380371],[-62.057146424141969,-18.948317294085339],[-62.061433836247289,-18.900519240341179],[-62.063592324211328,-18.873750921633942],[-62.085777759285079,-18.858558748462457],[-62.09991317987182,-18.845237863206112],[-62.114046371135728,-18.831915793534858],[-62.118233575945887,-18.799417403098815],[-62.104356375281512,-18.764920236463851],[-62.102520216368525,-18.732393069305939],[-62.110650885440528,-18.713303331125495],[-62.118779648080711,-18.694213125958179],[-62.11695076674458,-18.659772953351521],[-62.109043297379849,-18.636781207707386],[-62.089079932040441,-18.617556936213322],[-62.054941375122368,-18.623127175338155],[-62.020800889725649,-18.628691117655301],[-62.024770018240829,-18.636363070771566],[-62.032644268611222,-18.66318341666646],[-62.026460064526894,-18.691843852145812],[-61.995338381872536,-18.693592561059781],[-61.964216327736686,-18.695336074874675],[-61.939085535442558,-18.701890333325657],[-61.913952978802861,-18.708441121904794],[-61.880770527380655,-18.717809658662034],[-61.847584730119856,-18.727172116205153],[-61.821647223928537,-18.704058123846831],[-61.795716789780727,-18.680940875783374],[-61.793966812095256,-18.644588138155218],[-61.781027435041445,-18.63015936593532],[-61.768090221903869,-18.615729807207568],[-61.757976598046831,-18.627139531651387],[-61.735993421838614,-18.615517003555979],[-61.714013349529495,-18.603892071494403],[-61.701854772166328,-18.620066319639076],[-61.68969384461861,-18.636239614252752],[-61.679351950990615,-18.676332796170509],[-61.65128094008282,-18.673264257804032],[-61.623211228880919,-18.670191583773811],[-61.587061280733721,-18.67374817928178],[-61.566850675419552,-18.690808071293933],[-61.545714265872846,-18.698295588475851],[-61.524576151024036,-18.705780589661945],[-61.506430027801329,-18.715199478097716],[-61.492719544055589,-18.676839409620928],[-61.466660373251429,-18.67375957556645],[-61.440602426744263,-18.670676189286048],[-61.410630958670993,-18.657037622271009],[-61.397734016675543,-18.641628433727568],[-61.384839360409408,-18.626218511139527],[-61.371071532563946,-18.597413190723486],[-61.380277073749163,-18.578368055153117],[-61.389480428910382,-18.559322276717413],[-61.389820961951841,-18.522988295553404],[-61.380004751151894,-18.500911060405809],[-61.370190861836171,-18.478833460020645],[-61.353247240311788,-18.469124635897639],[-61.336305609915854,-18.459414435991828],[-61.312352942360135,-18.449640585130567],[-61.294527142161854,-18.428444580815594],[-61.298853547882814,-18.395972243322753],[-61.285304517614357,-18.348040091944831],[-61.274480518920313,-18.328818233278962],[-61.263658776140588,-18.309595921506865],[-61.285775565275898,-18.300233665897199],[-61.304673370547334,-18.312833253355901],[-61.323573998033808,-18.325431175637522],[-61.339455496873526,-18.339913596756208],[-61.355339653445355,-18.354394883798332],[-61.381178274577387,-18.375653644148656],[-61.403149039483957,-18.382533044025092],[-61.425121738042577,-18.389410033709446],[-61.437295672223883,-18.372297655803465],[-61.423405356226411,-18.357839167466235],[-61.409517338157549,-18.343379819637569],[-61.387595411430247,-18.331720603270892],[-61.365676572785446,-18.320059080056325],[-61.343769914857972,-18.307439096298779],[-61.321866572734265,-18.294816835053776],[-61.304989569753317,-18.280324462403012],[-61.2881153977997,-18.26583080735222],[-61.268289342134338,-18.24652810018874],[-61.262551278062041,-18.219702174652578],[-61.251022194861406,-18.171786797333336],[-61.229306351974465,-18.142901735903905],[-61.215402654264288,-18.133211260740559],[-61.197451873463159,-18.128263022409691],[-61.179502250117586,-18.123313195780518],[-61.155444351345814,-18.128821315450722],[-61.154902366434584,-18.180449497457893],[-61.148577943248348,-18.210985981786404],[-61.124322725720639,-18.233697977998357],[-61.098205630250867,-18.24300188367404],[-61.066209475274093,-18.240769162969645],[-61.049126054417023,-18.247288713112486],[-61.03204149060506,-18.253806613295659],[-61.010181415191198,-18.240195170742037],[-60.988324897020803,-18.22658154070329],[-60.978585905247435,-18.20353294110895],[-60.984862129942734,-18.179696655627026],[-60.99113632363327,-18.155859942736971],[-61.006493870223444,-18.12446824767094],[-61.021845471738331,-18.093074699196137],[-61.032017969474218,-18.077402731883264],[-61.04218856991757,-18.061730030354248],[-61.052357275459059,-18.046056596108045],[-61.062524088488523,-18.030382430643186],[-61.074765385230272,-18.007557070012172],[-61.087003303966462,-17.984730586257012],[-61.109217291937171,-17.962956644075707],[-61.131425821317329,-17.941179604434335],[-61.167385189699182,-17.941522181052591],[-61.2033453527132,-17.941858109246233],[-61.222819326619565,-17.94251536132726],[-61.242293631004962,-17.943170672499352],[-61.261768263408307,-17.943824042497834],[-61.281243221368229,-17.944475471059071],[-61.298125017850197,-17.955142897246446],[-61.315008916617671,-17.965809013320492],[-61.344946495802489,-17.969891756925385],[-61.362948662246474,-17.9681319504536],[-61.371099464481532,-17.950987511368826],[-61.391054494028047,-17.954022748587615],[-61.411010378039606,-17.957055986912181],[-61.438976913099047,-17.958239197779601],[-61.466944157912984,-17.959418406056056],[-61.489344483326292,-17.983741191292101],[-61.511750888966723,-18.00806178442696],[-61.534163385717441,-18.03238017413867],[-61.556581984465161,-18.056696349100996],[-61.579006696100215,-18.081010297983372],[-61.601437531516503,-18.105322009450937],[-61.623874501611496,-18.129631472164512],[-61.646317617286186,-18.153938674780608],[-61.668766889445116,-18.178243605951433],[-61.691222328996396,-18.202546254324883],[-61.713683946851582,-18.22684660854453],[-61.736151753925789,-18.251144657249618],[-61.758625761137594,-18.27544038907509],[-61.781105979409048,-18.299733792651544],[-61.803592419665684,-18.324024856605284],[-61.826085092836486,-18.348313569558268],[-61.844948267477392,-18.373295192269072],[-61.863816770371216,-18.398275181160795],[-61.874737191208887,-18.413642559670883],[-61.88565950790634,-18.4290093901358],[-61.903616485509801,-18.441547223248644],[-61.9215761142083,-18.454083476349169],[-61.937504509845375,-18.471388815846197],[-61.95343607941556,-18.488692946389616],[-61.968311052234831,-18.515554244310817],[-61.98319050735509,-18.542414523872452],[-62.004141444785496,-18.560698136086135],[-62.025096865988154,-18.578979596744446],[-62.045232194501892,-18.565214429550839],[-62.065364344110606,-18.551446947985522],[-62.085493316264504,-18.537677157154786],[-62.105619112415887,-18.523905062164783],[-62.120514849891052,-18.551998848478551],[-62.135415305561999,-18.580091579274239],[-62.159387463798389,-18.600285421420185],[-62.183365305306545,-18.620476393146816],[-62.203313279970075,-18.645429692444921],[-62.223267020871639,-18.670381026899108],[-62.236235334645656,-18.687650416961361],[-62.249206243714376,-18.704918973037888],[-62.271209930216614,-18.7231784975897],[-62.293218365907457,-18.74143556245722],[-62.30770320781685,-18.759184212761415],[-62.322191053805561,-18.776931805290829],[-62.336681907953718,-18.794678336595222],[-62.351175774342806,-18.812423803223322],[-62.362162431416159,-18.828721533586595],[-62.373151177212293,-18.845018650761361],[-62.374582812309022,-18.846734866925921],[-62.380092580679992,-18.890484526709962],[-62.385604857902422,-18.93423390068612],[-62.377916012728427,-18.974857417300846],[-62.351148405045237,-18.978718879535556],[-62.324379688894112,-18.982576433767104]]]},"properties":{"FID":0,"Categoria":"Distribución verificada"}},{"type":"Feature","id":1,"geometry":{"type":"Polygon","coordinates":[[[-58.162070311695516,-19.823512807170289],[-58.165289389093978,-19.82654348649265],[-58.164238167957024,-19.827310162134197],[-58.165491764433341,-19.828355863232442],[-58.16609526888152,-19.828942368695316],[-58.166443780456049,-19.829273548535411],[-58.166691331439779,-19.82950878869956],[-58.167120057144857,-19.830176957100829],[-58.167416860399726,-19.830792297526425],[-58.167625833165644,-19.831061358494878],[-58.167835292464758,-19.831331044492057],[-58.169625670887974,-19.832606512480542],[-58.170830607746325,-19.833294012708439],[-58.171780828722184,-19.833693423212875],[-58.172888923884663,-19.834091800396209],[-58.173586306762601,-19.834354825115039],[-58.174490199163294,-19.835205816695058],[-58.174796631459337,-19.835875705499348],[-58.174590363854186,-19.837011359486606],[-58.176018650939966,-19.841241966443537],[-58.176621571728106,-19.842196532044266],[-58.178115493135472,-19.844561759817324],[-58.182903559251827,-19.847471503706906],[-58.187594432037372,-19.849651922598127],[-58.187894652716011,-19.849791472198653],[-58.192065718258277,-19.853293345911126],[-58.193412822643609,-19.855383963898756],[-58.195211024269327,-19.858174653737262],[-58.196050681693571,-19.85966546259095],[-58.197521631717905,-19.862277128886308],[-58.201893108480114,-19.86479692763605],[-58.202131392849473,-19.86891329281417],[-58.203832394849087,-19.874588527538481],[-58.204069278974018,-19.878508798242411],[-58.20367694433547,-19.881452852167335],[-58.205145666739085,-19.883796042053621],[-58.204756309755858,-19.887132262443913],[-58.204384732369483,-19.892821481626012],[-58.204836395283387,-19.897720755208628],[-58.202384370342351,-19.902443571913285],[-58.200332036494252,-19.90520273242009],[-58.199747067972801,-19.910109007224833],[-58.19831802545643,-19.913060037190917],[-58.198374151246014,-19.920511194635885],[-58.197165618898161,-19.925225565807178],[-58.195943742409682,-19.928175184736919],[-58.199289238407566,-19.931878406763015],[-58.20034667925578,-19.934616564502793],[-58.202032138272479,-19.938134836453493],[-58.204542631736999,-19.941059216809371],[-58.207469421376622,-19.944176821003449],[-58.211239231904983,-19.949053448757585],[-58.213123475268112,-19.951393686169627],[-58.213141455413769,-19.953746660679816],[-58.210051839920425,-19.956513022957601],[-58.204886857142682,-19.959097343567525],[-58.200760090405808,-19.961870592853526],[-58.197239052140503,-19.962482652552357],[-58.194323899728147,-19.960933553240864],[-58.192047137365478,-19.961537135030703],[-58.190408681415448,-19.964293425800921],[-58.187736166990476,-19.967448808715513],[-58.186322139555031,-19.969796170556762],[-58.186219651915323,-19.969849767452782],[-58.186153328713083,-19.97007640560161],[-58.185482729444331,-19.971189637691566],[-58.182858274789503,-19.98081569219039],[-58.182680378996238,-19.981944158795859],[-58.180372891295818,-19.989829299382613],[-58.179821614975538,-19.990836640798307],[-58.177601213125442,-19.999087289246972],[-58.177474684808836,-19.999733042945518],[-58.168100250725949,-20.03176733129725],[-58.157386502185261,-20.039376797301312],[-58.157642129980275,-20.042988263297683],[-58.156785939419514,-20.043864095051898],[-58.157813606412788,-20.04541084443483],[-58.159585125153349,-20.070438526416801],[-58.156829102381153,-20.075186123041078],[-58.152822618169218,-20.075426289691428],[-58.154001503466567,-20.080038625582056],[-58.154004335431651,-20.080052138795121],[-58.144567227151398,-20.096311132921038],[-58.135127885843197,-20.112569196711028],[-58.13570201303741,-20.125026969019359],[-58.142034338314019,-20.128688501173365],[-58.142408197280417,-20.130583931203418],[-58.143001871239335,-20.133618903889257],[-58.143383344765475,-20.13637696002866],[-58.14544160964256,-20.139742207836601],[-58.151711439231512,-20.142565151860186],[-58.156761117231717,-20.144001593998329],[-58.159357131726154,-20.145367056244577],[-58.162446388390102,-20.148469278434401],[-58.164299255306325,-20.149829291688409],[-58.167215901492625,-20.152722635541128],[-58.168458908451825,-20.156297658310226],[-58.169337736747124,-20.161654532130918],[-58.163561781550911,-20.161433557912346],[-58.16228488993567,-20.1602139728965],[-58.155630818707245,-20.155151388725596],[-58.152044594882106,-20.152704051950359],[-58.150902294904938,-20.152450781278485],[-58.148345399120828,-20.152319021605539],[-58.144455083934929,-20.151895452613012],[-58.144173727435536,-20.151864819006125],[-58.142566020205606,-20.151884623876228],[-58.140472392187093,-20.151977239657803],[-58.138854856266548,-20.152435692453196],[-58.137605639488612,-20.152578460727312],[-58.136285039922605,-20.152614153020679],[-58.134785977990461,-20.152507077039946],[-58.133358300644979,-20.152292925977694],[-58.131323862406305,-20.151686162386429],[-58.129656735170158,-20.15077260677031],[-58.128602901502681,-20.150497027515769],[-58.127394933929004,-20.150223098517131],[-58.125602074276294,-20.149794916002509],[-58.12399924227114,-20.149423837739899],[-58.122990635509382,-20.149036924214602],[-58.121294434990148,-20.148866501787587],[-58.119759681663936,-20.148295430489668],[-58.118224930136357,-20.14729605706729],[-58.116511718940615,-20.146225299957564],[-58.114905581927012,-20.144904698592931],[-58.113584979663024,-20.14347702214679],[-58.112442838865888,-20.141549658989518],[-58.110979471925006,-20.138872764866132],[-58.109872915502592,-20.135673111924497],[-58.108952492663377,-20.133228844535473],[-58.108807012933269,-20.132842507475679],[-58.10814564880264,-20.131083556760707],[-58.106874900456255,-20.128986104824826],[-58.106410905139072,-20.127879654522413],[-58.105875527933179,-20.126880281999373],[-58.104769076731479,-20.12538122096651],[-58.102877405867545,-20.123346781828428],[-58.102647433931914,-20.122745369203358],[-58.101699572776994,-20.121919106281659],[-58.100628814767944,-20.12042004524886],[-58.100093436662739,-20.119063752490135],[-58.099058370947013,-20.11652962574157],[-58.097489152902028,-20.113552119734486],[-58.096678718947622,-20.112445155919129],[-58.096203018954093,-20.111711217398675],[-58.095653078127,-20.111128928856946],[-58.094474911388026,-20.109712024490296],[-58.092541929266588,-20.108341065587627],[-58.091755909207777,-20.108086441436058],[-58.090635078745819,-20.107642340021918],[-58.088672024194494,-20.107142652411422],[-58.088074459768421,-20.107028051803116],[-58.086066513758539,-20.106642965700246],[-58.084646764836293,-20.106502743406846],[-58.083187863928728,-20.106286077840188],[-58.082268326921735,-20.106111373740866],[-58.079722592623497,-20.105695224155212],[-58.077553744409734,-20.105359538711692],[-58.076228154505706,-20.105172006682729],[-58.074853527268417,-20.105048928165441],[-58.073610036473951,-20.105215290153467],[-58.072146666835181,-20.105250979748853],[-58.070790374975765,-20.105358055729639],[-58.069648233279281,-20.105536517196484],[-58.068291939621304,-20.105750668258672],[-58.066971339155948,-20.106250354969873],[-58.065964661439914,-20.106703359672284],[-58.065726536250622,-20.106810515692676],[-58.050468407291127,-20.100013307468135],[-58.040785017627336,-20.079027914320807],[-58.031103686086226,-20.058042501560173],[-58.006930885850878,-20.055557439762453],[-57.982759633050577,-20.053069212873819],[-57.968569973325529,-20.036714589106907],[-57.968211810226805,-20.035366212180914],[-57.967069669429634,-20.03272500945155],[-57.965963220925858,-20.030476419251308],[-57.964928154310819,-20.028656131175449],[-57.963928780888466,-20.027585374065712],[-57.961394655938591,-20.025265400178057],[-57.958432226166281,-20.023123885059196],[-57.956255018754035,-20.021874668281264],[-57.955300989149301,-20.021421113193743],[-57.95342247266894,-20.019255984575981],[-57.949872859344907,-20.019413391115023],[-57.949509247253893,-20.019304850138631],[-57.94799708489748,-20.019043129436863],[-57.947653266884736,-20.018983623095664],[-57.944420697856842,-20.018309009253294],[-57.941750160141723,-20.018309009253297],[-57.937778590309676,-20.018925286772507],[-57.935043020818739,-20.02007101586462],[-57.931433735678304,-20.020231068209156],[-57.91558153673045,-20.028136765304275],[-57.899727991253769,-20.036040683031054],[-57.898505499629039,-20.033724383773233],[-57.895935682385826,-20.029298586160781],[-57.894543698233072,-20.026621692037388],[-57.894058574243758,-20.02579871343983],[-57.893411564192313,-20.024606348204387],[-57.892627001934557,-20.023186258439008],[-57.892091461951395,-20.022317180593326],[-57.891129367226483,-20.021056726786476],[-57.888226228857313,-20.018234092129603],[-57.884871189253928,-20.014736285151386],[-57.881551840145264,-20.011095708999704],[-57.879946029585518,-20.009409607867049],[-57.869742612677776,-19.990423301279989],[-57.859541242434361,-19.971436917979357],[-57.860615943970565,-19.970667104603137],[-57.86137563098054,-19.970125860220207],[-57.862138426946792,-19.969579154254518],[-57.862834851147397,-19.969077481840245],[-57.863635978917259,-19.968460794230221],[-57.86437947363374,-19.967885337838023],[-57.865112225948444,-19.967318914236444],[-57.86585249839402,-19.966749269263349],[-57.866595992211217,-19.96617381287113],[-57.867336264656828,-19.965604167897968],[-57.868281498892017,-19.964856381616698],[-57.868793118707394,-19.964442035171711],[-57.869539643239868,-19.963880802457023],[-57.870282696389246,-19.963318346664305],[-57.871771676921298,-19.962190416054785],[-57.872493985409001,-19.961606955696446],[-57.873839998916743,-19.960279998822831],[-57.874569999305969,-19.959699999055633],[-57.875309999257013,-19.959129998850294],[-57.876049999208071,-19.95855999774567],[-57.876415685135726,-19.958269452872905],[-57.876779998697948,-19.957979998877818],[-57.87752000044761,-19.957409998672453],[-57.878259999499342,-19.95683999846711],[-57.878989998989198,-19.956259998699917],[-57.879729999839583,-19.955689998494552],[-57.880469998891272,-19.955119999188586],[-57.88119999928049,-19.954539998522076],[-57.881939999231527,-19.953969999216039],[-57.882679999182585,-19.953389998549529],[-57.883409998672448,-19.952819999243498],[-57.884149998623514,-19.952249999038177],[-57.884889999473828,-19.951669999270987],[-57.885619998963755,-19.951099999065661],[-57.886359998914763,-19.950529998860308],[-57.887099998865835,-19.949949999093121],[-57.887829999255004,-19.949379998887807],[-57.888569999206076,-19.94880999868246],[-57.889309999157085,-19.948229998915281],[-57.890039998646948,-19.947659998709916],[-57.890779999497326,-19.947089998504573],[-57.891519999448342,-19.946509998737376],[-57.892249998938269,-19.945939998532054],[-57.892989998889263,-19.945359998764896],[-57.89372999884035,-19.944789998559539],[-57.894459999229518,-19.944219999253487],[-57.895199999180576,-19.943639998586978],[-57.895939999131585,-19.943069999281029],[-57.896669998621505,-19.942499999075661],[-57.897409999471797,-19.941919998409151],[-57.89814999942292,-19.941349999103117],[-57.898879998912783,-19.940779998897767],[-57.899619998863848,-19.940199999130584],[-57.900359998814835,-19.939629998925284],[-57.901089999204032,-19.93904999915809],[-57.901830000054431,-19.938479998952733],[-57.902570000005468,-19.937909998747383],[-57.903299999495339,-19.937329998980189],[-57.904040000345667,-19.936759998774907],[-57.904779999397377,-19.936189998569517],[-57.905509998887283,-19.935609998802352],[-57.906249999737675,-19.935039998597006],[-57.906398111783396,-19.934925912400878],[-57.906989998789342,-19.934469998391638],[-57.907719999178589,-19.933889997725156],[-57.908459999129576,-19.933319998419154],[-57.90919999997999,-19.932739998651979],[-57.909929999469838,-19.932169998446625],[-57.910669999420925,-19.931599999140573],[-57.911409999371919,-19.931019998474074],[-57.91213999886179,-19.930449999168111],[-57.912879998812841,-19.929879998962754],[-57.913619998763821,-19.929299999195539],[-57.914349999153103,-19.928729998990214],[-57.915090000003431,-19.928159998784835],[-57.915829999954504,-19.927579999017727],[-57.916559999444367,-19.92700999881237],[-57.917299999395411,-19.92642999904518],[-57.918029998885274,-19.925859998839822],[-57.918769998836318,-19.925289997735149],[-57.919509998787362,-19.924709998867272],[-57.920239999176594,-19.924139998661971],[-57.920979999127617,-19.923569998456632],[-57.921719999977995,-19.922989998689438],[-57.922449999467844,-19.922419998484092],[-57.923189999418888,-19.921839998716898],[-57.923929999369932,-19.921269998511601],[-57.924659998859774,-19.920699999205567],[-57.925399998810853,-19.920119998539054],[-57.926139998761862,-19.919549999233038],[-57.926869999151108,-19.918979999027677],[-57.927610000001437,-19.918399999260483],[-57.928339999491335,-19.917829999055179],[-57.929079999442358,-19.917249999288007],[-57.929819999393423,-19.916679999082646],[-57.930549998883279,-19.916109998877278],[-57.931289998834359,-19.91552999911011],[-57.932029998785367,-19.914959998904791],[-57.9327599991746,-19.914389998699455],[-57.933499999125623,-19.913809998932251],[-57.934239999975958,-19.913239998726887],[-57.934969999465849,-19.912659998959718],[-57.935709999416858,-19.912089998754389],[-57.936439998906792,-19.911519998549071],[-57.9371799988578,-19.910939998781892],[-57.937919998808873,-19.91036999857652],[-57.938649999198041,-19.90979999927049],[-57.939389999149114,-19.909219998603962],[-57.940129999999442,-19.908649998398683],[-57.940859999489369,-19.908069997732177],[-57.941599999440363,-19.90749999842615],[-57.942339999391429,-19.906929999120109],[-57.943069998881285,-19.906349998453603],[-57.943809998832364,-19.905779999147555],[-57.944539999221547,-19.905209998942272],[-57.945279999172541,-19.904629999175086],[-57.946019999123635,-19.904059998969725],[-57.946749999512811,-19.903479999202542],[-57.947490000363189,-19.902909998997188],[-57.94822999941487,-19.902339998791877],[-57.94895999890479,-19.901759999024712],[-57.949699998855806,-19.901189998819341],[-57.950429999245031,-19.900609999052115],[-57.951169999196047,-19.900039998846811],[-57.951909999147134,-19.899469997742123],[-57.952639998636982,-19.898889998874303],[-57.95338000038668,-19.898319998668963],[-57.95411999943834,-19.897749998463606],[-57.954849998928239,-19.89716999869643],[-57.955589998879297,-19.896599998491055],[-57.95631999926848,-19.896019998723933],[-57.957060000118858,-19.895449998518576],[-57.957799999170518,-19.894879999212531],[-57.958529998660488,-19.894299998546042],[-57.959269999510816,-19.893729999239994],[-57.959999999900013,-19.893149998573513],[-57.960739999851057,-19.892579999267536],[-57.961479998902803,-19.892009999062171],[-57.962209999291936,-19.891429998395626],[-57.962950000142364,-19.890859999089631],[-57.963689999194052,-19.890289998884256],[-57.964419998683979,-19.889709999117144],[-57.965159998634988,-19.889139998911794],[-57.96588999992349,-19.888559999144608],[-57.966629999874549,-19.887989998939243],[-57.967369998926245,-19.887419998733893],[-57.96809999931547,-19.8868399989667],[-57.96883999926645,-19.886269998761389],[-57.969569998756413,-19.885689998994224],[-57.970310000506046,-19.885119998788866],[-57.971049998658494,-19.884549998583516],[-57.971779999946982,-19.88396999881633],[-57.972519999898068,-19.883399998611015],[-57.973249999387903,-19.882819998843836],[-57.973990000238267,-19.882249998638475],[-57.974729999289991,-19.881679998433118],[-57.975459998779854,-19.881099998665892],[-57.976199998730912,-19.880529998460592],[-57.976929999120081,-19.879949998693455],[-57.977669999970452,-19.879379998488105],[-57.978409999921496,-19.87880999918206],[-57.979139999411423,-19.878229998515554],[-57.979879999362431,-19.877659999209524],[-57.980619999313475,-19.877079998543081],[-57.981349998803346,-19.87650999923704],[-57.982089998754418,-19.875939999031687],[-57.982819999143587,-19.875359999264514],[-57.983559999993943,-19.874789999059157],[-57.984299999945002,-19.874209998392644],[-57.985029999434865,-19.873639999086656],[-57.985769999385909,-19.873069998881309],[-57.986499998875786,-19.872489999114133],[-57.987239999726178,-19.871919998908762],[-57.987979998777845,-19.871349998703398],[-57.988709999167085,-19.870769998936272],[-57.989449999118101,-19.870199998730918],[-57.990179999507333,-19.869619998963749],[-57.990919999458356,-19.869049998758346],[-57.991649998948255,-19.868479998553028],[-57.992389998899263,-19.867899998785838],[-57.993129998850335,-19.867329998580512],[-57.993859999239532,-19.866749998813368],[-57.994599999190598,-19.866179998608004],[-57.995329998680454,-19.865599998840825],[-57.996070000430102,-19.86502999863546],[-57.996809999481847,-19.864459998430149],[-57.997539998971725,-19.863879998662988],[-57.998279998922769,-19.863309998457609],[-57.999009999311966,-19.862729998690416],[-57.999750000162344,-19.862159998485087],[-58.000489999214039,-19.861589999179049],[-58.001219998703959,-19.861009998512593],[-58.001959998654961,-19.860439999206555],[-58.00268999994352,-19.859859998540063],[-58.003429999894522,-19.859289999233965],[-58.004159999384399,-19.858719999028661],[-58.004899999335457,-19.858139999261528],[-58.00563999928648,-19.857569999056178],[-58.006369998776378,-19.856989999288988],[-58.007109998727387,-19.856419999083641],[-58.007839999116648,-19.855849998878288],[-58.008579999966976,-19.855269999111108],[-58.00931999991802,-19.854699998905815],[-58.010049999407855,-19.854119999138611],[-58.010789999358963,-19.853549998933254],[-58.011519998848826,-19.852979998727886],[-58.012259998799884,-19.852399998960703],[-58.012989999189053,-19.851829998755417],[-58.013729999140075,-19.851249998988258],[-58.014469999990467,-19.850679998782862],[-58.01519999948033,-19.850109998577523],[-58.015939999431396,-19.849529998810329],[-58.016669998921252,-19.848959998604979],[-58.017409998872317,-19.848379998837856],[-58.01814999882334,-19.847809997733204],[-58.018879999212572,-19.847229998865323],[-58.019163269469288,-19.847011804451135],[-58.019619999163538,-19.846659998659945],[-58.020349998653479,-19.846089998454588],[-58.021089999503836,-19.845509998687426],[-58.021819999893019,-19.844939998482108],[-58.022559998944743,-19.84435999871495],[-58.023299998895737,-19.843789998509571],[-58.024029999285005,-19.843219999203534],[-58.024769999236014,-19.842639998537035],[-58.025499998725913,-19.842069999231057],[-58.026239998676949,-19.841489998564526],[-58.026969999965502,-19.840919999258514],[-58.027709999916475,-19.840339998592025],[-58.028439999406423,-19.839769999285977],[-58.029179999357446,-19.839199999080616],[-58.02991999930849,-19.838619998414167],[-58.030649998798353,-19.838049999108126],[-58.031389998749368,-19.837469998441563],[-58.032119999138615,-19.836899999135561],[-58.032859999988929,-19.836329998930239],[-58.03358999947887,-19.835749999163081],[-58.034329999429815,-19.835179998957759],[-58.035069999380937,-19.834599999190566],[-58.0357999988708,-19.834029998985216],[-58.036539998821866,-19.833449999218022],[-58.037269999211041,-19.832879999012675],[-58.038009999162114,-19.832309998807357],[-58.038739998651963,-19.831729999040192],[-58.039479999502362,-19.831159998834828],[-58.040219999453349,-19.830579999067631],[-58.040949998943233,-19.830009998862295],[-58.041689998894292,-19.829439998656987],[-58.042419999283474,-19.828859998889797],[-58.043159999234547,-19.828289998684436],[-58.04388999872441,-19.827709998917268],[-58.044629998675454,-19.827139998711907],[-58.045359999963985,-19.82655999894472],[-58.046099999915029,-19.825989998739416],[-58.046839998966711,-19.825419998534063],[-58.047221664947813,-19.825116757931983],[-58.047569999355972,-19.824839998766873],[-58.048309999306944,-19.824269998561515],[-58.048800697294304,-19.823880129864044],[-58.049039998796843,-19.823689998794336],[-58.049549042054593,-19.823297898878877],[-58.049779998747915,-19.823119998588982],[-58.04988857299918,-19.823033734719029],[-58.05050999913707,-19.822539998821867],[-58.051249999987476,-19.821969998616506],[-58.051979999477325,-19.821399998411142],[-58.052719999428398,-19.820819997744636],[-58.053449998918275,-19.820249998438616],[-58.054189998869333,-19.819669998671433],[-58.05492999882032,-19.819099998466129],[-58.055659999209581,-19.818519998698942],[-58.056399999160575,-19.817949998493582],[-58.057129998650439,-19.817379999187555],[-58.057869999500817,-19.816799998521038],[-58.058757115948069,-19.816397200270544],[-58.059482547781322,-19.815810843195834],[-58.060214847736972,-19.815252384889607],[-58.06094230394411,-19.814657455477111],[-58.061699103230971,-19.814116857706786],[-58.062387525264064,-19.813495000793523],[-58.063124093402166,-19.812910691475157],[-58.063849917339759,-19.812335449121623],[-58.064619487898995,-19.8117908520661],[-58.065343737123705,-19.811213709445095],[-58.066161144421223,-19.810561604734225],[-58.066804297280427,-19.81005468567513],[-58.067539570394828,-19.809478703179522],[-58.068270648171847,-19.808900066784567],[-58.069005922185504,-19.808324084289033],[-58.069736999962508,-19.807745447894035],[-58.070546440166027,-19.807110763950561],[-58.071201399325084,-19.80658555897633],[-58.07266340379298,-19.805423276063312],[-58.073390296125247,-19.804839428097051],[-58.074121299258529,-19.804258287090249],[-58.074954575992827,-19.803589875872035],[-58.075581391767791,-19.803097751559939],[-58.076312560376316,-19.802519232076865],[-58.0770479252215,-19.8019433619965],[-58.077779092930768,-19.801364840714761],[-58.078514458675237,-19.800788971533798],[-58.07941593819492,-19.800079645659075],[-58.079979912942576,-19.799632245531651],[-58.080704915799195,-19.799056014823165],[-58.081440563930798,-19.798470586748124],[-58.082165567686786,-19.797894356938965],[-58.082901215818403,-19.797308929763229],[-58.08363361200157,-19.796729446206928],[-58.084491829634189,-19.796046394925149],[-58.085096435751893,-19.795570474597692],[-58.08581977396333,-19.794992168253948],[-58.08655423139259,-19.794405267089367],[-58.087094994638271,-19.793974454957095],[-58.08801999862402,-19.793249998888307],[-58.08874999991253,-19.792679998682964],[-58.089489998964254,-19.792099998915763],[-58.090219999353437,-19.791529998710423],[-58.090959999304452,-19.790959998505048],[-58.091689998794365,-19.790379998737922],[-58.092429998745388,-19.789809998532558],[-58.093159999134606,-19.789229998765396],[-58.093899999984927,-19.788659998560032],[-58.094629999474861,-19.788079998792853],[-58.095369999425884,-19.787509998587488],[-58.096099998915811,-19.786929998820362],[-58.096839998866805,-19.786359998615001],[-58.097569999256002,-19.785789998409665],[-58.098309999207046,-19.785209997743141],[-58.099039998696924,-19.784639998437104],[-58.099779998647975,-19.784059998669917],[-58.100519999498317,-19.783489998464631],[-58.101249998988216,-19.782909998697441],[-58.101989998939239,-19.782339998492091],[-58.102719999328485,-19.78175999872489],[-58.10345999927948,-19.781189998519551],[-58.104189998769421,-19.78061999921356],[-58.104929998720415,-19.780039998547061],[-58.105660000008918,-19.779469999241023],[-58.10639999995999,-19.77888999857452],[-58.107129999449853,-19.778319999268486],[-58.107869999400883,-19.777739998601977],[-58.108599998890774,-19.777169998396683],[-58.109339998841826,-19.776589997730184],[-58.110069999231037,-19.776019998424157],[-58.110809999182081,-19.775449999118106],[-58.111539998671958,-19.774869998451596],[-58.112279998623016,-19.774299999145619],[-58.113009999911505,-19.773719998479077],[-58.113749998963208,-19.773149999173086],[-58.114479999352454,-19.77256999850659],[-58.115219999303463,-19.771999999200542],[-58.115949998793347,-19.771419998534036],[-58.116689998744405,-19.770849999228055],[-58.117419999133631,-19.770269998561545],[-58.118159999983959,-19.769699999255529],[-58.118889999473872,-19.769129999050172],[-58.119629999424888,-19.768549999282968],[-58.120359998914736,-19.767979999077632],[-58.121099998865823,-19.767399998411186],[-58.121829999254956,-19.766829999105109],[-58.12256999920605,-19.766249998438635],[-58.123299998695913,-19.76567999913259],[-58.124039998647,-19.765099998466091],[-58.124769999935438,-19.764529999160054],[-58.125509998987226,-19.763949998493612],[-58.126239999376409,-19.76337999918756],[-58.126979999327489,-19.762809998982213],[-58.127709998817345,-19.76222999921503],[-58.12844999876836,-19.761659999009684],[-58.1291799991576,-19.761079999242551],[-58.129920000007914,-19.760509999037165],[-58.130649999497848,-19.759929999270007],[-58.131389999448857,-19.759359999064632],[-58.131213684663742,-19.758512958206431],[-58.130927366095008,-19.757893485575718],[-58.141783470971966,-19.738092165275503],[-58.152636460238092,-19.718289587391755],[-58.140291269759508,-19.676943678446417],[-58.127950134888934,-19.635598144701273],[-58.115613033306801,-19.59425299244251],[-58.10327994272405,-19.552908227953555],[-58.09164902167737,-19.528794342589013],[-58.08002089029312,-19.50468041427558],[-58.068395541553038,-19.480566446116494],[-58.05677296844452,-19.456452441213731],[-58.060173614627011,-19.448736092163518],[-58.060809206835778,-19.42777287299382],[-58.061213246658887,-19.41443260703193],[-58.053987245666775,-19.387533173269031],[-58.042689080524063,-19.362430082760337],[-58.037704915232972,-19.327962983989988],[-58.034670527826265,-19.295456552399667],[-58.027852785889422,-19.255218151645984],[-58.027398782107973,-19.20370976936384],[-58.032041260415582,-19.182855946853746],[-58.036681936231531,-19.162001713444059],[-58.041320811928685,-19.14114706960488],[-58.045957889877812,-19.12029201580599],[-58.065497113876724,-19.112712066035424],[-58.085034975029643,-19.105129623935785],[-58.104571471945661,-19.097544692040458],[-58.124106603235617,-19.089957272883911],[-58.143640367512113,-19.082367369001723],[-58.163172763389525,-19.074774982930553],[-58.182703789483966,-19.067180117208128],[-58.202233444413324,-19.059582774373308],[-58.224946246701762,-19.072096530361232],[-58.247662928960935,-19.084608204055687],[-58.270383491485546,-19.097117789382203],[-58.293107934567146,-19.109625280265718],[-58.276303365198082,-19.135903394610875],[-58.254614173121496,-19.157283081904627],[-58.232919310100776,-19.178658954238745],[-58.206341009188634,-19.195134102939548],[-58.179757918018126,-19.211604206784408],[-58.164430087037132,-19.220737335212004],[-58.149100740270107,-19.229868796520083],[-58.142575203888399,-19.246863083320445],[-58.136047946178643,-19.263856820988522],[-58.1468517959986,-19.306110126007255],[-58.143828342979191,-19.340364814094841],[-58.13477685019209,-19.374457728477189],[-58.119059843071618,-19.395971612086569],[-58.103338321735947,-19.417483193997708],[-58.11694327459783,-19.433109944129708],[-58.133641263237884,-19.412577088370739],[-58.148071366983885,-19.400565072395732],[-58.162499402325018,-19.388551434218034],[-58.17502937209909,-19.372670627949173],[-58.18755673638978,-19.356788411413877],[-58.189011632907786,-19.30722892988944],[-58.169887943388275,-19.274293855038735],[-58.186141214122216,-19.268047016570701],[-58.202393536097546,-19.261798453909474],[-58.219115299863091,-19.239345151187898],[-58.246484553942643,-19.230520824104183],[-58.273851727674462,-19.221691747429642],[-58.284444655901801,-19.202410062312286],[-58.295034713930171,-19.183127207775442],[-58.305621905803115,-19.163843185820799],[-58.316206235561999,-19.144557998449152],[-58.333831405045409,-19.160270778414226],[-58.35145998146195,-19.175982546761546],[-58.371632602802357,-19.172677352779512],[-58.391804915014454,-19.169369759404546],[-58.403317872983664,-19.152486149327679],[-58.41482824439079,-19.135601303616731],[-58.431298741701788,-19.120746906141271],[-58.44776631267716,-19.105890397516077],[-58.460810568419241,-19.087655704607496],[-58.47385170603885,-19.069419466969368],[-58.486889729608507,-19.051181687439453],[-58.499924643199364,-19.032942368854513],[-58.535775894764313,-19.033575460262099],[-58.571628991152359,-19.034201610434938],[-58.607483916858193,-19.034820818033722],[-58.643340656372196,-19.035433081732016],[-58.679199194180448,-19.036038400216221],[-58.715059514764789,-19.036636772185634],[-58.750921602602851,-19.03722819635243],[-58.786785442168117,-19.037812671441653],[-58.822651017929907,-19.038390196191266],[-58.858518314353489,-19.038960769352112],[-58.894387315900026,-19.039524389687941],[-58.930258007026687,-19.040081055975424],[-58.966130372186676,-19.040630767004149],[-59.002004395829204,-19.04117352157661],[-59.037880062399651,-19.041709318508257],[-59.073757356339449,-19.042238156627466],[-59.070985364624768,-19.074639046168404],[-59.067985139595855,-19.116581767100016],[-59.052632286566315,-19.128663510964351],[-59.037277271775956,-19.140743554726676],[-59.030704909310955,-19.163513452947413],[-59.015207032861753,-19.18131563622017],[-58.999705690582488,-19.199115876917304],[-58.973269215021126,-19.211900846846646],[-58.949586786324552,-19.194195615344039],[-58.925909681786997,-19.176488216859433],[-58.906135650911502,-19.163638442593726],[-58.886364931344588,-19.150787086125799],[-58.858496111710835,-19.140615053008659],[-58.84322467809686,-19.148860207157803],[-58.827951900013602,-19.157103794182767],[-58.82522240507668,-19.185675757640393],[-58.846782944483515,-19.207164650605144],[-58.880876929862801,-19.20984429787551],[-58.904907145647037,-19.213247298535364],[-58.928938987078155,-19.216647315802792],[-58.95065936908054,-19.232402757394798],[-58.941590036196253,-19.274202943281391],[-58.928730930455245,-19.306371570596028],[-58.920241763465036,-19.324318185975645],[-58.91175041597635,-19.342264038399311],[-58.897321635069908,-19.356257159426061],[-58.882890371322191,-19.370248663496518],[-58.875089743709836,-19.401664572632281],[-58.861154971324822,-19.409846048256501],[-58.835159992821325,-19.425107330706791],[-58.809160611077353,-19.440363952989415],[-58.783156825586289,-19.455615905886223],[-58.7571486358488,-19.470863180180785],[-58.731136041372885,-19.486105766658412],[-58.705119041673889,-19.501343656106187],[-58.679097636274534,-19.516576839312933],[-58.653071824704895,-19.531805307069249],[-58.635802564002638,-19.541903050648013],[-58.618531364233519,-19.551998712031228],[-58.601258225266847,-19.562092288531616],[-58.583983146973402,-19.572183777462257],[-58.566706129225352,-19.582273176136574],[-58.54942717189634,-19.592360481868347],[-58.532146274861446,-19.602445691971742],[-58.514863437997214,-19.612528803761222],[-58.493656640045273,-19.622299768399284],[-58.472447685983695,-19.63206770541775],[-58.451236576939316,-19.641832610931054],[-58.43002331404189,-19.651594481054865],[-58.408807898424072,-19.661353311906165],[-58.387590331221404,-19.671109099603257],[-58.36637061357235,-19.680861840265688],[-58.345148746618271,-19.690611530014369],[-58.323924731503475,-19.700358164971487],[-58.302698569375167,-19.710101741260534],[-58.281470261383475,-19.719842255006345],[-58.260239808681455,-19.729579702335037],[-58.239007212425058,-19.739314079374076],[-58.217772473773195,-19.749045382252259],[-58.196535593887731,-19.75877360709968],[-58.175296573933387,-19.768498750047808],[-58.168685111760531,-19.796006167622227],[-58.162070311695516,-19.823512807170289]]]},"properties":{"FID":1,"Categoria":"Distribución verificada"}},{"type":"Feature","id":2,"geometry":{"type":"Polygon","coordinates":[[[-61.132733420004946,-18.567664903902831],[-61.12918189073207,-18.525560110106507],[-61.131601381879449,-18.487338770594636],[-61.153788413423726,-18.474170436642154],[-61.184128216655296,-18.464365344843639],[-61.189817632550103,-18.478342809074082],[-61.207574547045105,-18.505284340822268],[-61.221406739405538,-18.524538299245595],[-61.22533678459812,-18.532224604148148],[-61.221070204051479,-18.557044809825715],[-61.206896297102467,-18.570296884481255],[-61.190765510559601,-18.578748182880027],[-61.174633223295352,-18.587197957029208],[-61.153682042578893,-18.577432495955104],[-61.132733420004946,-18.567664903902831]]]},"properties":{"FID":2,"Categoria":"Distribución verificada"}},{"type":"Feature","id":3,"geometry":{"type":"Polygon","coordinates":[[[-61.378774551666112,-18.841505214076381],[-61.364836206136097,-18.828952826851815],[-61.3508999412702,-18.816399537878024],[-61.336946963627881,-18.805757560076533],[-61.322995773656672,-18.795114662508187],[-61.30402727864319,-18.784425335793269],[-61.285061287347816,-18.773734259070665],[-61.309208509408286,-18.768217239387948],[-61.331328197585165,-18.764591278005085],[-61.331497414688826,-18.747381340955773],[-61.319718868195842,-18.720502626485199],[-61.311918967381196,-18.697483973410737],[-61.33311022717816,-18.671374572282105],[-61.348242348096143,-18.676770982858191],[-61.358127022625318,-18.692157053030126],[-61.361900989602688,-18.717051462897558],[-61.365657358731561,-18.743858069016433],[-61.393704341821298,-18.749838248251915],[-61.417596105366286,-18.771078805237309],[-61.433373975549742,-18.801811002091814],[-61.437230944227295,-18.819055410567572],[-61.425030455107873,-18.835208505949495],[-61.412827571639049,-18.85136060464972],[-61.378774551666112,-18.841505214076381]]]},"properties":{"FID":3,"Categoria":"Distribución verificada"}},{"type":"Feature","id":4,"geometry":{"type":"Polygon","coordinates":[[[-60.538230020875289,-19.055567499490095],[-60.55397335600901,-19.078421294518044],[-60.569720795582917,-19.101274173262247],[-60.585472347545668,-19.12412613043514],[-60.601228019850879,-19.146977160746896],[-60.616987820457119,-19.169827258905435],[-60.632751757327902,-19.192676419616362],[-60.64851983843171,-19.215524637583055],[-60.664292071741997,-19.238371907506604],[-60.643579166808117,-19.261821229178206],[-60.622860246941869,-19.285267520327057],[-60.602135302433169,-19.308710771736841],[-60.5814043235697,-19.332150974188043],[-60.560667300636894,-19.355588118457881],[-60.539924223917986,-19.379022195320296],[-60.519175083693952,-19.402453195545991],[-60.498419870243588,-19.425881109902377],[-60.46624547776625,-19.418270140082328],[-60.434074757449388,-19.41065379452272],[-60.401907718291476,-19.40303208069718],[-60.369744369281165,-19.39540500608561],[-60.337584719397256,-19.387772578174143],[-60.305428777608704,-19.380134804455192],[-60.273276552874577,-19.372491692427324],[-60.241128054144106,-19.364843249595349],[-60.208983290356649,-19.357189483470183],[-60.176842270441661,-19.349530401568959],[-60.144705003318734,-19.341866011414901],[-60.112571497897541,-19.334196320537334],[-60.080441763077879,-19.326521336471703],[-60.048315807749603,-19.318841066759489],[-60.016193640792693,-19.311155518948233],[-59.984075271077188,-19.303464700591512],[-59.95765200836253,-19.303921526790074],[-59.931229179154279,-19.304374498584444],[-59.904806789709845,-19.304823615852289],[-59.878384846286302,-19.305268878475232],[-59.851963355140384,-19.305710286338794],[-59.825542322528435,-19.306147839332443],[-59.799121754706448,-19.306581537349587],[-59.772701657930014,-19.307011380287552],[-59.746282038454375,-19.307437368047598],[-59.719862902534338,-19.307859500534914],[-59.693444256424314,-19.308277777658613],[-59.667026106378316,-19.308692199331748],[-59.640608458649908,-19.309102765471302],[-59.614191319492249,-19.309509475998169],[-59.58777469515806,-19.309912330837186],[-59.561358591899598,-19.310311329917113],[-59.532724426505801,-19.311559671171459],[-59.504090600752839,-19.312803436812874],[-59.475457122581773,-19.314042626151327],[-59.446823999933741,-19.315277238502258],[-59.418191240749948,-19.316507273186659],[-59.389558852971639,-19.317732729531006],[-59.36092684454011,-19.318953606867275],[-59.332295223396677,-19.320169904532982],[-59.303663997482666,-19.321381621871137],[-59.275033174739384,-19.322588758230253],[-59.246402763108172,-19.323791312964371],[-59.217772770530296,-19.324989285433045],[-59.18914320494703,-19.326182675001338],[-59.16051407429957,-19.327371481039847],[-59.131885386529042,-19.32855570292465],[-59.103257149576528,-19.329735340037377],[-59.100155262645892,-19.248517922036843],[-59.119442887430779,-19.229833849449843],[-59.138726116487916,-19.211146943402348],[-59.15800495479391,-19.192457210196913],[-59.177279407326118,-19.17376465613486],[-59.1960507462789,-19.16311515528076],[-59.214819900989021,-19.152463302711226],[-59.233586871489742,-19.14180910178775],[-59.252351657816213,-19.131152555872269],[-59.271114260005525,-19.120493668327221],[-59.289874678096659,-19.109832442515533],[-59.308632912130513,-19.099168881800619],[-59.327388962149875,-19.088502989546345],[-59.346142828199476,-19.077834769117096],[-59.364894510325875,-19.06716422387769],[-59.383644008577605,-19.056491357193448],[-59.402391323005041,-19.045816172430129],[-59.421136453660459,-19.035138672954012],[-59.439879400598045,-19.024458862131784],[-59.458620163873825,-19.013776743330627],[-59.477358743545757,-19.003092319918185],[-59.505473813115252,-19.00153701611822],[-59.53358911255421,-18.99997734091685],[-59.561704634388747,-18.998413295214377],[-59.589820371145322,-18.996844879916186],[-59.617936315350804,-18.995272095932766],[-59.64605245953237,-18.993694944179651],[-59.674168796217607,-18.992113425577493],[-59.702285317934496,-18.990527541051961],[-59.730402017211404,-18.988937291533873],[-59.758518886577136,-18.987342677959074],[-59.78663591856089,-18.98574370126849],[-59.814753105692333,-18.984140362408123],[-59.842870440501549,-18.982532662329035],[-59.870987915519088,-18.980920601987378],[-59.899105523275985,-18.979304182344325],[-59.927223256303748,-18.977683404366175],[-59.955341107134373,-18.976058269024243],[-59.983459068300363,-18.974428777294907],[-60.011577132334722,-18.972794930159633],[-60.03969529177099,-18.97115672860491],[-60.067813539143245,-18.969514173622315],[-60.09593186698612,-18.967867266208444],[-60.124050267834782,-18.966216007364984],[-60.152168734224972,-18.964560398098644],[-60.180287258693056,-18.962900439421173],[-60.20840583377592,-18.961236132349413],[-60.236524452011103,-18.959567477905189],[-60.264643105936763,-18.957894477115435],[-60.292761788091632,-18.956217131012053],[-60.320880491015146,-18.954535440632061],[-60.348999207247317,-18.952849407017446],[-60.37711792932889,-18.951159031215283],[-60.397245402487442,-18.964216535997338],[-60.417376169904522,-18.97727220883829],[-60.437510232779523,-18.990326044816818],[-60.457647592310053,-19.003378039011061],[-60.477788249691883,-19.016428186498661],[-60.497932206118939,-19.029476482356721],[-60.518079462783341,-19.042522921661845],[-60.538230020875289,-19.055567499490095]]]},"properties":{"FID":4,"Categoria":"Área de prioridad DS nro 1286"}},{"type":"Feature","id":5,"geometry":{"type":"Polygon","coordinates":[[[-62.032066603968794,-18.299946825311125],[-62.0331919304138,-18.299956700044046],[-62.03431717097493,-18.299973752836614],[-62.03544227986638,-18.299997982994952],[-62.036567211307641,-18.30002938953313],[-62.037691919525457,-18.300067971173224],[-62.038816358755646,-18.300113726345359],[-62.03994048324499,-18.30016665318777],[-62.04106424725304,-18.300226749546866],[-62.04218760505406,-18.300294012977336],[-62.043310510938795,-18.30036844074224],[-62.044432919216419,-18.300450029813135],[-62.045554784216336,-18.300538776870169],[-62.046676060290068,-18.300634678302242],[-62.047796701813063,-18.300737730207143],[-62.048916663186638,-18.300847928391708],[-62.050035898839759,-18.300965268371982],[-62.051154363230914,-18.301089745373439],[-62.05227201084999,-18.301221354331119],[-62.053388796220105,-18.30136008988989],[-62.054504673899451,-18.301505946404614],[-62.05561959848319,-18.301658917940422],[-62.056733524605221,-18.301818998272918],[-62.057846406940065,-18.301986180888477],[-62.058958200204771,-18.302160458984456],[-62.060068859160651,-18.302341825469526],[-62.061178338615193,-18.302530272963892],[-62.062286593423856,-18.302725793799688],[-62.063393578491969,-18.302928380021189],[-62.064499248776507,-18.303138023385181],[-62.065603559287929,-18.303354715361351],[-62.066706465092047,-18.303578447132516],[-62.067807921311804,-18.303809209595062],[-62.068907883129157,-18.304046993359329],[-62.070006305786855,-18.304291788749925],[-62.071103144590246,-18.304543585806162],[-62.072198354909176,-18.304802374282488],[-62.073291892179739,-18.305068143648814],[-62.074383711906066,-18.305340883091048],[-62.075473769662239,-18.305620581511462],[-62.076562021093999,-18.30590722752919],[-62.077648421920557,-18.306200809480654],[-62.078732927936478,-18.306501315420039],[-62.079815495013399,-18.306808733119826],[-62.080896079101855,-18.30712305007124],[-62.08197463623307,-18.307444253484785],[-62.083051122520764,-18.307772330290746],[-62.084125494162862,-18.308107267139736],[-62.085197707443406,-18.308449050403226],[-62.08626771873422,-18.308797666174133],[-62.087335484496705,-18.309153100267324],[-62.088400961283696,-18.309515338220262],[-62.089464105741136,-18.309884365293541],[-62.090524874609834,-18.310260166471533],[-62.091583224727309,-18.310642726462916],[-62.092639113029477,-18.311032029701433],[-62.093692496552428,-18.311428060346383],[-62.094743332434192,-18.311830802283346],[-62.095791577916415,-18.312240239124836],[-62.096837190346186,-18.31265635421093],[-62.097880127177731,-18.313079130609978],[-62.098920345974115,-18.313508551119302],[-62.09995780440903,-18.313944598265834],[-62.100992460268472,-18.314387254306904],[-62.102024271452485,-18.314836501230911],[-62.103053195976841,-18.315292320758083],[-62.104079191974797,-18.315754694341212],[-62.105102217698736,-18.316223603166371],[-62.106122231521937,-18.316699028153767],[-62.107139191940227,-18.317180949958427],[-62.108153057573666,-18.317669348971055],[-62.1091637871682,-18.318164205318766],[-62.110171339597485,-18.318665498865943],[-62.111175673864345,-18.319173209215059],[-62.112176749102588,-18.319687315707448],[-62.113174524578689,-18.32020779742421],[-62.114168959693302,-18.320734633187055],[-62.115160013983044,-18.321267801559099],[-62.116147647122091,-18.321807280845842],[-62.117131818923831,-18.322353049095955],[-62.118112489342494,-18.322905084102228],[-62.119089618474746,-18.323463363402446],[-62.120063166561408,-18.324027864280342],[-62.12103309398897,-18.324598563766454],[-62.121999361291245,-18.325175438639121],[-62.122961929150989,-18.325758465425427],[-62.123920758401518,-18.326347620402103],[-62.1248758100282,-18.326942879596526],[-62.125827045170148,-18.327544218787725],[-62.126774425121816,-18.328151613507295],[-62.127717911334443,-18.328765039040476],[-62.128657465417767,-18.329384470427069],[-62.129593049141477,-18.330009882462537],[-62.130524624436838,-18.330641249698953],[-62.131452153398236,-18.331278546446132],[-62.132375598284668,-18.33192174677254],[-62.133294921521333,-18.332570824506501],[-62.134210085701106,-18.333225753237134],[-62.135121053586147,-18.333886506315523],[-62.136027788109317,-18.334553056855732],[-62.13693025237577,-18.335225377735942],[-62.137828409664372,-18.335903441599537],[-62.138722223429269,-18.336587220856202],[-62.13961165730133,-18.337276687683097],[-62.140496675089665,-18.337971814025938],[-62.141377240783044,-18.338672571600164],[-62.142253318551411,-18.33937893189205],[-62.143124872747308,-18.340090866159933],[-62.143991867907353,-18.340808345435342],[-62.144854268753676,-18.341531340524153],[-62.145712040195306,-18.342259822007836],[-62.146565147329724,-18.342993760244603],[-62.147413555444118,-18.343733125370644],[-62.148257230016917,-18.344477887301331],[-62.149096136719159,-18.34522801573241],[-62.149930241415873,-18.345983480141289],[-62.150759510167482,-18.346744249788276],[-62.151583909231199,-18.347510293717775],[-62.152403405062365,-18.348281580759593],[-62.153217964315836,-18.349058079530213],[-62.154027553847349,-18.349839758434001],[-62.154832140714838,-18.350626585664617],[-62.155631692179803,-18.351418529206189],[-62.156426175708667,-18.352215556834661],[-62.157215558974002,-18.353017636119137],[-62.157999809855951,-18.353824734423149],[-62.158778896443501,-18.354636818905995],[-62.159552787035722,-18.355453856524118],[-62.160321450143179,-18.356275814032401],[-62.161084854489076,-18.357102657985529],[-62.161842969010657,-18.357934354739378],[-62.162595762860349,-18.358770870452343],[-62.163343205407102,-18.359612171086756],[-62.164085266237635,-18.360458222410234],[-62.164821915157617,-18.361308989997113],[-62.165553122192911,-18.362164439229787],[-62.166278857590875,-18.363024535300205],[-62.16699909182141,-18.363889243211197],[-62.167713795578351,-18.364758527777944],[-62.16842293978052,-18.365632353629422],[-62.169126495572954,-18.366510685209811],[-62.169824434328106,-18.367393486779946],[-62.170516727646962,-18.368280722418792],[-62.171203347360247,-18.369172356024894],[-62.171884265529492,-18.370068351317823],[-62.172559454448276,-18.370968671839691],[-62.173228886643294,-18.371873280956631],[-62.173892534875463,-18.372782141860256],[-62.174550372141027,-18.373695217569161],[-62.175202371672746,-18.374612470930469],[-62.175848506940845,-18.375533864621293],[-62.176488751654205,-18.376459361150292],[-62.177123079761373,-18.377388922859183],[-62.177751465451657,-18.378322511924257],[-62.178373883156162,-18.379260090357931],[-62.178990307548801,-18.380201620010322],[-62.179600713547387,-18.381147062570747],[-62.180205076314621,-18.382096379569312],[-62.180803371259053,-18.383049532378482],[-62.181395574036209,-18.384006482214637],[-62.181981660549432,-18.384967190139655],[-62.182561606950983,-18.385931617062493],[-62.183135389642935,-18.3868997237408],[-62.183702985278174,-18.387871470782493],[-62.184264370761355,-18.388846818647341],[-62.184819523249764,-18.389825727648617],[-62.185368420154369,-18.390808157954691],[-62.185911039140642,-18.391794069590642],[-62.18644735812952,-18.392783422439908],[-62.186977355298282,-18.393776176245886],[-62.187501009081416,-18.394772290613599],[-62.188018298171571,-18.395771725011343],[-62.188529201520325,-18.396774438772297],[-62.189033698339102,-18.397780391096227],[-62.189531768100039,-18.398789541051102],[-62.190023390536759,-18.399801847574782],[-62.19050854564523,-18.4008172694767],[-62.190987213684572,-18.401835765439522],[-62.191459375177864,-18.402857294020823],[-62.191925010912954,-18.403881813654792],[-62.192384101943198,-18.4049092826539],[-62.192836629588257,-18.40593965921062],[-62.193282575434885,-18.406972901399101],[-62.193721921337591,-18.408008967176912],[-62.194154649419467,-18.409047814386714],[-62.194580742072922,-18.410089400758007],[-62.195000181960296,-18.411133683908808],[-62.195412952014657,-18.412180621347435],[-62.195819035440458,-18.413230170474176],[-62.196218415714242,-18.414282288583095],[-62.196611076585292,-18.415336932863646],[-62.196997002076337,-18.41639406040257],[-62.197376176484084,-18.41745362818553],[-62.19774858438003,-18.418515593098892],[-62.19811421061096,-18.419579911931493],[-62.198473040299604,-18.420646541376399],[-62.198825058845216,-18.421715438032621],[-62.199170251924279,-18.422786558406976],[-62.199508605490905,-18.423859858915741],[-62.199840105777575,-18.424935295886527],[-62.20016473929558,-18.426012825559976],[-62.200482492835647,-18.427092404091599],[-62.200793353468441,-18.428173987553553],[-62.201097308545094,-18.429257531936372],[-62.201394345697736,-18.430342993150845],[-62.20168445283997,-18.431430327029744],[-62.201967618167394,-18.432519489329646],[-62.202243830158054,-18.433610435732717],[-62.202513077572924,-18.434703121848568],[-62.202775349456402,-18.435797503215966],[-62.203030635136678,-18.436893535304737],[-62.203278924226211,-18.437991173517535],[-62.203520206622173,-18.43909037319165],[-62.203754472506837,-18.440191089600841],[-62.203981712347939,-18.441293277957151],[-62.204201916899152,-18.442396893412734],[-62.20441507720038,-18.443501891061672],[-62.204621184578173,-18.444608225941796],[-62.204820230646064,-18.445715853036553],[-62.205012207304883,-18.446824727276788],[-62.205197106743157,-18.447934803542591],[-62.205374921437354,-18.449046036665163],[-62.20554564415221,-18.450158381428629],[-62.205709267941074,-18.451271792571866],[-62.205865786146092,-18.452386224790391],[-62.206015192398603,-18.453501632738128],[-62.206157480619261,-18.45461797102935],[-62.206292645018401,-18.455735194240429],[-62.206420680096201,-18.45685325691176],[-62.206541580642934,-18.45797211354958],[-62.206655341739193,-18.459091718627782],[-62.206761958756033,-18.460212026589861],[-62.206861427355257,-18.461332991850668],[-62.206953743489471,-18.462454568798329],[-62.207038903402385,-18.463576711796087],[-62.207116903628837,-18.464699375184132],[-62.207187740995003,-18.465822513281484],[-62.207251412618525,-18.466946080387867],[-62.207307915908643,-18.468070030785508],[-62.207357248566232,-18.469194318741096],[-62.207399408583946,-18.470318898507539],[-62.207434394246292,-18.471443724325876],[-62.20746220412974,-18.472568750427161],[-62.207482837102695,-18.473693931034258],[-62.207496292325601,-18.474819220363784],[-62.207502569250977,-18.47594457262792],[-62.207501667623418,-18.477069942036263],[-62.20749358747959,-18.478195282797749],[-62.207478329148287,-18.479320549122448],[-62.207455893250369,-18.480445695223469],[-62.207426280698755,-18.481570675318835],[-62.207389492698368,-18.482695443633293],[-62.207345530746103,-18.483819954400222],[-62.207294396630765,-18.484944161863464],[-62.207236092432986,-18.48606802027923],[-62.207170620525154,-18.487191483917925],[-62.207097983571323,-18.488314507066001],[-62.207018184527065,-18.489437044027849],[-62.206931226639419,-18.490559049127636],[-62.206837113446632,-18.491680476711178],[-62.206735848778187,-18.49280128114777],[-62.206627436754523,-18.493921416832098],[-62.206511881786923,-18.495040838186025],[-62.206389188577255,-18.496159499660507],[-62.206259362117919,-18.497277355737392],[-62.206122407691524,-18.498394360931318],[-62.205978330870693,-18.499510469791552],[-62.205827137517936,-18.500625636903806],[-62.205668833785253,-18.50173981689213],[-62.205503426113985,-18.502852964420743],[-62.205330921234562,-18.503965034195875],[-62.205151326166181,-18.50507598096759],[-62.204964648216531,-18.506185759531668],[-62.204770894981479,-18.507294324731411],[-62.204570074344829,-18.508401631459506],[-62.204362194477952,-18.509507634659826],[-62.20414726383941,-18.510612289329298],[-62.203925291174713,-18.511715550519728],[-62.203696285515903,-18.512817373339608],[-62.203460256181152,-18.513917712955951],[-62.203217212774462,-18.51501652459616],[-62.202967165185221,-18.516113763549757],[-62.202710123587842,-18.51720938517029],[-62.202446098441285,-18.518303344877118],[-62.202175100488695,-18.519395598157203],[-62.201897140756913,-18.520486100566966],[-62.201612230556094,-18.521574807734041],[-62.201320381479164,-18.522661675359132],[-62.201021605401422,-18.523746659217782],[-62.200715914480014,-18.524829715162202],[-62.200403321153445,-18.525910799123036],[-62.20008383814109,-18.526989867111155],[-62.199757478442642,-18.528066875219491],[-62.19942425533764,-18.529141779624752],[-62.199084182384837,-18.530214536589288],[-62.198737273421791,-18.531285102462803],[-62.198383542564137,-18.532353433684154],[-62.198023004205119,-18.533419486783128],[-62.197655673014978,-18.534483218382242],[-62.197281563940372,-18.535544585198405],[-62.196900692203727,-18.536603544044819],[-62.19651307330264,-18.537660051832628],[-62.196118723009256,-18.538714065572716],[-62.19571765736962,-18.539765542377442],[-62.195309892703023,-18.540814439462405],[-62.19489544560134,-18.541860714148179],[-62.194474332928358,-18.542904323862015],[-62.194046571819058,-18.543945226139634],[-62.193612179678965,-18.544983378626895],[-62.193171174183441,-18.546018739081553],[-62.192723573276893,-18.547051265374989],[-62.19226939517214,-18.548080915493884],[-62.191808658349615,-18.549107647541959],[-62.191341381556597,-18.550131419741671],[-62.190867583806515,-18.551152190435893],[-62.190387284378104,-18.552169918089664],[-62.189900502814673,-18.553184561291808],[-62.189407258923261,-18.554196078756696],[-62.188907572773893,-18.555204429325848],[-62.188401464698721,-18.55620957196966],[-62.187888955291157,-18.557211465789052],[-62.187370065405126,-18.558210070017143],[-62.186844816154185,-18.559205344020903],[-62.186313228910628,-18.56019724730281],[-62.185775325304633,-18.561185739502495],[-62.185231127223432,-18.56217078039839],[-62.184680656810293,-18.563152329909339],[-62.18412393646382,-18.564130348096288],[-62.183560988836845,-18.565104795163833],[-62.182991836835598,-18.566075631461896],[-62.182416503618768,-18.567042817487334],[-62.181835012596579,-18.568006313885501],[-62.181247387429799,-18.568966081451915],[-62.180653652028774,-18.569922081133786],[-62.180053830552495,-18.570874274031681],[-62.17944794740761,-18.571822621401001],[-62.178836027247392,-18.572767084653702],[-62.178218094970752,-18.573707625359713],[-62.177594175721261,-18.574644205248603],[-62.176964294886062,-18.575576786211112],[-62.176328478094909,-18.576505330300673],[-62.175686751219082,-18.577429799735008],[-62.175039140370309,-18.578350156897599],[-62.174385671899785,-18.579266364339283],[-62.173726372397027,-18.580178384779757],[-62.173061268688784,-18.581086181109043],[-62.172390387838057,-18.581989716389085],[-62.171713757142811,-18.582888953855193],[-62.1710314041351,-18.583783856917552],[-62.170343356579679,-18.584674389162707],[-62.169649642473125,-18.585560514355073],[-62.168950290042524,-18.586442196438359],[-62.168245327744408,-18.587319399537083],[-62.167534784263573,-18.588192087958003],[-62.166818688511889,-18.589060226191588],[-62.166097069627185,-18.589923778913441],[-62.165369956972008,-18.590782710985742],[-62.164637380132419,-18.591636987458731],[-62.163899368916859,-18.592486573572007],[-62.163155953354888,-18.593331434756099],[-62.16240716369591,-18.594171536633731],[-62.161653030408097,-18.59500684502132],[-62.160893584176961,-18.595837325930304],[-62.160128855904247,-18.596662945568568],[-62.159358876706612,-18.597483670341795],[-62.158583677914372,-18.598299466854833],[-62.157803291070231,-18.599110301913065],[-62.157017747928002,-18.599916142523778],[-62.156227080451274,-18.60071695589744],[-62.155431320812184,-18.601512709449093],[-62.154630501390059,-18.602303370799671],[-62.153824654770077,-18.603088907777312],[-62.153013813741993,-18.603869288418643],[-62.152198011298808,-18.604644480970119],[-62.151377280635366,-18.605414453889292],[-62.150551655147055,-18.606179175846105],[-62.149721168428428,-18.60693861572415],[-62.148885854271839,-18.60769274262195],[-62.148045746666092,-18.608441525854218],[-62.147200879794994,-18.60918493495311],[-62.146351288036044,-18.609922939669413],[-62.145497005958966,-18.610655509973864],[-62.144638068324362,-18.611382616058318],[-62.143774510082245,-18.612104228336928],[-62.142906366370653,-18.612820317447444],[-62.142033672514202,-18.613530854252311],[-62.141156464022629,-18.614235809839915],[-62.140274776589415,-18.614935155525746],[-62.139388646090254,-18.615628862853544],[-62.138498108581643,-18.616316903596466],[-62.137603200299417,-18.616999249758294],[-62.136703957657197,-18.617675873574452],[-62.135800417245022,-18.618346747513236],[-62.134892615827795,-18.61901184427693],[-62.133980590343796,-18.619671136802832],[-62.133064377903196,-18.620324598264478],[-62.132144015786487,-18.620972202072608],[-62.131219541443059,-18.621613921876353],[-62.130290992489613,-18.622249731564249],[-62.129358406708626,-18.6228796052653],[-62.128421822046853,-18.623503517350059],[-62.127481276613771,-18.624121442431676],[-62.126536808679994,-18.62473335536686],[-62.125588456675771,-18.625339231256987],[-62.124636259189359,-18.625939045449087],[-62.1236802549655,-18.626532773536823],[-62.122720482903866,-18.62712039136149],[-62.121756982057384,-18.627701875013045],[-62.120789791630763,-18.628277200830997],[-62.119818950978782,-18.628846345405464],[-62.118844499604783,-18.629409285578038],[-62.117866477159041,-18.629965998442795],[-62.116884923437077,-18.630516461347163],[-62.115899878378187,-18.631060651892934],[-62.114911382063632,-18.631598547937074],[-62.113919474715182,-18.632130127592685],[-62.112924196693349,-18.632655369229891],[-62.111925588495865,-18.633174251476703],[-62.110923690755868,-18.633686753219898],[-62.109918544240422,-18.63419285360586],[-62.108910189848764,-18.634692532041459],[-62.107898668610673,-18.635185768194873],[-62.106884021684728,-18.635672541996406],[-62.105866290356758,-18.636152833639319],[-62.104845516038061,-18.636626623580629],[-62.103821740263797,-18.637093892541902],[-62.102795004691167,-18.637554621510041],[-62.101765351097903,-18.638008791738102],[-62.100732821380404,-18.638456384745936],[-62.099697457552132,-18.63889738232108],[-62.098659301741861,-18.639331766519426],[-62.097618396191962,-18.639759519665937],[-62.096574783256699,-18.640180624355445],[-62.095528505400488,-18.640595063453251],[-62.094479605196206,-18.641002820095906],[-62.093428125323406,-18.641403877691864],[-62.092374108566624,-18.641798219922169],[-62.091317597813621,-18.642185830741095],[-62.090258636053619,-18.642566694376839],[-62.089197266375585,-18.642940795332112],[-62.088133531966484,-18.64330811838483],[-62.087067476109468,-18.643668648588676],[-62.085999142182139,-18.644022371273731],[-62.084928573654857,-18.64436927204709],[-62.083855814088842,-18.644709336793404],[-62.082780907134477,-18.645042551675527],[-62.081703896529582,-18.645368903134987],[-62.080624826097484,-18.645688377892611],[-62.079543739745382,-18.646000962949017],[-62.078460681462516,-18.646306645585181],[-62.077375695318295,-18.646605413362931],[-62.076288825460615,-18.646897254125449],[-62.075200116114047,-18.647182155997797],[-62.07410961157796,-18.647460107387367],[-62.073017356224824,-18.647731096984362],[-62.07192339449827,-18.647995113762267],[-62.070827770911421,-18.648252146978276],[-62.069730530045014,-18.648502186173769],[-62.068631716545596,-18.648745221174686],[-62.067531375123693,-18.648981242091974],[-62.066429550551973,-18.649210239321988],[-62.065326287663524,-18.649432203546869],[-62.064221631349895,-18.64964712573493],[-62.063115626559359,-18.649854997141031],[-62.062008318295049,-18.65005580930692],[-62.06089975161315,-18.650249554061574],[-62.059789971621036,-18.650436223521567],[-62.05867902347547,-18.650615810091352],[-62.057566952380739,-18.650788306463582],[-62.056453803586813,-18.650953705619397],[-62.0553396223875,-18.651112000828746],[-62.054224454118675,-18.651263185650627],[-62.0531083441563,-18.651407253933346],[-62.051991337914728,-18.651544199814797],[-62.050873480844714,-18.651674017722691],[-62.049754818431694,-18.651796702374728],[-62.048635396193809,-18.65191224877891],[-62.047515259680182,-18.652020652233677],[-62.046394454468945,-18.652121908328105],[-62.045273026165496,-18.652216012942109],[-62.044151020400534,-18.652302962246576],[-62.043028482828262,-18.652382752703563],[-62.04190545912455,-18.652455381066403],[-62.040781994985039,-18.652520844379875],[-62.039658136123293,-18.652579139980286],[-62.038533928268897,-18.652630265495581],[-62.037409417165705,-18.65267421884549],[-62.036284648569861,-18.652710998241552],[-62.035159668247999,-18.652740602187212],[-62.034034521975379,-18.652763029477899],[-62.03290925553398,-18.652778279201069],[-62.031783914710715,-18.652786350736175],[-62.030658545295502,-18.652787243754812],[-62.02953319307943,-18.652780958220646],[-62.028407903852859,-18.652767494389412],[-62.027282723403637,-18.652746852808974],[-62.026157697515139,-18.652719034319233],[-62.02503287196447,-18.652684040052097],[-62.023908292520581,-18.652641871431506],[-62.022784004942402,-18.652592530173269],[-62.021660054977026,-18.652536018285087],[-62.020536488357777,-18.652472338066413],[-62.019413350802346,-18.652401492108385],[-62.018290688011028,-18.652323483293713],[-62.017168545664774,-18.652238314796563],[-62.016046969423343,-18.652145990082428],[-62.014926004923481,-18.652046512907972],[-62.013805697777052,-18.651939887320914],[-62.01268609356913,-18.651826117659837],[-62.011567237856212,-18.651705208553992],[-62.010449176164379,-18.651577164923165],[-62.009331953987314,-18.651441991977418],[-62.008215616784611,-18.651299695216913],[-62.007100209979846,-18.65115028043169],[-62.005985778958703,-18.650993753701407],[-62.004872369067186,-18.650830121395099],[-62.003760025609765,-18.650659390170947],[-62.002648793847492,-18.650481566975976],[-62.001538718996173,-18.650296659045768],[-62.000429846224577,-18.65010467390421],[-61.999322220652537,-18.649905619363121],[-61.998215887349119,-18.649699503522019],[-61.997110891330863,-18.649486334767715],[-61.996007277559855,-18.649266121773984],[-61.994905090941934,-18.649038873501297],[-61.993804376324874,-18.648804599196311],[-61.992705178496578,-18.648563308391616],[-61.991607542183196,-18.648315010905293],[-61.990511512047355,-18.648059716840528],[-61.989417132686327,-18.647797436585186],[-61.988324448630223,-18.647528180811403],[-61.987233504340161,-18.647251960475153],[-61.98614434420648,-18.646968786815791],[-61.985057012546889,-18.646678671355609],[-61.983971553604739,-18.646381625899334],[-61.982888011547161,-18.646077662533724],[-61.981806430463294,-18.645766793626962],[-61.980726854362473,-18.645449031828274],[-61.97964932717246,-18.645124390067309],[-61.97857389273765,-18.644792881553705],[-61.977500594817258,-18.644454519776477],[-61.97642947708362,-18.644109318503503],[-61.97536058312032,-18.643757291780961],[-61.974293956420453,-18.643398453932754],[-61.973229640384879,-18.643032819559942],[-61.97216767832041,-18.642660403540113],[-61.971108113438127,-18.64228122102681],[-61.970050988851519,-18.641895287448907],[-61.968996347574794,-18.641502618509968],[-61.967944232521127,-18.641103230187621],[-61.966894686500893,-18.640697138732925],[-61.965847752219922,-18.640284360669639],[-61.964803472277815,-18.639864912793662],[-61.963761889166122,-18.639438812172219],[-61.96272304526665,-18.6390060761433],[-61.96168698284982,-18.638566722314831],[-61.960653744072793,-18.638120768564061],[-61.959623370977873,-18.637668233036766],[-61.958595905490789,-18.637209134146541],[-61.957571389418895,-18.636743490574016],[-61.956549864449606,-18.636271321266172],[-61.955531372148563,-18.63579264543548],[-61.95451595395803,-18.635307482559185],[-61.953503651195234,-18.634815852378463],[-61.952494505050559,-18.634317774897674],[-61.951488556585993,-18.633813270383502],[-61.950485846733422,-18.633302359364137],[-61.949486416292892,-18.632785062628457],[-61.948490305931102,-18.632261401225186],[-61.947497556179556,-18.631731396462015],[-61.946508207433091,-18.631195069904727],[-61.945522299948131,-18.630652443376373],[-61.944539873841073,-18.630103538956316],[-61.943560969086676,-18.629548378979397],[-61.942585625516372,-18.62898698603496],[-61.941613882816746,-18.628419382965991],[-61.940645780527831,-18.627845592868166],[-61.939681358041526,-18.627265639088893],[-61.938720654600026,-18.626679545226388],[-61.937763709294188,-18.626087335128716],[-61.936810561061911,-18.625489032892798],[-61.935861248686678,-18.624884662863426],[-61.934915810795815,-18.624274249632354],[-61.933974285859009,-18.623657818037149],[-61.93303671218677,-18.623035393160315],[-61.932103127928798,-18.622407000328224],[-61.93117357107247,-18.62177266511004],[-61.930248079441277,-18.621132413316772],[-61.929326690693323,-18.620486271000146],[-61.928409442319762,-18.61983426445159],[-61.927496371643244,-18.619176420201125],[-61.926587515816472,-18.618512765016316],[-61.925682911820644,-18.617843325901177],[-61.924782596463892,-18.61716813009507],[-61.923886606379924,-18.616487205071589],[-61.922994978026402,-18.615800578537453],[-61.922107747683533,-18.615108278431382],[-61.921224951452558,-18.614410332922933],[-61.920346625254311,-18.613706770411397],[-61.91947280482772,-18.612997619524592],[-61.9186035257284,-18.612282909117766],[-61.917738823327127,-18.611562668272335],[-61.916878732808527,-18.610836926294787],[-61.916023289169509,-18.610105712715431],[-61.915172527217926,-18.609369057287218],[-61.914326481571123,-18.608626989984529],[-61.913485186654583,-18.607879541001946],[-61.912648676700414,-18.607126740753039],[-61.911816985746079,-18.606368619869112],[-61.910990147632916,-18.605605209197975],[-61.910168196004832,-18.604836539802683],[-61.909351164306891,-18.60406264296024],[-61.908539085783978,-18.603283550160388],[-61.907731993479395,-18.602499293104259],[-61.906929920233623,-18.601709903703135],[-61.906132898682877,-18.600915414077161],[-61.905340961257792,-18.600115856553938],[-61.904554140182178,-18.599311263667342],[-61.903772467471661,-18.598501668156111],[-61.902995974932352,-18.597687102962553],[-61.902224694159592,-18.596867601231164],[-61.901458656536668,-18.596043196307335],[-61.900697893233499,-18.595213921735958],[-61.899942435205418,-18.594379811260065],[-61.89919231319189,-18.593540898819469],[-61.89844755771523,-18.592697218549361],[-61.897708199079425,-18.591848804778945],[-61.896974267368833,-18.590995692030031],[-61.896245792447012,-18.590137915015617],[-61.895522803955465,-18.589275508638515],[-61.89480533131249,-18.588408507989868],[-61.894093403711906,-18.5875369483478],[-61.893387050121916,-18.586660865175887],[-61.892686299283938,-18.585780294121836],[-61.891991179711376,-18.584895271015899],[-61.89130171968857,-18.584005831869536],[-61.890617947269476,-18.583112012873833],[-61.889939890276672,-18.582213850398166],[-61.889267576300227,-18.581311380988577],[-61.888601032696442,-18.580404641366403],[-61.887940286586854,-18.579493668426718],[-61.887285364857121,-18.578578499236841],[-61.886636294155885,-18.577659171034853],[-61.885993100893735,-18.576735721228044],[-61.885355811242057,-18.575808187391441],[-61.884724451132087,-18.574876607266216],[-61.884099046253731,-18.573941018758223],[-61.883479622054608,-18.573001459936357],[-61.882866203739006,-18.572057969031128],[-61.882258816266777,-18.571110584433011],[-61.881657484352431,-18.570159344690907],[-61.881062232464039,-18.569204288510594],[-61.880473084822292,-18.568245454753157],[-61.879890065399536,-18.567282882433354],[-61.879313197918691,-18.56631661071809],[-61.878742505852415,-18.565346678924776],[-61.878178012422055,-18.564373126519797],[-61.877619740596771,-18.563395993116789],[-61.877067713092508,-18.562415318475168],[-61.876521952371199,-18.561431142498403],[-61.875982480639735,-18.560443505232431],[-61.875449319849132,-18.55945244686405],[-61.874922491693617,-18.558458007719242],[-61.874402017609711,-18.557460228261565],[-61.873887918775438,-18.556459149090482],[-61.873380216109361,-18.555454810939736],[-61.872878930269856,-18.554447254675665],[-61.87238408165409,-18.553436521295559],[-61.871895690397423,-18.552422651925973],[-61.871413776372385,-18.551405687821077],[-61.870938359187981,-18.550385670360956],[-61.870469458188836,-18.549362641049946],[-61.870007092454486,-18.548336641514933],[-61.869551280798447,-18.547307713503645],[-61.869102041767682,-18.546275898882985],[-61.868659393641614,-18.545241239637306],[-61.868223354431514,-18.544203777866723],[-61.867793941879739,-18.543163555785362],[-61.86737117345902,-18.542120615719668],[-61.866955066371737,-18.541075000106691],[-61.866545637549201,-18.540026751492363],[-61.866142903651017,-18.538975912529715],[-61.865746881064325,-18.537922525977208],[-61.865357585903226,-18.536866634696949],[-61.86497503400809,-18.535808281652969],[-61.864599240944862,-18.534747509909476],[-61.864230222004515,-18.533684362629067],[-61.86386799220233,-18.532618883071031],[-61.863512566277421,-18.531551114589533],[-61.86316395869197,-18.530481100631896],[-61.862822183630783,-18.529408884736789],[-61.862487255000609,-18.528334510532485],[-61.862159186429643,-18.527258021735094],[-61.861837991266931,-18.526179462146739],[-61.861523682581854,-18.525098875653832],[-61.861216273163571,-18.524016306225231],[-61.860915775520525,-18.522931797910509],[-61.860622201879892,-18.521845394838127],[-61.860335564187167,-18.520757141213601],[-61.860055874105555,-18.519667081317806],[-61.859783143015598,-18.518575259505077],[-61.859517382014694,-18.517481720201449],[-61.859258601916615,-18.516386507902855],[-61.859006813251042,-18.515289667173274],[-61.85876202626325,-18.514191242642962],[-61.858524250913547,-18.51309127900663],[-61.858293496877003,-18.511989821021594],[-61.858069773542937,-18.510886913505999],[-61.857853090014608,-18.509782601336937],[-61.857643455108835,-18.508676929448693],[-61.857440877355636,-18.507569942830852],[-61.857245364997866,-18.506461686526499],[-61.857056925990868,-18.505352205630398],[-61.856875568002209,-18.504241545287123],[-61.856701298411309,-18.503129750689254],[-61.856534124309157,-18.502016867075501],[-61.856374052498055,-18.500902939728917],[-61.856221089491278,-18.499788013975007],[-61.856075241512869,-18.498672135179905],[-61.85593651449738,-18.497555348748499],[-61.855804914089553,-18.496437700122673],[-61.855680445644204,-18.495319234779316],[-61.855563114225951,-18.494199998228599],[-61.85545292460894,-18.493080036012056],[-61.855349881276808,-18.491959393700746],[-61.855253988422355,-18.490838116893432],[-61.855165249947433,-18.489716251214638],[-61.855083669462836,-18.488593842312895],[-61.855009250288006,-18.487470935858834],[-61.854941995451078,-18.486347577543292],[-61.854881907688636,-18.485223813075542],[-61.854828989445636,-18.484099688181356],[-61.854783242875314,-18.482975248601178],[-61.854744669839093,-18.481850540088249],[-61.85471327190649,-18.480725608406761],[-61.854689050355084,-18.479600499329997],[-61.854672006170475,-18.478475258638433],[-61.854662140046138,-18.477349932117921],[-61.854659452383565,-18.476224565557796],[-61.85466394329211,-18.475099204749029],[-61.85467561258902,-18.473973895482345],[-61.854694459799489,-18.472848683546378],[-61.854720484156623,-18.471723614725821],[-61.854753684601491,-18.470598734799495],[-61.854794059783174,-18.469474089538593],[-61.854841608058827,-18.468349724704712],[-61.854896327493705,-18.467225686048071],[-61.854958215861274,-18.466102019305602],[-61.855027270643333,-18.464978770199107],[-61.855103489030043,-18.46385598443339],[-61.855186867920082,-18.462733707694397],[-61.855277403920795,-18.461611985647387],[-61.855375093348279,-18.460490863935018],[-61.855479932227567,-18.459370388175561],[-61.855591916292767,-18.458250603960938],[-61.855711040987302,-18.457131556854979],[-61.855837301464,-18.456013292391546],[-61.855970692585338,-18.454895856072586],[-61.856111208923636,-18.453779293366399],[-61.856258844761349,-18.452663649705727],[-61.856413594091158,-18.451548970485909],[-61.856575450616383,-18.450435301063042],[-61.856744407751073,-18.449322686752151],[-61.856920458620401,-18.448211172825292],[-61.857103596060909,-18.447100804509802],[-61.857293812620753,-18.445991626986348],[-61.857491100560054,-18.444883685387175],[-61.8576954518512,-18.443777024794223],[-61.85790685817917,-18.442671690237326],[-61.858125310941887,-18.441567726692359],[-61.858350801250545,-18.440465179079371],[-61.85858331992997,-18.43936409226087],[-61.858822857519037,-18.438264511039858],[-61.859069404270997,-18.437166480158101],[-61.859322950153903,-18.436070044294304],[-61.859583484851015,-18.434975248062226],[-61.859850997761221,-18.433882136008936],[-61.860125477999489,-18.432790752612974],[-61.860406914397238,-18.431701142282538],[-61.8606952955029,-18.430613349353678],[-61.860990609582259,-18.429527418088497],[-61.861292844619079,-18.428443392673337],[-61.861601988315449,-18.427361317217017],[-61.861918028092369,-18.426281235748988],[-61.862240951090229,-18.425203192217577],[-61.862570744169368,-18.424127230488182],[-61.862907393910554,-18.423053394341494],[-61.863250886615553,-18.421981727471714],[-61.863601208307728,-18.420912273484781],[-61.863958344732559,-18.419845075896585],[-61.864322281358184,-18.418780178131215],[-61.864693003376146,-18.41771762351917],[-61.865070495701794,-18.41665745529561],[-61.865454742975039,-18.415599716598582],[-61.865845729560924,-18.414544450467307],[-61.866243439550288,-18.41349169984035],[-61.866647856760359,-18.412441507553982],[-61.867058964735492,-18.411393916340309],[-61.867476746747762,-18.410348968825645],[-61.867901185797713,-18.409306707528724],[-61.868332264614978,-18.408267174858974],[-61.868769965659034,-18.407230413114789],[-61.869214271119908,-18.40619646448183],[-61.869665162918906,-18.405165371031281],[-61.870122622709289,-18.404137174718134],[-61.870586631877131,-18.40311191737954],[-61.871057171541956,-18.402089640733031],[-61.871534222557599,-18.401070386374858],[-61.872017765512936,-18.40005419577831],[-61.872507780732683,-18.399041110291993],[-61.873004248278235,-18.398031171138179],[-61.873507147948381,-18.397024419411117],[-61.874016459280234,-18.39602089607536],[-61.874532161550015,-18.395020641964084],[-61.875054233773874,-18.394023697777452],[-61.875582654708815,-18.393030104080971],[-61.876117402853438,-18.392039901303761],[-61.876658456448965,-18.391053129737021],[-61.877205793480023,-18.390069829532294],[-61.877759391675546,-18.389090040699898],[-61.878319228509746,-18.388113803107281],[-61.878885281202955,-18.387141156477359],[-61.879457526722561,-18.386172140386957],[-61.880035941784023,-18.385206794265176],[-61.880620502851741,-18.384245157391764],[-61.88121118614,-18.383287268895572],[-61.881807967614016,-18.382333167752893],[-61.88241082299087,-18.381382892785968],[-61.883019727740447,-18.380436482661281],[-61.883634657086567,-18.37949397588811],[-61.884255586007818,-18.378555410816894],[-61.884882489238755,-18.377620825637671],[-61.885515341270761,-18.376690258378538],[-61.886154116353211,-18.375763746904127],[-61.886798788494481,-18.374841328914037],[-61.887449331462939,-18.373923041941271],[-61.88810571878814,-18.373008923350767],[-61.888767923761769,-18.372099010337848],[-61.889435919438824,-18.37119333992672],[-61.890109678638723,-18.370291948968948],[-61.890789173946274,-18.369394874141978],[-61.89147437771296,-18.36850215194762],[-61.892165262057937,-18.367613818710584],[-61.892861798869276,-18.366729910576993],[-61.893563959804986,-18.365850463512906],[-61.894271716294291,-18.364975513302877],[-61.894985039538689,-18.364105095548471],[-61.895703900513176,-18.36323924566684],[-61.896428269967444,-18.362377998889247],[-61.897158118427015,-18.361521390259679],[-61.897893416194478,-18.360669454633396],[-61.898634133350704,-18.359822226675508],[-61.899380239756056,-18.358979740859564],[-61.900131705051585,-18.358142031466162],[-61.900888498660308,-18.357309132581545],[-61.901650589788396,-18.356481078096241],[-61.902417947426549,-18.355657901703623],[-61.903190540351069,-18.354839636898596],[-61.903968337125328,-18.354026316976217],[-61.904751306100884,-18.353217975030326],[-61.905539415418872,-18.352414643952205],[-61.906332633011274,-18.351616356429265],[-61.907130926602193,-18.350823144943686],[-61.90793426370923,-18.35003504177109],[-61.908742611644712,-18.349252078979266],[-61.909555937517119,-18.348474288426839],[-61.910374208232348,-18.347701701761949],[-61.911197390495126,-18.346934350421019],[-61.912025450810312,-18.346172265627445],[-61.912858355484268,-18.345415478390326],[-61.913696070626266,-18.344664019503185],[-61.914538562149794,-18.343917919542761],[-61.915385795774057,-18.343177208867736],[-61.916237737025234,-18.342441917617489],[-61.917094351238028,-18.341712075710884],[-61.917955603556926,-18.34098771284507],[-61.918821458937728,-18.340268858494241],[-61.919691882148939,-18.339555541908449],[-61.920566837773194,-18.338847792112425],[-61.921446290208692,-18.33814563790439],[-61.922330203670668,-18.337449107854859],[-61.923218542192849,-18.336758230305524],[-61.924111269628902,-18.336073033368066],[-61.925008349653908,-18.335393544923036],[-61.925909745765807,-18.334719792618699],[-61.926815421286989,-18.334051803869908],[-61.927725339365672,-18.333389605857008],[-61.928639462977415,-18.332733225524724],[-61.929557754926734,-18.33208268958106],[-61.930480177848452,-18.331438024496194],[-61.931406694209393,-18.330799256501454],[-61.932337266309716,-18.33016641158817],[-61.933271856284655,-18.32953951550672],[-61.934210426105864,-18.328918593765373],[-61.935152937583133,-18.328303671629332],[-61.936099352365822,-18.327694774119681],[-61.937049631944497,-18.327091926012333],[-61.938003737652437,-18.326495151837079],[-61.938961630667251,-18.325904475876552],[-61.939923272012464,-18.325319922165267],[-61.940888622559015,-18.324741514488586],[-61.941857643026992,-18.324169276381838],[-61.942830293987114,-18.323603231129272],[-61.943806535862386,-18.323043401763186],[-61.944786328929702,-18.322489811062926],[-61.945769633321447,-18.321942481554007],[-61.946756409027152,-18.32140143550717],[-61.947746615895092,-18.320866694937472],[-61.948740213633904,-18.320338281603419],[-61.949737161814284,-18.319816217006068],[-61.950737419870585,-18.319300522388115],[-61.951740947102493,-18.318791218733097],[-61.952747702676632,-18.318288326764488],[-61.953757645628336,-18.317791866944862],[-61.954770734863168,-18.317301859475101],[-61.955786929158727,-18.316818324293493],[-61.956806187166244,-18.316341281075037],[-61.957828467412291,-18.315870749230502],[-61.958853728300468,-18.315406747905769],[-61.959881928113084,-18.314949295980956],[-61.960913025012871,-18.314498412069714],[-61.961946977044676,-18.31405411451842],[-61.962983742137197,-18.31361642140546],[-61.964023278104612,-18.3131853505405],[-61.965065542648404,-18.312760919463727],[-61.966110493359018,-18.312343145445176],[-61.967158087717571,-18.311932045483992],[-61.96820828309766,-18.311527636307765],[-61.969261036767008,-18.31112993437182],[-61.970316305889249,-18.310738955858593],[-61.971374047525678,-18.310354716676922],[-61.972434218636998,-18.309977232461435],[-61.973496776084978,-18.309606518571904],[-61.974561676634387,-18.309242590092595],[-61.975628876954602,-18.308885461831711],[-61.976698333621407,-18.308535148320729],[-61.977770003118827,-18.308191663813847],[-61.978843841840821,-18.307855022287374],[-61.979919806093058,-18.307525237439215],[-61.980997852094752,-18.307202322688255],[-61.982077935980421,-18.306886291173832],[-61.983160013801609,-18.30657715575521],[-61.984244041528797,-18.306274929011057],[-61.985329975053055,-18.30597962323893],[-61.98641777018797,-18.305691250454757],[-61.987507382671325,-18.305409822392392],[-61.988598768166995,-18.305135350503082],[-61.98969188226669,-18.304867845955034],[-61.990786680491787,-18.304607319632982],[-61.991883118295156,-18.304353782137675],[-61.992981151062914,-18.304107243785513],[-61.994080734116345,-18.30386771460811],[-61.995181822713548,-18.303635204351853],[-61.996284372051463,-18.30340972247755],[-61.99738833726753,-18.303191278160014],[-61.998493673441637,-18.302979880287719],[-61.999600335597812,-18.302775537462395],[-62.000708278706178,-18.302578257998704],[-62.001817457684737,-18.30238804992393],[-62.00292782740118,-18.302204920977612],[-62.004039342674758,-18.30202887861121],[-62.005151958278134,-18.301859929987877],[-62.006265628939126,-18.301698081982099],[-62.007380309342736,-18.301543341179435],[-62.008495954132769,-18.301395713876254],[-62.009612517913858,-18.301255206079524],[-62.010729955253204,-18.301121823506431],[-62.011848220682481,-18.300995571584323],[-62.012967268699697,-18.300876455450361],[-62.014087053770943,-18.300764479951351],[-62.01520753033239,-18.300659649643556],[-62.016328652792033,-18.300561968792511],[-62.017450375531595,-18.300471441372835],[-62.018572652908382,-18.300388071068067],[-62.019695439257134,-18.300311861270526],[-62.020818688891858,-18.300242815081177],[-62.021942356107743,-18.300180935309509],[-62.023066395182944,-18.300126224473384],[-62.024190760380527,-18.300078684798983],[-62.025315405950259,-18.30003831822069],[-62.026440286130523,-18.300005126381006],[-62.027565355150145,-18.299979110630506],[-62.028690567230257,-18.299960272027761],[-62.029815876586163,-18.299948611339317],[-62.030941237429261,-18.299944129039641],[-62.032066603968794,-18.299946825311125]]]},"properties":{"FID":5,"Categoria":"Avistamiento"}},{"type":"Feature","id":6,"geometry":{"type":"Polygon","coordinates":[[[-62.838177087380998,-20.042815140431269],[-62.839017657990382,-20.042819591971224],[-62.839858159967797,-20.042831219159773],[-62.840698532058447,-20.042850021149526],[-62.841538713016988,-20.042875996570238],[-62.84237864161198,-20.042909143528835],[-62.843218256630415,-20.04294945960962],[-62.844057496882122,-20.042996941874375],[-62.844896301204258,-20.043051586862685],[-62.845734608465705,-20.043113390592058],[-62.84657235757161,-20.043182348558322],[-62.847409487467793,-20.043258455735902],[-62.848245937145201,-20.043341706578175],[-62.849081645644333,-20.043432095017941],[-62.849916552059724,-20.043529614467786],[-62.850750595544355,-20.043634257820603],[-62.851583715314121,-20.043746017450108],[-62.8524158506522,-20.043864885211377],[-62.85324694091355,-20.043990852441496],[-62.854076925529256,-20.044123909960085],[-62.854905744010999,-20.04426404807009],[-62.855733335955456,-20.044411256558384],[-62.856559641048683,-20.044565524696598],[-62.857384599070521,-20.044726841241847],[-62.858208149898978,-20.044895194437572],[-62.859030233514623,-20.045070572014374],[-62.859850790004963,-20.045252961190961],[-62.860669759568779,-20.045442348674996],[-62.861487082520505,-20.045638720664147],[-62.862302699294631,-20.045842062847054],[-62.863116550449895,-20.046052360404371],[-62.863928576673814,-20.046269598009861],[-62.864738718786839,-20.046493759831495],[-62.865546917746727,-20.046724829532611],[-62.866353114652917,-20.04696279027312],[-62.867157250750665,-20.047207624710719],[-62.867959267435502,-20.047459315002179],[-62.868759106257372,-20.047717842804559],[-62.869556708924918,-20.047983189276696],[-62.870352017309813,-20.048255335080412],[-62.871144973450882,-20.048534260382056],[-62.871935519558413,-20.048819944853879],[-62.872723598018311,-20.049112367675502],[-62.873509151396327,-20.04941150753551],[-62.874292122442249,-20.04971734263292],[-62.875072454094052,-20.050029850678836],[-62.87585008948205,-20.050349008898039],[-62.876624971933097,-20.050674794030638],[-62.87739704497465,-20.051007182333787],[-62.878166252338914,-20.051346149583409],[-62.878932537966953,-20.051691671075965],[-62.879695846012758,-20.052043721630259],[-62.880456120847313,-20.052402275589237],[-62.881213307062673,-20.052767306821913],[-62.881967349475971,-20.053138788725242],[-62.882718193133499,-20.053516694226026],[-62.883465783314605,-20.053900995782975],[-62.884210065535797,-20.054291665388615],[-62.884950985554646,-20.054688674571413],[-62.88568848937377,-20.055091994397795],[-62.886422523244725,-20.055501595474265],[-62.887153033671979,-20.055917447949593],[-62.887879967416779,-20.056339521516922],[-62.888603271501033,-20.056767785416014],[-62.889322893211173,-20.057202208435488],[-62.890038780102003,-20.057642758915112],[-62.890750880000517,-20.058089404748063],[-62.891459141009697,-20.058542113383321],[-62.892163511512308,-20.059000851827999],[-62.892863940174628,-20.059465586649765],[-62.893560375950223,-20.059936283979287],[-62.894252768083675,-20.060412909512682],[-62.894941066114257,-20.060895428514044],[-62.895625219879562,-20.06138380581794],[-62.896305179519295,-20.061878005832],[-62.896980895478784,-20.062377992539496],[-62.897652318512598,-20.062883729501973],[-62.898319399688233,-20.063395179861917],[-62.898982090389573,-20.063912306345401],[-62.899640342320474,-20.06443507126486],[-62.900294107508316,-20.064963436521783],[-62.900943338307449,-20.065497363609516],[-62.901587987402671,-20.066036813616076],[-62.902228007812724,-20.06658174722698],[-62.90286335289364,-20.067132124728097],[-62.903493976342197,-20.06768790600853],[-62.904119832199299,-20.068249050563594],[-62.904740874853317,-20.068815517497743],[-62.90535705904334,-20.069387265527475],[-62.905968339862604,-20.069964252984505],[-62.906574672761657,-20.070546437818635],[-62.907176013551663,-20.071133777600899],[-62.907772318407602,-20.07172622952665],[-62.908363543871488,-20.072323750418693],[-62.908949646855447,-20.072926296730397],[-62.909530584645012,-20.073533824548878],[-62.91010631490208,-20.074146289598204],[-62.91067679566811,-20.074763647242648],[-62.911241985367134,-20.07538585248988],[-62.911801842808764,-20.076012859994314],[-62.91235632719124,-20.076644624060364],[-62.912905398104385,-20.077281098645798],[-62.913449015532549,-20.077922237365076],[-62.913987139857504,-20.078567993492761],[-62.914519731861404,-20.079218319966877],[-62.915046752729531,-20.07987316939241],[-62.915568164053241,-20.080532494044679],[-62.916083927832645,-20.081196245872846],[-62.9165940064795,-20.081864376503486],[-62.917098362819857,-20.082536837243968],[-62.917596960096816,-20.083213579086163],[-62.918089761973171,-20.083894552709886],[-62.91857673253412,-20.084579708486586],[-62.919057836289774,-20.085268996482888],[-62.919533038177867,-20.085962366464297],[-62.920002303566235,-20.086659767898798],[-62.920465598255348,-20.087361149960586],[-62.920922888480852,-20.088066461533739],[-62.921374140915944,-20.088775651215972],[-62.921819322673855,-20.089488667322357],[-62.922258401310295,-20.090205457889112],[-62.922691344825687,-20.090925970677379],[-62.923118121667606,-20.091650153177],[-62.923538700733062,-20.092377952610398],[-62.923953051370752,-20.093109315936388],[-62.924361143383258,-20.093844189854071],[-62.924762947029322,-20.094582520806686],[-62.925158433025949,-20.095324254985496],[-62.925547572550585,-20.096069338333812],[-62.925930337243173,-20.096817716550802],[-62.926306699208283,-20.097569335095532],[-62.926676631017088,-20.098324139190904],[-62.927040105709388,-20.099082073827681],[-62.927397096795566,-20.099843083768448],[-62.927747578258519,-20.100607113551689],[-62.928091524555562,-20.101374107495804],[-62.928428910620291,-20.102144009703171],[-62.928759711864416,-20.102916764064169],[-62.9290839041795,-20.10369231426138],[-62.929401463938788,-20.104470603773603],[-62.929712367998903,-20.105251575880001],[-62.930016593701502,-20.106035173664221],[-62.930314118874982,-20.106821340018566],[-62.930604921836043,-20.107610017648156],[-62.930888981391291,-20.108401149075053],[-62.93116627683883,-20.109194676642524],[-62.931436787969659,-20.109990542519192],[-62.931700495069244,-20.110788688703302],[-62.931957378918909,-20.111589057026848],[-62.932207420797283,-20.112391589159923],[-62.932450602481595,-20.113196226614917],[-62.932686906249018,-20.114002910750788],[-62.932916314878021,-20.114811582777318],[-62.933138811649599,-20.115622183759434],[-62.933354380348398,-20.116434654621465],[-62.933563005264055,-20.117248936151483],[-62.933764671192201,-20.118064969005591],[-62.933959363435683,-20.118882693712251],[-62.934147067805519,-20.119702050676651],[-62.934327770622076,-20.12052298018499],[-62.934501458715921,-20.121345422408858],[-62.934668119428864,-20.122169317409654],[-62.934827740614857,-20.122994605142836],[-62.93498031064091,-20.1238212254624],[-62.935125818387888,-20.124649118125195],[-62.935264253251354,-20.125478222795405],[-62.935395605142347,-20.126308479048785],[-62.935519864488064,-20.12713982637726],[-62.935637022232662,-20.127972204193185],[-62.935747069837795,-20.128805551833835],[-62.935849999283334,-20.129639808565777],[-62.935945803067909,-20.13047491358936],[-62.936034474209428,-20.131310806043111],[-62.936116006245641,-20.132147425008128],[-62.936190393234611,-20.132984709512606],[-62.936257629755083,-20.133822598536213],[-62.936317710906941,-20.134661031014559],[-62.936370632311537,-20.135499945843662],[-62.936416390112029,-20.136339281884393],[-62.936454980973636,-20.13717897796689],[-62.936486402083901,-20.138018972895079],[-62.936510651152894,-20.138859205451105],[-62.93652772641336,-20.139699614399809],[-62.936537626620883,-20.140540138493122],[-62.936540351053935,-20.141380716474654],[-62.936535899513999,-20.14222128708402],[-62.936524272325435,-20.143061789061452],[-62.936505470335682,-20.143902161152091],[-62.93647949491497,-20.144742342110625],[-62.93644634795637,-20.145582270705628],[-62.936406031875599,-20.14642188572406],[-62.93635854961083,-20.147261125975774],[-62.936303904622527,-20.148099930297903],[-62.936242100893153,-20.148938237559349],[-62.936173142926883,-20.149775986665261],[-62.93609703574932,-20.150613116561445],[-62.936013784907033,-20.151449566238842],[-62.93592339646726,-20.152285274737974],[-62.935825877017429,-20.153120181153366],[-62.935721233664609,-20.153954224638007],[-62.935609474035104,-20.154787344407765],[-62.935490606273831,-20.155619479745855],[-62.935364639043719,-20.156450570007202],[-62.935231581525123,-20.157280554622901],[-62.935091443415132,-20.158109373104647],[-62.934944234926832,-20.158936965049111],[-62.934789966788607,-20.159763270142342],[-62.934628650243354,-20.160588228164166],[-62.934460297047643,-20.161411778992626],[-62.934284919470834,-20.162233862608272],[-62.934102530294254,-20.163054419098611],[-62.933913142810219,-20.163873388662424],[-62.933716770821064,-20.164690711614153],[-62.93351342863815,-20.165506328388272],[-62.933303131080834,-20.166320179543543],[-62.933085893475351,-20.167132205767459],[-62.932861731653723,-20.167942347880484],[-62.932630661952608,-20.168750546840386],[-62.932392701212088,-20.169556743746565],[-62.932147866774486,-20.170360879844324],[-62.931896176483043,-20.171162896529157],[-62.931637648680656,-20.17196273535102],[-62.93137230220853,-20.17276033801857],[-62.931100156404796,-20.173555646403457],[-62.930821231103153,-20.174348602544544],[-62.93053554663134,-20.175139148652057],[-62.930243123809717,-20.175927227111959],[-62.929943983949713,-20.176712780489979],[-62.929638148852298,-20.177495751535893],[-62.929325640806368,-20.178276083187686],[-62.92900648258717,-20.179053718575702],[-62.928680697454574,-20.179828601026738],[-62.928348309151424,-20.180600674068302],[-62.928009341901813,-20.181369881432566],[-62.927663820409244,-20.182136167060605],[-62.927311769854946,-20.182899475106403],[-62.926953215895963,-20.183659749940965],[-62.926588184663281,-20.184416936156321],[-62.926216702759973,-20.18517097856963],[-62.925838797259182,-20.185921822227144],[-62.92545449570224,-20.18666941240825],[-62.925063826096597,-20.187413694629445],[-62.924666816913799,-20.188154614648305],[-62.924263497087416,-20.188892118467411],[-62.923853896010939,-20.189626152338374],[-62.923438043535619,-20.19035666276562],[-62.923015969968297,-20.191083596510417],[-62.922587706069201,-20.191806900594674],[-62.922153283049731,-20.192526522304821],[-62.921712732570107,-20.193242409195651],[-62.921266086737148,-20.193954509094162],[-62.920813378101883,-20.194662770103346],[-62.920354639657205,-20.195367140605956],[-62.919889904835451,-20.196067569268276],[-62.919419207505925,-20.196764005043875],[-62.918942581972523,-20.197456397177334],[-62.918460062971164,-20.198144695207898],[-62.917971685667268,-20.198828848973225],[-62.917477485653208,-20.199508808612961],[-62.916977498945705,-20.200184524572425],[-62.916471761983225,-20.20085594760625],[-62.915960311623287,-20.201523028781875],[-62.915443185139807,-20.202185719483207],[-62.914920420220362,-20.202843971414122],[-62.914392054963436,-20.203497736601971],[-62.913858127875692,-20.204146967401098],[-62.913318677869135,-20.20479161649633],[-62.912773744258217,-20.205431636906365],[-62.912223366757118,-20.206066981987281],[-62.911667585476692,-20.206697605435838],[-62.911106440921621,-20.207323461292955],[-62.910539973987483,-20.207944503946951],[-62.909968225957726,-20.208560688136981],[-62.90939123850071,-20.209171968956245],[-62.90880905366658,-20.209778301855302],[-62.908221713884323,-20.210379642645321],[-62.907629261958569,-20.210975947501257],[-62.907031741066511,-20.211567172965136],[-62.906429194754807,-20.212153275949102],[-62.905821666936333,-20.212734213738653],[-62.905209201887011,-20.213309943995725],[-62.904591844242567,-20.213880424761754],[-62.903969638995328,-20.214445614460786],[-62.903342631490901,-20.215005471902408],[-62.902710867424851,-20.215559956284885],[-62.902074392839431,-20.216109027198033],[-62.901433254120143,-20.216652644626187],[-62.900787497992447,-20.217190768951149],[-62.900137171518331,-20.217723360955045],[-62.899482322092808,-20.218250381823189],[-62.89882299744054,-20.218771793146878],[-62.898159245612355,-20.21928755692629],[-62.897491114981726,-20.219797635573148],[-62.896818654241251,-20.220301991913509],[-62.896141912399052,-20.220800589190461],[-62.895460938775322,-20.221293391066826],[-62.894775782998629,-20.221780361627761],[-62.894086495002327,-20.222261465383419],[-62.893393125020914,-20.222736667271509],[-62.892695723586421,-20.223205932659884],[-62.891994341524629,-20.223669227348999],[-62.891289029951473,-20.224126517574501],[-62.890579840269247,-20.224577770009585],[-62.889866824162858,-20.225022951767507],[-62.889150033596103,-20.225462030403939],[-62.888429520807826,-20.225894973919328],[-62.887705338308209,-20.226321750761262],[-62.886977538874817,-20.22674232982672],[-62.88624617554882,-20.2271566804644],[-62.885511301631141,-20.227564772476907],[-62.884772970678526,-20.22796657612297],[-62.884031236499716,-20.228362062119597],[-62.883286153151403,-20.228751201644233],[-62.882537774934413,-20.229133966336825],[-62.881786156389687,-20.229510328301942],[-62.881031352294301,-20.229880260110733],[-62.880273417657534,-20.23024373480304],[-62.879512407716767,-20.230600725889214],[-62.878748377933526,-20.230951207352163],[-62.877981383989408,-20.231295153649221],[-62.877211481782062,-20.23163253971396],[-62.876438727421039,-20.231963340958064],[-62.875663177223821,-20.232287533273148],[-62.874884887711609,-20.232605093032429],[-62.874103915605218,-20.232915997092544],[-62.873320317820991,-20.233220222795151],[-62.872534151466638,-20.233517747968627],[-62.871745473837066,-20.233808550929691],[-62.870954342410172,-20.234092610484947],[-62.870160814842691,-20.234369905932486],[-62.869364948966002,-20.234640417063307],[-62.868566802781913,-20.234904124162892],[-62.867766434458368,-20.235161008012579],[-62.866963902325296,-20.235411049890942],[-62.866159264870291,-20.235654231575236],[-62.865352580734424,-20.235890535342666],[-62.864543908707887,-20.236119943971676],[-62.863733307725788,-20.236342440743243],[-62.862920836863744,-20.236558009442049],[-62.862106555333732,-20.236766634357696],[-62.861290522479621,-20.236968300285849],[-62.86047279777295,-20.237162992529321],[-62.85965344080855,-20.237350696899174],[-62.858832511300228,-20.237531399715731],[-62.858010069076357,-20.237705087809569],[-62.857186174075565,-20.237871748522512],[-62.85636088634238,-20.238031369708494],[-62.855534266022808,-20.238183939734551],[-62.85470637336001,-20.238329447481537],[-62.853877268689821,-20.238467882345002],[-62.85304701243642,-20.238599234235984],[-62.852215665107956,-20.23872349358172],[-62.85138328729203,-20.238840651326303],[-62.850549939651373,-20.238950698931443],[-62.849715682919424,-20.239053628376976],[-62.848880577895841,-20.239149432161547],[-62.848044685442098,-20.239238103303069],[-62.84720806647708,-20.239319635339289],[-62.846370781972603,-20.239394022328263],[-62.845532892948995,-20.239461258848728],[-62.844694460470649,-20.239521340000589],[-62.843855545641546,-20.239574261405188],[-62.843016209600833,-20.239620019205685],[-62.842176513518325,-20.239658610067298],[-62.841336518590126,-20.239690031177556],[-62.840496286034096,-20.239714280246538],[-62.839655877085413,-20.239731355507008],[-62.8388153529921,-20.239741255714534],[-62.837974775010565,-20.23974398014759],[-62.837134204401181,-20.239739528607636],[-62.836293702423767,-20.239727901419098],[-62.835453330333117,-20.239709099429334],[-62.834613149374576,-20.239683124008625],[-62.833773220779584,-20.239649977050014],[-62.832933605761148,-20.239609660969244],[-62.832094365509441,-20.239562178704475],[-62.831255561187305,-20.239507533716175],[-62.830417253925859,-20.239445729986805],[-62.829579504819954,-20.239376772020538],[-62.82874237492377,-20.239300664842968],[-62.82790592524637,-20.239217414000677],[-62.827070216747231,-20.239127025560922],[-62.826235310331839,-20.239029506111077],[-62.825401266847209,-20.23892486275825],[-62.824568147077443,-20.238813103128756],[-62.823736011739364,-20.238694235367483],[-62.822904921478013,-20.238568268137371],[-62.822074936862307,-20.238435210618782],[-62.821246118380564,-20.238295072508777],[-62.820418526436093,-20.23814786402048],[-62.81959222134288,-20.237993595882259],[-62.818767263321043,-20.237832279337006],[-62.817943712492585,-20.237663926141291],[-62.81712162887694,-20.237488548564485],[-62.816301072386601,-20.237306159387895],[-62.815482102822784,-20.237116771903864],[-62.814664779871045,-20.236920399914705],[-62.81384916309694,-20.236717057731802],[-62.813035311941668,-20.236506760174489],[-62.812223285717749,-20.236289522568999],[-62.811413143604724,-20.236065360747371],[-62.810604944644837,-20.235834291046256],[-62.809798747738647,-20.235596330305736],[-62.808994611640898,-20.235351495868134],[-62.808192594956061,-20.235099805576684],[-62.807392756134199,-20.234841277774301],[-62.806595153466645,-20.23457593130216],[-62.805799845081751,-20.234303785498444],[-62.805006888940682,-20.234024860196808],[-62.804216342833151,-20.233739175724988],[-62.803428264373252,-20.233446752903362],[-62.802642710995237,-20.233147613043347],[-62.801859739949315,-20.232841777945939],[-62.801079408297511,-20.23252926990002],[-62.800301772909513,-20.232210111680818],[-62.799526890458466,-20.231884326548222],[-62.798754817416913,-20.231551938245079],[-62.797985610052649,-20.231212970995454],[-62.79721932442461,-20.230867449502892],[-62.796456016378805,-20.230515398948604],[-62.79569574154425,-20.230156844989612],[-62.794938555328891,-20.22979181375694],[-62.794184512915592,-20.229420331853625],[-62.793433669258064,-20.229042426352837],[-62.792686079076958,-20.228658124795889],[-62.791941796855767,-20.228267455190245],[-62.791200876836918,-20.227870446007447],[-62.790463373017793,-20.227467126181068],[-62.789729339146845,-20.227057525104595],[-62.788998828719585,-20.226641672629267],[-62.788271894974791,-20.226219599061945],[-62.78754859089053,-20.225791335162846],[-62.786828969180391,-20.225356912143369],[-62.78611308228956,-20.224916361663748],[-62.785400982391046,-20.224469715830796],[-62.784692721381866,-20.224017007195545],[-62.78398835087927,-20.223558268750867],[-62.783287922216935,-20.223093533929095],[-62.782591486441341,-20.222622836599577],[-62.781899094307875,-20.222146211066171],[-62.781210796277307,-20.221663692064819],[-62.780526642512001,-20.221175314760917],[-62.779846682872268,-20.220681114746856],[-62.77917096691278,-20.220181128039361],[-62.778499543878965,-20.219675391076876],[-62.77783246270333,-20.219163940716943],[-62.777169772001997,-20.218646814233459],[-62.776511520071089,-20.218124049314007],[-62.775857754883248,-20.217595684057081],[-62.775208524084114,-20.217061756969336],[-62.774563874988893,-20.216522306962776],[-62.77392385457884,-20.215977373351883],[-62.773288509497924,-20.215426995850773],[-62.772657886049366,-20.214871214570337],[-62.772032030192264,-20.214310070015269],[-62.771410987538253,-20.21374360308112],[-62.770794803348224,-20.213171855051375],[-62.770183522528967,-20.212594867594355],[-62.769577189629906,-20.212012682760232],[-62.768975848839901,-20.211425342977968],[-62.768379543983961,-20.210832891052213],[-62.767788318520076,-20.210235370160163],[-62.767202215536123,-20.209632823848455],[-62.766621277746552,-20.209025296029985],[-62.766045547489483,-20.208412830980652],[-62.765475066723454,-20.207795473336208],[-62.764909877024429,-20.207173268088983],[-62.7643500195828,-20.206546260584545],[-62.76379553520033,-20.205914496518499],[-62.763246464287178,-20.205278021933072],[-62.762702846859014,-20.204636883213784],[-62.76216472253406,-20.203991127086102],[-62.76163213053016,-20.203340800611976],[-62.761105109662033,-20.202685951186449],[-62.76058369833833,-20.202026626534188],[-62.760067934558919,-20.201362874706003],[-62.759557855912064,-20.200694744075385],[-62.759053499571706,-20.200022283334896],[-62.758554902294748,-20.199345541492701],[-62.758062100418393,-20.19866456786897],[-62.75757512985745,-20.19797941209227],[-62.757094026101797,-20.197290124095975],[-62.756618824213696,-20.196596754114559],[-62.756149558825328,-20.195899352680062],[-62.755686264136202,-20.195197970618288],[-62.755228973910718,-20.194492659045117],[-62.75477772147562,-20.193783469362895],[-62.754332539717709,-20.193070453256496],[-62.753893461081269,-20.192353662689737],[-62.753460517565884,-20.191633149901492],[-62.753033740723957,-20.190908967401867],[-62.752613161658502,-20.190181167968461],[-62.752198811020811,-20.189449804642468],[-62.751790719008305,-20.188714930724785],[-62.751388915362242,-20.187976599772178],[-62.750993429365614,-20.187234865593354],[-62.750604289840979,-20.186489782245051],[-62.75022152514839,-20.185741404028054],[-62.749845163183281,-20.184989785483332],[-62.749475231374461,-20.184234981387956],[-62.749111756682176,-20.183477046751186],[-62.748754765595997,-20.182716036810405],[-62.748404284133045,-20.181952007027171],[-62.748060337836002,-20.181185013083052],[-62.747722951771273,-20.180415110875703],[-62.747392150527148,-20.179642356514687],[-62.747067958212064,-20.178866806317476],[-62.746750398452782,-20.178088516805243],[-62.746439494392661,-20.177307544698856],[-62.746135268690068,-20.176523946914642],[-62.745837743516581,-20.175737780560286],[-62.745546940555521,-20.174949102930707],[-62.745262881000272,-20.174157971503814],[-62.744985585552733,-20.173364443936347],[-62.744715074421904,-20.172568578059671],[-62.74445136732232,-20.171770431875569],[-62.744194483472654,-20.170970063552023],[-62.743944441594266,-20.170167531418947],[-62.743701259909969,-20.169362893963942],[-62.743464956142546,-20.168556209828072],[-62.743235547513542,-20.167747537801539],[-62.743013050741965,-20.166936936819429],[-62.742797482043166,-20.166124465957395],[-62.742588857127508,-20.165310184427376],[-62.742387191199363,-20.164494151573262],[-62.74219249895588,-20.163676426866605],[-62.742004794586045,-20.162857069902209],[-62.741824091769487,-20.162036140393877],[-62.741650403675642,-20.161213698169995],[-62.7414837429627,-20.160389803169206],[-62.741324121776707,-20.159564515436024],[-62.741171551750654,-20.158737895116467],[-62.741026044003675,-20.157910002453661],[-62.740887609140209,-20.157080897783462],[-62.740756257249217,-20.156250641530068],[-62.740631997903499,-20.1554192942016],[-62.740514840158902,-20.154586916385671],[-62.740404792553768,-20.153753568745028],[-62.740301863108229,-20.152919312013083],[-62.740206059323654,-20.152084206989485],[-62.740117388182135,-20.151248314535756],[-62.740035856145923,-20.150411695570728],[-62.739961469156952,-20.149574411066251],[-62.739894232636487,-20.148736522042654],[-62.739834151484622,-20.147898089564301],[-62.739781230080027,-20.147059174735197],[-62.739735472279534,-20.146219838694467],[-62.739696881417927,-20.145380142611977],[-62.739665460307663,-20.144540147683781],[-62.73964121123867,-20.143699915127751],[-62.739624135978204,-20.142859506179057],[-62.739614235770681,-20.142018982085737],[-62.739611511337628,-20.141178404104213],[-62.739615962877572,-20.140337833494829],[-62.739627590066128,-20.139497331517411],[-62.739646392055882,-20.138656959426768],[-62.739672367476594,-20.137816778468238],[-62.739705514435194,-20.136976849873232],[-62.739745830515965,-20.1361372348548],[-62.739793312780733,-20.135297994603071],[-62.739847957769037,-20.134459190280957],[-62.73990976149841,-20.133620883019507],[-62.739978719464681,-20.132783133913595],[-62.740054826642243,-20.131946004017415],[-62.740138077484531,-20.131109554340018],[-62.740228465924304,-20.130273845840883],[-62.740325985374135,-20.129438939425501],[-62.740430628726955,-20.128604895940853],[-62.740542388356459,-20.127771776171084],[-62.740661256117733,-20.126939640833001],[-62.740787223347844,-20.126108550571669],[-62.74092028086644,-20.125278565955952],[-62.741060418976438,-20.124449747474202],[-62.741207627464732,-20.123622155529748],[-62.741361895602957,-20.122795850436521],[-62.741523212148209,-20.121970892414691],[-62.74169156534392,-20.121147341586237],[-62.74186694292073,-20.120325257970581],[-62.742049332097309,-20.119504701480253],[-62.742238719581344,-20.11868573191644],[-62.742435091570499,-20.1178684089647],[-62.742638433753413,-20.117052792190595],[-62.74284873131073,-20.116238941035313],[-62.743065968916213,-20.115426914811405],[-62.74329013073784,-20.114616772698369],[-62.743521200438956,-20.113808573738481],[-62.743759161179476,-20.113002376832302],[-62.744003995617078,-20.112198240734539],[-62.74425568590852,-20.111396224049699],[-62.744514213710907,-20.110596385227847],[-62.744779560183034,-20.109798782560286],[-62.745051705986768,-20.109003474175392],[-62.745330631288411,-20.108210518034323],[-62.745616315760223,-20.107419971926795],[-62.745908738581846,-20.106631893466901],[-62.746207878441851,-20.105846340088888],[-62.746513713539265,-20.105063369042966],[-62.746826221585195,-20.10428303739117],[-62.747145379804394,-20.103505402003169],[-62.747471164936989,-20.102730519552111],[-62.747803553240139,-20.101958446510558],[-62.748142520489758,-20.101189239146297],[-62.74848804198232,-20.100422953518255],[-62.748840092536604,-20.099659645472464],[-62.7491986464956,-20.098899370637898],[-62.749563677728283,-20.098142184422539],[-62.74993515963159,-20.097388142009233],[-62.750313065132381,-20.096637298351713],[-62.750697366689323,-20.095889708170603],[-62.751088036294966,-20.095145425949422],[-62.751485045477764,-20.094404505930555],[-62.751888365304147,-20.093667002111435],[-62.752297966380624,-20.092932968240486],[-62.752713818855945,-20.092202457813229],[-62.753135892423266,-20.091475524068439],[-62.753564156322362,-20.090752219984182],[-62.753998579341832,-20.090032598274046],[-62.754439129821463,-20.089316711383209],[-62.754885775654415,-20.088604611484698],[-62.75533848428968,-20.087896350475511],[-62.755797222734358,-20.087191979972911],[-62.756261957556113,-20.086491551310587],[-62.756732654885639,-20.085795115534978],[-62.75720928041904,-20.085102723401523],[-62.7576917994204,-20.084414425370962],[-62.758180176724295,-20.083730271605642],[-62.758674376738355,-20.083050311965913],[-62.759174363445858,-20.082374596006428],[-62.759680100408339,-20.08170317297261],[-62.760191550768262,-20.081036091796989],[-62.760708677251756,-20.080373401095649],[-62.761231442171201,-20.079715149164738],[-62.761759807428128,-20.079061383976889],[-62.762293734515872,-20.078412153177766],[-62.762833184522428,-20.07776750408253],[-62.763378118133346,-20.077127483672488],[-62.763928495634445,-20.076492138591583],[-62.764484276914878,-20.075861515143025],[-62.765045421469942,-20.075235659285905],[-62.765611888404088,-20.074614616631905],[-62.766183636433837,-20.073998432441879],[-62.766760623890853,-20.073387151622612],[-62.767342808724983,-20.072780818723547],[-62.767930148507247,-20.072179477933542],[-62.768522600432995,-20.071583173077595],[-62.769120121325052,-20.070991947613738],[-62.769722667636756,-20.070405844629757],[-62.77033019545523,-20.069824906840203],[-62.770942660504552,-20.069249176583131],[-62.771560018148996,-20.068678695817095],[-62.772182223396236,-20.068113506118078],[-62.772809230900663,-20.067553648676455],[-62.773440994966712,-20.066999164293978],[-62.774077469552132,-20.066450093380826],[-62.774718608271421,-20.065906475952676],[-62.775364364399117,-20.065368351627701],[-62.776014690873232,-20.064835759623815],[-62.776669540298755,-20.064308738755681],[-62.777328864951023,-20.063787327431978],[-62.777992616779208,-20.06327156365256],[-62.778660747409837,-20.062761485005712],[-62.779333208150312,-20.062257128665351],[-62.780009949992511,-20.061758531388396],[-62.780690923616241,-20.061265729512026],[-62.781376079392935,-20.060778758951098],[-62.782065367389237,-20.060297655195434],[-62.782758737370649,-20.059822453307344],[-62.783456138805143,-20.059353187918973],[-62.784157520866934,-20.058889893229853],[-62.784862832440091,-20.058432603004356],[-62.785572022122317,-20.057981350569271],[-62.786285038228705,-20.057536168811346],[-62.787001828795461,-20.057097090174924],[-62.787722341583738,-20.056664146659529],[-62.788446524083355,-20.056237369817598],[-62.789174323516747,-20.055816790752132],[-62.789905686842751,-20.055402440114467],[-62.790640560760423,-20.054994348101939],[-62.791378891713038,-20.054592544455893],[-62.792120625891847,-20.054197058459263],[-62.792865709240161,-20.053807918934634],[-62.793614087457151,-20.053425154242039],[-62.794365706001877,-20.053048792276925],[-62.795120510097263,-20.052678860468117],[-62.795878444734029,-20.05231538577582],[-62.796639454674796,-20.051958394689638],[-62.797403484458037,-20.051607913226693],[-62.798170478402156,-20.051263966929643],[-62.798940380609501,-20.050926580864903],[-62.799713134970524,-20.050595779620792],[-62.800488685167728,-20.050271587305716],[-62.801266974679955,-20.049954027546423],[-62.802047946786345,-20.049643123486312],[-62.802831544570573,-20.049338897783706],[-62.803617710924925,-20.049041372610237],[-62.804406388554504,-20.048750569649176],[-62.805197519981391,-20.04846651009391],[-62.805991047548872,-20.048189214646385],[-62.806786913425562,-20.047918703515546],[-62.807585059609657,-20.047654996415964],[-62.808385427933196,-20.047398112566295],[-62.809187960066275,-20.047148070687928],[-62.809992597521273,-20.046904889003628],[-62.81079928165714,-20.046668585236191],[-62.811607953683662,-20.046439176607183],[-62.812418554665776,-20.046216679835617],[-62.81323102552782,-20.046001111136817],[-62.814045307057832,-20.045792486221167],[-62.814861339911943,-20.045590820293011],[-62.815679064618614,-20.045396128049536],[-62.816498421583013,-20.045208423679689],[-62.817319351091335,-20.045027720863132],[-62.818141793315206,-20.044854032769297],[-62.818965688316005,-20.044687372056352],[-62.819790976049184,-20.044527750870358],[-62.820617596368756,-20.044375180844305],[-62.821445489031554,-20.044229673097334],[-62.822274593701742,-20.04409123823385],[-62.823104849955143,-20.043959886342869],[-62.823936197283615,-20.043835626997144],[-62.824768575099533,-20.043718469252553],[-62.825601922740177,-20.043608421647416],[-62.82643617947214,-20.043505492201884],[-62.827271284495723,-20.043409688417324],[-62.828107176949466,-20.043321017275794],[-62.828943795914483,-20.043239485239575],[-62.829781080418961,-20.043165098250608],[-62.830618969442554,-20.043097861730129],[-62.831457401920915,-20.043037780578274],[-62.832296316750018,-20.042984859173668],[-62.83313565279073,-20.042939101373182],[-62.833975348873238,-20.042900510511572],[-62.834815343801424,-20.042869089401304],[-62.835655576357468,-20.042844840332318],[-62.836495985306151,-20.042827765071848],[-62.837336509399464,-20.042817864864322],[-62.838177087380998,-20.042815140431269]]]},"properties":{"FID":6,"Categoria":"Avistamiento"}},{"type":"Feature","id":7,"geometry":{"type":"Polygon","coordinates":[[[-58.194532909803328,-19.117749643008548],[-58.195698844390215,-19.117787208354713],[-58.196864525725651,-19.117831948050132],[-58.198029909664108,-19.117883860400433],[-58.199194952071323,-19.117942943439665],[-58.200359608825948,-19.118009194930295],[-58.201523835821284,-19.118082612363303],[-58.202687588966853,-19.118163192958288],[-58.203850824190162,-19.118250933663603],[-58.205013497438323,-19.118345831156404],[-58.206175564679718,-19.11844788184283],[-58.207336981905691,-19.118557081858125],[-58.20849770513221,-19.118673427066753],[-58.209657690401471,-19.118796913062639],[-58.210816893783722,-19.118927535169213],[-58.211975271378719,-19.119065288439714],[-58.213132779317547,-19.119210167657247],[-58.21428937376421,-19.119362167335108],[-58.215445010917314,-19.119521281716924],[-58.216599647011691,-19.119687504776874],[-58.217753238320142,-19.119860830219913],[-58.218905741154977,-19.120041251482039],[-58.22005711186975,-19.120228761730505],[-58.221207306860897,-19.120423353864116],[-58.222356282569379,-19.120625020513472],[-58.223503995482304,-19.120833754041254],[-58.224650402134642,-19.121049546542508],[-58.225795459110806,-19.121272389844961],[-58.226939123046357,-19.121502275509311],[-58.228081350629552,-19.121739194829548],[-58.229222098603103,-19.121983138833301],[-58.230361323765713,-19.122234098282181],[-58.231498982973804,-19.12249206367207],[-58.232635033143048,-19.122757025233572],[-58.233769431250096,-19.123028972932342],[-58.234902134334135,-19.123307896469424],[-58.236033099498556,-19.123593785281713],[-58.237162283912575,-19.123886628542301],[-58.238289644812824,-19.124186415160924],[-58.239415139505013,-19.124493133784373],[-58.240538725365539,-19.124806772796894],[-58.241660359843046,-19.125127320320647],[-58.242780000460115,-19.125454764216194],[-58.243897604814826,-19.125789092082886],[-58.245013130582379,-19.126130291259404],[-58.246126535516687,-19.126478348824193],[-58.247237777451957,-19.126833251595944],[-58.248346814304362,-19.127194986134143],[-58.249453604073551,-19.127563538739548],[-58.250558104844266,-19.127938895454676],[-58.25166027478798,-19.128321042064407],[-58.252760072164371,-19.128709964096458],[-58.253857455323001,-19.129105646821948],[-58.254952382704886,-19.129508075255984],[-58.25604481284401,-19.129917234158206],[-58.257134704368937,-19.130333108033334],[-58.258222016004382,-19.130755681131809],[-58.259306706572744,-19.131184937450374],[-58.260388734995715,-19.131620860732646],[-58.261468060295762,-19.132063434469771],[-58.262544641597756,-19.132512641901034],[-58.2636184381305,-19.1329684660145],[-58.264689409228197,-19.133430889547657],[-58.265757514332122,-19.133899894988044],[-58.266822712992031,-19.134375464573957],[-58.26788496486779,-19.134857580295083],[-58.268944229730842,-19.135346223893247],[-58.270000467465763,-19.135841376863009],[-58.271053638071763,-19.136343020452408],[-58.272103701664214,-19.136851135663701],[-58.273150618476123,-19.137365703254069],[-58.274194348859716,-19.137886703736292],[-58.275234853287856,-19.138414117379583],[-58.276272092355612,-19.13894792421025],[-58.27730602678168,-19.139488104012457],[-58.278336617409906,-19.140034636329098],[-58.279363825210801,-19.140587500462399],[-58.280387611282968,-19.141146675474872],[-58.281407936854599,-19.141712140189981],[-58.282424763284908,-19.142283873192987],[-58.283438052065677,-19.142861852831818],[-58.28444776482263,-19.143446057217776],[-58.285453863316924,-19.144036464226467],[-58.286456309446592,-19.144633051498577],[-58.287455065247983,-19.145235796440737],[-58.288450092897214,-19.145844676226393],[-58.289441354711592,-19.146459667796655],[-58.290428813151017,-19.147080747861164],[-58.291412430819435,-19.147707892899003],[-58.292392170466272,-19.14834107915954],[-58.293367994987797,-19.148980282663388],[-58.294339867428533,-19.149625479203262],[-58.295307750982701,-19.150276644344906],[-58.296271608995561,-19.150933753428045],[-58.297231404964869,-19.151596781567299],[-58.298187102542158,-19.152265703653129],[-58.299138665534187,-19.152940494352769],[-58.300086057904323,-19.153621128111222],[-58.301029243773854,-19.154307579152189],[-58.301968187423377,-19.15499982147908],[-58.302902853294142,-19.155697828875972],[-58.303833205989442,-19.156401574908639],[-58.304759210275847,-19.157111032925503],[-58.305680831084644,-19.157826176058666],[-58.306598033513133,-19.158546977224933],[-58.307510782825929,-19.15927340912685],[-58.308419044456286,-19.160005444253702],[-58.309322784007428,-19.16074305488258],[-58.310221967253824,-19.16148621307941],[-58.311116560142509,-19.162234890700052],[-58.312006528794321,-19.162989059391343],[-58.312891839505262,-19.163748690592129],[-58.313772458747728,-19.164513755534415],[-58.314648353171776,-19.165284225244438],[-58.31551948960638,-19.166060070543708],[-58.316385835060764,-19.166841262050198],[-58.317247356725517,-19.167627770179394],[-58.318104021973966,-19.168419565145431],[-58.318955798363305,-19.169216616962238],[-58.319802653635925,-19.170018895444649],[-58.320644555720556,-19.1708263702096],[-58.321481472733531,-19.171639010677165],[-58.322313372979927,-19.172456786071859],[-58.323140224954862,-19.173279665423685],[-58.323961997344618,-19.17410761756938],[-58.324778659027849,-19.17494061115357],[-58.32559017907672,-19.175778614629923],[-58.326396526758181,-19.176621596262404],[-58.327197671535032,-19.177469524126472],[-58.327993583067098,-19.178322366110233],[-58.328784231212403,-19.179180089915683],[-58.329569586028313,-19.180042663059975],[-58.330349617772647,-19.180910052876587],[-58.331124296904804,-19.181782226516585],[-58.331893594086928,-19.182659150949888],[-58.332657480184935,-19.183540792966454],[-58.333415926269694,-19.184427119177649],[-58.334168903618092,-19.185318096017376],[-58.334916383714109,-19.18621368974345],[-58.335658338249935,-19.187113866438825],[-58.336394739126966,-19.188018592012913],[-58.337125558456997,-19.188927832202854],[-58.337850768563143,-19.189841552574773],[-58.338570341980962,-19.190759718525179],[-58.339284251459503,-19.191682295282199],[-58.339992469962276,-19.192609247906908],[-58.340694970668324,-19.193540541294684],[-58.341391726973249,-19.194476140176512],[-58.342082712490182,-19.195416009120304],[-58.34276790105082,-19.196360112532268],[-58.343447266706356,-19.197308414658295],[-58.344120783728549,-19.198260879585181],[-58.344788426610606,-19.199217471242129],[-58.345450170068233,-19.200178153402064],[-58.346105989040524,-19.201142889682973],[-58.346755858690976,-19.202111643549316],[-58.34739975440835,-19.20308437831341],[-58.348037651807665,-19.204061057136801],[-58.348669526731115,-19.205041643031688],[-58.349295355248948,-19.206026098862292],[-58.349915113660408,-19.207014387346252],[-58.35052877849462,-19.208006471056112],[-58.35113632651148,-19.209002312420662],[-58.351737734702525,-19.210001873726366],[-58.352332980291827,-19.211005117118837],[-58.352922040736836,-19.21201200460424],[-58.353504893729223,-19.21302249805073],[-58.354081517195759,-19.214036559189886],[-58.354651889299156,-19.215054149618201],[-58.355215988438822,-19.216075230798502],[-58.355773793251757,-19.217099764061384],[-58.356325282613341,-19.218127710606797],[-58.356870435638101,-19.219159031505299],[-58.357409231680549,-19.220193687699776],[-58.357941650335952,-19.221231640006735],[-58.358467671441034,-19.222272849117875],[-58.358987275074888,-19.223317275601552],[-58.359500441559575,-19.224364879904297],[-58.360007151460977,-19.225415622352251],[-58.360507385589472,-19.226469463152778],[-58.361001125000683,-19.227526362395803],[-58.361488350996204,-19.228586280055541],[-58.36196904512429,-19.22964917599182],[-58.362443189180588,-19.230715009951677],[-58.362910765208774,-19.231783741570933],[-58.363371755501255,-19.232855330375632],[-58.363826142599883,-19.233929735783633],[-58.364273909296543,-19.235006917106098],[-58.364715038633889,-19.236086833549109],[-58.365149513905884,-19.237169444215105],[-58.365577318658502,-19.238254708104563],[-58.365998436690354,-19.239342584117434],[-58.366412852053287,-19.240433031054746],[-58.366820549052974,-19.241526007620166],[-58.3672215122495,-19.242621472421604],[-58.367615726457991,-19.243719383972646],[-58.368003176749163,-19.244819700694318],[-58.368383848449881,-19.245922380916511],[-58.368757727143709,-19.24702738287959],[-58.369124798671507,-19.248134664736035],[-58.369485049131882,-19.249244184551955],[-58.369838464881809,-19.250355900308715],[-58.370185032537051,-19.251469769904524],[-58.370524738972762,-19.252585751156019],[-58.370857571323917,-19.253703801799844],[-58.371183516985795,-19.254823879494303],[-58.37150256361452,-19.255945941820915],[-58.371814699127484,-19.257069946286073],[-58.372119911703784,-19.258195850322554],[-58.372418189784732,-19.259323611291268],[-58.372709522074217,-19.26045318648276],[-58.372993897539196,-19.261584533118878],[-58.373271305410071,-19.262717608354365],[-58.373541735181142,-19.263852369278545],[-58.373805176610972,-19.264988772916865],[-58.374061619722745,-19.266126776232564],[-58.3743110548047,-19.267266336128326],[-58.374553472410504,-19.268407409447846],[-58.374788863359527,-19.269549952977531],[-58.375017218737305,-19.270693923448118],[-58.375238529895775,-19.271839277536277],[-58.375452788453643,-19.272985971866305],[-58.375659986296739,-19.274133963011717],[-58.375860115578291,-19.275283207496923],[-58.37605316871916,-19.276433661798901],[-58.376239138408266,-19.277585282348749],[-58.376418017602717,-19.278738025533482],[-58.376589799528212,-19.279891847697495],[-58.376754477679171,-19.281046705144426],[-58.376912045819068,-19.282202554138628],[-58.377062497980631,-19.283359350906963],[-58.377205828466124,-19.284517051640332],[-58.377342031847419,-19.285675612495467],[-58.377471102966403,-19.286834989596482],[-58.377593036935011,-19.28799513903661],[-58.377707829135467,-19.289156016879812],[-58.377815475220487,-19.29031757916248],[-58.377915971113396,-19.29147978189507],[-58.37800931300832,-19.292642581063784],[-58.37809549737031,-19.29380593263226],[-58.378174520935467,-19.294969792543196],[-58.378246380711104,-19.29613411672003],[-58.378311073975802,-19.297298861068651],[-58.378368598279579,-19.298463981478989],[-58.378418951443912,-19.299629433826791],[-58.378462131561868,-19.30079517397515],[-58.378498136998218,-19.301961157776361],[-58.378526966389359,-19.30312734107342],[-58.378548618643514,-19.304293679701779],[-58.378563092940681,-19.305460129491028],[-58.378570388732683,-19.30662664626654],[-58.378570505743269,-19.307793185851146],[-58.378563443967963,-19.308959704066798],[-58.378549203674233,-19.310126156736288],[-58.37852778540136,-19.311292499684864],[-58.378499189960458,-19.312458688741962],[-58.378463418434507,-19.313624679742819],[-58.378420472178171,-19.314790428530166],[-58.378370352817889,-19.315955890955909],[-58.378313062251728,-19.317121022882841],[-58.378248602649336,-19.318285780186226],[-58.378176976451861,-19.319450118755526],[-58.378098186371872,-19.320613994496071],[-58.378012235393214,-19.321777363330696],[-58.377919126770941,-19.322940181201471],[-58.377818864031184,-19.32410240407129],[-58.377711450970978,-19.325263987925613],[-58.377596891658165,-19.326424888774078],[-58.377475190431227,-19.327585062652208],[-58.377346351899121,-19.328744465623039],[-58.377210380941079,-19.3299030537788],[-58.377067282706463,-19.33106078324262],[-58.376917062614538,-19.33221761017009],[-58.376759726354308,-19.333373490751001],[-58.376595279884249,-19.334528381211012],[-58.376423729432112,-19.335682237813241],[-58.376245081494687,-19.336835016859965],[-58.376059342837543,-19.337986674694289],[-58.375866520494803,-19.339137167701772],[-58.375666621768858,-19.340286452312082],[-58.375459654230035,-19.341434485000637],[-58.375245625716431,-19.342581222290292],[-58.375024544333527,-19.343726620752943],[-58.374796418453876,-19.344870637011208],[-58.374561256716859,-19.34601322774002],[-58.374319068028257,-19.347154349668326],[-58.374069861560031,-19.348293959580673],[-58.373813646749873,-19.349432014318886],[-58.373550433300878,-19.350568470783688],[-58.373280231181234,-19.351703285936331],[-58.373003050623751,-19.352836416800205],[-58.372718902125548,-19.353967820462515],[-58.372427796447596,-19.355097454075857],[-58.372129744614377,-19.356225274859867],[-58.371824757913416,-19.35735124010283],[-58.371512847894856,-19.358475307163314],[-58.371194026371029,-19.359597433471748],[-58.370868305416074,-19.360717576532082],[-58.370535697365341,-19.361835693923378],[-58.370196214815039,-19.362951743301373],[-58.369849870621714,-19.364065682400209],[-58.369496677901772,-19.365177469033821],[-58.369136650030974,-19.366287061097779],[-58.368769800643946,-19.367394416570665],[-58.368396143633632,-19.368499493515852],[-58.368015693150809,-19.369602250082931],[-58.367628463603516,-19.370702644509414],[-58.367234469656545,-19.371800635122252],[-58.366833726230823,-19.372896180339424],[-58.366426248502918,-19.373989238671516],[-58.366012051904413,-19.375079768723353],[-58.365591152121382,-19.376167729195398],[-58.365163565093667,-19.377253078885534],[-58.364729307014485,-19.378335776690445],[-58.364288394329577,-19.379415781607303],[-58.363840843736781,-19.380493052735211],[-58.363386672185285,-19.381567549276813],[-58.362925896875019,-19.382639230539866],[-58.362458535255996,-19.383708055938708],[-58.361984605027693,-19.384773984995821],[-58.361504124138335,-19.385836977343434],[-58.361017110784189,-19.386896992724932],[-58.360523583408956,-19.387953990996468],[-58.36002356070302,-19.389007932128443],[-58.35951706160273,-19.390058776207049],[-58.359004105289742,-19.39110648343576],[-58.358484711190222,-19.392151014136839],[-58.35795889897414,-19.39319232875286],[-58.35742668855454,-19.394230387848189],[-58.356888100086771,-19.395265152110483],[-58.356343153967714,-19.396296582352164],[-58.355791870835034,-19.397324639511922],[-58.355234271566388,-19.398349284656216],[-58.354670377278595,-19.399370478980693],[-58.35410020932693,-19.400388183811678],[-58.353523789304226,-19.401402360607687],[-58.352941139040084,-19.402412970960786],[-58.352352280600044,-19.403419976598173],[-58.35175723628479,-19.40442333938352],[-58.351156028629255,-19.405423021318455],[-58.350548680401765,-19.406418984544029],[-58.3499352146032,-19.407411191342092],[-58.349315654466153,-19.408399604136786],[-58.34869002345399,-19.409384185495913],[-58.348058345259972,-19.410364898132379],[-58.347420643806416,-19.41134170490562],[-58.34677694324369,-19.412314568822961],[-58.346127267949392,-19.413283453041078],[-58.345471642527386,-19.414248320867344],[-58.344810091806885,-19.415209135761231],[-58.344142640841461,-19.416165861335713],[-58.34346931490817,-19.417118461358637],[-58.342790139506519,-19.418066899754066],[-58.342105140357582,-19.419011140603693],[-58.341414343402988,-19.419951148148147],[-58.340717774803892,-19.420886886788413],[-58.340015460940045,-19.421818321087102],[-58.339307428408802,-19.422745415769878],[-58.338593704024063,-19.423668135726711],[-58.337874314815281,-19.424586446013279],[-58.33714928802646,-19.425500311852243],[-58.336418651115096,-19.426409698634572],[-58.335682431751131,-19.427314571920867],[-58.33494065781597,-19.428214897442686],[-58.334193357401304,-19.429110641103769],[-58.333440558808192,-19.430001768981416],[-58.33268229054584,-19.430888247327708],[-58.331918581330648,-19.431770042570815],[-58.331149460085058,-19.432647121316251],[-58.330374955936456,-19.433519450348175],[-58.329595098216124,-19.4343869966306],[-58.32880991645802,-19.435249727308669],[-58.32801944039781,-19.436107609709904],[-58.327223699971597,-19.436960611345427],[-58.326422725314877,-19.437808699911212],[-58.325616546761374,-19.438651843289286],[-58.324805194841879,-19.439490009548955],[-58.32398870028311,-19.440323166948026],[-58.323167094006521,-19.441151283933987],[-58.322340407127221,-19.441974329145182],[-58.321508670952632,-19.442792271412113],[-58.320671916981446,-19.443605079758427],[-58.319830176902414,-19.44441272340228],[-58.318983482593055,-19.44521517175739],[-58.31813186611852,-19.446012394434224],[-58.317275359730424,-19.446804361241139],[-58.31641399586551,-19.447591042185589],[-58.315547807144497,-19.448372407475144],[-58.314676826370842,-19.449148427518715],[-58.313801086529438,-19.449919072927639],[-58.312920620785441,-19.450684314516806],[-58.312035462482996,-19.45144412330573],[-58.311145645143938,-19.452198470519701],[-58.310251202466524,-19.452947327590831],[-58.309352168324232,-19.453690666159112],[-58.308448576764384,-19.454428458073615],[-58.307540462006891,-19.455160675393365],[-58.306627858443001,-19.455887290388599],[-58.305710800633911,-19.45660827554164],[-58.304789323309521,-19.457323603548058],[-58.303863461367136,-19.458033247317676],[-58.302933249870044,-19.458737179975543],[-58.301998724046328,-19.459435374863027],[-58.301059919287397,-19.460127805538807],[-58.300116871146749,-19.460814445779807],[-58.299169615338592,-19.461495269582269],[-58.298218187736417,-19.462170251162725],[-58.297262624371761,-19.462839364958928],[-58.296302961432787,-19.463502585630867],[-58.295339235262901,-19.464159888061705],[-58.294371482359352,-19.464811247358725],[-58.293399739371964,-19.465456638854313],[-58.292424043101597,-19.466096038106826],[-58.291444430498863,-19.466729420901583],[-58.290460938662676,-19.467356763251729],[-58.289473604838875,-19.467978041399167],[-58.288482466418763,-19.468593231815486],[-58.287487560937784,-19.469202311202789],[-58.286488926073993,-19.469805256494624],[-58.285486599646717,-19.470402044856861],[-58.28448061961506,-19.470992653688501],[-58.283471024076491,-19.471577060622611],[-58.28245785126542,-19.472155243527091],[-58.281441139551731,-19.472727180505593],[-58.280420927439316,-19.473292849898264],[-58.279397253564639,-19.473852230282645],[-58.278370156695274,-19.474405300474437],[-58.277339675728385,-19.474952039528311],[-58.276305849689365,-19.4754924267387],[-58.275268717730221,-19.476026441640606],[-58.274228319128206,-19.47655406401034],[-58.27318469328425,-19.477075273866308],[-58.272137879721527,-19.477590051469779],[-58.271087918083929,-19.47809837732559],[-58.270034848134557,-19.478600232182927],[-58.268978709754215,-19.47909559703605],[-58.267919542939964,-19.479584453125007],[-58.266857387803498,-19.480066781936294],[-58.265792284569685,-19.480542565203635],[-58.264724273575112,-19.481011784908652],[-58.263653395266388,-19.481474423281522],[-58.262579690198798,-19.481930462801653],[-58.261503199034586,-19.482379886198363],[-58.260423962541601,-19.482822676451558],[-58.2593420215916,-19.483258816792297],[-58.258257417158774,-19.48368829070353],[-58.257170190318192,-19.484111081920613],[-58.256080382244235,-19.484527174432056],[-58.254988034209049,-19.484936552479994],[-58.253893187580921,-19.485339200560858],[-58.252795883822834,-19.48573510342597],[-58.251696164490774,-19.486124246082095],[-58.250594071232221,-19.486506613792002],[-58.249489645784557,-19.486882192075033],[-58.248382929973509,-19.487250966707673],[-58.247273965711479,-19.48761292372404],[-58.24616279499611,-19.487968049416455],[-58.245049459908529,-19.488316330335966],[-58.24393400261188,-19.488657753292816],[-58.242816465349648,-19.48899230535698],[-58.241696890444068,-19.489319973858613],[-58.240575320294631,-19.489640746388599],[-58.239451797376283,-19.489954610798932],[-58.238326364237984,-19.490261555203283],[-58.237199063501045,-19.490561567977341],[-58.236069937857451,-19.490854637759316],[-58.234939030068347,-19.491140753450367],[-58.233806382962349,-19.491419904214997],[-58.232672039433936,-19.491692079481489],[-58.231536042441867,-19.491957268942297],[-58.23039843500748,-19.49221546255442],[-58.229259260213112,-19.492466650539793],[-58.228118561200453,-19.492710823385714],[-58.22697638116896,-19.492947971845059],[-58.225832763374122,-19.493178086936812],[-58.224687751125899,-19.493401159946274],[-58.22354138778708,-19.493617182425446],[-58.222393716771556,-19.493826146193332],[-58.221244781542843,-19.494028043336264],[-58.220094625612234,-19.494222866208194],[-58.218943292537325,-19.494410607430989],[-58.217790825920247,-19.494591259894708],[-58.216637269406071,-19.49476481675784],[-58.215482666681169,-19.494931271447612],[-58.214327061471487,-19.495090617660217],[-58.213170497540958,-19.495242849361077],[-58.212013018689845,-19.495387960784999],[-58.210854668753043,-19.495525946436469],[-58.20969549159841,-19.49565680108984],[-58.208535531125165,-19.49578051978952],[-58.207374831262193,-19.495897097850143],[-58.206213435966355,-19.496006530856771],[-58.205051389220877,-19.496108814665089],[-58.203888735033637,-19.496203945401508],[-58.20272551743551,-19.496291919463307],[-58.201561780478748,-19.496372733518836],[-58.200397568235211,-19.496446384507582],[-58.199232924794828,-19.496512869640302],[-58.198067894263779,-19.496572186399149],[-58.196902520762997,-19.496624332537724],[-58.195736848426307,-19.496669306081209],[-58.194570921398928,-19.496707105326401],[-58.193404783835668,-19.496737728841818],[-58.192238479899352,-19.496761175467711],[-58.191072053759093,-19.496777444316127],[-58.189905549588616,-19.496786534770951],[-58.188739011564607,-19.496788446487926],[-58.187572483865033,-19.496783179394651],[-58.186406010667497,-19.496770733690578],[-58.185239636147493,-19.496751109847064],[-58.184073404476827,-19.496724308607263],[-58.182907359821861,-19.496690330986187],[-58.181741546341875,-19.49664917827058],[-58.180576008187401,-19.49660085201895],[-58.179410789498554,-19.49654535406146],[-58.178245934403343,-19.496482686499871],[-58.17708148701599,-19.496412851707472],[-58.175917491435307,-19.496335852328965],[-58.174753991743003,-19.496251691280403],[-58.173591032001937,-19.496160371749053],[-58.172428656254603,-19.496061897193265],[-58.171266908521332,-19.49595627134239],[-58.17010583279869,-19.495843498196571],[-58.168945473057782,-19.495723582026635],[-58.167785873242615,-19.495596527373941],[-58.166627077268387,-19.495462339050182],[-58.165469129019876,-19.49532102213719],[-58.164312072349752,-19.49517258198679],[-58.163155951076931,-19.495017024220552],[-58.162000808984871,-19.494854354729611],[-58.160846689819991,-19.494684579674427],[-58.159693637289919,-19.494507705484537],[-58.158541695061949,-19.494323738858377],[-58.157390906761286,-19.494132686762907],[-58.156241315969432,-19.493934556433494],[-58.155092966222583,-19.493729355373532],[-58.15394590100987,-19.493517091354175],[-58.152800163771822,-19.493297772414095],[-58.15165579789867,-19.493071406859112],[-58.150512846728702,-19.492838003261905],[-58.149371353546627,-19.492597570461722],[-58.148231361581956,-19.492350117564005],[-58.14709291400731,-19.492095653940016],[-58.145956053936871,-19.491834189226569],[-58.144820824424677,-19.491565733325594],[-58.143687268463019,-19.491290296403786],[-58.142555428980785,-19.491007888892209],[-58.141425348841899,-19.490718521485942],[-58.140297070843623,-19.490422205143595],[-58.139170637714997,-19.490118951086991],[-58.138046092115168,-19.489808770800661],[-58.136923476631807,-19.489491676031431],[-58.135802833779536,-19.489167678788014],[-58.13468420599817,-19.488836791340503],[-58.133567635651339,-19.488499026219962],[-58.132453165024636,-19.488154396217858],[-58.131340836324199,-19.487802914385725],[-58.130230691675052,-19.487444594034496],[-58.129122773119498,-19.487079448734136],[-58.128017122615518,-19.486707492313073],[-58.12691378203521,-19.486328738857665],[-58.125812793163206,-19.485943202711699],[-58.124714197695056,-19.485550898475804],[-58.123618037235701,-19.485151841006942],[-58.12252435329782,-19.484746045417822],[-58.121433187300333,-19.484333527076334],[-58.120344580566822,-19.483914301604955],[-58.119258574323879,-19.4834883848802],[-58.118175209699686,-19.483055793031948],[-58.117094527722358,-19.482616542442877],[-58.11601656931839,-19.482170649747875],[-58.114941375311183,-19.481718131833343],[-58.113868986419405,-19.481259005836584],[-58.11279944325549,-19.480793289145169],[-58.111732786324147,-19.480320999396255],[-58.110669056020718,-19.479842154475921],[-58.10960829262978,-19.479356772518535],[-58.108550536323506,-19.478864871905973],[-58.107495827160164,-19.478366471267027],[-58.106444205082681,-19.477861589476618],[-58.105395709917055,-19.477350245655149],[-58.104350381370821,-19.476832459167703],[-58.103308259031664,-19.476308249623401],[-58.10226938236579,-19.475777636874557],[-58.101233790716506,-19.47524064101605],[-58.100201523302708,-19.474697282384422],[-58.099172619217441,-19.47414758155724],[-58.098147117426294,-19.473591559352194],[-58.097125056766089,-19.473029236826445],[-58.096106475943259,-19.472460635275681],[-58.095091413532543,-19.471885776233449],[-58.094079907975335,-19.471304681470215],[-58.09307199757837,-19.470717372992638],[-58.092067720512254,-19.470123873042674],[-58.091067114809967,-19.469524204096782],[-58.090070218365454,-19.468918388865006],[-58.089077068932198,-19.4683064502902],[-58.088087704121762,-19.467688411547091],[-58.087102161402392,-19.467064296041425],[-58.08612047809757,-19.46643412740908],[-58.085142691384668,-19.465797929515197],[-58.084168838293422,-19.465155726453229],[-58.083198955704646,-19.464507542544041],[-58.082233080348786,-19.463853402335012],[-58.081271248804498,-19.463193330599108],[-58.080313497497329,-19.462527352333904],[-58.079359862698283,-19.461855492760662],[-58.078410380522449,-19.461177777323389],[-58.077465086927702,-19.460494231687857],[-58.076524017713254,-19.459804881740627],[-58.075587208518357,-19.45910975358807],[-58.0746546948209,-19.458408873555406],[-58.073726511936151,-19.457702268185653],[-58.072802695015305,-19.456989964238669],[-58.071883279044251,-19.45627198869013],[-58.070968298842196,-19.455548368730504],[-58.070057789060357,-19.454819131764001],[-58.069151784180697,-19.454084305407552],[-58.068250318514472,-19.453343917489789],[-58.067353426201166,-19.452597996049942],[-58.066461141206936,-19.451846569336801],[-58.065573497323555,-19.451089665807675],[-58.064690528166963,-19.45032731412725],[-58.063812267176118,-19.449559543166547],[-58.062938747611646,-19.448786382001838],[-58.062070002554613,-19.448007859913528],[-58.061206064905257,-19.447224006385014],[-58.060346967381797,-19.446434851101628],[-58.05949274251909,-19.445640423949481],[-58.058643422667529,-19.444840755014326],[-58.057799039991686,-19.444035874580429],[-58.056959626469201,-19.443225813129434],[-58.056125213889501,-19.44241060133918],[-58.055295833852632,-19.441590270082568],[-58.054471517768079,-19.440764850426351],[-58.053652296853485,-19.439934373630038],[-58.0528382021336,-19.439098871144594],[-58.052029264439007,-19.438258374611351],[-58.051225514404983,-19.437412915860769],[-58.050426982470384,-19.436562526911214],[-58.04963369887637,-19.435707239967773],[-58.048845693665442,-19.434847087421044],[-58.048062996680116,-19.433982101845839],[-58.047285637561949,-19.43311231600007],[-58.046513645750274,-19.432237762823384],[-58.045747050481232,-19.431358475435996],[-58.044985880786562,-19.43047448713742],[-58.044230165492515,-19.429585831405173],[-58.043479933218791,-19.428692541893529],[-58.042735212377458,-19.427794652432301],[-58.04199603117182,-19.426892197025445],[-58.041262417595433,-19.425985209849848],[-58.040534399430989,-19.425073725254062],[-58.039812004249278,-19.4241577777569],[-58.039095259408114,-19.42323740204623],[-58.038384192051346,-19.422312632977615],[-58.037678829107826,-19.421383505572994],[-58.036979197290357,-19.420450055019337],[-58.036285323094695,-19.419512316667387],[-58.035597232798573,-19.418570326030217],[-58.034914952460639,-19.41762411878199],[-58.034238507919575,-19.416673730756511],[-58.03356792479299,-19.415719197945936],[-58.032903228476549,-19.414760556499395],[-58.032244444142982,-19.413797842721593],[-58.031591596741094,-19.412831093071482],[-58.030944710994902,-19.411860344160846],[-58.030303811402604,-19.410885632752937],[-58.029668922235736,-19.409906995761034],[-58.029040067538176,-19.40892447024714],[-58.028417271125264,-19.407938093420459],[-58.027800556582982,-19.406947902636091],[-58.027189947266884,-19.405953935393551],[-58.026585466301384,-19.404956229335397],[-58.025987136578792,-19.403954822245758],[-58.025394980758449,-19.402949752048929],[-58.024809021265888,-19.401941056807939],[-58.024229280291983,-19.400928774723088],[-58.023655779792129,-19.39991294413052],[-58.023088541485365,-19.39889360350077],[-58.022527586853556,-19.397870791437295],[-58.021972937140646,-19.396844546675027],[-58.021424613351776,-19.395814908078883],[-58.020882636252502,-19.394781914642312],[-58.020347026368057,-19.393745605485822],[-58.019817803982541,-19.392706019855488],[-58.019294989138125,-19.391663197121481],[-58.018778601634338,-19.390617176776519],[-58.018268661027285,-19.389567998434476],[-58.017765186628949,-19.388515701828791],[-58.017268197506404,-19.387460326810992],[-58.016777712481137,-19.386401913349193],[-58.016293750128312,-19.385340501526588],[-58.015816328776062,-19.384276131539906],[-58.015345466504826,-19.383208843697933],[-58.014881181146613,-19.382138678419913],[-58.0144234902844,-19.381065676234094],[-58.013972411251395,-19.379989877776147],[-58.013527961130414,-19.378911323787662],[-58.013090156753229,-19.377830055114558],[-58.012659014699949,-19.376746112705561],[-58.012234551298334,-19.375659537610673],[-58.011816782623271,-19.374570370979583],[-58.011405724496072,-19.373478654060154],[-58.011001392483898,-19.372384428196792],[-58.010603801899244,-19.371287734828933],[-58.010212967799241,-19.370188615489454],[-58.009828904985191,-19.369087111803122],[-58.009451628001926,-19.367983265485012],[-58.009081151137323,-19.366877118338873],[-58.008717488421695,-19.365768712255615],[-58.008360653627342,-19.364658089211719],[-58.008010660267921,-19.363545291267563],[-58.007667521598059,-19.362430360565963],[-58.007331250612772,-19.361313339330451],[-58.007001860046948,-19.360194269863769],[-58.006679362374975,-19.359073194546191],[-58.006363769810143,-19.357950155833954],[-58.006055094304273,-19.356825196257706],[-58.00575334754722,-19.355698358420785],[-58.00545854096643,-19.354569684997664],[-58.005170685726526,-19.353439218732365],[-58.004889792728875,-19.352307002436778],[-58.004615872611204,-19.351173078989078],[-58.004348935747096,-19.350037491332081],[-58.004088992245762,-19.348900282471657],[-58.003836051951502,-19.347761495475037],[-58.003590124443427,-19.346621173469241],[-58.003351219035068,-19.34547935963942],[-58.003119344773992,-19.344336097227202],[-58.002894510441529,-19.343191429529096],[-58.002676724552394,-19.342045399894829],[-58.002465995354342,-19.340898051725709],[-58.002262330827897,-19.339749428472945],[-58.002065738686042,-19.338599573636063],[-58.001876226373909,-19.337448530761247],[-58.001693801068555,-19.336296343439628],[-58.001518469678579,-19.335143055305721],[-58.001350238843983,-19.333988710035712],[-58.001189114935805,-19.332833351345794],[-58.001035104056008,-19.331677022990604],[-58.000888212037104,-19.330519768761445],[-58.000748444442074,-19.329361632484698],[-58.000615806564028,-19.328202658020174],[-58.000490303426119,-19.327042889259381],[-58.000371939781274,-19.325882370123949],[-58.000260720112031,-19.324721144563906],[-58.000156648630401,-19.323559256556038],[-58.000059729277673,-19.322396750102207],[-57.999969965724297,-19.32123366922772],[-57.99988736136968,-19.32007005797961],[-57.999811919342136,-19.31890596042502],[-57.999743642498771,-19.317741420649497],[-57.999682533425243,-19.316576482755323],[-57.999628594435855,-19.315411190859901],[-57.999581827573323,-19.314245589093993],[-57.999542234608732,-19.313079721600115],[-57.99950981704152,-19.31191363253085],[-57.999484576099391,-19.310747366047156],[-57.999466512738216,-19.309580966316741],[-57.999455627642114,-19.308414477512343],[-57.999451921223262,-19.307247943810047],[-57.999455393622064,-19.30608140938768],[-57.999466044706999,-19.304914918423073],[-57.999483874074706,-19.303748515092419],[-57.999508881049977,-19.30258224356858],[-57.999541064685751,-19.301416148019445],[-57.99958042376322,-19.300250272606227],[-57.999626956791815,-19.299084661481803],[-57.999680662009261,-19.297919358789041],[-57.999741537381723,-19.296754408659147],[-57.999809580603767,-19.295589855209933],[-57.999884789098523,-19.294425742544242],[-57.999967160017775,-19.29326211474817],[-58.000056690242076,-19.292099015889491],[-58.000153376380787,-19.290936490015927],[-58.000257214772326,-19.289774581153505],[-58.000368201484228,-19.288613333304895],[-58.000486332313329,-19.287452790447723],[-58.000611602785867,-19.286292996532907],[-58.000744008157739,-19.285133995483033],[-58.000883543414609,-19.283975831190613],[-58.001030203272158,-19.282818547516527],[-58.001183982176201,-19.281662188288266],[-58.00134487430298,-19.280506797298312],[-58.001512873559371,-19.279352418302498],[-58.00168797358306,-19.278199095018323],[-58.00187016774283,-19.277046871123297],[-58.002059449138798,-19.275895790253301],[-58.002255810602705,-19.27474589600093],[-58.002459244698116,-19.273597231913854],[-58.002669743720801,-19.272449841493128],[-58.002887299698955,-19.271303768191594],[-58.003111904393485,-19.270159055412186],[-58.003343549298414,-19.269015746506359],[-58.00358222564109,-19.267873884772357],[-58.003827924382591,-19.266733513453655],[-58.004080636218099,-19.265594675737237],[-58.004340351577142,-19.264457414752055],[-58.004607060624018,-19.263321773567327],[-58.00488075325822,-19.262187795190957],[-58.005161419114707,-19.261055522567808],[-58.00544904756439,-19.25992499857821],[-58.005743627714494,-19.258796266036242],[-58.006045148408944,-19.257669367688141],[-58.006353598228877,-19.256544346210699],[-58.00666896549297,-19.255421244209611],[-58.00699123825796,-19.254300104217872],[-58.007320404319053,-19.253180968694199],[-58.007656451210366,-19.252063880021375],[-58.00799936620551,-19.25094888050468],[-58.008349136317918,-19.249836012370263],[-58.008705748301452,-19.248725317763565],[-58.009069188650848,-19.247616838747728],[-58.009439443602268,-19.246510617301968],[-58.009816499133763,-19.245406695319993],[-58.010200340965874,-19.244305114608448],[-58.01059095456214,-19.243205916885316],[-58.010988325129595,-19.242109143778311],[-58.011392437619428,-19.241014836823346],[-58.011803276727498,-19.239923037462919],[-58.012220826894911,-19.238833787044605],[-58.012645072308608,-19.237747126819386],[-58.013075996902003,-19.236663097940184],[-58.013513584355543,-19.235581741460283],[-58.013957818097339,-19.234503098331729],[-58.01440868130382,-19.233427209403835],[-58.014866156900361,-19.232354115421604],[-58.015330227561854,-19.231283857024174],[-58.015800875713502,-19.230216474743322],[-58.016278083531382,-19.229152009001897],[-58.01676183294316,-19.228090500112284],[-58.017252105628742,-19.227031988274891],[-58.017748883021014,-19.22597651357664],[-58.018252146306509,-19.224924115989417],[-58.018761876426147,-19.223874835368573],[-58.019278054075926,-19.222828711451445],[-58.019800659707691,-19.22178578385579],[-58.020329673529822,-19.220746092078336],[-58.020865075508048,-19.219709675493245],[-58.02140684536613,-19.218676573350674],[-58.02195496258674,-19.217646824775237],[-58.022509406412077,-19.216620468764553],[-58.02307015584482,-19.215597544187773],[-58.023637189648809,-19.214578089784052],[-58.024210486349922,-19.213562144161177],[-58.024790024236822,-19.212549745794057],[-58.025375781361817,-19.211540933023201],[-58.025967735541698,-19.210535744053384],[-58.026565864358581,-19.209534216952125],[-58.027170145160689,-19.208536389648266],[-58.027780555063323,-19.207542299930534],[-58.028397070949637,-19.206551985446129],[-58.029019669471559,-19.205565483699225],[-58.029648327050644,-19.204582832049667],[-58.030283019879001,-19.203604067711453],[-58.030923723920175,-19.20262922775138],[-58.031570414910043,-19.201658349087616],[-58.032223068357766,-19.200691468488323],[-58.032881659546725,-19.199728622570252],[-58.03354616353537,-19.19876984779733],[-58.034216555158295,-19.197815180479338],[-58.034892809027077,-19.19686465677049],[-58.035574899531298,-19.195918312668073],[-58.036262800839516,-19.194976184011097],[-58.036956486900188,-19.194038306478934],[-58.037655931442757,-19.193104715589946],[-58.038361107978517,-19.192175446700151],[-58.039071989801755,-19.191250535001927],[-58.039788549990625,-19.190330015522591],[-58.040510761408299,-19.189413923123155],[-58.041238596703892,-19.188502292496942],[-58.041972028313531,-19.187595158168364],[-58.042711028461433,-19.186692554491469],[-58.043455569160905,-19.185794515648809],[-58.044205622215472,-19.184901075649996],[-58.044961159219838,-19.184012268330513],[-58.045722151561058,-19.183128127350404],[-58.046488570419591,-19.182248686192953],[-58.047260386770368,-19.181373978163499],[-58.048037571383936,-19.180504036388118],[-58.048820094827541,-19.179638893812381],[-58.049607927466205,-19.178778583200124],[-58.050401039463928,-19.177923137132151],[-58.051199400784746,-19.177072588005096],[-58.052002981193922,-19.176226968030093],[-58.052811750259046,-19.175386309231637],[-58.053625677351214,-19.174550643446313],[-58.0544447316462,-19.173720002321648],[-58.055268882125574,-19.172894417314836],[-58.05609809757793,-19.172073919691631],[-58.056932346600064,-19.171258540525098],[-58.057771597598084,-19.170448310694475],[-58.058615818788738,-19.16964326088398],[-58.059464978200516,-19.168843421581663],[-58.060319043674873,-19.168048823078244],[-58.061177982867484,-19.167259495465977],[-58.062041763249489,-19.166475468637486],[-58.062910352108645,-19.165696772284662],[-58.063783716550581,-19.164923435897524],[-58.064661823500145,-19.164155488763104],[-58.065544639702509,-19.16339295996433],[-58.066432131724554,-19.162635878378939],[-58.067324265956039,-19.161884272678371],[-58.068221008610969,-19.161138171326705],[-58.069122325728777,-19.160397602579543],[-58.070028183175673,-19.159662594482967],[-58.07093854664592,-19.15893317487248],[-58.071853381663153,-19.158209371371949],[-58.072772653581616,-19.157491211392536],[-58.073696327587577,-19.156778722131673],[-58.074624368700547,-19.156071930572065],[-58.075556741774712,-19.155370863480602],[-58.076493411500124,-19.154675547407415],[-58.07743434240416,-19.153986008684839],[-58.078379498852826,-19.153302273426384],[-58.07932884505211,-19.152624367525792],[-58.080282345049277,-19.151952316656047],[-58.081239962734351,-19.151286146268404],[-58.08220166184136,-19.150625881591395],[-58.083167405949794,-19.149971547629931],[-58.084137158485952,-19.149323169164273],[-58.085110882724344,-19.148680770749181],[-58.086088541789017,-19.148044376712921],[-58.087070098655062,-19.1474140111564],[-58.088055516149907,-19.146789697952176],[-58.089044756954827,-19.146171460743634],[-58.090037783606242,-19.145559322944035],[-58.091034558497235,-19.144953307735651],[-58.092035043878965,-19.144353438068904],[-58.093039201861998,-19.143759736661448],[-58.094046994417894,-19.143172225997361],[-58.095058383380511,-19.142590928326268],[-58.096073330447538,-19.142015865662501],[-58.097091797181896,-19.141447059784248],[-58.098113745013237,-19.140884532232779],[-58.099139135239341,-19.140328304311574],[-58.100167929027656,-19.13977839708555],[-58.101200087416728,-19.139234831380232],[-58.102235571317678,-19.138697627781031],[-58.103274341515679,-19.138166806632352],[-58.104316358671461,-19.137642388036973],[-58.105361583322775,-19.13712439185511],[-58.106409975885903,-19.136612837703836],[-58.107461496657173,-19.136107744956202],[-58.108516105814431,-19.135609132740591],[-58.109573763418553,-19.135117019939948],[-58.110634429414993,-19.134631425191081],[-58.111698063635245,-19.134152366883956],[-58.11276462579842,-19.133679863160996],[-58.11383407551272,-19.13321393191638],[-58.114906372277026,-19.132754590795425],[-58.11598147548235,-19.132301857193809],[-58.117059344413448,-19.131855748257017],[-58.118139938250351,-19.13141628087967],[-58.119223216069877,-19.130983471704809],[-58.120309136847219,-19.130557337123374],[-58.121397659457429,-19.13013789327352],[-58.122488742677064,-19.129725156039985],[-58.123582345185717,-19.12931914105355],[-58.124678425567524,-19.12891986369042],[-58.125776942312861,-19.128527339071638],[-58.126877853819764,-19.128141582062501],[-58.127981118395589,-19.127762607272],[-58.129086694258632,-19.127390429052319],[-58.130194539539573,-19.127025061498205],[-58.131304612283238,-19.126666518446505],[-58.132416870450015,-19.126314813475606],[-58.133531271917583,-19.125969959904925],[-58.134647774482431,-19.125631970794426],[-58.135766335861469,-19.125300858944083],[-58.136886913693665,-19.124976636893447],[-58.1380094655416,-19.124659316921132],[-58.139133948893083,-19.124348911044354],[-58.140260321162835,-19.124045431018516],[-58.141388539693963,-19.123748888336696],[-58.142518561759708,-19.123459294229281],[-58.143650344564996,-19.123176659663475],[-58.144783845248071,-19.122900995342949],[-58.145919020882097,-19.122632311707385],[-58.147055828476852,-19.122370618932099],[-58.148194224980266,-19.122115926927663],[-58.149334167280138,-19.121868245339524],[-58.150475612205675,-19.121627583547617],[-58.151618516529226,-19.121393950666072],[-58.152762836967838,-19.121167355542795],[-58.153908530184943,-19.120947806759155],[-58.155055552791993,-19.120735312629705],[-58.156203861350079,-19.120529881201808],[-58.15735341237157,-19.120331520255363],[-58.158504162321854,-19.120140237302483],[-58.159656067620837,-19.119956039587255],[-58.160809084644711,-19.119778934085442],[-58.161963169727571,-19.119608927504192],[-58.163118279163029,-19.119446026281853],[-58.16427436920592,-19.119290236587624],[-58.165431396073984,-19.119141564321438],[-58.166589315949409,-19.119000015113663],[-58.167748084980609,-19.118865594324905],[-58.168907659283846,-19.118738307045817],[-58.170067994944844,-19.118618158096897],[-58.171229048020528,-19.118505152028309],[-58.172390774540681,-19.118399293119708],[-58.173553130509504,-19.118300585380069],[-58.174716071907419,-19.118209032547558],[-58.175879554692649,-19.118124638089391],[-58.177043534802962,-19.118047405201644],[-58.178207968157224,-19.117977336809204],[-58.179372810657163,-19.117914435565652],[-58.18053801818904,-19.117858703853116],[-58.181703546625265,-19.117810143782215],[-58.182869351826092,-19.117768757191953],[-58.184035389641302,-19.117734545649689],[-58.185201615911872,-19.117707510451059],[-58.186367986471623,-19.1176876526199],[-58.187534457148935,-19.117674972908247],[-58.188700983768392,-19.117669471796319],[-58.18986752215244,-19.117671149492402],[-58.191034028123099,-19.117680005933007],[-58.19220045750361,-19.1176960407827],[-58.193366766120114,-19.117719253434249],[-58.194532909803328,-19.117749643008548]]]},"properties":{"FID":7,"Categoria":"Avistamiento"}}]
}