{
  "type" : "FeatureCollection",
  "features" : [{"type":"Feature","id":0,"geometry":{"type":"MultiPolygon","coordinates":[[[[-62.829874996882978,-19.546130552719582],[-62.847186109966074,-19.546130563741141],[-62.873529142672332,-19.54619637065867],[-62.899872219995309,-19.546258336125387],[-62.899957752254664,-19.546250774245927],[-62.899705184173477,-19.588685299121941],[-62.899673383529752,-19.594025822303713],[-62.925373274203601,-19.592968608348546],[-62.951072842098405,-19.591907729618057],[-62.952281938021734,-19.637628867928662],[-62.927052264843248,-19.637766284612628],[-62.927501823014076,-19.617912038610431],[-62.907845452953687,-19.617762824823433],[-62.888189129109698,-19.61761146577129],[-62.868532854068057,-19.617457961509952],[-62.84887663041463,-19.617302312096523],[-62.829813717741494,-19.617050235396476],[-62.829832685836358,-19.589404082068548],[-62.829832699956683,-19.589385197312346],[-62.829874996882978,-19.546130552719582]]],[[[-63.000389583960967,-19.486637785904311],[-63.019215650588031,-19.487087642134231],[-63.038041819123983,-19.487535541246586],[-63.056868087303492,-19.48798148309638],[-63.075694452861129,-19.488425467539638],[-63.076526377075631,-19.514639523525446],[-63.044502293685561,-19.514097663156296],[-63.012478412376815,-19.513550133070723],[-62.998840615762134,-19.513340101910288],[-62.998840644529231,-19.513315593080424],[-62.998842893121164,-19.513276868781698],[-63.000389583960967,-19.486637785904311]]],[[[-63.000389583960967,-19.486637785904311],[-62.970993014541428,-19.489396577599052],[-62.941595456810511,-19.492150594938781],[-62.94107987692847,-19.512346795643342],[-62.919956226078249,-19.512043094727193],[-62.922243464941417,-19.428915383679314],[-62.932594373443088,-19.428962285910085],[-62.943206479297487,-19.429009755364628],[-62.943207336625896,-19.429009755632805],[-62.944880954140743,-19.429015711866452],[-62.946223652120672,-19.429022847286813],[-62.950223060330373,-19.429057913707016],[-62.956564671267074,-19.429068714419856],[-62.966232157497188,-19.429128725807271],[-62.98043533272304,-19.429130811891643],[-63.00360473373469,-19.429418537416307],[-63.001597109418427,-19.465152492792193],[-63.000389583960967,-19.486637785904311]]],[[[-62.864733460756064,-19.391716790974527],[-62.884701408348228,-19.392195341779317],[-62.904669484913363,-19.392671700550821],[-62.924637687751201,-19.39314586711242],[-62.944606014161302,-19.393617841288751],[-62.97523259629029,-19.392957467707891],[-63.00585893674851,-19.392291935609734],[-63.003673455001987,-19.429058328810743],[-63.003654889064805,-19.429058329185438],[-63.003613013276194,-19.429057119030336],[-62.980437852726773,-19.428769321648176],[-62.966233432454793,-19.42876723556201],[-62.956566253385276,-19.428707224345818],[-62.955058739774579,-19.428704670437423],[-62.955149618534321,-19.415191166542225],[-62.923501088102029,-19.414891177742579],[-62.92337037022704,-19.428559017665336],[-62.922245065823873,-19.428553894085812],[-62.922243951300565,-19.428553893608509],[-62.920004786745295,-19.428556092932439],[-62.918066621142941,-19.428536557672984],[-62.917419545492486,-19.428545193324737],[-62.916696549331228,-19.428534153894876],[-62.915808303892021,-19.428532144588537],[-62.912488207206977,-19.428511939863021],[-62.911452150932355,-19.428507461144001],[-62.906753669186429,-19.428483771952337],[-62.885538866959969,-19.428376682739966],[-62.885111070600288,-19.42837830133049],[-62.884735824510265,-19.428371656086625],[-62.873307549811578,-19.428314571391834],[-62.872600058165638,-19.428277538750329],[-62.87242036049831,-19.428281000358208],[-62.872414606895312,-19.428281014389729],[-62.864733460756064,-19.391716790974527]]],[[[-63.193324311649526,-19.164795535884593],[-63.204718466563278,-19.151783986522926],[-63.230821249718971,-19.154602291085929],[-63.250586489062925,-19.161616835723848],[-63.270353376849656,-19.168629229062383],[-63.270084893720366,-19.170062726356587],[-63.250894327024604,-19.168748942034473],[-63.231704039540851,-19.167433148555375],[-63.21251403362924,-19.166115346358616],[-63.193324311649526,-19.164795535884593]]],[[[-63.214948762026481,-19.140099172418495],[-63.216221424371021,-19.131148555677747],[-63.230296895680482,-19.133050520845767],[-63.230402129371122,-19.133064731557184],[-63.243444356235798,-19.134826057148505],[-63.243614759402107,-19.134849066886609],[-63.274609037780891,-19.139030894397969],[-63.278708844470216,-19.13958363874174],[-63.278219749989248,-19.141564918019579],[-63.277193894766924,-19.147382176644548],[-63.277016632985585,-19.14847764366176],[-63.245981946241983,-19.144291037308573],[-63.214948762026481,-19.140099172418495]]],[[[-63.283408686609157,-19.084677967292166],[-63.255146969776007,-19.080439459862301],[-63.226886636962398,-19.076196601276205],[-63.223639112021907,-19.075708753934663],[-63.241990223654142,-19.067928607465905],[-63.261445906066328,-19.068739570641565],[-63.280901750443029,-19.069548479235735],[-63.28391823720338,-19.082633430127391],[-63.284424730630498,-19.084830265887891],[-63.283408686609157,-19.084677967292166]]],[[[-63.048442739679793,-19.05186044463337],[-63.045480765578468,-19.031870348235369],[-63.077012741823665,-19.033206292148652],[-63.10854520035786,-19.034536852012877],[-63.10837908262009,-19.035525853413102],[-63.107960438928608,-19.038018239688366],[-63.107766527077985,-19.039458962854603],[-63.104933533588067,-19.053533976554299],[-63.104725826542641,-19.054565822118935],[-63.07658406330755,-19.053215279601087],[-63.048442739679793,-19.05186044463337]]],[[[-62.599525131224233,-18.992886032972496],[-62.599497675010248,-18.994935953449403],[-62.599045815211888,-19.028663318262218],[-62.599044978461656,-19.028725720262592],[-62.58728184751137,-19.02850022742766],[-62.586438664599555,-18.994764906772858],[-62.586390072650381,-18.992820351844049],[-62.599525131224233,-18.992886032972496]]],[[[-63.002270862308706,-18.979827264494926],[-63.002317513805927,-18.979728635435812],[-63.002446865294544,-18.979584174179958],[-63.002569027774364,-18.979494367554022],[-63.007409262345831,-18.977332058869155],[-63.019258926270382,-18.972077961681979],[-63.019966267192778,-18.97176429442548],[-63.026612700635482,-18.968774839510598],[-63.026749663922132,-18.969492992786311],[-63.028607198587842,-18.979232194398595],[-63.012766960099761,-18.979705595692067],[-63.012766152597713,-18.979705620149542],[-63.002229769539689,-18.980019749141213],[-63.002270862308706,-18.979827264494926]]],[[[-63.110812442636352,-19.000910015107277],[-63.075738834500058,-19.000546059893274],[-63.040665354749187,-19.000175454939964],[-63.040463730950329,-18.999166617013898],[-63.039976434445883,-18.996064106874037],[-63.039463450847414,-18.992687804815159],[-63.038745262332462,-18.987756049111418],[-63.038057306604237,-18.982947429432233],[-63.037235038272506,-18.976983389872135],[-63.036675340799327,-18.972675696560273],[-63.036080240638405,-18.968404114794939],[-63.035757236480464,-18.966003951523714],[-63.035603956738981,-18.964864942051562],[-63.035443982659217,-18.96382251699071],[-63.070742000371247,-18.963496192296187],[-63.106039855181095,-18.963163144635523],[-63.114480777695299,-18.963118645737723],[-63.113928131784185,-18.968404726082564],[-63.11317011659947,-18.977454185144964],[-63.112417003450716,-18.986296973056835],[-63.111847911676492,-18.992361804338181],[-63.111637830540282,-18.995668712758356],[-63.111558260467319,-18.996976760075679],[-63.111402470924794,-18.998021220517099],[-63.111004378894407,-19.000912746910227],[-63.110812442636352,-19.000910015107277]]],[[[-62.990115159631387,-18.962374591563009],[-62.999599416728721,-18.961631764133283],[-63.024860185930841,-18.959585104360261],[-63.0263264372851,-18.967273816050465],[-63.026577647121648,-18.968591035481719],[-63.02010889095277,-18.971500226846],[-63.01988553637154,-18.971600669891707],[-63.007328752935756,-18.977168334050603],[-63.002478819741256,-18.979334974378808],[-63.002471697624543,-18.979338513639682],[-63.002461110895368,-18.979345268562177],[-63.002322866027882,-18.979446897543902],[-63.002319888749554,-18.979449178698196],[-63.002308636108353,-18.979459805373427],[-63.002163880502977,-18.979621471795745],[-63.002154154529656,-18.97963463261625],[-63.002149794114196,-18.979642734066331],[-63.002093240903292,-18.979762296330058],[-63.002090602816587,-18.979768472727866],[-63.002086774457396,-18.979781393074965],[-63.002034647794233,-18.980025561728702],[-62.991549705501455,-18.980337552375346],[-62.990115159631387,-18.962374591563009]]],[[[-62.811935903108669,-18.95944899248606],[-62.817274920859681,-18.997699602523713],[-62.796732209139677,-18.996900157301432],[-62.794790595526877,-18.996824478524896],[-62.794953315661751,-18.966764867173062],[-62.769844600929225,-18.966784914891761],[-62.769118305999726,-18.996207811057197],[-62.738850026019378,-18.995127728273925],[-62.703358162915009,-18.994990103062182],[-62.678625274764009,-18.994890172687843],[-62.653892470484408,-18.99478693708247],[-62.653771063185744,-18.994786422578962],[-62.653777452608637,-18.992790633787344],[-62.653847187092694,-18.989911841173001],[-62.653930139701771,-18.987780907516704],[-62.654028680244267,-18.985104511017745],[-62.654119317051389,-18.982598662276825],[-62.654193865251607,-18.980544436419049],[-62.654326031285805,-18.97835029392181],[-62.654339489733921,-18.978126868578038],[-62.654339739015356,-18.978121153679854],[-62.654405975772058,-18.97565969413299],[-62.654461139938888,-18.97472620424168],[-62.659807626112553,-18.974680812066225],[-62.683388518144092,-18.974478766634029],[-62.683498648884793,-18.959628817483814],[-62.6927968315524,-18.959595569523554],[-62.702462887959094,-18.959539602443311],[-62.710651806042584,-18.959511918712458],[-62.72177012580994,-18.959519377770722],[-62.73037546450103,-18.959512965804418],[-62.738929652139817,-18.95951587815318],[-62.739481138893971,-18.959530426607934],[-62.740432216065734,-18.959521440887453],[-62.745846508918,-18.959544391396886],[-62.755196071540318,-18.959547411488],[-62.761791873680735,-18.95954643221431],[-62.766830059223594,-18.959476301560208],[-62.77500309889853,-18.959304677340697],[-62.783838103152831,-18.959209997683899],[-62.79171843058937,-18.959219019615905],[-62.798637206327015,-18.959252964028462],[-62.804443333239753,-18.959366773571176],[-62.811935903108669,-18.95944899248606]]],[[[-63.11218663950325,-18.992948224240401],[-63.111990862070208,-18.992941790496349],[-63.112698764690236,-18.985064187905557],[-63.114673925195653,-18.963080576985615],[-63.115048992540068,-18.959237465344351],[-63.116837382790614,-18.959265749927525],[-63.118401121731118,-18.959289136832201],[-63.121770552956995,-18.959339485499385],[-63.127293170047629,-18.959421876312035],[-63.132163278699714,-18.959496343751063],[-63.137945736805079,-18.959584595086039],[-63.141648817969575,-18.959641016176054],[-63.143379763813151,-18.959674234567519],[-63.15069481043006,-18.959814440921292],[-63.157462011087453,-18.959943889118421],[-63.161099364312498,-18.960033133930256],[-63.167642193562912,-18.960193487640655],[-63.168723408740526,-18.960219963940201],[-63.168724470738574,-18.960219983760098],[-63.170620249840262,-18.960246212681486],[-63.175401295783665,-18.960312274425565],[-63.177023470446244,-18.960334661236644],[-63.179176943475504,-18.960403368743815],[-63.179323620286439,-18.960408047589656],[-63.180659017087756,-18.960450640456635],[-63.181306681228577,-18.960459778661168],[-63.182293291070252,-18.960473742056305],[-63.182295346655614,-18.960473759917399],[-63.183384931323083,-18.960477956707209],[-63.184074478755022,-18.960480608957869],[-63.185756627589008,-18.960491505690094],[-63.185768080516937,-18.960491580069029],[-63.185769316339865,-18.96049159238687],[-63.185875814736001,-18.960493601333035],[-63.186250248081556,-18.960500664356566],[-63.186282937393564,-18.96050128040951],[-63.186414946629654,-18.960503770417446],[-63.18664677354851,-18.960508141800691],[-63.187200610150164,-18.960518585707135],[-63.19053317654177,-18.960581390741076],[-63.190600132070436,-18.960582652243879],[-63.193252912271156,-18.960641630733814],[-63.196752075952887,-18.960719367767407],[-63.198024081959034,-18.960747609650994],[-63.200752656267035,-18.960817504349933],[-63.203588506265717,-18.960890104185026],[-63.205084504773367,-18.960928385082628],[-63.206003856629245,-18.96095190368284],[-63.206206363947189,-18.960958470295548],[-63.206208430034991,-18.960958526741681],[-63.20829280990273,-18.961004507689317],[-63.209943226330026,-18.96104089924933],[-63.219467517569022,-18.961250616120058],[-63.219473231112389,-18.961352217177222],[-63.219473352678328,-18.961354379747892],[-63.219528898979441,-18.96243108369552],[-63.219713761366314,-18.966050058406626],[-63.21992685904199,-18.970221565128917],[-63.220446156209739,-18.980407403920299],[-63.220810675290203,-18.987556487731776],[-63.221246300701495,-18.996500155861558],[-63.193981005941268,-18.995618202281051],[-63.166715959595876,-18.99473222875444],[-63.139451168503896,-18.993842235875022],[-63.11218663950325,-18.992948224240401]]],[[[-63.125765910653044,-18.893701183233304],[-63.125820686037088,-18.893695657528443],[-63.126798733789116,-18.893704639894874],[-63.128905140944561,-18.893723968117033],[-63.128918382996289,-18.893724089078038],[-63.128918627023303,-18.893724090716361],[-63.133042787784369,-18.893751793068944],[-63.133043527459591,-18.893751795250882],[-63.134207246815329,-18.89375095874302],[-63.137191660192862,-18.893748780181319],[-63.140342784127341,-18.893754079296386],[-63.143171831982961,-18.893767221991482],[-63.145711643103262,-18.893811148638243],[-63.145713446248166,-18.893811163492838],[-63.145713591524085,-18.893811163378967],[-63.150946775692454,-18.893799336304166],[-63.158889233938538,-18.893838627350011],[-63.158889625140652,-18.893838628823186],[-63.159131698851652,-18.893838870933983],[-63.163005726852788,-18.893842716454035],[-63.163005912008281,-18.893842716291676],[-63.163006403856357,-18.893842714956623],[-63.165915168087693,-18.893825795930216],[-63.169929172808914,-18.893836515623072],[-63.174556613134698,-18.893865703842884],[-63.174557334768842,-18.893865705876589],[-63.191256027343208,-18.89400130941549],[-63.193127428401361,-18.894016412560639],[-63.191038993155431,-18.910923149708232],[-63.185771846203906,-18.960310851480159],[-63.185490649917639,-18.960309030047863],[-63.184075509606323,-18.960299857800148],[-63.182296116303284,-18.960293008108355],[-63.180661845947085,-18.960269874884723],[-63.180472075007231,-18.960263822858504],[-63.179190779739308,-18.960222954951504],[-63.1788035607794,-18.960210602041652],[-63.177028935457038,-18.960153979933487],[-63.177027128721797,-18.960153938278264],[-63.175840598851416,-18.9601375653885],[-63.173517556782585,-18.960105488375309],[-63.168727765592315,-18.960039256712587],[-63.166385778684081,-18.959981898694803],[-63.161106521164541,-18.959852495787256],[-63.157466639391913,-18.959763189069445],[-63.157466096993964,-18.959763176877473],[-63.14165245260272,-18.95946029457787],[-63.141652056494472,-18.959460288554205],[-63.13798563973328,-18.959404425856615],[-63.135567587778418,-18.959367544228229],[-63.127296205557847,-18.959241145376694],[-63.127296165661953,-18.959241144500332],[-63.117165014781186,-18.959089874417533],[-63.116707387031404,-18.959082915790241],[-63.115521263498984,-18.959064157271595],[-63.115517913213964,-18.959064104229608],[-63.115418035396459,-18.959062524298222],[-63.115187645605417,-18.959058879913766],[-63.115066318182876,-18.959056962458352],[-63.115015377938697,-18.959062869491252],[-63.11496485638191,-18.95907540360421],[-63.114953896619859,-18.959080986669615],[-63.114943343867012,-18.959087239176363],[-63.114933243699859,-18.959094134886939],[-63.114923638843408,-18.959101644854208],[-63.114914571070308,-18.959109736516609],[-63.114906078351858,-18.959118374603598],[-63.114898197708875,-18.959127522941476],[-63.114890963310046,-18.959137141743177],[-63.114884405523945,-18.959147190320255],[-63.114878551867655,-18.959157625274749],[-63.114873428907757,-18.95916840230543],[-63.114869057510312,-18.959179475307131],[-63.114865456640381,-18.959190796368269],[-63.11486264146351,-18.959202317579621],[-63.11486062429433,-18.959213989226143],[-63.114859829119936,-18.95922075354197],[-63.114845485731657,-18.959367721939444],[-63.114628683736839,-18.961793050597233],[-63.114510946652992,-18.962937511438181],[-63.106036042969016,-18.963004995936952],[-63.105730577393665,-18.950324949587095],[-63.105609513614766,-18.945298903171825],[-63.100022004299824,-18.946376749202194],[-63.100084335102316,-18.940649094875415],[-63.100152605564823,-18.937133447109861],[-63.100149843214467,-18.932484730585454],[-63.10018371138635,-18.93036363114582],[-63.100183753153111,-18.930362002522017],[-63.100329174937968,-18.926115395881375],[-63.100632912235227,-18.894335603577893],[-63.121268998416618,-18.894393031146567],[-63.123644050178655,-18.894381027027503],[-63.123997353095739,-18.894379239003882],[-63.124041700284295,-18.894379014200993],[-63.124458331610924,-18.894288781875133],[-63.124574438720011,-18.894241028048338],[-63.124804328551569,-18.894136868071403],[-63.125765910653044,-18.893701183233304]],[[-63.17370010417968,-18.906429996372381],[-63.14996044251636,-18.906450674683189],[-63.149976558009222,-18.924526148809328],[-63.173718770825182,-18.92450544926891],[-63.17370010417968,-18.906429996372381]]],[[[-63.047211820343549,-18.893976558124834],[-63.057546605309263,-18.89381608043081],[-63.069071234762781,-18.893705293705679],[-63.088372863469125,-18.894129175570683],[-63.089313172925635,-18.894145036651835],[-63.100428611283789,-18.894332171256547],[-63.10040037190214,-18.895801137075708],[-63.100387290369667,-18.89914915341955],[-63.100348832038456,-18.902066426783694],[-63.100326146731526,-18.906160345592173],[-63.100283229195441,-18.910029306447274],[-63.100250538759454,-18.914199673938956],[-63.10018390085586,-18.920436095536949],[-63.100142057336264,-18.926113685758509],[-63.100141989157088,-18.926115614450485],[-63.099993843232717,-18.930358441943593],[-63.099959900885416,-18.932483407744957],[-63.099962668689159,-18.937130967461073],[-63.099962652617855,-18.937132689158464],[-63.099894399879098,-18.940646494971116],[-63.099834304438609,-18.94641295515558],[-63.09417853985093,-18.947503776680847],[-63.064485351502377,-18.953227610238734],[-63.034790123813131,-18.958946690355909],[-63.034789443596544,-18.958941638395537],[-63.034358293953865,-18.955736920329834],[-63.034091295668411,-18.953652879310411],[-63.033889139126678,-18.952074923193621],[-63.033597102801565,-18.949873543786307],[-63.033040921146807,-18.94573846216554],[-63.032473411121124,-18.941371163245371],[-63.032058530527607,-18.938230312290006],[-63.031929324095103,-18.93725212696501],[-63.03148522224172,-18.933827512894347],[-63.031485215583686,-18.933827460476529],[-63.031218702455696,-18.931749306457014],[-63.031188259343779,-18.931511920574156],[-63.031187671633681,-18.931507739809053],[-63.030822701113486,-18.929125522371478],[-63.030346357144325,-18.926219335306872],[-63.030413690983508,-18.926219215833651],[-63.049726383886203,-18.926185353329771],[-63.06903906369169,-18.926149481519609],[-63.067996293036828,-18.894194233746205],[-63.047443722881418,-18.89764140850551],[-63.026890306127001,-18.901086311046981],[-63.026564948017217,-18.898896294374683],[-63.026228813908908,-18.896330385769371],[-63.026164267979652,-18.895575725239503],[-63.026128469415319,-18.895157163245905],[-63.026127103170246,-18.895145719791788],[-63.025959780349382,-18.894054713246842],[-63.027700037354393,-18.894059662418559],[-63.031431067825984,-18.894016025642422],[-63.035982607098077,-18.894000856466505],[-63.044371706349033,-18.894020558681543],[-63.047211820343549,-18.893976558124834]]],[[[-63.04452333039297,-18.803256909081362],[-63.064195363185341,-18.803765001137563],[-63.063995209662714,-18.807411805334585],[-63.07351999441353,-18.806774145057783],[-63.073239339250854,-18.825979921502977],[-63.073104683560629,-18.835193261693565],[-63.097871764313773,-18.830612443016729],[-63.122637486316236,-18.826028337979118],[-63.147401845018948,-18.821440949164501],[-63.172164835875272,-18.816850279159361],[-63.180067190310879,-18.845948706825265],[-63.182054046641973,-18.853263132686742],[-63.182604587049269,-18.855289776548396],[-63.187855928525657,-18.87461837592744],[-63.190315645663297,-18.883670225143284],[-63.192228313302977,-18.890708200282923],[-63.193058907197596,-18.893764312481604],[-63.191328433241175,-18.893756078731954],[-63.18319762720693,-18.89371717457627],[-63.180713825854262,-18.893705665011883],[-63.179187984031067,-18.893680544858178],[-63.175974946337632,-18.893683614201773],[-63.168711777386903,-18.893649583077984],[-63.158828446034271,-18.893615246848704],[-63.148236200824215,-18.893576170801765],[-63.145751659244262,-18.893592480149227],[-63.134369128750663,-18.893532908639397],[-63.12600298806759,-18.89348824732517],[-63.125997716441205,-18.893488358447744],[-63.125691544666246,-18.893502913176903],[-63.125679726996381,-18.893504185551212],[-63.125663743053913,-18.893508273295879],[-63.125654733917258,-18.893511912570172],[-63.12439788850903,-18.894094052925659],[-63.12401836965941,-18.894170188548475],[-63.121287165586629,-18.894170202949951],[-63.09993567372927,-18.894166580135508],[-63.089321293381175,-18.89396630883757],[-63.088377156371173,-18.893948465820479],[-63.069074047168883,-18.893524552340548],[-63.069070890017208,-18.89352453272674],[-63.057544097594622,-18.893635340857145],[-63.047271149462524,-18.893794871784934],[-63.044371282716263,-18.893839802139265],[-63.044369506169218,-18.89383981340864],[-63.0359825096089,-18.893820101634386],[-63.031429568985288,-18.893835277364875],[-63.02769915495653,-18.893878908592427],[-63.025932046450848,-18.893873879106561],[-63.025360337890703,-18.89014604662291],[-63.024887702120431,-18.886809009984624],[-63.023876703707039,-18.879603699511311],[-63.022845774602047,-18.872668872023361],[-63.022305364918324,-18.868915775065336],[-63.021814966534762,-18.865292339221394],[-63.021286831426259,-18.861835567797463],[-63.021285591641337,-18.861828452463708],[-63.020531583587385,-18.857978605862215],[-63.02052973995022,-18.857970283133788],[-63.019662438982301,-18.854465836159871],[-63.018797063887938,-18.850899726622643],[-63.018425212142809,-18.84944844172837],[-63.017624510314661,-18.84648487626739],[-63.015996864520552,-18.840147031405071],[-63.01559327958207,-18.838607560547416],[-63.015374929744162,-18.837797825017901],[-63.014885472162135,-18.835872580689596],[-63.014607028799666,-18.834428864676823],[-63.013777186192094,-18.827818341718771],[-63.013510554501146,-18.825217806319529],[-63.013504053569378,-18.82515439538798],[-63.013296042495085,-18.823125549804033],[-63.013260627962815,-18.822774995513484],[-63.013017296995535,-18.820808343831438],[-63.044318669241115,-18.82188955759749],[-63.04452333039297,-18.803256909081362]]],[[[-63.150184316522321,-18.768721535846147],[-63.150378374736178,-18.765314781448559],[-63.150507078045223,-18.762520170394748],[-63.150749398112829,-18.757677376838874],[-63.151302928627835,-18.747433843955381],[-63.151394447441071,-18.745906729774809],[-63.15139953911315,-18.745676924208777],[-63.151495865306309,-18.743151226189227],[-63.157408768600966,-18.738607823733155],[-63.15815086122398,-18.73884279765894],[-63.159227277724341,-18.739164101182052],[-63.159851061199568,-18.739426941512153],[-63.160190004437183,-18.739596102651319],[-63.160796028501196,-18.739916182137868],[-63.161794567360836,-18.740444607005092],[-63.162068081138315,-18.740597041460354],[-63.162859209999098,-18.741098524493097],[-63.164102178010445,-18.741635478177837],[-63.164915426819647,-18.742099375977048],[-63.165767368024085,-18.742717262619799],[-63.16636279715788,-18.743283468797042],[-63.167192236596925,-18.744430545271474],[-63.167833503380251,-18.745649525951915],[-63.168201467663302,-18.74618884054501],[-63.168738444832059,-18.74697587368814],[-63.169417454965881,-18.74826655274687],[-63.169530982728126,-18.748840358272879],[-63.169456574402808,-18.749737155930383],[-63.169193833478595,-18.750562385577911],[-63.169006430030144,-18.751423416363288],[-63.169033837344536,-18.752659233378054],[-63.155163402293553,-18.752793136545836],[-63.151776576797765,-18.752825676680292],[-63.150747970195503,-18.771345925959753],[-63.159945018389408,-18.771159497095375],[-63.179224963689769,-18.770767212417908],[-63.182067442082307,-18.773100673765857],[-63.182230606568467,-18.807191414610511],[-63.17885975616052,-18.805339784881628],[-63.177149377451371,-18.804416971545564],[-63.175411120176165,-18.803433611346872],[-63.171544728089216,-18.8013273758108],[-63.167882340675675,-18.799322302063157],[-63.16173250008633,-18.795926288768126],[-63.158705352858632,-18.794263363774554],[-63.151008332447546,-18.790064391479316],[-63.149106622678786,-18.78901885463052],[-63.149115259439206,-18.788853460202162],[-63.149259411605932,-18.786320625435625],[-63.149403794773129,-18.783490354267773],[-63.149614080874997,-18.779665664346485],[-63.149779206890862,-18.776182490669381],[-63.150001699685369,-18.772287085203779],[-63.150184316522321,-18.768721535846147]]],[[[-63.031234497323098,-18.740193158119936],[-63.01717537800868,-18.738385508473236],[-63.017081882692224,-18.727563536421489],[-63.017205117304037,-18.727450347414834],[-63.017272867229593,-18.727310450885824],[-63.017271505161439,-18.72720871532638],[-63.017257693397141,-18.726176977596651],[-63.016167171482628,-18.719944902086521],[-63.014609978178797,-18.711045093512084],[-63.013851268806754,-18.706708503644759],[-63.014310432891591,-18.690534956428245],[-63.014569019089791,-18.681425189480237],[-63.016961208437806,-18.675728800000719],[-63.017312006223257,-18.674912438640952],[-63.017352057240544,-18.675451497428369],[-63.017356998084765,-18.675481612491254],[-63.017551526325306,-18.67624083426993],[-63.017558851394554,-18.67626308242756],[-63.017648367304368,-18.676483962730767],[-63.01780354666046,-18.676866865491093],[-63.017814008702331,-18.676888366801016],[-63.017887014002582,-18.677015787503759],[-63.017889232483007,-18.677019551618709],[-63.017907305987848,-18.677044340221411],[-63.019038809136674,-18.67834859632573],[-63.019048221313568,-18.67835865737306],[-63.020042826924623,-18.679345109885915],[-63.022020659484177,-18.681486453844503],[-63.024300373101724,-18.68385899990524],[-63.025001674814341,-18.684564401628986],[-63.026609801335979,-18.686181898453491],[-63.02891210639946,-18.688530730650367],[-63.031522605650892,-18.691179094291194],[-63.035563579741876,-18.695249768394586],[-63.039861531098673,-18.699582847614629],[-63.044078283947265,-18.703868171590564],[-63.044580662572997,-18.704376760408863],[-63.045973435328783,-18.705786728712791],[-63.04606620934041,-18.705881024374293],[-63.046604138972199,-18.706427778892898],[-63.047554867367161,-18.707394090217573],[-63.048418700416931,-18.708457701922271],[-63.048642437309866,-18.708849268997064],[-63.050531507700732,-18.712381134461396],[-63.052213916022893,-18.71539385426814],[-63.053095655021608,-18.717035221437207],[-63.053889184961548,-18.718512354622142],[-63.055056648945339,-18.720711547848758],[-63.055940237031088,-18.722379666832293],[-63.056896899804947,-18.724185701744588],[-63.058943899068446,-18.727886108430496],[-63.060783122422897,-18.731304261206446],[-63.06252901409259,-18.734538551520753],[-63.064362813789437,-18.737880313867269],[-63.066092668463313,-18.74103114468554],[-63.067050408210818,-18.742775553212073],[-63.067052921089655,-18.742779978186419],[-63.06822155108086,-18.744771422416559],[-63.068241196770828,-18.744798341954169],[-63.068247509191167,-18.744805147019992],[-63.068329119095225,-18.744888812976953],[-63.068346202557471,-18.744904277864531],[-63.068363753459053,-18.744916728430702],[-63.068669122786638,-18.74510831018463],[-63.070849366055171,-18.746476120730467],[-63.070860630703926,-18.746482664442997],[-63.073477050206371,-18.747886026997246],[-63.076024121475022,-18.749289165713069],[-63.078492946672796,-18.750663311317417],[-63.082168364063655,-18.752702410547915],[-63.08560993281376,-18.754576156458988],[-63.087386035521277,-18.755555559472295],[-63.089338616757573,-18.756629696064213],[-63.09133277697179,-18.757719404753221],[-63.09397654855443,-18.759155433797392],[-63.0966441971376,-18.760623481043908],[-63.099892410381052,-18.762471948471667],[-63.099896956515146,-18.762474454965702],[-63.10248299980848,-18.763854991827721],[-63.105701177593005,-18.765593423066058],[-63.109537938391902,-18.767709648547623],[-63.113519082129699,-18.769887135522946],[-63.115420670181621,-18.770989542254185],[-63.115424641601173,-18.770991782103337],[-63.125672506606527,-18.776611549717916],[-63.127027913417933,-18.777354763041878],[-63.131465335319575,-18.779741723929149],[-63.132630392472393,-18.780307318100473],[-63.111606385263748,-18.780577052283792],[-63.09058229789045,-18.780844421170556],[-63.09066837915227,-18.784903683412885],[-63.072851156370952,-18.784734076609386],[-63.072883811346479,-18.780968056068509],[-63.085220948741842,-18.781211098117993],[-63.089177393622094,-18.775943875094789],[-63.08364018833138,-18.773070395656447],[-63.066933728284219,-18.773257530508591],[-63.049082374443358,-18.756726214558856],[-63.031234497323098,-18.740193158119936]]],[[[-63.00666136530635,-18.766456256354918],[-63.00622183511986,-18.763465264242122],[-63.004576946799133,-18.751548517992056],[-63.004221569435884,-18.748727834108948],[-63.003648940404673,-18.744077542767538],[-63.003096485837119,-18.740278852183163],[-63.00260257350169,-18.736723349643743],[-63.002212950418325,-18.733918481579977],[-63.001751033259112,-18.730618067347709],[-63.001048088788295,-18.72573876383245],[-63.000148264953701,-18.719844989003395],[-62.999360295499926,-18.714561775188219],[-62.999342239106639,-18.714440046421288],[-62.998580640790045,-18.709305627477661],[-62.997859739654992,-18.704138538965108],[-62.996898601801426,-18.697836557464257],[-62.996202458001889,-18.693198107317979],[-62.995562658142354,-18.688761932843708],[-62.994960611974797,-18.684840505786529],[-62.994502870628715,-18.681576930678602],[-62.994088920753207,-18.678754883471072],[-62.993668874613633,-18.675832321801195],[-62.993386703967715,-18.673769928848934],[-62.993066784529155,-18.671521293811686],[-62.993058638272394,-18.671465600426036],[-62.992627886803582,-18.668520501119666],[-62.992202873772115,-18.665450909695135],[-62.992186520130154,-18.66533279759091],[-63.000937600890708,-18.665331538798739],[-63.001036228079826,-18.681060401064158],[-63.002440782756636,-18.71375116265413],[-63.003215874003629,-18.731785831963514],[-63.005907602218038,-18.741316863073784],[-63.026931407880262,-18.744561291284139],[-63.047996101506101,-18.764684652277555],[-63.069065792278025,-18.784805585197979],[-63.040794329691252,-18.783714537817758],[-63.040802445249781,-18.7898723947002],[-63.00999205536219,-18.789194151364569],[-63.009384103634055,-18.789194074444662],[-63.00892955827554,-18.78559767627522],[-63.00666136530635,-18.766456256354918]]],[[[-62.811935903108669,-18.95944899248606],[-62.811962747018526,-18.959415814356497],[-62.811979983581473,-18.95938620088241],[-62.811988807392794,-18.959348611248394],[-62.811988060941204,-18.959306084559387],[-62.811982050739516,-18.959268187960323],[-62.811971517932967,-18.959242343047421],[-62.811965869000339,-18.959232143709624],[-62.811938030470785,-18.95921034277411],[-62.811936596263628,-18.959209389650479],[-62.811917861400367,-18.959196939301911],[-62.811862473822387,-18.959189154059644],[-62.804448157338392,-18.959095684297264],[-62.798640875265818,-18.958981856551389],[-62.791719336124238,-18.958947892090933],[-62.783836669512731,-18.958938871193908],[-62.774998351105417,-18.959033584848093],[-62.766824832583175,-18.959205219228807],[-62.761789766103092,-18.959275309544854],[-62.755196096668485,-18.959276281723469],[-62.745847194122511,-18.959273262691649],[-62.739141928684056,-18.959244817945798],[-62.730375404351392,-18.959241837240771],[-62.721770113761679,-18.959248249431322],[-62.710651400662485,-18.959240790868826],[-62.702461513634404,-18.959268476799814],[-62.692795623879491,-18.95932444427795],[-62.683120009387778,-18.959346412911692],[-62.671354345361479,-18.959359998726935],[-62.66291379109613,-18.959376940026356],[-62.662708515337265,-18.959377347430646],[-62.655012353747736,-18.959396500271588],[-62.655065410350517,-18.956894192455199],[-62.655114350944046,-18.955093529321498],[-62.655122026903541,-18.954692212715361],[-62.655174993985369,-18.951922964244755],[-62.655324432059174,-18.94766787681213],[-62.655464556811523,-18.943076096293218],[-62.655623712205134,-18.936534347187155],[-62.655800174683499,-18.93134185575035],[-62.655928390681552,-18.927639654183835],[-62.656027261892248,-18.92354259765456],[-62.656102084451412,-18.920121571187835],[-62.65623091903938,-18.916070441663233],[-62.656397291442211,-18.912117823070719],[-62.656518961169581,-18.907907005625084],[-62.656693510196845,-18.903624725513076],[-62.656855369487047,-18.898166417390556],[-62.65707579948058,-18.893482590472345],[-62.657147475451907,-18.891606176941863],[-62.657322236530703,-18.887200840858391],[-62.657461573504506,-18.883727649426358],[-62.657888592199157,-18.873082463458623],[-62.657888602228454,-18.873082199576778],[-62.658047611186994,-18.868970791565314],[-62.658047647729866,-18.86897009301941],[-62.65845581864,-18.861434823311164],[-62.658835298631239,-18.853893567547804],[-62.659143714947831,-18.847331401910012],[-62.659400492981753,-18.840278003583883],[-62.659560741667768,-18.836613601165851],[-62.659445919122568,-18.836595126160965],[-62.659462451775937,-18.83588596212903],[-62.659525173323651,-18.834608049276213],[-62.659656954814047,-18.831551918862623],[-62.659744273005224,-18.828718796077737],[-62.659855762227927,-18.826345805487588],[-62.659956210334236,-18.823214465203542],[-62.660059984064659,-18.820420737987693],[-62.660165493140205,-18.817900564483804],[-62.660287986401322,-18.814423925568345],[-62.660391441745624,-18.812951473787219],[-62.660575127404869,-18.811662458501718],[-62.660930736242079,-18.802646632899229],[-62.661310394514025,-18.793615567228517],[-62.661679258169876,-18.784629434880149],[-62.661720699122881,-18.782764006602971],[-62.661924178979667,-18.77626165105309],[-62.662165441558486,-18.770715222847034],[-62.662332792061768,-18.766639378384543],[-62.662387718530745,-18.765301589449624],[-62.66247236452238,-18.763219697669573],[-62.662596001965525,-18.760178704678793],[-62.662779097092354,-18.755033612426768],[-62.662961771851499,-18.750072323500913],[-62.663123073741318,-18.748474946179229],[-62.663317663967945,-18.744854841286251],[-62.663426845218417,-18.743256321452023],[-62.663511107188597,-18.742024510861178],[-62.663387353302241,-18.740622632118789],[-62.663457919443566,-18.739460704056476],[-62.663819689358135,-18.730441855093158],[-62.663874652472366,-18.728977627473082],[-62.663927027270852,-18.727579343966848],[-62.663987707616407,-18.725961681867403],[-62.664072861884101,-18.723689634120745],[-62.664156940723423,-18.721446803137891],[-62.664499372150516,-18.712375896156509],[-62.664676516790685,-18.707801527183801],[-62.664849280826715,-18.703338206765622],[-62.66475837374216,-18.702720765421819],[-62.664758876227211,-18.701446219661452],[-62.664821680510052,-18.700135916566929],[-62.664951736988812,-18.69499730844721],[-62.665104178120856,-18.694316931436514],[-62.665231286088343,-18.685249117828121],[-62.66527263467745,-18.682425924957688],[-62.665362459492378,-18.676292350853657],[-62.665492228583901,-18.667291015815479],[-62.698034103146895,-18.667123033239378],[-62.730576000511235,-18.666949411181537],[-62.730570915022803,-18.666903220071678],[-62.700720825384948,-18.667023610177658],[-62.689037760141282,-18.667057483579526],[-62.677112313921761,-18.667120427267523],[-62.665494088477203,-18.667164579118541],[-62.667123667986814,-18.606710205159846],[-62.667953219408048,-18.575913529024213],[-62.676708934272945,-18.578313890874497],[-62.68555256335916,-18.580980100819978],[-62.694385853813024,-18.583706987895475],[-62.698815704915738,-18.585051449668089],[-62.703232677499528,-18.586391847192463],[-62.712080760241854,-18.589087611458506],[-62.720925022530501,-18.59175985616956],[-62.73031090632513,-18.594599522566543],[-62.730345585424033,-18.594609447111647],[-62.730378996906197,-18.594620202236261],[-62.730412886111267,-18.594629747850565],[-62.730471208842062,-18.594648262469164],[-62.738710663511789,-18.597153249612308],[-62.742654475098014,-18.598347469362494],[-62.743346704354366,-18.598557072147663],[-62.747549471686341,-18.599829413981261],[-62.748064617174023,-18.599936255829334],[-62.748477150285019,-18.600049136778306],[-62.750568798921734,-18.600687623814856],[-62.753802696081756,-18.601638849291614],[-62.754609235841876,-18.601884206155567],[-62.75468323123291,-18.601906715879934],[-62.757813542987556,-18.602858941779427],[-62.75793001853571,-18.602894372255484],[-62.760118895345784,-18.603517812346965],[-62.762384320794652,-18.604190819442351],[-62.762385880366601,-18.604191296808935],[-62.76569718437576,-18.605235183702845],[-62.76569921583117,-18.605235799910641],[-62.768082903943345,-18.605930895222997],[-62.770563187530939,-18.606681106117183],[-62.772681715106501,-18.607317403105192],[-62.774981509996486,-18.608007542665792],[-62.779707134363292,-18.609471788844512],[-62.783211244085308,-18.610534146967286],[-62.78675871219238,-18.611596313926128],[-62.791854235867198,-18.613156287312567],[-62.795565379911565,-18.614290397101104],[-62.799495603749989,-18.61544845914305],[-62.803350132276989,-18.616618170351369],[-62.804661903623668,-18.617017155410586],[-62.807060723803026,-18.61774586005043],[-62.811085273806562,-18.618987533841825],[-62.816758400571501,-18.620673079004124],[-62.821353129570177,-18.622076377050842],[-62.826110808897923,-18.623503586026857],[-62.828703489191113,-18.624311376819666],[-62.828862440674897,-18.624360898839999],[-62.831922243518015,-18.625302437343485],[-62.8357591692169,-18.626441799431529],[-62.839376297722943,-18.627526964322492],[-62.841801906595961,-18.628252234381296],[-62.843951686385772,-18.628923439544081],[-62.845977174023659,-18.629553000546579],[-62.848823911909108,-18.630404379001241],[-62.848828168538361,-18.630405549229877],[-62.850503067417158,-18.630825590126477],[-62.853707806210103,-18.63156365877018],[-62.857846152367806,-18.632517446753646],[-62.862216082340289,-18.633495117984122],[-62.867778298340866,-18.634797930534905],[-62.867804686843051,-18.634804111205305],[-62.868452232802753,-18.634955771278609],[-62.86923162837077,-18.635218572801577],[-62.870209952758763,-18.63544274079451],[-62.872797758366417,-18.636035669380799],[-62.876419038457655,-18.636873838478031],[-62.880032701902955,-18.637700617496794],[-62.883651683191722,-18.638524953472412],[-62.887261443633705,-18.639339019486631],[-62.890897008380939,-18.640167546335892],[-62.892995759732266,-18.640652957972744],[-62.894516324468967,-18.641004661332392],[-62.898152045334292,-18.641833979086794],[-62.901779739556176,-18.642652512370631],[-62.90541011570555,-18.643450984979989],[-62.909030314214377,-18.644286167379033],[-62.912669801969876,-18.645108437025147],[-62.916291141680205,-18.645926994906901],[-62.919902983269751,-18.646774961058256],[-62.923513617385588,-18.647605115732549],[-62.927139035409944,-18.648423737577666],[-62.930761517924317,-18.649249193500641],[-62.939516939394125,-18.651277770630713],[-62.948170831455023,-18.653211003780211],[-62.956842093052188,-18.655252443275018],[-62.965499128938021,-18.657258231694318],[-62.974171187472137,-18.659276149878689],[-62.982836765845718,-18.66130109622932],[-62.991606488815492,-18.663258946729957],[-62.991817116451607,-18.66475230390515],[-62.993743617861377,-18.678410016650012],[-62.998045678319727,-18.707400436051131],[-62.999035269408466,-18.714508290749045],[-63.006761611332138,-18.769982875389687],[-63.006296520764657,-18.769829608693453],[-63.007398822710663,-18.777603622162435],[-63.008383880070816,-18.785687880764815],[-63.008599996271776,-18.785719440303797],[-63.009121609873645,-18.790067463959211],[-63.009680035748751,-18.793982820557723],[-63.010141558069229,-18.798046490768911],[-63.010286251810058,-18.799292973891056],[-63.01064436307847,-18.802377279232118],[-63.011137842604086,-18.806513244474996],[-63.011184589479768,-18.806909988059694],[-63.011644549429803,-18.810813577481142],[-63.012182992412725,-18.815532801062766],[-63.012515465776552,-18.819043140280773],[-63.01290388523676,-18.822898665665118],[-63.013292398857068,-18.826784166290214],[-63.013399668585762,-18.827856933751328],[-63.014164628828347,-18.833952102691306],[-63.014230561495793,-18.834477427939305],[-63.014231450403969,-18.834483019587111],[-63.014512851617653,-18.835942866670198],[-63.01451395595457,-18.835947814804417],[-63.01490194046049,-18.837473936282564],[-63.015006524000398,-18.837885308833897],[-63.015393442184909,-18.839320148657578],[-63.015966112275606,-18.841548164105767],[-63.017061695352751,-18.845852861335533],[-63.017788076234147,-18.848541408058839],[-63.018443713278558,-18.85096803552721],[-63.01938574893007,-18.854530029221284],[-63.020252023479031,-18.858030394287212],[-63.021005268284341,-18.861876378422888],[-63.021532697475308,-18.865328445629903],[-63.021532907469968,-18.865329906116749],[-63.022023037637204,-18.868951508954115],[-63.022563678727536,-18.872706277786172],[-63.023594530884168,-18.879640641383215],[-63.024367236354969,-18.885147804538523],[-63.024605389149087,-18.886845069495706],[-63.025078300769799,-18.890184041798346],[-63.025798167123781,-18.894667612551427],[-63.02583521531713,-18.895166829478871],[-63.025939244882466,-18.896334350611898],[-63.026275040290429,-18.898912073079305],[-63.026609433720104,-18.901133375053746],[-62.999835512776158,-18.905617214577656],[-62.967541760685968,-18.904525001944041],[-62.967912080981044,-18.962499021086234],[-62.961874200084225,-18.962441879575064],[-62.927027432578953,-18.962278421477887],[-62.892180758627724,-18.962108411353434],[-62.892589361122013,-18.998334194007487],[-62.892988941332412,-19.033748517103994],[-62.89020839067522,-18.998505634787939],[-62.887341530197027,-18.962153613410319],[-62.868489874692422,-18.961480332990263],[-62.849638383504683,-18.960805135880832],[-62.830787058891076,-18.960128022304833],[-62.811935903108669,-18.95944899248606]]],[[[-63.062938764855815,-18.681441521801425],[-63.053975283761012,-18.663835126632886],[-63.022557931051374,-18.661028567570209],[-62.991141606441751,-18.658216752750114],[-62.990967950876396,-18.65653605733014],[-62.990967359429213,-18.656531820278715],[-62.990153163740594,-18.651187903083827],[-62.989720818404301,-18.648080716307032],[-62.989275710259953,-18.644756521891871],[-62.988868139633034,-18.64188611083198],[-62.988404329299428,-18.638654029442726],[-62.988398069165221,-18.638610404266807],[-62.987827678202798,-18.634443465067218],[-62.987131920005481,-18.629606745922068],[-62.986466467601787,-18.624839437041203],[-62.985736936377492,-18.619293344738221],[-62.985150431626522,-18.615283466462078],[-62.985150247830582,-18.615282212868948],[-62.985131747380777,-18.615151454210078],[-62.983996855327845,-18.607130012660651],[-62.983361096896608,-18.60197710371169],[-62.983361040064388,-18.601976680724984],[-62.982075607248873,-18.592192212870625],[-62.982075530542829,-18.592191557602543],[-62.981489320766507,-18.58717761307296],[-62.98056462135014,-18.580088438753243],[-62.979828104283776,-18.574457295310346],[-62.979136794193401,-18.56889097646571],[-62.978618272315714,-18.564622328520105],[-62.978062154243922,-18.560166872311495],[-62.97781598947445,-18.558203472035352],[-62.977562265802646,-18.556729612341925],[-62.980216921690996,-18.55672410403858],[-62.982805028563085,-18.5567186978659],[-62.983542748322101,-18.55671715032031],[-62.995818494656213,-18.570451575171727],[-63.008096206352846,-18.584185181503123],[-63.025817904966658,-18.604002997531708],[-63.043543706575917,-18.623819099184448],[-63.06127361704938,-18.643633480713842],[-63.079007642257203,-18.663446136370602],[-63.073612476864227,-18.663515715462911],[-63.069062248126968,-18.708923636775449],[-63.093869774960901,-18.709362824061891],[-63.118677413463928,-18.709798727711693],[-63.129397001212681,-18.709986076851543],[-63.130021363565319,-18.710813096967669],[-63.130052691180005,-18.710842749527473],[-63.130290053405446,-18.711042664959297],[-63.130325587167611,-18.711069178380789],[-63.130456933411772,-18.711155690427617],[-63.130490478717164,-18.711175413183927],[-63.130528263785976,-18.711195123039953],[-63.130583439198041,-18.711242880887866],[-63.130602022882023,-18.711269873325815],[-63.130640152996932,-18.71131645454247],[-63.130755138347844,-18.71143543846874],[-63.130797065811869,-18.711472725090058],[-63.130971451329678,-18.711605803671983],[-63.13101915799983,-18.711636840982997],[-63.131044185216737,-18.711649425095697],[-63.131141094069697,-18.711693833955064],[-63.131190655117663,-18.711712582836181],[-63.131259646822834,-18.711733466417559],[-63.13130890923393,-18.711744988734427],[-63.131374990443675,-18.711750434788378],[-63.131506582777476,-18.711750213263741],[-63.131686723946871,-18.71176843562446],[-63.131797375440534,-18.711787880717342],[-63.131938183239406,-18.711829055240436],[-63.132051463669271,-18.711885923563017],[-63.132210841973894,-18.712013436945853],[-63.132347115709898,-18.712179554919],[-63.132355572670122,-18.712189497013945],[-63.132398405827502,-18.712230813555287],[-63.132654546872615,-18.712441065637648],[-63.132706653238813,-18.712476982601213],[-63.132924259814757,-18.712601666823613],[-63.132963882776018,-18.712621439048299],[-63.133160099729096,-18.71270570511205],[-63.133196284224908,-18.712719165821717],[-63.133230229092405,-18.712729921251913],[-63.133292018065085,-18.712772004987421],[-63.133309136711787,-18.712793901694159],[-63.133459154392654,-18.713221674723385],[-63.133581739501842,-18.713624501651189],[-63.133629800944746,-18.713921179467054],[-63.133634886004849,-18.71407952964978],[-63.133618248516669,-18.714269569694473],[-63.133586880566881,-18.714664941512353],[-63.133586021921566,-18.714704503007987],[-63.133594231292697,-18.714934025653964],[-63.133597481080919,-18.714970494147149],[-63.133640304708763,-18.715270115692071],[-63.133644394776184,-18.715293144163645],[-63.133722557703663,-18.715660608186475],[-63.133725744050757,-18.715674232417754],[-63.13374229544435,-18.715739074165459],[-63.133753718562296,-18.715775408480429],[-63.133890550344738,-18.716139861563654],[-63.133903088179913,-18.716169149995888],[-63.134021277076549,-18.716414006366264],[-63.134025970155577,-18.71642337264328],[-63.134347120373363,-18.717041330588675],[-63.134642865147221,-18.717667067969398],[-63.134843078552827,-18.718139412107174],[-63.135039602751974,-18.718615872729551],[-63.135047044050566,-18.718632656241326],[-63.135230273826444,-18.71901852992152],[-63.135245789416018,-18.719047630825582],[-63.135481029812631,-18.719443490665423],[-63.13550286835676,-18.719476049408232],[-63.135708936912749,-18.719749837440904],[-63.135729107264218,-18.719774335523969],[-63.136090988516372,-18.720176874896342],[-63.136109134015342,-18.720195673277008],[-63.136629043870641,-18.720697466109531],[-63.13665284655508,-18.720718551427069],[-63.137014480365984,-18.721012416089128],[-63.137035678140769,-18.721028433883671],[-63.137488519534756,-18.721346222981431],[-63.13844464863206,-18.722080878682082],[-63.138919278222751,-18.722539354320503],[-63.138932729371263,-18.722551723603299],[-63.13966856878681,-18.723195738348487],[-63.140142975375745,-18.72373035282904],[-63.140156247976243,-18.723744536971743],[-63.140616568320297,-18.724211151211506],[-63.141304669133177,-18.724901682668033],[-63.141848933615371,-18.725433836776023],[-63.141879371852646,-18.72546051809525],[-63.142338151707264,-18.725820732817986],[-63.14274965527148,-18.726222484597358],[-63.142986241167371,-18.726521895213796],[-63.143245687935412,-18.726924011319174],[-63.143259090748259,-18.726948029304189],[-63.143436175840883,-18.7272653943762],[-63.143448920771618,-18.727286489984419],[-63.143818339778541,-18.727852942576963],[-63.143835465970625,-18.727876989291079],[-63.144170395595729,-18.728308835054658],[-63.144307805986941,-18.728500791492436],[-63.144330807257397,-18.728529694228662],[-63.144361202368437,-18.728560331063697],[-63.144617407979979,-18.728790108856902],[-63.14465680265387,-18.728820956507128],[-63.14494485315074,-18.729017169499997],[-63.144976078161555,-18.729036311156463],[-63.145012655761001,-18.729053958309326],[-63.145096634363746,-18.729089180039114],[-63.145343046078246,-18.729238477160461],[-63.145440645702251,-18.729315840142259],[-63.145880531389921,-18.729713687293128],[-63.146872923274238,-18.73076331179869],[-63.148109548673993,-18.73223891923098],[-63.148130629830867,-18.732261998964091],[-63.148649956430951,-18.732784192557997],[-63.148879766703899,-18.733046489271878],[-63.149051128329035,-18.733360283298367],[-63.149171979026349,-18.733698376985025],[-63.149281187871139,-18.734133763120163],[-63.149284105902034,-18.734144646967419],[-63.149347431465181,-18.73436638971501],[-63.149361209577442,-18.734405620465154],[-63.149484353295783,-18.734699232862148],[-63.149508259063182,-18.734746108823256],[-63.149522666098449,-18.734767992580213],[-63.149788762160128,-18.735141835832199],[-63.149815773508607,-18.735175379241024],[-63.150369004516385,-18.735784986150797],[-63.150412378681985,-18.73582566983907],[-63.150440984937276,-18.735846384356581],[-63.150823863265707,-18.736097317752147],[-63.150849470055867,-18.736112703155179],[-63.15090358944007,-18.736137211043541],[-63.151157950601444,-18.736229723129945],[-63.151182929649067,-18.736237871430042],[-63.151427616627785,-18.736308727073137],[-63.152117534946782,-18.73674585688919],[-63.153104345585582,-18.737197005194705],[-63.154460169968772,-18.737698061511662],[-63.156079514547635,-18.738163019646713],[-63.157021046214126,-18.738485055690781],[-63.157194758856605,-18.738540061957949],[-63.15134233306717,-18.743036984686945],[-63.151329907398541,-18.743048716903235],[-63.151320434093876,-18.743061629794184],[-63.151313457961137,-18.743075913524351],[-63.151309192065185,-18.74309113410208],[-63.151307827481226,-18.743103471048546],[-63.151209988488837,-18.745668914422183],[-63.151113445034888,-18.747424469306743],[-63.150559880716749,-18.757668427423077],[-63.150317521701574,-18.762511906778808],[-63.150188847007939,-18.765305923911669],[-63.149994806426257,-18.768712235268726],[-63.149812185600403,-18.772277770915725],[-63.14958967262006,-18.776173504277555],[-63.149424532440264,-18.779656861294686],[-63.149214257927319,-18.783481241024226],[-63.149069879995615,-18.786311347574369],[-63.148921568283662,-18.78891711840286],[-63.147210369562785,-18.787976291718092],[-63.143510970986142,-18.785954009037319],[-63.138891226235941,-18.783422506700152],[-63.133447609232981,-18.780435208785828],[-63.13168220045381,-18.779472304735332],[-63.127216768490378,-18.777041179048947],[-63.125534143420701,-18.776223734852788],[-63.136411221435303,-18.759195684591543],[-63.147286124536855,-18.742166984792217],[-63.139572555396072,-18.73657073357851],[-63.127562520570436,-18.753649795387577],[-63.115550075342448,-18.770728069250062],[-63.113710163697306,-18.769574772762965],[-63.109727517645268,-18.767396467290922],[-63.105889872283633,-18.76527976167743],[-63.10266937515739,-18.76354007228954],[-63.100084785363165,-18.762160309907873],[-63.098595298498232,-18.761312703838026],[-63.096836437465079,-18.760311778933506],[-63.094215624924828,-18.758869502264265],[-63.09416545812762,-18.758841891406977],[-63.091521183072196,-18.757405586851068],[-63.08952792122907,-18.756316370453668],[-63.087575984895864,-18.755242587969853],[-63.085799142266907,-18.754262780352679],[-63.082358004851422,-18.752389273544711],[-63.078684154921667,-18.750351038611313],[-63.07621482220668,-18.748976613698051],[-63.07366512175534,-18.747572031584877],[-63.071052557149372,-18.746170730787053],[-63.06859154227751,-18.744626771607461],[-63.068540992699916,-18.744574949472959],[-63.067385431395628,-18.742605763824724],[-63.064699068878618,-18.737712786470976],[-63.062865866235164,-18.734372131606602],[-63.061120666623289,-18.731139126645797],[-63.059280561231098,-18.727719360527598],[-63.057234106230844,-18.724019968648165],[-63.055395296760437,-18.720548516321898],[-63.054227337894666,-18.718348404350063],[-63.052550264021789,-18.715226575185465],[-63.050868003257428,-18.712214135778954],[-63.048979287414035,-18.708682916160306],[-63.048976877966695,-18.708678558682792],[-63.048744630306736,-18.708272097838673],[-63.048728044919386,-18.708247903900102],[-63.047849408761124,-18.707166066893961],[-63.047837778729594,-18.707153066034699],[-63.046249948064698,-18.705539203828248],[-63.0450077684837,-18.704281692800805],[-63.044354782105152,-18.703620635897561],[-63.040137751447418,-18.699335037006112],[-63.035839217845684,-18.695001377549051],[-63.031798641476577,-18.690931111399447],[-63.029188958432286,-18.688283578378829],[-63.026886089489295,-18.685934180205074],[-63.024577943200796,-18.683612587202823],[-63.022302916302309,-18.681244929834758],[-63.020324819336899,-18.679103277013724],[-63.020319211247873,-18.679097465285437],[-63.01932663699624,-18.678113029475416],[-63.018211224117302,-18.676827322198132],[-63.018152900170541,-18.67672552744531],[-63.017917110718358,-18.676143722585721],[-63.017729295725239,-18.67541070803383],[-63.017578316701687,-18.67428055822419],[-63.038584287489591,-18.682685246978949],[-63.036988102253005,-18.686914145510251],[-63.051231000230224,-18.692313740288935],[-63.062938764855815,-18.681441521801425]]],[[[-62.599525131224233,-18.992886032972496],[-62.599431420816735,-18.987164103749979],[-62.601229956451213,-18.959571448661652],[-62.580314003079671,-18.95950523138718],[-62.559398116838388,-18.95943665402509],[-62.536899489629747,-18.959360250281264],[-62.529368293040783,-18.959633759986417],[-62.510094173287705,-18.959660810594624],[-62.509145768910997,-18.95966208347194],[-62.507971794057546,-18.885958822457081],[-62.506878016714104,-18.817277545763179],[-62.504865946212121,-18.690902861714147],[-62.483604939785977,-18.694032821422546],[-62.462343214988429,-18.697160351187563],[-62.454239100538352,-18.724201521706593],[-62.446132297224644,-18.751242198097231],[-62.422786243939022,-18.744621424229781],[-62.399442089882058,-18.737997782447238],[-62.376099838186775,-18.731371276082992],[-62.352759491983321,-18.724741908472151],[-62.34512826255785,-18.746831873771828],[-62.340664756049904,-18.741068724711528],[-62.327449912274624,-18.724003243926823],[-62.323229907078073,-18.718552682557032],[-62.340993844782062,-18.705466587258414],[-62.326925585905038,-18.690527621920715],[-62.313388127144371,-18.700885236357315],[-62.312784044154817,-18.62793604553374],[-62.3127291663858,-18.621300156715868],[-62.3127057825983,-18.618472724480622],[-62.314382628111566,-18.618966342739565],[-62.321681400070176,-18.621114699894015],[-62.344992672333909,-18.62797401551726],[-62.369200712890603,-18.618040948475013],[-62.364818877488666,-18.635994203337159],[-62.37842756400461,-18.636472220643789],[-62.382336778736992,-18.616419653203426],[-62.382664429153706,-18.616463457044794],[-62.383262872089681,-18.616498723261238],[-62.38356659809493,-18.616428635282588],[-62.38383375032452,-18.616235547752567],[-62.384024501922084,-18.615983031385252],[-62.384163472277407,-18.615463829951022],[-62.384250670199442,-18.614965211262639],[-62.384360184729694,-18.614758162818941],[-62.38449317299073,-18.614687412694103],[-62.384759065781047,-18.614678532934235],[-62.385010356016252,-18.614759308204203],[-62.3852597957342,-18.614955252803572],[-62.385335970564874,-18.6150282916009],[-62.385798153298268,-18.615471445238686],[-62.386444378118497,-18.615959383656087],[-62.387076135295253,-18.616117406998232],[-62.387618901195701,-18.615999275548912],[-62.388146501801273,-18.615607739723476],[-62.38855049770774,-18.615178886649801],[-62.389255727562322,-18.614637808187641],[-62.389727382567919,-18.614443606677668],[-62.390158223666695,-18.614269212417611],[-62.390576399126928,-18.614156760864542],[-62.390939612350074,-18.614124434602413],[-62.391359242860794,-18.614159142440347],[-62.391602737204671,-18.614244454109976],[-62.391734910865807,-18.614290762643712],[-62.392155460763583,-18.614593612473694],[-62.392441044147937,-18.614918541364723],[-62.392479679725483,-18.614962500464511],[-62.39284814057072,-18.615434214597062],[-62.393287984401859,-18.616108720796593],[-62.393863392327837,-18.61674728241405],[-62.394281266942741,-18.617100628676937],[-62.394564988614626,-18.617354185373003],[-62.394640448989058,-18.617421623006567],[-62.394863183925857,-18.617635417191803],[-62.39506266965725,-18.61782689474477],[-62.395337943358911,-18.618289792119651],[-62.395384433837229,-18.618698634911649],[-62.395561619506736,-18.619529679184652],[-62.395809460012281,-18.620130752998321],[-62.39612253666963,-18.620566048521219],[-62.396310795795173,-18.620935637153814],[-62.396409691179912,-18.621129787550121],[-62.396459496873149,-18.621335795129809],[-62.396538887988271,-18.621664171547643],[-62.396560594353126,-18.622354756459337],[-62.396472542095971,-18.622850480168786],[-62.396448420421706,-18.623290217270853],[-62.396509056689887,-18.623437266293998],[-62.396602709802487,-18.623664385377118],[-62.396772027159962,-18.623850906750089],[-62.396807893536653,-18.623890416829358],[-62.397044424564228,-18.624023604429958],[-62.397337816380109,-18.624066863071537],[-62.397673732131295,-18.624011666562961],[-62.398366616493071,-18.623623139367236],[-62.399256644203014,-18.622806229740291],[-62.399735439467911,-18.622399325212289],[-62.400109746391358,-18.622182244931626],[-62.400304760366495,-18.622086030701375],[-62.400383342799536,-18.622053447292899],[-62.400504651558194,-18.62205197471528],[-62.400635325184417,-18.622087841133148],[-62.400751726952848,-18.622152774112884],[-62.400864290071823,-18.622239217074139],[-62.400971395644497,-18.622351990075273],[-62.401066918051107,-18.622528435297788],[-62.401071311871156,-18.62253655153944],[-62.401402064867639,-18.623042866675068],[-62.40163480560436,-18.623476318945588],[-62.401881416086212,-18.62410500487325],[-62.401994833847425,-18.62465518191107],[-62.401993234837761,-18.625112497502752],[-62.401832035291768,-18.625705016987659],[-62.401663026089231,-18.626130345589722],[-62.401612624904082,-18.626520172666847],[-62.401667681296097,-18.626911043648121],[-62.401985919631365,-18.627279832701152],[-62.402328300668309,-18.62752797026015],[-62.402498270060491,-18.627892694058026],[-62.402550407919172,-18.628393763354641],[-62.402393534648247,-18.628714981117682],[-62.402007335462855,-18.629134872349724],[-62.401462902239032,-18.629551652006114],[-62.400989637263699,-18.630104919952732],[-62.400718044995763,-18.630633627681604],[-62.400619743973408,-18.631019349459038],[-62.40061948238683,-18.631387899331866],[-62.400729076951592,-18.631707889260205],[-62.400790077125819,-18.631761886495102],[-62.40110904687122,-18.631801500251793],[-62.401421231687216,-18.631688179411942],[-62.40169359444306,-18.63138536103904],[-62.401956972515379,-18.631151761040645],[-62.402230522251962,-18.631014070677264],[-62.402427661755013,-18.630985798224042],[-62.402527209447264,-18.631026433179645],[-62.402752003165865,-18.631263326086962],[-62.402812383834167,-18.631358850519636],[-62.402838571013923,-18.631675502618307],[-62.402861553713144,-18.631992504231288],[-62.402837962531166,-18.632188958433041],[-62.402636954223617,-18.633098296567006],[-62.402307582305745,-18.634078043681043],[-62.402229161646559,-18.634349411876375],[-62.402073092360062,-18.635246583511449],[-62.401994581776421,-18.636124872439254],[-62.401793132211715,-18.637219250682769],[-62.401695515204132,-18.637484615197415],[-62.401211645503309,-18.638166308190854],[-62.400843661461558,-18.639240424565749],[-62.400850345908566,-18.639898648969695],[-62.401037074760985,-18.640304511443482],[-62.401083179224557,-18.640350403206742],[-62.401744989700376,-18.640605716604007],[-62.402498842681247,-18.64071227416839],[-62.40299874548171,-18.6408414255888],[-62.403373993652977,-18.641145767109709],[-62.403406667923321,-18.641506310868799],[-62.403267903967105,-18.641688514010156],[-62.40300596867089,-18.641780591275289],[-62.402002349345267,-18.641865422300661],[-62.402001397197793,-18.641865504226214],[-62.402000445966749,-18.641865595192336],[-62.400963988474729,-18.641970437600236],[-62.400234170589769,-18.642360752897048],[-62.400050649581125,-18.642611057565183],[-62.399670659966397,-18.64341952359003],[-62.399663187206428,-18.643781877200006],[-62.399855617592138,-18.644175973849741],[-62.400317140730273,-18.644435761098308],[-62.400993183304109,-18.644559063980576],[-62.402020748620622,-18.644515358459746],[-62.402632471105044,-18.644528850566552],[-62.402922354486265,-18.6446014760472],[-62.403102319046681,-18.644751460442098],[-62.403178439411903,-18.645021052608598],[-62.403165837192837,-18.645348665789573],[-62.402995128764942,-18.646183796887374],[-62.402955213601132,-18.646449217535704],[-62.402984420232926,-18.64709763406848],[-62.403025014118001,-18.647394097081325],[-62.402972512045622,-18.647699012849252],[-62.402855285876512,-18.648046980713911],[-62.402711149657456,-18.648254094608809],[-62.402628881849935,-18.648553056548568],[-62.402645888740025,-18.648915285587329],[-62.402694653691199,-18.649161719653222],[-62.403056740101853,-18.649603397590081],[-62.403057027117889,-18.649603743739181],[-62.403057319831987,-18.649604087195105],[-62.40335144020829,-18.649948464664217],[-62.403502422796493,-18.650441616854017],[-62.40356806842378,-18.65079536017279],[-62.40361583807082,-18.651181788270634],[-62.403662400537073,-18.652031783336216],[-62.403629263028265,-18.652733702334196],[-62.403568255350031,-18.653064407984488],[-62.403456613569986,-18.653432226767276],[-62.403299824703062,-18.653909436359786],[-62.40306056014785,-18.654206041552325],[-62.402863859463842,-18.654360343238668],[-62.402449528470889,-18.654574207555488],[-62.40222217306227,-18.654794426398816],[-62.401942563084809,-18.655192479200633],[-62.401773035868459,-18.655590062321124],[-62.401664480167817,-18.655851067619547],[-62.401687316466159,-18.656135623060276],[-62.401818712860063,-18.656669998700284],[-62.402214747101098,-18.657347123340269],[-62.402825694261843,-18.657766686594663],[-62.40320145034692,-18.658074072514598],[-62.403527205180282,-18.658344133550177],[-62.404336223801671,-18.658621838061652],[-62.405043508994268,-18.65859979141965],[-62.405098950924263,-18.658578008257056],[-62.405740116505228,-18.658027403582434],[-62.406322765441764,-18.657277479289498],[-62.406903658684264,-18.6564965104305],[-62.407116524377052,-18.656059885580774],[-62.407629620310232,-18.655166329045102],[-62.407976593564982,-18.654637699704974],[-62.408424286825891,-18.654444936045319],[-62.408790061531413,-18.654344269178821],[-62.408950462197055,-18.654372955808537],[-62.409297922901061,-18.65471578304231],[-62.409382634749107,-18.654908406348312],[-62.409357119866392,-18.655113249111636],[-62.409275042410144,-18.655443053671476],[-62.409324831373759,-18.656110087302224],[-62.409510256088893,-18.656669288079467],[-62.409796503512318,-18.657230553278069],[-62.410601853991665,-18.658516270823277],[-62.411042906567246,-18.659084349720498],[-62.411458035690011,-18.659691646562116],[-62.411987269241514,-18.660554516144032],[-62.41223593179609,-18.660911282162829],[-62.412450649497323,-18.661116888501663],[-62.412706908516775,-18.661266232353949],[-62.412917805422467,-18.661424617246574],[-62.413160516145389,-18.661709266665685],[-62.413280725239531,-18.662074781539292],[-62.413419773665275,-18.662521861061908],[-62.413709694178166,-18.662776128989893],[-62.414228283361147,-18.663099173033363],[-62.414850754196905,-18.663264940142749],[-62.415367061049601,-18.663233703224208],[-62.415862093319824,-18.663007705448653],[-62.416459024594658,-18.662633740586493],[-62.416948535139724,-18.662254311504888],[-62.416952824915157,-18.662251202315499],[-62.417147395986795,-18.66211017186669],[-62.417360576318167,-18.661951758993386],[-62.417461149618056,-18.661886312136001],[-62.417569238848728,-18.661818431191229],[-62.417573863694301,-18.661816320781245],[-62.418161903968972,-18.661524023877082],[-62.418704590292663,-18.661288973763124],[-62.419058646576509,-18.661193224338824],[-62.419322818742025,-18.66115162562609],[-62.420162497191498,-18.661287683520733],[-62.420853628674159,-18.661696715518822],[-62.421278799174019,-18.662129178383157],[-62.422214753478301,-18.66255619255703],[-62.422797176905597,-18.662649804662909],[-62.423793724590666,-18.662525521902623],[-62.425138651280385,-18.662103464986206],[-62.426181765292696,-18.661654045981518],[-62.426182392954999,-18.661653774057946],[-62.426183018736197,-18.661653497609795],[-62.426669739973974,-18.661436540961507],[-62.427291135177491,-18.660975291057508],[-62.427325110685672,-18.660954827645217],[-62.42734250079917,-18.660949582784347],[-62.427552965348191,-18.660842619217561],[-62.427763289339673,-18.66077750112257],[-62.427957833157173,-18.660742225873978],[-62.428092675799192,-18.660742636421567],[-62.428243147273875,-18.660758039103939],[-62.428450035048328,-18.660782581379387],[-62.428597340988048,-18.660806941309538],[-62.428750868132468,-18.66084626561214],[-62.428866746350209,-18.660891452839792],[-62.428954170484737,-18.661005302043101],[-62.429035123558783,-18.66117891110682],[-62.429103572487243,-18.661340526223576],[-62.429175168089238,-18.661499162124962],[-62.42922789830736,-18.661672685345994],[-62.429237666485008,-18.661703587652738],[-62.429237885097081,-18.661704279697528],[-62.42921159769422,-18.662186520451499],[-62.429318268161431,-18.662629814302523],[-62.42963782331546,-18.663239252117538],[-62.429943807304319,-18.663514604796823],[-62.430976539543622,-18.664130582179027],[-62.432583344982788,-18.664353620118995],[-62.434278652179906,-18.664402508583031],[-62.435030151489173,-18.664025836796725],[-62.435544470242434,-18.663694696845532],[-62.436360532698437,-18.66304732772614],[-62.436833057161529,-18.662581206797974],[-62.437163765502973,-18.6623198038689],[-62.437258815463856,-18.662230109652381],[-62.437578868376448,-18.661943188720723],[-62.438960856578213,-18.660704248895662],[-62.439790582399944,-18.660349556306983],[-62.440269398006336,-18.660137943037991],[-62.440559308936926,-18.660026640949109],[-62.440850653189493,-18.65992516390526],[-62.44113304453046,-18.659875788150774],[-62.441288653773775,-18.659854730481712],[-62.441388464235835,-18.659842557104113],[-62.441406318115298,-18.65984030919855],[-62.441449259715839,-18.659827341285432],[-62.441461328679409,-18.659821649090585],[-62.441483861376057,-18.659805909191309],[-62.44149913970049,-18.659791006302427],[-62.441512261970246,-18.659765932333691],[-62.441519875473269,-18.659741400516321],[-62.441520710951131,-18.659712669530517],[-62.441519253102548,-18.65969022104305],[-62.441512454565427,-18.659659836063891],[-62.441509001617753,-18.659649313179585],[-62.441504460858162,-18.659642056891052],[-62.441488101790782,-18.659624746306232],[-62.441468090156334,-18.659613005623509],[-62.441444935153193,-18.65960305860882],[-62.441392302402946,-18.659597465058468],[-62.441292663913096,-18.65960407084378],[-62.441167816425171,-18.659610367517264],[-62.441136092930883,-18.659611966811834],[-62.44093793959081,-18.659630071684198],[-62.440765486063071,-18.659674912169386],[-62.440622867856838,-18.659712746757858],[-62.440448105825197,-18.659760050973009],[-62.440275050826948,-18.659809831007845],[-62.439997372096805,-18.659920095451799],[-62.438783919856071,-18.660491746434008],[-62.436985909179555,-18.66210286222594],[-62.436879448058257,-18.662191020940959],[-62.436660480947353,-18.66236556855285],[-62.436640696164353,-18.662381340493702],[-62.436166840272982,-18.662848677940147],[-62.435373363894733,-18.66347803519351],[-62.434882326049014,-18.663794140094325],[-62.434232888564971,-18.664129898903454],[-62.434228672229132,-18.664129810287204],[-62.433735995112869,-18.664119506709135],[-62.432629893008702,-18.664096369180992],[-62.431072191533154,-18.663873521997505],[-62.430117763300927,-18.663299769865642],[-62.429934754443885,-18.663075068987453],[-62.429615491202306,-18.662519337891812],[-62.42953645878471,-18.66214606781697],[-62.429524968124127,-18.661663442951308],[-62.42952389135273,-18.661618231524127],[-62.429368010459321,-18.661128691712044],[-62.429158216908661,-18.660696479192421],[-62.429106819877454,-18.660649755587567],[-62.428623139262591,-18.660497005626109],[-62.427953805654305,-18.660435738632476],[-62.427487061751918,-18.660540039296521],[-62.427127040825354,-18.660753766802518],[-62.426520770385601,-18.661205151666653],[-62.426063881786966,-18.661407297813323],[-62.425036305279242,-18.661850436502],[-62.423730149738297,-18.662260982941262],[-62.422800906560639,-18.662378018874822],[-62.422299945025898,-18.662296853642601],[-62.421708808960489,-18.662028731536346],[-62.421605165540221,-18.661954140180445],[-62.421439962803746,-18.661843636087923],[-62.421279941126564,-18.661685322408783],[-62.421099913760351,-18.661507817871009],[-62.420839609073667,-18.661330065690382],[-62.42045898501285,-18.661123247495397],[-62.420430445424728,-18.661114424566549],[-62.420367364366605,-18.661076934298396],[-62.420267209837867,-18.661019833600076],[-62.419875468960164,-18.660946887993493],[-62.419659226554764,-18.660907362754191],[-62.419405650069812,-18.660875287300009],[-62.419390915822682,-18.66087126339222],[-62.419350777094095,-18.660871139334198],[-62.419306978635795,-18.660876799795385],[-62.419305599380706,-18.660876978092379],[-62.419297534970575,-18.660879536122735],[-62.418802868494367,-18.660947201294881],[-62.418257572979861,-18.661153902512481],[-62.41724301355336,-18.661677834931304],[-62.416291635634785,-18.662414469935051],[-62.415723170195037,-18.662771016925092],[-62.415293280629342,-18.662970507308064],[-62.414883654688005,-18.662994689917671],[-62.414346626481532,-18.66285168220908],[-62.413883169357639,-18.662561130010172],[-62.413662145294985,-18.66237353474552],[-62.413553598352905,-18.661998208200444],[-62.41341040756781,-18.661577277059731],[-62.413118354927775,-18.661231803269686],[-62.412870002953042,-18.661043995206814],[-62.412626198390484,-18.660902919284997],[-62.412458428571853,-18.660741954962528],[-62.412228743895895,-18.66041121824453],[-62.411700061285067,-18.659549196054972],[-62.411277063632809,-18.658930386429763],[-62.410838654801289,-18.658365955809291],[-62.410047000683022,-18.657102052994404],[-62.409775106981762,-18.656570046492892],[-62.409604573102683,-18.656058551803408],[-62.40955942222395,-18.655464473736906],[-62.409637234845071,-18.655160862977183],[-62.409667571466258,-18.654876551116541],[-62.409536399846836,-18.654565654626143],[-62.409117310928522,-18.654148027656586],[-62.409068055467422,-18.654121096970094],[-62.408772593736892,-18.654071620160305],[-62.408325721203717,-18.654190460326717],[-62.407781409237025,-18.654435748791041],[-62.407384101808354,-18.655029389415724],[-62.406862389862361,-18.655938046165971],[-62.406657430931631,-18.656360305973497],[-62.406092431871684,-18.657118394937434],[-62.405528425599385,-18.657845874713853],[-62.404961071224101,-18.658333731949764],[-62.404381590106496,-18.65835293538942],[-62.403674991812757,-18.658111060503032],[-62.403389012573157,-18.657870241641032],[-62.403388977595931,-18.657870211705799],[-62.403388489773462,-18.657869803463655],[-62.40338746963824,-18.657868966051566],[-62.40300068101125,-18.657552874748468],[-62.40242778163185,-18.657164736691623],[-62.402085241280922,-18.656573502768378],[-62.401968215023174,-18.656092222979552],[-62.401948256719592,-18.655890251690987],[-62.402035314884458,-18.655694983470195],[-62.402035636953975,-18.655694256966274],[-62.402035753560185,-18.655693990727418],[-62.402036293687836,-18.655692727178714],[-62.402195174134654,-18.655317768172811],[-62.402444404918533,-18.654963984096135],[-62.402621355206755,-18.654791202320098],[-62.403021906904748,-18.654586106453312],[-62.403266087168873,-18.654393961198867],[-62.403554050155101,-18.654033482336612],[-62.403728965692281,-18.653510421592912],[-62.403845331737955,-18.653125964887721],[-62.403912165619417,-18.652762808122176],[-62.403946891600548,-18.65203111960993],[-62.403899356171344,-18.65115985865717],[-62.40384960774675,-18.650756695681046],[-62.40377952331739,-18.650380168049288],[-62.403604396060416,-18.649821372327452],[-62.403278187687377,-18.649433255164453],[-62.402958210719994,-18.649053570381927],[-62.402928831344248,-18.648886875530724],[-62.402912695583858,-18.648580665422383],[-62.402970901405553,-18.648366747872789],[-62.403111099333785,-18.648166861318241],[-62.403249233928022,-18.647762344309836],[-62.403310089961948,-18.647397241731902],[-62.403267742191481,-18.647073470505624],[-62.403239448476334,-18.646464395906474],[-62.403275510198,-18.646229360139589],[-62.403448674581682,-18.64537880478672],[-62.403461817506496,-18.644991493370402],[-62.403346197900639,-18.644605362146187],[-62.403056020323241,-18.644359925912731],[-62.402671753021927,-18.644259872516219],[-62.402018196423221,-18.644244218554892],[-62.401013156438211,-18.644288160356602],[-62.400413426994874,-18.644179688608268],[-62.400073203372877,-18.643995827056891],[-62.399944228174917,-18.643728680542313],[-62.399950193419841,-18.643476850549579],[-62.400299740423243,-18.642742328567351],[-62.400425502153176,-18.642563799839255],[-62.401048713652713,-18.642230866731257],[-62.402028417780528,-18.642135406136461],[-62.403068855454805,-18.642045582025908],[-62.403443831506848,-18.641905929536058],[-62.403675818346493,-18.641612260677181],[-62.403692299853375,-18.641563546741832],[-62.403644222050787,-18.641037761450942],[-62.4036121460868,-18.640984282504522],[-62.403127926564061,-18.640597991105068],[-62.402556497604856,-18.64044669380651],[-62.401819020327245,-18.640343475582839],[-62.401268148239176,-18.640134576960726],[-62.401129659902182,-18.639839630029673],[-62.40112586874119,-18.639280429390627],[-62.401467200110154,-18.638286560478331],[-62.401948751388844,-18.637609146903618],[-62.40206825912653,-18.637288567690206],[-62.402276634290786,-18.636160046123109],[-62.402355278047231,-18.635280679277177],[-62.40250672123247,-18.634408784531761],[-62.402580120898641,-18.634155545146825],[-62.40291186120335,-18.633168006460121],[-62.40311866269797,-18.632232793523112],[-62.403146143922534,-18.631997049597409],[-62.403122245857858,-18.631656154075603],[-62.403122197895016,-18.631655500501367],[-62.403122138556185,-18.631654846891035],[-62.403085415424123,-18.631276070021883],[-62.402979908535706,-18.631100702141151],[-62.402693986379084,-18.630804610411055],[-62.402462818120618,-18.630713883884255],[-62.402140788350806,-18.630755760640366],[-62.40179188750006,-18.630930308123226],[-62.401486474802667,-18.631199393342776],[-62.401257921829036,-18.631463130188902],[-62.401071194830422,-18.631530564847825],[-62.400959129701228,-18.631518062320215],[-62.400901366240731,-18.63134579163151],[-62.400902391466232,-18.631053219153536],[-62.40098630632734,-18.630724733823794],[-62.401229905496244,-18.630250645100201],[-62.401663358061981,-18.629744462610766],[-62.402205168094966,-18.629329919002874],[-62.402633287451259,-18.628862062100456],[-62.402832882607207,-18.62844370568553],[-62.402774068254438,-18.627823177255177],[-62.402554770053023,-18.627360140017128],[-62.402180988935854,-18.627082146629625],[-62.401934179621584,-18.626807854899504],[-62.401897536919108,-18.626520609491863],[-62.401939678769509,-18.626194992093179],[-62.402103211188546,-18.625786930339803],[-62.402275766557032,-18.625147780750059],[-62.402277922160422,-18.624626738786915],[-62.402154935988698,-18.624030086082477],[-62.401894879552799,-18.623366438961011],[-62.401649422775122,-18.622909005813622],[-62.401322067532753,-18.622408431776645],[-62.401199665338318,-18.622164613092501],[-62.401116219566994,-18.622025648468071],[-62.401066088785541,-18.621970660186243],[-62.400947556635508,-18.621865756104654],[-62.40083954973413,-18.621819598590708],[-62.400729914420026,-18.621792348932619],[-62.4006139875369,-18.621771055775231],[-62.40047918678448,-18.621767637650589],[-62.400298119858917,-18.621792128501806],[-62.400090532147836,-18.621889528161848],[-62.399970410252187,-18.621945889031256],[-62.399563965335638,-18.622182868649858],[-62.399063250125508,-18.622607444577305],[-62.398192480595689,-18.623408431812415],[-62.397576013049836,-18.623756136861839],[-62.397392054189126,-18.623786030949589],[-62.397336005744449,-18.623795139449747],[-62.397135949330476,-18.623765874602416],[-62.396991457990673,-18.623682591537104],[-62.396901827456432,-18.623584267504178],[-62.396846837252617,-18.623523943899603],[-62.396730996142253,-18.623250235214535],[-62.396755041434325,-18.622881674722109],[-62.39684464777239,-18.622370563821178],[-62.396820864257158,-18.621627549365179],[-62.39667804817546,-18.621039175236945],[-62.39662227761908,-18.620929431196316],[-62.396450445705625,-18.620591301375658],[-62.396368213266918,-18.620429486025262],[-62.396060126729232,-18.620002096777235],[-62.395834403151909,-18.619453030934032],[-62.395665470717994,-18.618657185208388],[-62.395610900114804,-18.618209755572177],[-62.395292400056256,-18.617668256625542],[-62.395288185273373,-18.617661091591028],[-62.39498470788832,-18.617368173130096],[-62.39483860239298,-18.617227150809011],[-62.394472748205004,-18.616900174153926],[-62.394065917195768,-18.616556947167741],[-62.393517333176362,-18.615948417929559],[-62.393083219048528,-18.615281647061366],[-62.392702791524968,-18.614794391583139],[-62.392349539430086,-18.614395128702906],[-62.391872522001421,-18.614052931346563],[-62.391744172733048,-18.614007851735973],[-62.391419289052685,-18.613893742600094],[-62.39093899680271,-18.613853124167239],[-62.390524935520489,-18.613889921249658],[-62.390063870859301,-18.614013442252347],[-62.38961544503529,-18.614194368651937],[-62.389109566218956,-18.614404751920834],[-62.388354754979247,-18.614982208882381],[-62.387951731934571,-18.615410184440499],[-62.387559476533553,-18.615705376884438],[-62.387495897863253,-18.61575322318178],[-62.387326452772875,-18.615790903726882],[-62.387195392053506,-18.615820048300339],[-62.387084338905815,-18.615844743622116],[-62.386983685632217,-18.615819359014594],[-62.386633610344518,-18.615731070518766],[-62.386571299140066,-18.61571535527257],[-62.386554394722239,-18.615702436910755],[-62.385988269270833,-18.615269813845689],[-62.385652616173608,-18.614947896046452],[-62.385509575214357,-18.6148107077533],[-62.385451332991686,-18.614754848473826],[-62.385144686253888,-18.614519447840106],[-62.384796486027092,-18.614408955743595],[-62.384536889475903,-18.614419479311515],[-62.384417216865224,-18.614424329870467],[-62.384145453542189,-18.614576111196531],[-62.383980463277389,-18.61487894959518],[-62.383964390567726,-18.61496817080511],[-62.383884980490606,-18.615408973034071],[-62.383765826608581,-18.615867895707847],[-62.383630358483423,-18.616045442159255],[-62.383444552339483,-18.616182250971189],[-62.383231973214137,-18.616229772199194],[-62.383114852294568,-18.616221942317079],[-62.382694212170314,-18.616193821028713],[-62.382388721203228,-18.616152824743622],[-62.382401370765749,-18.616087821472217],[-62.387911287417971,-18.587765320138303],[-62.393419239727798,-18.559442520676932],[-62.401232553403268,-18.529824521818934],[-62.409043027101461,-18.500206031498969],[-62.409866491282614,-18.497082676414198],[-62.439043338027332,-18.506001245056773],[-62.442723539385049,-18.507125800153954],[-62.46822465716798,-18.514915792578758],[-62.474261794804441,-18.516686033364078],[-62.475613141633929,-18.517104815066848],[-62.479736410498411,-18.518319381336966],[-62.491250955257399,-18.521754123156054],[-62.497435405028142,-18.523680772278976],[-62.49780759938298,-18.523812081048899],[-62.497814972732613,-18.523814518264672],[-62.501603126504889,-18.524984157819802],[-62.50191620314191,-18.525080819647012],[-62.507426423200847,-18.526775189119331],[-62.513369198249066,-18.528596168601773],[-62.518941964193409,-18.530272306990714],[-62.524621106159884,-18.532026251094955],[-62.528766867984459,-18.533286182515319],[-62.533512917632898,-18.534732550586831],[-62.538673279083554,-18.53633554937937],[-62.543257358753038,-18.537709728642373],[-62.548968270091436,-18.539480950900078],[-62.556102279864454,-18.541644315604096],[-62.563034828637903,-18.543716878588839],[-62.570755989838254,-18.546089731309447],[-62.577025793576702,-18.548029043401996],[-62.582500347939224,-18.549673432841733],[-62.583741914658169,-18.550050187812687],[-62.589683849153403,-18.551853139746665],[-62.59656112801931,-18.553960349492325],[-62.602918499360939,-18.555886796066499],[-62.608530819375886,-18.557620267392629],[-62.61265316247578,-18.55886647888742],[-62.61693742158247,-18.560154468261761],[-62.62173558466035,-18.561622809763389],[-62.62658435562679,-18.563085261244208],[-62.631651649495609,-18.564619513365049],[-62.636167144015104,-18.566008910790192],[-62.640788069984332,-18.567467120150049],[-62.645681638118837,-18.568929351945489],[-62.649402927487806,-18.570066212588355],[-62.654740564961266,-18.571656773204591],[-62.654853412843963,-18.571690402122371],[-62.65901300969233,-18.5729592891038],[-62.663220458699321,-18.574227462837381],[-62.667581457046388,-18.575715647470076],[-62.667418823910566,-18.581675097307429],[-62.667230575559238,-18.588663797905653],[-62.667038443474816,-18.59579590937911],[-62.666873421935648,-18.601921033161418],[-62.666749017499285,-18.606538163297255],[-62.666699175966826,-18.608387898899121],[-62.666573044503359,-18.61306866501883],[-62.66643296745454,-18.618266556244798],[-62.666299181100797,-18.622721629169988],[-62.666146681682783,-18.628602740590743],[-62.665965709719551,-18.633287800905045],[-62.665819065105914,-18.637813723070909],[-62.6657478087999,-18.642623371995146],[-62.665557087405872,-18.642696727954224],[-62.665433164380154,-18.642737639006864],[-62.66499482795124,-18.64289411088463],[-62.664986582785723,-18.642896765991594],[-62.664437244062697,-18.643047159579289],[-62.664431218866206,-18.643048607544099],[-62.664262077625182,-18.643083624828684],[-62.664258226912082,-18.643084343696501],[-62.663954598910891,-18.643134822963479],[-62.663949743732204,-18.643135756035633],[-62.663373479298976,-18.643261505313784],[-62.663367139953365,-18.643263110845108],[-62.662870073579839,-18.643406700184432],[-62.662568244474883,-18.643497330413744],[-62.662558435047167,-18.643500855667387],[-62.66217668018276,-18.643661531975535],[-62.662166099392913,-18.643666765794059],[-62.66173190164816,-18.643915767476066],[-62.661728334401374,-18.643917917501884],[-62.661351580443323,-18.644156367745506],[-62.661343216752449,-18.644162318600735],[-62.661333989175176,-18.644170740669939],[-62.661082613686254,-18.644433328645608],[-62.66108013281864,-18.644436025602705],[-62.66107062803809,-18.644448913690507],[-62.661065975462783,-18.644457614226727],[-62.660877027945446,-18.644863791151476],[-62.660874668422309,-18.644869356051071],[-62.660870360343232,-18.644884565397028],[-62.660869691315057,-18.644888692704217],[-62.660818784285304,-18.645259249774103],[-62.66081807148084,-18.645274918403342],[-62.660842113123657,-18.645801043603218],[-62.660843744211292,-18.645814251824341],[-62.660943113090404,-18.646304644147389],[-62.660946439081002,-18.646316595540512],[-62.661108594068189,-18.646771232270638],[-62.66111040900865,-18.646775894580575],[-62.661484839290374,-18.647662373888327],[-62.661536678439397,-18.647867536294246],[-62.66155111358642,-18.64808005416878],[-62.661526034584384,-18.648285783020032],[-62.661394536797083,-18.648694410838111],[-62.661254769828574,-18.649008780038393],[-62.661051298557219,-18.649269307559763],[-62.660842343621979,-18.649482542281074],[-62.660607674389794,-18.649690161175979],[-62.660605195222047,-18.64969243696115],[-62.660010019406265,-18.650258697263684],[-62.659826888590189,-18.650437116534128],[-62.659759936162892,-18.650497650479743],[-62.658285440614485,-18.650639016086647],[-62.656648140749489,-18.650520407722379],[-62.656039436560832,-18.650461260643748],[-62.656036203915498,-18.650460999859323],[-62.656030003468835,-18.650460794197478],[-62.656024435673679,-18.650460940363558],[-62.654990040604595,-18.650517038828976],[-62.654035030803477,-18.650515283384479],[-62.65314329041297,-18.650173365039457],[-62.65052832748475,-18.648775759662009],[-62.650524057691719,-18.648773611550929],[-62.650518410881098,-18.648771159917789],[-62.650512608793036,-18.648769065896243],[-62.650507348876062,-18.648767514252292],[-62.648739224314795,-18.648299019271199],[-62.648738550554768,-18.648298843580879],[-62.648732510899414,-18.648297489264127],[-62.648726390820769,-18.648296514388278],[-62.648725775640244,-18.648296438224175],[-62.64774997410403,-18.648178311702509],[-62.647744415328184,-18.648177796971453],[-62.647738214977437,-18.648177591941337],[-62.647732013828907,-18.64817777373122],[-62.647725837482014,-18.648178342389045],[-62.647719714387961,-18.648179294353003],[-62.647717642821412,-18.648179706213618],[-62.646619115080405,-18.648410243361752],[-62.646615141453552,-18.648411163178814],[-62.646609695026712,-18.648412711071547],[-62.645717954598574,-18.648694192210417],[-62.645149336352105,-18.648584671311077],[-62.644068549604356,-18.647952269645945],[-62.642425228640676,-18.646903443012313],[-62.642421421066331,-18.646901136531344],[-62.639984279276639,-18.645500888062966],[-62.639982906140133,-18.645500114501715],[-62.639977440466474,-18.645497315846949],[-62.639971794868615,-18.645494863902272],[-62.639970181543866,-18.645494239909862],[-62.638263492106752,-18.644851315538318],[-62.638259302672211,-18.644849845147519],[-62.638253369259822,-18.644848116532604],[-62.638247329813389,-18.644846762785704],[-62.638241210872287,-18.644845787573068],[-62.638235038025762,-18.644845195462832],[-62.638228836865004,-18.644844990119395],[-62.637374818765288,-18.644843344807935],[-62.637368616785068,-18.644843526256039],[-62.637362441478849,-18.64484409457685],[-62.637360029736023,-18.644844422518993],[-62.636228752672771,-18.645012455589129],[-62.635623693184229,-18.644748869827371],[-62.635339869331098,-18.643822018700366],[-62.635639137947898,-18.642578487963469],[-62.636734901423843,-18.640672676759841],[-62.63673670791178,-18.640669375997778],[-62.636738828588385,-18.64066500846808],[-62.637649692807351,-18.638650223779301],[-62.63867248734536,-18.637793407615131],[-62.638676808274568,-18.637789553121639],[-62.638681058109597,-18.63778524478926],[-62.638685003205246,-18.637780681002724],[-62.638688627404271,-18.637775880710588],[-62.638691913597484,-18.637770864667171],[-62.638692124806141,-18.637770516210296],[-62.639181834104591,-18.636957357315616],[-62.639184558685422,-18.636952495637019],[-62.639187130776861,-18.636947113986924],[-62.639189327749769,-18.63694158249189],[-62.639190366695232,-18.636938503467114],[-62.639558810688243,-18.635776211876333],[-62.639559584051995,-18.635773634846934],[-62.639561005010989,-18.635767877719509],[-62.639562027944066,-18.635762044814744],[-62.639562648061442,-18.635756159622037],[-62.639562863409857,-18.635750249251309],[-62.639562672989868,-18.635744338102956],[-62.639562155148013,-18.635739038192646],[-62.639445873457348,-18.634837499438117],[-62.640097905449245,-18.633712694931877],[-62.640931510932589,-18.63292118446012],[-62.64103461792314,-18.632776952910273],[-62.641085160542666,-18.632606939821482],[-62.641264681652771,-18.632091636644798],[-62.641429512520993,-18.631623455979415],[-62.641590664609673,-18.631089903311416],[-62.641702698724693,-18.630625274855511],[-62.641776268197944,-18.630109769206918],[-62.641819192029132,-18.629616986994069],[-62.641833067413387,-18.629362605480747],[-62.641833003926898,-18.629352181042478],[-62.641832408573059,-18.629346294426607],[-62.641831410205903,-18.629340456751912],[-62.64183001351067,-18.629334694237304],[-62.641828224124389,-18.629329031295818],[-62.64182605052823,-18.629323492345883],[-62.641823502155063,-18.629318100000265],[-62.64182327082122,-18.629317654895033],[-62.641337255725404,-18.628386329278424],[-62.641334573366066,-18.628381553055679],[-62.641331308503794,-18.628376524468749],[-62.641328938611515,-18.628373285285203],[-62.64065982152448,-18.627499759552443],[-62.640658587674096,-18.627498184600718],[-62.640654661138583,-18.627493604826025],[-62.640650429754189,-18.627489280241729],[-62.640645910547121,-18.627485228956097],[-62.6406411233895,-18.627481468179109],[-62.640636087209309,-18.627478013311311],[-62.640630825674485,-18.627474879762346],[-62.640625360558914,-18.627472082034405],[-62.640619715541916,-18.627469630114419],[-62.64061391335111,-18.627467535795038],[-62.640607980513643,-18.627465807261046],[-62.640601941660663,-18.627464452693591],[-62.640595978757148,-18.627463497746358],[-62.639681296338217,-18.627345448585825],[-62.63968114090639,-18.627345428404784],[-62.639674968682954,-18.627344837255134],[-62.639668769102109,-18.627344631971368],[-62.63966320205715,-18.627344776761845],[-62.63862616247026,-18.627400937715983],[-62.638625529118912,-18.627400974458727],[-62.638619353501255,-18.627401541927039],[-62.638613231108437,-18.627402493608251],[-62.638607186598257,-18.627403825030729],[-62.63860124652642,-18.627405530822774],[-62.638595436506371,-18.627407602899503],[-62.638589780257441,-18.627410032268518],[-62.638584303395028,-18.627412809941212],[-62.638579028698082,-18.627415923308238],[-62.638574103329802,-18.62741926781267],[-62.637535583983563,-18.628173219072693],[-62.637535459600123,-18.628173310115869],[-62.637530656588851,-18.628177052495417],[-62.637526119352678,-18.628181086407274],[-62.637521869730428,-18.628185395625305],[-62.637517924830391,-18.628189959395332],[-62.637514300807204,-18.628194759672684],[-62.637514245655652,-18.628194838196158],[-62.636657716043487,-18.629414334601012],[-62.636654484160807,-18.629419272090029],[-62.636651781640865,-18.629424037977454],[-62.635734106059409,-18.631164903787127],[-62.634572014639545,-18.633137934277848],[-62.634569737178744,-18.633142044806416],[-62.634567813716203,-18.633145978879934],[-62.633969661454771,-18.634450220165448],[-62.632807934138825,-18.634945867704545],[-62.631327592838446,-18.63471710149641],[-62.630001455378562,-18.634024142868874],[-62.629997993031637,-18.634022421570609],[-62.629994247115192,-18.634020747615278],[-62.628470701899666,-18.633378095162719],[-62.628468801807344,-18.633377317766492],[-62.628463000521421,-18.63337522307463],[-62.628457067610171,-18.633373494157102],[-62.628451028653096,-18.63337213919851],[-62.628444910183532,-18.633371163673971],[-62.62844196911233,-18.633370833404275],[-62.627236786366531,-18.633253532203305],[-62.625985696960058,-18.632739439295495],[-62.625031763503934,-18.631883294485974],[-62.624064931666297,-18.630494440517161],[-62.624064876853645,-18.630494361777988],[-62.624064381629957,-18.630493659448316],[-62.623152259220149,-18.629212536929487],[-62.623149152128661,-18.629208425697083],[-62.623145226028718,-18.62920384646905],[-62.623140995055181,-18.629199520594906],[-62.623136476226541,-18.629195468895848],[-62.623131689415374,-18.629191707679883],[-62.623129083578938,-18.629189860538386],[-62.621850104458495,-18.628315045864781],[-62.621847674450358,-18.628313438563232],[-62.621842413244487,-18.628310304494665],[-62.621836948422313,-18.628307505322336],[-62.621835257932439,-18.628306726473731],[-62.61988972757802,-18.627432517145923],[-62.618378528101353,-18.62656392778042],[-62.617291388497016,-18.625638693982729],[-62.616402146953526,-18.624787294868895],[-62.616227530984091,-18.623718126451902],[-62.616229579443917,-18.622805116864786],[-62.616403841811206,-18.622092147731898],[-62.617513448873716,-18.621316135289469],[-62.618572471164569,-18.621262198998703],[-62.620314784175875,-18.621552224105471],[-62.621885207575488,-18.622362498601063],[-62.621885796556377,-18.622362799842474],[-62.622921527431927,-18.622888227127394],[-62.622923950716888,-18.622889414139408],[-62.622929596268094,-18.622891866586318],[-62.622935397129766,-18.622893961443658],[-62.622941329620268,-18.622895690529838],[-62.622947368161881,-18.622897045659492],[-62.622953487170989,-18.622898021358637],[-62.622959105622982,-18.622898575792671],[-62.623812884819749,-18.62295843420797],[-62.62381343836315,-18.622958471466049],[-62.623819638704092,-18.622958677271104],[-62.623825838947724,-18.622958496253858],[-62.623832013496475,-18.622957929266949],[-62.623838136750756,-18.622956978066806],[-62.623844181209016,-18.622955647117386],[-62.623850121263715,-18.622953941790254],[-62.623855931301357,-18.622951870168322],[-62.623861587602448,-18.622949441242099],[-62.623867064551455,-18.622946663998306],[-62.623872339368951,-18.622943551044468],[-62.623875737185251,-18.622941292939057],[-62.624792041897905,-18.622303473121764],[-62.624793693973743,-18.622302296066284],[-62.624798497090048,-18.622298554011486],[-62.624803033513857,-18.622294520404616],[-62.624807283299887,-18.622290212377958],[-62.624809698095909,-18.622287492266477],[-62.625849253419084,-18.621068413565585],[-62.625850784645813,-18.621066569263224],[-62.625854407889257,-18.621061769208051],[-62.625857695072114,-18.621056753382788],[-62.625860630979368,-18.621051543448118],[-62.625863202291988,-18.621046161068588],[-62.625865399476858,-18.621040630627544],[-62.625867213004895,-18.621034974700805],[-62.625868634290988,-18.621029217673648],[-62.625868833604265,-18.621028241976855],[-62.626053846201664,-18.620098210411815],[-62.626054669231173,-18.620093353272413],[-62.626055289745487,-18.620087468121511],[-62.626055506478409,-18.62008155776606],[-62.626055315584743,-18.620075646600732],[-62.626054720803104,-18.620069759035296],[-62.626053723022224,-18.62006392218521],[-62.626052326930612,-18.620058159558315],[-62.626050539108803,-18.620052496473797],[-62.626048366139237,-18.62004695734705],[-62.626045817452265,-18.620041564791546],[-62.626044157638447,-18.620038489511824],[-62.625254312838209,-18.618641319604752],[-62.625253060535869,-18.61863917422545],[-62.625249795386246,-18.618634144460046],[-62.625246192289694,-18.618629330027542],[-62.625242267318036,-18.61862475084332],[-62.625238036545042,-18.618620425918966],[-62.62523351794038,-18.618616374269799],[-62.625228730427608,-18.618612612201705],[-62.625225820884936,-18.618610557516764],[-62.62376418921852,-18.617619092513202],[-62.623762065076249,-18.617617692815916],[-62.623756804159385,-18.617614558802515],[-62.623751338695136,-18.61761175968622],[-62.623748641600798,-18.617610535082608],[-62.622408111019794,-18.61702635153156],[-62.622405164637357,-18.617025124601305],[-62.62239936303213,-18.617023029728074],[-62.622393430749931,-18.617021300627449],[-62.622387392419519,-18.617019945482941],[-62.622381274571545,-18.617018969770463],[-62.622375102790677,-18.617018378060308],[-62.622372546447039,-18.617018245497778],[-62.620789802148003,-18.616957020567444],[-62.619614539226745,-18.616842574024712],[-62.619117438027303,-18.616207851435416],[-62.619292958975677,-18.615380260947752],[-62.619597169432801,-18.614458997575515],[-62.619888980066129,-18.613795232655757],[-62.620653099837249,-18.613404931122105],[-62.620655557873668,-18.613403630097999],[-62.620660832448202,-18.613400518130582],[-62.620665882130105,-18.613397083056867],[-62.620670686028788,-18.613393341102945],[-62.62067522230975,-18.613389306685512],[-62.621469763733536,-18.61263495669666],[-62.621473592422319,-18.61263110159452],[-62.62196266628829,-18.612108734488352],[-62.621963087220784,-18.612108281630732],[-62.62196703310034,-18.612103717277865],[-62.621967664270564,-18.612102926824768],[-62.622518109090755,-18.611406231772808],[-62.622521101051532,-18.611402222230033],[-62.622524388139873,-18.611397206456264],[-62.622527323976165,-18.611391996567136],[-62.622529895241648,-18.611386614226895],[-62.622532092403418,-18.611381083818809],[-62.622533485678552,-18.61137686410289],[-62.622779236495887,-18.610563257348275],[-62.622779656747561,-18.610561820259381],[-62.622781078043218,-18.610556063249476],[-62.622782101379535,-18.61055023042768],[-62.622782722911118,-18.610544346188693],[-62.622782938792547,-18.610538434927125],[-62.62278460462678,-18.609782488832042],[-62.622784414798652,-18.609776577661055],[-62.622783819210731,-18.609770690079582],[-62.62278282159496,-18.609764853208834],[-62.622781425691251,-18.609759090554821],[-62.622781316589922,-18.609758701706305],[-62.622599760953719,-18.60911868822507],[-62.622598081506624,-18.609113413952006],[-62.62259590878358,-18.609107873879637],[-62.622593361308425,-18.609102482181655],[-62.62259044851244,-18.609097260567889],[-62.62258718361656,-18.609092231659631],[-62.622583581739477,-18.609087417178095],[-62.62257965610808,-18.609082837033203],[-62.622575425634714,-18.609078512049994],[-62.622570907341867,-18.609074460338416],[-62.622566121097712,-18.609070699110255],[-62.622561085826526,-18.609067243767882],[-62.622555825192102,-18.60906410972316],[-62.622550360964382,-18.609061311480339],[-62.622544716819171,-18.609058859028572],[-62.62253891548027,-18.609056764162649],[-62.622532983471125,-18.609055035069872],[-62.622526945419345,-18.609053679933648],[-62.622520827854366,-18.609052704229953],[-62.622514656359648,-18.609052112528975],[-62.622508456524699,-18.609051906689611],[-62.621715607019112,-18.609050315665481],[-62.621709407278807,-18.609050496622398],[-62.621703232279181,-18.609051063547412],[-62.621697110461433,-18.609052014690054],[-62.621691811949525,-18.609053159993888],[-62.62004650044252,-18.609456334446563],[-62.618279359248639,-18.609801205141835],[-62.618274028352666,-18.609802399991491],[-62.618268088706962,-18.609804104248425],[-62.618262279054584,-18.60980617570754],[-62.618256623113432,-18.609808605379012],[-62.618251146501258,-18.60981138246931],[-62.618246587726766,-18.609814044831278],[-62.616475440412252,-18.610915294814234],[-62.616474724672422,-18.610915744347597],[-62.61647178745757,-18.610917684224841],[-62.614700355692634,-18.612135216098459],[-62.614698243187576,-18.612136711162638],[-62.614693439195143,-18.612140453866719],[-62.614688902811729,-18.612144487234847],[-62.614686957173369,-18.612146389345757],[-62.612679265965262,-18.614167863740583],[-62.611106935013808,-18.615028412615949],[-62.609974003868288,-18.615537199532341],[-62.608739758512264,-18.615422543257708],[-62.607927373162106,-18.614977701921593],[-62.607405514089542,-18.614088620113556],[-62.607407678491761,-18.613145087031118],[-62.607759702861827,-18.61247747595861],[-62.60860111039139,-18.611564669993339],[-62.60957002508048,-18.610874953739557],[-62.610241399364433,-18.610411536546387],[-62.610243354285231,-18.610410149660783],[-62.610248157373412,-18.610406407972253],[-62.610252693812406,-18.610402374711466],[-62.610256944604885,-18.610398067011104],[-62.610260889803484,-18.610393502905705],[-62.610264514194284,-18.610388703150935],[-62.61026780066954,-18.610383687594798],[-62.610270736857089,-18.61037847790265],[-62.610273309436707,-18.610373095737891],[-62.610275506977963,-18.610367565479152],[-62.610277319950292,-18.610361909701492],[-62.610278741662746,-18.610356152793411],[-62.610279411357773,-18.610352617651081],[-62.610464891695159,-18.609248153019802],[-62.61046524575476,-18.609245855415146],[-62.610465867705358,-18.609239970319788],[-62.61046608400725,-18.609234059982988],[-62.610465894604985,-18.609228148806945],[-62.610465299443057,-18.609222261193878],[-62.610464303199329,-18.609216424267146],[-62.610462907716226,-18.609210661529065],[-62.610461119571532,-18.609204998299365],[-62.6104589472409,-18.6091994589979],[-62.610456399204146,-18.609194066236942],[-62.610453487728513,-18.609188844444112],[-62.610450223191677,-18.609183815331892],[-62.610446620710775,-18.609179000622433],[-62.610442696355022,-18.609174420232346],[-62.610438466191496,-18.609170094982041],[-62.610433948189346,-18.609166042984441],[-62.610431227001754,-18.609163843857505],[-62.609457137758426,-18.608405876681719],[-62.609455071094445,-18.608404314262415],[-62.609450037060064,-18.608400859480131],[-62.609444776693195,-18.60839772507364],[-62.609439312710528,-18.608394925550652],[-62.609433668780696,-18.608392473613335],[-62.609432598599732,-18.608392055650555],[-62.608518575169057,-18.608041257929756],[-62.608513844221086,-18.608039580603176],[-62.60850791239745,-18.608037851071607],[-62.608501874501407,-18.6080364954882],[-62.608495756111729,-18.608035520232701],[-62.608489584713325,-18.608034927169786],[-62.608483385889159,-18.608034720871608],[-62.608477185232481,-18.608034901391331],[-62.608471011180242,-18.60803546878812],[-62.608464889336055,-18.608036418596239],[-62.608458845297285,-18.608037749061356],[-62.608452905619608,-18.608039453912127],[-62.608451521583305,-18.608039910159615],[-62.607208269318669,-18.608459909579555],[-62.607203843628142,-18.608461524457979],[-62.607198187581517,-18.608463953795589],[-62.607195342572737,-18.608465341504587],[-62.605630333540411,-18.609260629853537],[-62.605627702730843,-18.609262018890686],[-62.605622428020475,-18.609265130435659],[-62.60561737816834,-18.609268565104159],[-62.605612574065873,-18.60927230667173],[-62.605608037548215,-18.609276340723543],[-62.605603787617234,-18.60928064831981],[-62.605599841376886,-18.609285211420588],[-62.605596217829032,-18.609290011086113],[-62.605593741873925,-18.609293718666422],[-62.605060941367604,-18.610136181581296],[-62.603638336464563,-18.610584988434443],[-62.602229530764014,-18.610749874747707],[-62.601363380092955,-18.609920374096845],[-62.600703488335064,-18.608308316763598],[-62.600702840717176,-18.608306776237985],[-62.600701995816486,-18.608304880105013],[-62.59979548984019,-18.606333881805845],[-62.599375238158999,-18.604540755681843],[-62.599014165084888,-18.602622918522457],[-62.599013875621615,-18.602621453767636],[-62.599012480574849,-18.602615690948905],[-62.599010693823374,-18.602610027616908],[-62.599008521945223,-18.602604488187957],[-62.599006539523941,-18.602600213563495],[-62.598399543327162,-18.601377771863707],[-62.598398978175126,-18.601376654479033],[-62.598396066251198,-18.601371432502845],[-62.598392803164991,-18.601366403188873],[-62.59838920118996,-18.601361587350432],[-62.59838527733465,-18.601357007618486],[-62.598381046722494,-18.601352682101059],[-62.5983765292141,-18.60134862982002],[-62.598371743728499,-18.601344867083942],[-62.59836671012846,-18.601341412010903],[-62.598364940212527,-18.601340305614332],[-62.597025174410248,-18.600523346260033],[-62.597021683467744,-18.600521317919632],[-62.597016686718987,-18.600518739565526],[-62.595555971568778,-18.599818423518194],[-62.593980742324156,-18.599005279885592],[-62.593134891802663,-18.598368620949763],[-62.593134034564407,-18.598367983734743],[-62.59312900021348,-18.598364527618511],[-62.593123740457145,-18.598361393668103],[-62.593118743831567,-18.598358815212332],[-62.592387760235518,-18.598008336397982],[-62.592387294423794,-18.598008113961875],[-62.592381650140105,-18.598005661519903],[-62.592375850510884,-18.598003564834595],[-62.592369919204174,-18.598001835706384],[-62.592363881798789,-18.59800047961334],[-62.59235776481929,-18.597999502939373],[-62.592351592898716,-18.597998910256688],[-62.592349340152026,-18.597998789697488],[-62.590885856574758,-18.597937467728936],[-62.590875710598382,-18.597937560478538],[-62.590869536864574,-18.597938127304765],[-62.590863414346778,-18.59793907744854],[-62.590857371488852,-18.597940407356489],[-62.590851432001962,-18.597942110753564],[-62.590845621492882,-18.597944181368884],[-62.590839966522744,-18.59794661022223],[-62.590838042077429,-18.597947536041811],[-62.58943373105172,-18.598642279259732],[-62.589430178810765,-18.598644129708358],[-62.589424904144494,-18.598647241707614],[-62.589419854296288,-18.598650675041693],[-62.589417295209081,-18.598652606284062],[-62.588378602137531,-18.59946443736936],[-62.58837635800387,-18.599466248177492],[-62.588371821355643,-18.599470280911749],[-62.588368382799203,-18.599473721352282],[-62.587846431702253,-18.600024159627395],[-62.587167826574351,-18.600022673767757],[-62.586191092183356,-18.599801276298169],[-62.58591091408659,-18.599101873170859],[-62.585854408378076,-18.59832228474195],[-62.586267070583602,-18.597372906508813],[-62.586984828339766,-18.59674843314183],[-62.58698780919179,-18.5967457246945],[-62.58699205926672,-18.596741416611778],[-62.58699600569868,-18.596736853898737],[-62.586999629487359,-18.59673205458952],[-62.587002917312972,-18.596727039442126],[-62.587004471535444,-18.596724384806116],[-62.587494442369156,-18.595853209726059],[-62.587495824777044,-18.595850655029903],[-62.587498396888243,-18.595845274079061],[-62.58750059496542,-18.595839743184175],[-62.587502409469387,-18.59583408763049],[-62.587503831813123,-18.595828330897696],[-62.587504856248785,-18.595822498279301],[-62.587505477978461,-18.595816614167134],[-62.587505695047817,-18.595810702959245],[-62.587507935124691,-18.59488031048145],[-62.587507746523052,-18.594874398384889],[-62.587507153137167,-18.594868511612123],[-62.58750615680394,-18.594862674569452],[-62.587504762203828,-18.594856911669407],[-62.587502974962852,-18.59485124823042],[-62.587500803554889,-18.594845707769533],[-62.587498257397307,-18.594840315613425],[-62.587495345916189,-18.594835093473673],[-62.587492082326655,-18.594830063973887],[-62.58748848174389,-18.59482524793432],[-62.58748455738305,-18.594820667978585],[-62.587480328157099,-18.594816342223837],[-62.587475811081205,-18.594812289686939],[-62.587471026020488,-18.594808526679465],[-62.587465991887925,-18.594805071318643],[-62.587460732348639,-18.594801936309295],[-62.587455269167748,-18.594799136159658],[-62.587449626010397,-18.594796683574618],[-62.587447380779778,-18.594795822770816],[-62.585863225192789,-18.594210849150564],[-62.585859670989713,-18.594209613090307],[-62.585853738935867,-18.594207883758003],[-62.585847702667415,-18.594206527461303],[-62.585841584916729,-18.594205550576657],[-62.585835414107514,-18.594204957685459],[-62.585829215828646,-18.594204749747771],[-62.584914472057712,-18.594202737013443],[-62.584908272839179,-18.594202917672579],[-62.584902098279017,-18.594203483399873],[-62.584895976814018,-18.594204433354154],[-62.584889933098403,-18.5942057630708],[-62.584883993686482,-18.594207466281819],[-62.584878184182472,-18.594209537620852],[-62.584872528310349,-18.594211965390947],[-62.584867051680945,-18.594214741514421],[-62.584866508798235,-18.594215041280115],[-62.583095599771902,-18.595199679320913],[-62.583090867992816,-18.595202490479593],[-62.583085818122171,-18.595205924548445],[-62.583081013940493,-18.595209665545081],[-62.583076477283029,-18.595213699057201],[-62.583072227152464,-18.595218006147324],[-62.583068281601484,-18.595222568779654],[-62.58306465678929,-18.595227368010395],[-62.583061368879605,-18.59523238308817],[-62.583058433090386,-18.595237592355797],[-62.583056020023953,-18.59524260936924],[-62.582261936444695,-18.597036499161927],[-62.581111962630679,-18.598758961184497],[-62.578779151048145,-18.600502529562039],[-62.576708191690066,-18.60087990860081],[-62.574488026328453,-18.600874906823982],[-62.573312044103702,-18.600685288568211],[-62.572063502614789,-18.599174136197544],[-62.571398161526247,-18.596481115615315],[-62.57106531413379,-18.594286557069797],[-62.571064512127187,-18.594282072458185],[-62.571063118087068,-18.59427630944721],[-62.571062936766637,-18.59427566644155],[-62.570525365664643,-18.592400037263008],[-62.570122244955911,-18.590977186307583],[-62.570120567300812,-18.590971911590945],[-62.570118396503453,-18.590966371843439],[-62.57011585095529,-18.590960978558527],[-62.570112940073145,-18.590955756159914],[-62.570109677071834,-18.590950726368664],[-62.570107713377162,-18.590948017756627],[-62.569232467518233,-18.589786568126431],[-62.568746961769527,-18.588963946436884],[-62.568746559707556,-18.588963271291274],[-62.568743296783516,-18.588958241476888],[-62.568739696853029,-18.588953425992862],[-62.568735773135174,-18.588948844752778],[-62.568731544533435,-18.588944518586942],[-62.568728288759836,-18.588941544002104],[-62.567908607334545,-18.588227539804446],[-62.567907346647672,-18.588226461407],[-62.567902561258272,-18.588222698813947],[-62.567897528672404,-18.588219242038125],[-62.567892269700323,-18.588216107395436],[-62.567886807059288,-18.588213306687184],[-62.567881164411972,-18.588210852620609],[-62.567876775495677,-18.588209228393918],[-62.566832163760608,-18.587850767253617],[-62.566830752748807,-18.58785029494523],[-62.566824822066692,-18.587848565023247],[-62.566818785237402,-18.587847208121477],[-62.566812668782816,-18.587846230627349],[-62.566806498283967,-18.587845636214823],[-62.566800299321756,-18.587845428557841],[-62.565904149352384,-18.587843366884545],[-62.565897949412353,-18.587843546016721],[-62.565891775978272,-18.587844112030858],[-62.565885654649477,-18.587845061370764],[-62.565879611025188,-18.587846390480212],[-62.56587367165934,-18.587848093093889],[-62.565867861210272,-18.587850162942043],[-62.565862206238805,-18.587852591048033],[-62.565856729519133,-18.587855366618836],[-62.565851454777928,-18.587858477056109],[-62.565846404791678,-18.587861910663065],[-62.565841600452799,-18.587865651219705],[-62.565837063596987,-18.587869684315709],[-62.565832813227942,-18.587873991015329],[-62.565828866451561,-18.587878553282259],[-62.565825242271593,-18.587883352180729],[-62.565821954009643,-18.587888366954331],[-62.565819250218631,-18.58789313182119],[-62.565369008148309,-18.588746646082786],[-62.565368774812576,-18.58874709020818],[-62.56536620117447,-18.588752471750816],[-62.565364002486788,-18.588758001475409],[-62.565362188284695,-18.588763656809206],[-62.565360765264607,-18.588769413365469],[-62.565359740125309,-18.588775245853551],[-62.565359117665338,-18.588781130786074],[-62.565358898901309,-18.588787041051766],[-62.56535673172344,-18.589641587869608],[-62.565356920508599,-18.589647499074573],[-62.565357513117853,-18.589653385904743],[-62.565358508665327,-18.589659223955788],[-62.565359902478583,-18.589664987007097],[-62.565361687984947,-18.589670650641263],[-62.565362360056433,-18.589672486879508],[-62.565658660545921,-18.590455360858293],[-62.566086372647931,-18.591688829097141],[-62.565320812563293,-18.592547341050043],[-62.563685294723406,-18.592746917213297],[-62.562844461520974,-18.591941235414964],[-62.562702476555543,-18.591255613159742],[-62.562701102486677,-18.591249943227012],[-62.562699316105721,-18.59124427956786],[-62.562697145549272,-18.591238738836086],[-62.562694599282977,-18.591233346357377],[-62.562691689572937,-18.591228123851046],[-62.562688426787339,-18.591223093935806],[-62.56268482698578,-18.59121827743602],[-62.562680903379814,-18.591213696976997],[-62.562676674879398,-18.591209370678342],[-62.562672158496511,-18.591205317559009],[-62.562667373145636,-18.591201553931075],[-62.562662340580097,-18.591198097920717],[-62.562657081619214,-18.591194962229242],[-62.562651618973291,-18.591192161369928],[-62.562649419786446,-18.591191154870547],[-62.561679664642128,-18.590761625857514],[-62.561676220230055,-18.590760179018041],[-62.561670421238411,-18.590758082302266],[-62.561664490512129,-18.590756352217461],[-62.561658453625512,-18.590754995149531],[-62.561652337100774,-18.590754017486734],[-62.561646165571354,-18.590753422901457],[-62.561639967461943,-18.590753215074958],[-62.561633768363066,-18.590753394066777],[-62.561627593865239,-18.590753959936414],[-62.561621472411638,-18.590754909134883],[-62.56161697264637,-18.590755860297694],[-62.561035425646303,-18.590893058140175],[-62.559689704298989,-18.590754806481325],[-62.559207771349413,-18.589630932775815],[-62.559638659440793,-18.588814181867374],[-62.559638892791284,-18.58881373774938],[-62.559641465660611,-18.588808356286513],[-62.559643664532132,-18.588802826632563],[-62.559645479869921,-18.588797171359925],[-62.559646903081223,-18.588791414850817],[-62.559647928414364,-18.588785582397815],[-62.559648301119481,-18.58878254473688],[-62.559773711152886,-18.587584780345978],[-62.559773962046911,-18.58758193309891],[-62.559774180053147,-18.587576022840654],[-62.559773992409085,-18.587570111635042],[-62.559773908349989,-18.587569259167534],[-62.559734418468132,-18.587228818800192],[-62.559733307565963,-18.587220370315176],[-62.559558975428153,-18.586262245153595],[-62.55955473631218,-18.586247004627719],[-62.55955275922706,-18.586242216262807],[-62.55932337057893,-18.585729946826184],[-62.559320588247402,-18.585724284421783],[-62.559056044533655,-18.585231062939254],[-62.559053858426246,-18.585227220345402],[-62.55904441583845,-18.585214293081055],[-62.559032763253725,-18.585203126646988],[-62.559026816889101,-18.585198718524087],[-62.558731432326077,-18.584997159730243],[-62.558723868776347,-18.584992500174902],[-62.558708800415481,-18.584985767839783],[-62.558347909044784,-18.584860538094098],[-62.558332186438591,-18.584856501097502],[-62.558328140063161,-18.584855896925571],[-62.557799463336131,-18.584788051179746],[-62.55712546628795,-18.584662625791836],[-62.557120187468648,-18.584661790944519],[-62.556701117095905,-18.584606999026384],[-62.556562674212955,-18.584557990946543],[-62.556420216022403,-18.584437436767693],[-62.556182925353447,-18.584134173809808],[-62.556137684397449,-18.584025543264602],[-62.55604531695549,-18.583297946192562],[-62.555973663883663,-18.582759395981924],[-62.555989323074797,-18.582286810915488],[-62.556207265711571,-18.581646679870573],[-62.556209743998082,-18.581637926197505],[-62.556257776840731,-18.581426720221831],[-62.556259819667332,-18.581411909244245],[-62.556291039922158,-18.580793185736987],[-62.556290979876394,-18.580783427403482],[-62.556278762416554,-18.580589330197423],[-62.556279139774929,-18.580443504086052],[-62.556373033899391,-18.579947533968316],[-62.556615178288553,-18.579260443216288],[-62.556803672614485,-18.57879650400368],[-62.556807765877629,-18.578783675320924],[-62.556826765907893,-18.578703077717357],[-62.556827592961,-18.578699168068226],[-62.556829073122856,-18.578683477274801],[-62.556829035752088,-18.578680701655188],[-62.55681678834187,-18.578267320172724],[-62.556816020783188,-18.578258110580183],[-62.556742958664977,-18.577727272694474],[-62.556742364557032,-18.577723559441935],[-62.556738128694725,-18.577708332412026],[-62.55673415807513,-18.577699386426232],[-62.556524583342984,-18.577289984895472],[-62.556522948801863,-18.577286939805997],[-62.556059735723366,-18.576462727091791],[-62.55579127545036,-18.575925970770285],[-62.555785619979495,-18.575916250768941],[-62.55546339789899,-18.575434845459021],[-62.555456262921822,-18.575425549452362],[-62.555451624269075,-18.575420629143455],[-62.555100216668457,-18.575074260763952],[-62.555096764938817,-18.575071027906773],[-62.554949483873358,-18.574939957463744],[-62.554713350910419,-18.57463839811437],[-62.55449220170302,-18.574287735828918],[-62.554237009103396,-18.573644461116089],[-62.554217611870591,-18.573578999108875],[-62.554214141692299,-18.573569389969066],[-62.553868408365503,-18.572762488665958],[-62.553861716418069,-18.572749814384945],[-62.553612455438987,-18.572357785092866],[-62.553500669353078,-18.572174230524357],[-62.553491460010186,-18.572161691262437],[-62.55336332516714,-18.572015359281966],[-62.553351053416058,-18.572003704800885],[-62.553026364092901,-18.571751532645678],[-62.552799741089878,-18.571541338418236],[-62.5524626680591,-18.571167808754748],[-62.552451933421274,-18.571157672611676],[-62.552440705481089,-18.571149908644625],[-62.55230905161153,-18.571072213016762],[-62.552306771068139,-18.571070909764991],[-62.552291816855153,-18.571064216068503],[-62.552286149577029,-18.571062424867176],[-62.551654432564838,-18.570883602231422],[-62.551104802099125,-18.57063239326849],[-62.551096479698671,-18.570629044813789],[-62.551085931308435,-18.570626005579715],[-62.550654944855907,-18.570527502342031],[-62.5506495477294,-18.570526425727916],[-62.55063309571257,-18.570525013684836],[-62.550628978743916,-18.570525088833865],[-62.550194442328227,-18.570542069324663],[-62.550184014256054,-18.570543029588155],[-62.549784405760242,-18.570601231926176],[-62.549770850740209,-18.57060419111259],[-62.549238558890409,-18.570760338976054],[-62.549226939508472,-18.570764561724292],[-62.548637245881906,-18.571022280233059],[-62.548628471987897,-18.571026657069527],[-62.547484481755809,-18.571672104478935],[-62.547471702944719,-18.571680749278205],[-62.547118716521283,-18.571964140540359],[-62.546483212183034,-18.572460689929642],[-62.546258315760255,-18.572594401236323],[-62.546007480732023,-18.572656706690182],[-62.545753480409502,-18.572607624173784],[-62.545633513244233,-18.572505064492468],[-62.545511928384279,-18.572279490895358],[-62.545209879983531,-18.57168287616728],[-62.54520232445654,-18.571670546562672],[-62.544897358156206,-18.571252623808835],[-62.544891450571527,-18.571245348530343],[-62.544508855387797,-18.570820699862079],[-62.54422962133448,-18.570504363304256],[-62.544218221095406,-18.570493480373155],[-62.544215647732557,-18.570491484016351],[-62.543892883258046,-18.57024978679619],[-62.54388279747743,-18.570243190974352],[-62.543244692404343,-18.569881283647177],[-62.543229314731313,-18.569874352326341],[-62.543212531141045,-18.569870100040173],[-62.542925963190406,-18.569826230224027],[-62.542911186109201,-18.569825088185159],[-62.542904710043615,-18.569825283980069],[-62.542355491240897,-18.569859821029908],[-62.542345508114096,-18.569860959081723],[-62.542335759274849,-18.569863084636811],[-62.541786233739337,-18.570012401127112],[-62.541774664290145,-18.570016333419755],[-62.541554753279605,-18.570106802338174],[-62.540342492050236,-18.570533530751806],[-62.540333142253395,-18.570537377984323],[-62.539579282534099,-18.57089455705399],[-62.538637073990877,-18.571358879102764],[-62.538633406024282,-18.571360785255298],[-62.538619849678213,-18.571369788156154],[-62.538608139456016,-18.571380899586458],[-62.538598629759491,-18.571393780589677],[-62.538591609736237,-18.571408041437657],[-62.538587292835778,-18.57142324883527],[-62.53858581108927,-18.571438938559382],[-62.538587208419536,-18.57145463622965],[-62.538591443467233,-18.571469863641767],[-62.538598386694048,-18.571484158643855],[-62.538607826984794,-18.571497086901708],[-62.538619477297139,-18.571508255469585],[-62.538632985054427,-18.571517324564788],[-62.538647938747935,-18.571524019333193],[-62.538663884033085,-18.571528135311315],[-62.538680336970366,-18.571529548400445],[-62.538696797290768,-18.571528215802832],[-62.538712764501604,-18.571524177868767],[-62.538724086033348,-18.571519462482513],[-62.53966495724211,-18.571055793808831],[-62.540412905870689,-18.570701421634222],[-62.541622771067296,-18.570275536532815],[-62.541627491579128,-18.570273735910039],[-62.541844086953034,-18.570184631711712],[-62.542378010327532,-18.570039554842083],[-62.542906498405124,-18.570006320478296],[-62.543163789350814,-18.570045702625531],[-62.543780648398361,-18.570395562882034],[-62.54409091127382,-18.570627897573733],[-62.544364473333388,-18.570937805550926],[-62.544744542646299,-18.5713596548031],[-62.54504245980938,-18.571767916482184],[-62.54534175676892,-18.572359099399041],[-62.545342813781609,-18.572361121910934],[-62.545472938882476,-18.572602540599192],[-62.545475033048795,-18.572606214117169],[-62.545484473925704,-18.572619142041876],[-62.545493966855958,-18.572628520015911],[-62.545646148377813,-18.572758619858508],[-62.545648307245493,-18.572760409134396],[-62.545661815480955,-18.572769478639003],[-62.54567676957241,-18.572776171953805],[-62.545690586689986,-18.57277990081873],[-62.545991329678841,-18.572838015411438],[-62.545993457196211,-18.572838402834179],[-62.546009910334476,-18.5728398152878],[-62.546026370739078,-18.572838482052234],[-62.546034037115859,-18.572836898088724],[-62.546320076176428,-18.572765847281268],[-62.54632837791582,-18.572763392679228],[-62.546343367246429,-18.572756770530418],[-62.546346326650436,-18.572755082143324],[-62.546588677955974,-18.572610992028601],[-62.546598602219703,-18.572604208558815],[-62.547239814233528,-18.572103194225882],[-62.54758775683473,-18.571823857689072],[-62.548720715340721,-18.571184633879128],[-62.54930023940527,-18.570931360958706],[-62.549819912974328,-18.570778913656326],[-62.550207443661122,-18.570722470146347],[-62.550623579200774,-18.57070620859848],[-62.551031966690914,-18.57079954720982],[-62.55157929837231,-18.571049705241617],[-62.551593289018243,-18.571054845803705],[-62.552220079370286,-18.571232273257813],[-62.552328538163678,-18.571296281166827],[-62.552658820607995,-18.571662285387159],[-62.55266457876494,-18.571668122147699],[-62.552897209870359,-18.571883888167136],[-62.552903439526098,-18.571889178342634],[-62.553223678063432,-18.572137885888207],[-62.553340813391543,-18.572271654569853],[-62.553449460761819,-18.572450040266151],[-62.553695773832779,-18.572837448953276],[-62.554036664635213,-18.573633050794665],[-62.554055723600683,-18.573697369631347],[-62.554058283073566,-18.573704772282198],[-62.554317945545804,-18.574359315364813],[-62.554324881994312,-18.574373123556899],[-62.55455336540809,-18.574735433293931],[-62.554558643672308,-18.574742928218818],[-62.554802687404553,-18.575054590893437],[-62.554805874069444,-18.575058437705867],[-62.554813964417754,-18.575066590892547],[-62.554965678149777,-18.575201606087422],[-62.555308764212597,-18.575539774005183],[-62.55562270845509,-18.576008812516928],[-62.555889612627276,-18.576542458179706],[-62.555891621480576,-18.576546243454363],[-62.556355036783458,-18.577370818554236],[-62.556557038223005,-18.577765423719946],[-62.556627455040747,-18.578277048150809],[-62.556639229548537,-18.578674483000174],[-62.556624380566582,-18.578737469196881],[-62.556437656095603,-18.579197054325014],[-62.556436192277459,-18.579200914573441],[-62.556191159133256,-18.579896199256336],[-62.556187728512739,-18.579908933680986],[-62.556091105916224,-18.580419315395595],[-62.556089612215146,-18.580435077546156],[-62.556089206733404,-18.580591704750866],[-62.556089376947696,-18.580597342977189],[-62.556101464000527,-18.580789379249225],[-62.556070866481761,-18.581395734946014],[-62.556025509052553,-18.581595179860297],[-62.555804877412129,-18.582243209778539],[-62.555801726320844,-18.582255204648476],[-62.555800292648456,-18.582268264610668],[-62.555783970816833,-18.582760829017271],[-62.555784676991223,-18.582775059001847],[-62.555857205233906,-18.583320183673894],[-62.555950979934636,-18.58405888625618],[-62.555951693028319,-18.584063499057152],[-62.555955928964387,-18.584078726096333],[-62.555956985477145,-18.584081383007263],[-62.556011382636711,-18.584212000796509],[-62.556017271309436,-18.584223637365582],[-62.556023505975858,-18.584232689918437],[-62.556274093310932,-18.584552945738753],[-62.556277300959273,-18.584556820593161],[-62.556287145988875,-18.584566496210247],[-62.556450137221567,-18.584704426203743],[-62.556451945500982,-18.584705917187865],[-62.556465455254511,-18.584714985035319],[-62.556480061406603,-18.584721555586388],[-62.556645100085952,-18.584779978664923],[-62.556661222241502,-18.584784155020426],[-62.556665035533101,-18.584784729758677],[-62.55709178636539,-18.584840525840132],[-62.557765900606597,-18.584965971516883],[-62.557771412510043,-18.584966837621845],[-62.558292710960409,-18.585033737074358],[-62.558631676552139,-18.585151358128357],[-62.558897773380423,-18.585332931792475],[-62.559150331797305,-18.58580380824159],[-62.559374098782335,-18.586303523786444],[-62.559545224462795,-18.587242857293791],[-62.55954633256124,-18.587251286793645],[-62.559583454661606,-18.587582443382811],[-62.559461425574291,-18.588747915988222],[-62.559019045599818,-18.58958644706928],[-62.559018813192083,-18.589586892092392],[-62.559016239345688,-18.589592272639688],[-62.559014040441042,-18.589597803189026],[-62.559012225073481,-18.58960345845448],[-62.559010801833615,-18.589609214957719],[-62.559009776473317,-18.589615047406191],[-62.559009153794385,-18.589620931408867],[-62.559008935755266,-18.589626842568094],[-62.559009123373535,-18.589632753772683],[-62.559009715764262,-18.589638640618315],[-62.559010711094643,-18.589644478698428],[-62.559012104693238,-18.58965024179227],[-62.5590138909361,-18.589655905484459],[-62.559015985981404,-18.589661270745697],[-62.559535634182353,-18.590873099209077],[-62.559535709555639,-18.590873274719858],[-62.559538255716475,-18.590878667239291],[-62.559541165323594,-18.590883889792391],[-62.559544428009332,-18.59088891976025],[-62.559548028664679,-18.590893735416635],[-62.559551951228151,-18.590898316840732],[-62.559556179640595,-18.590902643207844],[-62.559560695940277,-18.590906696400289],[-62.559565481213021,-18.590910460105643],[-62.559570513705921,-18.590913916197334],[-62.559575772599835,-18.59091705197368],[-62.559581235187117,-18.590919852017223],[-62.559586878746053,-18.59092230633318],[-62.559592677716275,-18.590924403112609],[-62.559598608423634,-18.590926134166057],[-62.559604645298414,-18.590927491299713],[-62.559610761816153,-18.590928469028857],[-62.559613210219354,-18.590928751308716],[-62.561031775335756,-18.591074485753662],[-62.561035497520542,-18.591074797191805],[-62.561041695640384,-18.591075005038395],[-62.561047895698898,-18.591074826068525],[-62.561054069259654,-18.59107426111974],[-62.561060191675246,-18.591073311942235],[-62.561064690503848,-18.5910723607908],[-62.561630089117372,-18.590938972732246],[-62.562525845286999,-18.591335726136865],[-62.562664050809211,-18.592003099509522],[-62.562665425830119,-18.592008769444366],[-62.562667211269527,-18.59201443310133],[-62.562669381836564,-18.592019972929386],[-62.562671928110881,-18.592025366312004],[-62.562674838781099,-18.592030588820666],[-62.562678100633342,-18.592035618733817],[-62.562681701401452,-18.592040434332077],[-62.562685624075748,-18.592045015692669],[-62.562689853544349,-18.592049341993366],[-62.563583848697753,-18.592905964816666],[-62.563588365144305,-18.592910018818568],[-62.563593150565112,-18.592913781520064],[-62.563598183197307,-18.592917238410159],[-62.563603442230438,-18.59292037317244],[-62.563608904947017,-18.592923174005108],[-62.563614548631719,-18.592925628202494],[-62.563620347721255,-18.592927724859955],[-62.563626278543374,-18.592929454884782],[-62.563632315523208,-18.592930811891229],[-62.563638432138134,-18.592931789491402],[-62.563644603754234,-18.592932384013057],[-62.563650801946338,-18.592932591775245],[-62.563657001123495,-18.59293241271871],[-62.563663062868443,-18.592931860983544],[-62.565381277535117,-18.592722193402267],[-62.565381389411115,-18.592722180103461],[-62.565387511864991,-18.59272123078626],[-62.565393555665501,-18.592719901696885],[-62.565399495208013,-18.592718198198998],[-62.565405304880976,-18.592716128367641],[-62.565410960968485,-18.592713700282236],[-62.565416437849791,-18.592710925632915],[-62.56542171275229,-18.592707814308863],[-62.565426762891768,-18.592704380718125],[-62.565431566429687,-18.592700640174755],[-62.565436104370796,-18.592696607999365],[-62.565440354871974,-18.592692301313541],[-62.565441451718371,-18.592691091864268],[-62.566265290414556,-18.591767226047715],[-62.566268138543535,-18.591763872321419],[-62.566271763743622,-18.59175907342],[-62.566275052069386,-18.591754058641872],[-62.566277988301046,-18.591748849642865],[-62.566280561957917,-18.591743468089799],[-62.566282760656755,-18.591737938356463],[-62.566284575810194,-18.59173228301778],[-62.566285998826217,-18.59172652645621],[-62.566287023006225,-18.591720693962451],[-62.566287646395146,-18.591714809030432],[-62.566287864185398,-18.591708898762732],[-62.56628767631522,-18.591702987561458],[-62.56628708272293,-18.591697099828743],[-62.566286088078954,-18.591691262688919],[-62.566284694219483,-18.591685499644733],[-62.566283072389091,-18.591680307269431],[-62.565838234920918,-18.590397455922194],[-62.565838070249299,-18.590396984669635],[-62.565837398170004,-18.590395148433068],[-62.565546330714973,-18.589626102074401],[-62.565548402499914,-18.588808813655689],[-62.56596226746391,-18.588024258244445],[-62.566783425895245,-18.588026147318843],[-62.56779475533861,-18.5883731880831],[-62.568589221170001,-18.589065227240454],[-62.569069842365323,-18.589879575723717],[-62.569070245378434,-18.589880250870809],[-62.569073507381368,-18.589885280677425],[-62.569075471047633,-18.58988798929996],[-62.569943733398837,-18.591040171626936],[-62.570342400464192,-18.59244730765964],[-62.570342472808704,-18.592447561788891],[-62.57087853771074,-18.594317943337749],[-62.571211142186982,-18.59651091456081],[-62.571211943261027,-18.596515398265087],[-62.571212691367322,-18.596518701502578],[-62.571883796813097,-18.59923506613919],[-62.571884442787571,-18.599237525908062],[-62.571886229551538,-18.599243189483225],[-62.571888400505443,-18.599248729208796],[-62.571890947175106,-18.599254122470807],[-62.5718938572996,-18.599259344839162],[-62.571897120506797,-18.599264374599354],[-62.571900721685424,-18.599269190026131],[-62.571901600486257,-18.599270271144889],[-62.573185748264109,-18.600824520982442],[-62.573188792605471,-18.600828020113237],[-62.573193021608631,-18.600832346181811],[-62.573197538492558,-18.600836399958826],[-62.573202324347406,-18.600840162421907],[-62.573207357408542,-18.600843619061102],[-62.573212616863621,-18.600846753561068],[-62.57321807999341,-18.600849554121119],[-62.573223724080826,-18.600852008036714],[-62.573229523560769,-18.600854104404505],[-62.573235454759313,-18.60085583413295],[-62.573241492100095,-18.600857190837598],[-62.573244399807265,-18.60085770444924],[-62.574464153055075,-18.601054381185346],[-62.574467362314088,-18.601054844847312],[-62.574473534269963,-18.601055438116649],[-62.574479732776851,-18.601055645528668],[-62.576716833009058,-18.601060685497572],[-62.576723032476472,-18.601060506016928],[-62.576729207305476,-18.601059940563545],[-62.576734848270839,-18.601059079275736],[-62.578837321297023,-18.600675957283055],[-62.578837802079946,-18.600675868882934],[-62.578843846067699,-18.600674539366764],[-62.578849785763417,-18.600672835449167],[-62.57885559555497,-18.600670765206974],[-62.57886125172368,-18.60066833762507],[-62.578866728655221,-18.60066556168405],[-62.578872003569899,-18.600662449986061],[-62.578877053683613,-18.600659016940778],[-62.57887800231817,-18.600658316818407],[-62.581241682340092,-18.598891677098727],[-62.581245537102873,-18.598888636285963],[-62.581250073899504,-18.598884603726049],[-62.581254324170168,-18.598880295777612],[-62.581258270802856,-18.598875733189754],[-62.581261894796448,-18.598870933996047],[-62.581263164704751,-18.598869082245532],[-62.582426123235422,-18.597127168735142],[-62.582428141318552,-18.597124005429745],[-62.582431078108108,-18.59711879617609],[-62.582433490272457,-18.597113779170421],[-62.583218380091438,-18.595340654541669],[-62.584939767507343,-18.594383550490843],[-62.585811179725717,-18.594385467880777],[-62.587318220652001,-18.59494196641171],[-62.587316183483573,-18.595787693270402],[-62.586845075223408,-18.596625328971527],[-62.586123704303532,-18.597252946292233],[-62.586120723429133,-18.597255654725309],[-62.586116472374009,-18.597259961881612],[-62.586112526852361,-18.597264525481144],[-62.586108902079765,-18.597269324770235],[-62.586105615165387,-18.59727433990313],[-62.586102678483563,-18.597279549216097],[-62.586100105356408,-18.597284931047501],[-62.586100029107925,-18.597285105311201],[-62.58567075085525,-18.598272709423863],[-62.585668627990273,-18.598278065124831],[-62.585666814346347,-18.598283720659815],[-62.585665391919022,-18.598289477375658],[-62.585664367404412,-18.598295309981001],[-62.585663745598602,-18.598301194987918],[-62.585663527515095,-18.598307105284977],[-62.585663717004302,-18.598313016478368],[-62.58566375363916,-18.598313545275207],[-62.585722768972786,-18.599127772437345],[-62.585723325671502,-18.599133131319185],[-62.585724321965479,-18.599138968367964],[-62.585725716537191,-18.599144731278066],[-62.585727503760801,-18.599150394731076],[-62.585728782732929,-18.599153790365111],[-62.586031879459782,-18.599910405109615],[-62.586032770951263,-18.599912549046998],[-62.586035318079944,-18.599917942126456],[-62.586038229599133,-18.599923164286771],[-62.586041492291436,-18.599928193808008],[-62.586045093887137,-18.599933008972243],[-62.586049017375188,-18.59993758895493],[-62.586053246687996,-18.599941914741205],[-62.586057764807826,-18.599945968217895],[-62.586062549979985,-18.599949730357594],[-62.586067583282372,-18.599953186658134],[-62.586072842953669,-18.599956320803486],[-62.586078306273748,-18.59995912099442],[-62.586083950524753,-18.599961574528031],[-62.5860897501408,-18.599963670502593],[-62.586095681447404,-18.599965399828267],[-62.586098502514993,-18.599966083867592],[-62.587134686235231,-18.600200956560759],[-62.587137902594691,-18.60020162970169],[-62.587144019619203,-18.600202606545885],[-62.587150191597367,-18.600203199400202],[-62.587156390097853,-18.600203406394801],[-62.587888210378317,-18.600205008727592],[-62.587894410758835,-18.600204828880532],[-62.587900584580112,-18.600204263057499],[-62.587906706245654,-18.600203313010041],[-62.587912750152533,-18.600201983201135],[-62.58791868974771,-18.600200278995413],[-62.587924500367365,-18.600198208473024],[-62.587930155449811,-18.600195780613785],[-62.587935632224784,-18.600193004405799],[-62.587940906965443,-18.600189892450192],[-62.587945956888468,-18.600186459157783],[-62.587950761110648,-18.600182717135933],[-62.587955297787794,-18.600178684412665],[-62.587958736364655,-18.600175244884156],[-62.588504252219565,-18.599599954789525],[-62.589529818810284,-18.598798381352445],[-62.590902851780854,-18.598119111990613],[-62.592320736680634,-18.598178523092539],[-62.593024985902638,-18.598516184727714],[-62.593869700378384,-18.599151988526618],[-62.593870557621138,-18.599152626642134],[-62.593875591064581,-18.599156081833183],[-62.593880850857033,-18.599159216666859],[-62.59388330269234,-18.59916052702366],[-62.595466983155035,-18.599978033232709],[-62.595469528006625,-18.599979300387051],[-62.596927158543181,-18.600678138237377],[-62.598239858557612,-18.601478594311285],[-62.598829801572165,-18.602666693245407],[-62.599188997352996,-18.60457457238827],[-62.599189286820753,-18.604576037142582],[-62.599189787661714,-18.604578313949339],[-62.599612479533846,-18.606381859093268],[-62.599613373775384,-18.606385346004618],[-62.599615160583717,-18.606391009329755],[-62.599617332527146,-18.606396548750752],[-62.59961817740674,-18.606398444888569],[-62.600527591179528,-18.608375769459375],[-62.601193957780403,-18.610003647449048],[-62.60119460540885,-18.610005187972931],[-62.601197153164925,-18.610010579949776],[-62.601200064368726,-18.610015801880273],[-62.601203328645887,-18.610020831147658],[-62.601206930878313,-18.610025646932808],[-62.601210855004162,-18.61003022660692],[-62.601215084951079,-18.610034552060206],[-62.602127887743194,-18.610908731343919],[-62.602132405589806,-18.610912783537273],[-62.602137191425207,-18.610916545276805],[-62.602142226326748,-18.610920001158082],[-62.602147486632298,-18.610923135766715],[-62.602152950573341,-18.610925934596015],[-62.602158594475128,-18.610928387654322],[-62.602164395614942,-18.610930483144312],[-62.602170327470006,-18.610932212875866],[-62.602176365413435,-18.61093356866283],[-62.602182482916135,-18.61093454502641],[-62.602188654394887,-18.610935137393582],[-62.602194854260091,-18.610935343902753],[-62.602201054076374,-18.610935163590014],[-62.602206612876444,-18.610934671019542],[-62.603670752839577,-18.610763309146847],[-62.603671368211948,-18.610763234523837],[-62.603677490179464,-18.610762283970338],[-62.603683534348889,-18.610760953661572],[-62.603688979934205,-18.610759406990983],[-62.605153786861763,-18.610297285091164],[-62.60515428203675,-18.610297127966401],[-62.605160091856369,-18.610295056915035],[-62.605165747991705,-18.610292627640771],[-62.605171224824069,-18.610289850935352],[-62.60517649957432,-18.61028673940412],[-62.605181549465513,-18.610283304748521],[-62.605186352658102,-18.61027956319105],[-62.605190889210455,-18.610275530054302],[-62.60519514012686,-18.61027122156667],[-62.605199085453194,-18.610266658473481],[-62.605202709981185,-18.61026185881866],[-62.605205185011165,-18.610258151242299],[-62.605742585110825,-18.609408415725124],[-62.60727826003383,-18.608628033857165],[-62.608481042553372,-18.608221705543741],[-62.60934843651826,-18.608554606593408],[-62.610269062848595,-18.609270972510767],[-62.61009842118866,-18.610287073423063],[-62.609458286570039,-18.610728927229612],[-62.609457163384214,-18.610729714811992],[-62.608479744691323,-18.61142548357153],[-62.60847891293966,-18.611426082861893],[-62.608474108836717,-18.611429824501684],[-62.608469572326896,-18.611433858621705],[-62.608465322411931,-18.611438166281893],[-62.608465252092287,-18.611438242053957],[-62.607609270807117,-18.612366858665951],[-62.60760539486698,-18.612371346035225],[-62.607601770359558,-18.612376145735631],[-62.607598483767653,-18.612381161242034],[-62.607595780724886,-18.612385926711184],[-62.607228241842193,-18.613082958690981],[-62.607228008579398,-18.613083402868547],[-62.607225436810296,-18.613088784989642],[-62.60722323913452,-18.613094315208706],[-62.607221425083168,-18.61309997095092],[-62.607220003243654,-18.613105727831947],[-62.607218979359608,-18.613111561461434],[-62.607218358230838,-18.613117445639528],[-62.607218141809241,-18.613123355968014],[-62.607215873061257,-18.614111899310174],[-62.607216062353203,-18.614117810484462],[-62.607216656468822,-18.614123698101029],[-62.607217653574523,-18.614129535042373],[-62.607219048984632,-18.614135297800235],[-62.60722083706964,-18.614140961056716],[-62.607223009354158,-18.614146500391893],[-62.607225556410796,-18.614151893191291],[-62.60722794473326,-18.614156233649236],[-62.607774723885164,-18.615087771817585],[-62.607775247973727,-18.61508865319983],[-62.607778512540172,-18.615093682355916],[-62.607790269721008,-18.61510740286684],[-62.607809869574439,-18.615121805807792],[-62.607810235019166,-18.615122007210221],[-62.608663037947494,-18.61558898100375],[-62.608668136697538,-18.615591579150319],[-62.608673781797123,-18.61559403201867],[-62.60867958222984,-18.615596127309317],[-62.608685514317791,-18.615597855935182],[-62.608691552480963,-18.615599211516543],[-62.608697670191376,-18.615600187671738],[-62.608701055403188,-18.615600560742617],[-62.609981594691995,-18.615719517631735],[-62.609984382103583,-18.615719737604572],[-62.609990581208706,-18.615719943858338],[-62.609996782143391,-18.615719763293999],[-62.610002956469287,-18.615719195852652],[-62.610009078583687,-18.615718245096417],[-62.610015122883837,-18.615716914587406],[-62.610021062812891,-18.615715210597127],[-62.610026873709884,-18.615713139401052],[-62.610031181518103,-18.615711328093724],[-62.611191194685773,-18.615190378467581],[-62.611192542171288,-18.615189760347377],[-62.611197993440513,-18.615186997876886],[-62.612785721018724,-18.614318022278333],[-62.612785747593641,-18.614318007872352],[-62.612791022337483,-18.614314895225057],[-62.612796072198414,-18.614311461269878],[-62.612800876293299,-18.614307718616903],[-62.612805412778627,-18.614303685297067],[-62.612807358462533,-18.614301783206873],[-62.614818471030624,-18.612276862901883],[-62.616580854888731,-18.611065548576097],[-62.618335042238797,-18.609974843930669],[-62.620086824159294,-18.609632970360469],[-62.620091409565738,-18.609631961039792],[-62.621727295315196,-18.609231097265411],[-62.622435657647443,-18.609232518874471],[-62.62259499567562,-18.609794212473552],[-62.622593383596126,-18.61052539751109],[-62.622356149658735,-18.611310803853669],[-62.621818608709845,-18.611991165746939],[-62.621334015784591,-18.612508745984638],[-62.620551306748212,-18.613251862551913],[-62.619769796770036,-18.613651046261808],[-62.619767338723534,-18.613652347274122],[-62.619762064125389,-18.613655459215984],[-62.619757014418092,-18.613658894264926],[-62.619752210492351,-18.613662636194942],[-62.619747674182676,-18.61366667058947],[-62.619743424489918,-18.613670978507393],[-62.619739478517005,-18.613675541907398],[-62.619735855264786,-18.613680341848355],[-62.619732568050523,-18.613685357569985],[-62.619729632089324,-18.613690567412046],[-62.619727136922634,-18.61369577543303],[-62.619420634290485,-18.614392955147899],[-62.619420558067674,-18.614393129425263],[-62.619418360763483,-18.614398660696555],[-62.619417640416501,-18.614400752417794],[-62.619110618454776,-18.615330530733708],[-62.619109525125729,-18.615334093972368],[-62.619108123776229,-18.615339758802875],[-62.61892320870875,-18.616211632958848],[-62.618923189542514,-18.616211726010381],[-62.618922166037429,-18.616217558804752],[-62.618921544346911,-18.616223443928508],[-62.618921328323182,-18.616229354275788],[-62.618921518020571,-18.616235265444377],[-62.618922113493511,-18.616241153032064],[-62.618923111010631,-18.616246989917592],[-62.618924506832485,-18.616252752594878],[-62.618926294379889,-18.616258415744454],[-62.618928467071534,-18.616263954950686],[-62.618931015478367,-18.616269347599726],[-62.618933928279347,-18.616274569266302],[-62.618937192251572,-18.616279598232722],[-62.618940166498376,-18.616283619790877],[-62.619487533907773,-18.616982525849238],[-62.619488162534495,-18.616983318839683],[-62.619492087311009,-18.616987899045046],[-62.619496318844632,-18.616992224097935],[-62.619500837268596,-18.61699627588234],[-62.619505623660082,-18.617000038091799],[-62.619510658152286,-18.617003492610344],[-62.61951591897045,-18.617006626740896],[-62.619521383395927,-18.617009425976853],[-62.619527028705981,-18.617011877619241],[-62.619532829325983,-18.617013972578434],[-62.619538761577253,-18.617015701768711],[-62.619544799883144,-18.61701705700419],[-62.61955091866102,-18.617018032810453],[-62.619553858483826,-18.617018363212473],[-62.620773426156276,-18.617137123724127],[-62.620776658107232,-18.617137385103806],[-62.620779214450998,-18.61713751768805],[-62.622346242739255,-18.617198134585465],[-62.623661625463349,-18.61777135956368],[-62.625097903284946,-18.618745627255095],[-62.625861306293885,-18.620096027427525],[-62.62568702425051,-18.620972114839731],[-62.624670328124992,-18.622164386649061],[-62.623792061191189,-18.622775728596416],[-62.622992943941632,-18.622719702320392],[-62.621975153297925,-18.622203376475841],[-62.620391432703059,-18.621386241458836],[-62.620388420484559,-18.621384752264891],[-62.620382775018612,-18.621382300646673],[-62.620376974240621,-18.621380205711816],[-62.620371041829877,-18.621378476545914],[-62.620365003363652,-18.621377121334671],[-62.620362616350533,-18.621376694450117],[-62.618594472744221,-18.621082369654388],[-62.618590740829653,-18.621081821625651],[-62.61858456892007,-18.621081228885295],[-62.618578369604812,-18.621081022910978],[-62.618573110885656,-18.62108115143711],[-62.617475112008499,-18.621137072790113],[-62.617474169601437,-18.621137125102035],[-62.617467995099524,-18.621137692785027],[-62.617461872827199,-18.621138643780572],[-62.617455828387804,-18.621139974525519],[-62.61744988833869,-18.621141678747364],[-62.617444077341283,-18.621143750169686],[-62.617438421959044,-18.621146179808651],[-62.617432944967547,-18.621148956865046],[-62.617427670094436,-18.621152068734112],[-62.617424097529259,-18.621154449282827],[-62.616263409553987,-18.621966184172567],[-62.616261931179956,-18.621967238591214],[-62.616257127888595,-18.621970981328868],[-62.616252591276066,-18.621975014726434],[-62.616248341286372,-18.621979322556335],[-62.616244395023664,-18.62198388677772],[-62.616240771494162,-18.621988686642243],[-62.616237484014192,-18.621993702293686],[-62.616234547800069,-18.62199891207219],[-62.616231976174191,-18.622004293410185],[-62.616229778665051,-18.622009824636208],[-62.616227964809227,-18.62201548046361],[-62.616227154985722,-18.622018548079382],[-62.616053718319193,-18.6227291128423],[-62.616042479399709,-18.622774119383315],[-62.616041867599442,-18.622776808714445],[-62.616040843950707,-18.622782642390373],[-62.616040222134949,-18.622788526594519],[-62.616040005998961,-18.622794436932441],[-62.616037917504102,-18.62372483079691],[-62.616038107104977,-18.623730741962063],[-62.61603870250152,-18.623736628649084],[-62.616039046199752,-18.623738928588871],[-62.616219547769369,-18.624844144120512],[-62.616220201533707,-18.624847681978789],[-62.616221597328568,-18.624853444670499],[-62.616223385818188,-18.624859107842536],[-62.616225558525436,-18.624864647075306],[-62.616228106021083,-18.624870039754871],[-62.616231018879979,-18.624875261459685],[-62.616234283878882,-18.62488029047185],[-62.616237885898613,-18.624885105069588],[-62.616241811713898,-18.624889684438738],[-62.616246042405372,-18.624894010464963],[-62.617159000266263,-18.625768117442369],[-62.617163044810056,-18.625771767939447],[-62.618258866970663,-18.626704392287557],[-62.618259341975261,-18.626704793629621],[-62.618264128606228,-18.626708555871179],[-62.618269163354583,-18.626712010424058],[-62.618273052506481,-18.626714370876016],[-62.619795980806529,-18.627589701746167],[-62.619797353706531,-18.62759047545217],[-62.619802818471477,-18.62759327468298],[-62.619804508942742,-18.627594054453386],[-62.62174659993488,-18.62846671769903],[-62.623004851064138,-18.629327354473297],[-62.623907223185057,-18.630594783867874],[-62.624879826704024,-18.631991930642755],[-62.624879881517515,-18.631992009381683],[-62.624883483929793,-18.631996823817261],[-62.62488741013771,-18.63200140391341],[-62.624891641226142,-18.632005728845208],[-62.624893833374756,-18.632007760414471],[-62.625867870409692,-18.632881947561124],[-62.625870198174589,-18.632883968543446],[-62.62587498514916,-18.632887729691163],[-62.625880021180841,-18.632891184949738],[-62.625885282604237,-18.632894318003874],[-62.625890747640121,-18.632897117061027],[-62.625895328903958,-18.632899138909679],[-62.627175124020418,-18.633425028633866],[-62.627176187738229,-18.633425459138056],[-62.6271819899574,-18.633427553871222],[-62.627187922858774,-18.633429281924975],[-62.62719396180708,-18.633430636923975],[-62.627200080270818,-18.633431612489112],[-62.627203020392272,-18.633431942776316],[-62.628407740869129,-18.633549199011714],[-62.629913845861246,-18.634184494267522],[-62.631250756173785,-18.634883081741762],[-62.631254218549088,-18.634884803921121],[-62.631259864619246,-18.634887255220203],[-62.631265665992103,-18.634889349826928],[-62.631271598985741,-18.634891078657006],[-62.631277638020357,-18.634892433526161],[-62.631281153994671,-18.634893041438339],[-62.632805598032121,-18.635128623748507],[-62.632808200608757,-18.635128990345009],[-62.63281437308278,-18.635129582627656],[-62.632820573881325,-18.635129788143701],[-62.632826774562744,-18.635129606837594],[-62.632832949529572,-18.635129038659382],[-62.632839073176584,-18.635128087174227],[-62.632845118002422,-18.635126755943634],[-62.632851058396049,-18.63512505124412],[-62.632856868746394,-18.635122979352204],[-62.632859495278431,-18.635121903547443],[-62.634080572015215,-18.634600934038478],[-62.634083602050907,-18.634599579730466],[-62.634089079216402,-18.634596802196107],[-62.634094354214824,-18.634593689866332],[-62.634099404267822,-18.634590254446049],[-62.634104207535344,-18.634586512161022],[-62.634108745025472,-18.634582477434972],[-62.634112994892462,-18.634578169204936],[-62.634116940032655,-18.634573605513495],[-62.634120564288594,-18.634568805308803],[-62.634123850550928,-18.634563789344735],[-62.634126786448597,-18.634558579288196],[-62.634128709937684,-18.634554645220195],[-62.634739653237567,-18.633222511118749],[-62.635900499756303,-18.631251591143862],[-62.635902544892637,-18.631247924812357],[-62.636818546817366,-18.62951022996004],[-62.637663010919496,-18.628307911425967],[-62.638665887372781,-18.627579836136618],[-62.639664874152977,-18.627525735957676],[-62.640530519528575,-18.62763745627986],[-62.641171078787103,-18.628473700870543],[-62.641417198380296,-18.628963228230816],[-62.641545247193569,-18.629241687817938],[-62.641600104706662,-18.629348406143169],[-62.641603537439963,-18.629452918856735],[-62.641606274829464,-18.62958975611101],[-62.641616035930966,-18.629790476696456],[-62.641566447026733,-18.630172809309865],[-62.641489557751513,-18.630648112469501],[-62.641331170104415,-18.631211114925343],[-62.641178267324946,-18.631743120432727],[-62.640992772216912,-18.632306071702303],[-62.640911558700481,-18.632512106423427],[-62.640867461328035,-18.632605571726657],[-62.640764061643772,-18.63279658821563],[-62.640660845446369,-18.632899749385292],[-62.640161127031462,-18.633369075715141],[-62.639932988582508,-18.633585692393581],[-62.63978069994414,-18.633823125532199],[-62.639612006430944,-18.634127710310178],[-62.639372533757054,-18.634576861368181],[-62.639265047466488,-18.634775723950192],[-62.639263081233139,-18.6347793018973],[-62.639260509176061,-18.634784684454047],[-62.639258312236379,-18.6347902150479],[-62.639256499942327,-18.634795871102391],[-62.639255078981826,-18.634801628228089],[-62.639254056042745,-18.634807462035475],[-62.63925343497268,-18.63481334632203],[-62.639253219615362,-18.634819256692836],[-62.639253410022292,-18.634825168745671],[-62.639253927852323,-18.634830468657125],[-62.639371520047867,-18.635742174045209],[-62.63901199683734,-18.63687632301297],[-62.638535511618372,-18.637667521303836],[-62.637508492621357,-18.63852787686853],[-62.637504171649219,-18.638531730430312],[-62.637499921766114,-18.63853603873493],[-62.637495976621452,-18.638540602495404],[-62.637492352372767,-18.638545402763317],[-62.637489066129412,-18.638550418784519],[-62.637486130262396,-18.638555628891915],[-62.637484009631926,-18.638559996431805],[-62.636566468376046,-18.640589545260951],[-62.635466531648845,-18.642502611136923],[-62.635464725114637,-18.642505912789169],[-62.635462153768039,-18.642511294383574],[-62.635459956600322,-18.642516825828523],[-62.635458143146423,-18.642522481836394],[-62.635457262778388,-18.642525842222899],[-62.635149529004764,-18.643804541617421],[-62.635148988207078,-18.643806938318559],[-62.635147965070495,-18.64381277119092],[-62.635147343818794,-18.643818656359144],[-62.635147128302343,-18.64382456671698],[-62.635147318573253,-18.643830477862277],[-62.635147914683742,-18.643836365392854],[-62.63514891289929,-18.643842202187795],[-62.635150308529646,-18.643847964739507],[-62.63515092597752,-18.643850076283602],[-62.635453821816633,-18.644839210369657],[-62.635454993686373,-18.644842762722465],[-62.635457167262643,-18.64484830173674],[-62.635459715655749,-18.644853694160279],[-62.635462629436688,-18.644858915572481],[-62.635465895378246,-18.644863944256777],[-62.635469498357047,-18.644868758492905],[-62.63547342514395,-18.644873337468038],[-62.635477656815389,-18.644877663069735],[-62.635482176349818,-18.644881714477844],[-62.635486963871656,-18.644885475385568],[-62.635492000451542,-18.644888930391836],[-62.635497262421502,-18.644892063182539],[-62.635502728000098,-18.644894861966161],[-62.635505425606645,-18.644896087310446],[-62.636175820889726,-18.645188134573424],[-62.636178768804733,-18.645189361296339],[-62.636184571536234,-18.645191455757928],[-62.636190504938327,-18.6451931844379],[-62.636196544377462,-18.645194539154552],[-62.636202663318102,-18.64519551443372],[-62.636208836170916,-18.645196105706983],[-62.636215037340719,-18.645196311117221],[-62.636221238386135,-18.645196129705582],[-62.636227413706301,-18.645195562326343],[-62.636229826404076,-18.645195234400692],[-62.637381873937507,-18.645024116108491],[-62.638210498806863,-18.645025712536611],[-62.639893151359637,-18.645659582394767],[-62.642321604144286,-18.64705483834727],[-62.643964605851615,-18.648103461925086],[-62.643967754371232,-18.648105386631904],[-62.645064469929416,-18.64874710899765],[-62.645066501273078,-18.648748265163931],[-62.645071968085873,-18.648751062770927],[-62.64507761386654,-18.648753514564628],[-62.64508341683252,-18.648755608754588],[-62.64508935045302,-18.64875733715666],[-62.645095292475617,-18.648758672426329],[-62.645705078919022,-18.648876122308895],[-62.645705176537092,-18.648876141472456],[-62.645711295669265,-18.648877116444872],[-62.645717468693604,-18.648877707408431],[-62.645723670014227,-18.648877912507356],[-62.645729871189104,-18.648877730784204],[-62.645736046616797,-18.648877163094546],[-62.645742170693964,-18.648876211197681],[-62.64574821496727,-18.648874879558932],[-62.645753661416265,-18.648873331691611],[-62.646664662401001,-18.648585770668138],[-62.647742375464581,-18.648359601143621],[-62.648695064525974,-18.648474929774704],[-62.650445554596004,-18.648938751437122],[-62.653055875593779,-18.650333876632907],[-62.653060145460195,-18.650336023783471],[-62.653065791411876,-18.650338475339549],[-62.653066861964838,-18.65033889305861],[-62.653981205390068,-18.650689477340357],[-62.653985937976209,-18.650691154447799],[-62.653991871760624,-18.650692881667258],[-62.65399791154509,-18.650694235816726],[-62.654004031742588,-18.650695210522585],[-62.65401020486614,-18.650695801215253],[-62.65401640531767,-18.650696006943814],[-62.654992462026136,-18.650697801132448],[-62.654998029829365,-18.650697654997099],[-62.656027693282908,-18.650641813559272],[-62.656630123561918,-18.650700350913748],[-62.656632554192136,-18.650700556899267],[-62.658279417382239,-18.650819858843683],[-62.658280219404162,-18.650819913625451],[-62.658286420817824,-18.650820118311245],[-62.658292622057331,-18.650819936174582],[-62.658296089969951,-18.650819665016034],[-62.659811160274735,-18.650674408772144],[-62.659813868771174,-18.65067411090488],[-62.659819991892775,-18.650673159451344],[-62.659826037076421,-18.650671827361105],[-62.659831977761499,-18.650670120912618],[-62.659837788331963,-18.650668048193666],[-62.659843445068027,-18.650665617295402],[-62.659848922346406,-18.650662839920777],[-62.65985419739193,-18.650659725970215],[-62.659859247420279,-18.650656289863196],[-62.659863978673009,-18.650652953499797],[-62.659868450570293,-18.65064939794982],[-62.659887248709524,-18.650631676115424],[-62.659918572540363,-18.650605984731282],[-62.660144832261622,-18.650385817785367],[-62.660737936270948,-18.649821531719844],[-62.660973823183618,-18.649612835736761],[-62.660978610837134,-18.649608286559975],[-62.661193482745787,-18.649389013289589],[-62.661200246916927,-18.649381289040537],[-62.661413676055759,-18.649108012360745],[-62.661419644624409,-18.649099379265088],[-62.6614249210594,-18.649089307896514],[-62.661571042062427,-18.648760645725311],[-62.661574389272715,-18.648751884085289],[-62.661709860104587,-18.64833090938291],[-62.66171255681315,-18.648320266685857],[-62.661713395287819,-18.648314836416805],[-62.661740461410588,-18.648092800414982],[-62.661741094224844,-18.648082539017786],[-62.661740896589301,-18.64807652936215],[-62.661725380572143,-18.647848094714483],[-62.661722941990007,-18.647832771084506],[-62.661667564455477,-18.647613603553136],[-62.661663338939199,-18.647601010670947],[-62.66128728564464,-18.64671069128455],[-62.661128062576488,-18.64626427814887],[-62.661031252693959,-18.645786516477632],[-62.661007874718855,-18.645274916399078],[-62.661055928999126,-18.6449251196156],[-62.661233071159415,-18.644544319553319],[-62.661466188965967,-18.64430080282532],[-62.661831460380768,-18.644069619871004],[-62.662258732187915,-18.643824589433574],[-62.662630223143452,-18.6436682336468],[-62.662926055994696,-18.643579401058272],[-62.663418990524342,-18.643437008032382],[-62.663989642229971,-18.64331248226857],[-62.664294690391138,-18.643261728022196],[-62.664298543004286,-18.64326100915709],[-62.664477581084327,-18.643223879269435],[-62.664483612926915,-18.643222429507532],[-62.665047274527709,-18.643068015039713],[-62.665055536778866,-18.643065353634157],[-62.665467436803013,-18.64291221928486],[-62.665480239105165,-18.642906371941404],[-62.665554300909974,-18.64288515434847],[-62.665744760954446,-18.642829186867885],[-62.665707949728862,-18.645163348064834],[-62.66531058197404,-18.659900187756406],[-62.665117227026975,-18.667069723727156],[-62.66498891125763,-18.667074736860542],[-62.645531325152213,-18.667056319912749],[-62.645543349635467,-18.661276595920175],[-62.63824204653443,-18.661262903941477],[-62.638218687328525,-18.667128805103609],[-62.645530612684297,-18.667139096418083],[-62.665022329800323,-18.667165139162869],[-62.665047570619159,-18.667233402133093],[-62.665114839664376,-18.667232862326667],[-62.664718157262612,-18.694304518847897],[-62.664568726465347,-18.695006687567275],[-62.66444764379542,-18.700509156270115],[-62.664396645067157,-18.702704528955657],[-62.664396912596921,-18.702718928537188],[-62.664435453782701,-18.703356273474075],[-62.664237032614949,-18.707161706134102],[-62.66405110221045,-18.712350830205978],[-62.66378725170479,-18.717916465774476],[-62.663658557279852,-18.722634386543874],[-62.663431670590491,-18.72855932871175],[-62.663254171027276,-18.732637592733727],[-62.663098563630747,-18.737087371844041],[-62.662882672595487,-18.740787019135531],[-62.66288244154871,-18.740801626535536],[-62.662922310158869,-18.742302077198506],[-62.662758786981229,-18.746374354876323],[-62.662705122919512,-18.748438934065824],[-62.662638561469365,-18.749793429083148],[-62.662439868823476,-18.755019086892659],[-62.662253938893215,-18.760170904906378],[-62.662010676033375,-18.765067456765269],[-62.66194787882214,-18.766569290682973],[-62.661788558042076,-18.770379374244222],[-62.661665806196098,-18.773377664800005],[-62.661581694709717,-18.776252324177289],[-62.66132708961635,-18.782700845209582],[-62.661273052171275,-18.78469417470961],[-62.661032050061856,-18.789046074736589],[-62.660854847119595,-18.793228289412809],[-62.66065229403209,-18.799348403649915],[-62.660532811502087,-18.802610900098735],[-62.660395314162919,-18.805438567276873],[-62.660295134110804,-18.808433402055009],[-62.660138196999007,-18.811650238529161],[-62.659929032708689,-18.814307552376352],[-62.659928591548898,-18.814315502975308],[-62.659913335138974,-18.818302789360615],[-62.630681308150933,-18.818253943168024],[-62.627740684448234,-18.887146088558463],[-62.657011321772295,-18.887313230322633],[-62.656907990916395,-18.889028064207999],[-62.656907720625391,-18.88903350619108],[-62.656773168755329,-18.892473022291721],[-62.656622469553461,-18.895491470639541],[-62.656622342176028,-18.895494334438204],[-62.656343998881248,-18.902667463056215],[-62.656101923192416,-18.908731390119623],[-62.656101832412055,-18.90873399188964],[-62.655662433941082,-18.923466815899637],[-62.653286585326242,-18.923448520267247],[-62.653286325118856,-18.923448518877503],[-62.648828926288388,-18.923425712089838],[-62.639762332167201,-18.923292908022383],[-62.63398556907449,-18.923195030075664],[-62.633984829302875,-18.923195020483302],[-62.624447887492778,-18.923103825602251],[-62.613501127873668,-18.922922635528579],[-62.608300590289936,-18.922825158360208],[-62.608299907505113,-18.922825147882008],[-62.603887691683113,-18.9227724970183],[-62.597307353661101,-18.922686192322907],[-62.595752556470082,-18.922663255991829],[-62.595923090026638,-18.915334642013931],[-62.567609561647103,-18.915315898980307],[-62.53929613536809,-18.915292839290345],[-62.538442975272069,-18.930983158433808],[-62.56699945402665,-18.931039801487124],[-62.595556048105884,-18.931092050580084],[-62.595748342314273,-18.922843971348385],[-62.59730449156222,-18.922866922423417],[-62.597304652048173,-18.922866925482786],[-62.603885135786889,-18.922953231601991],[-62.603885250691604,-18.922953233654674],[-62.608297188260778,-18.923005881353067],[-62.613497497819971,-18.92310335461363],[-62.613497712437486,-18.92310335777173],[-62.624444935838369,-18.923284555490341],[-62.624445628125862,-18.923284565024652],[-62.633982555491713,-18.923375760146314],[-62.639759066488921,-18.923473633268699],[-62.639759291554334,-18.923473636416734],[-62.648826481343008,-18.923606450031915],[-62.648827429097821,-18.923606459054824],[-62.653285176497647,-18.923629267500857],[-62.655657049547479,-18.923647531411174],[-62.65545296744331,-18.930489085581044],[-62.655452964375556,-18.930489192219305],[-62.654810033615178,-18.952341014410443],[-62.654809942073491,-18.952345345058895],[-62.654780081394314,-18.954709649660675],[-62.654720490979372,-18.959427476310605],[-62.654717493932353,-18.959450646736222],[-62.654630817225986,-18.959450891936985],[-62.654629107945702,-18.959548480317228],[-62.654487674868093,-18.962322481355802],[-62.654351643934504,-18.965802756454789],[-62.654208202102616,-18.969846987745704],[-62.654111969125495,-18.972625988737068],[-62.654026121252095,-18.975650188682017],[-62.654015706980836,-18.976037157440537],[-62.653914353826075,-18.978295249864999],[-62.653908638624479,-18.978422736788978],[-62.653814201568508,-18.98052917742017],[-62.653814170604697,-18.980529910309528],[-62.653739540327749,-18.982586209017953],[-62.653648900890836,-18.985091967116141],[-62.653550372371605,-18.987767891593084],[-62.653467409933413,-18.989898950618269],[-62.653364038560561,-18.99276350097276],[-62.653377411562481,-18.994372344714293],[-62.653424614673256,-18.994778769952443],[-62.65159165290536,-18.994714661616655],[-62.627713461793434,-18.993877858043678],[-62.603835567848087,-18.993037977464692],[-62.601810359034808,-18.992966601644458],[-62.599525131224233,-18.992886032972496]],[[-62.512375721295051,-18.565930903499211],[-62.536067141777067,-18.565990643139351],[-62.536115978088297,-18.547915011010179],[-62.512427051270087,-18.547855333653093],[-62.512375721295051,-18.565930903499211]]],[[[-62.834294989300382,-18.489809311026931],[-62.854473427040794,-18.4898045824125],[-62.854300284306994,-18.494567284372692],[-62.853243807144686,-18.523621734106936],[-62.882409755723181,-18.523367916831425],[-62.882351526965991,-18.514676303982952],[-62.901192044781354,-18.514844308112753],[-62.920032608833623,-18.51501043559966],[-62.920428065547497,-18.523103682035654],[-62.920428790300541,-18.523103786279286],[-62.935234107886892,-18.525271897885794],[-62.935384694328185,-18.524850179200481],[-62.937461932702774,-18.519032614760849],[-62.937700410464799,-18.519194765510424],[-62.951121629562032,-18.528319411121927],[-62.970698431741873,-18.541625580215936],[-62.971471235100182,-18.542150763100874],[-62.973052923069261,-18.54322562863381],[-62.972557317758934,-18.543960709399169],[-62.97125422367931,-18.545893421537066],[-62.968479255310633,-18.550008998942584],[-62.972145390416749,-18.55273610632872],[-62.977248756252109,-18.556532055880425],[-62.97768576086208,-18.560209701366276],[-62.978241786935818,-18.56466449705507],[-62.978760287266965,-18.568933038452133],[-62.979451783196886,-18.574500928578971],[-62.980188421605455,-18.580133123694267],[-62.981112807402219,-18.587219954398925],[-62.981699104794288,-18.592234708081484],[-62.981699189081013,-18.592235368773306],[-62.982984706794838,-18.602020690529315],[-62.982984758886637,-18.602021114419525],[-62.983620674761454,-18.607175298084119],[-62.984774405852995,-18.615330088169369],[-62.98477458490634,-18.615331342666266],[-62.98491625218567,-18.616299934653711],[-62.985361024168441,-18.619340804524541],[-62.986090391814145,-18.624885773904342],[-62.986756118164955,-18.629655149298422],[-62.987451803386556,-18.634491413377248],[-62.988022175867158,-18.638658293134995],[-62.988024661498862,-18.638675613784475],[-62.988492358664246,-18.641934855624495],[-62.988899699440239,-18.644803654179366],[-62.989344732152723,-18.648127369541466],[-62.989777338032923,-18.6512364407033],[-62.989777504837008,-18.651237649999906],[-62.990591697532672,-18.656581663688485],[-62.990680242384265,-18.657278578822904],[-62.990797040841827,-18.658197854868266],[-62.990742909727523,-18.658184870001811],[-62.989414598351708,-18.657866210670321],[-62.969444683014743,-18.65307419635797],[-62.949475891876141,-18.648280059334176],[-62.929508227110631,-18.643483801353657],[-62.90954169089165,-18.638685424172152],[-62.908806559092959,-18.621177997968111],[-62.894620940811002,-18.62151193868813],[-62.89728715111454,-18.61620484578658],[-62.892985332212753,-18.614272022414497],[-62.882081579104856,-18.617588028673325],[-62.882007192396223,-18.610065789679332],[-62.864190865759561,-18.616275000231145],[-62.867355380130675,-18.629055975783242],[-62.880763952363239,-18.62267558679612],[-62.881317103964719,-18.636877463128204],[-62.881329466169603,-18.63756129667275],[-62.881314730484036,-18.637558005668492],[-62.869750295907217,-18.634975100458156],[-62.869175640069471,-18.634791163848558],[-62.86916056991889,-18.634786993165314],[-62.862550451027602,-18.633237108421515],[-62.857935074116078,-18.632176540185821],[-62.853837059149072,-18.631250333393087],[-62.850694372080667,-18.630530972494718],[-62.849070153431846,-18.630124615050228],[-62.846307261664535,-18.62931098019666],[-62.842159811241473,-18.628006736124643],[-62.839650658000124,-18.62726284534747],[-62.836080042687364,-18.626202873633137],[-62.83260059894473,-18.625162302925627],[-62.829065577149841,-18.624068859967466],[-62.82624084847631,-18.623163987867365],[-62.826224618322058,-18.623158732638846],[-62.825359034729907,-18.62289908527821],[-62.821625331619884,-18.621779042272529],[-62.820923622776697,-18.621565588456544],[-62.816872651420148,-18.620328360967918],[-62.815659164967592,-18.619967833001517],[-62.811396312176626,-18.61870128192286],[-62.807232517700982,-18.617418887032169],[-62.804990745110949,-18.616737635138435],[-62.805001927755242,-18.616550082608811],[-62.8051475962897,-18.614107019081008],[-62.80529359397935,-18.611480629728707],[-62.805409118595584,-18.609142003946225],[-62.80557043064821,-18.606215570845411],[-62.805724035461019,-18.603355629610569],[-62.805881637802173,-18.601433808266595],[-62.806019806074801,-18.599173767730523],[-62.80615332939314,-18.596480079564877],[-62.806275064984483,-18.593896666840909],[-62.806407015925942,-18.591421522337523],[-62.806481882013969,-18.589822402038891],[-62.806543644065904,-18.588388696696331],[-62.806666282253218,-18.586300361126323],[-62.806780635483619,-18.584430631480117],[-62.807002929142541,-18.581232343688512],[-62.807202032032592,-18.578161235041776],[-62.807416686065054,-18.574555930448643],[-62.807589913102476,-18.572140669245403],[-62.80762860407539,-18.571605375447923],[-62.807743478097549,-18.569456002359143],[-62.807876853695021,-18.566852844555257],[-62.807938694191058,-18.565282090104802],[-62.808040083858323,-18.56405173743731],[-62.808151993712357,-18.562650315462374],[-62.808152391491504,-18.562643747902879],[-62.808224510714261,-18.560908327642824],[-62.808311674229351,-18.559116782325088],[-62.808439185021498,-18.557100308173343],[-62.808576878574613,-18.555081314049822],[-62.80868450411532,-18.553061944551867],[-62.808684508945007,-18.553061862310241],[-62.8087817313207,-18.551074395221882],[-62.80927788343719,-18.542153778884618],[-62.809784427973298,-18.533045244587573],[-62.810297038744132,-18.523826426479182],[-62.834195941431645,-18.523718097268851],[-62.834294989300382,-18.489809311026931]],[[-62.837073362847001,-18.541012885723472],[-62.83586582373475,-18.538414968119721],[-62.836176022187196,-18.530336074551322],[-62.831900677521816,-18.530117791762187],[-62.832811262402252,-18.540425589705826],[-62.833229513772707,-18.542207657764777],[-62.837073362847001,-18.541012885723472]]],[[[-62.501709133673565,-18.488365835863195],[-62.501714182332968,-18.488309830408479],[-62.501733065822698,-18.488281181135562],[-62.501772179632141,-18.488266857748737],[-62.501876721028943,-18.488262911173841],[-62.508648735220532,-18.488448679554221],[-62.508732966249717,-18.488441007097876],[-62.508783353213055,-18.488413831569144],[-62.52324892622967,-18.488964809115551],[-62.523707981527309,-18.489580362655399],[-62.542949020755621,-18.516565825972265],[-62.557911041419906,-18.503302192934974],[-62.572870761447575,-18.490037310150051],[-62.6010282621695,-18.491301534184704],[-62.629186262279759,-18.492561578172761],[-62.657344754309804,-18.49381744117321],[-62.685503730789954,-18.495069122249866],[-62.71694426194199,-18.496235849309819],[-62.748385294922137,-18.497397359714416],[-62.77982681930829,-18.498553652386683],[-62.811268824676937,-18.499704726257129],[-62.811081142451471,-18.50142122573364],[-62.811080892758753,-18.501425177857534],[-62.810934888604159,-18.504261029707116],[-62.810793009438882,-18.507339382914363],[-62.810712558267205,-18.508991678817782],[-62.810643022329096,-18.510419768570586],[-62.810428188998593,-18.514374645037794],[-62.810198654154711,-18.517918905193376],[-62.810048468397603,-18.521034252311807],[-62.80993648880365,-18.523715334899492],[-62.809629707089712,-18.529170742443689],[-62.80941495210071,-18.532934580428215],[-62.809184691311835,-18.537109666699681],[-62.809036355493738,-18.539735432135323],[-62.808912940595498,-18.542088128853447],[-62.80887756705696,-18.542762445557141],[-62.80866805265623,-18.546287239475955],[-62.808550098171942,-18.548630878202289],[-62.80842990570482,-18.550758703627107],[-62.808305956688649,-18.553043428389266],[-62.808198463001723,-18.555060403587536],[-62.808060874009456,-18.557077692929539],[-62.807933154141978,-18.559097521514133],[-62.807845799624651,-18.560892790119077],[-62.807773759450122,-18.562626142377077],[-62.80766214447236,-18.564023847050418],[-62.80756048312054,-18.565257450211657],[-62.807560033224867,-18.56526483114056],[-62.807498131502093,-18.566837240248859],[-62.807364904300059,-18.569437334895678],[-62.807211540165461,-18.572118486735715],[-62.807038332921131,-18.574533347188673],[-62.806823597611029,-18.578139834293498],[-62.806624597948158,-18.581209234407471],[-62.806402257698778,-18.584408152511688],[-62.806287781694515,-18.586279729149609],[-62.806164966693601,-18.588371169730184],[-62.806103103438502,-18.58980692103405],[-62.806028319224083,-18.591404283341813],[-62.805896364784871,-18.593879376019842],[-62.805774590545042,-18.596463431022041],[-62.805641185344292,-18.599154714881145],[-62.805503365333806,-18.601409196171165],[-62.805345834020621,-18.603329865797992],[-62.805345505279242,-18.603334713456334],[-62.805191777935292,-18.606196838701369],[-62.805030420673368,-18.609124012502093],[-62.804914895730661,-18.611462558479751],[-62.804768987152293,-18.61408719240567],[-62.804616170993675,-18.616650047971842],[-62.80360435287951,-18.616358008978029],[-62.79974789308887,-18.615172556702412],[-62.795856644374446,-18.614034893996042],[-62.792177192500915,-18.612902506907744],[-62.787236039560248,-18.611394638326448],[-62.783297038706991,-18.610275613098075],[-62.780074100278014,-18.609244818727188],[-62.77564514124488,-18.607876072209724],[-62.77295647903648,-18.607064247324701],[-62.77061663754224,-18.606371702587264],[-62.768167527888011,-18.605672028850144],[-62.765932068391372,-18.604981414654215],[-62.763379678328057,-18.604162675463666],[-62.760679136099476,-18.603340498862821],[-62.758417638425975,-18.602696661039698],[-62.753931355858086,-18.601342458780792],[-62.750801582255001,-18.600414939891088],[-62.747420065800156,-18.599441743397385],[-62.744574157798496,-18.598562632916401],[-62.742818644034585,-18.598020204260621],[-62.739260165438104,-18.596920626171489],[-62.735129330446242,-18.595677046378135],[-62.730427554450195,-18.594281213931154],[-62.726728058738885,-18.593149653382572],[-62.725774875560035,-18.59286388097464],[-62.722833041215772,-18.59198185866315],[-62.718675257713393,-18.590698901533589],[-62.71422248498839,-18.589335958634056],[-62.711110105189789,-18.588420325440282],[-62.707486744797883,-18.587281537855848],[-62.704312018989789,-18.586314788067984],[-62.700943204666487,-18.58531941467022],[-62.697221690416221,-18.584194466770647],[-62.694487094980715,-18.58337318396104],[-62.689938655740484,-18.581923664268384],[-62.686297763554748,-18.580776408554208],[-62.682476637905033,-18.579643218709442],[-62.678483766022438,-18.578459791269921],[-62.674654581639281,-18.577345210295757],[-62.671210400976136,-18.576349040048601],[-62.667785991011094,-18.575379284574097],[-62.663343581168199,-18.573885530311511],[-62.663337670143477,-18.573883646189298],[-62.659127877794113,-18.572614767743136],[-62.654967687875818,-18.571345703320112],[-62.649517280461232,-18.569721538105057],[-62.645796128427286,-18.56858471889705],[-62.640904282302593,-18.567123010399538],[-62.636284880729022,-18.56566527506336],[-62.631767195171477,-18.564275201118747],[-62.626698854378134,-18.562740631076561],[-62.621850639431749,-18.561278348227638],[-62.617052305897509,-18.559809956066342],[-62.612767406685805,-18.558521772845388],[-62.608646475283493,-18.557275991632601],[-62.603034276950538,-18.555542558449499],[-62.596676480363968,-18.553615981227129],[-62.58979926861528,-18.551508792232834],[-62.583208128743536,-18.549508840442751],[-62.582614729111953,-18.549328771242763],[-62.577141179637202,-18.547684690254975],[-62.570872566754041,-18.545745740021179],[-62.563149624980134,-18.543372346743681],[-62.556216373705787,-18.541299570472702],[-62.549084283384488,-18.539136790537711],[-62.543372771465165,-18.537365387901527],[-62.538788772821754,-18.535991233437493],[-62.533629266837558,-18.534388493998406],[-62.528882062086943,-18.532941772703911],[-62.524736997724993,-18.531682054443216],[-62.51905731480965,-18.52992794809748],[-62.513484132749014,-18.528251681133465],[-62.507542509821633,-18.526431053667743],[-62.50229194854699,-18.524816532432666],[-62.502290316960554,-18.524736012458543],[-62.502194387105554,-18.520000644757634],[-62.501968337655633,-18.508841809480636],[-62.501875825423824,-18.503053036311712],[-62.501874466628401,-18.502967989797305],[-62.50187261361171,-18.502852056796389],[-62.501803450495821,-18.498524309244569],[-62.501802450049539,-18.498416568575678],[-62.501709133673565,-18.488365835863195]]],[[[-62.690366888940403,-18.468600519088163],[-62.69625525494169,-18.468617693288909],[-62.69301609202801,-18.485814952327942],[-62.687232899862266,-18.485808146960743],[-62.690366888940403,-18.468600519088163]]],[[[-62.147398814996833,-18.495129449204761],[-62.161864271571503,-18.485225952978912],[-62.177966078751787,-18.474191948688432],[-62.194065854492884,-18.463156482827767],[-62.194377395216108,-18.463548226343075],[-62.198125606421314,-18.468261208237923],[-62.210882271379035,-18.484307171982422],[-62.223641284957807,-18.500352338389181],[-62.236402650112851,-18.516396705037074],[-62.249166369800314,-18.53244026950432],[-62.264019007189091,-18.551105475550987],[-62.278874840364431,-18.569769588700488],[-62.293733873986895,-18.588432605135534],[-62.308596112718703,-18.607094521037595],[-62.286312215339244,-18.625469881500081],[-62.264023553393585,-18.643842405688876],[-62.249434515776606,-18.625256954230149],[-62.23484861453646,-18.60667044741416],[-62.220265845099334,-18.588082888906484],[-62.205686202893119,-18.569494282371483],[-62.19110968334747,-18.550904631472363],[-62.17653628189381,-18.532313939871155],[-62.161965993965289,-18.513722211228718],[-62.147398814996833,-18.495129449204761]],[[-62.239023887900757,-18.542499294306818],[-62.232363053233009,-18.532377185695715],[-62.215528939061947,-18.540566959608523],[-62.198693265708954,-18.548755166383803],[-62.207356188104583,-18.557488017623868],[-62.223190708702951,-18.549994348277615],[-62.239023887900757,-18.542499294306818]]],[[[-62.513266270212462,-18.474974347525052],[-62.498995162886409,-18.448548745115701],[-62.499097522671093,-18.446988208363152],[-62.516980570669148,-18.43700681770278],[-62.534861581856944,-18.42702368430928],[-62.55774596069535,-18.414257085385756],[-62.576288822593156,-18.431170671451284],[-62.594835314743236,-18.448082489441884],[-62.605808879637486,-18.450562003554488],[-62.605546677951153,-18.461051665212025],[-62.582617264148794,-18.464721258350014],[-62.559686934641135,-18.468388057078204],[-62.536755693154895,-18.472052059643033],[-62.513823543418269,-18.475713264292935],[-62.513266270212462,-18.474974347525052]]],[[[-62.460769111815438,-18.320926962961654],[-62.470621522136298,-18.32064205726746],[-62.481195496431354,-18.339567547281316],[-62.487003665499849,-18.349800205385918],[-62.48697250607546,-18.349800718020703],[-62.473869725552106,-18.335364273934541],[-62.460769111815438,-18.320926962961654]]],[[[-61.933813015726827,-18.281890153738829],[-61.934315731135669,-18.281432804197426],[-61.934671603617218,-18.280936353785897],[-61.934711601796941,-18.280776695674639],[-61.93471587643046,-18.280076571843257],[-61.934874504387153,-18.27984147849919],[-61.935860405521069,-18.279846968351098],[-61.936573716008674,-18.280116547995693],[-61.937308277636461,-18.280733749354049],[-61.938167758460658,-18.281100344915675],[-61.939066232739108,-18.281117649659404],[-61.940020433298535,-18.281330393287202],[-61.940576159014775,-18.281561569812649],[-61.941357339131535,-18.282316530940651],[-61.942315759572317,-18.283327026792353],[-61.94246100779872,-18.283823531359147],[-61.942458058162586,-18.284310074936524],[-61.942331591882684,-18.284781692572288],[-61.942116544604062,-18.285306710939796],[-61.941192726899153,-18.28665733159912],[-61.941136078791772,-18.286796610601257],[-61.940990399990547,-18.287645961705799],[-61.940996778115419,-18.288990013957392],[-61.941123464941015,-18.289983525825622],[-61.94133166363077,-18.290796491936568],[-61.941606360624014,-18.291513124475618],[-61.914378862604124,-18.307025639484767],[-61.898031225886868,-18.316336206988854],[-61.881681892896871,-18.325645272305945],[-61.881578146044376,-18.32556881164761],[-61.881444871910546,-18.325572196334836],[-61.881213704060919,-18.325701406592334],[-61.880094158851243,-18.326346466359571],[-61.879467025689095,-18.326954344103932],[-61.879484706116052,-18.326029928617491],[-61.879143722993732,-18.325410172306039],[-61.87874330231304,-18.325092078776279],[-61.878617922959023,-18.324473588638817],[-61.878578517703353,-18.323896787796841],[-61.87829176061112,-18.32378527895974],[-61.877564019271787,-18.323965721306301],[-61.877270728565598,-18.323861640645866],[-61.877199925138576,-18.323696490629338],[-61.877341530303077,-18.323502978289476],[-61.877777332601028,-18.323315507934545],[-61.878097525284637,-18.322699637667039],[-61.878199818777219,-18.322439409590945],[-61.878143742175681,-18.322219434419022],[-61.87795795317578,-18.322053608571817],[-61.877555594607692,-18.322037514131761],[-61.87731204865586,-18.321912530150943],[-61.877328104238885,-18.321651796049423],[-61.877544673849137,-18.32150206381095],[-61.877488775376861,-18.321254633506026],[-61.877174339544339,-18.320978226969579],[-61.876772426539176,-18.320893494480746],[-61.876388520184776,-18.320246026103771],[-61.87607878535708,-18.319242069302629],[-61.875665696634847,-18.318663066932832],[-61.875569253874957,-18.318017289593996],[-61.875660543776505,-18.317235340858577],[-61.875707473226562,-18.316645319208398],[-61.875639333285704,-18.316068348590449],[-61.875312664789178,-18.315462398737747],[-61.874883617650973,-18.315130402440115],[-61.874543379312577,-18.314400820260104],[-61.874143258009688,-18.314041536988039],[-61.874133767774474,-18.313286449574949],[-61.874022693782578,-18.312681769258873],[-61.873595076421879,-18.312130133427083],[-61.873455171249454,-18.311539009826696],[-61.873012830702827,-18.311042197096921],[-61.872626914662533,-18.310710450013588],[-61.872361483256789,-18.310411355830478],[-61.872215722062457,-18.309843167883539],[-61.871859443689623,-18.309374316225586],[-61.871285184904714,-18.309274827060335],[-61.870575973853363,-18.309241020830566],[-61.870108282383754,-18.309020765469267],[-61.869531543337231,-18.308557261626813],[-61.869016763379008,-18.308076167711295],[-61.868483390204496,-18.307777866120919],[-61.86801083801177,-18.307496551645574],[-61.867855751551318,-18.307037037111392],[-61.867916585254001,-18.30568564800511],[-61.86816435971722,-18.305302609031614],[-61.868206307668821,-18.304874695217634],[-61.868320798292039,-18.304739107689741],[-61.869488802542371,-18.304816380992825],[-61.87046843281049,-18.304347688175756],[-61.870953505028375,-18.303996330405383],[-61.871673638678651,-18.303905787227265],[-61.872447228079281,-18.303223065277656],[-61.872821998026751,-18.302822382675767],[-61.873048208886452,-18.302373423032424],[-61.873421596639425,-18.302186028094557],[-61.874117217805463,-18.302047931884402],[-61.87459091782933,-18.301695228298211],[-61.874743914880113,-18.301056237008719],[-61.875120816442482,-18.300323765749983],[-61.875545195178198,-18.29992336923122],[-61.875522371894519,-18.299615138986439],[-61.875254199018265,-18.298878868594809],[-61.875257410657106,-18.298381193644623],[-61.875531851735644,-18.298145811639319],[-61.876078746956388,-18.297983132431586],[-61.877101157579645,-18.297183353938546],[-61.877703618849878,-18.29609670522591],[-61.878354624846644,-18.29517623789194],[-61.878816617525509,-18.293774206798645],[-61.904381558811977,-18.280462130542592],[-61.904676418283877,-18.280468028596211],[-61.904788126974196,-18.280862141327038],[-61.904939070330016,-18.281507478934945],[-61.905347604769844,-18.282216462811309],[-61.905653078997283,-18.283633967263647],[-61.905892175810166,-18.284980890698463],[-61.90639726167192,-18.286097545772346],[-61.907139558647728,-18.286720712237063],[-61.907951093441383,-18.287321751340354],[-61.909201499953475,-18.288160971459185],[-61.910977974600044,-18.288693628193474],[-61.912479231358247,-18.288971400677898],[-61.914094060680092,-18.289076263843995],[-61.915897421486903,-18.288948811780877],[-61.917029902395306,-18.288868028540303],[-61.918864709885788,-18.288654276054938],[-61.920308231395502,-18.288555349166057],[-61.921987476645342,-18.287644152990541],[-61.922806608564706,-18.286871936062035],[-61.923671097981718,-18.286020439808404],[-61.924532389467018,-18.285307409087967],[-61.925753220969447,-18.284637129704414],[-61.92682929701747,-18.284285127307278],[-61.928003273597525,-18.283799519249051],[-61.929134047607647,-18.283180547905499],[-61.930600950227969,-18.282733520182976],[-61.931419481344868,-18.282305576135304],[-61.931919214061047,-18.282189191090918],[-61.932295367437987,-18.282131459423447],[-61.932675599825203,-18.282073100008976],[-61.933180807365659,-18.282151836156324],[-61.933813015726827,-18.281890153738829]]],[[[-61.912428292578412,-18.276270912076402],[-61.932290061573106,-18.260184530394188],[-61.952148204594707,-18.244095872156716],[-61.974367842134164,-18.272838639169798],[-61.95659323078317,-18.282971629067813],[-61.956477513208476,-18.282891791224365],[-61.956367709472275,-18.282894625024586],[-61.953123868713455,-18.284738655077149],[-61.953087795671379,-18.284765334003541],[-61.953039201387348,-18.284843183188983],[-61.952982089149266,-18.285029924053664],[-61.941866764551349,-18.291364731158108],[-61.941491038977311,-18.289897627358201],[-61.941357038579554,-18.288823000392899],[-61.941363828684281,-18.287704408588379],[-61.941509505747227,-18.286855057113939],[-61.942454695051509,-18.285473187070146],[-61.942692413600255,-18.284892814768622],[-61.942836183012126,-18.284356667140944],[-61.942839708076434,-18.283774998254483],[-61.942656152799174,-18.283147550028065],[-61.941632231509779,-18.282067998380825],[-61.9407940428597,-18.28125794306635],[-61.940139949664882,-18.280985846737398],[-61.939110888559505,-18.280756412530991],[-61.938267817328516,-18.280751732458597],[-61.937520327843536,-18.280434364141087],[-61.936774750696316,-18.27980378705476],[-61.93593359472333,-18.279485891012911],[-61.935231041188523,-18.279481979798234],[-61.934668998487943,-18.279478848968576],[-61.934338134975071,-18.279969201564793],[-61.934336495322825,-18.280237663357891],[-61.934333215933442,-18.280774586921023],[-61.934049732305041,-18.281175712901724],[-61.933625735039172,-18.281576054662953],[-61.933109155553097,-18.281796897891002],[-61.93268816566448,-18.281705058059263],[-61.931844269792158,-18.281834580196076],[-61.931281397873015,-18.281965669759423],[-61.930435579868046,-18.282408389915894],[-61.928980868122352,-18.282847696619587],[-61.927852913640116,-18.283467804468749],[-61.926678939924855,-18.283953411719025],[-61.925599462595066,-18.284305308391794],[-61.924424648993522,-18.284925131529576],[-61.923624534701894,-18.285547057430733],[-61.922540619759303,-18.286614830243035],[-61.921739661235662,-18.287370977637266],[-61.920188717529456,-18.288212374977135],[-61.918829832152085,-18.288294182931615],[-61.917001723051563,-18.288507556613375],[-61.914096311489942,-18.288714794380642],[-61.912551181306462,-18.288616519276356],[-61.911054011317546,-18.288339525364332],[-61.909370889293911,-18.287837735059878],[-61.908484593415338,-18.287250992463164],[-61.907598584805363,-18.286619503435674],[-61.906713143630107,-18.285898523602249],[-61.906251214559212,-18.284866750821699],[-61.906025162916187,-18.283567858318811],[-61.905706561689556,-18.282089457170073],[-61.905289519484512,-18.281371152372564],[-61.905011517219926,-18.280134025897354],[-61.912428292578412,-18.276270912076402]]],[[[-61.989312363070816,-18.264610907330496],[-61.972685325549918,-18.252768626028598],[-61.956060576642059,-18.240924997979171],[-61.969604147117764,-18.229946694752517],[-61.983146032663939,-18.218967337259112],[-61.987902831550322,-18.215104072990016],[-61.996502462449911,-18.208135355800664],[-62.004749155034276,-18.220216641730893],[-62.023931839048686,-18.247988822150653],[-62.009555006509892,-18.258388399402637],[-61.995176486248639,-18.268786803399703],[-61.989312363070816,-18.264610907330496]]],[[[-60.608615961262529,-18.004992375597041],[-60.622054648763893,-18.023858568840865],[-60.63549606598675,-18.04272412813156],[-60.652439857855782,-18.034689145620806],[-60.669382250224878,-18.026652493577078],[-60.686323242620212,-18.018614174083748],[-60.703262834569024,-18.010574189224574],[-60.709803765730967,-18.019644682644017],[-60.73391712014373,-18.028163439541746],[-60.758033112729613,-18.036679438202416],[-60.779039590462048,-18.044337737333166],[-60.757248457880507,-18.06608964098573],[-60.771710971312572,-18.084692480621676],[-60.786176433074935,-18.103294533836646],[-60.810102154858015,-18.102511894908719],[-60.834028010382198,-18.101726260472127],[-60.834025539728174,-18.101927313936713],[-60.834014833972496,-18.102224289779219],[-60.834014780442217,-18.102226339736372],[-60.834011949963617,-18.10245666606529],[-60.834012076048126,-18.102462548159341],[-60.834028514969475,-18.102756739656474],[-60.833997900364814,-18.102841245363418],[-60.833996212127097,-18.102846411503016],[-60.833994734129256,-18.102852149103146],[-60.833993651818481,-18.102857972449851],[-60.833993339844511,-18.10286029863121],[-60.833963102158513,-18.103107056523324],[-60.833908218398058,-18.103252417765553],[-60.833907983838294,-18.103253056493369],[-60.83390611981163,-18.103258690387086],[-60.833904641694893,-18.103264437017653],[-60.833903599821006,-18.103270044018501],[-60.833803425507945,-18.10392613557466],[-60.833803394619693,-18.10392634299329],[-60.833803301399797,-18.103927010409375],[-60.833679313379527,-18.104798919556728],[-60.833618009124997,-18.10518370817509],[-60.83361788634673,-18.105184474624828],[-60.833617751680727,-18.10518543967342],[-60.833563811904227,-18.105574339875822],[-60.83351206087103,-18.1058074674308],[-60.833512040759409,-18.105807566570913],[-60.833511679416766,-18.105809296900727],[-60.833473928242441,-18.105998589688845],[-60.833473207449146,-18.106002664633316],[-60.833473073336428,-18.106003584521346],[-60.833441989433823,-18.106226827098769],[-60.833441446768177,-18.106231780274967],[-60.833441175794881,-18.106237685001545],[-60.833441301515236,-18.106243594188239],[-60.833441825594988,-18.106249372354402],[-60.83346090352169,-18.106403342520519],[-60.833472909023627,-18.106563990071532],[-60.833473347531296,-18.106568276782294],[-60.83347427697403,-18.106574122739033],[-60.833475613555812,-18.106579891973688],[-60.833477338497495,-18.106585575241851],[-60.833479442909258,-18.106591127277106],[-60.833480232867352,-18.106592951850502],[-60.833556072762143,-18.106763187789024],[-60.833557776244966,-18.106766775091664],[-60.833560621266635,-18.106772019287749],[-60.83356382753486,-18.106777077846111],[-60.833566660323264,-18.106781012077168],[-60.834124495297822,-18.107512250022868],[-60.834125192582491,-18.107513161190074],[-60.834127537901544,-18.107516024006824],[-60.834579698672101,-18.108047467084553],[-60.834828260689065,-18.108379081397764],[-60.834939010840266,-18.108535201775982],[-60.834940952704684,-18.108537843252432],[-60.835041177016407,-18.108668805009419],[-60.835162477494329,-18.108894266003322],[-60.835164113677664,-18.108897184075847],[-60.83516549338475,-18.108899448869167],[-60.835422494204046,-18.109308654100236],[-60.835689838905658,-18.109739492604614],[-60.835844951653435,-18.11009941440901],[-60.835919821789304,-18.110295049503161],[-60.835920839154056,-18.11029759025504],[-60.835922162556002,-18.110300595142839],[-60.836029069417393,-18.11053135923822],[-60.836148070306265,-18.111010367796343],[-60.836220137900462,-18.111377305982348],[-60.836257167797825,-18.111786551049551],[-60.836257480999777,-18.111789508456894],[-60.836258420100393,-18.111795345483952],[-60.836259252038268,-18.111799139781272],[-60.836325673996903,-18.112073531602114],[-60.836370660718011,-18.112394899736238],[-60.836416154703166,-18.11272727612462],[-60.83641646922333,-18.112729357316429],[-60.836449244075993,-18.112932071372352],[-60.836546640861719,-18.113628846894962],[-60.836616609031985,-18.11426526096048],[-60.836616652043958,-18.114265604709004],[-60.836712408911964,-18.115105187302419],[-60.836779240106502,-18.115990885205928],[-60.836830848601977,-18.116972255424404],[-60.836873439095235,-18.118117108331084],[-60.836873506021846,-18.118118581510583],[-60.836931254523194,-18.119182268777301],[-60.836963421115854,-18.120022094515345],[-60.836963435347222,-18.120022474073728],[-60.836985447846558,-18.120537646422349],[-60.836985499653622,-18.120538812299717],[-60.836985887352192,-18.120543396536622],[-60.837043077561823,-18.12106424848529],[-60.837103820823202,-18.121876482249363],[-60.837104130265132,-18.121879746745606],[-60.837161520932874,-18.122387385208658],[-60.837198313399426,-18.122816853004082],[-60.837200712898699,-18.12319288191425],[-60.837200849109266,-18.123197174260316],[-60.837201084205013,-18.123200338555005],[-60.83727616960654,-18.124007132712176],[-60.837369064093124,-18.125091476190036],[-60.837448230298385,-18.126142106722309],[-60.837448246638331,-18.126142314671643],[-60.837478851543743,-18.126535633920554],[-60.837479126979304,-18.126538590902229],[-60.837529869932013,-18.126989913316063],[-60.837540422215504,-18.1272713828692],[-60.83754043722378,-18.127271699203121],[-60.837589549318309,-18.128464718094968],[-60.837589618464534,-18.128466010632842],[-60.837589648868132,-18.128466534905467],[-60.837613327127826,-18.128846226365464],[-60.837613828093893,-18.128851588736708],[-60.837614545535885,-18.128856248942775],[-60.837647332633161,-18.12903739154719],[-60.837678865916367,-18.129282132523699],[-60.837688984942567,-18.129596550636684],[-60.837689082440768,-18.129598611323019],[-60.837689614646052,-18.129604507009404],[-60.83769054437559,-18.129610343928373],[-60.837691881075905,-18.129616122186054],[-60.837693606409168,-18.129621796409957],[-60.837695711151014,-18.129627348429874],[-60.837697863778054,-18.129632078957918],[-60.837788719631831,-18.129817577517194],[-60.837864928571292,-18.130317044338689],[-60.837907535282426,-18.130863161021843],[-60.837907709352507,-18.130865141268636],[-60.837970605622807,-18.131486191198903],[-60.837990858465062,-18.132133843903588],[-60.837990954854931,-18.132135994910243],[-60.837991139494626,-18.132138652772685],[-60.83806555448264,-18.132991770909797],[-60.838105914660446,-18.13373610694774],[-60.838105921998192,-18.133736278662742],[-60.838106190893299,-18.133739768534458],[-60.838162662732145,-18.134321641109587],[-60.83820409628094,-18.134977869398433],[-60.838204200329557,-18.134979397193689],[-60.838265694189523,-18.135738469017802],[-60.838301740768884,-18.136251838476419],[-60.838306946658427,-18.136399446746381],[-60.838306982681338,-18.136400359513512],[-60.83832932865883,-18.136888435393274],[-60.838329374350408,-18.136889330202429],[-60.838329510636413,-18.136891310024307],[-60.838381720924566,-18.137550143466918],[-60.838403125701944,-18.137820361904105],[-60.838403166941895,-18.137820850165113],[-60.838452697344557,-18.138404080967952],[-60.838453051930692,-18.138407517601991],[-60.838453991145833,-18.138413354626014],[-60.838455318569615,-18.138419123744992],[-60.838456615964787,-18.138423492366545],[-60.838521418159687,-18.138623594132547],[-60.838555651033786,-18.139236137725948],[-60.838555869246619,-18.139239139229872],[-60.838612009695957,-18.139855759039143],[-60.838691456875772,-18.140878470260173],[-60.83873869142225,-18.141643939892354],[-60.838738945648402,-18.14164708633324],[-60.838782937289594,-18.14209370762909],[-60.838874000032362,-18.143326808094709],[-60.838977390595979,-18.144716946188492],[-60.838977430837794,-18.144717515737756],[-60.839038968209657,-18.145477048476788],[-60.83903901701062,-18.145477690388493],[-60.839107423658803,-18.146250290151404],[-60.839186555404901,-18.147300323277257],[-60.839240051019424,-18.14813376627718],[-60.839317174007974,-18.149354153567621],[-60.839317675790255,-18.149359452711163],[-60.839318605603836,-18.149365289627838],[-60.839319374781546,-18.149368821251691],[-60.839405319077059,-18.149728670312978],[-60.839452913969346,-18.150419564922164],[-60.839476486440162,-18.150805605277959],[-60.839493953506476,-18.151101759070357],[-60.83949727067845,-18.151404619169927],[-60.839497386650784,-18.151408251853709],[-60.839508738717072,-18.151622368899499],[-60.839477290262749,-18.154180286752897],[-60.839477310856374,-18.154183222801301],[-60.839508994592904,-18.155640141460015],[-60.839530251829466,-18.156791500461242],[-60.839534674033892,-18.157583705660279],[-60.839534679594216,-18.15758402188759],[-60.839543766294135,-18.158572400999844],[-60.839535279532434,-18.159262457199205],[-60.83953530979381,-18.159266143117243],[-60.839545372146326,-18.159597371062659],[-60.83954853409891,-18.159914962488543],[-60.839548627156972,-18.159918152281918],[-60.839565469197531,-18.160277432482289],[-60.839565515998714,-18.160278236970139],[-60.839566048353191,-18.160284123618258],[-60.839566978080228,-18.160289969566559],[-60.839567156153997,-18.160290856829434],[-60.839627357110345,-18.160582865765019],[-60.839628506472202,-18.160587756654387],[-60.839630232059164,-18.160593430882507],[-60.839632346460178,-18.160598992048321],[-60.839633099759759,-18.160600743938236],[-60.839757241793301,-18.160879930661235],[-60.839758973261844,-18.160883590533626],[-60.839761819169148,-18.160888834722318],[-60.83976333832522,-18.160891317882118],[-60.835419342190889,-18.159864205617655],[-60.83537794836765,-18.162456284386256],[-60.841562546748101,-18.162818142437278],[-60.84226367664008,-18.163458264633785],[-60.842265807972687,-18.163460149421653],[-60.84226850220319,-18.163462365728073],[-60.843054618475904,-18.164087757908479],[-60.84305666856239,-18.164089334645116],[-60.843057726785467,-18.164090114352557],[-60.84341598002861,-18.164351602027299],[-60.843419906021559,-18.16435431994114],[-60.843425120992563,-18.164357494951627],[-60.84342710137819,-18.164358592138118],[-60.843647592072884,-18.164476791966177],[-60.84431742014592,-18.165132319736866],[-60.844320699361305,-18.165135382678027],[-60.844699310321936,-18.165471621400044],[-60.844700488285312,-18.165472655375201],[-60.84470129263871,-18.165473332861158],[-60.844798323973372,-18.165554745264853],[-60.844965424889075,-18.165704657086813],[-60.844966958124161,-18.165706002177185],[-60.844971692988473,-18.165709804098224],[-60.844976677168077,-18.165713310716306],[-60.844981882761331,-18.165716485585317],[-60.844985515774148,-18.165718441388918],[-60.845157384683368,-18.165806338732693],[-60.845378443257324,-18.165948589852444],[-60.845383001915479,-18.165951350959144],[-60.845387104475058,-18.165953546886847],[-60.845661825829964,-18.166092135708002],[-60.845663140845708,-18.166092782782634],[-60.845668742158431,-18.166095284573995],[-60.845674498967099,-18.166097435809714],[-60.845674988398855,-18.16609759486316],[-60.845816009407763,-18.166144297224537],[-60.846238862513331,-18.16636242203662],[-60.847069187857862,-18.166827963464016],[-60.848005227401892,-18.167421883804508],[-60.848006277769869,-18.167422536933962],[-60.848814020676556,-18.167911838324752],[-60.850071372916887,-18.168731340802083],[-60.850073970587154,-18.168732968768079],[-60.85055911234214,-18.169027345843954],[-60.851489647469528,-18.169629816497778],[-60.852164930357446,-18.170068320210916],[-60.852444573403275,-18.170265229414255],[-60.852447197477396,-18.170267020247184],[-60.852452412803324,-18.170270195046083],[-60.852453999016838,-18.170271079977343],[-60.852692343154558,-18.170400274043036],[-60.852915609001151,-18.170681393578242],[-60.853070871835158,-18.171119502078113],[-60.853200466028703,-18.17188470977878],[-60.853177587931519,-18.173035924178112],[-60.853137269252116,-18.174161189465806],[-60.853137215936606,-18.17416323040306],[-60.853137212679997,-18.174164269199913],[-60.853137008605188,-18.17562945530285],[-60.853137010651196,-18.175630060558934],[-60.853149756583342,-18.177484962625801],[-60.853149764320627,-18.177485875078638],[-60.853165329764998,-18.178381821149717],[-60.853149707865882,-18.178937973113115],[-60.853112948017447,-18.179774238056517],[-60.853048467807987,-18.180704049230915],[-60.853048265941936,-18.18070896110369],[-60.853033343017543,-18.181928365572226],[-60.853033478609731,-18.181934274883449],[-60.853033730638195,-18.181937620032087],[-60.853088665134671,-18.182513828768503],[-60.853143091016015,-18.183132380035403],[-60.853143430190023,-18.18313555452513],[-60.85314436041115,-18.183141400454733],[-60.853144387322153,-18.183141518188865],[-60.853293027760067,-18.183896695045096],[-60.853373431545215,-18.184472221954262],[-60.853379573548196,-18.184855321687323],[-60.853352194413453,-18.185296275401274],[-60.853352037850712,-18.185300573513171],[-60.853352089176042,-18.185304873949594],[-60.85336862075583,-18.185741747774603],[-60.853319451585293,-18.186246467906493],[-60.853059897116452,-18.187022933234154],[-60.85259663729245,-18.18798604203997],[-60.851928802694566,-18.189318996305879],[-60.851105756904353,-18.190661591391006],[-60.851103710279567,-18.190665100500507],[-60.85088280278179,-18.19106521448737],[-60.850520689063089,-18.191444243784908],[-60.850520162460455,-18.191444797952087],[-60.85051618477619,-18.191449324255991],[-60.850512525504982,-18.1914540889919],[-60.850510427695838,-18.191457145854301],[-60.850139826883122,-18.192021794907433],[-60.849883047295613,-18.192354939074072],[-60.849881182905371,-18.192357456544279],[-60.849879836005108,-18.192359392647521],[-60.849609107411666,-18.19275864835755],[-60.849607132528313,-18.192761697550875],[-60.849604148605799,-18.192766876329955],[-60.849603529192606,-18.192768061784985],[-60.849387915725686,-18.193189108683409],[-60.849385917644099,-18.193193277742687],[-60.849383823101356,-18.193198376150718],[-60.849269314357073,-18.193504098551202],[-60.849269158172753,-18.193504503299231],[-60.849267293220436,-18.193510146276193],[-60.849266690073513,-18.193512316541465],[-60.849185397120678,-18.193818420141824],[-60.849184890575636,-18.193820419856603],[-60.849126855716669,-18.194061897900351],[-60.848883749123999,-18.194947082660565],[-60.848882694892829,-18.194951352624543],[-60.848882554724142,-18.194951992417206],[-60.848670996551647,-18.19594474644299],[-60.848670053849581,-18.19594993905076],[-60.848669376883478,-18.195955812134919],[-60.848669121565301,-18.195960443351936],[-60.848648926097084,-18.196707992933593],[-60.848588065036445,-18.197228052739266],[-60.848343433050694,-18.198289882852702],[-60.848343262973238,-18.198290648774982],[-60.848342719733253,-18.198293325569892],[-60.848022763036091,-18.199994164946368],[-60.848022530042286,-18.19999543602631],[-60.847844020462659,-18.201028882986858],[-60.847648803593252,-18.201907952907519],[-60.847461232452716,-18.202182158278937],[-60.847459045840644,-18.202185503156635],[-60.847456071005425,-18.202190691012277],[-60.847453453285389,-18.20219604547427],[-60.847451202352808,-18.202201548584622],[-60.847451172892235,-18.202201638586875],[-60.847234062758041,-18.20279217387036],[-60.847232236631491,-18.202797717877154],[-60.847232197387399,-18.202797834869376],[-60.847149148454022,-18.203082218971993],[-60.84714769944808,-18.203087839476154],[-60.847146626015629,-18.203093662927721],[-60.847145948944089,-18.20309953599422],[-60.847145774893498,-18.203102162725383],[-60.847131002462497,-18.203395957934426],[-60.847131031460947,-18.203405136072572],[-60.847131816107186,-18.203412046305292],[-60.835741355471342,-18.192643894323833],[-60.833283881681574,-18.190326775499976],[-60.829553921612415,-18.18679654898267],[-60.828937486080321,-18.184178873027708],[-60.810187801616031,-18.188969861270646],[-60.791437289719795,-18.193758905278337],[-60.772685952164402,-18.198546003549044],[-60.753933790723565,-18.203331154581925],[-60.756149400541638,-18.216781649860348],[-60.744965376774523,-18.232546483168878],[-60.733779243158516,-18.248310418915185],[-60.749315759010216,-18.283566677344805],[-60.772183726508857,-18.267199690626089],[-60.795047542813684,-18.250829480513218],[-60.791684071148765,-18.237300335206012],[-60.813443730573255,-18.246678392896726],[-60.835205955281154,-18.256054212926394],[-60.860472445943891,-18.266935588233526],[-60.856102411356581,-18.266668006879506],[-60.858522416873406,-18.313779349008939],[-60.863118670777297,-18.313752935870063],[-60.863164268402208,-18.313961591026118],[-60.863274327518802,-18.314631231048555],[-60.863448734938849,-18.315728783832157],[-60.863539644231764,-18.316320523260426],[-60.86357104682142,-18.316934423411553],[-60.86351343252263,-18.317643729744873],[-60.863437805781516,-18.318188464961242],[-60.863437660303155,-18.318189529257314],[-60.863383609903174,-18.318617678811634],[-60.8632814825719,-18.318998172339015],[-60.863280946067995,-18.319000271080462],[-60.863137697071295,-18.31959236876364],[-60.862879877717475,-18.320070736695278],[-60.862879645318735,-18.320071176721527],[-60.862877025868833,-18.32007653119954],[-60.862874773459403,-18.320082034321601],[-60.862873458881552,-18.320085876796838],[-60.862786207720362,-18.320360802176566],[-60.862607157219799,-18.320571682913506],[-60.862606264421181,-18.320572756901171],[-60.862602602456988,-18.320577512530903],[-60.862599268708095,-18.320582497669559],[-60.862596291988829,-18.320587676506964],[-60.862593672521079,-18.320593030979122],[-60.862591419983588,-18.320598543127975],[-60.862590351356594,-18.320601611495668],[-60.862502795644929,-18.320868927252072],[-60.86228171380511,-18.321146652443616],[-60.862278983337873,-18.321150262246945],[-60.862275659024398,-18.321155247483578],[-60.862274374963164,-18.321157373975502],[-60.862011614219682,-18.321607961795511],[-60.862009912074342,-18.321611014024263],[-60.86200729257046,-18.32161636848441],[-60.862007214695751,-18.321616548276676],[-60.861867046890936,-18.321931141097224],[-60.861688163605685,-18.322226691249245],[-60.861685717724825,-18.322230999791863],[-60.861683098199975,-18.322236354245216],[-60.861680845718681,-18.322241857345261],[-60.861680110697293,-18.322243944820229],[-60.861527806591823,-18.322690909997238],[-60.861377682826713,-18.32300582424261],[-60.861376817842675,-18.323007711526913],[-60.861374565339339,-18.323013214620904],[-60.8613738303101,-18.323015302093804],[-60.861222025061259,-18.323460791001629],[-60.861083268546864,-18.323727260566621],[-60.861081007213677,-18.323731941530365],[-60.861078764035383,-18.323737453756603],[-60.86107858803522,-18.323737921511849],[-60.861006904757673,-18.323935532934314],[-60.86100521429988,-18.323940708094309],[-60.861004977448438,-18.323941509397223],[-60.860922240200651,-18.324233493609153],[-60.860921456558991,-18.324236456758978],[-60.860817308458692,-18.324660483631479],[-60.860816849222971,-18.32466244772856],[-60.860815775029558,-18.324668271158011],[-60.860815097476589,-18.324674144202486],[-60.860814995148388,-18.324675543208091],[-60.860802849459169,-18.324863316587322],[-60.860745577531858,-18.325504134069984],[-60.860745521471706,-18.325504847067609],[-60.860745432264174,-18.325505948123023],[-60.860697149935177,-18.326214055634139],[-60.860697093851947,-18.326224768434162],[-60.860697140486501,-18.326225590982627],[-60.860738593243696,-18.326855754482775],[-60.860725969422148,-18.327882159831319],[-60.860726104828871,-18.327888069092101],[-60.860726637772011,-18.327893955712831],[-60.860727568473784,-18.327899801629524],[-60.860728906835817,-18.32790557082026],[-60.860729414222298,-18.327907383161133],[-60.860812310620801,-18.328192544139156],[-60.860844782732862,-18.328626206043229],[-60.860783321206604,-18.328954552459017],[-60.8607832502287,-18.32895494009221],[-60.860655942923039,-18.329652711934951],[-60.86065550337181,-18.329655380843139],[-60.86065542049154,-18.329655967074029],[-60.860612132228297,-18.329957833040179],[-60.860611965800331,-18.329959059693767],[-60.860579150714607,-18.33021380832011],[-60.860578722420684,-18.330217868473284],[-60.860578560017728,-18.33022030562633],[-60.860566437416509,-18.330450688896775],[-60.860505601587327,-18.330595043997864],[-60.860432516338122,-18.330688684499826],[-60.860430333289692,-18.330691604839572],[-60.860427462432973,-18.330695845347499],[-60.860064253674452,-18.331268144131435],[-60.860063790605466,-18.331268879659678],[-60.86006080413884,-18.331274058319426],[-60.860058650802181,-18.331278406238596],[-60.859909848570844,-18.33159950269394],[-60.85970365943308,-18.331882954633251],[-60.859703476518071,-18.331883214543733],[-60.85931092468045,-18.332426826652323],[-60.859310770692545,-18.332427041720941],[-60.85930743659015,-18.332432026763215],[-60.859304459535892,-18.332437205512313],[-60.859304372306127,-18.332437376164322],[-60.85904327801979,-18.332930901794118],[-60.858753779184049,-18.3333582194998],[-60.85875184118742,-18.333361205798841],[-60.858750064079537,-18.333364184871655],[-60.858557916900011,-18.333702181947274],[-60.858556716913874,-18.33370438160928],[-60.858554097084713,-18.33370973598597],[-60.858553844181102,-18.333710302238615],[-60.858421517155982,-18.334011176015959],[-60.858419517285718,-18.334016112792487],[-60.858417650712219,-18.334021746624988],[-60.858417581283277,-18.33402200780867],[-60.858324591388296,-18.334342220880625],[-60.858323190229918,-18.334347697341926],[-60.858322106400557,-18.334353520630856],[-60.858321428689656,-18.334359393648381],[-60.858321302405415,-18.334361198875168],[-60.85829639665431,-18.334776664325773],[-60.858296251566657,-18.334780763780845],[-60.858283333324124,-18.335829421423096],[-60.858283328650742,-18.335831336414564],[-60.858287728801614,-18.336273453866433],[-60.858258192902966,-18.337072345661262],[-60.858176644288847,-18.338080548903648],[-60.858176505756113,-18.338082579822306],[-60.858138678681094,-18.338743558337072],[-60.858138671643566,-18.338753341238625],[-60.85813899987307,-18.33875740987753],[-60.858182608283272,-18.339177158912435],[-60.858167449837993,-18.339615108902784],[-60.85816743626215,-18.339615442979451],[-60.858151080796176,-18.34014821025723],[-60.858055610368147,-18.340736835033251],[-60.858055456366756,-18.3407378179235],[-60.858054889094184,-18.340742400424194],[-60.857987589589342,-18.341442134143293],[-60.857907253440466,-18.341716780497379],[-60.857905812347894,-18.341722419094424],[-60.857904728542245,-18.34172823333865],[-60.857904050649203,-18.341734115378024],[-60.857903779225431,-18.341740020052708],[-60.857899636988151,-18.342076081519899],[-60.857790913395149,-18.342402105780842],[-60.857789968242166,-18.342405112251026],[-60.857788508110339,-18.342410759665139],[-60.857704705257653,-18.342787758392657],[-60.857704685116872,-18.342787857531626],[-60.85770376475844,-18.34279268898969],[-60.857650909002857,-18.343118555253142],[-60.857579380868316,-18.343387591339397],[-60.857578673714478,-18.343390474018229],[-60.857516607361156,-18.343660826884509],[-60.857465932220585,-18.343827416773582],[-60.857465695427216,-18.343828209034111],[-60.857464215126818,-18.343833955581548],[-60.857463140743612,-18.343839769925545],[-60.857462462819463,-18.343845651959779],[-60.857462181911309,-18.343851556524388],[-60.85746220691383,-18.343854899095319],[-60.857468955064761,-18.344110082013998],[-60.85746906530877,-18.344112648686789],[-60.857469598128354,-18.344118535301124],[-60.857470528744138,-18.344124381222151],[-60.857471867059729,-18.344130150428398],[-60.857472265508513,-18.344131591189804],[-60.857507241830696,-18.344253941902828],[-60.85751400819742,-18.344470056366134],[-60.857514104648232,-18.344472207355896],[-60.857514491938147,-18.344476854783295],[-60.857549073516388,-18.344789268942126],[-60.857516676907061,-18.345098283260402],[-60.857465068381998,-18.345408030011409],[-60.857365740567751,-18.345672959296028],[-60.857365584225079,-18.345673364032518],[-60.857363717450681,-18.3456789978319],[-60.857362237124342,-18.345684744375539],[-60.857361162719307,-18.345690558716385],[-60.85736048477748,-18.345696440748071],[-60.857360203855784,-18.345702345310805],[-60.857360228852585,-18.345705687880997],[-60.857366970390522,-18.345960608716055],[-60.857373129266186,-18.346262775733624],[-60.857373251962763,-18.3462658664724],[-60.857373784777451,-18.346271753086089],[-60.857374132475194,-18.346274241129805],[-60.857410792955122,-18.346510871925581],[-60.857411375874285,-18.346514229802967],[-60.857412714197316,-18.346519999009971],[-60.857414442478074,-18.346525673236897],[-60.857416548643712,-18.346531234281549],[-60.857419045435435,-18.346536646154327],[-60.857421894297381,-18.346541890355201],[-60.857425105021932,-18.346546939894704],[-60.857425523067533,-18.346547558854326],[-60.857587747969724,-18.346781247615112],[-60.857701273799776,-18.346995129881584],[-60.857826947047108,-18.347232707307878],[-60.857828909209609,-18.347236216190733],[-60.857832110387733,-18.347241274651154],[-60.857835654735851,-18.347246120172873],[-60.857838833226886,-18.347249949860927],[-60.85794209799257,-18.347367765846609],[-60.858008998621266,-18.347619216836126],[-60.857997018422267,-18.347878895476178],[-60.857908514438577,-18.348043072720028],[-60.857755020755199,-18.348122257316863],[-60.857753649627313,-18.348122982622669],[-60.857748352388313,-18.348126039516224],[-60.857747484777782,-18.348126589819543],[-60.857557995922448,-18.348247292627399],[-60.857553798736006,-18.348250127022101],[-60.857548966608213,-18.348253821464745],[-60.857544395637071,-18.348257816940162],[-60.857540114642966,-18.348262077639607],[-60.857537784195223,-18.348264652997184],[-60.85740730586479,-18.348414365457575],[-60.857405654750856,-18.348416316128429],[-60.857403983049302,-18.348418402065921],[-60.857273280887526,-18.34858700937118],[-60.857271280247126,-18.348589687799411],[-60.857267945727614,-18.348594672760228],[-60.857264968284746,-18.348599851434571],[-60.857263892565392,-18.348601935040492],[-60.857081266263002,-18.348968381651275],[-60.857079721942995,-18.348971643335091],[-60.8570774687796,-18.34897715444453],[-60.857075601937403,-18.348982789137857],[-60.857074131131036,-18.348988526747977],[-60.857073170084327,-18.348993583568209],[-60.85698797442754,-18.349527445395484],[-60.856887064938505,-18.349929471322387],[-60.856748960784088,-18.350212535888065],[-60.856747746276881,-18.350215132820594],[-60.856745502641523,-18.350220635900353],[-60.856743685302988,-18.350226089577081],[-60.856643023120569,-18.350565816018477],[-60.856486872904497,-18.350855443113719],[-60.856327184049661,-18.351105988693433],[-60.856326633993966,-18.351106867757366],[-60.856323656473123,-18.351112046408403],[-60.856321036255409,-18.351117400711221],[-60.856318783022274,-18.351122912708394],[-60.856316916136493,-18.351128546484993],[-60.856316748208762,-18.351129122720256],[-60.856254882972081,-18.351345133061976],[-60.856173713951719,-18.351613716148822],[-60.856056186148329,-18.351902585007505],[-60.855829358978852,-18.35224203786197],[-60.855827738839906,-18.352244539887433],[-60.855824761281696,-18.352249718526586],[-60.855823122429435,-18.352252970097041],[-60.855660625816135,-18.352591285977777],[-60.855660227757262,-18.352592112550866],[-60.855497613685202,-18.352939884660763],[-60.855497030336039,-18.352941160807131],[-60.855495968685382,-18.352943632983795],[-60.855302165703087,-18.353413887115146],[-60.855300974169417,-18.353416917885834],[-60.855300278518854,-18.353418861223325],[-60.85518737403887,-18.353748295201207],[-60.855186193274754,-18.353751985515313],[-60.855184722349378,-18.353757723097605],[-60.855184320246714,-18.35375964264043],[-60.855122585411372,-18.354072110286378],[-60.854962362093808,-18.354468886574793],[-60.854961414150743,-18.354471341960821],[-60.85495954717414,-18.35447697571405],[-60.854958076121058,-18.35448272232469],[-60.854956992090735,-18.354488536526596],[-60.854956669978826,-18.354490872496314],[-60.854912660710873,-18.354849419225932],[-60.854912304730014,-18.354852965262012],[-60.85491203313417,-18.354858869912313],[-60.854912097412807,-18.354863622096662],[-60.854935126943964,-18.355402449568309],[-60.854935188221056,-18.355403615540542],[-60.854935720945406,-18.355409502150202],[-60.85493630636774,-18.35541342011707],[-60.855019063029971,-18.355894321056567],[-60.855136005226704,-18.356819689675042],[-60.855136936898163,-18.356825445279803],[-60.855137070411985,-18.356826124273127],[-60.855304266957525,-18.357646450875404],[-60.855393146451767,-18.358407604191896],[-60.855453062611552,-18.359153165192559],[-60.855453348400999,-18.359156068066437],[-60.855488449707238,-18.359462860288883],[-60.855479764644649,-18.360165951406898],[-60.855479769678489,-18.360168607222324],[-60.855485695902239,-18.360489921408046],[-60.855485816538284,-18.360493174716161],[-60.855486358625029,-18.360499070463376],[-60.855487289310169,-18.360504907355001],[-60.855488600473649,-18.360510576901294],[-60.855563510496168,-18.360792118036159],[-60.855636214856226,-18.361161861511288],[-60.855651153403365,-18.361476565533412],[-60.855603718910338,-18.361737740941859],[-60.855286731877122,-18.362140438198761],[-60.855057038198261,-18.362410372873523],[-60.854856360690306,-18.362644176191932],[-60.854855160447094,-18.362645607978372],[-60.854851497158648,-18.362650372358519],[-60.854848162370295,-18.362655348203255],[-60.854845184570863,-18.362660526800433],[-60.854842563983617,-18.362665890086191],[-60.854840310625775,-18.362671393007474],[-60.854838739354399,-18.362676054494496],[-60.854768680558784,-18.362904536423969],[-60.854650163988566,-18.363142309393378],[-60.85465001841817,-18.363142605848136],[-60.854489671157744,-18.363467330463205],[-60.854323707934284,-18.363730493661418],[-60.854097174080572,-18.364003181409593],[-60.853807211470091,-18.364168399601642],[-60.853282820382042,-18.36440224567405],[-60.852706526652696,-18.364535245499003],[-60.852705350140816,-18.364535521289923],[-60.852703651363626,-18.36453595378698],[-60.852048416892046,-18.36470807803666],[-60.852044163424175,-18.364709303720982],[-60.852038348704426,-18.364711315741467],[-60.852034754583656,-18.364712774694503],[-60.851626866839652,-18.364887697157801],[-60.851624793112187,-18.364888613204336],[-60.851619300621458,-18.364891342468006],[-60.851614002748327,-18.364894399122043],[-60.851608927870281,-18.364897783486718],[-60.851604095017493,-18.364901486743616],[-60.851600815302263,-18.364904295178452],[-60.851330637855312,-18.365146902876546],[-60.851329345993108,-18.365148089706441],[-60.851325064398587,-18.365152350200511],[-60.851321082255069,-18.365156876036369],[-60.851317409357215,-18.365161640225089],[-60.851317351595725,-18.36516172087163],[-60.850934709209618,-18.365695967921145],[-60.850933775112985,-18.365697294284221],[-60.850591175771626,-18.366194197716997],[-60.850588822971325,-18.366197784415743],[-60.850585844979463,-18.366202962925119],[-60.850583224313091,-18.366208317099385],[-60.850580970767076,-18.366213819949682],[-60.850579861936964,-18.366217032268814],[-60.850405931682381,-18.366750725779255],[-60.850151881699809,-18.367378064207557],[-60.850150904327123,-18.367380591486924],[-60.850150728241147,-18.367381059222488],[-60.850002069431838,-18.367790659927994],[-60.849772040716054,-18.368076408947509],[-60.849077708789089,-18.368834656707275],[-60.848635334080299,-18.369164443609883],[-60.848632019196415,-18.369167025754216],[-60.848627447550626,-18.369171011897542],[-60.848623165674105,-18.369175281343953],[-60.84861918336221,-18.369179807104697],[-60.848615519757686,-18.369184571329875],[-60.848613101103922,-18.369188121118729],[-60.848159943564028,-18.369887547827783],[-60.847567711992028,-18.370306826991577],[-60.846509493366007,-18.370955729502946],[-60.844600633132004,-18.371546864298335],[-60.842607626736225,-18.371320114346581],[-60.841898411657986,-18.371039878091807],[-60.841893712065165,-18.371038162704451],[-60.841887811796532,-18.37103637950257],[-60.841881793408348,-18.371034965318898],[-60.841875704085446,-18.371033929721666],[-60.841869543715433,-18.371033281742672],[-60.841863359595528,-18.371033021918272],[-60.841857170756938,-18.371033141431177],[-60.841851005465614,-18.371033649635031],[-60.841844882640395,-18.371034546744362],[-60.841838840231404,-18.371035824156451],[-60.841832897269839,-18.371037473053971],[-60.841827072786906,-18.371039484619654],[-60.841821404620376,-18.371041859282574],[-60.841815911801476,-18.371044588225491],[-60.841810623045561,-18.371047644674643],[-60.841805547812079,-18.371051028737387],[-60.841801670311405,-18.371053956660695],[-60.83963002395771,-18.372782371911605],[-60.83801970432598,-18.374055789410718],[-60.838018519404471,-18.374056733456083],[-60.838013956748846,-18.374060728443133],[-60.838011361567752,-18.3740632372572],[-60.835915814302666,-18.376175840532632],[-60.83379377483493,-18.377408780212789],[-60.833051518367853,-18.37765077837107],[-60.833046928428963,-18.377652397209665],[-60.833041259945318,-18.377654771574473],[-60.833035766795561,-18.377657500225919],[-60.833030468237752,-18.377660556284241],[-60.833025392651152,-18.377663940072615],[-60.833020559068032,-18.377667642774824],[-60.833015996319141,-18.377671628586931],[-60.833011704517304,-18.377675888477238],[-60.833007721614358,-18.377680413844924],[-60.833004058354646,-18.377685177713186],[-60.833000731045445,-18.377690162201652],[-60.832997742863249,-18.377695340247307],[-60.832995121467107,-18.377700694099079],[-60.832992867082758,-18.377706205693414],[-60.832991885670324,-18.377709030899087],[-60.832740799994475,-18.378467405612145],[-60.832739922855865,-18.378470213937309],[-60.832738441445287,-18.378475951126042],[-60.832738210325061,-18.378477032461404],[-60.832045795403893,-18.381806019508954],[-60.830879438906479,-18.384641270500982],[-60.830065359234688,-18.386150349535331],[-60.830065126649799,-18.386150789500924],[-60.830062505009955,-18.386156143285152],[-60.830060309078874,-18.386161501926825],[-60.829710247933924,-18.387103276465599],[-60.829710189249944,-18.387103429357687],[-60.829708321009122,-18.387109062723926],[-60.829706848854656,-18.387114799974078],[-60.829705763552468,-18.387120622936642],[-60.829705084475492,-18.387126495700581],[-60.829704811849936,-18.387132400202344],[-60.829688123879912,-18.38846503583353],[-60.829529894208385,-18.38967030661447],[-60.829061975909639,-18.39087102040202],[-60.827905257092226,-18.392835420805092],[-60.827903379514268,-18.392838768675173],[-60.827900757686159,-18.392844122408665],[-60.827900494665521,-18.392844724616879],[-60.827205687025533,-18.394424764637648],[-60.826688415895667,-18.39536108668781],[-60.826687757160528,-18.395362307648117],[-60.82668513524964,-18.395367661355628],[-60.826682880492307,-18.395373163789166],[-60.826681011923213,-18.395378806133344],[-60.826679539569568,-18.395384543337709],[-60.826678454197328,-18.395390357230621],[-60.82667777484123,-18.395396238996703],[-60.826677492607082,-18.395402143369129],[-60.82667762664294,-18.39540805250078],[-60.826678158367351,-18.395413939080132],[-60.826679097467668,-18.395419785151912],[-60.826680425475757,-18.395425554372832],[-60.826681750991263,-18.395430013776462],[-60.827472803905408,-18.397861145597954],[-60.827473214463367,-18.397862360716466],[-60.827474522503472,-18.39786595274672],[-60.828033749669387,-18.399295696622762],[-60.828123407598923,-18.399727840630408],[-60.828124368500575,-18.399731952606842],[-60.828884929957503,-18.402670226557813],[-60.828885110913255,-18.402670888036521],[-60.828886755317278,-18.402676335675977],[-60.829702013782068,-18.405083783513319],[-60.830286858197418,-18.406604571191043],[-60.830187669308572,-18.408228679878782],[-60.812930021372985,-18.422771409163353],[-60.795669508662748,-18.437312244555418],[-60.778406128931216,-18.451851182104193],[-60.761139879932635,-18.466388217858462],[-60.743870759422144,-18.480923347866597],[-60.726598765155707,-18.495456568176561],[-60.70932389489019,-18.509987874835858],[-60.692046146383312,-18.524517263891621],[-60.681893077034864,-18.525391580906344],[-60.682511837016328,-18.514992152280307],[-60.677806880096938,-18.515444232382496],[-60.6762552899349,-18.524359622096448],[-60.669645827394405,-18.524799310882496],[-60.666811121348836,-18.525437283323946],[-60.66722342435007,-18.529414874416918],[-60.669976783380832,-18.529303809301307],[-60.673666498377059,-18.529070561261147],[-60.673896049765851,-18.529200380168884],[-60.674312830828185,-18.529436084836384],[-60.674560771671104,-18.529576305064257],[-60.674751960401942,-18.529684428819156],[-60.666912274287313,-18.530095946441847],[-60.666912246808444,-18.530095947908869],[-60.6669121861582,-18.530095951675829],[-60.636439777141902,-18.531692367132948],[-60.621869862302766,-18.521345661399593],[-60.607301764483957,-18.510998018611222],[-60.605529141653065,-18.510542807344791],[-60.601866526165594,-18.5096053069947],[-60.601520586690349,-18.509500810342459],[-60.601445879651244,-18.509385492992042],[-60.601416482504121,-18.509340114620951],[-60.600684033195265,-18.508209461056111],[-60.599754644732542,-18.506505695432836],[-60.595296635519588,-18.498534906119119],[-60.59106384534234,-18.490450161517693],[-60.587021892434088,-18.48227609009491],[-60.583317286636735,-18.474566753245483],[-60.583534051741402,-18.474367822873333],[-60.587279324821857,-18.482161805131259],[-60.587279345389476,-18.482161823456895],[-60.591319293219556,-18.490331809638633],[-60.595548968185931,-18.498410576044375],[-60.600005878957546,-18.506379377466903],[-60.600931106027566,-18.508075529642536],[-60.601706753595863,-18.509272852107578],[-60.601942222055541,-18.509343990949425],[-60.601946228732189,-18.509345199644564],[-60.602042355594577,-18.509369811201321],[-60.60209185201871,-18.509382481054519],[-60.605602868044258,-18.510281168143937],[-60.606683546605012,-18.510558896810508],[-60.605086977310073,-18.509403379958453],[-60.63804442904874,-18.510001488839123],[-60.658474839546187,-18.510379880379872],[-60.649747705514997,-18.457784695143094],[-60.641023974357282,-18.405189436193169],[-60.632303620659982,-18.352594108002329],[-60.623586619050592,-18.299998715041532],[-60.614872944196925,-18.24740326178053],[-60.60616257080688,-18.194807752687819],[-60.597455473628266,-18.142212192230712],[-60.588751627448509,-18.089616584875376],[-60.565360091506626,-18.081788766897166],[-60.541970957312394,-18.073958350992889],[-60.558637134829262,-18.056719636967671],[-60.575300025442758,-18.039479066808095],[-60.591959632978629,-18.022236644892189],[-60.608615961262529,-18.004992375597041]]]]},"properties":{"FID":0,"clase_vf":"Tierra Fiscal"}}]
}