{
  "type" : "FeatureCollection",
  "features" : [{"type":"Feature","id":0,"geometry":{"type":"Polygon","coordinates":[[[-61.675241189150526,-18.184044422659472],[-61.702428962966117,-18.179549486831185],[-61.729615600573155,-18.175050612102694],[-61.756801095790543,-18.170547801449743],[-61.783985442440112,-18.16604105785208],[-61.807163098716963,-18.191606374814366],[-61.830347455597924,-18.217169216687587],[-61.85353852569677,-18.242729570741169],[-61.876736321631874,-18.268287424239389],[-61.899940856026049,-18.293842764441408],[-61.923152141506677,-18.319395578601263],[-61.946370190705586,-18.344945853967836],[-61.969595016259099,-18.370493577784892],[-61.9821532014263,-18.378017752140266],[-61.983561072088449,-18.378894833328463],[-61.985106973087397,-18.37993941488126],[-61.986607880268991,-18.381042200801751],[-61.988061392634933,-18.382201426187251],[-61.98946518143299,-18.38341523617704],[-61.990816998668045,-18.38468168689251],[-61.992114680845077,-18.385998752677935],[-61.993356148975053,-18.387364325187928],[-61.994539413283263,-18.388776217922196],[-61.995437160963895,-18.38993001609586],[-62.007196402705212,-18.405554512553472],[-62.018957730971316,-18.421178356663141],[-62.030721148403572,-18.436801546418632],[-62.042486657644275,-18.452424079813188],[-62.069539998006753,-18.433651555204584],[-62.096587552278024,-18.414874878056736],[-62.097497310635255,-18.414258687572381],[-62.099076291973077,-18.413259683342968],[-62.100695864227468,-18.412321767259019],[-62.102353435189869,-18.411446441661983],[-62.10404635183172,-18.410635106557663],[-62.105771905022266,-18.409889060549407],[-62.107527331419696,-18.409209499046039],[-62.109309822962324,-18.408597507083059],[-62.11111652681717,-18.4080540665577],[-62.112944552047608,-18.407580045420563],[-62.114790972409708,-18.407176203115586],[-62.116652833936826,-18.406843185196823],[-62.118527156801946,-18.406581526051657],[-62.120410942905416,-18.406391642612295],[-62.122301176771224,-18.406273840688041],[-62.124194833138773,-18.406228307771773],[-62.126088883547816,-18.406255117589371],[-62.12798029633791,-18.406354226484567],[-62.129866044189555,-18.406525476163871],[-62.131743111679022,-18.406768593729684],[-62.133608492437972,-18.407083188049842],[-62.135459203295326,-18.407468757953072],[-62.137292282398022,-18.407924685890421],[-62.139104794856259,-18.408450241571746],[-62.140893842176602,-18.409044585618521],[-62.142656559428929,-18.409706765026804],[-62.144390126547982,-18.410435722249911],[-62.146091767404528,-18.411230288861358],[-62.14775876016256,-18.412089194632106],[-62.149388435388275,-18.413011064803342],[-62.150978185485329,-18.413994424639817],[-62.15252546374407,-18.415037698513817],[-62.154027794700106,-18.41613921988429],[-62.155482771328145,-18.41729722314204],[-62.15688806539471,-18.418509855395932],[-62.158241426504397,-18.419775177363391],[-62.15954068683692,-18.421091162478938],[-62.160783764894958,-18.422455705035656],[-62.161968671186749,-18.423866620201494],[-62.162645464368843,-18.42472740612266],[-62.176559247086793,-18.442867383648636],[-62.190475912917428,-18.461006420970278],[-62.204395466042563,-18.479144514829084],[-62.218317910645588,-18.49728166196552],[-62.232243250911516,-18.515417859119037],[-62.246171491026963,-18.53355310302808],[-62.260102635180196,-18.551687390430047],[-62.27403668756105,-18.569820718061337],[-62.287973652361003,-18.58795308265729],[-62.301913533773167,-18.606084480952259],[-62.315856335992194,-18.624214909679541],[-62.329802063214451,-18.642344365571422],[-62.343750719637853,-18.660472845359145],[-62.357702309461935,-18.678600345772939],[-62.371656836887887,-18.696726863541976],[-62.385614306118462,-18.714852395394423],[-62.406435952572373,-18.741797715743139],[-62.42726414559958,-18.768740824922205],[-62.428233356915555,-18.768940808609976],[-62.430071153597112,-18.76939402529495],[-62.431888454505454,-18.769916901024146],[-62.433682349765029,-18.77050859977474],[-62.435449970529419,-18.771168175488611],[-62.437188485174261,-18.771894571151073],[-62.438895113491114,-18.772686626057446],[-62.440567122894507,-18.773543071275888],[-62.442201836925555,-18.774462536895633],[-62.443796639039924,-18.775443551126809],[-62.445348977327988,-18.776484544825266],[-62.446856364507269,-18.777583851484049],[-62.448316389287399,-18.778739711777394],[-62.449726712561251,-18.779950276251888],[-62.451085075935488,-18.781213607150132],[-62.452389305512533,-18.782527682028],[-62.453637311878921,-18.783890397360473],[-62.454827094833391,-18.785299573969137],[-62.455956750040855,-18.786752954321411],[-62.457024467107196,-18.788248212457557],[-62.458028535272732,-18.789782955806164],[-62.458967345314662,-18.791354726085242],[-62.459839392370803,-18.792961009243719],[-62.460643278808156,-18.794599231847211],[-62.461377716097694,-18.796266771921267],[-62.462041524824258,-18.797960959848467],[-62.462633642274618,-18.799679083806797],[-62.463153116750242,-18.801418392458611],[-62.463599114205664,-18.803176101291193],[-62.463970918256663,-18.804949395323515],[-62.464267932075728,-18.806735435434131],[-62.46448967744962,-18.80853136197041],[-62.46463579668179,-18.810334299270348],[-62.464706052597023,-18.812141360179499],[-62.464712884914952,-18.812865707163777],[-62.46490227384281,-19.002076918904322],[-62.464889674162244,-19.00316084005436],[-62.464807837246816,-19.004967425531341],[-62.464650071964819,-19.00676944927136],[-62.464416629307273,-19.008564025222586],[-62.464107880944752,-19.010348279342715],[-62.463724318281962,-19.012119354117569],[-62.463266554361951,-19.013874413088548],[-62.462735319121904,-19.015610644457912],[-62.462131462240556,-19.017325267427754],[-62.461455947444975,-19.019015534900031],[-62.46070985630633,-19.020678739819552],[-62.459894379694219,-19.022312217866759],[-62.459010824423743,-19.023913352906515],[-62.458060602812751,-19.025479577868669],[-62.457045235508076,-19.027008385609037],[-62.45632649577621,-19.028014343831934],[-62.439610051143504,-19.050742523877847],[-62.422889008621588,-19.073469017344074],[-62.406163360098546,-19.096193818356731],[-62.389433097458451,-19.118916921039556],[-62.372698212581398,-19.141638319513881],[-62.355958697343468,-19.164358007898613],[-62.339214543616713,-19.187075980310286],[-62.32246574326922,-19.20979223086297],[-62.321680208183452,-19.361159683689387],[-62.320888511434376,-19.51252459295975],[-62.341357802688833,-19.512778943868334],[-62.361827232800898,-19.513030980240238],[-62.362818607516068,-19.513052912626886],[-62.364722747028644,-19.513150025069628],[-62.366621269524053,-19.513319277968897],[-62.368511135499993,-19.513560401593264],[-62.370389322052723,-19.513873008914118],[-62.372252822843706,-19.514256599217124],[-62.374098655694496,-19.514710560836253],[-62.375923868307673,-19.515234165747056],[-62.377725538217867,-19.515826577694821],[-62.379500783279624,-19.516486846802906],[-62.38124676257015,-19.517213918606537],[-62.382960681164157,-19.51800662773665],[-62.384639795804461,-19.518863706968943],[-62.386281418712329,-19.519783784518093],[-62.387882922325062,-19.520765388564133],[-62.389441744051865,-19.521806947260131],[-62.390955386245551,-19.522906794145467],[-62.392421427629777,-19.524063169078993],[-62.393837519471731,-19.525274220928004],[-62.395201394136414,-19.526538013009745],[-62.396510868904222,-19.52785252128734],[-62.397763845940695,-19.529215642493416],[-62.398958317063681,-19.530625194136675],[-62.400092370394937,-19.532078920840434],[-62.401164188452185,-19.533574496134545],[-62.40217205386746,-19.535109524272837],[-62.403114350311697,-19.53668155016803],[-62.403989570142578,-19.538288055793966],[-62.404796307706775,-19.539926470096116],[-62.405533269833484,-19.541594169922366],[-62.406199275824832,-19.543288486341787],[-62.406793256517332,-19.545006704635053],[-62.407314257114045,-19.546746076045672],[-62.407761443883743,-19.548503815085784],[-62.408134095573175,-19.550277106732597],[-62.408431614840929,-19.552063112787913],[-62.408653522557259,-19.553858971855934],[-62.40879946064679,-19.555661809290736],[-62.408869192105534,-19.557468738098002],[-62.408875410235972,-19.558052533095346],[-62.40901012644845,-19.593205279941127],[-62.408997311565678,-19.594429605533971],[-62.408914382811282,-19.596236026478653],[-62.408755255875967,-19.598037855804293],[-62.408520183844836,-19.59983220775737],[-62.408209539002584,-19.601616209535518],[-62.407823816664084,-19.603387002206457],[-62.407363633250192,-19.60514175064565],[-62.406829722495566,-19.60687764262428],[-62.406222937333837,-19.608591899664283],[-62.405544248967843,-19.610281775233563],[-62.404794740187306,-19.611944561055697],[-62.403975611078891,-19.613577594364742],[-62.403088171407923,-19.615178258791044],[-62.402133840607625,-19.616743990694545],[-62.401114145879752,-19.618272280070293],[-62.400030719307011,-19.619760680487715],[-62.398885295013628,-19.621206805475328],[-62.397679707228249,-19.622608338463841],[-62.396415884560419,-19.623963034583547],[-62.395095852858582,-19.62526872249089],[-62.393813740371769,-19.626439299357681],[-62.393724175996113,-19.63712092380181],[-62.393368613636902,-19.771488636782511],[-62.393009135465476,-19.905854328568712],[-62.3928494823355,-19.965062847134696],[-62.411678389174114,-19.965114800639032],[-62.430507364571973,-19.965164756635758],[-62.431972152863658,-19.965189792846907],[-62.433881716485438,-19.965286306271786],[-62.435785671403231,-19.965454958587831],[-62.43768097044159,-19.965695480122289],[-62.439564581108115,-19.966007486612611],[-62.441433490355493,-19.966390478314921],[-62.443284707422677,-19.966843841816683],[-62.445115268582121,-19.967366853661844],[-62.446922246698136,-19.967958674953941],[-62.448702748310922,-19.968618360377633],[-62.450453925108299,-19.969344852806444],[-62.452172972929766,-19.97013699052194],[-62.453857142266038,-19.970993507238838],[-62.455503736341228,-19.971913030283968],[-62.457110120631334,-19.972894088750081],[-62.458673721898656,-19.973935113484263],[-62.460192038694288,-19.975034438014788],[-62.461662638468361,-19.97619030305124],[-62.463083168069652,-19.977400859217962],[-62.464451352783257,-19.978664167945269],[-62.465765001083348,-19.97997820870324],[-62.467022008459381,-19.981340878099971],[-62.468220363134208,-19.982749995311103],[-62.469358144149801,-19.984203303871752],[-62.47043352804139,-19.985698478012619],[-62.47144479361436,-19.987233125376132],[-62.472390319081732,-19.988804787902591],[-62.473268588734335,-19.990410950877997],[-62.474078194863871,-19.992049042931598],[-62.474817839665818,-19.993716442359393],[-62.475486336206252,-19.99541047802332],[-62.476082611271245,-19.997128439293206],[-62.476605709209807,-19.998867575148331],[-62.477054789062215,-20.000625100489039],[-62.4774291302897,-20.002398203377851],[-62.477728129934349,-20.00418404231624],[-62.477951307376678,-20.00597975890598],[-62.478098301487698,-20.007782477838337],[-62.478168876367484,-20.009589312330746],[-62.478174353748635,-20.010691262804386],[-62.477229413959471,-20.129600466754368],[-62.47628080395868,-20.248508037861754],[-62.476261553293739,-20.250929390377813],[-62.476250046456578,-20.251637316059462],[-62.47616733915617,-20.253443644780393],[-62.476008114859418,-20.255245404379018],[-62.475772626706181,-20.257039709214457],[-62.475461249460075,-20.258823683854192],[-62.475074479498495,-20.260594472112981],[-62.474612931957324,-20.262349237951437],[-62.474077346480172,-20.264085170015505],[-62.473468575728454,-20.265799487028719],[-62.472787593992692,-20.267489445052504],[-62.472035490515751,-20.269152334761589],[-62.471213466595962,-20.270785493189116],[-62.470322837516896,-20.272386303739744],[-62.469365027751131,-20.273952202508507],[-62.468341570011489,-20.275480679189929],[-62.467254102354701,-20.276969287017703],[-62.466104365329741,-20.278415639150715],[-62.464894200035992,-20.279817418616378],[-62.463625542376647,-20.281172380109837],[-62.462300424971865,-20.282478351816941],[-62.460920970435787,-20.283733241728878],[-62.459489386588736,-20.284935037637325],[-62.458007966424596,-20.286081816180438],[-62.456479084296369,-20.287171737419289],[-62.454905187257765,-20.288203054760469],[-62.453288798878134,-20.289174117688123],[-62.451632507755157,-20.290083368123142],[-62.449938967473571,-20.29092934946782],[-62.448210891808934,-20.291710705695817],[-62.446451049910735,-20.29242618586299],[-62.444662262467368,-20.293074641392138],[-62.442847395912807,-20.293655035097679],[-62.441009357644162,-20.294166434851583],[-62.439151095014587,-20.294608022622015],[-62.437275584796041,-20.294979089926763],[-62.435385833147322,-20.295279041451899],[-62.433484869834807,-20.295507398651246],[-62.431575740573102,-20.295663793399445],[-62.429661506974597,-20.295747976126183],[-62.428234788954725,-20.295763671596099],[-62.427944378557079,-20.295762782543029],[-62.403470599970248,-20.295686147551894],[-62.378996942305541,-20.295606091723322],[-62.354523410588065,-20.295522615128423],[-62.330050009842722,-20.295435717841269],[-62.305576745094285,-20.295345399938913],[-62.281103621367386,-20.295251661501368],[-62.256630643686485,-20.295154502611609],[-62.232157817075837,-20.295053923355589],[-62.207685146559569,-20.29494992382222],[-62.183212637161617,-20.294842504103396],[-62.158740293905701,-20.294731664293955],[-62.134268121815381,-20.294617404491731],[-62.109796125913995,-20.294499724797497],[-62.085324311224703,-20.294378625315019],[-62.060852682770431,-20.294254106151016],[-62.036381245573871,-20.294126167415168],[-62.03589174856188,-20.294121212725077],[-62.033976843938895,-20.294056401236304],[-62.03206622496721,-20.293919336440389],[-62.030162954551351,-20.293710237927602],[-62.028270081418228,-20.293429440088683],[-62.026390641037189,-20.293077394827527],[-62.024527645105465,-20.292654665174211],[-62.022684078633333,-20.292161928878659],[-62.020862897069492,-20.29159997567854],[-62.019067018622373,-20.290969707250831],[-62.017299321398944,-20.290272132671443],[-62.01556263667451,-20.289508370177579],[-62.013859749847356,-20.288679645358396],[-62.012193386101494,-20.287787284741523],[-62.010566218038903,-20.286832718538093],[-62.008980851328346,-20.285817476938789],[-62.007439825671419,-20.284743187399286],[-62.005945610030864,-20.283611570989695],[-62.00450059688535,-20.282424441448669],[-62.003107100339825,-20.281183700645112],[-62.00176735325622,-20.279891337648522],[-62.000483500591137,-20.278549422356186],[-61.999257597487954,-20.277160104568964],[-61.998091606419003,-20.275725612158112],[-61.997085634866075,-20.274384892064301],[-61.977048184478001,-20.246616711439184],[-61.976993833903656,-20.246541908990295],[-61.976858294885169,-20.246354359937623],[-61.965101718796049,-20.229996253344375],[-61.953347557271108,-20.213637436763566],[-61.94159580723209,-20.197277912293465],[-61.929846465602012,-20.180917682031673],[-61.918099529305259,-20.164556748075107],[-61.906354995267478,-20.148195112519993],[-61.894612860415648,-20.131832777461909],[-61.882873121678038,-20.115469744995757],[-61.882821065870765,-20.115397026614342],[-61.881782516723383,-20.113878541033262],[-61.880809136182904,-20.112322016662155],[-61.879902481481629,-20.110729947286735],[-61.879064004024286,-20.109104883795585],[-61.878295042744206,-20.107449428708964],[-61.877887593688527,-20.106491477566411],[-61.869129431732659,-20.085197100669497],[-61.86037350483749,-20.063902353081076],[-61.851619808691531,-20.042607236347223],[-61.842868338986456,-20.021311752013379],[-61.833803529962282,-19.999260584437472],[-61.82474110022298,-19.977209025627314],[-61.815681044993568,-19.955157077298399],[-61.806623359502623,-19.933104741165426],[-61.797568038982376,-19.911052018942399],[-61.788515078668645,-19.888998912342515],[-61.77946447380085,-19.866945423078274],[-61.770416219622,-19.844891552861387],[-61.761370311378677,-19.822837303402853],[-61.752326744321074,-19.800782676412908],[-61.743285513702915,-19.778727673601047],[-61.734246614781512,-19.756672296676047],[-61.725210042817736,-19.734616547345922],[-61.716175793076012,-19.712560427317971],[-61.707143860824289,-19.690503938298736],[-61.698114241334103,-19.668447081994046],[-61.665837469491024,-19.663822850106889],[-61.633562919370213,-19.659192925661362],[-61.601290601570462,-19.654557313213942],[-61.569020526684085,-19.649916017329012],[-61.536752705296898,-19.645269042578921],[-61.504487147988279,-19.640616393543937],[-61.472223865331109,-19.635958074812251],[-61.439962867891715,-19.631294090979932],[-61.407704166229912,-19.626624446650951],[-61.375447770898973,-19.621949146437117],[-61.343193692445574,-19.617268194958143],[-61.310941941409844,-19.612581596841558],[-61.278692528325266,-19.60788935672274],[-61.246445463718757,-19.603191479244874],[-61.214200758110536,-19.598487969058933],[-61.181958422014233,-19.59377883082372],[-61.181204595172836,-19.593662791273143],[-61.162961743427346,-19.590711222129666],[-61.144719718908199,-19.587757858461725],[-61.126478523482348,-19.584802701203415],[-61.108238159016011,-19.581845751289613],[-61.089998627374662,-19.578887009655983],[-61.071759930423006,-19.575926477238966],[-61.053522070025025,-19.572964154975736],[-61.03528504804396,-19.570000043804303],[-61.017048866342257,-19.567034144663406],[-60.998813526781667,-19.564066458492576],[-60.980579031223144,-19.561096986232112],[-60.962345381526916,-19.558125728823089],[-60.944112579552446,-19.555152687207332],[-60.925880627158435,-19.552177862327465],[-60.907649526202853,-19.549201255126853],[-60.889419278542888,-19.546222866549652],[-60.871189886035005,-19.543242697540769],[-60.852961350534855,-19.540260749045864],[-60.834733673897396,-19.537277022011395],[-60.816506857976783,-19.534291517384563],[-60.798280904626417,-19.531304236113332],[-60.780055815698944,-19.528315179146446],[-60.761831593046253,-19.525324347433372],[-60.743608238519457,-19.522331741924393],[-60.725385753968908,-19.519337363570489],[-60.707164141244206,-19.516341213323454],[-60.688943402194177,-19.513343292135811],[-60.67072353866687,-19.510343600960834],[-60.652504552509583,-19.507342140752577],[-60.634286445568833,-19.504338912465833],[-60.616069219690388,-19.501333917056137],[-60.597852876719209,-19.498327155479814],[-60.59729764295583,-19.498232261763182],[-60.596743634761928,-19.49813113418119],[-60.596190929983123,-19.498023786950863],[-60.595639606281232,-19.497910235163189],[-60.595089741123353,-19.497790494780915],[-60.594541411771011,-19.497664582636283],[-60.593994695269174,-19.497532516428702],[-60.593449668435547,-19.497394314722222],[-60.563046588590581,-19.489498728540738],[-60.532647029774807,-19.481598342690216],[-60.502250999210453,-19.473693164065402],[-60.47185850411136,-19.465783199565831],[-60.441469551682971,-19.457868456095785],[-60.41108414912236,-19.449948940564241],[-60.3807023036182,-19.442024659884925],[-60.350324022350797,-19.434095620976258],[-60.319949312492021,-19.426161830761323],[-60.289578181205357,-19.418223296167859],[-60.259210635645914,-19.410280024128269],[-60.228846682960366,-19.402332021579596],[-60.198486330286975,-19.394379295463452],[-60.168129584755619,-19.386421852726084],[-60.137776453487746,-19.378459700318324],[-60.10742694359638,-19.370492845195518],[-60.10573402385031,-19.370017491301439],[-60.103931681091751,-19.369437457225803],[-60.102155250111387,-19.368789433225572],[-60.100407576568848,-19.368074460547746],[-60.098691462271134,-19.367293682739469],[-60.097009655522832,-19.366448352708304],[-60.095364851243481,-19.365539825492608],[-60.09375968433347,-19.364569556340903],[-60.092196725846556,-19.363539101544092],[-60.090678479307883,-19.362450111144501],[-60.089207375922669,-19.361304330655273],[-60.08778577275163,-19.360103596507219],[-60.086415946116915,-19.358849832322356],[-60.085100088782099,-19.357545047053311],[-60.083840307149345,-19.356191332220536],[-60.082638619457526,-19.354790856457008],[-60.081496948228413,-19.353345862669791],[-60.080417121240366,-19.351858667143773],[-60.079400865959848,-19.350331652221652],[-60.078449808648614,-19.348767263572849],[-60.077565471570438,-19.347168007432924],[-60.076749267378851,-19.345536445992352],[-60.076015137942029,-19.343903299008332],[-60.07595826544231,-19.343817836564313],[-60.0757624464065,-19.343507299216796],[-60.075007244689196,-19.342253393490616],[-60.07412296959248,-19.340654128604424],[-60.073306824969634,-19.339022559426351],[-60.072560117666413,-19.337361299655562],[-60.071884040357816,-19.335673009830657],[-60.07127967448109,-19.33396039376035],[-60.070747984596089,-19.332226195719898],[-60.070289821416516,-19.330473191467942],[-60.069905914190045,-19.328704189926381],[-60.069596877533989,-19.326922024260046],[-60.069363202011601,-19.325129548112258],[-60.069205259937334,-19.323329631183331],[-60.069123301642314,-19.321525156462194],[-60.069117456557997,-19.319719013924754],[-60.069187730481296,-19.317914095074819],[-60.069334009461592,-19.316113289397464],[-60.069556056082483,-19.314319480691275],[-60.069853512429702,-19.312535541702832],[-60.070225899288189,-19.31076432689596],[-60.070672619946833,-19.309008673420728],[-60.071192954672938,-19.30727139200247],[-60.071360957741348,-19.306785294365334],[-60.071424683238405,-19.306270376222258],[-60.071555266609103,-19.30548710140037],[-60.071590180940007,-19.304620458568216],[-60.071736399792997,-19.302819643653951],[-60.071958381420764,-19.301025824846146],[-60.07225576711263,-19.299241872186627],[-60.072628078654837,-19.297470643785651],[-60.073074716656478,-19.295714974063721],[-60.073594964353227,-19.293977674721116],[-60.074187987784263,-19.292261525719223],[-60.074852833906988,-19.290569275257006],[-60.075588437393655,-19.288903632665107],[-60.076393617873258,-19.287267263855561],[-60.077267085710893,-19.28566278781139],[-60.077636728107898,-19.285045637950379],[-60.077567494706074,-19.284569059111668],[-60.077504686567949,-19.284091678412263],[-60.077448313911788,-19.28361357395065],[-60.07739838590286,-19.28313482394304],[-60.077354910652041,-19.282655506710512],[-60.077317895214392,-19.282175700666286],[-60.077287345588203,-19.281695484302816],[-60.077263266713942,-19.281214936178987],[-60.077245662473494,-19.280734134907259],[-60.076974111319942,-19.280249140544715],[-60.076709254032551,-19.279760820206413],[-60.076451135721513,-19.279269257182413],[-60.076199800346458,-19.278774535315041],[-60.075955290709032,-19.278276738984406],[-60.075717648445597,-19.277775953094149],[-60.072864031728784,-19.271659703275571],[-60.072239491436001,-19.270257671574264],[-60.071563593392625,-19.268569406501925],[-60.070959376010137,-19.266856811323954],[-60.070427803635596,-19.265122629376989],[-60.06996972675455,-19.263369639097633],[-60.069585874534873,-19.261600646677255],[-60.069276861498416,-19.259818486166733],[-60.069043178197369,-19.258026010297186],[-60.068885196920284,-19.256226091473621],[-60.068803168119622,-19.25442160998093],[-60.06879722133381,-19.252615456708057],[-60.068867362549419,-19.25081052227333],[-60.069013477990175,-19.249009698893286],[-60.069235330560254,-19.247215867689274],[-60.069532562650117,-19.245431902347431],[-60.069904496735752,-19.243661514573137],[-60.070838589450133,-19.239636329482472],[-60.07128509959535,-19.237880208233854],[-60.071577993765743,-19.236901639782268],[-60.071764225403918,-19.236015106863515],[-60.072155515450802,-19.234328946189237],[-60.072231149968964,-19.234002991515823],[-60.072357812792504,-19.233469180916462],[-60.072491543463201,-19.232936927905101],[-60.072632320701906,-19.232406316911586],[-60.072780122112349,-19.231877432104547],[-60.072934924184878,-19.231350357378108],[-60.073096702300184,-19.230825176338602],[-60.073265430733208,-19.230301972291254],[-60.073441082657304,-19.229780828227039],[-60.073623630148518,-19.229261826809484],[-60.073813044190047,-19.228745050361656],[-60.074009294676813,-19.228230580853005],[-60.074212350420424,-19.227718499886414],[-60.074338813284022,-19.226695409265179],[-60.074635921859702,-19.224911419984409],[-60.075007922729249,-19.223140147829763],[-60.07545421979497,-19.221384430948287],[-60.075974094063234,-19.219647077463986],[-60.076566713066349,-19.2179308710515],[-60.077231124466934,-19.216238557298777],[-60.077966263625221,-19.214572846543732],[-60.078770950937667,-19.2129364039086],[-60.0796438975336,-19.211331850302209],[-60.080583702595042,-19.209761753357437],[-60.081588861932708,-19.208228626674423],[-60.081827140385521,-19.207884336852405],[-60.084550192497908,-19.203988490151932],[-60.085536090122389,-19.202494168195305],[-60.085974473497558,-19.201842185534403],[-60.08704329013608,-19.200348446017667],[-60.088174136426872,-19.19889651942654],[-60.089365201589544,-19.197488729447748],[-60.09061457746666,-19.196127330522923],[-60.091920263402201,-19.19481450071315],[-60.093280169107565,-19.193552340851276],[-60.094692117557415,-19.19234287188873],[-60.096153846981565,-19.191188029519427],[-60.097663017557764,-19.190089661586512],[-60.099217214286725,-19.189049526330901],[-60.100813948947724,-19.188069288819268],[-60.102450665868098,-19.187150516529357],[-60.102753282241821,-19.186989691583072],[-60.103025193707587,-19.186847521951574],[-60.106035153360743,-19.185285849340953],[-60.107134745238049,-19.18473295709817],[-60.107214070228174,-19.18469621079117],[-60.108579941683587,-19.182717498546769],[-60.109554691923954,-19.1813599093581],[-60.110685206403012,-19.179907798120343],[-60.111875940671908,-19.17849981697977],[-60.113124987147735,-19.177138217979703],[-60.114430345651741,-19.175825182209532],[-60.115789926416348,-19.174562810833205],[-60.117201552964659,-19.173353123338163],[-60.118662964022739,-19.172198056672034],[-60.120171820274201,-19.171099459037748],[-60.121725707219149,-19.170059089044347],[-60.123322137144534,-19.169078611232106],[-60.124958555779791,-19.168159595282063],[-60.126632342349033,-19.16730351241306],[-60.128340819120204,-19.166511731926917],[-60.13008125137636,-19.165785522117456],[-60.131386489051089,-19.165299101735449],[-60.131827881934107,-19.165051182943181],[-60.133501608230311,-19.164195028369448],[-60.13521002710587,-19.163403175167108],[-60.136950403951055,-19.162676890843429],[-60.138719954799015,-19.162017339315714],[-60.140515846434809,-19.16142557369546],[-60.140690760871429,-19.16137529068256],[-60.141347305341959,-19.160575828682809],[-60.141619428901912,-19.159958314252041],[-60.142423183212493,-19.158321467366974],[-60.143295189701398,-19.156716483727266],[-60.144234052835486,-19.155145932624279],[-60.145238267081567,-19.153612328347485],[-60.146306223656268,-19.152118124881344],[-60.147436211497634,-19.150665715027014],[-60.148626421193399,-19.149257423249953],[-60.149874945996025,-19.147895502093778],[-60.151179786557769,-19.146582133166284],[-60.152538853935035,-19.145319418166942],[-60.153949971517441,-19.144109377120401],[-60.155410880738607,-19.142953947571471],[-60.156919243079415,-19.141854978305116],[-60.158192066629745,-19.140995724779387],[-60.159475718437328,-19.140158967262614],[-60.161208956256054,-19.13902911381393],[-60.161489527219132,-19.138847612043453],[-60.163085443867395,-19.137866715690972],[-60.164721358398168,-19.13694727458951],[-60.1663946527798,-19.136090757961245],[-60.168102649049253,-19.13529853939573],[-60.169842613313349,-19.134571884277836],[-60.17161176225963,-19.133911957116943],[-60.173407263263833,-19.133319814331042],[-60.173800265464919,-19.133206730072246],[-60.174970891089977,-19.132607427003158],[-60.17612620655229,-19.1320714778617],[-60.176199550661764,-19.132003307238183],[-60.177205411230453,-19.131140455428636],[-60.177477297548606,-19.130685342249489],[-60.178481049522503,-19.129151493776089],[-60.179548544837012,-19.127657034496227],[-60.180678073165851,-19.126204357623781],[-60.18186782584413,-19.124795787151715],[-60.183115896805951,-19.123433578778918],[-60.184420287472214,-19.122119911868783],[-60.185778909614903,-19.120856888599558],[-60.186259119661727,-19.120444873571795],[-60.186504219974822,-19.120101688254209],[-60.187633632631801,-19.118648953177932],[-60.188823269362764,-19.117240322147339],[-60.190071224286768,-19.115878050959054],[-60.191375499959243,-19.114564319092072],[-60.19273400643759,-19.113301228800271],[-60.194144568922489,-19.112090802529675],[-60.195604929745407,-19.110934977540758],[-60.197112751258501,-19.109835603252716],[-60.197482762660066,-19.109579432878295],[-60.198525494159412,-19.108864795382509],[-60.199207256946707,-19.108397541404628],[-60.199658350554699,-19.108091197356689],[-60.200113362429505,-19.107790135864594],[-60.200572224111021,-19.10749440222019],[-60.201034866561052,-19.107204040913814],[-60.201501220173711,-19.10691909562755],[-60.20197121478585,-19.106639609228768],[-60.202444779687539,-19.106365623763605],[-60.202921843632836,-19.1060971804507],[-60.20340233485036,-19.105834319675012],[-60.20399888224938,-19.10543430737977],[-60.204258676489054,-19.104987860558033],[-60.204523942475731,-19.104544331121652],[-60.20479464392335,-19.104103779676205],[-60.205070743804214,-19.103666266420014],[-60.205352204353744,-19.103231851135892],[-60.205638987075922,-19.102800593182998],[-60.205931052748404,-19.102372551488781],[-60.206228361427996,-19.10194778454089],[-60.20653087245605,-19.101526350379238],[-60.206838544464013,-19.101108306587996],[-60.206890285366569,-19.10079564417622],[-60.20726130983595,-19.099020097664251],[-60.207410565417632,-19.098374167889286],[-60.207727308568202,-19.097003388002403],[-60.208169971674515,-19.095254635070088],[-60.208337943861387,-19.094691009630949],[-60.208317327660076,-19.094623914100904],[-60.207857952481746,-19.092871111919344],[-60.207472719673049,-19.091102241645171],[-60.207162242261695,-19.089320133476534],[-60.20692701596294,-19.087527643727562],[-60.20676741562842,-19.085727641230058],[-60.206683692387337,-19.083923009095773],[-60.206675979484693,-19.08211663758242],[-60.206744285745515,-19.080311418578546],[-60.206888500402997,-19.078510242067161],[-60.20710838843101,-19.076715992446431],[-60.207403597300512,-19.074931543218163],[-60.207773651422485,-19.073159749684724],[-60.208217954984079,-19.071403450802755],[-60.208735795990378,-19.069665455706499],[-60.209326341443131,-19.067948549058421],[-60.209965750234488,-19.066314008277882],[-60.209982624144288,-19.065460431334508],[-60.209990417147523,-19.065066360555114],[-60.210056279809415,-19.063391255561999],[-60.210200418538044,-19.061590067123859],[-60.210420223378449,-19.059795803265413],[-60.210715341937004,-19.058011337511864],[-60.211085298771586,-19.056239525192765],[-60.211529498227527,-19.054483205295721],[-60.212047228478475,-19.052745186989387],[-60.212637656705652,-19.051028254974412],[-60.21329983693407,-19.049335156064856],[-60.214032707153592,-19.047668601860725],[-60.214444171632749,-19.046807627788528],[-60.216216032518787,-19.043200740455269],[-60.21660693467993,-19.042424365385056],[-60.216758222976246,-19.042145359093126],[-60.216846155310201,-19.04179759315506],[-60.216632549729255,-19.040571859403041],[-60.216397214851199,-19.038779368318085],[-60.216237482622148,-19.036979359480906],[-60.216153606332874,-19.035174713336229],[-60.216145718516273,-19.033368321053356],[-60.216213828300347,-19.031563073652599],[-60.216357825209762,-19.029761862967721],[-60.216577475523991,-19.027967573467709],[-60.216872425249363,-19.026183075984765],[-60.217242199158349,-19.024411229509912],[-60.217686204799712,-19.022654869520636],[-60.21820372680579,-19.020916808803438],[-60.218793936550412,-19.01919982857655],[-60.219223791229702,-19.018100339996028],[-60.218569637552946,-19.017024805673621],[-60.217685164082383,-19.015426229848039],[-60.216868659400994,-19.013795274485766],[-60.216121427182166,-19.01213455223925],[-60.215444664803385,-19.010446721939172],[-60.214839451009176,-19.008734489306462],[-60.214306755628492,-19.007000594453192],[-60.213847427179573,-19.005247816206644],[-60.213462200675693,-19.003478960485875],[-60.213151689087603,-19.001696861073583],[-60.213017928158983,-19.000750588197253],[-60.212888006355271,-18.99975158214523],[-60.212648994131889,-18.997913731741395],[-60.212547454123566,-18.997067502467321],[-60.212445687821798,-18.995920578277385],[-60.212340040534052,-18.995517402563561],[-60.211954837392035,-18.993748546947419],[-60.211644346646004,-18.9919664468243],[-60.211409061216422,-18.990173957548276],[-60.211249356063881,-18.988373947949285],[-60.211165485346918,-18.98656930119304],[-60.211157578766489,-18.98476290750332],[-60.211160043037395,-18.984627741320956],[-60.211177309685858,-18.983756037596542],[-60.211224081224792,-18.981394393927108],[-60.211237493254032,-18.980845700711928],[-60.211258276365946,-18.980297215373557],[-60.211286427092901,-18.979749027522821],[-60.211321940763725,-18.979201226721138],[-60.211364811504701,-18.978653902465808],[-60.211415032240367,-18.978107144175446],[-60.211472594694861,-18.977561041175388],[-60.211537489393315,-18.977015682683053],[-60.211609705663349,-18.976471157793419],[-60.211689231636967,-18.975927555464462],[-60.211776054252496,-18.97538496450267],[-60.211774673956789,-18.975070538247731],[-60.211842718169322,-18.973265285443951],[-60.211986622851292,-18.971464068687069],[-60.212206153535377,-18.969669769734899],[-60.212500958264265,-18.967885263072951],[-60.21287056211164,-18.966113404098337],[-60.213314370016427,-18.964357030973186],[-60.213831670745243,-18.962618955660783],[-60.21442163223989,-18.96090195934709],[-60.215085835480991,-18.959202906459563],[-60.215104502733709,-18.95876838908115],[-60.215248338167676,-18.956967161223787],[-60.21546779346928,-18.955172849027086],[-60.215762516818884,-18.953388326095673],[-60.216132033377455,-18.951616450559989],[-60.21657574827065,-18.949860057902871],[-60.217092950400691,-18.948121961022242],[-60.21768280786889,-18.946404941139569],[-60.218354552981985,-18.944693987493348],[-60.218501433211657,-18.942874345874955],[-60.21853025249245,-18.942597941496579],[-60.219050944197058,-18.93775536365089],[-60.219114933195229,-18.937193089228622],[-60.219186403362038,-18.936631631361674],[-60.219265343150937,-18.936071080177765],[-60.219351739816815,-18.935511525658246],[-60.219445579418156,-18.934953057623627],[-60.219546846819192,-18.934395765719202],[-60.219655525692502,-18.933839739400675],[-60.219771598521604,-18.933285067919751],[-60.219895046603789,-18.932731840309899],[-60.220025850053304,-18.932180145372001],[-60.220163987804384,-18.931630071660162],[-60.220309437614866,-18.931081707467477],[-60.220329182595641,-18.930546671898821],[-60.220356349139173,-18.930011931013919],[-60.220390932439166,-18.929477578031147],[-60.220432926396711,-18.928943706100455],[-60.220482323621404,-18.928410408287021],[-60.220539115432594,-18.927877777555125],[-60.220603291861039,-18.92734590675196],[-60.220674841650705,-18.926814888591331],[-60.220753752260677,-18.926284815637665],[-60.220840009867409,-18.925755780289798],[-60.220841401707958,-18.925212632489721],[-60.220850091286636,-18.924669545999027],[-60.220866077112049,-18.924126609610379],[-60.220889356499953,-18.923583912091036],[-60.220919925574073,-18.923041542168356],[-60.220957779266392,-18.922499588515318],[-60.22100291131833,-18.921958139736031],[-60.221055314281642,-18.921417284351246],[-60.221114979519783,-18.920877110783859],[-60.221627425618003,-18.916438645472187],[-60.221780326278953,-18.915257810115708],[-60.222074853705685,-18.913473252814793],[-60.222444156875724,-18.911701338181004],[-60.22288764315725,-18.909944901789906],[-60.222912237035004,-18.909856843694133],[-60.223829693141447,-18.905022417230221],[-60.223731378945473,-18.90427387555156],[-60.223571491493473,-18.902473855465985],[-60.22348739870116,-18.900669188109099],[-60.22347923348336,-18.898862763781462],[-60.223547005418723,-18.897057474458421],[-60.223690604622497,-18.895256210238298],[-60.223805773605733,-18.894236612021754],[-60.224310168588403,-18.890202611027291],[-60.224768252576695,-18.886538219670594],[-60.225050601050853,-18.883910895166469],[-60.225248894013291,-18.882065643950117],[-60.225438970908051,-18.880550306131784],[-60.225733347381635,-18.878765724391755],[-60.226102485026296,-18.876993781946332],[-60.226545792427942,-18.875237314430919],[-60.227062555358593,-18.873499134809983],[-60.227651946423897,-18.871782024497726],[-60.228313018425652,-18.870088734168789],[-60.229044712155265,-18.868421972143452],[-60.229628855027748,-18.867211388814908],[-60.231839199672564,-18.86280312368266],[-60.232056186577424,-18.862376139543382],[-60.232222765805176,-18.862055900289711],[-60.232624491993832,-18.861308677662535],[-60.23438632476968,-18.858105297349521],[-60.234624955658106,-18.857677017297],[-60.234868402579629,-18.8572512012449],[-60.235116637436199,-18.856827898282713],[-60.235369631578408,-18.856407157209944],[-60.23562735580883,-18.855989026530445],[-60.235889780385563,-18.855573554446945],[-60.236659285443167,-18.854369937923234],[-60.237134650848652,-18.853626386636144],[-60.237427551287993,-18.852965332389729],[-60.238443126553058,-18.85058539963336],[-60.238599624300988,-18.8500334719335],[-60.238755339922463,-18.849497442280441],[-60.238917978656367,-18.848963279475221],[-60.239087515761732,-18.848431064569816],[-60.23926392545156,-18.847900878319834],[-60.239447180897031,-18.847372801172579],[-60.239637254231326,-18.846846913254549],[-60.239834116554157,-18.846323294359539],[-60.240037737935971,-18.84580202393639],[-60.24024808742265,-18.845283181077043],[-60.240465133040196,-18.844766844504438],[-60.240688841799624,-18.844253092560692],[-60.24158635953507,-18.842227251493242],[-60.241925039416621,-18.841462781414624],[-60.243253462958783,-18.837892151946519],[-60.243839840552482,-18.836400168018592],[-60.244145409865993,-18.83568075675068],[-60.244571215679009,-18.834733255460144],[-60.245155473460507,-18.833521850837954],[-60.247365048704502,-18.829113131417778],[-60.247581572939389,-18.828686855793272],[-60.248150926114768,-18.827616984548655],[-60.249225332457087,-18.825662847160533],[-60.250344145226435,-18.822338282369959],[-60.250527100530221,-18.821805997907752],[-60.250716975334853,-18.821275915462927],[-60.250913740362144,-18.820748116600758],[-60.251117365274702,-18.820222682534528],[-60.251327818680508,-18.819699694112998],[-60.251545068137879,-18.81917923180799],[-60.251769080160386,-18.818661375702071],[-60.251999820222188,-18.818146205476168],[-60.25223725276318,-18.817633800397353],[-60.252481341194695,-18.817124239306665],[-60.252733719511873,-18.816614275655535],[-60.252992764130099,-18.816107352493606],[-60.253258434611055,-18.815603548847196],[-60.253530689484769,-18.815102943255742],[-60.253809486255975,-18.814605613759685],[-60.254094781410743,-18.814111637888114],[-60.254386530423425,-18.813621092646923],[-60.254684687763543,-18.813134054506641],[-60.254989206902813,-18.812650599390619],[-60.255300040322581,-18.812170802663211],[-60.256658499599517,-18.810102875586448],[-60.256767568531075,-18.80973556197047],[-60.257356355929289,-18.808018281002671],[-60.258016804336471,-18.806324804007186],[-60.258747855487528,-18.804657843217942],[-60.25954833634934,-18.803020065794577],[-60.260416964805472,-18.801414094816881],[-60.261352346954581,-18.79984250112701],[-60.262352985738275,-18.798307798047052],[-60.263417277098924,-18.796812444943491],[-60.264543515892292,-18.795358833778742],[-60.265655872009319,-18.794033933931487],[-60.268537736074521,-18.790730495795021],[-60.268827742594112,-18.790277386472152],[-60.269123502643559,-18.789827663640764],[-60.269424972596511,-18.789381393576779],[-60.269732107986165,-18.788938642046901],[-60.270044863511956,-18.78849947429898],[-60.270363193046222,-18.788063955052387],[-60.270687049640927,-18.787632148488441],[-60.271016385534779,-18.787204118241064],[-60.271351152160044,-18.786779927387393],[-60.271691300149897,-18.786359638438395],[-60.274300551132939,-18.783170679676871],[-60.274565073171374,-18.782857590647893],[-60.274861537188677,-18.782393148997862],[-60.275163937051381,-18.781932192500957],[-60.275472227564059,-18.781474789985211],[-60.275786362652795,-18.781021009747715],[-60.276106295372287,-18.780570919544186],[-60.276431977912694,-18.780124586579117],[-60.276763361606868,-18.779682077495611],[-60.277100396937584,-18.779243458365457],[-60.277443033545048,-18.778808794679311],[-60.277791220234249,-18.77837815133692],[-60.280400352818532,-18.775189201143409],[-60.281401365541555,-18.774007243521865],[-60.282645710816254,-18.772643884565372],[-60.283946306681266,-18.77132902647153],[-60.285301069034254,-18.770064776028409],[-60.286707829099271,-18.768853154854764],[-60.287753632623534,-18.768021339537075],[-60.288317048334612,-18.767430328810562],[-60.288690147310597,-18.767040253221872],[-60.28906859966002,-18.766654885960289],[-60.289452339882978,-18.766274293694678],[-60.289841301566135,-18.765898542267621],[-60.290235417394257,-18.765527696684025],[-60.290634619161715,-18.765161821099849],[-60.29103883778437,-18.764800978811138],[-60.291448003311572,-18.764445232242959],[-60.291862044938142,-18.764094642938716],[-60.292639502308951,-18.762787468739045],[-60.29363961458634,-18.761252529651379],[-60.29470337555189,-18.759756927387979],[-60.295829080864941,-18.758303057020758],[-60.297014927979575,-18.756893244480171],[-60.298259017080994,-18.755529747481074],[-60.299559356902918,-18.754214747489382],[-60.30086850769505,-18.752992688099468],[-60.30145734602042,-18.752088801244881],[-60.302520975385505,-18.750593137210846],[-60.303646548359268,-18.749139202346161],[-60.304832262592562,-18.747729323588139],[-60.306076218525639,-18.746365756051592],[-60.30737642411377,-18.745050684009325],[-60.307517744548505,-18.74491874568772],[-60.307669519785193,-18.744187440313745],[-60.308111463657433,-18.742430605073377],[-60.308626822700099,-18.740692019663438],[-60.30921476893414,-18.738974466118972],[-60.309874358448056,-18.73728069494949],[-60.31029592889309,-18.736295362567404],[-60.312070915659106,-18.732282501599443],[-60.31237950392709,-18.731600551981909],[-60.313179055200095,-18.729962425033388],[-60.314046737598815,-18.728356081848116],[-60.314981162526024,-18.726784093926945],[-60.315980831569526,-18.725248977896204],[-60.317044143228216,-18.723753190195026],[-60.318169393880041,-18.722299126195605],[-60.318876528743004,-18.721451054687883],[-60.319128185010946,-18.721152927601945],[-60.320858961627685,-18.71910515250331],[-60.320990646287271,-18.717436330577922],[-60.321208328346401,-18.715641671694751],[-60.321501184867913,-18.713856747713116],[-60.32186874407622,-18.712084414716603],[-60.322022253620645,-18.711455976439577],[-60.32208908491716,-18.711186737695623],[-60.323399483418029,-18.705817452680837],[-60.323535380600894,-18.705277848593177],[-60.323678226831284,-18.704739876762051],[-60.323828000469142,-18.704203618446765],[-60.323984678828843,-18.70366915464713],[-60.324148238182545,-18.703136566091182],[-60.324318653763903,-18.702605933223076],[-60.324495899771755,-18.702077336190982],[-60.324679949374115,-18.701550854834871],[-60.324870774712203,-18.70102656867456],[-60.325339095337547,-18.699764955227121],[-60.32576571555105,-18.698615678777738],[-60.326348607894261,-18.697129031948315],[-60.326572311506418,-18.696597604324779],[-60.326786034168009,-18.696107308387496],[-60.327005791096248,-18.695619441047576],[-60.327231551862347,-18.695134069751067],[-60.327463285208331,-18.694651261598466],[-60.327700959051434,-18.694171083335554],[-60.327944540488502,-18.693693601344044],[-60.32819399580066,-18.693218881632415],[-60.328449290457918,-18.692746989827],[-60.33459865373819,-18.681541627267848],[-60.334805495309936,-18.678550258731708],[-60.334916334829622,-18.677238784618655],[-60.335133762259858,-18.675444077910946],[-60.335426347344246,-18.673659098420114],[-60.335793621573124,-18.671886703264263],[-60.336118007981682,-18.670566350992242],[-60.337078785127552,-18.666904214498597],[-60.337490919145139,-18.665333209161762],[-60.337623691067336,-18.664836489090085],[-60.33776274533578,-18.664341333150958],[-60.337908061626422,-18.663847813528374],[-60.33805961870322,-18.663356002167266],[-60.338217394420745,-18.662865970762965],[-60.338381365727869,-18.662377790750792],[-60.338551508670939,-18.661891533295687],[-60.338727798397315,-18.661407269281774],[-60.338910209159081,-18.660925069302071],[-60.339058009040002,-18.659355448482369],[-60.339083085433806,-18.659097468434375],[-60.339111316406814,-18.658824553758009],[-60.339627975252171,-18.653980635729841],[-60.339815530589043,-18.652474123912853],[-60.340107996040203,-18.650689122198354],[-60.340475140481139,-18.648916700853771],[-60.340916372815407,-18.647159699868293],[-60.34143098506047,-18.645420929512337],[-60.342018152279323,-18.643703175760614],[-60.342676930912248,-18.642009186729879],[-60.343406265378349,-18.640341675488489],[-60.344204985401838,-18.638703310092854],[-60.344777538756226,-18.637624631197909],[-60.346984347762806,-18.633601517898292],[-60.347519415750703,-18.630242626352125],[-60.3484631141704,-18.623972050512442],[-60.348672275249641,-18.622709550658694],[-60.349577212469875,-18.617707604905522],[-60.350492457673447,-18.612301882217857],[-60.350609338277948,-18.611642584726255],[-60.350978268730039,-18.609862018056063],[-60.350636909740054,-18.608546453204763],[-60.350250538809775,-18.60677774784801],[-60.349938701966977,-18.604995720032669],[-60.349701894398031,-18.603203222300468],[-60.349540493504051,-18.601403127114462],[-60.34945475531454,-18.599598315069176],[-60.349444815411765,-18.597791677613085],[-60.349510686277199,-18.59598610617649],[-60.349652261070368,-18.594184494032557],[-60.349767906819935,-18.593151116282254],[-60.35026884246124,-18.589115499500938],[-60.350341348084442,-18.588560798772523],[-60.350421049826259,-18.588006996483504],[-60.350507935401865,-18.587454177517916],[-60.350601991425847,-18.586902426608329],[-60.350703203414341,-18.586351828322801],[-60.350811555787146,-18.585802467052005],[-60.350927031870278,-18.585254426996279],[-60.35104961389851,-18.584707792152717],[-60.351179283018141,-18.584162646302321],[-60.351316019289925,-18.583619072997198],[-60.353604978061831,-18.574761149760924],[-60.353759011997319,-18.574181566540165],[-60.354273176667647,-18.572442706199261],[-60.35485986890788,-18.570724852189603],[-60.355518145871315,-18.56903075640269],[-60.35594194655885,-18.568038358654576],[-60.357263790957987,-18.565045136806862],[-60.358229572070336,-18.562858112113584],[-60.358330244076257,-18.561575486252405],[-60.358547115204047,-18.559780683782009],[-60.358839097630572,-18.557995593111102],[-60.359205720986807,-18.556223071500721],[-60.359646397903546,-18.554465956437962],[-60.360160418418083,-18.552727061047857],[-60.360470645114425,-18.551789497135541],[-60.362265879363406,-18.546562694669408],[-60.362441622389518,-18.546060953597308],[-60.362623515791135,-18.54556121073151],[-60.362811534552712,-18.545063534661271],[-60.363005652818792,-18.544567993691835],[-60.363205843897525,-18.544074655834784],[-60.363412080264339,-18.543583588798953],[-60.363624333565802,-18.543094859980954],[-60.364642672217286,-18.540788323410933],[-60.365833047546225,-18.537322014806715],[-60.366109295428792,-18.536541703069698],[-60.366767290017123,-18.534847531409429],[-60.367495801704024,-18.533179823735871],[-60.368293665324742,-18.531541248479922],[-60.36915959918268,-18.529934429967639],[-60.370092217488967,-18.528361940474561],[-60.37109002477527,-18.526826294738015],[-60.372151422471568,-18.525329953669818],[-60.373274710066212,-18.523875310835695],[-60.374458088868593,-18.52246469432275],[-60.375699663014181,-18.521100363150602],[-60.376997444308721,-18.519784500123389],[-60.378349355081582,-18.518519210975629],[-60.379753231064903,-18.51730652171209],[-60.381206823366306,-18.516148373225686],[-60.382707805130636,-18.515046618689578],[-60.384253774400847,-18.514003021799034],[-60.385842256058538,-18.513019253194116],[-60.387470708508644,-18.512096886044795],[-60.389136523642087,-18.511237397863834],[-60.390837036398111,-18.510442163421338],[-60.392569524724372,-18.509712456556592],[-60.394331216283973,-18.509049443955099],[-60.396119292198897,-18.508454187011463],[-60.39793089084742,-18.507927640080212],[-60.399763113621589,-18.50747064423749],[-60.401613027681016,-18.507083931837688],[-60.403477673587886,-18.506768121202551],[-60.405354068087036,-18.506523719370307],[-60.405784484936405,-18.506477905630014],[-60.418070286624534,-18.50522405562516],[-60.421133361527652,-18.504746127104749],[-60.426127628941529,-18.5039667620598],[-60.426714511400363,-18.503878773228973],[-60.427302505063381,-18.503797818371133],[-60.427891517336903,-18.503723910243536],[-60.428481455466951,-18.503657060493747],[-60.429072226553885,-18.503597279657896],[-60.435611123037624,-18.50297504043554],[-60.443511514612226,-18.502222929648912],[-60.444000340038073,-18.502178824692418],[-60.458958062271549,-18.500903279588034],[-60.466949309966822,-18.50022131371286],[-60.47801992609439,-18.498900494499988],[-60.478412013305935,-18.498855287569299],[-60.478519371832576,-18.498843460155047],[-60.479020582183381,-18.498791378971362],[-60.493035236942767,-18.497406551654528],[-60.49431178692565,-18.497297006612186],[-60.494632466408163,-18.497274704108182],[-60.500180743454976,-18.496906814935294],[-60.501780367745916,-18.496800718086373],[-60.502174325278062,-18.496732308346154],[-60.503454776081888,-18.496509946662371],[-60.504027846960234,-18.496413893747562],[-60.504602111880075,-18.496324568414433],[-60.50517748410433,-18.496241984162786],[-60.505753876728832,-18.496166153474316],[-60.506331202695435,-18.496097087810643],[-60.506909374805154,-18.4960347976116],[-60.507488305731322,-18.495979292293725],[-60.508067908032643,-18.495930580248675],[-60.508648094166581,-18.495888668842163],[-60.517521735228925,-18.495299754014127],[-60.53321216573854,-18.493689805139102],[-60.541721757133466,-18.492671801702485],[-60.542231866158282,-18.492613446025331],[-60.542742608952828,-18.492560376007138],[-60.5432539253705,-18.492512597903147],[-60.543765755197292,-18.492470117345459],[-60.544278038158595,-18.492432939342333],[-60.544790713926574,-18.492401068277488],[-60.548217779057744,-18.492205802115791],[-60.551247635563961,-18.491774636595984],[-60.552728242813664,-18.491586657999907],[-60.554080747245393,-18.491454377332026],[-60.56138823984147,-18.490840570945657],[-60.56557366059841,-18.490358930731603],[-60.572950628029318,-18.489509805260095],[-60.573112970323926,-18.489491387215534],[-60.574997969980288,-18.489317068254515],[-60.576888770477368,-18.48921482838006],[-60.578782345680942,-18.489184831254782],[-60.578875456266971,-18.489185736205322],[-60.582672875738155,-18.488644749030616],[-60.584152672832019,-18.488456628246144],[-60.585753109675409,-18.488303880039815],[-60.588189971963949,-18.488111118262466],[-60.589737872496059,-18.487988659407016],[-60.596672215231386,-18.487366387680055],[-60.605992960033078,-18.486358502507763],[-60.607692916201309,-18.486204212859842],[-60.609339134474297,-18.48611083332765],[-60.613653820122906,-18.485937937859671],[-60.616550227005582,-18.48582181945206],[-60.616794795809476,-18.485812616543214],[-60.618413972084277,-18.485786621715199],[-60.620315624190248,-18.485626294246401],[-60.624133510762768,-18.48530435121674],[-60.624664919873474,-18.485262410861548],[-60.626580287661341,-18.485158812511134],[-60.63033187960874,-18.485030396874329],[-60.633625208438495,-18.48491761597797],[-60.643768265362972,-18.484143493147457],[-60.64574747219438,-18.483992379768065],[-60.645881548966123,-18.483982325436937],[-60.646456928103412,-18.483943323631877],[-60.647160256128466,-18.483904770579297],[-60.656080629942963,-18.483479089689745],[-60.65659939741478,-18.482512324760741],[-60.657529255691209,-18.480938069800668],[-60.658524360839621,-18.479400566707277],[-60.659583118636604,-18.477902275774742],[-60.660703832722213,-18.476445596414958],[-60.661884708488628,-18.47503285998868],[-60.662254223188512,-18.474622011117152],[-60.662302910775253,-18.474542433810026],[-60.6632979324608,-18.473004895815706],[-60.664356605901204,-18.471506568264637],[-60.665477234871311,-18.470049850627881],[-60.666409315487414,-18.468925144492101],[-60.666658058571656,-18.468637034098062],[-60.66789711792466,-18.467270459820728],[-60.669192462381496,-18.465952274873377],[-60.670542018131258,-18.464684588713396],[-60.671661721349999,-18.463706071130211],[-60.676823135323467,-18.459338427295915],[-60.67722179075917,-18.459004853001787],[-60.677624336177487,-18.458675561233605],[-60.678030721054789,-18.458350593309071],[-60.678440894386512,-18.45802999000324],[-60.678854804693607,-18.45771379154349],[-60.679272400028999,-18.457402037604375],[-60.681418891849262,-18.455817965843185],[-60.682201669794729,-18.455252561190242],[-60.683745552408652,-18.454206235446435],[-60.685332047958269,-18.453219681667552],[-60.686958617037149,-18.452294477458274],[-60.688622656403687,-18.451432104885885],[-60.690321502852029,-18.450633943308549],[-60.691602920737999,-18.450083971670704],[-60.704834392765711,-18.444628355013414],[-60.705283884792998,-18.444445620004792],[-60.707044042196095,-18.443779473869128],[-60.708830705592071,-18.443181053492708],[-60.710641015588898,-18.442651318268478],[-60.712472075606193,-18.442191114347072],[-60.714320954637124,-18.441801179189749],[-60.716184694872688,-18.441482136243806],[-60.718060314486529,-18.441234497687848],[-60.718394944487542,-18.441183660986209],[-60.719814263722427,-18.439951447720603],[-60.721265180802334,-18.438790337275705],[-60.721982829679327,-18.438249801991439],[-60.724128699240644,-18.436665355683704],[-60.72490944728947,-18.436101089958647],[-60.726452927419494,-18.435054367281193],[-60.728039032510921,-18.43406740732064],[-60.729665224686102,-18.433141791050176],[-60.731328899457054,-18.432278997561831],[-60.733027395093565,-18.431480410508168],[-60.734225475113981,-18.430969908710413],[-60.734749593625736,-18.430591034303323],[-60.736051085943771,-18.429702475485389],[-60.737476344324506,-18.428763760775443],[-60.73905102289639,-18.427726607372225],[-60.739292902092629,-18.427568346615644],[-60.740878872732878,-18.426581263179877],[-60.742504932972032,-18.425655521074138],[-60.744168480421884,-18.424792599614161],[-60.745449543881698,-18.424182703362465],[-60.746768406130819,-18.423578405628028],[-60.747158920003109,-18.423399470592052],[-60.749722255513852,-18.422225067853642],[-60.750137346154197,-18.422037248355473],[-60.751867791298331,-18.421303968524327],[-60.753627573887115,-18.420637343473977],[-60.755413879001352,-18.420038440365246],[-60.757223847851513,-18.419508216652716],[-60.759054584361174,-18.419047521972971],[-60.760903158047377,-18.418657093666013],[-60.762766611572189,-18.418337556867058],[-60.764641963598265,-18.41808942183259],[-60.765084552738685,-18.418041467737329],[-60.765875959533538,-18.417959315546209],[-60.76691735933148,-18.417851217055155],[-60.767107504043018,-18.417528689848549],[-60.768101267318734,-18.41599045596822],[-60.769158691921469,-18.414491398860559],[-60.770278083638921,-18.413033917368558],[-60.771457647131236,-18.411620344111746],[-60.772695496376848,-18.410252942908031],[-60.773989646264212,-18.408933900554725],[-60.77522081473856,-18.40777560570832],[-60.775338051885115,-18.407635098243372],[-60.776575840271128,-18.406267663999174],[-60.77786993027879,-18.404948589273456],[-60.778835840775109,-18.404034654240103],[-60.779024860748152,-18.403858355981107],[-60.780984877636655,-18.402042571021759],[-60.781370005321357,-18.401690469169967],[-60.782770365379626,-18.400474345354137],[-60.784220553553311,-18.399312668187726],[-60.785718248376838,-18.398207296492139],[-60.787261053096451,-18.397159999747373],[-60.788846497613278,-18.396172453606376],[-60.790472045097424,-18.395246239979954],[-60.791681605048353,-18.394618277168984],[-60.792048344309805,-18.394309705696696],[-60.792419604948847,-18.394006102460541],[-60.792795313111952,-18.393707527842277],[-60.793175394062168,-18.39341404122343],[-60.793559772194108,-18.393125700973535],[-60.79394837104882,-18.392842564438393],[-60.794278527441364,-18.392537262434914],[-60.795295664380006,-18.391596559154028],[-60.795999454857402,-18.390945645869845],[-60.797149356548204,-18.389882237672143],[-60.797244836121465,-18.389767763513539],[-60.798250231972482,-18.38865665132078],[-60.798290398516635,-18.38855234477391],[-60.799014147671805,-18.386882407444517],[-60.79980728427963,-18.385241446700789],[-60.800668537020442,-18.383632090770337],[-60.801596526627542,-18.382056915111836],[-60.802589764962057,-18.38051844150953],[-60.803416537799386,-18.379334738232508],[-60.805379300043761,-18.376618234958062],[-60.806089357329199,-18.375527963327059],[-60.806376764285055,-18.375092213529346],[-60.806669354970616,-18.374659620345831],[-60.806967091326648,-18.3742302399958],[-60.80726993462622,-18.373804128280629],[-60.807577845479514,-18.373381340576671],[-60.807890783839149,-18.372961931827984],[-60.8082087090052,-18.372545956539206],[-60.809273227378434,-18.371169660679968],[-60.823837364710123,-18.340839399519844],[-60.838395936379669,-18.31050740451057],[-60.866408174076085,-18.30632563488442],[-60.894419516056033,-18.302139611486918],[-60.922429955410664,-18.297949337194428],[-60.950439485233773,-18.293754814888061],[-60.936563991537625,-18.32271458994839],[-60.922683460347237,-18.351672814295441],[-60.908797879625148,-18.380629482710656],[-60.894907237323643,-18.409584589972344],[-60.894856406996517,-18.409716715609399],[-60.894558262634504,-18.41045178740551],[-60.894246722399181,-18.411181779565144],[-60.893921879712401,-18.411906469923046],[-60.893583833668558,-18.412625637278541],[-60.893232688077433,-18.413339062288436],[-60.892868547679754,-18.414046527425171],[-60.892491525705807,-18.414747817964038],[-60.892101736339171,-18.415442719189873],[-60.891699297511273,-18.416131020041323],[-60.891284330934646,-18.416812510401485],[-60.890856964930663,-18.417486982032734],[-60.890417328719423,-18.418154231223436],[-60.889965556281638,-18.418814052507688],[-60.88950178436734,-18.419466246773229],[-60.889026154476483,-18.420110614057045],[-60.888659337952681,-18.420591740380029],[-60.887949784198078,-18.421509627335276],[-60.887801007408981,-18.422116621279972],[-60.887598880317675,-18.422880885422849],[-60.887382807896749,-18.423641666088848],[-60.887152856242786,-18.424398729989029],[-60.886909094240835,-18.425151848379819],[-60.886651596491767,-18.425900789869075],[-60.886380441331632,-18.426645327620786],[-60.886095710898211,-18.427385233935873],[-60.885797492022178,-18.428120284778934],[-60.88548587629365,-18.42885025435907],[-60.885160957146212,-18.429574921420915],[-60.884822833708533,-18.430294063867549],[-60.884471608845679,-18.431007464158885],[-60.884107390160814,-18.431714904806284],[-60.883813265084569,-18.432263145111492],[-60.883802867959609,-18.432282363976526],[-60.882503451156268,-18.434670949714079],[-60.882419898065606,-18.434823746201278],[-60.882030015328645,-18.435518616707959],[-60.881627483145927,-18.436206886080353],[-60.881212423258333,-18.436888344210942],[-60.880784962112457,-18.437562783753979],[-60.880345228990379,-18.438229998298013],[-60.880245620029513,-18.438377617772673],[-60.879655675757391,-18.439248177534882],[-60.878074446276322,-18.441581483742645],[-60.877722172413726,-18.442093646484324],[-60.877258285371326,-18.442745797444559],[-60.876782540440097,-18.443390121480256],[-60.876295081968884,-18.4440264213825],[-60.875796057120134,-18.444654502683882],[-60.87528561963336,-18.445274175507436],[-60.874763925148777,-18.445885249997765],[-60.874231131162951,-18.446487539933958],[-60.873687400825453,-18.447080861869001],[-60.873132899164418,-18.447665034184272],[-60.872567795881309,-18.44823988073431],[-60.871992262578416,-18.448805225395908],[-60.871406474618325,-18.449360894799117],[-60.870810610144076,-18.449906721026384],[-60.87020485202752,-18.450442537117873],[-60.869589383104,-18.450968179728136],[-60.868964391850639,-18.451483489189989],[-60.868330068622967,-18.451988307665779],[-60.867686606567695,-18.452482481867644],[-60.867034202591583,-18.452965861262019],[-60.866373053575451,-18.45343829802712],[-60.865703362041607,-18.453899648020123],[-60.865025333314321,-18.454349770745445],[-60.864339171722932,-18.454788530215318],[-60.863645088217751,-18.455215791422514],[-60.862943292753911,-18.455631423867903],[-60.862234000916018,-18.456035301635165],[-60.861517427315519,-18.456427301509951],[-60.860793791246714,-18.456807304850294],[-60.860751161044149,-18.456828775170802],[-60.860130269314112,-18.457403158490493],[-60.857546847465521,-18.459792675491347],[-60.857079326054929,-18.460219220890998],[-60.856473489455105,-18.460754984496951],[-60.855857943368427,-18.461280573958412],[-60.855232876295773,-18.461795829624403],[-60.854598476723297,-18.462300593652216],[-60.8539549387677,-18.46279471278125],[-60.853531480333857,-18.463108389489392],[-60.853251162820698,-18.463367662602334],[-60.852782280636333,-18.463795434678829],[-60.852176419362316,-18.464331181714567],[-60.851560847754783,-18.464856754382478],[-60.850935754322371,-18.465371993036687],[-60.850301329452073,-18.465876739861031],[-60.84965776632172,-18.466370841589484],[-60.849005260933957,-18.466854146796663],[-60.848344013017318,-18.467326509521488],[-60.847674222296682,-18.46778778470836],[-60.847215628550273,-18.46809396749876],[-60.847053169843434,-18.468201072782751],[-60.846795361664746,-18.468607572759677],[-60.846717850162371,-18.468726998616834],[-60.84506818977092,-18.471259860194902],[-60.84372106447745,-18.473733085402351],[-60.843636912613725,-18.473886857061494],[-60.843246776706536,-18.474581620188918],[-60.842843990417386,-18.475269779469148],[-60.842428675564676,-18.475951124827656],[-60.842000957726299,-18.476625448941931],[-60.841560969101977,-18.477292545467499],[-60.841108842789026,-18.477952212586175],[-60.840644715689848,-18.478604247619533],[-60.840168730325971,-18.479248453372726],[-60.839681030173267,-18.479884632661673],[-60.839181765307366,-18.480512591087596],[-60.838671086701801,-18.481132138778587],[-60.838149150070848,-18.48174308591712],[-60.837616115824268,-18.48234524635297],[-60.837072143399396,-18.482938436635273],[-60.836517401673191,-18.483522476131572],[-60.83595205666839,-18.48409718598424],[-60.835376282866896,-18.484662392853117],[-60.834790254769942,-18.485217922496094],[-60.834194151540338,-18.485763607048696],[-60.833588153284182,-18.486299279561898],[-60.832972446696068,-18.486824776776789],[-60.83234721748665,-18.487339939038005],[-60.831712657031133,-18.487844608563424],[-60.831068958548975,-18.488338632110445],[-60.83041631807292,-18.488821859180618],[-60.829754935395712,-18.489294142030584],[-60.829085010272046,-18.489755336531996],[-60.828406748098182,-18.490205302236863],[-60.827720356113893,-18.490643903237288],[-60.827026041554852,-18.491071004531218],[-60.826324018232924,-18.491486475711355],[-60.826081050393704,-18.491624724320612],[-60.825470090972779,-18.492060969532552],[-60.82480014448165,-18.492522146434048],[-60.824121862073973,-18.492972094377883],[-60.823435448156175,-18.493410677428955],[-60.822741113768245,-18.493837759731015],[-60.822039068907841,-18.494253213548294],[-60.821893354720046,-18.494337429455797],[-60.820710256729299,-18.49501842578114],[-60.819717721094335,-18.495589722722404],[-60.817917137627589,-18.496776176057821],[-60.817697512738057,-18.496920021076761],[-60.817011069166853,-18.497358576418755],[-60.816316703517252,-18.497785632555509],[-60.815614629628421,-18.498201058190475],[-60.814905059384522,-18.498604727427079],[-60.814188211256997,-18.498996518060988],[-60.813464301819245,-18.499376308772273],[-60.812733552303982,-18.499743984621031],[-60.811996185797582,-18.500099434305223],[-60.811252426316216,-18.500442548343489],[-60.810502501599551,-18.500773222720731],[-60.809746639358657,-18.501091356134957],[-60.808985070080958,-18.501396852739592],[-60.808218026129474,-18.501689618520107],[-60.807445741696654,-18.501969564906677],[-60.806668451903427,-18.502236605150671],[-60.805886392729882,-18.502490659743607],[-60.805099803935583,-18.502731650128126],[-60.804308925215146,-18.502959503169933],[-60.803513996221,-18.503174149351384],[-60.802715261284838,-18.503375523729844],[-60.801912961867174,-18.503563564043358],[-60.801107344095733,-18.50373821350815],[-60.800298653119818,-18.503899418043211],[-60.799566046432609,-18.504033381435413],[-60.798538428984571,-18.504213286943632],[-60.797911358727184,-18.504464781085755],[-60.797144286796495,-18.504757498442448],[-60.796371975190425,-18.505037395273199],[-60.795594659003633,-18.505304387553721],[-60.794812575205661,-18.505558393092006],[-60.794025961659123,-18.505799334226921],[-60.793235058066294,-18.506027137839162],[-60.792440106926925,-18.506241734459355],[-60.791641348804809,-18.506443058212824],[-60.790839028930854,-18.506631048703198],[-60.790033390610965,-18.506805648225786],[-60.789224678989235,-18.506966803617981],[-60.788413142952635,-18.507114465378443],[-60.787599027534092,-18.507248589384734],[-60.786782581532094,-18.507369133369451],[-60.785964054600512,-18.507476062305745],[-60.785143695436524,-18.50756934206332],[-60.784429953282178,-18.507638466428276],[-60.783635921365132,-18.508126155697635],[-60.782545827820648,-18.508795674876556],[-60.782113181229477,-18.509058177790717],[-60.781677309883833,-18.509315780287217],[-60.781238274764704,-18.50956844632325],[-60.781106915247513,-18.509739643734786],[-60.780607355261957,-18.510367415290556],[-60.78009638300346,-18.51098677087294],[-60.779574154241757,-18.511597523431817],[-60.779040828541405,-18.512199485962231],[-60.778496568268459,-18.512792475105691],[-60.7779415386022,-18.513376310247367],[-60.777375909428429,-18.513950813538333],[-60.776799852511068,-18.514515808959359],[-60.776213543339061,-18.515071125955711],[-60.775617161196053,-18.515616594018582],[-60.775010886262159,-18.51615204716742],[-60.774394904370574,-18.516677322199556],[-60.773769403209265,-18.517192259548885],[-60.773134574237439,-18.517696701502075],[-60.77249060886372,-18.518190494863394],[-60.771837704161356,-18.518673488312476],[-60.771176059034467,-18.519145535972278],[-60.770505876169899,-18.519606492915955],[-60.769827358191755,-18.520056219637894],[-60.7691407124533,-18.520494577594082],[-60.768446149073192,-18.520921434598666],[-60.767743878165518,-18.521336659371766],[-60.767034115449427,-18.521740127025378],[-60.766317075704301,-18.522131712663452],[-60.765592978367557,-18.522511297770844],[-60.764862043794658,-18.522878766556282],[-60.764124495128776,-18.523234007781024],[-60.763644358138301,-18.523457064323104],[-60.762756539152633,-18.523863617552127],[-60.761080174336271,-18.524631231390796],[-60.760816767540277,-18.524750892861391],[-60.760066656547494,-18.5250813448767],[-60.759310612195598,-18.525399255575277],[-60.758548865051402,-18.525704527372699],[-60.757781645628114,-18.525997067203992],[-60.757009189130621,-18.5262767856766],[-60.756231729751164,-18.526543598809461],[-60.755449506396779,-18.526797424487885],[-60.754662756026391,-18.527038185094437],[-60.753871718384318,-18.527265807565048],[-60.753076636011805,-18.527480222486137],[-60.752277750459761,-18.527681364049478],[-60.751475304158333,-18.527869171881147],[-60.750669543292361,-18.52804358836589],[-60.74986071304366,-18.528204560397096],[-60.749130256027662,-18.528337914375989],[-60.744877649774622,-18.52908123962424],[-60.744376522901646,-18.529166174266582],[-60.743874467159756,-18.529245961875855],[-60.743371540658657,-18.529320593222032],[-60.740640373106707,-18.529711532986386],[-60.739579182553754,-18.529863420565945],[-60.739466884283374,-18.530862256904552],[-60.73941169333154,-18.531330127826916],[-60.739307866384834,-18.532112041587705],[-60.739189747873247,-18.532892107650568],[-60.739057373885572,-18.533670087945271],[-60.738910783330446,-18.534445746239022],[-60.738750022706022,-18.535218845483861],[-60.738575139449182,-18.5359891495436],[-60.738386186633925,-18.536756425959911],[-60.738183222119979,-18.537520438716218],[-60.737966307511215,-18.538280955451349],[-60.737735508179675,-18.539037745653314],[-60.737490895206847,-18.53979057706978],[-60.737232543407188,-18.54053922200718],[-60.736960528571217,-18.541283450975033],[-60.736674936874167,-18.542023037315033],[-60.736375852579769,-18.542757756150582],[-60.736063367520352,-18.543487383597256],[-60.73573757729794,-18.544211697620653],[-60.735398581296337,-18.544930477133388],[-60.735046480775743,-18.545643502875627],[-60.73468138455393,-18.546350557483336],[-60.734303403313461,-18.547051426323371],[-60.73391265153132,-18.547745894807072],[-60.73350924932506,-18.548433752025424],[-60.73309331870125,-18.549114787994533],[-60.732664986372406,-18.549788795496003],[-60.732224382834119,-18.550455568259576],[-60.731771641370443,-18.551114904564173],[-60.731306900966374,-18.551766601853704],[-60.730830303383669,-18.552410463024678],[-60.730341992297653,-18.553046290093359],[-60.729842117936109,-18.55367389147753],[-60.729330831493719,-18.554293074703541],[-60.728808289818609,-18.554903650075911],[-60.728274650642234,-18.555505433329625],[-60.727730077385473,-18.55609824026882],[-60.72717473532326,-18.556681890333678],[-60.726608794437276,-18.557256205731612],[-60.726032426587238,-18.557821010500234],[-60.725445807356778,-18.558376134142602],[-60.724849115178344,-18.55892140619736],[-60.7242425331671,-18.559456660777307],[-60.723626244410283,-18.559981734706131],[-60.723000437636735,-18.560496468490221],[-60.72236530345301,-18.561000704466956],[-60.721721035254262,-18.561494289525463],[-60.721067829248298,-18.561977073300689],[-60.720405885414195,-18.562448907281702],[-60.719735403642687,-18.562909650184814],[-60.719056590484364,-18.563359159002751],[-60.718369650507313,-18.563797297932737],[-60.71767479393236,-18.564223933952718],[-60.716972233792141,-18.56463893678719],[-60.716262182143232,-18.565042178861411],[-60.715544857605465,-18.5654335381025],[-60.714820476875246,-18.565812895127156],[-60.714089261342032,-18.566180134225029],[-60.713351434235285,-18.56653514422754],[-60.712607219713384,-18.566877815787308],[-60.711856845656058,-18.567208045024884],[-60.71110053990067,-18.567525731676909],[-60.710338533106679,-18.567830777324357],[-60.709571057724254,-18.56812309170278],[-60.708798348126578,-18.568402582768471],[-60.708020639518068,-18.568669167524032],[-60.707238168042529,-18.568922763890647],[-60.70645117357553,-18.569163294355086],[-60.705659895936442,-18.569390685923686],[-60.704864574900093,-18.569604869219273],[-60.70406545493141,-18.569805778538885],[-60.703262777585188,-18.569993353567789],[-60.702456789117846,-18.570167536762437],[-60.701647734781147,-18.570328275087533],[-60.700835860727928,-18.570475519136032],[-60.70002141589368,-18.570609224055346],[-60.699204646302285,-18.570729350381153],[-60.698385802702099,-18.570835859614412],[-60.697748983473232,-18.570909121026226],[-60.687976394451248,-18.571969115726876],[-60.687435955639025,-18.572024724768877],[-60.686894882967486,-18.572074412536448],[-60.675002224906692,-18.573100462651173],[-60.674466593396993,-18.573143734944402],[-60.673930481231835,-18.573181204041983],[-60.67339395755976,-18.57321286511721],[-60.672857091582358,-18.57323871409239],[-60.672319952545379,-18.573258747639549],[-60.664226325535175,-18.57351655783237],[-60.652592752501135,-18.574071157245147],[-60.651318684015394,-18.574168354847721],[-60.640134068832118,-18.575021275785367],[-60.639615777865764,-18.575058054597271],[-60.639097094794181,-18.575089404721588],[-60.638578082155043,-18.57511532238399],[-60.638058802525777,-18.575135804465141],[-60.633724776148263,-18.575283979909102],[-60.631234139360345,-18.575369086329477],[-60.628648546364325,-18.575586952973566],[-60.624398315841631,-18.575945006334521],[-60.623735401505812,-18.575996371657094],[-60.622910754071896,-18.576047812991376],[-60.622085290336358,-18.57608551736671],[-60.621259262569815,-18.576109474428065],[-60.620432922070584,-18.57611967561898],[-60.619606521942472,-18.576116118732454],[-60.619434421797358,-18.576113647184219],[-60.619131544039149,-18.576108771278093],[-60.617625639096957,-18.576169048555702],[-60.614987245911585,-18.576274627016282],[-60.606883268699583,-18.577150402678889],[-60.606697031930388,-18.577170169387287],[-60.605987101265733,-18.577239000851591],[-60.59834070001569,-18.577924712706178],[-60.598228362983946,-18.577934655734662],[-60.597820704252989,-18.577968577614438],[-60.596011856905129,-18.57811157202979],[-60.595120502054208,-18.57818202949306],[-60.590912920866536,-18.578781154187141],[-60.589001921682346,-18.57905323188217],[-60.588789577647816,-18.579082993119549],[-60.587970683644336,-18.579189010991474],[-60.587149973347813,-18.57928137948015],[-60.586327697376312,-18.579360071083748],[-60.585504106297769,-18.579425061916918],[-60.584679450617145,-18.579476332613829],[-60.583853983642172,-18.579513866558507],[-60.583027954803754,-18.57953765341194],[-60.582201616347874,-18.579547684681941],[-60.581375221377513,-18.579543958213932],[-60.581206179189188,-18.579541501461559],[-60.581064538779607,-18.579539201193292],[-60.576911101985679,-18.58001699178887],[-60.571966960788593,-18.580585628721426],[-60.57146228015209,-18.580641048193819],[-60.570957004903427,-18.580691299450912],[-60.570451193255337,-18.5807363767086],[-60.563803042285905,-18.581294433508102],[-60.561425800549287,-18.581632568396405],[-60.56011268788783,-18.581819328904562],[-60.55989955934249,-18.581849168404517],[-60.559080649822192,-18.581955057016437],[-60.558259926351447,-18.582047296228577],[-60.557437639552312,-18.582125858578781],[-60.556614039996141,-18.582190720221398],[-60.555951209731177,-18.582232912722521],[-60.55197191085098,-18.582459438003113],[-60.544576593434854,-18.583343645491052],[-60.543814720218421,-18.583428748656267],[-60.543751955704948,-18.583435227854341],[-60.526754931086046,-18.58517816582691],[-60.526164268615609,-18.585235136508135],[-60.525572903401084,-18.585285038904225],[-60.524980928480836,-18.585327865172783],[-60.517830051657114,-18.585802068346815],[-60.516154908182514,-18.586092828311681],[-60.516067089478135,-18.586107989064821],[-60.51525252313629,-18.586240870737868],[-60.514435647923598,-18.5863601713863],[-60.513616713624018,-18.586465856365461],[-60.512795969062857,-18.586557891925661],[-60.511973664868648,-18.586636250667304],[-60.511150051618131,-18.586700908807199],[-60.510960428289366,-18.586713842445494],[-60.506744682598601,-18.586993222287624],[-60.50199366749154,-18.587307959453927],[-60.489270588040434,-18.588564350196343],[-60.477868405717302,-18.589923963861676],[-60.477317644692114,-18.589986497566056],[-60.476766153096357,-18.590042873281138],[-60.476214006667988,-18.590093083271835],[-60.467389728041155,-18.590845597736209],[-60.452668687420456,-18.592100027877372],[-60.448293822707143,-18.59251626667087],[-60.448068293740775,-18.593040253622277],[-60.447741228226363,-18.593763915125276],[-60.447400964143426,-18.594482023435038],[-60.44704760504785,-18.595194358613892],[-60.446681259196517,-18.595900703495865],[-60.44639405016683,-18.596433694543766],[-60.446264972466544,-18.596669370292556],[-60.446339531367073,-18.597275925326301],[-60.44642139677142,-18.598060052450801],[-60.446488898884937,-18.598845422480057],[-60.446542014562283,-18.599631795776208],[-60.446580729166683,-18.600418933716476],[-60.446605030929256,-18.601206595907545],[-60.446614910908814,-18.6019945428942],[-60.446610367767278,-18.602782533514862],[-60.446591400140605,-18.603570328410552],[-60.446558016135405,-18.60435768834747],[-60.446510223886797,-18.605144372282865],[-60.446448039080387,-18.605930141079469],[-60.446371480258179,-18.606714754732437],[-60.446342005230989,-18.606968685793763],[-60.446392639392734,-18.6077183579768],[-60.446431350226447,-18.608505494574949],[-60.446455647520828,-18.609293156232873],[-60.446465522349349,-18.610081102592638],[-60.446460973375508,-18.610869092492894],[-60.446457864920767,-18.6110214236292],[-60.446456900913667,-18.611066775305645],[-60.446376284268666,-18.615468924582753],[-60.446359850557506,-18.616104426455024],[-60.446326455421072,-18.616891784083343],[-60.446278650980254,-18.617678466469172],[-60.446216452937705,-18.618464233572769],[-60.446139878878917,-18.619248846279945],[-60.446048953034243,-18.620032064660485],[-60.44594370245094,-18.620813650625664],[-60.445824158914334,-18.621593366148122],[-60.445690358001059,-18.622370973249058],[-60.445542341907093,-18.623146234939856],[-60.445380154699144,-18.623918916060678],[-60.445203844249697,-18.624688780597676],[-60.44501346694534,-18.625455593553067],[-60.444809078203171,-18.6262191217196],[-60.444590741007971,-18.626979132893492],[-60.444358521204094,-18.627735394004361],[-60.44411249025606,-18.628487676571417],[-60.443852722515473,-18.629235749441683],[-60.443682183492037,-18.62970441428039],[-60.443317771846566,-18.630688367195717],[-60.443043297406611,-18.632314586781195],[-60.442959706314745,-18.63279341679986],[-60.442127796505055,-18.637405364695919],[-60.441254729268941,-18.643227420937286],[-60.441226827909979,-18.643410785516359],[-60.441198179826017,-18.643593778680117],[-60.440237606189079,-18.649644084762091],[-60.440173070047557,-18.65003874132621],[-60.440104873842984,-18.650432838235538],[-60.44003302288742,-18.650826344648717],[-60.439928991481537,-18.651362800298838],[-60.439798321595028,-18.651990401767076],[-60.438405927490123,-18.658438029923758],[-60.438374338589881,-18.658583095756608],[-60.43819794181266,-18.659352943070537],[-60.438007473698725,-18.660119737932707],[-60.437802992533399,-18.660883247179807],[-60.437584560395699,-18.661643237697923],[-60.437352243117992,-18.662399479131185],[-60.437106112248401,-18.663151739393353],[-60.436846242114463,-18.663899790949387],[-60.436572711812744,-18.664643404521119],[-60.436285605141336,-18.66538235360186],[-60.435985007758156,-18.666116414417679],[-60.435671011985335,-18.666845361477854],[-60.435343713886361,-18.667568972953365],[-60.435003212332411,-18.668287029761355],[-60.434649611898614,-18.668999311992362],[-60.434283019020917,-18.669705602470398],[-60.433903545785391,-18.670405686804756],[-60.433511307127119,-18.67109935064261],[-60.433106423618113,-18.671786383319709],[-60.433004466364252,-18.671955063699365],[-60.432985827131581,-18.671985748045262],[-60.432885557946925,-18.67305673202263],[-60.432828651233855,-18.673624075694931],[-60.432737602102307,-18.674407272703217],[-60.432632224935347,-18.675188835766662],[-60.432512550608848,-18.675968526851687],[-60.432378615685906,-18.676746107999673],[-60.432283256161341,-18.677253758942399],[-60.4313445971747,-18.682091144200903],[-60.431291796626134,-18.682358726703146],[-60.431129454573785,-18.68313137658653],[-60.430952985818564,-18.683901208278861],[-60.430762443953888,-18.684667986753553],[-60.430557887287414,-18.685431478852198],[-60.430339377920909,-18.686191451465952],[-60.430106981709862,-18.686947674244262],[-60.429860770226504,-18.687699915106506],[-60.429600817822568,-18.688447946523343],[-60.429327203619586,-18.68919153922262],[-60.429040011441067,-18.689930466703903],[-60.428956807702164,-18.690133586835646],[-60.428763785600275,-18.692947154695496],[-60.428759210237118,-18.693013113618857],[-60.428696857760258,-18.693798856216993],[-60.428620125176245,-18.694583441456555],[-60.428529033894179,-18.695366631182139],[-60.42842361197166,-18.696148186423542],[-60.428303890297798,-18.696927869149402],[-60.428178850689861,-18.697656063280974],[-60.427232559819657,-18.702897590649133],[-60.427223614780473,-18.702946968648529],[-60.42707539800368,-18.703722191258958],[-60.426913004023653,-18.704494831149255],[-60.42673648077443,-18.705264652317528],[-60.426545884708048,-18.706031419779347],[-60.426341271306214,-18.706794900340562],[-60.426122703621701,-18.707554861811616],[-60.425890247568397,-18.708311071136883],[-60.425643974682103,-18.709063299851003],[-60.425383959387545,-18.709811316816982],[-60.425110280784388,-18.710554895475351],[-60.424823021768063,-18.711293809316846],[-60.424522270925294,-18.712027831908557],[-60.424208117741799,-18.712756740440504],[-60.423880659276321,-18.713480313108295],[-60.423539994475576,-18.714198329034982],[-60.423186227950872,-18.714910569226362],[-60.42281946618823,-18.715616816518832],[-60.422534383411424,-18.716145267159213],[-60.417040499857251,-18.726165623555442],[-60.417077100678029,-18.72691333960168],[-60.417101205022291,-18.727700981805491],[-60.417110878996482,-18.728488904358688],[-60.417106117493901,-18.729276868763407],[-60.417086923044842,-18.730064633011644],[-60.41705330003478,-18.730851957826857],[-60.417005260431928,-18.731638604034064],[-60.416942816219908,-18.732424331552131],[-60.416865988847185,-18.733208901330553],[-60.416774799778374,-18.733992073412885],[-60.416669277086747,-18.734773609737026],[-60.416549451691424,-18.735553272277148],[-60.416415362096117,-18.736330823109256],[-60.416267047728041,-18.737106026125353],[-60.416104552784027,-18.73787864347446],[-60.415927928029824,-18.738648441908897],[-60.415737226171998,-18.739415185495979],[-60.415532505566389,-18.740178641087702],[-60.415313828350591,-18.740938576488958],[-60.415081261419289,-18.741694758664877],[-60.414834874446704,-18.742446959132117],[-60.414574742839818,-18.743194946775109],[-60.414300945733288,-18.743938495043139],[-60.414013566058451,-18.744677377435941],[-60.413735341098466,-18.745356114682505],[-60.413695638683762,-18.745586290611296],[-60.413547297507584,-18.74636148829368],[-60.4133847769494,-18.747134100945452],[-60.413208124967319,-18.74790389347557],[-60.413017395210105,-18.748670630869064],[-60.412812646041971,-18.749434079979778],[-60.412593939622901,-18.750194007711663],[-60.412361342815188,-18.75095018374045],[-60.41211492535696,-18.751702375973426],[-60.411854762609494,-18.752450356908707],[-60.411580933758088,-18.753193897289201],[-60.411293521743666,-18.753932770617013],[-60.410992614210535,-18.754666753166674],[-60.410678303575693,-18.75539561947102],[-60.410350683141282,-18.75611914858867],[-60.410009855707621,-18.756837118805375],[-60.409655922117182,-18.757549312893559],[-60.409288991763248,-18.75825551283981],[-60.408909175886528,-18.758955504267412],[-60.40851658952608,-18.759649072851282],[-60.408111353359857,-18.760336007955793],[-60.40769358995513,-18.761016099873846],[-60.407263426584301,-18.761689141672068],[-60.406820994304908,-18.762354927372222],[-60.406366426956659,-18.763013255549485],[-60.405899864087829,-18.763663923954997],[-60.405421448015204,-18.764306735796545],[-60.404931323907078,-18.764941494321548],[-60.40442963974192,-18.7655680055258],[-60.403916550071912,-18.766186080011849],[-60.403392211353136,-18.766795528409283],[-60.402856781890236,-18.767396164986135],[-60.402449855349545,-18.767836820284781],[-60.40204177570137,-18.768475234391996],[-60.401599302309862,-18.769141002644165],[-60.401144695571901,-18.769799313032909],[-60.400678092204693,-18.770449963275219],[-60.400199635485187,-18.771092756597522],[-60.399709469660124,-18.771727495336822],[-60.399207745522375,-18.772353988242607],[-60.399023787468494,-18.772575563129401],[-60.399013823207518,-18.772610166419444],[-60.398781122980431,-18.773366311940261],[-60.398534601711852,-18.774118474303034],[-60.398274333901973,-18.774866422390463],[-60.398000398726573,-18.77560992966362],[-60.397712880106639,-18.776348769647669],[-60.39741186386491,-18.777082715892455],[-60.397097442410008,-18.777811545650017],[-60.396769711934688,-18.778535037126513],[-60.396428771468024,-18.779252969469265],[-60.396074725705397,-18.779965123709196],[-60.395850899375965,-18.780395745600998],[-60.395665870470509,-18.780996905551394],[-60.395419320262008,-18.781749060224826],[-60.395159023024263,-18.782497000330284],[-60.394885057942005,-18.783240499331203],[-60.394597507997375,-18.783979330741996],[-60.394296461865963,-18.784713268154707],[-60.393982009122141,-18.785442088784372],[-60.393654246915958,-18.786165570853111],[-60.393313274286101,-18.786883493511034],[-60.392959195951761,-18.78759563688914],[-60.392592118451468,-18.788301786560872],[-60.392212154074045,-18.789001724566628],[-60.391819417848183,-18.789695240208459],[-60.3914140305532,-18.790382119255622],[-60.390996114760533,-18.791062154726063],[-60.390565796854965,-18.791735138787285],[-60.390123209822896,-18.792400866407799],[-60.389668487592729,-18.793059133471843],[-60.389201767808942,-18.793709741333736],[-60.388723193839752,-18.794352489621659],[-60.388369615476307,-18.794812534503048],[-60.386193898847239,-18.797606127333015],[-60.386057188588971,-18.797780775840167],[-60.385555328628307,-18.79840721404295],[-60.385042061306599,-18.799025214226464],[-60.384517543134272,-18.799634587042707],[-60.383981935314338,-18.800235146822207],[-60.383435398068087,-18.800826710591561],[-60.382878101077253,-18.801409097316959],[-60.382310212052083,-18.801982131356247],[-60.381731903451119,-18.802545637134944],[-60.381143353387344,-18.803099441868397],[-60.381033885033723,-18.803200340627512],[-60.380059780581249,-18.804095287488217],[-60.378447266611168,-18.805576732953067],[-60.377344709873931,-18.8073046596955],[-60.377102015023603,-18.807680846878352],[-60.376659329062647,-18.808346529980554],[-60.376204507560075,-18.809004751590813],[-60.375737688190547,-18.809655313076963],[-60.375259013404872,-18.810298014067978],[-60.374768630304196,-18.81093266057956],[-60.374266686945788,-18.811559058640995],[-60.373753336107399,-18.812177016154457],[-60.373228734283046,-18.812786346493098],[-60.372693041767356,-18.813386863084169],[-60.372146421651259,-18.813978383007274],[-60.371589039836095,-18.814560726091422],[-60.371481744400583,-18.814668969201115],[-60.37144290628688,-18.81472736497345],[-60.370988044690797,-18.815385568856396],[-60.370521186989414,-18.816036112282912],[-60.370042472801437,-18.816678794847352],[-60.369552050188105,-18.817313422584313],[-60.369050066270631,-18.817939801515383],[-60.368536676683156,-18.818557739588652],[-60.368506660183719,-18.818593190350263],[-60.36715883101256,-18.820183399920886],[-60.365466019315832,-18.822180566241446],[-60.364971372815802,-18.822754415211868],[-60.364435617722869,-18.82335490002491],[-60.363888934958553,-18.823946387666471],[-60.363331491391449,-18.824528697988828],[-60.362763454804323,-18.825101653567213],[-60.362185000545033,-18.825665078891195],[-60.361596303885165,-18.826218803868649],[-60.360997544845198,-18.826762658476092],[-60.360388904331465,-18.827296477219313],[-60.35977056985304,-18.827820097408381],[-60.359142727922574,-18.828333359953142],[-60.358505570721306,-18.828836107651764],[-60.358262259102645,-18.829023436920391],[-60.356003236588734,-18.830750951958443],[-60.35548008887335,-18.83129988098392],[-60.35512690382803,-18.831666389947003],[-60.354558815456819,-18.832239313736192],[-60.353980309550877,-18.832802706818736],[-60.353391561397501,-18.833356399112272],[-60.353135326103811,-18.833589559774651],[-60.352796916954368,-18.834079073402638],[-60.352329932908248,-18.834729554209478],[-60.351851093097736,-18.835372174767191],[-60.351360544716727,-18.836006738407701],[-60.350858435872937,-18.836633051185242],[-60.350344919352445,-18.83725092373593],[-60.349904606072492,-18.837763571240753],[-60.348964781371919,-18.838841543769579],[-60.348878169043836,-18.838988159334317],[-60.348459947178547,-18.839668060542895],[-60.348029323943109,-18.840340907340618],[-60.347586429587501,-18.841006493794481],[-60.347131399039668,-18.841664618552908],[-60.346664370094317,-18.84231507940185],[-60.346185485210015,-18.8429576796117],[-60.345694891608716,-18.843592221617836],[-60.345192737369374,-18.844218514189084],[-60.344734326323994,-18.844770014828047],[-60.344551541537335,-18.845172982303783],[-60.344210219258578,-18.845890770911428],[-60.343855788147252,-18.846602776439116],[-60.343488356744245,-18.847308784528224],[-60.343108036499139,-18.848008577248546],[-60.342714943510458,-18.848701943056223],[-60.342521252479131,-18.849033267706851],[-60.339448808027861,-18.854237157734456],[-60.339236738218716,-18.854592556092438],[-60.338909801988514,-18.855123925646193],[-60.33858475786257,-18.856137041860457],[-60.338367855400975,-18.856795054511473],[-60.338107155571421,-18.857542864406721],[-60.337832784131116,-18.858286228473368],[-60.337544824185564,-18.859024920266155],[-60.337243363587767,-18.859758713405849],[-60.336928494881498,-18.860487385190662],[-60.336600312499293,-18.861210713847175],[-60.33625891655587,-18.861928478584865],[-60.335904410937523,-18.862640460471813],[-60.335536904250482,-18.863346442448407],[-60.335254621839518,-18.863868562820901],[-60.332581222478488,-18.868735129230902],[-60.331821875216285,-18.87025166809088],[-60.330860188390389,-18.872839979404709],[-60.330671388003061,-18.873338773652236],[-60.330476445759352,-18.873835422399722],[-60.330275388505754,-18.874329857120852],[-60.330068243933162,-18.874822009594332],[-60.329855040573293,-18.875311811913232],[-60.329328667356926,-18.876501263490681],[-60.329254812057279,-18.876762201376682],[-60.329081373726162,-18.877358667077672],[-60.328848165068891,-18.878114661544167],[-60.328601128499322,-18.878866666828884],[-60.328340339623118,-18.879614451875053],[-60.328065877773611,-18.880357790192395],[-60.327777826083583,-18.881096455343258],[-60.327476273382494,-18.88183022097008],[-60.327409109738852,-18.881988667697634],[-60.327245446730437,-18.882372669835309],[-60.325184815100855,-18.887207219523034],[-60.32494405968221,-18.887761450212547],[-60.323167926367994,-18.891774343908637],[-60.323161036227098,-18.891789903455809],[-60.322832718599933,-18.892513189874084],[-60.322491185660851,-18.893230912063178],[-60.322136542300591,-18.893942850214771],[-60.321768895270708,-18.894648787255122],[-60.32138835602926,-18.895348508886162],[-60.320995042680899,-18.896041800904602],[-60.320589073280296,-18.896728452717603],[-60.320170570617741,-18.897408254702821],[-60.319985103852403,-18.897701058353057],[-60.318894421781899,-18.899408269457894],[-60.318913402227018,-18.899591491349149],[-60.318980239097115,-18.900376827135108],[-60.319032664226441,-18.901163153114805],[-60.319070663186679,-18.90195023068021],[-60.319094224423978,-18.902737819455485],[-60.31910333921612,-18.903525680005327],[-60.319098006458532,-18.90431357119499],[-60.31909557731511,-18.904451979114558],[-60.319025855154983,-18.908090075707591],[-60.319008501244369,-18.908739349986565],[-60.318974276084589,-18.909526584173459],[-60.318925618672104,-18.910313129417652],[-60.318862544954257,-18.911098746623743],[-60.318801352810702,-18.911729906365974],[-60.318785068205777,-18.911883245415904],[-60.318693221124946,-18.912666288508518],[-60.318587028360291,-18.913447686586895],[-60.318466521032121,-18.914227201665451],[-60.31833173595556,-18.915004595837935],[-60.318282967374131,-18.91526677946192],[-60.316343612190003,-18.925515790192936],[-60.316368306076434,-18.925806027359528],[-60.316420711511192,-18.926592351647841],[-60.316458687643454,-18.927379427031557],[-60.316482223874658,-18.92816701314915],[-60.316491311489692,-18.928954870566052],[-60.316485949392245,-18.929742758148567],[-60.316466136458281,-18.930530436565217],[-60.316431881051706,-18.931317666618551],[-60.316383191566942,-18.932104207302334],[-60.316320083960882,-18.93288981952248],[-60.316242576104443,-18.933674263306496],[-60.316150692482864,-18.934457300580416],[-60.316044460444751,-18.935238692405719],[-60.315942213949114,-18.935899853917022],[-60.315924942511572,-18.936586282976712],[-60.315890679464779,-18.937373512007067],[-60.315841981829649,-18.93816005156194],[-60.315778865579951,-18.938945661644844],[-60.315701348545751,-18.939730104992012],[-60.315609455258453,-18.940513140821498],[-60.31550321305501,-18.94129453109802],[-60.315382654019047,-18.942074037851956],[-60.315247814032432,-18.942851423165752],[-60.315098735592905,-18.943626451020837],[-60.314935462165153,-18.944398884506771],[-60.314851284909352,-18.944772045512053],[-60.314803052511245,-18.944981540071524],[-60.314953571968857,-18.945530297148583],[-60.315148667632336,-18.946296018338327],[-60.315329690465362,-18.947064862190818],[-60.315496585175715,-18.947836594955483],[-60.31564930027821,-18.948610982030566],[-60.315787789058263,-18.949387787074052],[-60.315912010506537,-18.950166772920188],[-60.316021924532038,-18.950947704219146],[-60.3161174987194,-18.951730340310917],[-60.316121751301601,-18.951768179229045],[-60.31648455621729,-18.955009327855695],[-60.316561510435875,-18.955755594630439],[-60.31662832176373,-18.956540928431082],[-60.316680718374954,-18.957327252569733],[-60.316718683046879,-18.958114325689824],[-60.316742204192174,-18.958901910124901],[-60.316751275960257,-18.959689765579327],[-60.316745893464621,-18.960477650865087],[-60.316726059367149,-18.961265327609105],[-60.316691778286518,-18.962052553851453],[-60.316643062376045,-18.962839091349995],[-60.31657992476871,-18.96362470006768],[-60.316502384292782,-18.964409140046758],[-60.316410465443276,-18.965192173214422],[-60.31630419557905,-18.965973560633358],[-60.31618360584298,-18.966753064321047],[-60.316048734972178,-18.967530446402105],[-60.315899622627413,-18.968305470817626],[-60.315736313232016,-18.96907790067198],[-60.315558857826808,-18.96984750096868],[-60.315367309354613,-18.970614036736215],[-60.315161726427419,-18.971377274888642],[-60.314942171457545,-18.972136982392751],[-60.314708711563597,-18.972892928990042],[-60.314461416745033,-18.973644882655645],[-60.314200362627993,-18.97439261595904],[-60.313925628669033,-18.97513589971717],[-60.313637298082824,-18.975874507508639],[-60.313335458791471,-18.976608215687293],[-60.313302196415158,-18.976685087689816],[-60.313540022746196,-18.977159024691353],[-60.313679547552276,-18.977439542471359],[-60.314024649673556,-18.978155781347283],[-60.314356562879937,-18.978877640040846],[-60.314675184234723,-18.979604898591564],[-60.314980418387727,-18.980337337146349],[-60.315272171953872,-18.981074731362806],[-60.315550355324724,-18.981816857853378],[-60.315814882755447,-18.982563488768772],[-60.316065676059736,-18.983314398172197],[-60.316302656156097,-18.984069356498846],[-60.316525751536638,-18.984828135193666],[-60.316734893609123,-18.985590501225694],[-60.316930019428661,-18.986356224351667],[-60.317111068966589,-18.987125069852329],[-60.317277986922058,-18.987896803976739],[-60.317430721802232,-18.988671192122791],[-60.317569226886043,-18.989447997948258],[-60.317693461159081,-18.990226984287268],[-60.317803384525384,-18.991007915789893],[-60.317898964552157,-18.991790552698887],[-60.317980171623724,-18.992574657100473],[-60.318046981832303,-18.993359990257229],[-60.318099372233164,-18.994146312539208],[-60.318137328408262,-18.994933385339774],[-60.318160838815793,-18.995720968284598],[-60.318169894761503,-18.9965088210372],[-60.318164495115298,-18.997296705173511],[-60.318144638806011,-18.99808437865498],[-60.318110334196476,-18.998871603188491],[-60.318061589694508,-18.999658137769394],[-60.317998421287953,-19.000443742402744],[-60.317935828484295,-19.001076692404002],[-60.317992895789907,-19.001180410752003],[-60.318364121448596,-19.001884753053311],[-60.318722369775855,-19.002595150801326],[-60.319067532090159,-19.003311386667509],[-60.319399503500691,-19.004033243375698],[-60.319718181052586,-19.004760500966189],[-60.320023469422061,-19.005492936878209],[-60.320315275149376,-19.006230330381143],[-60.320593508667834,-19.00697245447699],[-60.32085808417353,-19.007719084025332],[-60.321108922531025,-19.008469992173382],[-60.321345946528062,-19.009224950287152],[-60.321569083737423,-19.009983727089914],[-60.321778266445172,-19.010746093176049],[-60.321973429853799,-19.011511814663983],[-60.322154514828568,-19.012280659556964],[-60.322321466057609,-19.013052394104239],[-60.322474232080992,-19.013826780995711],[-60.322612766124493,-19.014603586597641],[-60.322737027164784,-19.015382573744319],[-60.322846975140557,-19.016163504377609],[-60.322942577568007,-19.016946141448702],[-60.323023804838755,-19.017730246141049],[-60.323090633038753,-19.018515579717203],[-60.323143039217065,-19.019301902547209],[-60.323181008950826,-19.020088976024308],[-60.323204530693815,-19.020876559773992],[-60.323213595733307,-19.02166441436248],[-60.323208202979842,-19.022452298657026],[-60.323205844163475,-19.022586421794404],[-60.323159405521686,-19.025011514479949],[-60.323141911902589,-19.025665065816259],[-60.323107607439596,-19.026452291385691],[-60.323058860640714,-19.027238827100405],[-60.322995687479846,-19.028024433867877],[-60.322918105845957,-19.02880887171721],[-60.322826140246221,-19.029591902576293],[-60.322719818052725,-19.030373287508507],[-60.322599171372275,-19.031152788545786],[-60.322464236112012,-19.031930167772249],[-60.322315054798409,-19.032705189171107],[-60.322151670925514,-19.03347761583381],[-60.321974135556559,-19.0342472127648],[-60.321782501657651,-19.035013744993471],[-60.321576828815473,-19.035776979448663],[-60.321357177570682,-19.036536683070615],[-60.321123615070611,-19.037292625601918],[-60.320876213243181,-19.038044575046321],[-60.320615046797286,-19.038792303960687],[-60.320340195223054,-19.03953558316319],[-60.320051741770172,-19.040274186233567],[-60.319749775361345,-19.041007888637996],[-60.319434385845987,-19.041736467660339],[-60.319105670703372,-19.042459698887665],[-60.318763729216784,-19.043177364252575],[-60.318408666401169,-19.043889243963587],[-60.318109790707204,-19.04446241086443],[-60.318073511784036,-19.046351960332842],[-60.318055984029478,-19.047005491768637],[-60.318021637649551,-19.047792711297433],[-60.317972847170175,-19.048579240350556],[-60.317909628578406,-19.049364839837562],[-60.317831999776743,-19.050149269789646],[-60.317739985286522,-19.050932292137038],[-60.317633612494419,-19.051713667945631],[-60.317512913522435,-19.05249315925003],[-60.317377924293311,-19.053270528137283],[-60.317228687349868,-19.054045538593666],[-60.317065247152122,-19.054817953727625],[-60.316887651947013,-19.055587537602861],[-60.316695958472302,-19.05635405801592],[-60.316490222578985,-19.057117279135944],[-60.316270507659929,-19.057876968851183],[-60.316036879932234,-19.058632896894611],[-60.315789411343694,-19.059384831274347],[-60.315528176623253,-19.06013254455166],[-60.315253255281647,-19.060875807549376],[-60.314964730589679,-19.061614393852096],[-60.314662691491733,-19.062348078931024],[-60.314347227858804,-19.063076640075064],[-60.314018437193049,-19.063799852876709],[-60.313676418800306,-19.064517499273997],[-60.313321277719062,-19.06522935948119],[-60.312953120850068,-19.065935216447269],[-60.312572060754327,-19.066634855911509],[-60.312178212848494,-19.0673280636538],[-60.31177169819523,-19.068014629147314],[-60.311352639749202,-19.068694342795034],[-60.310921164226926,-19.069366997763169],[-60.310477404984496,-19.07003238821714],[-60.31002149626255,-19.070690312849873],[-60.309553576122269,-19.071340569506809],[-60.309073788242337,-19.071982961533148],[-60.308582277273715,-19.072617291385399],[-60.308079194419918,-19.073243367936708],[-60.307564691856811,-19.073860999171821],[-60.307038926472394,-19.074469995853683],[-60.306858195589975,-19.074672040806835],[-60.306833469601628,-19.075070005215085],[-60.306770171952657,-19.075855591196152],[-60.306692462968115,-19.076640006515461],[-60.306600364345357,-19.077423013065989],[-60.306493906344578,-19.078204371959885],[-60.306373120163911,-19.07898384522294],[-60.306238042701821,-19.079761194961264],[-60.306088713679706,-19.080536185125418],[-60.305925180433483,-19.081308578871347],[-60.305747491238122,-19.082078140269083],[-60.305555700011617,-19.082844637080346],[-60.305349865482754,-19.083607833522805],[-60.305242181983672,-19.083979979074112],[-60.305381794910595,-19.084687980332042],[-60.305520262582021,-19.085464790952177],[-60.305644449109778,-19.086243780978513],[-60.30575431730194,-19.08702471239334],[-60.305849834698499,-19.087807348147738],[-60.305930969817126,-19.088591449397622],[-60.3059976987713,-19.089376777406677],[-60.306050000537368,-19.090163092573938],[-60.306087860723885,-19.090950156295111],[-60.306111264968848,-19.091737728156914],[-60.306120208391803,-19.0925255687843],[-60.306114686142337,-19.093313436993427],[-60.30609470093848,-19.094101093513739],[-60.306060257398848,-19.094888299099097],[-60.306011367769592,-19.09567481280585],[-60.305973900252724,-19.096139636619071],[-60.306000380870202,-19.096327857034336],[-60.306095897897499,-19.097110492743155],[-60.306177032780283,-19.097894593880788],[-60.306243760682392,-19.098679921697055],[-60.306296061530006,-19.099466236605036],[-60.306333918083332,-19.100253299958744],[-60.306357319779444,-19.10104087140062],[-60.306366257940411,-19.101828711500243],[-60.306360730565835,-19.102616579115534],[-60.306340739425636,-19.103404234962252],[-60.30630629008968,-19.104191439808371],[-60.306257391957217,-19.10497795266874],[-60.306194061047812,-19.105763534457836],[-60.306116315297125,-19.106547945211894],[-60.306024179261755,-19.107330946867005],[-60.305917680364587,-19.108112300495062],[-60.305796850765368,-19.108891768137291],[-60.305661726425754,-19.109669111887616],[-60.305512349929664,-19.110444095739965],[-60.305348764828977,-19.11121648279665],[-60.305171022262705,-19.111986037171313],[-60.304979176164721,-19.11275252662778],[-60.304773283381159,-19.11351571535802],[-60.304553407352302,-19.114275371260042],[-60.30431961434352,-19.11503126407678],[-60.304071976352901,-19.115783161826926],[-60.303810568160166,-19.116530837082568],[-60.303535469328601,-19.117274060677868],[-60.303246763182493,-19.118012606209067],[-60.302944538721349,-19.118746249159649],[-60.302628885871506,-19.119474766830834],[-60.302299902193106,-19.120197934828251],[-60.301957687049942,-19.12091553510318],[-60.301602345540459,-19.121627347883731],[-60.301233984625817,-19.122333156132893],[-60.300852715979126,-19.123032745590596],[-60.300458657929241,-19.123725902093366],[-60.300051928753909,-19.124412415088006],[-60.29990468314147,-19.124651105483267],[-60.299877892409981,-19.12475038832417],[-60.299657972887474,-19.125510033874566],[-60.29942413566566,-19.126265914064792],[-60.299176452697495,-19.12701780052808],[-60.298914998834846,-19.127765462229117],[-60.298639853610943,-19.128508672714137],[-60.298351101313813,-19.129247205597196],[-60.298070364495345,-19.12992856531632],[-60.298030846032987,-19.130322203015087],[-60.297995194810561,-19.130663590763803],[-60.297902992180354,-19.131446580185628],[-60.29779642384721,-19.132227920688795],[-60.297675523891037,-19.133007374346313],[-60.297540328294687,-19.13378470325619],[-60.297390877764251,-19.134559671388921],[-60.297227216838273,-19.135332040962606],[-60.297049396634783,-19.136101578804155],[-60.296857470219877,-19.136868049057565],[-60.296651496304406,-19.137631219559143],[-60.296431537447596,-19.138390855490403],[-60.296197660874761,-19.139146727516898],[-60.295949936710144,-19.139898603635665],[-60.295688440723815,-19.140646255536371],[-60.295413252476379,-19.141389455865447],[-60.295124455319069,-19.142127978225997],[-60.2948221373587,-19.142861596289304],[-60.29450639139889,-19.143590087405883],[-60.294177312134906,-19.144313229855339],[-60.293834999953283,-19.145030802902628],[-60.293479559017527,-19.145742587672753],[-60.293111098218304,-19.146448367165036],[-60.292834045814843,-19.146959523128814],[-60.291511405203821,-19.149362002103071],[-60.291407085376591,-19.149550404033281],[-60.29101291248719,-19.150243525900454],[-60.290606067050511,-19.15093000341934],[-60.290186672121379,-19.151609627019099],[-60.289754857367491,-19.152282189934688],[-60.289310753399711,-19.152947486317469],[-60.288854495512744,-19.153605314902293],[-60.2883862218739,-19.154255473563328],[-60.287906075319761,-19.154897765661264],[-60.287414203444875,-19.155531994627133],[-60.286910754757706,-19.156157966614543],[-60.286395882450975,-19.156775492361398],[-60.285869743525559,-19.15738438266235],[-60.285332498746257,-19.157984451077223],[-60.284784311647527,-19.158575516625191],[-60.284225349572061,-19.159157398382693],[-60.28365578076189,-19.159729919052356],[-60.28307578102276,-19.160292904158673],[-60.282485526139311,-19.160846181033122],[-60.281885196565661,-19.161389582495424],[-60.281274973699453,-19.161922942283901],[-60.280655045537181,-19.162446097848022],[-60.28015046317914,-19.162857167894781],[-60.279798559037488,-19.163220537354473],[-60.279442093722601,-19.163579870216847],[-60.279081118487987,-19.163935114793574],[-60.278715685236826,-19.16428621998427],[-60.278345846514611,-19.164633135283768],[-60.27799490348206,-19.16513900678796],[-60.277526552180731,-19.165789127723336],[-60.27704632782018,-19.166431381360187],[-60.276554378018787,-19.167065571141265],[-60.276050851308874,-19.167691503231961],[-60.275577121288968,-19.168259560059891],[-60.275413281374874,-19.168487591589447],[-60.27453912644205,-19.169684917964737],[-60.27447083855531,-19.169778199940239],[-60.273990590702134,-19.170420441543889],[-60.273498615411661,-19.171054619956578],[-60.272995064073726,-19.171680541389389],[-60.27248008900682,-19.172298013873483],[-60.27195384814879,-19.1729068509417],[-60.271416500395958,-19.173506866141707],[-60.270868210293912,-19.174097876717795],[-60.270309144252039,-19.174679702651645],[-60.269739473393798,-19.175252166705],[-60.269159370721511,-19.175815093474586],[-60.268569012956718,-19.176368313031517],[-60.267968579679582,-19.176911655490922],[-60.267358255154406,-19.177444955554016],[-60.266738223609146,-19.177968050632039],[-60.266108674920709,-19.178480781834015],[-60.265469800844564,-19.178982992104842],[-60.264821795919872,-19.179474528947843],[-60.264164857514302,-19.17995524171657],[-60.263499186714043,-19.180424985240169],[-60.262824984598282,-19.180883615253077],[-60.262142457864755,-19.1813309929939],[-60.261451815103946,-19.18176698063521],[-60.260753264809274,-19.182191446671542],[-60.260047022117,-19.182604260602659],[-60.259333300165778,-19.183005298222106],[-60.25861231875173,-19.183394435426138],[-60.258285841299617,-19.183563552473952],[-60.258021905135614,-19.184027327561594],[-60.257614829680456,-19.184713702435054],[-60.257195205926926,-19.185393221026629],[-60.256763160762937,-19.186065676560716],[-60.25631882581979,-19.186730863235109],[-60.255862335512369,-19.18738857980355],[-60.255393830929179,-19.188038624216578],[-60.25491345212712,-19.188680799826713],[-60.254421347722264,-19.189314910114746],[-60.253917666294107,-19.189940761269906],[-60.2534025611061,-19.190558164066562],[-60.252876189230662,-19.191166929336653],[-60.252338711504201,-19.191766870677952],[-60.251790291531975,-19.192357807148049],[-60.251231095778117,-19.192939557848351],[-60.25066129540587,-19.193511945563483],[-60.25017426961,-19.193984382634323],[-60.25016806994271,-19.19399527374603],[-60.249760934977772,-19.194681623415228],[-60.249341250461285,-19.195361116201322],[-60.248909144249801,-19.196033545350744],[-60.248464747993346,-19.196698705069235],[-60.248008196125284,-19.197356394118597],[-60.247539628803061,-19.198006410443522],[-60.247059188952626,-19.198648557447701],[-60.246567022358704,-19.199282638577827],[-60.246063277619726,-19.199908460031903],[-60.245548109918488,-19.20052583262181],[-60.245021676346582,-19.201134567188618],[-60.244484135844239,-19.201734478213545],[-60.243935653016031,-19.202325382972546],[-60.243376394345404,-19.202907100576549],[-60.242806530984765,-19.203479455625374],[-60.242226235995481,-19.204042272748733],[-60.241635686202848,-19.204595379343139],[-60.241035061200883,-19.205138608265774],[-60.240424545327883,-19.205671793349815],[-60.23980432287015,-19.206194772041087],[-60.239174583763223,-19.20670738548413],[-60.238535519821077,-19.207209476659617],[-60.237887325641012,-19.207700893106995],[-60.237230199583898,-19.208181485133498],[-60.236564339973363,-19.208651105756939],[-60.235889950781626,-19.209109611694547],[-60.235207238779005,-19.209556863320184],[-60.234516409717529,-19.209992725509711],[-60.23381767599313,-19.210417064145062],[-60.233111248983292,-19.210829749610472],[-60.233097401269326,-19.210837678399052],[-60.23239729771921,-19.211230684158338],[-60.231676134180631,-19.211619690941756],[-60.230947932058008,-19.211996678610767],[-60.23021291105124,-19.212361533038148],[-60.2294712956026,-19.212714141074752],[-60.229028349957531,-19.212917476301175],[-60.227310891459233,-19.213695472392132],[-60.227005852787023,-19.213832389712284],[-60.226251724716548,-19.214160181170694],[-60.225491686604784,-19.214475415830307],[-60.224725970218437,-19.214777998728746],[-60.223954809199817,-19.215067836741838],[-60.223178439005707,-19.215344842194519],[-60.222397096017758,-19.215608929235696],[-60.222257252526028,-19.215654662121093],[-60.218087721300925,-19.217011241489189],[-60.217964707826312,-19.217268656731385],[-60.217608763400094,-19.217980229404809],[-60.217239796306728,-19.218685791056455],[-60.216857918418633,-19.219385126597452],[-60.216463248206495,-19.220078024649816],[-60.216055904194334,-19.220764271126761],[-60.215636009543381,-19.22144365923457],[-60.215203694089794,-19.222115981377428],[-60.214759088582269,-19.222781032681684],[-60.214302328513661,-19.223438609248426],[-60.213833552144443,-19.224088512638062],[-60.213352902525131,-19.224730542678071],[-60.212860527359318,-19.225364505587088],[-60.212356575309236,-19.225990207598628],[-60.211841199766504,-19.22660745682445],[-60.211314557840815,-19.227216066850701],[-60.210776810451613,-19.227815851322397],[-60.210228121316639,-19.228406627539499],[-60.209668657917703,-19.22898821556899],[-60.209098588664801,-19.2295604372989],[-60.20851808948737,-19.230123120150516],[-60.207927336338571,-19.230676090643982],[-60.207326509824689,-19.231219181692175],[-60.206715791480264,-19.231752228029663],[-60.206095369484984,-19.232275065397012],[-60.205465430984994,-19.232787534938353],[-60.205110069376161,-19.233068764691215],[-60.203492333100201,-19.234336385670531],[-60.202640326505147,-19.235115748367527],[-60.20213296063335,-19.23557306194402],[-60.201522210789463,-19.236106085663483],[-60.200901755519396,-19.236628901021671],[-60.200271784830093,-19.237141349212951],[-60.19963249060681,-19.237643273268258],[-60.198984067517372,-19.23813452077782],[-60.198656864633747,-19.238375823388878],[-60.196497451634016,-19.239954011663823],[-60.196167294939329,-19.240193124738987],[-60.195501198266115,-19.240662563431059],[-60.194826572735629,-19.241120885669325],[-60.194143625190861,-19.241567951883862],[-60.193452564306398,-19.242003627050078],[-60.192753598748865,-19.242427777049159],[-60.192046943767942,-19.2428402723807],[-60.191332812642997,-19.243240988031783],[-60.190611424316359,-19.243629801788277],[-60.18988299861067,-19.244006595967434],[-60.189147758190948,-19.244371253836594],[-60.18840592467064,-19.2447236649706],[-60.187657727195422,-19.245063723578316],[-60.186903392065823,-19.245391323828578],[-60.186143149282032,-19.245706366271179],[-60.185377230673467,-19.246008756002407],[-60.184605869944868,-19.246298399957247],[-60.183829302614434,-19.246575210519989],[-60.183047765124776,-19.246839101899067],[-60.182261494750186,-19.247089995543067],[-60.181470732555375,-19.247327813866104],[-60.180675719516678,-19.24755248470267],[-60.179876696552498,-19.247763939502228],[-60.179073909259628,-19.247962114305263],[-60.178267600340597,-19.248146947820835],[-60.17745801717578,-19.248318383349009],[-60.176730712525838,-19.248459785440822],[-60.176648449592498,-19.248565637378682],[-60.176144290798611,-19.24919121083872],[-60.175628709207082,-19.249808331096236],[-60.175101862987141,-19.250416809083553],[-60.174563911205126,-19.251016459359089],[-60.174015018591874,-19.251607099278178],[-60.173455351741097,-19.252188548934548],[-60.172885081976133,-19.252760630301857],[-60.172304382436849,-19.253323170800392],[-60.171855006614045,-19.253743555021057],[-60.171936133847936,-19.25400256337246],[-60.172158736258403,-19.254761459447405],[-60.172367361158187,-19.255523930383045],[-60.172561943916669,-19.256289742264514],[-60.172742425571805,-19.257058663067003],[-60.172908751006901,-19.257830458113212],[-60.173060868904621,-19.258604892781165],[-60.173198732728395,-19.259381730713649],[-60.173322301642585,-19.260160735638149],[-60.173431535791309,-19.260941669488084],[-60.173526402905445,-19.26172429521365],[-60.173606873597258,-19.262508374000266],[-60.173672924180998,-19.263293667118141],[-60.17372453193645,-19.264079934945968],[-60.173761682682049,-19.264866938893988],[-60.173784365118706,-19.265654438607754],[-60.173792570783824,-19.266442194676181],[-60.173786298850381,-19.267229965997064],[-60.173765548461454,-19.268017513270099],[-60.173730328266373,-19.268804597338722],[-60.17368064694714,-19.269590977237801],[-60.173616520760646,-19.270376413921834],[-60.173537968833173,-19.271160667483628],[-60.173511863006937,-19.271380520192228],[-60.17356313112591,-19.272161654144785],[-60.173600277473341,-19.272948657649707],[-60.173622954799058,-19.27373615681681],[-60.173631154641789,-19.274523912235136],[-60.173624876176319,-19.275311682802737],[-60.173622654481555,-19.275431384229666],[-60.173606859366465,-19.276275575329073],[-60.173912854481863,-19.277008236800057],[-60.174204288689971,-19.277745820890392],[-60.174482123736766,-19.278488122230112],[-60.174746276785022,-19.279234915667644],[-60.174996666005626,-19.279985972452433],[-60.175233215268698,-19.280741063918846],[-60.175455852242784,-19.281499961456895],[-60.175664509423122,-19.282262432013457],[-60.175859122106921,-19.283028245284228],[-60.176039631369221,-19.28379716653642],[-60.176205981118578,-19.284568961980636],[-60.1763346658743,-19.285218948208673],[-60.176720015987556,-19.287247047158058],[-60.176743472416227,-19.28737149597351],[-60.176881359963552,-19.288148334263145],[-60.17700494815692,-19.288927339486371],[-60.177114200935982,-19.289708273635387],[-60.177209083174283,-19.290490899616248],[-60.177289566429664,-19.29127497862908],[-60.177355626061768,-19.292060271929373],[-60.177407242198449,-19.292846539940001],[-60.177444397803896,-19.293633544027021],[-60.177467081577248,-19.294421043836053],[-60.177475287906503,-19.295208800000104],[-60.177475221696781,-19.295217147878859],[-60.204886184291311,-19.302403071178453],[-60.232300075247245,-19.309585165155546],[-60.259716889318319,-19.316763424696195],[-60.287136621252735,-19.323937844689532],[-60.314559265793115,-19.331108420027718],[-60.341984817676561,-19.338275145606008],[-60.369413271634564,-19.345438016322682],[-60.396844622393083,-19.352597027079156],[-60.42427886467253,-19.359752172779888],[-60.451715993187733,-19.366903448332486],[-60.479156002648004,-19.374050848647645],[-60.506598887757079,-19.381194368639171],[-60.53404464321315,-19.388334003224031],[-60.561493263708883,-19.395469747322309],[-60.588944743931393,-19.402601595857259],[-60.61639907856221,-19.409729543755287],[-60.634525033916923,-19.412720056409761],[-60.652651858484042,-19.415708826867569],[-60.670779550446809,-19.418695854187348],[-60.688908107987778,-19.421681137428514],[-60.707037529288712,-19.424664675651208],[-60.725167812530643,-19.427646467916301],[-60.743298955893842,-19.4306265132854],[-60.761430957557835,-19.433604810820871],[-60.779563815701415,-19.436581359585794],[-60.797697528502603,-19.439556158644017],[-60.81583209413872,-19.442529207060122],[-60.833967510786302,-19.445500503899421],[-60.852103776621135,-19.448470048227989],[-60.870240889818312,-19.451437839112625],[-60.888378848552158,-19.454403875620901],[-60.906517650996236,-19.457368156821119],[-60.924657295323385,-19.460330681782324],[-60.942797779705735,-19.463291449574321],[-60.960939102314633,-19.466250459267645],[-60.979081261320722,-19.46920770993361],[-60.997224254893872,-19.472163200644264],[-61.015368081203277,-19.475116930472407],[-61.033512738417322,-19.478068898491593],[-61.051658224703715,-19.481019103776124],[-61.06980453822942,-19.483967545401068],[-61.087951677160653,-19.486914222442238],[-61.106099639662915,-19.489859133976218],[-61.124248423900951,-19.492802279080323],[-61.142398028038805,-19.495743656832644],[-61.160548450239794,-19.498683266312025],[-61.178699688666491,-19.501621106598073],[-61.196851741480742,-19.504557176771165],[-61.230571611870964,-19.509480374944832],[-61.264294058694439,-19.514397440199751],[-61.298019069932074,-19.51930836721122],[-61.331746633556882,-19.524213150663815],[-61.365476737534017,-19.52911178525147],[-61.399209369820696,-19.534004265677385],[-61.432944518366348,-19.538890586654155],[-61.466682171112559,-19.5437707429037],[-61.500422315993099,-19.548644729157346],[-61.534164940933948,-19.553512540155797],[-61.567910033853359,-19.558374170649163],[-61.601657582661801,-19.563229615396999],[-61.635407575262029,-19.568078869168282],[-61.669159999549116,-19.572921926741458],[-61.702914843410447,-19.577758782904464],[-61.736672094725748,-19.582589432454711],[-61.737365122901721,-19.582693485752074],[-61.738184561699555,-19.582829357289913],[-61.739001376188838,-19.582978759917268],[-61.739815317160136,-19.583141646760136],[-61.74062613636746,-19.583317969148354],[-61.741433587509469,-19.583507673008132],[-61.742237425261884,-19.583710700662337],[-61.743037403377578,-19.583926989913575],[-61.743833279438739,-19.584156475884413],[-61.74462481201779,-19.584399088286734],[-61.745411758756568,-19.584654753215474],[-61.746193880179128,-19.584923393174993],[-61.746970939698635,-19.585204926175521],[-61.747742698850573,-19.585499265699877],[-61.748508923944549,-19.585806323460204],[-61.749269380372404,-19.586126005744202],[-61.750023838313723,-19.586458215261622],[-61.750772067976072,-19.586802850207636],[-61.751513839580973,-19.587159806069714],[-61.752248929097384,-19.587528973860099],[-61.75297711250078,-19.58791024278657],[-61.753698167721453,-19.588303494844499],[-61.754411875548932,-19.588708611147865],[-61.755118017752999,-19.589125468301873],[-61.75581638088287,-19.589553940236161],[-61.756506750568157,-19.589993895454693],[-61.757188918170947,-19.590445199792175],[-61.757862675065994,-19.590907716374396],[-61.758527815500393,-19.591381305637899],[-61.759184138534913,-19.591865820825369],[-61.759831443208022,-19.592361116987703],[-61.760469532418313,-19.592867041975154],[-61.761098211929607,-19.593383441851483],[-61.761717290377945,-19.593910159990507],[-61.762326578331859,-19.594447035262235],[-61.762925892085121,-19.594993904769474],[-61.763515046997114,-19.595550601994841],[-61.76409386511272,-19.596116957756479],[-61.764662169455981,-19.596692798361687],[-61.765219787809109,-19.597277950150332],[-61.765766547987091,-19.597872234041116],[-61.766302285437042,-19.598475469197641],[-61.766826836571596,-19.599087472079106],[-61.767340041636047,-19.599708055556135],[-61.767841743727381,-19.600337032518269],[-61.768331789789208,-19.600974210459157],[-61.768810030591034,-19.601619394187122],[-61.769276321654431,-19.602272389445371],[-61.769730519494509,-19.602932995657838],[-61.769985899621844,-19.603318995861272],[-61.770375388351155,-19.603713607454385],[-61.770933050152486,-19.60429874263583],[-61.77147985548698,-19.60489301116359],[-61.772015636935095,-19.605496231282938],[-61.772540231849511,-19.606108219464176],[-61.773053480455339,-19.606728789486002],[-61.773555225850139,-19.607357752435359],[-61.774045314964276,-19.607994915810263],[-61.774523598533619,-19.608640087133693],[-61.774989932087429,-19.609293069442472],[-61.775444172120935,-19.609953663068083],[-61.775886179888744,-19.610621668373103],[-61.776315821445962,-19.611296880329984],[-61.776732965693796,-19.611979094832474],[-61.777137486327305,-19.612668103287515],[-61.777529257994786,-19.61336369620307],[-61.777908162032098,-19.614065661420039],[-61.778274084549082,-19.614773785002587],[-61.778626911649141,-19.61548785301266],[-61.778966536144274,-19.616207646134246],[-61.779292855607579,-19.61693294508127],[-61.779605769513111,-19.617663530578092],[-61.779717581524856,-19.617933802153114],[-61.789213138526122,-19.64110184715744],[-61.79871125421446,-19.664269477237692],[-61.808211934071615,-19.687436690412891],[-61.817715183583623,-19.710603484701171],[-61.827221008240819,-19.733769858119775],[-61.836729413537881,-19.75693580868505],[-61.84624040497377,-19.780101334412429],[-61.855753988051823,-19.803266433316434],[-61.865270168279693,-19.826431103410709],[-61.874788951169371,-19.849595342707968],[-61.884310342237249,-19.872759149220016],[-61.893834347004024,-19.895922520957747],[-61.90336097099479,-19.919085455931132],[-61.912890219739047,-19.942247952149255],[-61.922422098770646,-19.965410007620243],[-61.931956613627847,-19.988571620351312],[-61.940230357368364,-20.008676676342773],[-61.948506093782619,-20.028781396314603],[-61.956783826499269,-20.048885778963115],[-61.965063559149499,-20.068989822984115],[-61.97642151158243,-20.084808247668004],[-61.987781702587519,-20.100626013078617],[-61.999144134937609,-20.116443117320792],[-62.010508811406659,-20.132259558498781],[-62.021875734769779,-20.148075334716257],[-62.03324490780318,-20.163890444076294],[-62.04461633328426,-20.179704884681392],[-62.055990013991504,-20.195518654633453],[-62.056021116350387,-20.195561428790306],[-62.056110627893901,-20.195684971825848],[-62.062045814168563,-20.203905304067636],[-62.081973704817173,-20.204006434980482],[-62.101901719311499,-20.204105306561459],[-62.121829854941616,-20.204201918752783],[-62.141758108997529,-20.204296271497942],[-62.161686478769077,-20.204388364741725],[-62.181614961546089,-20.204478198430245],[-62.201543554618247,-20.204565772510879],[-62.221472255275188,-20.204651086932344],[-62.241401060806446,-20.204734141644639],[-62.261329968501478,-20.204814936599046],[-62.281258975649656,-20.204893471748186],[-62.301188079540296,-20.204969747045951],[-62.321117277462612,-20.205043762447545],[-62.341046566705792,-20.20511551790948],[-62.360975944558881,-20.205185013389539],[-62.380905408310923,-20.20525224884685],[-62.382189826692802,-20.055395082721898],[-62.363480696875122,-20.055340102138334],[-62.344771640568929,-20.055283142023296],[-62.344740850347023,-20.055283036949991],[-62.343906439112708,-20.055273061507702],[-62.343072338769439,-20.055249322997614],[-62.342238804830082,-20.055211827801596],[-62.341406091823941,-20.055160588627942],[-62.340574451402738,-20.055095619986144],[-62.339744139015359,-20.055016942729857],[-62.338915407228605,-20.054924580417463],[-62.33808850858825,-20.054818561129981],[-62.337263695618724,-20.054698917470983],[-62.33644121891777,-20.05456568475222],[-62.335621330962162,-20.054418905525878],[-62.334804279440398,-20.054258623234212],[-62.333990314883174,-20.054084886756186],[-62.333179683973277,-20.053897749478701],[-62.332372636242695,-20.053697268418016],[-62.331569415466355,-20.053483504187351],[-62.33077026826011,-20.053256522836381],[-62.329975437398431,-20.053016393115136],[-62.329185164675174,-20.052763188291856],[-62.328399690903261,-20.052496986153002],[-62.32761925688213,-20.052217866295862],[-62.326844099553476,-20.051925914632065],[-62.326074454881201,-20.05162122068749],[-62.32531055785487,-20.051303876698537],[-62.32455264152194,-20.050973980319181],[-62.323800937002773,-20.050631631006517],[-62.323055672518905,-20.050276933631284],[-62.322317076273023,-20.049909995777959],[-62.321585372612311,-20.049530930440817],[-62.320860784912377,-20.049139852420321],[-62.320143534609315,-20.048736881030106],[-62.319433838338654,-20.048322138278735],[-62.318731914613046,-20.047895752509625],[-62.318037975243662,-20.047457852042491],[-62.317352232962186,-20.047008571528067],[-62.316674897619542,-20.046548046511429],[-62.316006173293694,-20.046076418842514],[-62.315346265962397,-20.045593831283771],[-62.31469537487807,-20.045100431994904],[-62.314053699280478,-20.044596370040498],[-62.31342143455629,-20.044081798989481],[-62.31279877319129,-20.043556877822304],[-62.312185904797772,-20.043021764605587],[-62.311583017047241,-20.042476621917213],[-62.310990291837712,-20.041921618638607],[-62.310407911070101,-20.041356920940789],[-62.309836051824178,-20.040782702205323],[-62.309274888290432,-20.040199138513501],[-62.308724590825982,-20.039606405931739],[-62.308185327843184,-20.039004685940466],[-62.307657262956916,-20.038394161808306],[-62.307140557849259,-20.037775019506864],[-62.306635368441029,-20.037147448599129],[-62.306141849688402,-20.036511638643638],[-62.305660150778472,-20.035867784597222],[-62.305190419926006,-20.03521608321924],[-62.304732798644658,-20.034556731241654],[-62.304287426499975,-20.033889931712917],[-62.303854440189127,-20.033215885861622],[-62.303433970640953,-20.032534800314025],[-62.303026145904319,-20.031846882586994],[-62.302631090184207,-20.03115234289146],[-62.302248922901832,-20.030451390514127],[-62.301879761527168,-20.029744241960952],[-62.301523717798617,-20.029031111002443],[-62.30118089960758,-20.02831221500622],[-62.300851412918661,-20.027587773137288],[-62.300535356033642,-20.026858006335335],[-62.300232825327967,-20.026123137337102],[-62.299943913342972,-20.025383389765341],[-62.29966870783003,-20.024638988124828],[-62.299407292694809,-20.023890160516814],[-62.299159747057587,-20.02313713502086],[-62.298926146209574,-20.022380139698512],[-62.298706561593036,-20.021619407111121],[-62.298501058921751,-20.020855167083511],[-62.29830970101721,-20.020087653944056],[-62.29813254592095,-20.019317101095371],[-62.297969647842805,-20.018543742825322],[-62.297821056201258,-20.017767815206728],[-62.297686814671728,-20.016989555189955],[-62.297566965974973,-20.016209198814629],[-62.297461545173235,-20.015426983893782],[-62.297370584454718,-20.014643149129306],[-62.29729411026986,-20.013857933196835],[-62.297232148111625,-20.013071574764748],[-62.297184714859931,-20.01228431427101],[-62.297151824529855,-20.011496391235038],[-62.297133488264016,-20.010708046065005],[-62.297129524038517,-20.009967533810666],[-62.297474306894266,-19.905598765577331],[-62.297914296526969,-19.771174017356078],[-62.298349710356817,-19.636747243110229],[-62.298349892231755,-19.636699224615498],[-62.29835121342041,-19.636500896057168],[-62.298655179066671,-19.602618998044758],[-62.272348308154491,-19.602285201813793],[-62.27195508981805,-19.602278646201675],[-62.27112337095744,-19.602254641882531],[-62.270292220822313,-19.602216880645038],[-62.26946189320816,-19.602165375279203],[-62.268632640947658,-19.602100140383019],[-62.267804717796828,-19.602021196888341],[-62.266978375590462,-19.601928568434769],[-62.266153866140826,-19.601822283184429],[-62.265331441241344,-19.601702372918528],[-62.264511351700477,-19.601568875744235],[-62.263693846408401,-19.601421831572445],[-62.262879175189113,-19.60126128393685],[-62.262067586872448,-19.601087284504153],[-62.261259328381506,-19.60089988403379],[-62.260454645648714,-19.600699140514379],[-62.259653785543314,-19.600485114653463],[-62.25885699013751,-19.600257872564669],[-62.258064504346734,-19.600017483088187],[-62.257276568293008,-19.599764019566489],[-62.256493422076417,-19.599497558960287],[-62.2557153057665,-19.599218183655616],[-62.254942455608777,-19.598925976929934],[-62.254175106855975,-19.598621029289205],[-62.253413493792671,-19.59830343304596],[-62.25265784876499,-19.597973285929839],[-62.25190840219701,-19.597630687472869],[-62.251165381620453,-19.597275742619942],[-62.250429014547386,-19.596908559029742],[-62.249699524643681,-19.596529249769532],[-62.248977134605894,-19.596137929712459],[-62.248262065199341,-19.595734717340783],[-62.247554532384875,-19.595319737444562],[-62.24685475401828,-19.594893115727707],[-62.246162941256223,-19.594454981482837],[-62.245479307129138,-19.594005469434265],[-62.244804057980581,-19.593544715183807],[-62.244137400116557,-19.593072860660435],[-62.243479537923449,-19.592590048690177],[-62.242830670037357,-19.59209642659474],[-62.242190995064789,-19.591592146215149],[-62.241560707794115,-19.591077358473935],[-62.240940000102434,-19.590552223318866],[-62.240329061010584,-19.590016897975637],[-62.239728077585688,-19.589471547795252],[-62.239137231165593,-19.58891633810515],[-62.238556703058237,-19.588351438751364],[-62.237986669791503,-19.58777702046368],[-62.237427304994583,-19.587193260285339],[-62.23687877847852,-19.586600334339821],[-62.236341258113555,-19.585998424164156],[-62.235814906985667,-19.585387713082209],[-62.235299886252832,-19.584768387120139],[-62.234796351326999,-19.584140635893906],[-62.234304456658521,-19.58350464901466],[-62.233824350943465,-19.582860621490266],[-62.233356181907737,-19.582208750130814],[-62.232900090595592,-19.581549231716931],[-62.232456217059983,-19.580882269349377],[-62.232024694681002,-19.58020806429197],[-62.231605656805399,-19.579526823228782],[-62.231199230094532,-19.578838753717488],[-62.230805538329463,-19.578144066012864],[-62.230424700521539,-19.577442969443794],[-62.230056833734118,-19.576735680558212],[-62.22970204932075,-19.576022412263061],[-62.229360455733953,-19.575303384679955],[-62.229032155716936,-19.574578814289374],[-62.22871725007429,-19.57384892298299],[-62.22841583388022,-19.573113933529321],[-62.228127999338859,-19.572374069585663],[-62.227853834831244,-19.571629555694077],[-62.227593422042538,-19.570880619979889],[-62.227346840746272,-19.570127490557436],[-62.22711416594457,-19.569370395517847],[-62.22689546784688,-19.568609567447059],[-62.226690813811416,-19.567845236204825],[-62.226500265450937,-19.567077636141555],[-62.226323880565644,-19.566307000684549],[-62.226161713134687,-19.565533564145248],[-62.226013812359,-19.564757562618649],[-62.225880221712522,-19.563979233075656],[-62.225760983721997,-19.563198810672535],[-62.225656133259662,-19.56241653595125],[-62.225565702357478,-19.561632644920032],[-62.225489718262089,-19.560847377177755],[-62.225428203456644,-19.560060971395878],[-62.225381177554787,-19.559273668037399],[-62.22534865350076,-19.558485706629614],[-62.225330642327563,-19.557697327591853],[-62.225327147450471,-19.556908769500044],[-62.225327392222944,-19.556862696196493],[-62.225855113788334,-19.466446794524945],[-62.22638033506081,-19.376029978501066],[-62.226903062998218,-19.285612251700627],[-62.227423304513785,-19.195193617708281],[-62.227433987531207,-19.194451164666898],[-62.227459392857916,-19.193662938680045],[-62.227499273722742,-19.192875253436426],[-62.227553616434157,-19.19208834924293],[-62.227622405399615,-19.191302466395143],[-62.22770561837865,-19.190517843350055],[-62.227803230275072,-19.189734719453021],[-62.227915211243456,-19.188953333122559],[-62.228041527640549,-19.188173921854368],[-62.228182139159593,-19.187396724920323],[-62.228337004566768,-19.186621977066967],[-62.228506075014302,-19.185849914813119],[-62.228689299759942,-19.185080773763048],[-62.22888662236705,-19.184314787686791],[-62.229097982602944,-19.183552189431971],[-62.229323315479604,-19.182793212727116],[-62.229562553181289,-19.182038086767836],[-62.229815622178087,-19.181287043434185],[-62.230082445161784,-19.180540310069393],[-62.230362941020942,-19.179798114902066],[-62.230657023911178,-19.179060682523822],[-62.230964603230035,-19.178328239311533],[-62.231285586499929,-19.177601007113573],[-62.231619875538883,-19.176879208656128],[-62.231967367436923,-19.176163062125212],[-62.232327958339596,-19.175452785701065],[-62.23270153583978,-19.174748597526399],[-62.233087986611295,-19.174050710316422],[-62.233487193530934,-19.173359336768915],[-62.233899035686861,-19.172674687757219],[-62.234323385529947,-19.171996971414508],[-62.234760114571735,-19.171326394965327],[-62.235209089597184,-19.170663161095096],[-62.235670174541724,-19.170007473380071],[-62.236043193567156,-19.169494549580239],[-62.252789916428107,-19.146799039569018],[-62.269532001026022,-19.124101793149926],[-62.286269455464563,-19.101402816200672],[-62.303002287843512,-19.078702114596549],[-62.319730506258679,-19.055999694210481],[-62.336454118801896,-19.033295560912968],[-62.353173133561114,-19.010589720572138],[-62.369887558620256,-18.987882179053731],[-62.369825700005549,-18.845648286613347],[-62.369319398128582,-18.845187567303093],[-62.368730670151869,-18.844632799841644],[-62.368152205135011,-18.844068333018249],[-62.367584178979328,-18.843494337427053],[-62.367026764710005,-18.84291098907504],[-62.366480131537145,-18.842318466667514],[-62.365944446764381,-18.84171694890329],[-62.365419872920967,-18.841106619887089],[-62.364906569673863,-18.840487665521099],[-62.364404694773427,-18.839860274411688],[-62.36418562452338,-18.839579136338187],[-62.350431793070612,-18.821782428594535],[-62.336680827990499,-18.803984760229373],[-62.32293272528436,-18.786186134361991],[-62.309187480955075,-18.768386554110684],[-62.309145147061173,-18.768331638336868],[-62.296938577492583,-18.752470621771451],[-62.284734263951265,-18.736608856959684],[-62.27253220361758,-18.720746346091889],[-62.260332393672812,-18.704883091357772],[-62.248134831299232,-18.689019094946435],[-62.235939513680073,-18.673154359046372],[-62.223746437999488,-18.657288885845471],[-62.211555601442626,-18.641422677531018],[-62.199367001195561,-18.625555736289691],[-62.187180634445333,-18.609688064307555],[-62.174996498379961,-18.593819663770084],[-62.16281459018839,-18.577950536862147],[-62.150634907060549,-18.562080685767999],[-62.138457446187303,-18.546210112671304],[-62.126282204760479,-18.530338819755123],[-62.114109179972864,-18.514466809201902],[-62.086893973295425,-18.53335155670246],[-62.059672874897053,-18.552232087171923],[-62.059459535034748,-18.552379163964495],[-62.058783892146288,-18.552833756441398],[-62.058100030301247,-18.553277029693497],[-62.057408158767437,-18.553708850027281],[-62.056708486815019,-18.554129084655244],[-62.056001229371624,-18.554537607146578],[-62.055286600424445,-18.554934291068314],[-62.054564818670386,-18.555319016339691],[-62.053836103745731,-18.555691665598548],[-62.053100678110972,-18.55605212601834],[-62.052358766118147,-18.556400286592417],[-62.051610592095699,-18.556736041739338],[-62.050856386043264,-18.557059289524226],[-62.050096377956372,-18.557369929822819],[-62.049330797796394,-18.557667869743813],[-62.048559880257699,-18.557953018230588],[-62.047783859072446,-18.558225287840077],[-62.047002972695438,-18.558484594771503],[-62.046217457656219,-18.558730861544067],[-62.045427553321495,-18.558964012502468],[-62.04463350187978,-18.559183976528107],[-62.043835543603571,-18.559390687015171],[-62.043033923491812,-18.559584080096883],[-62.042228884621913,-18.559764097323033],[-62.041420672896962,-18.559930683876626],[-62.040609534203149,-18.560083788559648],[-62.039795716299281,-18.560223364706292],[-62.038979466916487,-18.560349371077052],[-62.038161035678201,-18.560461767350091],[-62.037340671221955,-18.560560520432514],[-62.036518624066922,-18.560645599956448],[-62.03569514470334,-18.560716980980466],[-62.034870484565118,-18.560774639476044],[-62.034044894093988,-18.560818559547329],[-62.033218625612037,-18.560848728023597],[-62.032391931426552,-18.560865134449603],[-62.031565061909077,-18.560867775594115],[-62.030738271221168,-18.560856648249871],[-62.029911809682687,-18.560831758231185],[-62.029085930455388,-18.560793111371467],[-62.028260885711617,-18.560740720732941],[-62.027436924764437,-18.560674602078571],[-62.026614300700075,-18.560594773906157],[-62.02579326371427,-18.560501262836208],[-62.024974063995401,-18.560394096397118],[-62.024156951698679,-18.560273307543515],[-62.023342175066205,-18.560138931935359],[-62.022529983243487,-18.559991012470984],[-62.021720624420162,-18.559829592951576],[-62.020914342961433,-18.559654722584636],[-62.020111386993086,-18.559466455119534],[-62.01931200082624,-18.559264847904583],[-62.018516426852045,-18.559049961896648],[-62.017724909321323,-18.558821863488149],[-62.016937687727072,-18.558580621761465],[-62.016155003426498,-18.55832631033072],[-62.015377094903272,-18.558059007317038],[-62.014604198730304,-18.557778792642285],[-62.013836550491106,-18.557485752552346],[-62.013074383847737,-18.557179976901004],[-62.01231793148785,-18.556861559154815],[-62.011567424187675,-18.556530594580664],[-62.010823090780391,-18.556187185667799],[-62.010085157239821,-18.555831436700512],[-62.009353849512244,-18.55546345558043],[-62.008629389715878,-18.5550833556138],[-62.007911999003959,-18.554691251911564],[-62.00720189565412,-18.554287264090366],[-62.006499296973551,-18.55387151447497],[-62.005804415488015,-18.55344413169292],[-62.0051174646633,-18.553005244378589],[-62.004438652236082,-18.552554987463868],[-62.0037681868776,-18.552093496790867],[-62.003106270582229,-18.551620914493952],[-62.002453106278885,-18.551137383617473],[-62.001808894014488,-18.550643052613989],[-62.001173828138064,-18.550138070810778],[-62.000548102959044,-18.54962259295813],[-61.999931908978503,-18.549096775594368],[-61.999325433820701,-18.548560779761829],[-61.998728863196426,-18.548014768300707],[-61.998142377102546,-18.547458907636148],[-61.997566155512018,-18.546893366904577],[-61.997000373626165,-18.546318319735771],[-61.996445203795872,-18.545733939744455],[-61.995900814542644,-18.545140405947084],[-61.995367372474504,-18.544537899157131],[-61.99484503943858,-18.543926602873526],[-61.994333975363368,-18.54330670329562],[-61.993834334463919,-18.542678390206504],[-61.993351954937403,-18.542049404280366],[-61.975995835828172,-18.519000039687779],[-61.958644287210113,-18.495949252555622],[-61.941297300581084,-18.472897049326694],[-61.923954867443378,-18.449843436441199],[-61.913295534537092,-18.443454879006701],[-61.913146209801155,-18.443365003781462],[-61.912452010299759,-18.442937306905236],[-61.911765740083268,-18.442498109355061],[-61.911087610467042,-18.442047546178092],[-61.910417826125212,-18.441585753288681],[-61.909756591684229,-18.441112872928191],[-61.909104109863492,-18.440629048232033],[-61.908460577664854,-18.440134426822475],[-61.907826192053911,-18.439629160841005],[-61.907201146206489,-18.439113401504613],[-61.906585630392975,-18.438587309051247],[-61.905979832999137,-18.438051040997617],[-61.905383936670383,-18.437504762961058],[-61.904798124990833,-18.436948640564751],[-61.904222574880329,-18.436382843912163],[-61.903657461351301,-18.435807543999516],[-61.903102958421243,-18.435222918143189],[-61.90271462142519,-18.434800978453879],[-61.888478455568446,-18.419135757470858],[-61.874244846837357,-18.403469580945693],[-61.8600137923126,-18.387802451818263],[-61.845785289075494,-18.372134373027666],[-61.831559334208009,-18.356465347512327],[-61.817335924792765,-18.340795378209879],[-61.803115057913004,-18.325124468057286],[-61.788896730652638,-18.309452619990726],[-61.774680940096211,-18.293779836945692],[-61.760467683328933,-18.278106121856922],[-61.746256957436643,-18.262431477658414],[-61.732048759505844,-18.246755907283475],[-61.717843086623702,-18.231079413664641],[-61.703639935878016,-18.215401999733757],[-61.689439304357251,-18.199723668421907],[-61.675241189150526,-18.184044422659472]]]},"properties":{"FID":0,"distance":5}}]
}