{"type":"FeatureCollection","features":[{"type":"Feature","id":0,"geometry":{"type":"Polygon","coordinates":[[[-60.89442020886656,-18.3013366291097],[-60.8945539825084,-18.301318386067635],[-61.73066243731921,-18.17553070545972],[-61.73103813016792,-18.175476353503086],[-61.93846904999998,-18.405189369999903],[-61.95699331999998,-18.416289839999877],[-62.03181964999982,-18.51568357999986],[-62.12443971999994,-18.451414049999983],[-62.347396219999894,-18.74160982999996],[-62.40240246999991,-18.81279158999996],[-62.41726179999989,-18.812903389999974],[-62.417397739999956,-19.00211325999993],[-62.27498078999997,-19.195433869999817],[-62.27298985999988,-19.55710702999994],[-62.36121101999993,-19.558210439999982],[-62.361335339999926,-19.59336292999984],[-62.35109398999998,-19.594495709999933],[-62.34640830999996,-19.594055229999924],[-62.346036839999954,-19.636878859999968],[-62.34492812999997,-20.01010267999993],[-62.430375719999915,-20.01034609999988],[-62.42840991999998,-20.24816162999997],[-62.428389859999925,-20.25058387999991],[-62.03655030999988,-20.248950049999905],[-61.917515479999906,-20.08324155999992],[-61.7322049105461,-19.633678949182922],[-61.72316148062805,-19.632296635999808],[-61.70765401447346,-19.629940852718278],[-61.69872368715306,-19.628616459825878],[-61.68176541192349,-19.62598842418396],[-61.659828128381605,-19.622619076981096],[-61.638611168709474,-19.619443455790133],[-61.59662317499584,-19.613107415956904],[-61.539711763752564,-19.604560501598655],[-61.501336818921914,-19.59859459675829],[-61.50162174911702,-19.59847874018402],[-61.48102434409287,-19.59511187827235],[-61.44757061703473,-19.589843580245372],[-61.42352178071468,-19.586039987138406],[-61.39875386754841,-19.582178008477626],[-61.38060960734964,-19.5793311607747],[-61.36486234775742,-19.576823892115726],[-61.34585188505315,-19.57379341431846],[-61.32869134961737,-19.57120616457229],[-61.30098395961619,-19.566789193275838],[-61.29123342081226,-19.565147193610983],[-61.28256699451407,-19.5635455417912],[-61.268106673045395,-19.561366782436835],[-61.25386195026039,-19.559188974762094],[-61.24479651624813,-19.557958342799736],[-61.224800912380715,-19.554906065048044],[-61.207087154786734,-19.552184773975455],[-61.19450143871643,-19.55034532823902],[-61.169749618756725,-19.546545691081747],[-61.162405646179536,-19.54541006874541],[-61.131953428506165,-19.54066187020419],[-61.122205560468785,-19.539132487324764],[-61.10505321104358,-19.536219205377336],[-61.09008756912948,-19.533980390685315],[-61.07780880713875,-19.53193220053015],[-61.06773650605663,-19.530291851188736],[-61.065827275909726,-19.529980855220174],[-61.053924288396956,-19.528026102445608],[-61.042802147237694,-19.526128416756933],[-61.02583777639387,-19.523313730363384],[-61.015078525870194,-19.521614917330453],[-61.001270966337756,-19.51923952606444],[-60.90064453144265,-19.5036802333305],[-60.88262312371273,-19.50077688000954],[-60.86924920016634,-19.498624411797778],[-60.850122735280934,-19.49556250960677],[-60.836225797823886,-19.49329337846575],[-60.82998709211307,-19.492273474827925],[-60.81380412432014,-19.489685556829272],[-60.77560950227718,-19.483456608529536],[-60.758678258516795,-19.480755376238278],[-60.741843640636034,-19.477715359715603],[-60.735644908144366,-19.476753047301656],[-60.72194982473741,-19.474538636959892],[-60.69423164535499,-19.4700676593489],[-60.67014472232148,-19.466263095530337],[-60.667940762175704,-19.465881920587265],[-60.66438075948412,-19.465308428587264],[-60.65674459269712,-19.46408446751252],[-60.64571063679085,-19.462300356435094],[-60.63900139416785,-19.46124244850415],[-60.632888734931385,-19.46025997849364],[-60.61873177792506,-19.457959029770166],[-60.61215832266424,-19.456909185791403],[-60.606952913099065,-19.45607999084217],[-60.60416805377912,-19.455941797356104],[-60.60099848161218,-19.45593367996213],[-60.593714938577875,-19.454147036543304],[-60.5885350571001,-19.452810640139035],[-60.57907959466269,-19.450411548813236],[-60.5707783056547,-19.448255525803802],[-60.55670215034985,-19.444652442571908],[-60.55131533419461,-19.44326706871658],[-60.54167642125134,-19.440797416714986],[-60.529621001655016,-19.437663124917947],[-60.517930663493075,-19.43463410245107],[-60.51307427119633,-19.433415775918945],[-60.502695532806285,-19.4306928406171],[-60.46250841178022,-19.420383484093065],[-60.430157924927414,-19.412008232760627],[-60.39954975018651,-19.404216343301982],[-60.3898878152425,-19.4017210176778],[-60.34570268758654,-19.390302289352007],[-60.300701121749455,-19.37855100551161],[-60.27541646284942,-19.371979727696385],[-60.24702276542473,-19.364805090511368],[-60.20143968232463,-19.353371498787567],[-60.1767514309642,-19.346739726400074],[-60.142394515600756,-19.338085584030523],[-60.120396544917696,-19.332342518112114],[-60.12009764991643,-19.32699046850496],[-60.11997651999991,-19.32458013999991],[-60.118315019999955,-19.322528699999907],[-60.11665363999998,-19.32047727999992],[-60.11840525999992,-19.318084099999965],[-60.11932210999993,-19.31486725999997],[-60.11852013999993,-19.312427379999974],[-60.118994999999984,-19.31001083999996],[-60.119052379999914,-19.307182439999906],[-60.12119670999988,-19.306413219999854],[-60.1233655499999,-19.30443183999995],[-60.12510883999994,-19.302442649999932],[-60.1260091499999,-19.300033879999944],[-60.127752259999966,-19.29804464999995],[-60.12993738999995,-19.29525510999997],[-60.12955268999991,-19.293226949999962],[-60.12744955999989,-19.29197591999997],[-60.12542825999998,-19.286684199999854],[-60.1254691499999,-19.28466390999995],[-60.12593568999995,-19.282651329999965],[-60.12555101999993,-19.280623249999906],[-60.12473275999997,-19.278991389999817],[-60.126025719999916,-19.278206589999968],[-60.126099369999906,-19.27456997999991],[-60.12444648999991,-19.272114419999866],[-60.12626317999997,-19.26648855999997],[-60.124201159999984,-19.26321707999989],[-60.122106619999954,-19.261561849999907],[-60.11916918999998,-19.259486969999898],[-60.11631401999995,-19.25337122999997],[-60.11724697999995,-19.249346089999904],[-60.11813067999998,-19.247745359999897],[-60.118171679999875,-19.245724919999873],[-60.11863810999995,-19.243712339999888],[-60.12165719999996,-19.241746429999864],[-60.12169812999997,-19.23972595999993],[-60.1217391699999,-19.237705599999913],[-60.12304816999995,-19.236112609999907],[-60.12141210999994,-19.232848729999944],[-60.124480019999964,-19.228458289999878],[-60.12579716999994,-19.226461199999903],[-60.12880774999991,-19.224899219999827],[-60.132660819999955,-19.2237568299999],[-60.135245919999875,-19.22218706999996],[-60.1386653699999,-19.22144088999994],[-60.14830878999999,-19.20746785999995],[-60.151736079999864,-19.20631738999998],[-60.15387100999993,-19.20595187999993],[-60.15517953999995,-19.204358679999928],[-60.157314439999936,-19.20399311999995],[-60.16028377999993,-19.204451239999912],[-60.16158422999996,-19.203261979999922],[-60.16497085999998,-19.20413180999998],[-60.16752293999991,-19.20417795999998],[-60.16968210999994,-19.202600049999887],[-60.17184927999995,-19.200618019999922],[-60.17487521999993,-19.198247139999978],[-60.17579863999987,-19.194625559999906],[-60.176288529999965,-19.191400419999866],[-60.178905079999936,-19.188213609999877],[-60.18151348999993,-19.185430849999932],[-60.18281363999995,-19.184241509999936],[-60.184547109999926,-19.18265576999994],[-60.185060999999905,-19.178218169999923],[-60.18807840999989,-19.176251279999974],[-60.19190596999988,-19.176320029999886],[-60.19445777999988,-19.176365939999982],[-60.194923279999955,-19.174353009999948],[-60.19665652999993,-19.172767119999946],[-60.19833360999996,-19.174009929999897],[-60.202153199999884,-19.174482749999925],[-60.20686344999996,-19.17295005999995],[-60.208580569999924,-19.17217225999991],[-60.20906991999993,-19.168946949999963],[-60.20872469999995,-19.164898219999884],[-60.21129234999995,-19.164135639999927],[-60.213851939999984,-19.16377714999993],[-60.216435529999956,-19.1622062699999],[-60.21775921999989,-19.159804289999954],[-60.21698060999995,-19.156152039999824],[-60.21830432999997,-19.153750129999935],[-60.222163399999886,-19.152201919999925],[-60.22262053999998,-19.150593069999957],[-60.22436936999998,-19.148198609999895],[-60.225259699999924,-19.14619322999988],[-60.22698455999989,-19.14501107999996],[-60.22912660999992,-19.144240709999963],[-60.23085930999997,-19.142654489999927],[-60.23551285999997,-19.143950029999814],[-60.2363871899999,-19.14275281999994],[-60.23770256999995,-19.140754839999943],[-60.23856889999996,-19.139961639999967],[-60.23860860999997,-19.137941029999922],[-60.23991603999997,-19.13634713999994],[-60.24119958999995,-19.135965699999815],[-60.24249894999997,-19.13477591999998],[-60.243381129999875,-19.133174529999962],[-60.245097789999875,-19.13239639999989],[-60.24684616999997,-19.130001749999906],[-60.245169149999924,-19.128759199999934],[-60.24562609999998,-19.12715025999995],[-60.24772025999988,-19.128804469999977],[-60.24942900999997,-19.12843038999995],[-60.250752019999936,-19.12602825999994],[-60.25128009999992,-19.120782069999848],[-60.251311789999875,-19.11916545999992],[-60.25180029999996,-19.11593998999996],[-60.25398144999997,-19.113148639999906],[-60.25444615999993,-19.111135429999877],[-60.25364333999994,-19.108695639999894],[-60.25410802999994,-19.10668242999992],[-60.255824449999864,-19.105904239999973],[-60.257139339999924,-19.103906049999978],[-60.25887941999986,-19.10191543999997],[-60.257321109999964,-19.094610819999957],[-60.25863598999996,-19.092612609999946],[-60.257408059999875,-19.09016521999996],[-60.25620387999999,-19.086505369999884],[-60.25414958999994,-19.082830489999935],[-60.25547226999993,-19.080428149999875],[-60.257204179999974,-19.078841669999974],[-60.257235849999915,-19.07722504999998],[-60.25686602999997,-19.074388469999917],[-60.259463819999894,-19.072008669999946],[-60.25823598999989,-19.06956122999992],[-60.25741757999998,-19.067929629999924],[-60.25745699999993,-19.06590887999988],[-60.259228309999855,-19.06230150999994],[-60.26052710999994,-19.061111579999874],[-60.261416699999984,-19.05910582999985],[-60.26275486999998,-19.055895049999947],[-60.26281013999994,-19.053065929999946],[-60.263691699999924,-19.051464369999962],[-60.26456535999995,-19.050266839999836],[-60.26543911999994,-19.049069389999943],[-60.26887855999985,-19.047108479999963],[-60.27061006999992,-19.045521779999888],[-60.27064947999992,-19.043501029999845],[-60.26854806999995,-19.042251139999905],[-60.26562825999986,-19.039369549999947],[-60.26523482999988,-19.037745379999933],[-60.263605839999855,-19.034077919999902],[-60.26660430999988,-19.03291788999985],[-60.2696028499999,-19.03175781999994],[-60.27134209999991,-19.029766889999905],[-60.27096427999993,-19.027334429999883],[-60.273970529999986,-19.025770129999955],[-60.275701839999954,-19.024183369999946],[-60.275748989999954,-19.02175835999992],[-60.271530939999934,-19.020066889999953],[-60.26946132999984,-19.017200319999915],[-60.269925599999965,-19.015186909999954],[-60.27002011999997,-19.010336819999964],[-60.27005152999993,-19.008720189999963],[-60.26885552999988,-19.004655939999907],[-60.26976831999991,-19.00143755999983],[-60.27021684999983,-19.000232499999925],[-60.27071256999989,-18.996602349999876],[-60.26989426999995,-18.994970639999963],[-60.268194759999915,-18.994940749999955],[-60.266046629999835,-18.996115809999935],[-60.26390638999993,-18.996886699999948],[-60.26178977999996,-18.996444969999914],[-60.26011383999992,-18.99520242999995],[-60.25974415999997,-18.992365659999905],[-60.26064131999988,-18.98995560999998],[-60.26068074999995,-18.98793467999991],[-60.25860371999994,-18.98547207999991],[-60.25866691999994,-18.982238659999894],[-60.25957185999994,-18.979424369999833],[-60.25921807999998,-18.97577917999996],[-60.26099634999997,-18.97176739999992],[-60.26274300999995,-18.96937223999987],[-60.264505449999945,-18.966168799999878],[-60.26285346999987,-18.963713619999965],[-60.262475989999984,-18.96128098999992],[-60.26378980999988,-18.95928257999998],[-60.265481189999946,-18.959716779999894],[-60.26714894999998,-18.96136346999998],[-60.269304519999935,-18.959784219999904],[-60.268942679999896,-18.956543129999943],[-60.26726712999994,-18.95530058999998],[-60.26688167999998,-18.953272199999958],[-60.266087219999974,-18.95042780999995],[-60.26572543999998,-18.947186819999956],[-60.266244749999885,-18.94234396999991],[-60.267582069999946,-18.93913281999994],[-60.26851035999994,-18.9351058499999],[-60.26770802999988,-18.9326656099999],[-60.26905320999998,-18.92905029999997],[-60.26826668999985,-18.925801699999965],[-60.268777969999974,-18.921362949999946],[-60.26923421999999,-18.91975365999997],[-60.27160162999991,-18.907260679999922],[-60.271672399999886,-18.90362278999993],[-60.27090163999998,-18.8995657399999],[-60.271404989999894,-18.895531099999857],[-60.27190829999995,-18.89149646999988],[-60.272427329999914,-18.88665335999991],[-60.274636999999984,-18.882244449999973],[-60.276398379999875,-18.87904053999995],[-60.279465039999934,-18.87424227999992],[-60.281241929999965,-18.870229909999864],[-60.28346696999995,-18.865012369999818],[-60.28437882999998,-18.86179349999992],[-60.28615553999998,-18.857781049999858],[-60.287947889999884,-18.852960179999968],[-60.29015677999996,-18.84855087999989],[-60.293238229999986,-18.842943779999928],[-60.29414202999993,-18.840129059999924],[-60.29549383999995,-18.836109029999932],[-60.29811911999991,-18.83211132999992],[-60.30119223999998,-18.826908259999925],[-60.30211922999996,-18.822880739999903],[-60.30559324999996,-18.818897709999874],[-60.30776249999997,-18.816509389999965],[-60.30908269999986,-18.814106189999904],[-60.31169184999993,-18.810916709999958],[-60.313428669999894,-18.808925089999946],[-60.315180949999956,-18.806124939999904],[-60.31778994999996,-18.802935439999885],[-60.320375559999945,-18.800958539999897],[-60.323408839999956,-18.797776219999946],[-60.32857971999994,-18.793822289999923],[-60.331620529999896,-18.790235619999976],[-60.33250031999995,-18.78863335999995],[-60.333403339999904,-18.785818309999968],[-60.33683738999997,-18.783855969999877],[-60.339900929999885,-18.779056329999946],[-60.34122052999993,-18.77665288999998],[-60.34380546999995,-18.774675669999965],[-60.34812653999995,-18.77070645999993],[-60.350302399999975,-18.767913329999885],[-60.351243489999945,-18.763076919999946],[-60.353419269999904,-18.760283709999953],[-60.353966549999825,-18.75382284999995],[-60.3557407699999,-18.749809449999816],[-60.35878040999995,-18.746222339999917],[-60.36178149999995,-18.744656409999948],[-60.36441178999996,-18.74025329999995],[-60.36700376999994,-18.73787146999996],[-60.36749699999996,-18.73424036999984],[-60.36756590999988,-18.73060193999987],[-60.36972569999989,-18.728616999999872],[-60.368120279999914,-18.72373664999992],[-60.36815850999989,-18.721715299999914],[-60.36953857999987,-18.71607727999998],[-60.37043298999998,-18.713666279999813],[-60.38054217999991,-18.69523679999986],[-60.38148976999997,-18.689995669999973],[-60.38207403999991,-18.681512959999964],[-60.38344571999983,-18.67627908999998],[-60.384763929999906,-18.673875129999942],[-60.385703759999956,-18.66903813999994],[-60.38623449999989,-18.663385309999967],[-60.3867499399999,-18.658541139999954],[-60.38982550999992,-18.652931709999905],[-60.39201463999996,-18.64932933999995],[-60.39340859999993,-18.642882269999916],[-60.39437074999995,-18.63683231999994],[-60.39534040999996,-18.630377979999878],[-60.396287289999975,-18.625136489999875],[-60.39724167999998,-18.619490689999964],[-60.399028999999985,-18.61466796999997],[-60.39911235999995,-18.61022065999998],[-60.39830223999991,-18.608184609999967],[-60.399264059999894,-18.602134399999954],[-60.39678816999998,-18.59845225999993],[-60.397288019999905,-18.59441635999997],[-60.39957492999997,-18.585557569999935],[-60.40223243999992,-18.579536229999974],[-60.40442809999996,-18.5755291399999],[-60.40538202999994,-18.569883129999937],[-60.40545768999988,-18.565839969999956],[-60.407251839999844,-18.560612569999932],[-60.40902319999992,-18.556598209999947],[-60.410817099999974,-18.551370849999955],[-60.424412619999885,-18.54998367999997],[-60.43376880999989,-18.548524149999878],[-60.44821180999986,-18.547149789999935],[-60.47199546999997,-18.545121899999856],[-60.48389443999997,-18.54370260999991],[-60.49791284999998,-18.54231779999992],[-60.5076772999999,-18.54167063999995],[-60.511930979999875,-18.540932089999842],[-60.52169528999997,-18.540284289999875],[-60.53868774999995,-18.538541349999832],[-60.54761132999994,-18.537474059999965],[-60.55312913999995,-18.537159829999894],[-60.558230409999965,-18.53643415999983],[-60.56629873999992,-18.53575662999998],[-60.57862044999996,-18.534338819999903],[-60.582011529999875,-18.534393829999942],[-60.58966306999997,-18.533304159999943],[-60.593909039999915,-18.532968309999944],[-60.60155334999996,-18.532282579999958],[-60.611324079999974,-18.531226309999965],[-60.618537129999936,-18.530937509999944],[-60.620232629999975,-18.53096466999989],[-60.628300589999924,-18.53028477999993],[-60.63636144999998,-18.530008919999943],[-60.649522899999965,-18.52900485999993],[-60.66225331999988,-18.528397639999866],[-60.670737819999886,-18.52812715999994],[-60.68262739999989,-18.527101009999967],[-60.692397366666626,-18.5260409899999],[-60.69289781999987,-18.521599799999876],[-60.69253664999991,-18.517954119999956],[-60.694746349999946,-18.512730799999872],[-60.6956497299999,-18.50950924999995],[-60.698290069999985,-18.503888179999933],[-60.700881619999905,-18.50109755999995],[-60.703063149999934,-18.49749143999992],[-60.708225059999904,-18.49312294999993],[-60.71037177999989,-18.491538639999874],[-60.72360606999996,-18.48608202999992],[-60.72700320999991,-18.485730299999886],[-60.73124799999994,-18.485391569999933],[-60.73634715999998,-18.4846616399999],[-60.740598649999924,-18.483918379999977],[-60.74316191999992,-18.482744559999844],[-60.744050589999915,-18.480331529999944],[-60.74577993999992,-18.478335879999918],[-60.74878738999996,-18.475955449999958],[-60.750940439999965,-18.473966219999966],[-60.753086589999896,-18.472381449999943],[-60.75692767999993,-18.470822599999906],[-60.760782319999976,-18.468455049999932],[-60.762928289999934,-18.46687014999992],[-60.765928569999915,-18.464893789999905],[-60.76763718999996,-18.46411101999996],[-60.77020000999994,-18.4629368599999],[-60.77359668999986,-18.46258432999997],[-60.776562869999964,-18.462629739999898],[-60.77995272999988,-18.46268148999991],[-60.784230709999974,-18.460319899999888],[-60.78677307999993,-18.460358639999924],[-60.79102387999984,-18.459614339999973],[-60.79402372999988,-18.457637679999948],[-60.797447279999915,-18.45566723999997],[-60.79873859999998,-18.454473459999974],[-60.801731539999935,-18.452900969999973],[-60.803917389999924,-18.44888943999996],[-60.80652680999992,-18.44488418999987],[-60.80787179999993,-18.44045537999989],[-60.810010389999945,-18.43927426999994],[-60.811752149999904,-18.436469319999958],[-60.81390400999999,-18.434479429999953],[-60.81732018999992,-18.432913149999877],[-60.820319389999895,-18.430935989999966],[-60.82290150999995,-18.428548029999945],[-60.82461614999988,-18.427360429999965],[-60.82719825999993,-18.424972419999847],[-60.828919519999886,-18.423380359999896],[-60.83279232999996,-18.419798289999903],[-60.83365963999995,-18.41859783999996],[-60.837068759999966,-18.417435499999897],[-60.838346299999955,-18.417050229999916],[-60.84051769999985,-18.413846879999824],[-60.84182845999993,-18.41143963999997],[-60.84231186999989,-18.407806619999917],[-60.842358309999895,-18.404975899999897],[-60.84495974999993,-18.401374469999894],[-60.84626369999984,-18.399371629999905],[-60.84842816999998,-18.39657255999998],[-60.850592449999965,-18.39377346999993],[-60.851035969999884,-18.392566689999967],[-60.89442020886656,-18.3013366291097]]]},"properties":{"FID":0,"departamen":"Santa Cruz","provincia":"Cordillera","municipio":"Charagua","Zona":"Parque Nacional Kaa Iya del Gran Chaco"}},{"type":"Feature","id":1,"geometry":{"type":"Polygon","coordinates":[[[-62.27362231525285,-19.442214949463335],[-62.27498078999997,-19.195433869999817],[-62.417397739999956,-19.00211325999993],[-62.41726179999989,-18.812903389999974],[-62.40240246999991,-18.81279158999996],[-62.347396219999894,-18.74160982999996],[-62.12443971999994,-18.451414049999983],[-62.03181964999982,-18.51568357999986],[-61.95699331999998,-18.416289839999877],[-61.93846904999998,-18.405189369999903],[-61.73103812720444,-18.175476353931913],[-61.776121451695985,-18.168141870150578],[-61.833377492062766,-18.157842074422717],[-62.39787165753302,-18.06709602615524],[-62.56093762641757,-18.048649269185034],[-62.61662141374791,-18.041479319229495],[-62.68416647673365,-18.033565254495727],[-62.748588145610256,-18.02516428218638],[-62.80840045770907,-18.01834937392681],[-62.80845036615273,-18.018343680684666],[-62.81035882878501,-18.018125920173702],[-62.810312914049746,-18.018401938066575],[-62.80900793968755,-18.023411032317824],[-62.80900608328204,-18.025132882562673],[-62.808253391200765,-18.027714916456034],[-62.807650660537035,-18.030297094143066],[-62.80764785473025,-18.032879867940608],[-62.80824515635186,-18.03531974823659],[-62.80854125239614,-18.038907228983646],[-62.80853892448965,-18.041059539077025],[-62.80808661212308,-18.04321140193582],[-62.80793365859449,-18.04593751028608],[-62.80958038000074,-18.04895237398665],[-62.80987667801054,-18.052396359592763],[-62.810624077410864,-18.05483637743407],[-62.8103207440094,-18.057935403527324],[-62.81031797338312,-18.060518169562215],[-62.81091478633056,-18.063531985311045],[-62.81091048798618,-18.067549619360932],[-62.81210801556176,-18.069990067572803],[-62.81328345603458,-18.07143858380755],[-62.815254327369246,-18.073867253330945],[-62.81795070544649,-18.077743961751423],[-62.81899837168231,-18.08018422541562],[-62.82079606297589,-18.082768666314053],[-62.82184379822104,-18.08520891421506],[-62.824241854050854,-18.08765038965936],[-62.82754102525456,-18.089231722220518],[-62.830389873801835,-18.091099576706654],[-62.833988023401275,-18.093972442627773],[-62.83698692378272,-18.095983816195314],[-62.84073648885715,-18.097565302991597],[-62.84403650128536,-18.098572406857954],[-62.84658571584748,-18.100296292860776],[-62.8482350805927,-18.101588979542726],[-62.85003353946996,-18.104029661388438],[-62.8509321197447,-18.106039173009435],[-62.85122955218446,-18.10919610987486],[-62.85212781135647,-18.111636074169496],[-62.85332644448539,-18.11378929034896],[-62.85437493095674,-18.116085871300868],[-62.85512259557902,-18.11927183674817],[-62.85451963101525,-18.122571571906178],[-62.85316608027131,-18.126157706435833],[-62.85136202533113,-18.13003045603324],[-62.85030873815151,-18.13332982573155],[-62.849406099854434,-18.13591187503846],[-62.84933533722523,-18.13654959578605],[-62.84910361441274,-18.138637877613064],[-62.84895206065147,-18.140359593552148],[-62.85030190294327,-18.141365050995375],[-62.851350754297926,-18.143374669919638],[-62.851349177535155,-18.145239989560707],[-62.85314824049357,-18.147537148861716],[-62.85376945115479,-18.150534170929177],[-62.854792880406706,-18.15514315849049],[-62.85388983458324,-18.15815568060401],[-62.85178575449072,-18.16145424646669],[-62.848066478930036,-18.1656611365201],[-62.84772919687731,-18.16604262530393],[-62.845623518942375,-18.170919461295796],[-62.84486945159915,-18.174936454042836],[-62.845167008248495,-18.177949892614834],[-62.84621541148687,-18.180648264274566],[-62.84912963120337,-18.18464517997785],[-62.850862904749704,-18.187682720655516],[-62.8531140732473,-18.18840188284173],[-62.85566538006873,-18.189264730604748],[-62.8591174318301,-18.190128207791076],[-62.861067514962315,-18.191994939624692],[-62.861816428507495,-18.194147763026365],[-62.86331531498388,-18.197162029752178],[-62.863613669692086,-18.199601494720355],[-62.864512776349216,-18.20175441247926],[-62.86781282337046,-18.20548733269851],[-62.87096329750085,-18.20864615408584],[-62.873362881054675,-18.21223488499328],[-62.87561354034693,-18.214245150965382],[-62.87771360934465,-18.216972720709123],[-62.879813939021574,-18.21941329686632],[-62.88026290359227,-18.22156585501108],[-62.88026084261787,-18.2245790413607],[-62.88131083936787,-18.226129333136953],[-62.882961350015194,-18.227852168441075],[-62.88416124019267,-18.229861688400604],[-62.88521090875679,-18.232014595166675],[-62.885509718542096,-18.234310534703468],[-62.88700953864077,-18.237037638687525],[-62.88805983641333,-18.238329619528542],[-62.88865920317119,-18.24033875789752],[-62.8882071546372,-18.24277773667086],[-62.887154515591305,-18.245072877054838],[-62.88610222189226,-18.2467940716719],[-62.88565115249355,-18.247654711864072],[-62.884448090177045,-18.2502367158354],[-62.88253147879277,-18.255242816484554],[-62.88127634003405,-18.258521014953146],[-62.88039906990144,-18.260314025222726],[-62.87889651918965,-18.2613892143857],[-62.87764362699488,-18.26336132971244],[-62.87657818426766,-18.265692268886028],[-62.875387171067246,-18.268561185765748],[-62.87469701091146,-18.271071711444108],[-62.875108244196326,-18.27357100038472],[-62.876746298572016,-18.2758756715437],[-62.877658989272106,-18.27715975656929],[-62.8785573624898,-18.2811778889062],[-62.879155672405886,-18.284765374287417],[-62.88020412593488,-18.28907055844263],[-62.88035137727576,-18.293375174525067],[-62.882151749310594,-18.296532942342765],[-62.883200538660276,-18.300551137524792],[-62.88229672836752,-18.30428116627644],[-62.88304498824044,-18.308500051545195],[-62.88439346215972,-18.313809773829462],[-62.88664443066864,-18.317541702073754],[-62.888294471003576,-18.321416735020648],[-62.890695857325284,-18.325148700766874],[-62.891745815499576,-18.327875487742517],[-62.89294551828209,-18.33146325441936],[-62.892943575134325,-18.334619890591],[-62.89246781576304,-18.337877095169574],[-62.892189150530896,-18.339784869705284],[-62.89218683739108,-18.343515437392227],[-62.89314559321889,-18.348164837055094],[-62.895695039943746,-18.356344793937865],[-62.900238465648044,-18.36215172634479],[-62.900496476662966,-18.368543426753547],[-62.90199710859616,-18.37227476265292],[-62.90398155172619,-18.374713505287616],[-62.9114586349765,-18.383901514432978],[-62.91926815848359,-18.39552709164178],[-62.922422346052144,-18.400119848468535],[-62.924975977281804,-18.403564454843604],[-62.92939333277474,-18.40746887308177],[-62.93269848488944,-18.411631063773427],[-62.93540258955181,-18.415649510503158],[-62.93705433047586,-18.420384984263137],[-62.93740677338502,-18.421507771042855],[-62.93840566878288,-18.424689895683628],[-62.9385537484967,-18.43100316244829],[-62.937498858899176,-18.43817692422482],[-62.93674466633985,-18.445063811161276],[-62.93689312134387,-18.450229210554028],[-62.937793795831396,-18.454103518060663],[-62.94110062526158,-18.456543766009418],[-62.9447089883318,-18.45668833366932],[-62.946301135142164,-18.457307884889417],[-62.94876798390567,-18.45826777275107],[-62.95117251862047,-18.462142414974494],[-62.952374015285216,-18.467021099172882],[-62.95477875296626,-18.470895692206227],[-62.960040118906704,-18.47666483441259],[-62.963197079683425,-18.480252511228855],[-62.96710609914584,-18.483553303944973],[-62.9702632093846,-18.487858268934474],[-62.9747739330781,-18.492019882247973],[-62.97808170229928,-18.496898657641168],[-62.98108905210199,-18.500199049807918],[-62.98499884039512,-18.503786430014486],[-62.99266867469544,-18.50708694761505],[-62.997631659684885,-18.509526254138507],[-63.00128412178361,-18.509625662593123],[-63.003637748410085,-18.511274635153995],[-63.008310065040575,-18.514547922295378],[-63.0090622581115,-18.518134911582365],[-63.00800960272841,-18.521865462853384],[-63.00710734220155,-18.52631340516757],[-63.00424965770753,-18.531622279846033],[-63.00319685073907,-18.537218046771216],[-63.00304655728257,-18.544392079255033],[-63.00364837822781,-18.54970084704314],[-63.00620584815306,-18.553287790759896],[-63.01312615150778,-18.55716140620251],[-63.020648585052584,-18.56146514215783],[-63.02395871910426,-18.564391747589355],[-63.042015201854724,-18.577158320740182],[-63.046258058450576,-18.579404861285298],[-63.05014107459999,-18.581460734346535],[-63.05600974645665,-18.583754760922773],[-63.06142728911044,-18.58633571069356],[-63.06835056901804,-18.591211640532322],[-63.0744312870591,-18.595370248200652],[-63.07879569262627,-18.596946749182337],[-63.08361146209171,-18.598235990845524],[-63.08948055396928,-18.59938113184046],[-63.093845513426004,-18.60153120017395],[-63.09760989267528,-18.605833671866662],[-63.100020183880304,-18.610280268223846],[-63.10092596866019,-18.61515808226335],[-63.099780893460036,-18.619376159269166],[-63.097771767212464,-18.62577720815699],[-63.09687145937863,-18.630512484445603],[-63.097176134710026,-18.636968882818053],[-63.097630856017986,-18.64256432402817],[-63.0992892532214,-18.647298258286526],[-63.101904597356,-18.649303161039143],[-63.105162200241125,-18.651800297286968],[-63.11103495325682,-18.655527363892077],[-63.113596162164356,-18.658969319731114],[-63.11661014286335,-18.66398922163023],[-63.12143226920273,-18.671160086146756],[-63.12535364526286,-18.681200987080217],[-63.12806715735866,-18.686077411766746],[-63.132437718546726,-18.691956976872802],[-63.13650699844271,-18.69726274281311],[-63.138769789312164,-18.70262715288277],[-63.139826696047464,-18.70621331211163],[-63.1567062823064,-18.72341726466709],[-63.16650099677628,-18.730295724348025],[-63.16882470278392,-18.734942304339086],[-63.16922413981882,-18.73811336855033],[-63.169583688827174,-18.740967655072666],[-63.171394357690986,-18.7444094549748],[-63.174561142522236,-18.74842388145396],[-63.17938463356438,-18.752293193747448],[-63.18214359172305,-18.75298604499477],[-63.18215198712625,-18.7733223795542],[-63.18224353046804,-18.798513818588276],[-63.182145670149055,-18.807415859566618],[-63.19255262610608,-18.813053535786594],[-63.183704365688754,-18.818014797545175],[-63.18668086373009,-18.841618403108953],[-63.18669024165655,-18.842138084973953],[-63.1864914186076,-18.84226560129224],[-63.1869197819085,-18.874517915829983],[-63.18732899658414,-18.874503738076726],[-63.18875429746424,-18.87448518587297],[-63.19298249999002,-18.874483970867857],[-63.19308865251048,-18.893925553183465],[-63.18858638195377,-18.93249317279316],[-63.18624349154169,-18.955614941887973],[-63.18572985093493,-18.960573996441383],[-63.219547393374,-18.961236470505355],[-63.21992616809928,-18.96977927824753],[-63.22127389403687,-18.996206761330257],[-63.20335777582585,-18.99103143046591],[-63.14567931973278,-18.992272879369523],[-63.13912806370962,-18.99300055017278],[-63.129898871358364,-18.992557053124642],[-63.129448234014376,-18.994010303275047],[-63.11201352483482,-18.993961104280572],[-63.11156609731643,-18.998371798803873],[-63.1124741564696,-18.999074694330545],[-63.113248024421296,-19.000161364872554],[-63.11422420274329,-19.002143200881903],[-63.11495606582861,-19.00468154409947],[-63.11266162209523,-19.015897138687194],[-63.10918916325261,-19.033227155935265],[-63.10404454822077,-19.059414834926827],[-63.10223037975652,-19.068145933726953],[-63.09911212399135,-19.083591333714992],[-63.09756960781158,-19.091329983549088],[-63.09192851789362,-19.119518346983284],[-63.056580286672954,-19.11897305733163],[-63.05664437058056,-19.120784712295915],[-63.059121114526874,-19.1571609851286],[-63.06201250054022,-19.200796690084076],[-63.06441009726592,-19.238733825785232],[-63.067550066831245,-19.28010518783873],[-63.07044302967131,-19.31694887409577],[-63.071352610168276,-19.328735695781518],[-63.07210409257647,-19.354729579983257],[-63.07295408207739,-19.38061646047902],[-63.07340727046005,-19.3968319873955],[-63.07373891638491,-19.397735498943234],[-63.07510608347235,-19.39947674892369],[-63.0755344543083,-19.40058975786559],[-63.07557635601262,-19.401663637812874],[-63.0756046437383,-19.403143508792766],[-63.07541182400843,-19.40403413768911],[-63.07455674232705,-19.405475083933993],[-63.0744189154035,-19.40590731842184],[-63.07461233989858,-19.406326320790924],[-63.07483350207889,-19.407033430138597],[-63.074723447103,-19.407832349750038],[-63.07429592497829,-19.40861830300281],[-63.073827085280186,-19.409613812747523],[-63.0736756154015,-19.410412748339354],[-63.07440035199596,-19.431466361871685],[-63.04551829184339,-19.430186736806263],[-63.02981559551404,-19.42941240335375],[-63.00362695669048,-19.42924701926779],[-63.002342370089195,-19.451828662100127],[-62.94243506920918,-19.452359823499194],[-62.81665220707987,-19.451599720329284],[-62.63992310143345,-19.4470083934757],[-62.27362231525285,-19.442214949463335]]]},"properties":{"FID":1,"departamen":"Santa Cruz","provincia":"Cordillera","municipio":"Charagua","Zona":"Zona Bajo Isoso"}},{"type":"Feature","id":2,"geometry":{"type":"Polygon","coordinates":[[[-59.50015519996259,-19.319706827005803],[-59.49964494999995,-19.002283449999936],[-59.190693139999894,-18.999765629999956],[-58.99099694122697,-19.000078308592663],[-58.98641364113604,-18.985330702678766],[-58.98641388627283,-18.98533069126364],[-58.87036736023367,-18.79682893114955],[-58.96140578721406,-18.664012511851183],[-58.961577701352724,-18.664036339178494],[-58.96173921191087,-18.66413731528172],[-58.96181540851251,-18.664298370369465],[-58.96155113146676,-18.66467876707071],[-58.96155816768726,-18.664832211119744],[-58.96168626924117,-18.66493984589772],[-58.96188087636375,-18.665042066821286],[-58.96212511611634,-18.665146147894745],[-58.962519565182106,-18.66522423217083],[-58.962798204735236,-18.665297967158722],[-58.962992813787025,-18.665400186147565],[-58.963186115863266,-18.665533995924136],[-58.96337681844648,-18.665730976922134],[-58.963401416108525,-18.665937538886226],[-58.963291226408046,-18.666090912085167],[-58.96307027980288,-18.66622498184313],[-58.96281983594753,-18.666270947150167],[-58.96262131022917,-18.66626349110396],[-58.96239231137719,-18.666191622777774],[-58.96185484228084,-18.665965800988488],[-58.96132151399985,-18.666040680246056],[-58.96109893246603,-18.66621423325222],[-58.96097528586978,-18.666399410546262],[-58.960789599849704,-18.666882806423985],[-58.960729520241216,-18.667133646306468],[-58.96073921318316,-18.66730010217401],[-58.96086568422692,-18.66744721983696],[-58.961057691928715,-18.66761261349768],[-58.96133306053292,-18.667765322447508],[-58.961595154003476,-18.66783844584154],[-58.96200876821456,-18.66785398013849],[-58.96248679505959,-18.667914247309398],[-58.96274185171859,-18.668064118680604],[-58.96291633432065,-18.668252578875695],[-58.96301037666842,-18.668382661061514],[-58.9630859118958,-18.668559494507747],[-58.963144258173315,-18.668751505803755],[-58.96319673045258,-18.66908566765119],[-58.96325702480942,-18.66923029809419],[-58.963434447307804,-18.669347685167736],[-58.96374650523177,-18.66941476880487],[-58.963960929634254,-18.669438634303788],[-58.964647532521894,-18.670065516123145],[-58.96489780544658,-18.670167346668904],[-58.96511604066757,-18.67018023499861],[-58.96530207513541,-18.67008931500112],[-58.96542520960293,-18.669939482214147],[-58.96543915851072,-18.669775768554814],[-58.965391041411465,-18.669637519814614],[-58.965329003842214,-18.669542287244155],[-58.96507665274788,-18.669232272254646],[-58.96495010031208,-18.669040077098714],[-58.96488615507684,-18.668877070272686],[-58.9649155362157,-18.66869833876399],[-58.96506996997914,-18.66856309063121],[-58.965691191912015,-18.66837155366278],[-58.96595629248861,-18.668398892442042],[-58.9662064182362,-18.668485855744393],[-58.966817195422266,-18.66880749271371],[-58.967068437710736,-18.669005984032992],[-58.967303140996876,-18.669107951400633],[-58.96760014734912,-18.669209364211554],[-58.967912574294814,-18.66929575745513],[-58.968458961943554,-18.6694097624096],[-58.96870685801497,-18.66927366195398],[-58.968876053076144,-18.6690564816779],[-58.968967429359566,-18.668847451242357],[-58.96901207719043,-18.668638831304975],[-58.968994275119314,-18.668415914693583],[-58.96894590755966,-18.668252768653076],[-58.96895939426838,-18.668044436622495],[-58.969051664812184,-18.66792462589359],[-58.96926967283531,-18.667915205180236],[-58.96939459070529,-18.667943816844286],[-58.96952039144918,-18.66806164259623],[-58.969600070794854,-18.66823938178021],[-58.96971073677412,-18.668401969931324],[-58.969851682344256,-18.668475042187026],[-58.96996071571698,-18.668474050219004],[-58.97010017096494,-18.66839842892631],[-58.97020771402538,-18.66824873256479],[-58.970206373499366,-18.668114896915483],[-58.970251623323236,-18.667965759406115],[-58.97037578916485,-18.667920013636547],[-58.97051598023421,-18.667918737638104],[-58.97067279344867,-18.66802142036471],[-58.97076759510162,-18.66815440613948],[-58.97076878737653,-18.668273365925586],[-58.970739425128954,-18.668452095904286],[-58.970756643502284,-18.668615534549758],[-58.97091326028277,-18.668698511024672],[-58.97097556990968,-18.6686979432165],[-58.97111546570113,-18.668666930565905],[-58.97130149293946,-18.668576007833906],[-58.97145726450367,-18.668574588842034],[-58.97162951010159,-18.668662251669957],[-58.97209994572842,-18.668970280313374],[-58.972320785898035,-18.669243394288515],[-58.97255772125692,-18.669568416301843],[-58.97282566770684,-18.669878285303696],[-58.97309285887809,-18.67011379801255],[-58.97337415141817,-18.670200465020287],[-58.97373242705481,-18.670197199606548],[-58.97401131822335,-18.670045941728688],[-58.97421232937057,-18.669895391459363],[-58.974335308886566,-18.669730674022446],[-58.97438024803432,-18.66955180293445],[-58.97428498629654,-18.669374215634548],[-58.97401575797363,-18.669191544729472],[-58.9739365326206,-18.66905841974301],[-58.97395047128538,-18.66889470806251],[-58.97402730745898,-18.66878989732089],[-58.974183078202316,-18.66878847720392],[-58.974436975362664,-18.6688637736911],[-58.97489072537854,-18.669060405362586],[-58.97562493316883,-18.6692619070746],[-58.97587566126259,-18.669408335964476],[-58.97617267272494,-18.669509732177517],[-58.97643703599084,-18.66946270410142],[-58.976606735397525,-18.669297560235293],[-58.97662014673443,-18.669081797388742],[-58.976555743093456,-18.668874176507813],[-58.97658555727543,-18.66874005451905],[-58.97677158204186,-18.668649125166098],[-58.97720489369419,-18.668362603364073],[-58.977280682545825,-18.668153710261947],[-58.97720093203566,-18.667968535376758],[-58.9770748169488,-18.66782096311016],[-58.976824838989955,-18.667748893079363],[-58.97641923973754,-18.66769311231178],[-58.976059476139255,-18.667547669873954],[-58.97596466917264,-18.667414688177985],[-58.975931576583605,-18.667221658207836],[-58.97603757191689,-18.66691842784462],[-58.976108977786396,-18.666831515962258],[-58.976356263465334,-18.666635925324954],[-58.9766039236776,-18.66647750869339],[-58.97705236074597,-18.666146234418363],[-58.97719090660661,-18.665981374571345],[-58.97725142108334,-18.665802358630685],[-58.977171439795086,-18.66559488752017],[-58.977044962551645,-18.665410141794553],[-58.97687197029023,-18.665248126363792],[-58.97669839152519,-18.66502664008317],[-58.97643089513508,-18.66476138716672],[-58.9762864492576,-18.66433885620512],[-58.976267432244754,-18.66399697273488],[-58.97629545345569,-18.663684404642595],[-58.976449576539494,-18.66351941398983],[-58.97672748588758,-18.6632714900702],[-58.97706837304423,-18.66308991324445],[-58.977486997423284,-18.66289275734715],[-58.97784479996386,-18.662844873245376],[-58.978405779922696,-18.66286205473159],[-58.97870203086762,-18.662889095407422],[-58.97892100216757,-18.66297631549662],[-58.979202273575936,-18.663062974902402],[-58.9796406669858,-18.663282046081804],[-58.98026798840425,-18.663700155653316],[-58.98112919245261,-18.66413843349096],[-58.98191093938351,-18.664421279346072],[-58.98259705702276,-18.66448935579018],[-58.98298646792716,-18.66448578704899],[-58.983375588876584,-18.664452474190227],[-58.98368646496874,-18.664385301466268],[-58.98391359605813,-18.6642906737614],[-58.98416222168976,-18.664228909608255],[-58.98439511569768,-18.66415242071116],[-58.98476910757506,-18.66416386002885],[-58.985222168275754,-18.664293551934747],[-58.98543994182427,-18.66426180600513],[-58.98561008605259,-18.664141274868143],[-58.98568653617207,-18.66399928692266],[-58.9856696147869,-18.663865593688683],[-58.98555877636471,-18.663688150755092],[-58.985510095174504,-18.66349526515853],[-58.98557029845358,-18.663286503687857],[-58.98570838106241,-18.6630770363721],[-58.98592504501568,-18.662936369842896],[-58.986006524784216,-18.662909604446327],[-58.986036180360315,-18.662760616365063],[-58.98597161765616,-18.662538130483995],[-58.98600096479868,-18.662359398493265],[-58.98604634219572,-18.662225135379856],[-58.986154777680895,-18.662164655996094],[-58.98626426305316,-18.66220826627648],[-58.98634289128171,-18.662281907174133],[-58.98645343062452,-18.66242960714743],[-58.98651739304131,-18.662592605550913],[-58.986567577788776,-18.662934200343727],[-58.986709115270685,-18.66306674690975],[-58.986864881301074,-18.663065316535267],[-58.987082050989386,-18.66297409149678],[-58.98719033670818,-18.662898733899624],[-58.98734458852988,-18.66274860268703],[-58.98743654211131,-18.662599040628038],[-58.987466044697385,-18.66243517635627],[-58.98740223544536,-18.662287046974427],[-58.98716504922487,-18.661939739294667],[-58.98710124892409,-18.661791609969157],[-58.98709944366101,-18.661613163159984],[-58.98716084109384,-18.66152336925967],[-58.987269575161804,-18.66149262387779],[-58.98742609213639,-18.661565546461134],[-58.987613454602126,-18.661608442312456],[-58.98776876630296,-18.661562399752142],[-58.987829871853876,-18.661442861263424],[-58.98781293846275,-18.661309178565602],[-58.987733407608744,-18.66114631518809],[-58.98771677556306,-18.661042368924655],[-58.987793459443196,-18.66092268589034],[-58.98787118618293,-18.660907102419912],[-58.987996099697284,-18.66093569230395],[-58.98823252394999,-18.66120865295227],[-58.988297086211674,-18.661431129239872],[-58.98836314398807,-18.66180232373796],[-58.988443137736226,-18.66200978944363],[-58.9885381740562,-18.662165069945786],[-58.98874141904565,-18.662237563945382],[-58.988975362140536,-18.66226515963683],[-58.98924016300015,-18.662262723997458],[-58.989457781358226,-18.662216106983124],[-58.98972091708504,-18.66205009430621],[-58.98995441499761,-18.66203307762305],[-58.99018933600348,-18.662157322843655],[-58.99044141968096,-18.662437566806148],[-58.99058401462116,-18.66267420055982],[-58.99071148229075,-18.662955589396404],[-58.99090006384574,-18.663117445439013],[-58.99113393226412,-18.66313760075076],[-58.99156840926065,-18.662970016474503],[-58.99179995202053,-18.662759675337554],[-58.99190746828242,-18.662609969856135],[-58.992092582967416,-18.662429803909788],[-58.992369861078885,-18.662122378955928],[-58.99267911633257,-18.66189645128628],[-58.992958439643076,-18.661789778165314],[-58.99336251645286,-18.661696821542535],[-58.99368931198228,-18.66166407284919],[-58.99398450279364,-18.661586988657064],[-58.99423258993903,-18.66147316211618],[-58.994434478006895,-18.661411815385975],[-58.99460445020338,-18.661276403233558],[-58.99471212748318,-18.661141563332194],[-58.995093222951255,-18.660320098538136],[-58.99523174308655,-18.660155238686855],[-58.995418210443745,-18.66010890127916],[-58.99558954094738,-18.660107320937357],[-58.995730479914926,-18.660180372525417],[-58.9958720311962,-18.660312913457517],[-58.99595194747235,-18.660512944709353],[-58.99596979255432,-18.660735857054476],[-58.9959404587874,-18.66091458892697],[-58.995801926999945,-18.661079460655344],[-58.99541479116385,-18.661306110430644],[-58.99512005166588,-18.66142779987848],[-58.99501222663548,-18.66154777226535],[-58.99496685664138,-18.661682036489026],[-58.99498349357003,-18.661785983965956],[-58.99507785428244,-18.66187434253891],[-58.99517161416213,-18.66190322464746],[-58.99534295582066,-18.661901642920952],[-58.99554514552318,-18.66187003066409],[-58.99571602548508,-18.661823837891006],[-58.996197004100964,-18.66163349836728],[-58.996258554858514,-18.661558566119595],[-58.99657022355808,-18.661570566821467],[-58.99671026492001,-18.661554395854296],[-58.99689626915756,-18.661463457264972],[-58.996941637774796,-18.661329191698883],[-58.99689354710529,-18.661195788448765],[-58.996689546231664,-18.661048948911457],[-58.996469512794135,-18.66085765096807],[-58.99648335249037,-18.660686500544102],[-58.996544894231135,-18.660611569768662],[-58.996716235676445,-18.660609986949794],[-58.99684114249794,-18.660638579586873],[-58.996997057340536,-18.660652010418858],[-58.997168092253844,-18.660620692487782],[-58.99740067155108,-18.660514435301366],[-58.99752377388245,-18.660364582706563],[-58.99764626105798,-18.66015525231427],[-58.997659570785686,-18.65993205134447],[-58.99788920867627,-18.659535821620523],[-58.99855518931605,-18.659157874481764],[-58.999019593026105,-18.658871020470997],[-58.99929775985515,-18.65865280953733],[-58.999436428218246,-18.65850281184163],[-58.999496916678424,-18.658323791168755],[-58.99947967441392,-18.658160367179505],[-58.99940058887893,-18.6580421202778],[-58.99925949924295,-18.65795419506685],[-58.998993799626874,-18.657867420187756],[-58.998493180905086,-18.657656411589358],[-58.998196787959444,-18.657614535361972],[-58.997835678881415,-18.657335312534883],[-58.99761443798525,-18.657025048222238],[-58.997564159494175,-18.656676027411493],[-58.997531792826294,-18.656557348093486],[-58.99754464865691,-18.65628954576448],[-58.99768014281403,-18.655827272017746],[-58.99785011638045,-18.655691855073314],[-58.998036491946834,-18.655638078751963],[-58.998315489077186,-18.655501653947],[-58.99831488342602,-18.65544217625302],[-58.99825062392756,-18.655249439735428],[-58.99823383403907,-18.65513061780632],[-58.99829477720107,-18.65499620781094],[-58.99840319329422,-18.65493572335481],[-58.9988206363887,-18.654626994613693],[-58.99886600199824,-18.65449272975178],[-58.99855070691535,-18.654123850403835],[-58.998378019694826,-18.653991600735992],[-58.998033547522084,-18.653816322419573],[-58.99796950564166,-18.65364589210901],[-58.99798356317308,-18.653497045440247],[-58.99802893670443,-18.653362780823386],[-58.99815247711433,-18.65325753944279],[-58.99827526862293,-18.653077943448466],[-58.99827421028294,-18.652973853927733],[-58.99813311730628,-18.6528859265419],[-58.99800821630879,-18.652857333617078],[-58.99780588865053,-18.65287407159724],[-58.997649227482384,-18.652786296606678],[-58.99760061141069,-18.6526008465637],[-58.997599401827074,-18.652481879153015],[-58.99767606726914,-18.652362203333553],[-58.9980807236077,-18.652328719306354],[-58.99815784906656,-18.65225365159847],[-58.99815678910625,-18.6521495538135],[-58.998107493491545,-18.651897194320668],[-58.99812170262868,-18.651763218055407],[-58.99819837439463,-18.65164353126744],[-58.998306647178424,-18.651568178156026],[-58.99847751631194,-18.651521984579972],[-58.99871110174388,-18.651514987558357],[-58.99876705839023,-18.651496602212205],[-58.9989683267093,-18.651375775486144],[-58.99910645886632,-18.651173729135223],[-58.999069262904015,-18.650579204107714],[-58.999486607605206,-18.650263037441675],[-58.99950044667679,-18.650091886422558],[-58.9994057878132,-18.649973785107704],[-58.99929630548138,-18.649930181208447],[-58.99900038002983,-18.64993291684425],[-58.99881257541523,-18.64984542164865],[-58.998671190066375,-18.649727759718758],[-58.99865394856181,-18.64956432551827],[-58.99871519329116,-18.64945966154187],[-58.99883948572227,-18.649428765265384],[-58.998948966714124,-18.64947236939537],[-58.999182741118375,-18.649485077012628],[-58.99926001788185,-18.649424879398453],[-58.9992589580778,-18.649320789573153],[-58.99921102362697,-18.649202254531644],[-58.999100709435254,-18.649076867511496],[-58.99894389998627,-18.64897421627029],[-58.99877075573363,-18.64879735525585],[-58.99867609679404,-18.64867926163015],[-58.998659006379455,-18.648530695205523],[-58.99868925652015,-18.64844118538582],[-58.99878225098604,-18.64839571114436],[-58.99890669442772,-18.648379692698086],[-58.99923498483014,-18.648495634290043],[-58.99956386824505,-18.648671056668434],[-58.99970419144387,-18.64868462727094],[-58.999843769799156,-18.648623853080835],[-58.99996700412868,-18.64848886811353],[-59.00021189005264,-18.648062756442584],[-59.00028794417574,-18.64788359305004],[-59.000611531792515,-18.64753855344594],[-59.00074989557669,-18.647358812518632],[-59.000731288798534,-18.64706154690589],[-59.00068365707568,-18.646972755108095],[-59.00059021044541,-18.646973621038],[-59.00046621246963,-18.647034261264253],[-59.00034282850737,-18.647154370598287],[-59.00017241021527,-18.647245176679064],[-58.99998551390371,-18.647246905259806],[-58.99982870740047,-18.64714425367248],[-58.99973321628039,-18.646944367284334],[-58.99966864568813,-18.64672189024259],[-58.999651252529304,-18.64654358782724],[-58.99969615882344,-18.646364709941054],[-58.999787640780994,-18.64617053503264],[-58.99994172508684,-18.646005516800926],[-59.000096565175966,-18.645914855338447],[-59.00028345824222,-18.64591312842481],[-59.000751612312854,-18.64599802877609],[-59.00093759980598,-18.645907076501658],[-59.000982617110196,-18.645738238004697],[-59.00101584946634,-18.64537730633782],[-59.00093298541009,-18.644887312200638],[-59.00086916986572,-18.64473917853371],[-59.00063449650514,-18.64463725060841],[-59.00044805882828,-18.644683589850104],[-59.00024649433624,-18.64477468175346],[-58.99999745264961,-18.64479185299558],[-58.999871338713604,-18.64464430542347],[-58.99988472295354,-18.644428544348045],[-58.99997620218056,-18.64423435815837],[-59.00008356190153,-18.644069782363147],[-59.000299491560384,-18.643859578773117],[-59.00053053292311,-18.64360462714302],[-59.00073005064655,-18.643312782409396],[-59.00075938957559,-18.64313404960103],[-59.000679848333675,-18.64297119957405],[-59.00013292778533,-18.642797795059096],[-58.99989810348097,-18.64268098907121],[-58.99977199010442,-18.642533439370936],[-58.99975161169482,-18.642281129038565],[-58.99978125332825,-18.642132140331967],[-59.00002787132439,-18.64187703720063],[-59.0001828608456,-18.64180125157077],[-59.0003691448502,-18.64174003723565],[-59.00047756235796,-18.64167954952393],[-59.00056994489637,-18.6415745968157],[-59.00062937117076,-18.64129148500865],[-59.00069116856986,-18.641241459696403],[-59.00084688065721,-18.641264711169754],[-59.00120570485626,-18.641429796278715],[-59.00184869521746,-18.64140401483411],[-59.00194502370755,-18.64140353929912],[-59.00213767788239,-18.641402586218476],[-59.002330923594,-18.64150503328699],[-59.002476871207364,-18.641757065178524],[-59.002682358922016,-18.64189391147994],[-59.00282763957034,-18.6420310624855],[-59.003225126256496,-18.642052072236766],[-59.0037054339827,-18.641819923485627],[-59.003755589544824,-18.642164338489238],[-59.00372290801238,-18.642761910672277],[-59.00373700164141,-18.643117991035695],[-59.00411126171991,-18.6432884688719],[-59.004544677040485,-18.643274830309792],[-59.005073551677015,-18.643111371459952],[-59.00507115995572,-18.642697794654623],[-59.0053107895294,-18.642489813229304],[-59.005550818598635,-18.642350762687727],[-59.0056688345482,-18.641936584079247],[-59.005545711998366,-18.641466159434685],[-59.00561675493452,-18.641259008186182],[-59.00590540737238,-18.64120013240148],[-59.00627867897373,-18.64119828794003],[-59.00632571252163,-18.641002742835724],[-59.00625174494405,-18.640704412909713],[-59.00604625244017,-18.640567558994746],[-59.00599695782495,-18.64037250214693],[-59.00606828147005,-18.640211308448613],[-59.00627217937182,-18.640072430104965],[-59.006295457361375,-18.639934451200645],[-59.00639039247386,-18.639692717858054],[-59.00658278481086,-18.639645812411004],[-59.00702795701699,-18.63958616100922],[-59.00721914451174,-18.63933245728441],[-59.007349733924855,-18.639010128415407],[-59.00748125351771,-18.63884863582018],[-59.00766212933104,-18.6388936942991],[-59.008204027580405,-18.638902494469676],[-59.00826389561797,-18.638844747537178],[-59.0083106622082,-18.638603255020712],[-59.0084294033382,-18.63831545634389],[-59.00857389184779,-18.638314737573523],[-59.0087789190884,-18.638371161537236],[-59.00922421803449,-18.638334479177786],[-59.00945219089533,-18.63819548187098],[-59.00982445096656,-18.638021298977435],[-59.01029284460634,-18.637812175996658],[-59.01053218829486,-18.637558231039293],[-59.010868207961266,-18.63723202329919],[-59.01102952293161,-18.637145389084992],[-59.01131169195281,-18.63701438220994],[-59.011924627897486,-18.63681602733095],[-59.01265822658257,-18.636663014337103],[-59.013149344347255,-18.636223998476055],[-59.01387217619214,-18.636289319754383],[-59.01430703597106,-18.636528402800252],[-59.015126052796745,-18.636570269069125],[-59.01583784209339,-18.63680796965224],[-59.01644154691411,-18.63709215659003],[-59.01707976021771,-18.637100448046112],[-59.01836620529173,-18.63677231462566],[-59.019196595802214,-18.63669921737892],[-59.01958135512956,-18.63660537069046],[-59.02047127157249,-18.636417086793642],[-59.02098950482997,-18.63681079531375],[-59.02122107307417,-18.636976246704364],[-59.02100542276219,-18.637161147372467],[-59.0209353341391,-18.637529139922663],[-59.021116068921344,-18.637551202966335],[-59.02155838303611,-18.637609871346285],[-59.02155101261849,-18.63780176015422],[-59.021275692128825,-18.63807887720452],[-59.021253369339945,-18.63837768808196],[-59.02186790219042,-18.638455018665354],[-59.022617187105936,-18.63892226795508],[-59.02293326870739,-18.6394376616945],[-59.023682692918044,-18.639927887821045],[-59.02392816501572,-18.64071935754191],[-59.024425482150946,-18.641337229493388],[-59.02478033387439,-18.642300471857993],[-59.0254380468632,-18.643572372297],[-59.02744760709163,-18.645388865751443],[-59.02756017943278,-18.646100582294366],[-59.027782080215616,-18.646972583671072],[-59.02822343358713,-18.648303017980652],[-59.02860294955832,-18.649358025596655],[-59.02862062568357,-18.65031148834703],[-59.028746475722755,-18.651229926227188],[-59.02951025584514,-18.652099169414726],[-59.02996999809329,-18.652464463337935],[-59.030134773195755,-18.653853733546214],[-59.030288933798715,-18.655484310861425],[-59.03062162195317,-18.65675784488394],[-59.0316225890777,-18.65700549003384],[-59.032070035596576,-18.657324878052464],[-59.033142104150784,-18.65737685109059],[-59.03468879625575,-18.656243070210508],[-59.035419090090954,-18.655527048753697],[-59.03558145617018,-18.654480765223127],[-59.0358526621132,-18.65351435284856],[-59.03707904731425,-18.6531978731374],[-59.03813766544829,-18.65302011982328],[-59.039399061569384,-18.65251963740957],[-59.0406000391543,-18.65198499685124],[-59.04228349570349,-18.651585716728334],[-59.04356839859929,-18.650993183330684],[-59.0444070803793,-18.65028805857031],[-59.04501862770206,-18.649859827272792],[-59.045303685507406,-18.64920351573585],[-59.045033946016076,-18.648400716136962],[-59.044739853259955,-18.647552094575417],[-59.04558114368058,-18.647283513171374],[-59.046266508052554,-18.64711913399674],[-59.046974093100005,-18.646644443842717],[-59.04788871586561,-18.64655929467648],[-59.04911744792537,-18.646644825805993],[-59.050213172264705,-18.64663913560105],[-59.05094746334902,-18.646600859726504],[-59.05180368745067,-18.646814689568487],[-59.05262163507365,-18.646672567444625],[-59.05357383975968,-18.646828445906976],[-59.05427958481579,-18.648042534866022],[-59.054730186219444,-18.648878828944362],[-59.05514356270277,-18.649531512170654],[-59.054832228809346,-18.649820341530926],[-59.05483530042005,-18.650325817437192],[-59.05477689857207,-18.650624816122843],[-59.055068602401604,-18.65107134423573],[-59.05627817337404,-18.65196110937518],[-59.05744104717161,-18.653092374136122],[-59.057952516406544,-18.65403172984918],[-59.05829128228146,-18.654294190267706],[-59.05946454993665,-18.65514965926957],[-59.05975753511467,-18.655802957975652],[-59.06013586303686,-18.656628128182376],[-59.06094306834888,-18.656692819948034],[-59.0617131688885,-18.656596866486836],[-59.06234038075718,-18.656765890067504],[-59.06311012825739,-18.656612482882053],[-59.06380986672224,-18.65682707441789],[-59.06463193579418,-18.6573512060898],[-59.065872780887105,-18.657436559425832],[-59.066579842699184,-18.656881384836197],[-59.06651265636083,-18.655744405004725],[-59.065720242734756,-18.65416320082852],[-59.065508430570844,-18.6530040082838],[-59.06599563817025,-18.65194451371201],[-59.067712935647364,-18.65118869698972],[-59.06961487120452,-18.651086721578167],[-59.07178353417879,-18.65128200166538],[-59.07367703870767,-18.651765938020162],[-59.074921532282644,-18.652448599125307],[-59.0761201528893,-18.65349912989393],[-59.077485078735094,-18.654181132244958],[-59.07837663139486,-18.654256787562872],[-59.078932307449634,-18.65454101550671],[-59.07989761572634,-18.654857515783192],[-59.080587181636645,-18.655370794966814],[-59.080694302586835,-18.657104937106567],[-59.08065371380053,-18.65832289565941],[-59.08121305669732,-18.6591930046892],[-59.081434591172524,-18.659961519983653],[-59.08206534156233,-18.660693373076867],[-59.08260255305129,-18.66187377268676],[-59.08268038639784,-18.66276943123063],[-59.08385109617069,-18.663188188130107],[-59.084853157275916,-18.663596371279084],[-59.08597455633412,-18.663831580722444],[-59.08704470373016,-18.6635730655467],[-59.087895857585295,-18.662959597412282],[-59.088192503312825,-18.66225721782314],[-59.08844336309829,-18.661934188755424],[-59.0889230869912,-18.661621419340804],[-59.08901755095701,-18.661322217661734],[-59.08940065156122,-18.660964011978308],[-59.08995240259503,-18.660616388680182],[-59.09025120526121,-18.660258632240584],[-59.09038128176854,-18.65987882170367],[-59.09082205458634,-18.659118218001083],[-59.09145737214163,-18.658655255582914],[-59.091719971552266,-18.658286214581665],[-59.09170389093936,-18.657642962745626],[-59.091833308581386,-18.657159758644013],[-59.091840154136094,-18.656332577209923],[-59.0923530820595,-18.655560092988253],[-59.09330130443311,-18.655072447836005],[-59.0937913080902,-18.654483897262025],[-59.09444117203475,-18.654422928414874],[-59.095055343128536,-18.654431073836122],[-59.09535383070232,-18.65402737406589],[-59.09525590632296,-18.653775166559797],[-59.09508436409328,-18.65330508939701],[-59.095179316516806,-18.653086297061463],[-59.09575554903256,-18.652807453388448],[-59.096609156344414,-18.65259601289381],[-59.09698112039757,-18.652387208861967],[-59.097193584133265,-18.651708254062896],[-59.097357876841045,-18.65102956359766],[-59.097858806425506,-18.65026862086154],[-59.09779504450438,-18.64970605393961],[-59.09775558699971,-18.649177815585233],[-59.09820935590642,-18.64857795735918],[-59.09872333060355,-18.647977782884084],[-59.09930889028493,-18.647273810186448],[-59.09990794492501,-18.646799535530647],[-59.10056915266841,-18.646635091085273],[-59.101278891966786,-18.646527816913874],[-59.10169878156944,-18.64628427767542],[-59.10228745357034,-18.64607427280697],[-59.102973835287344,-18.646082004490722],[-59.10368232694475,-18.64577942946596],[-59.10400355956,-18.64516880498877],[-59.10448298683258,-18.644821539662928],[-59.10516702484529,-18.64446165673786],[-59.10558631472213,-18.64412620827784],[-59.10616199098729,-18.643766916941217],[-59.10677370202495,-18.643395943038513],[-59.1076648295529,-18.64341401584329],[-59.108371695897915,-18.642858703214813],[-59.10910556152902,-18.64276276528102],[-59.10962269907202,-18.642668016950836],[-59.11058826952211,-18.643030305882405],[-59.111528505438514,-18.643197441673692],[-59.11254847284977,-18.642651871281885],[-59.11331675864085,-18.642291503709032],[-59.11383500282733,-18.64236905555032],[-59.114607187946035,-18.642617515399934],[-59.11529104842077,-18.642234627158984],[-59.116001858847994,-18.642299619670894],[-59.1171905093056,-18.641776069638922],[-59.11796994184135,-18.64127776295811],[-59.118884911271095,-18.641261193782043],[-59.11947945952636,-18.641970143370145],[-59.12016766401382,-18.64226499865231],[-59.12076744507095,-18.641917027434317],[-59.12163203836235,-18.641556081514068],[-59.12252388870007,-18.64168896625131],[-59.12330545711319,-18.641523779777117],[-59.12412305899397,-18.64134689562121],[-59.124927437490044,-18.64098627735376],[-59.12565748224705,-18.640304403342384],[-59.12656032730746,-18.640276379340946],[-59.12726005986093,-18.640490731326906],[-59.1281979843281,-18.640301675715364],[-59.12870500161608,-18.640505616516748],[-59.12931754618546,-18.640272418585482],[-59.130051752222414,-18.64023383766073],[-59.130799646766036,-18.640447906294924],[-59.13176582261627,-18.640901982526827],[-59.13247812950158,-18.64119665941388],[-59.133236268273606,-18.641134953133815],[-59.134658849882385,-18.641414129715486],[-59.13528913094041,-18.6420538984205],[-59.135800739070476,-18.642958551192123],[-59.136345351403065,-18.6432137288204],[-59.136092774687256,-18.643427905724025],[-59.13658746917406,-18.643585934494013],[-59.13753241475308,-18.64353879290212],[-59.137661439341684,-18.64394747464371],[-59.13797560649522,-18.644118014958394],[-59.13837346067578,-18.644196182673795],[-59.139093980287385,-18.643904904134274],[-59.13989066421766,-18.644210562779506],[-59.1406044185502,-18.644723456810254],[-59.14147696422759,-18.645580095968683],[-59.14250197208645,-18.645815520070414],[-59.14317712507142,-18.645949533796113],[-59.14380555883787,-18.64630207265691],[-59.144491092140015,-18.64618330017953],[-59.14487645098137,-18.64619258239543],[-59.145383957788454,-18.646465399515535],[-59.14592592332747,-18.64648529033269],[-59.14641759859535,-18.646183804498264],[-59.14716545533037,-18.646386311515357],[-59.148130794406086,-18.646702453119474],[-59.14891310452845,-18.646652029330596],[-59.149501395800485,-18.64639593614794],[-59.150376304469205,-18.64578208291374],[-59.150600728561926,-18.645125995664557],[-59.150634031701486,-18.644700754934206],[-59.151234355832344,-18.64444458206168],[-59.15167663836968,-18.64395956262996],[-59.152169143912545,-18.643784420363772],[-59.152459851635115,-18.64404697747557],[-59.15288444952148,-18.64452701933766],[-59.15365257225392,-18.644155004355696],[-59.154226367491106,-18.643531371172116],[-59.15419847425204,-18.642957149318875],[-59.154521793509616,-18.642691071806667],[-59.155054302945985,-18.643101570743795],[-59.15531787928859,-18.642904763273236],[-59.15543613477615,-18.64258242479127],[-59.155712745809694,-18.642534883115445],[-59.15611129030833,-18.64271639219851],[-59.15671113964396,-18.642391286852444],[-59.15694096552244,-18.642550789670793],[-59.1568733204802,-18.64324044434818],[-59.15725029762416,-18.64380117079071],[-59.15804822985467,-18.644290543665022],[-59.15877484210898,-18.644918168661775],[-59.15953611613054,-18.645327339404844],[-59.16017623339019,-18.645622315687888],[-59.16047784709576,-18.645712474822346],[-59.16050292406152,-18.645861672611147],[-59.16066205817884,-18.646251334048486],[-59.16107311515009,-18.646501683494193],[-59.1616155993766,-18.64660193530227],[-59.16185832749943,-18.646887726116233],[-59.162377127070386,-18.647045543676313],[-59.16289546483597,-18.647134447315807],[-59.163486356308624,-18.64726887720468],[-59.16389202547731,-18.64671511629308],[-59.16427554130206,-18.646448675516808],[-59.16497047029554,-18.645939188021316],[-59.165376668762406,-18.645465833555477],[-59.16573478371021,-18.64500424700435],[-59.166286235809594,-18.644644928524485],[-59.16691022655624,-18.644331129241834],[-59.16763145847199,-18.6441546257783],[-59.16816916548311,-18.643542650331312],[-59.16855288879498,-18.643310666343382],[-59.16893724140925,-18.64317057740891],[-59.169306758698895,-18.642617020009425],[-59.169578646150285,-18.641868739208746],[-59.17059466942629,-18.64077148660226],[-59.171227432827436,-18.639975154899105],[-59.1715868322795,-18.639708837885166],[-59.172441177253575,-18.639634931087244],[-59.17314202532498,-18.640009922294837],[-59.173987432576666,-18.64039556265135],[-59.174565956949834,-18.64048407611],[-59.17531139068387,-18.640330372135963],[-59.17610647352717,-18.640394641571618],[-59.176529179749025,-18.640587450291093],[-59.17690162586308,-18.64047039783145],[-59.17746646974513,-18.64031773951666],[-59.17820274842103,-18.640589126212262],[-59.17856346563889,-18.640518081611162],[-59.178925982303156,-18.640711237183382],[-59.17934705678499,-18.640662811551806],[-59.18000046752269,-18.64114144646618],[-59.180483065259466,-18.64128794966257],[-59.18090366800192,-18.641170596187408],[-59.18146859022289,-18.64102942636748],[-59.18195337357548,-18.641497562170457],[-59.1823892198845,-18.641851101065697],[-59.18283468374085,-18.64184847307945],[-59.1833635641126,-18.641718992817914],[-59.18401581819012,-18.642025311189002],[-59.18435528159853,-18.642367932966806],[-59.185137463068884,-18.642305872618294],[-59.18569371433472,-18.642658694902195],[-59.18616788720317,-18.64333366165829],[-59.18662073393011,-18.644410803740755],[-59.18753968373056,-18.644979738966185],[-59.18805832952842,-18.64511451528392],[-59.188277563947054,-18.64548082109502],[-59.18869990124904,-18.645616165761624],[-59.1888946639163,-18.64592517248815],[-59.18894493965223,-18.646235040317663],[-59.18908005656846,-18.646624808371314],[-59.18945652143378,-18.64709356115503],[-59.18959171249736,-18.647494821165765],[-59.18956086563969,-18.648264673463643],[-59.18950578149435,-18.6490116825849],[-59.189668442819936,-18.649906746285296],[-59.189974018738894,-18.650571206637892],[-59.19066542440697,-18.65131377780193],[-59.190790167888224,-18.65194484958812],[-59.191431215821694,-18.652366070619166],[-59.191628517929075,-18.65304265896782],[-59.192125637260915,-18.65354515561637],[-59.192777238939186,-18.65374804786933],[-59.19316545230788,-18.654170768627978],[-59.19409517447474,-18.65454431062301],[-59.19455618772997,-18.655047017575328],[-59.195148544382675,-18.655388105334453],[-59.195713257537136,-18.655212418336248],[-59.196495811472744,-18.655196256333284],[-59.19684180822816,-18.654734689868803],[-59.1979457182407,-18.65417668670807],[-59.19895615186567,-18.65403279341399],[-59.19973309202783,-18.65494712895554],[-59.200221060610716,-18.655863196740825],[-59.20088368930851,-18.65591665870005],[-59.201448950198596,-18.65582136920125],[-59.201669980391046,-18.65644035954574],[-59.20210423387044,-18.656552628219117],[-59.20253688830519,-18.656435152666745],[-59.202933268312506,-18.656294916425452],[-59.203352611066805,-18.655993726724716],[-59.20364206151629,-18.656060910437077],[-59.20405143784512,-18.656058447741884],[-59.20445937936677,-18.655849214431385],[-59.2047835885171,-18.65572090545203],[-59.20511019369951,-18.655937205515954],[-59.20594234381764,-18.65612747501075],[-59.20657944402126,-18.655974295291458],[-59.20687933442878,-18.65581165897254],[-59.2071687065291,-18.65586734708961],[-59.207686439583824,-18.655864224640197],[-59.208115254686106,-18.65519537549693],[-59.208458981991384,-18.65441215092966],[-59.20918991621318,-18.65390229067515],[-59.21028421892623,-18.653700390324104],[-59.2111244704023,-18.653327706103937],[-59.211694767348774,-18.65223296157137],[-59.21214860654953,-18.651701790137963],[-59.2123985572361,-18.65128673729572],[-59.21268293862147,-18.650630235703602],[-59.213219192640906,-18.649834355899145],[-59.21409634147585,-18.649576316535672],[-59.21493937805445,-18.649605660334885],[-59.215592427016645,-18.65001524243985],[-59.2162675429704,-18.65013749646471],[-59.21679633828478,-18.649996432433852],[-59.21721507608055,-18.649614802268445],[-59.21770717567125,-18.64939354561551],[-59.21822125765533,-18.64887349053339],[-59.21845850877418,-18.648366605735532],[-59.21888944211537,-18.64800787059943],[-59.2194671069754,-18.647969893538573],[-59.21994732166252,-18.647771682491793],[-59.22003967890953,-18.647208237333246],[-59.21997536241503,-18.64662278154202],[-59.22028451853589,-18.646069506574236],[-59.22073912052713,-18.645653186555705],[-59.2211798929402,-18.64498424142289],[-59.221113552801285,-18.64411160349556],[-59.22083333288515,-18.64364234225235],[-59.220538653348115,-18.642828537276046],[-59.22088238558155,-18.642056795981716],[-59.22186289884712,-18.641097360412687],[-59.223386457075605,-18.640318407839857],[-59.2243700259512,-18.639795473098275],[-59.22515370399492,-18.63995149823927],[-59.225540415464934,-18.64015589619214],[-59.225720114599994,-18.64002844106517],[-59.22613913012822,-18.639692745727416],[-59.22642896303432,-18.639817329952677],[-59.22685162606177,-18.639998530609716],[-59.227394033696555,-18.640087109295337],[-59.22797004882494,-18.639819366509016],[-59.22838849343441,-18.6394032556189],[-59.228653180999686,-18.639378652340213],[-59.22889608372793,-18.63967583692977],[-59.229391475305135,-18.639925513270782],[-59.22959564833212,-18.63985533580393],[-59.230221029529616,-18.639759586351943],[-59.23075384745488,-18.640192835391247],[-59.2309859285574,-18.64066237390091],[-59.23157543932899,-18.640601317881192],[-59.2317056629812,-18.64029035832425],[-59.23218405273275,-18.63983940784925],[-59.23268773833769,-18.63956061074782],[-59.23329919950908,-18.639200744304333],[-59.23393653611612,-18.63909343272684],[-59.23448934655977,-18.63895217151844],[-59.23470392666286,-18.638652183742863],[-59.23443759930689,-18.638447056486598],[-59.23406267279722,-18.638208135996365],[-59.23385613126925,-18.63794520302355],[-59.2336850601676,-18.637590155404325],[-59.23339490381949,-18.637419638104575],[-59.23327158080076,-18.637006859079577],[-59.23328068373405,-18.636593259904487],[-59.23318151579201,-18.63619181746634],[-59.23302305948073,-18.635917096426397],[-59.232959352596424,-18.635423544464686],[-59.23312414955757,-18.634894116888233],[-59.23337353663993,-18.63441011795487],[-59.23362161338332,-18.633742330007863],[-59.2339052449023,-18.632993915988322],[-59.23457532633108,-18.632415417880964],[-59.234971288005795,-18.632229179138903],[-59.2352589900662,-18.632055096904878],[-59.23564267050722,-18.631834476019662],[-59.23635375385328,-18.631944956229518],[-59.236834145847126,-18.63178117171657],[-59.237387671505246,-18.631743287555878],[-59.23786961921098,-18.631797739747583],[-59.238556549643874,-18.6318968752326],[-59.23895333067037,-18.63182550359403],[-59.2393611559944,-18.63161620213299],[-59.23996144555895,-18.631382746778286],[-59.240466156769344,-18.63125325771898],[-59.24118869928435,-18.63128324488622],[-59.24181478468989,-18.631290846777233],[-59.2422117227581,-18.631242430014538],[-59.242905588308645,-18.630629309983703],[-59.243311603570476,-18.630167301285326],[-59.24364547238281,-18.629717229993787],[-59.244137314833154,-18.629472939831828],[-59.24453334175229,-18.629298173733446],[-59.24475812395144,-18.62874538575403],[-59.245226213942146,-18.62854719312304],[-59.24551644916113,-18.628729179059235],[-59.24605997996326,-18.62897851386873],[-59.246373212787546,-18.62901102964628],[-59.24674540881267,-18.62887086518026],[-59.246998464581736,-18.628903748658274],[-59.24760268037039,-18.629221618963868],[-59.248120730317794,-18.62927582744453],[-59.24856506856213,-18.629123721712688],[-59.24883015913764,-18.629156533665025],[-59.249649743417194,-18.629289260879318],[-59.25054255778889,-18.629559371301184],[-59.25125022934952,-18.629762171960806],[-59.25125211868834,-18.629762713004936],[-59.25152657342471,-18.629646760215678],[-59.251655596483886,-18.62975118282793],[-59.251872097578996,-18.629851706005184],[-59.25197403884465,-18.629960165703096],[-59.252148032367586,-18.630081556756238],[-59.25222344107408,-18.63038198507553],[-59.25225555212842,-18.63066918890479],[-59.25225905684982,-18.630970387339175],[-59.25226256268945,-18.63127157938493],[-59.25223826180263,-18.63165522288415],[-59.252328692514084,-18.6320102674984],[-59.25244692735919,-18.632282864944045],[-59.25259217114092,-18.632404558515987],[-59.2528078785063,-18.632402276997084],[-59.25298044863462,-18.63240044936174],[-59.25325352144637,-18.632383865982888],[-59.25351237752341,-18.632381125311554],[-59.253741987346075,-18.6323376224434],[-59.25402832849511,-18.63222505469406],[-59.25425762792378,-18.632154159511686],[-59.25443098788554,-18.63222078909115],[-59.25495156487233,-18.632461737619224],[-59.25519731776228,-18.632568673035223],[-59.25551177639164,-18.632401028723336],[-59.25579891505015,-18.63235690536095],[-59.25591364527219,-18.632328311876222],[-59.256043061828336,-18.632326940600876],[-59.25625766018527,-18.63222881250607],[-59.25637031124069,-18.632022235851537],[-59.25651172550812,-18.631815355712206],[-59.25669802844743,-18.631758605083405],[-59.25700002645715,-18.631755403592138],[-59.25715868741668,-18.63179480028498],[-59.25740061961619,-18.631807878867903],[-59.25784694179117,-18.631745860311298],[-59.25804252820899,-18.631554084488073],[-59.258175565395675,-18.63142801286517],[-59.258251946890596,-18.631247971533526],[-59.25836348455448,-18.631043474565274],[-59.25884057497524,-18.630489873412728],[-59.25892238131314,-18.63010562121076],[-59.2590033897751,-18.629652916570933],[-59.25902927569723,-18.629406180961666],[-59.25912705937287,-18.629158678918998],[-59.259182345536885,-18.628966396222552],[-59.25948209005611,-18.628771526644016],[-59.25981188554192,-18.628685864829322],[-59.26024169303247,-18.628544377534354],[-59.26061430043677,-18.6284308803626],[-59.26105720726389,-18.628179716173065],[-59.261255495017224,-18.627917454584292],[-59.26127699576074,-18.627158460961937],[-59.261289032220304,-18.627158639350796],[-59.261695281377456,-18.62581314735172],[-59.26218845431197,-18.625064576364764],[-59.262362661910515,-18.624700661501606],[-59.2626361839454,-18.624143512195133],[-59.263335151625654,-18.62331785126679],[-59.26391828752497,-18.622971528773064],[-59.26404041080116,-18.622858823192473],[-59.2643821792866,-18.62255468470198],[-59.264844977639825,-18.62220655253799],[-59.26544570620388,-18.621505412264355],[-59.26575279666787,-18.621109128231183],[-59.26615668731512,-18.620679918510177],[-59.266412955563055,-18.62045468673341],[-59.26654764871455,-18.620307798101123],[-59.266852940601495,-18.620026024024412],[-59.267121244114776,-18.619800969372534],[-59.26719648778362,-18.619607380053196],[-59.26727405751876,-18.619264916369843],[-59.267301713117206,-18.619036241141373],[-59.267592998091914,-18.61888025600439],[-59.267849440944985,-18.618643564166177],[-59.267971915266,-18.618507952575783],[-59.2681191753162,-18.618326890190986],[-59.268508513123436,-18.618057830440478],[-59.26888509457302,-18.61783439041392],[-59.269056601169495,-18.617642246873118],[-59.269145303735684,-18.61735721733254],[-59.26920940670561,-18.617106183433805],[-59.26927225736722,-18.616935317587945],[-59.26929864380111,-18.616786812228554],[-59.26938484180914,-18.616662103279907],[-59.269482719341966,-18.616560485585183],[-59.269617573331914,-18.61640214894004],[-59.269693891376846,-18.616139844599502],[-59.26983177562016,-18.61568543179851],[-59.269856731449465,-18.61544720852595],[-59.26986349739684,-18.61523561766421],[-59.26988034232903,-18.61509442437523],[-59.26998013165661,-18.61492590985182],[-59.27010745069225,-18.614739473229804],[-59.27021247114533,-18.614532575724695],[-59.270397963738674,-18.614269269160957],[-59.27051458607468,-18.613959561503123],[-59.27043832195983,-18.61376648397811],[-59.27036153337559,-18.613529344953008],[-59.27030375890001,-18.613336072041307],[-59.270318015488556,-18.612974570191682],[-59.270278437474985,-18.61275466208059],[-59.270231243057424,-18.6125627309346],[-59.27027217518889,-18.61225408436991],[-59.27038494425017,-18.61196941889],[-59.270472752291994,-18.611741645409836],[-59.270597188947534,-18.611480065349326],[-59.27090335910833,-18.611141030448778],[-59.271172355886165,-18.610870163938444],[-59.27131888417023,-18.610734909596317],[-59.27162004066139,-18.61071651200109],[-59.272028762301886,-18.610745549101125],[-59.27230460107222,-18.61080695359027],[-59.27256414100157,-18.610770966009],[-59.27283185609224,-18.610724068809986],[-59.27309073315104,-18.610712493835933],[-59.27333111607982,-18.61070112575328],[-59.2737099309598,-18.610661850272834],[-59.2739503140113,-18.610650472424993],[-59.274107555566616,-18.610648790894345],[-59.27424609301829,-18.610629691746283],[-59.27524116542372,-18.61107707134215],[-59.27529832074134,-18.611217382921495],[-59.275301531751666,-18.6114903923729],[-59.27528468201291,-18.611631492896606],[-59.275277297088564,-18.61179011329955],[-59.275077645300144,-18.61211814076313],[-59.274988156408824,-18.612374529916963],[-59.27493648849958,-18.612700966001],[-59.27503623184731,-18.613316454898097],[-59.275290734642226,-18.613718890909183],[-59.2759260287782,-18.61424938140118],[-59.276360499553846,-18.61464755867729],[-59.27748196422897,-18.615681025398374],[-59.277629698084354,-18.615890347660297],[-59.27777028825034,-18.616079970997703],[-59.27796862815967,-18.616473277964133],[-59.2780254331966,-18.616597894839458],[-59.27812444715346,-18.616781361621292],[-59.278343738026194,-18.617192220475715],[-59.27857394300031,-18.61735452441428],[-59.27894972256911,-18.617541626212756],[-59.27918920513241,-18.617702286522785],[-59.27943127096813,-18.61789894224171],[-59.27977370590685,-18.6181918567724],[-59.27989346333652,-18.618375102367793],[-59.27991017902286,-18.61861878142554],[-59.27993916024701,-18.61873050623973],[-59.27996784116874,-18.61881588003797],[-59.280088464731705,-18.619071614457766],[-59.28035450016682,-18.619338979598353],[-59.280593260769194,-18.619639583516914],[-59.28068993742659,-18.619799306391485],[-59.28079641077181,-18.620028828576665],[-59.28082051311662,-18.620311965157782],[-59.28081009369754,-18.620602061371585],[-59.28083348838106,-18.62082589318038],[-59.28082875658299,-18.621010481884184],[-59.28083319006777,-18.621386096753156],[-59.280850129801934,-18.621649544003674],[-59.28086660384042,-18.621873438617627],[-59.28089038804063,-18.62213022164991],[-59.28093018889808,-18.622571362146743],[-59.28105536675969,-18.623212548846652],[-59.2812405271975,-18.62354016370722],[-59.28142765489076,-18.623689675101332],[-59.28170066570078,-18.62396020193745],[-59.281877408915875,-18.624281244384235],[-59.281950706623945,-18.624629756546653],[-59.28195498588872,-18.624992195253526],[-59.28193221823972,-18.625407647400777],[-59.281921654225584,-18.62568456587053],[-59.28183281942387,-18.625777789531867],[-59.281780978146,-18.626074917886058],[-59.28196347597907,-18.626297041825637],[-59.28210182406741,-18.626295555876595],[-59.28238519887998,-18.62627273608166],[-59.282766755625744,-18.626360908368895],[-59.28298808968242,-18.62658920238937],[-59.28323991873117,-18.626823759181605],[-59.283487274947106,-18.62688392449087],[-59.283656095094045,-18.626863535264988],[-59.28394283874758,-18.62659212526296],[-59.28392666921252,-18.626394582695582],[-59.2839860432415,-18.62615009642792],[-59.28415019192096,-18.625990161092545],[-59.2844139229266,-18.626061135673694],[-59.2845755928937,-18.626276881998933],[-59.28470276020482,-18.62649959797153],[-59.28488206749205,-18.626451534854596],[-59.28505375097245,-18.626344243146377],[-59.28510014778675,-18.626172385888594],[-59.285182607548165,-18.6261253658771],[-59.28530720110996,-18.626130623568315],[-59.285481692341364,-18.626260550265727],[-59.28566193512546,-18.626291569665682],[-59.28592307680708,-18.62614376872449],[-59.28596931509344,-18.62595873521127],[-59.28595002551265,-18.625497600142467],[-59.2859825026689,-18.62531931218166],[-59.28608486433791,-18.625199578485876],[-59.286201292356054,-18.62509946635288],[-59.28653207131316,-18.624990461300115],[-59.286863865457065,-18.624967115679283],[-59.287098981081556,-18.62495799649389],[-59.287272487867995,-18.62494732793442],[-59.287566153992316,-18.62497274600048],[-59.2877324853315,-18.624997312699634],[-59.28802876494683,-18.625073131551915],[-59.28821951632409,-18.625190515398913],[-59.28842835159247,-18.62533912643545],[-59.28849799268056,-18.62537791070588],[-59.28865779366987,-18.62543551208813],[-59.28893417580798,-18.625406168439724],[-59.28931701819482,-18.62501979415714],[-59.28947307056319,-18.624761084635168],[-59.28964940412152,-18.62446260424167],[-59.289833985693235,-18.62427608865505],[-59.290396973335135,-18.623914127277033],[-59.290478349144905,-18.62377484788385],[-59.29052575362789,-18.62368865900976],[-59.29060456339647,-18.623623883933362],[-59.29073598834668,-18.62362246650423],[-59.29090290761087,-18.62367269634916],[-59.291252874711574,-18.624038679942373],[-59.29137550370115,-18.623879188786702],[-59.29121699878135,-18.623597190221403],[-59.29104258165705,-18.623223724124955],[-59.29110555581548,-18.623022830180105],[-59.29112355400446,-18.62305150272408],[-59.291283275069134,-18.623102503770156],[-59.29163628380991,-18.62311846394988],[-59.29191281995503,-18.623102305102407],[-59.29230593204085,-18.62299920617511],[-59.29245435406051,-18.622681256684587],[-59.292583119707956,-18.622455786702062],[-59.292740651111615,-18.622322282369055],[-59.29333412102784,-18.62219724392429],[-59.29351428223646,-18.622221665514815],[-59.29369365763233,-18.622180184962417],[-59.2940404898186,-18.62196554884457],[-59.29433722333522,-18.62190303160355],[-59.294555412964144,-18.62174545911563],[-59.29469401811684,-18.62165533091195],[-59.295081459217386,-18.62165773564243],[-59.29538085476236,-18.621819268457102],[-59.295722771180635,-18.622066013398467],[-59.29596007456763,-18.622241386805626],[-59.296277260347495,-18.622469720020547],[-59.29694998769219,-18.622876560040538],[-59.29739660413509,-18.623201256471646],[-59.2976125333019,-18.623324135508426],[-59.29783576448381,-18.623479899179017],[-59.29812125431789,-18.623634979408394],[-59.298282891463884,-18.623732088475037],[-59.29867422180092,-18.623770693028973],[-59.29889156608772,-18.623722207082267],[-59.29910478921454,-18.623617749113862],[-59.299402662860984,-18.62336079159354],[-59.29963666535525,-18.623259391613033],[-59.30007555346049,-18.623224990460358],[-59.30046008821262,-18.622983565862967],[-59.30073664186176,-18.622912745887504],[-59.30097088816626,-18.622831173454415],[-59.30126722947,-18.622735750464642],[-59.30137101986264,-18.622737920813165],[-59.3016359596881,-18.62261978162263],[-59.301606091531085,-18.622435689209226],[-59.30150716645204,-18.62226221744652],[-59.301380856549486,-18.62211209665736],[-59.301540228703175,-18.621843622585686],[-59.30176802235894,-18.62180163639249],[-59.30204989242134,-18.621943482036443],[-59.302309716755474,-18.62226669802675],[-59.30246361864886,-18.62212012099792],[-59.30257397730264,-18.62209258443363],[-59.30274105267432,-18.62217968443639],[-59.30285570095617,-18.622221252256338],[-59.30305692512178,-18.622271766481504],[-59.30311057965372,-18.622201961183237],[-59.303199704559745,-18.622062746761742],[-59.30327295596743,-18.621984224894675],[-59.30343743978182,-18.621984418314355],[-59.30361353490457,-18.622009976468007],[-59.30379184230941,-18.622263288666886],[-59.303895390341154,-18.62238781250585],[-59.30425905869134,-18.622533090361117],[-59.30439226523208,-18.62246292607665],[-59.30451492856537,-18.622373246795405],[-59.30473003076071,-18.622253109611734],[-59.304904355961924,-18.622172679640073],[-59.305171823169246,-18.622120689627877],[-59.30532259955544,-18.621795099189114],[-59.30536255431167,-18.621686673348336],[-59.30553758317649,-18.6216651391793],[-59.30583515474768,-18.621544107297552],[-59.30591787131152,-18.621562840595118],[-59.30614538216753,-18.621619276171714],[-59.30637219992872,-18.62161681268134],[-59.30672179343594,-18.62153447751234],[-59.306877142526844,-18.621591694388087],[-59.30713652737592,-18.621726312861597],[-59.3075619223564,-18.621947474095577],[-59.30783875947168,-18.621816851272854],[-59.30812273292463,-18.621421083043572],[-59.308284164787324,-18.621124825212405],[-59.30855994274992,-18.620905852729322],[-59.308743173192056,-18.620707529518143],[-59.308977702452694,-18.62048900578128],[-59.30916222586808,-18.620398640308053],[-59.30933725121048,-18.620377103835096],[-59.30966873737219,-18.620365853938438],[-59.30983718748587,-18.620368345067504],[-59.30993379364895,-18.620346858573384],[-59.31005570825545,-18.620245585044188],[-59.31028696509668,-18.62007719078582],[-59.310481071894344,-18.61997697095029],[-59.31056582521569,-18.619943861571585],[-59.31066225496812,-18.61993383187405],[-59.310829828784904,-18.619993575361548],[-59.31090060950345,-18.62008625442661],[-59.31101828744647,-18.6202598044938],[-59.31130529947535,-18.620378579690225],[-59.31160486512118,-18.620463181031198],[-59.31183348315909,-18.62046655877691],[-59.312062088873176,-18.620469935095173],[-59.31225548491386,-18.620415521207917],[-59.312473300933675,-18.620338555516582],[-59.312753038168296,-18.620147968546007],[-59.312948376446116,-18.619967590017268],[-59.31315697049979,-18.619707236337774],[-59.3133641614171,-18.619538487982936],[-59.31369537202136,-18.61913103227812],[-59.31406302997664,-18.61870121020462],[-59.31479992518979,-18.617738507350396],[-59.31514087060975,-18.617480104528056],[-59.315225973487486,-18.617424087955783],[-59.3155187973378,-18.617164971913553],[-59.31589776923113,-18.61678112799291],[-59.3162399468182,-18.61644255667028],[-59.31652055557788,-18.616194708257638],[-59.31671535548628,-18.616048687189505],[-59.316776746403434,-18.615969415291772],[-59.31703380808267,-18.615686858591857],[-59.31708458203303,-18.615515795928445],[-59.317391008672814,-18.615153792595265],[-59.31745380739301,-18.614982907456238],[-59.31757764481796,-18.614755663540393],[-59.31778218399154,-18.614758674507584],[-59.318188452957486,-18.614947922919555],[-59.31864390231215,-18.615069172860785],[-59.31888505998654,-18.615038367946852],[-59.319019700569186,-18.614891448717003],[-59.319094348399176,-18.61473219423027],[-59.319096988706065,-18.614560433535416],[-59.31905377927819,-18.61423907901849],[-59.31908136355975,-18.614010412284756],[-59.31923971395361,-18.613886756272393],[-59.319517675016755,-18.613810671471356],[-59.319820217984386,-18.613700593479905],[-59.31999025158353,-18.613600012717995],[-59.3202469583772,-18.613340354318666],[-59.32034514855968,-18.613215810888164],[-59.32044508775374,-18.61297675143453],[-59.320449309099956,-18.61270192737385],[-59.32040645778966,-18.612357682944776],[-59.32031494334382,-18.612047076527574],[-59.32033365669736,-18.611612112394766],[-59.32044493000103,-18.611419033923426],[-59.320726399821865,-18.61111392817469],[-59.32088580083888,-18.61092156089967],[-59.32089212968532,-18.61050931503246],[-59.32087175558763,-18.610268481385845],[-59.32062349129967,-18.60997848278771],[-59.32109027020647,-18.608576535534667],[-59.32260832317439,-18.606892276294786],[-59.322937037231725,-18.60664512324172],[-59.32309440613756,-18.605799862215576],[-59.32317189801597,-18.60503893921009],[-59.3232498910545,-18.604846800607277],[-59.32325957980436,-18.604818000038165],[-59.32331854162658,-18.604712147111115],[-59.32333792673535,-18.604654544315963],[-59.323456876789976,-18.604528904553263],[-59.32368680908138,-18.604449873496378],[-59.323856866208246,-18.604400191808566],[-59.324136461697606,-18.604276594359135],[-59.324543496179444,-18.603899128765306],[-59.32477055603863,-18.603581020115485],[-59.32493750186853,-18.603273129091065],[-59.3251864695975,-18.603107815044893],[-59.32541709837591,-18.60308616225842],[-59.32557837788096,-18.603141784270633],[-59.325930489655605,-18.603204875475683],[-59.326117036571304,-18.603108118449654],[-59.32636497631603,-18.602856882698063],[-59.326664588659696,-18.602729335285346],[-59.32738622563528,-18.60263540601477],[-59.3276095021007,-18.60249886501947],[-59.32776487323423,-18.602401851240074],[-59.328085144439626,-18.602321869797606],[-59.32843459289859,-18.602165105104405],[-59.328904687684656,-18.602002467972966],[-59.329343010917455,-18.601744121005254],[-59.32963062361199,-18.601454212225576],[-59.33017631622204,-18.600922508816836],[-59.330314874197256,-18.600758496478534],[-59.33038386516711,-18.600652591103312],[-59.33046288768111,-18.600546588333827],[-59.33059233647174,-18.60045913618137],[-59.330994040620965,-18.600473845344936],[-59.331525767664004,-18.600448888436745],[-59.3318467271867,-18.600426245075084],[-59.33205738813467,-18.60043378628683],[-59.33238519425373,-18.60024387562521],[-59.33259557016231,-18.600093028459696],[-59.33285479956214,-18.59994680758882],[-59.33321358864731,-18.599732579053295],[-59.33349415341945,-18.59969126210956],[-59.333936361632425,-18.599734191215077],[-59.33404757228192,-18.59979988209909],[-59.33449230379853,-18.600160245263226],[-59.33506610942811,-18.600409183907686],[-59.335320851149504,-18.60027547616687],[-59.335576113038655,-18.60010741509285],[-59.33577052678129,-18.599984269291838],[-59.33602509222226,-18.599862005282603],[-59.33620642966946,-18.599807396404117],[-59.33668708903741,-18.59981718934904],[-59.33690047764003,-18.599814836856808],[-59.337663835122044,-18.599908103212442],[-59.33850499112333,-18.600131234160358],[-59.339043408727264,-18.600531991515027],[-59.33958182950596,-18.600932748306093],[-59.340194175960164,-18.601143869678026],[-59.34040916288467,-18.601272224101763],[-59.3406548019924,-18.601414755163603],[-59.340718421046574,-18.601631926913456],[-59.340904153451675,-18.60186227653719],[-59.34124337315717,-18.602178077248993],[-59.341472365292304,-18.602204596046022],[-59.34159395337912,-18.602174208145357],[-59.34175496290186,-18.60209916569545],[-59.342093189354955,-18.60220732872898],[-59.342207896433706,-18.60226297269253],[-59.34223566824977,-18.60227842656468],[-59.34237487412281,-18.60238283842375],[-59.3425424846489,-18.602630542926363],[-59.342638780334994,-18.602848301877657],[-59.34276248371549,-18.602992093608975],[-59.342872006736286,-18.60322313714539],[-59.34305615541473,-18.60332271841571],[-59.343394142394914,-18.603536715665598],[-59.34368692470008,-18.603794768260343],[-59.34394887951407,-18.60402412587115],[-59.34416457479546,-18.604210443710315],[-59.34442652984029,-18.60443979882524],[-59.344567415641734,-18.604743073942245],[-59.34457218196127,-18.605134955019082],[-59.3445597645171,-18.60536734504791],[-59.34451686248167,-18.605600071324204],[-59.34447430168882,-18.605861821842723],[-59.34446065016749,-18.605992616354285],[-59.344523746037,-18.6061661066463],[-59.34464815922695,-18.60636795597111],[-59.344740318724405,-18.60642500153324],[-59.345015399161014,-18.606480015667103],[-59.34521356361881,-18.606477824116155],[-59.34548811420524,-18.606489310345182],[-59.34608329356627,-18.606540784227946],[-59.34626744896849,-18.606640363402732],[-59.34666622388937,-18.606740895857627],[-59.34695131765022,-18.60698558030225],[-59.34720066618627,-18.607206841327297],[-59.34773928104096,-18.60739795389111],[-59.348157927926025,-18.60756440693774],[-59.34862505827749,-18.607708659882633],[-59.348997498964025,-18.607774857449158],[-59.34933032817651,-18.607880438092764],[-59.34956012437732,-18.607902181847464],[-59.34990890398046,-18.60795644390356],[-59.350051367214064,-18.608084517510406],[-59.35013471507102,-18.608142993850436],[-59.350372725997886,-18.60831826752468],[-59.35065800027746,-18.608551500288343],[-59.35100411889283,-18.608739792025233],[-59.351302292922924,-18.608915939697965],[-59.35164824106579,-18.60911568763322],[-59.35197134971975,-18.609234929724266],[-59.35219890094612,-18.609306969051374],[-59.35240342924379,-18.609309942769812],[-59.35259893328282,-18.609264764900956],[-59.35275074752025,-18.60916594727462],[-59.35303941014536,-18.60878634477018],[-59.353064020566876,-18.608713224389135],[-59.35312643596808,-18.60860325980201],[-59.3532130184949,-18.608383749354402],[-59.3532997454447,-18.60817637755406],[-59.35337579951471,-18.608139104527083],[-59.35340838497524,-18.60811049992617],[-59.35361134958737,-18.608216531711037],[-59.354017162211164,-18.60844767063469],[-59.354606633948094,-18.608683949418605],[-59.354886984994266,-18.608668695336405],[-59.35509083476035,-18.608654289954472],[-59.35538260804293,-18.60852962871519],[-59.355533529969705,-18.608357970828706],[-59.35553085726838,-18.608139452520106],[-59.35552863127663,-18.607957347886668],[-59.35552729246746,-18.607848092276186],[-59.355512913024484,-18.60771469498809],[-59.35557532501787,-18.607604720494066],[-59.355588222679614,-18.607616728011067],[-59.355779472440815,-18.607614601149805],[-59.35593335977114,-18.60768574061774],[-59.35620289816728,-18.6078284415251],[-59.35640719281872,-18.607850450367664],[-59.35657145524965,-18.607727205522963],[-59.356722671808825,-18.60757982427458],[-59.35705719469087,-18.60714420588147],[-59.357377205402486,-18.606880477184745],[-59.357670309775415,-18.60686506820548],[-59.35806852410548,-18.607103475075803],[-59.358184461392625,-18.607199315664104],[-59.35845489213489,-18.607414853812486],[-59.35882790554416,-18.607677819573837],[-59.35927460682041,-18.607709266311645],[-59.35964896683976,-18.607640001984578],[-59.35980657758677,-18.607562120208968],[-59.36004122420866,-18.60716465262925],[-59.36022654446202,-18.606846649054205],[-59.36064303928623,-18.606360197330275],[-59.36190237723662,-18.60526343235682],[-59.36320653301084,-18.603757802371433],[-59.36371212896563,-18.603570811556494],[-59.36420626759627,-18.60331342532578],[-59.36459808462848,-18.603339272844835],[-59.36490562875031,-18.60339629608893],[-59.36526631940444,-18.60347286358217],[-59.365497828202535,-18.603369530887562],[-59.365665491561856,-18.60323669170765],[-59.365874980408364,-18.60306307452072],[-59.36612765091502,-18.60295950276003],[-59.36623393819673,-18.602998616057448],[-59.36652742442476,-18.603169856364445],[-59.36668330177048,-18.60320647629402],[-59.36676769277864,-18.60319624683541],[-59.36688851806059,-18.60316362853297],[-59.36701866548623,-18.60314097417455],[-59.367187194786595,-18.60307864366854],[-59.367586861059465,-18.60288275199963],[-59.367807333685846,-18.602879150190915],[-59.368095916219715,-18.602977811884386],[-59.368373456584266,-18.60317620556401],[-59.36843829085154,-18.603286302182482],[-59.36869566964674,-18.603565524531746],[-59.36881365440985,-18.603695181215073],[-59.36945263344387,-18.6040305816569],[-59.3699089155449,-18.60413629766714],[-59.37016654508977,-18.60443566084956],[-59.37029535208637,-18.604585342121027],[-59.37046896626714,-18.604936020005823],[-59.370503554532434,-18.605167355963488],[-59.370608611358875,-18.60543944469771],[-59.370773595359026,-18.60567090101887],[-59.37111886677894,-18.605916415026],[-59.371644263509495,-18.606187439715654],[-59.37215761691283,-18.60645829257203],[-59.37274230968177,-18.606787438164417],[-59.3734218614419,-18.607209576491925],[-59.374124106596014,-18.60772366760142],[-59.374529539743435,-18.607970044942704],[-59.37478167841317,-18.608008050002866],[-59.375011124423395,-18.60795409883366],[-59.375228889799075,-18.60787706568658],[-59.37547088420047,-18.607788936623706],[-59.37571425592654,-18.607609198773503],[-59.37583576694351,-18.607530770659082],[-59.37595865396861,-18.60736074932902],[-59.37615407842816,-18.607168867575865],[-59.37628951268175,-18.60696465946154],[-59.37651820992198,-18.606766659520645],[-59.376709727391074,-18.606579837978757],[-59.37718778818123,-18.606051226178124],[-59.37787750238715,-18.60565874756611],[-59.378375505125746,-18.605437694919715],[-59.37856625856085,-18.605189323281934],[-59.378741258218724,-18.604971906118294],[-59.37899623751508,-18.604692034182108],[-59.37926679777303,-18.604365808018485],[-59.37963558866409,-18.604146214890022],[-59.380135868513094,-18.604109810819693],[-59.38046001205913,-18.60419850255738],[-59.38078339621768,-18.604225644662904],[-59.38099410830955,-18.60428483123792],[-59.38131864584534,-18.604404293780817],[-59.38162777573325,-18.604585488142902],[-59.38186448336353,-18.604784427649918],[-59.38214018856979,-18.604873660603403],[-59.38246395328764,-18.604931573743613],[-59.38269043452726,-18.604959803959275],[-59.38306379578819,-18.605109492474924],[-59.383112627807975,-18.605139720423153],[-59.3832101036661,-18.60518478950894],[-59.38343963490837,-18.605459222615423],[-59.38365225743809,-18.605672275653205],[-59.38417293298539,-18.606187660910166],[-59.38825563486546,-18.60569424379446],[-59.39271912206465,-18.60508224207149],[-59.392791815660075,-18.60504892745604],[-59.39293618224144,-18.60505100329857],[-59.39309258421599,-18.60505324177285],[-59.39336877608332,-18.60509156341243],[-59.393803501900095,-18.605158952087777],[-59.394674663186436,-18.605473454143294],[-59.39581601875392,-18.60628946469467],[-59.39616049387564,-18.60670003281632],[-59.39674295177258,-18.607991777745724],[-59.39705211179478,-18.608654149366487],[-59.3974042202571,-18.608837325658385],[-59.39775206081265,-18.608844438155643],[-59.39805300281773,-18.60878696121972],[-59.3983907446343,-18.608656993923148],[-59.39867058282658,-18.608419551729867],[-59.39895199474665,-18.608308238300992],[-59.39961266719666,-18.608372822622187],[-59.40027559006302,-18.60861757950937],[-59.40059605090681,-18.608613941017666],[-59.40110255246219,-18.608409972482434],[-59.40145891074934,-18.608261754976695],[-59.401721698079086,-18.608168674003196],[-59.402404381507495,-18.608485279227352],[-59.402652359185424,-18.60871672494784],[-59.40300871163129,-18.609043488430075],[-59.40345821965889,-18.60956529945264],[-59.40399365456739,-18.6099738127686],[-59.40446047249037,-18.610140823557686],[-59.404920024004355,-18.609987039044654],[-59.405560042884304,-18.609835838336267],[-59.40622628916714,-18.610349280669652],[-59.40703215918302,-18.6106851594285],[-59.40757861414306,-18.610660918522115],[-59.40782344879625,-18.610640103857236],[-59.40850046272499,-18.610358818419854],[-59.40884140025315,-18.6100888048814],[-59.40920725126779,-18.609761888405103],[-59.40926030032989,-18.609430506105923],[-59.409263021332606,-18.60924729791003],[-59.409196442955306,-18.608868394852095],[-59.40911596713846,-18.608615279853893],[-59.40906056175055,-18.608293807492032],[-59.409077519908976,-18.607961906221192],[-59.4091312527961,-18.607584720581485],[-59.4090995687734,-18.607286486964824],[-59.40910381771158,-18.607000222274678],[-59.40915550649851,-18.606760448149487],[-59.40930259572963,-18.606579293377933],[-59.409509495184636,-18.606421897811515],[-59.409656750867555,-18.606229298036624],[-59.40971149656298,-18.60578341110454],[-59.40964168565796,-18.605622077948908],[-59.409686105967864,-18.605061510167445],[-59.409810820540315,-18.604765503926956],[-59.41003229242301,-18.604436524021708],[-59.41021631240636,-18.60419863612759],[-59.41025665152779,-18.603912888349612],[-59.41026039162102,-18.603660970589885],[-59.410097567002424,-18.603280692311955],[-59.40998236154536,-18.602935458995375],[-59.40986409889217,-18.602796339458052],[-59.409747018992505,-18.602577066140498],[-59.40975109788218,-18.60230224695505],[-59.409840067407345,-18.601982829606925],[-59.40991495960105,-18.601800646387744],[-59.41007491959806,-18.601562417660432],[-59.41024775764714,-18.60126709973821],[-59.4104949895883,-18.600823957796138],[-59.4106468246149,-18.60032218556057],[-59.410708669084784,-18.600208542025257],[-59.410930819697,-18.599833757818033],[-59.41102012413677,-18.59949143724907],[-59.411107562625375,-18.59927507549861],[-59.41131801455958,-18.598877217708548],[-59.411576580823635,-18.598480048377667],[-59.411967996907265,-18.59805041242481],[-59.41220165819351,-18.59771014727403],[-59.41236431954508,-18.59728869876335],[-59.41240431804931,-18.59702585224892],[-59.41258544149241,-18.596982619289065],[-59.412801813897204,-18.596997155234988],[-59.413041902600526,-18.59703493956374],[-59.41330673244215,-18.59702726135083],[-59.413524284044456,-18.59696164155696],[-59.413659842104266,-18.596745957803705],[-59.41356953430426,-18.59634381566599],[-59.41339078133291,-18.596226741467547],[-59.413042602183566,-18.596175966220244],[-59.412922637317536,-18.59615135928732],[-59.41274371519529,-18.59604573016935],[-59.41254124503257,-18.595905406528118],[-59.41236317638146,-18.595742528079313],[-59.412185951874335,-18.59552238938494],[-59.41198603186399,-18.595210308846276],[-59.41175933746365,-18.595081091595773],[-59.41161684509342,-18.59495307926875],[-59.411416240155575,-18.594686804999355],[-59.41133543238402,-18.59445658413938],[-59.41113482837619,-18.594190308599536],[-59.4108847551571,-18.59401494458416],[-59.410646368373875,-18.593862653051758],[-59.41052743658946,-18.5937693374712],[-59.410314297891034,-18.593537230092977],[-59.41012692259761,-18.593190969268335],[-59.40996360069346,-18.592845048595677],[-59.409836710168236,-18.59247674227197],[-59.40967849978995,-18.59178729254876],[-59.40956312701445,-18.59145351433739],[-59.40945944812921,-18.591142799999147],[-59.409355603242034,-18.590843540367644],[-59.4091678952243,-18.59052017216237],[-59.40890715759076,-18.590253033661725],[-59.40874486571903,-18.58983840190575],[-59.408824008775014,-18.589369953686003],[-59.4090227708914,-18.588949026863645],[-59.40902753145144,-18.588628413075128],[-59.40905516241588,-18.588388289751663],[-59.40901588516215,-18.58779216606331],[-59.409008788426604,-18.587459926486815],[-59.409023534641335,-18.58727689598834],[-59.4090731854115,-18.587174516992206],[-59.40911131087324,-18.58703763173645],[-59.409464746218646,-18.586733442556124],[-59.409695172427064,-18.586610748549788],[-59.40985172474342,-18.586601527918788],[-59.41002994791984,-18.586752963756453],[-59.410245621202705,-18.586813299642074],[-59.41052008763228,-18.58696611087339],[-59.41085435650842,-18.58714267280385],[-59.4110293560355,-18.587511667930585],[-59.41119283846132,-18.587846144186358],[-59.41140257673595,-18.58830725288351],[-59.41153945408735,-18.588813143648792],[-59.411894392974375,-18.589219058778042],[-59.4122406927122,-18.589395787852084],[-59.412589710376494,-18.58938931628188],[-59.41295228902129,-18.5892799472698],[-59.41320559092975,-18.58923774975915],[-59.413589676258425,-18.589300481361818],[-59.41376944238522,-18.589348857338393],[-59.41392462806232,-18.58943124258252],[-59.41428279345911,-18.58961959453302],[-59.414402586484584,-18.589655655613512],[-59.415114351079865,-18.589528362050373],[-59.41559857256408,-18.58932910166874],[-59.415878811362916,-18.589092574062818],[-59.41629390767679,-18.588686175406224],[-59.416935866222104,-18.58839754007255],[-59.41737552619526,-18.587957129006952],[-59.41750565464861,-18.58729470218816],[-59.41842681440755,-18.58602507319921],[-59.4194968822967,-18.585261491500773],[-59.42078703653846,-18.585073673750003],[-59.42183389990589,-18.585065650754757],[-59.42276894498798,-18.58529654016803],[-59.42365181992392,-18.585801555840874],[-59.42462262228065,-18.586055844629016],[-59.42494808715281,-18.58601465488738],[-59.42505668467686,-18.585993290367526],[-59.42558832077361,-18.585840497857248],[-59.42587786856126,-18.58578733514753],[-59.42653844376616,-18.58586542543003],[-59.42681224417447,-18.586064007580944],[-59.42718143336515,-18.58632120773848],[-59.427899124167936,-18.586606256494633],[-59.42823323400188,-18.586794232056775],[-59.42848854569252,-18.58661460276221],[-59.42868218660897,-18.586537185314114],[-59.4289072042597,-18.586780883577546],[-59.42914406687049,-18.58703619839065],[-59.429560876636,-18.587328426352485],[-59.429981725555194,-18.587345845074424],[-59.430548608712854,-18.587250792219436],[-59.43109514275676,-18.58690349562653],[-59.431835655086786,-18.586455857683006],[-59.432499943596326,-18.5862820124089],[-59.43304083344515,-18.585499422947407],[-59.433044713558786,-18.585236061998273],[-59.433204458592,-18.5850092666808],[-59.43332643277057,-18.58489645777462],[-59.433416356777286,-18.584508337156194],[-59.433335527745214,-18.584278128444623],[-59.43333838243211,-18.584083474155932],[-59.43340088358639,-18.583924020562677],[-59.43375461086748,-18.58359689216178],[-59.43424131781154,-18.583225825366526],[-59.434349911754,-18.58320445691163],[-59.4346025182831,-18.583208036388783],[-59.43486697718146,-18.583223221399976],[-59.43504606328759,-18.583317381471204],[-59.43532037240698,-18.583481601125982],[-59.435592990724786,-18.58376032413588],[-59.43573717156778,-18.58377381468074],[-59.435931315970095,-18.583662033275345],[-59.436125462326686,-18.583550239944657],[-59.43655714341179,-18.58364796671748],[-59.437156902339495,-18.583770973715957],[-59.43738309463663,-18.583934508411573],[-59.43769299201233,-18.58413357973376],[-59.43824664960806,-18.584118499687406],[-59.43829661365601,-18.583993224629523],[-59.43844448502415,-18.5837548010752],[-59.43862794507146,-18.583551240245697],[-59.43879786684704,-18.58345056569891],[-59.439122635310184,-18.583455146746928],[-59.43968983965209,-18.58333717666318],[-59.43985824016232,-18.583339554743134],[-59.440038504522136,-18.583353548446496],[-59.44027907676275,-18.58335694293544],[-59.44059434591361,-18.58318960284919],[-59.44075306958729,-18.583031500565482],[-59.44076862521672,-18.582791207541334],[-59.44074876039872,-18.582504612523394],[-59.440889473843185,-18.581933954350518],[-59.44118370762965,-18.581560160462857],[-59.44166222182861,-18.580925550304812],[-59.44186972865987,-18.58072233394995],[-59.44228189107491,-18.58051053907377],[-59.44248720935417,-18.58045617628045],[-59.442715753964535,-18.580459393790193],[-59.442859087981276,-18.580530130146144],[-59.44297584566357,-18.580772292726465],[-59.44299738797861,-18.58094438905158],[-59.44299588058334,-18.581047442083786],[-59.443086397860554,-18.58143811015185],[-59.4430840561738,-18.58159841396821],[-59.44316573793054,-18.581771357882133],[-59.443261964099236,-18.581772716602472],[-59.443442729264405,-18.581752358230858],[-59.44362064905937,-18.581926660789406],[-59.44383665476721,-18.581964065402303],[-59.443969976025414,-18.58189722104032],[-59.44399621836908,-18.581748708117857],[-59.44386742307864,-18.581506380956853],[-59.443784730049344,-18.581402142781712],[-59.44376285194335,-18.581252949075406],[-59.44378892461873,-18.581115880956247],[-59.44390988031063,-18.5810717729683],[-59.444114196796534,-18.581086107975636],[-59.44439068523536,-18.58110145446591],[-59.44471613464617,-18.581060233155313],[-59.445162027133904,-18.581009249806982],[-59.44577665267724,-18.580937736393594],[-59.44620935032998,-18.580966736454855],[-59.44643755318657,-18.58099285679259],[-59.446954275430414,-18.58103449232408],[-59.447495218831705,-18.58106501334578],[-59.44835460657151,-18.580710616573924],[-59.44865751837682,-18.579741400186492],[-59.44878634799829,-18.57915911588202],[-59.44934952002836,-18.578491334461432],[-59.44970152835185,-18.57827867966313],[-59.45042657418952,-18.578059821247223],[-59.45065527392359,-18.578051588673816],[-59.45086893965788,-18.578249287737435],[-59.451384313621304,-18.578382508966968],[-59.45158713080275,-18.578499887464545],[-59.45168234952837,-18.57856994173227],[-59.4520642440703,-18.57878146288158],[-59.45239836590201,-18.57896939862968],[-59.45276572844409,-18.579352500960454],[-59.45314394480283,-18.57981591949624],[-59.45327291532004,-18.58004678636871],[-59.45338785231161,-18.580414887207155],[-59.45348074804372,-18.58064525113491],[-59.45358448156799,-18.580955924269063],[-59.45368723367636,-18.581335311539817],[-59.45370677717324,-18.581644807933117],[-59.453834411704634,-18.58196727134748],[-59.45417940113765,-18.582235528931278],[-59.45445455325137,-18.582342469356263],[-59.45465670259796,-18.58250563941033],[-59.45490529334802,-18.582783995974182],[-59.45523825666561,-18.58305208259162],[-59.45552276902089,-18.583342393989824],[-59.45589231478999,-18.583576631837786],[-59.45649993794569,-18.583985991782242],[-59.457245208119446,-18.5840308041507],[-59.45782258812619,-18.584038901344456],[-59.458219369618746,-18.58405591506505],[-59.45851991420824,-18.58407157792317],[-59.458734267719706,-18.584223470643963],[-59.45903281724793,-18.5843765412273],[-59.459223108665356,-18.584528084759597],[-59.45952165909915,-18.5846811528059],[-59.459893382425776,-18.584766533952745],[-59.46020529047041,-18.584828162633073],[-59.46051770527805,-18.58485544277022],[-59.46072119711067,-18.584927006970474],[-59.460984159701866,-18.58504521659586],[-59.46111614148475,-18.58506996944925],[-59.461427387458116,-18.585177398539543],[-59.46160699129143,-18.585237174215706],[-59.46195449028704,-18.585333666406655],[-59.46232654897864,-18.585396132637698],[-59.46263896224616,-18.58542340594113],[-59.463008852491896,-18.58563472852643],[-59.463405472750196,-18.58566318645478],[-59.46399338067806,-18.585774482526062],[-59.46452081621351,-18.585907832345697],[-59.46478594976372,-18.585877187772326],[-59.465050578638625,-18.585880881890944],[-59.46548660698119,-18.585680829602893],[-59.46575140783585,-18.58567307809892],[-59.46594535785874,-18.585572712061833],[-59.466200952505346,-18.585370141574344],[-59.4664669192087,-18.585282238831212],[-59.466897060421275,-18.58465835772097],[-59.46706107821018,-18.58413382627407],[-59.46720823999851,-18.583941187356345],[-59.467533011972534,-18.583945720241104],[-59.46790523148792,-18.583996729914475],[-59.46804907982346,-18.584033099005126],[-59.4682398744705,-18.58415029340358],[-59.46846543087827,-18.584359580702994],[-59.46858272383122,-18.584567367556758],[-59.468939604231196,-18.584847213761634],[-59.46987318879661,-18.585180916325896],[-59.470698021094336,-18.585547445847567],[-59.47153986077541,-18.585570646030646],[-59.47193730247477,-18.58554182618451],[-59.47217787432231,-18.585545179734027],[-59.47246988559442,-18.585320199027706],[-59.47282004444082,-18.585233465501574],[-59.473037219633056,-18.58519067611371],[-59.47337501267458,-18.585126668727014],[-59.47359318547262,-18.58501518867058],[-59.47378796159319,-18.584857566518508],[-59.473996425352766,-18.58458561343349],[-59.47412052026294,-18.58432392553243],[-59.4742655311872,-18.584280138991573],[-59.474747830834986,-18.584206690894348],[-59.47485658432885,-18.584173841283587],[-59.47498889462469,-18.58417569107945],[-59.47508529318554,-18.584165580550632],[-59.47523079836998,-18.584087437756068],[-59.475317973086874,-18.58388250961582],[-59.475322113904326,-18.583596254794656],[-59.475323605880476,-18.583493201766487],[-59.47543467916347,-18.58330005344675],[-59.47558265933998,-18.583050161378992],[-59.47581534380862,-18.58276708980725],[-59.47586394890021,-18.58273340560106],[-59.47622927209983,-18.58242927198853],[-59.47642404341474,-18.58227164801326],[-59.47680023646211,-18.582047840009807],[-59.47701824085078,-18.581947797509315],[-59.477188954831774,-18.581789839895748],[-59.47730084742972,-18.581539442076462],[-59.47724434412697,-18.581286706050037],[-59.47716279978181,-18.581102324941526],[-59.47711633879209,-18.58098715732467],[-59.47707137369025,-18.580768933825027],[-59.477075177937024,-18.580505579894748],[-59.4771043670973,-18.580150951398196],[-59.47717901302963,-18.579980207927633],[-59.47733736723433,-18.579844979318807],[-59.477820812351695,-18.579691371343415],[-59.47794605819507,-18.57934954124096],[-59.47797110855106,-18.579281179035263],[-59.47798611943392,-18.579075238252983],[-59.47799025805136,-18.578788983317565],[-59.4779706622337,-18.57847949639512],[-59.47796211134846,-18.578238868795893],[-59.47791731171236,-18.57800920100118],[-59.477908425163605,-18.577791477619996],[-59.477960174514294,-18.57754024086006],[-59.477987216670556,-18.577334475795055],[-59.478074386418655,-18.577129541899353],[-59.47824409971389,-18.577040287914087],[-59.47834115344074,-18.576984372385766],[-59.47848697985722,-18.576883326080406],[-59.478753910078865,-18.576726711025913],[-59.47919154945009,-18.57641213036669],[-59.479614180697695,-18.576303477431964],[-59.48021083335237,-18.575807871285235],[-59.480734308200454,-18.575379956255233],[-59.48119517276649,-18.57512295299631],[-59.48141713173442,-18.574748105386277],[-59.481615029765635,-18.57437292679765],[-59.4817536091432,-18.573939654404114],[-59.48189269315935,-18.57347204611125],[-59.48208993022166,-18.57314266034342],[-59.4823947487011,-18.5728605834081],[-59.48275987881755,-18.572567896740225],[-59.483331781130516,-18.572117746017398],[-59.48380598445158,-18.571769304904706],[-59.48410766321166,-18.571704778294873],[-59.48470788666708,-18.57179327959176],[-59.48553729153906,-18.57183914829767],[-59.486031743681735,-18.571754395077846],[-59.486644827416455,-18.57178580607291],[-59.48747852130214,-18.57153396642002],[-59.48827464587458,-18.571384673283603],[-59.48860054819369,-18.571309031481803],[-59.48886696020986,-18.571186743328326],[-59.48906154145601,-18.571040564945235],[-59.48935201513791,-18.570918613260915],[-59.48964166704269,-18.570853914411373],[-59.490050597779714,-18.570859582023786],[-59.49031520645457,-18.57086324453826],[-59.490736003349696,-18.57088052476962],[-59.49108463855225,-18.570896812216517],[-59.49133688867573,-18.57092320823483],[-59.49148022785897,-18.57099390834958],[-59.49162373217223,-18.571053161540647],[-59.49177877552637,-18.571146924917173],[-59.491814694569314,-18.57115887627549],[-59.49212527305525,-18.57131205844547],[-59.49227949060139,-18.571463071826088],[-59.49243304341326,-18.571659885841598],[-59.49250323789255,-18.57179829107082],[-59.49271628284339,-18.572041731504044],[-59.49285830873123,-18.57220403606982],[-59.492964085624976,-18.572377283000492],[-59.493116244191185,-18.572680749308574],[-59.49319157390704,-18.573024772251188],[-59.4932088587542,-18.573045455380964],[-59.49321238461897,-18.573109264805908],[-59.49334174183974,-18.573305832683502],[-59.49356689924417,-18.573538075503677],[-59.49368420477259,-18.573734478444976],[-59.49381374916345,-18.573919579655694],[-59.49400533881044,-18.573990942746775],[-59.49424327990897,-18.574177526506332],[-59.494408948843386,-18.57436312861273],[-59.49452773050905,-18.574467873804906],[-59.49472916716593,-18.574676881694018],[-59.4949296935344,-18.574943166804758],[-59.495117793301006,-18.575232197847868],[-59.495306269281855,-18.575498317936876],[-59.49549438516908,-18.575787357006277],[-59.495636148211986,-18.57596116820821],[-59.49575236263729,-18.576226311547316],[-59.49584577477896,-18.576410927985023],[-59.49596253811359,-18.57664169658159],[-59.4960678172979,-18.57683793369148],[-59.49631191932474,-18.577391285441024],[-59.49643945139934,-18.5777024125062],[-59.496495448612336,-18.577966734426127],[-59.49650344794651,-18.57821894257802],[-59.49651145583164,-18.57847115177134],[-59.496509434037705,-18.578597169582224],[-59.496493169546056,-18.578860514554606],[-59.496500438770056,-18.579158545227358],[-59.4966042471205,-18.57944643404744],[-59.49672027724591,-18.57972303150649],[-59.49683723520269,-18.579942342907884],[-59.49689451758354,-18.58012646639736],[-59.49693846716565,-18.580390623337053],[-59.49695851614041,-18.58064299632025],[-59.49696726158453,-18.580849375312653],[-59.49699899088927,-18.581124821560138],[-59.49706684924939,-18.581400763233148],[-59.49720807448983,-18.581608946279914],[-59.497313902747464,-18.5817708157345],[-59.497466442007976,-18.58202498357963],[-59.49753503901695,-18.58225509615602],[-59.49760363606288,-18.582485214107805],[-59.49763609280666,-18.582714830030966],[-59.49771472203361,-18.583071128802715],[-59.497759773095765,-18.583266545387858],[-59.497816333035985,-18.583496498093155],[-59.49793218535649,-18.5837845503886],[-59.498049693285395,-18.58396948515832],[-59.49826410670664,-18.58412136740378],[-59.498433827789256,-18.58405491313465],[-59.49863785564838,-18.584103524347142],[-59.49880463885296,-18.584220371254958],[-59.4989832826123,-18.584348850251615],[-59.49923420036379,-18.584478302408172],[-59.499378186535125,-18.58451463482737],[-59.499510120874845,-18.58455079468905],[-59.49969041960776,-18.584576163844474],[-59.50001525921755,-18.584603484276613],[-59.50019592291028,-18.58460593313515],[-59.500388453988194,-18.584620002351414],[-59.50048480994252,-18.584621310536534],[-59.50060580423718,-18.584588575245164],[-59.50076035771832,-18.584716724482803],[-59.501099713766735,-18.584652560303653],[-59.50176978513383,-18.58381899600147],[-59.50215244511992,-18.583842525034754],[-59.50247712620933,-18.583818026325105],[-59.50278640921016,-18.58370601224499],[-59.50308102824437,-18.583563224732927],[-59.503316811833656,-18.583498518283307],[-59.50362533795493,-18.58354643919813],[-59.5046982445042,-18.583621391433724],[-59.50513123820974,-18.58359559923406],[-59.50530369359757,-18.583485208897798],[-59.505416094092766,-18.583360062524207],[-59.50562019376923,-18.58305325556171],[-59.505775765965325,-18.582741872326437],[-59.505838421632575,-18.582519285407102],[-59.505922656119594,-18.582420269050317],[-59.50610642650969,-18.582337821012743],[-59.50637396805604,-18.58234515060019],[-59.50681645063611,-18.582392467193415],[-59.50830970672416,-18.582365226403],[-59.50841741845852,-18.582317509550023],[-59.50895001007706,-18.582007816311148],[-59.509314330439224,-18.581745524375606],[-59.50952954391471,-18.581634619904207],[-59.50962537174422,-18.581550932972277],[-59.5097920905705,-18.581213404763503],[-59.51007929737335,-18.580947082633713],[-59.51051543515837,-18.580510729519972],[-59.510745611724076,-18.58032922205956],[-59.511150450543425,-18.58016665103662],[-59.51170905062588,-18.580202055814652],[-59.512538358735355,-18.58048659416795],[-59.51266789266356,-18.580611248219498],[-59.51282206903659,-18.580840753244615],[-59.512907027783,-18.581112580802483],[-59.512993429085554,-18.581238906468172],[-59.51312645127376,-18.581381767332175],[-59.513341106163296,-18.581446271100106],[-59.513454988110425,-18.581434588109005],[-59.513539952206315,-18.58139230144195],[-59.51389557703766,-18.581336476826607],[-59.51407800256726,-18.581334297234264],[-59.51417565693737,-18.581389882800238],[-59.5142557355573,-18.58140955776736],[-59.51444108621655,-18.58141250650624],[-59.51488818761993,-18.58115954133234],[-59.51515619596779,-18.580944814482734],[-59.515324311280494,-18.580720974535097],[-59.515381249731035,-18.580498462759238],[-59.515418987563294,-18.580116253454037],[-59.515485031698006,-18.579934904996378],[-59.51555234416344,-18.579851555463847],[-59.515736810147985,-18.57978743727],[-59.51607240670057,-18.579726686584877],[-59.51616958603557,-18.579746166350503],[-59.51641457971806,-18.579949590560318],[-59.516496286964866,-18.58009305449616],[-59.5166860245198,-18.580214603590434],[-59.51699223690372,-18.58030380506483],[-59.517181313817446,-18.580373763297075],[-59.517641294092925,-18.580450806200076],[-59.5179380057632,-18.58046790054459],[-59.51824842271117,-18.58044354552436],[-59.51859562543808,-18.580398119749532],[-59.51891282587849,-18.58045623765662],[-59.51928487153418,-18.580565277235678],[-59.5194602941649,-18.58068152518888],[-59.519516668535175,-18.58077162678194],[-59.51956274487435,-18.581023862740096],[-59.51959844886841,-18.5811369267052],[-59.519695215203456,-18.581342121564603],[-59.51983414196138,-18.581500385392815],[-59.520165735704154,-18.58178531353832],[-59.52041249818393,-18.581906164711484],[-59.520764520358966,-18.58201028870093],[-59.52096961553502,-18.58199751618133],[-59.52133567981116,-18.58186931381198],[-59.52165787455385,-18.581613074363304],[-59.52208595476122,-18.581450211210324],[-59.522641645016904,-18.581264780135257],[-59.523303072565284,-18.581162204165082],[-59.523478708357004,-18.58125474413356],[-59.5240147508988,-18.581342955000594],[-59.524421648681994,-18.58133807482949],[-59.52494578647838,-18.581405386972733],[-59.52541054553825,-18.581378789447854],[-59.52594381192074,-18.58125670442638],[-59.526279709720995,-18.5811580343522],[-59.52652371822808,-18.58114459027297],[-59.526756523524796,-18.58116283257175],[-59.526921004153564,-18.581122139223055],[-59.527106532810706,-18.580923875540236],[-59.52745549112842,-18.58079587602009],[-59.52762994767568,-18.58074674244591],[-59.527862880296766,-18.580775504552832],[-59.52831795121364,-18.580896216696317],[-59.52874620220092,-18.581159335070083],[-59.52905513061597,-18.58123815864866],[-59.52929850452739,-18.581317776346054],[-59.52944237862624,-18.581419213693664],[-59.52963045208929,-18.581628474572426],[-59.529826467485634,-18.582007873276325],[-59.53084933295361,-18.582857852371887],[-59.53130004459297,-18.583149240319358],[-59.531507339141626,-18.58337572255641],[-59.53277140762111,-18.58443846849235],[-59.53295044723279,-18.58461170933458],[-59.533137223768335,-18.58472295937628],[-59.533410666071575,-18.58470418658311],[-59.53405844839091,-18.584753123285168],[-59.53443576236867,-18.58461444586618],[-59.53503507151015,-18.584447298047223],[-59.53548339358446,-18.58428713042707],[-59.53581503704339,-18.58414384746169],[-59.536094710503676,-18.584166267980265],[-59.53622053968843,-18.58419570626552],[-59.53639543616032,-18.584270978488462],[-59.53648609139583,-18.58422861264978],[-59.53654812690661,-18.584176268695273],[-59.53660382900836,-18.584077584066904],[-59.536710498612365,-18.583952480829623],[-59.53712304330713,-18.58389075363135],[-59.5374564014777,-18.583876416065834],[-59.53783809851143,-18.583724591869384],[-59.5382420738278,-18.583498890674775],[-59.53851691596941,-18.583180100026766],[-59.53867581228667,-18.58290991969426],[-59.538798006487184,-18.582406063189296],[-59.538912040155765,-18.582236419442665],[-59.53917636522897,-18.58200188828107],[-59.539500764455454,-18.581913847223063],[-59.539779649476145,-18.581899965760783],[-59.540101813990134,-18.58164369716519],[-59.5401818634532,-18.581316949451264],[-59.54060738540312,-18.580945534538387],[-59.54080114100111,-18.580938031354265],[-59.54107260632429,-18.580986339913977],[-59.54115344261572,-18.58106275400462],[-59.54123393507581,-18.5811133568356],[-59.54132521360543,-18.581117417442897],[-59.54141621803939,-18.581100849903123],[-59.5416393287594,-18.580943064238852],[-59.54172977522785,-18.580967899860696],[-59.54210445181212,-18.581163168600256],[-59.54292189987149,-18.581426689367277],[-59.54344686781019,-18.581556475382456],[-59.54373391831808,-18.581692503660236],[-59.54389957090399,-18.58171629233391],[-59.54413906287243,-18.5817185495211],[-59.5443535876758,-18.581772701746786],[-59.54450277115194,-18.58184312450129],[-59.544623925769486,-18.581949987096323],[-59.5447427086462,-18.58209300396726],[-59.544826477139566,-18.58227075872253],[-59.54488740501051,-18.582480332620435],[-59.545377169360904,-18.582998796022082],[-59.545604414345576,-18.58306052888497],[-59.54583510965625,-18.58292103197431],[-59.54612393512832,-18.58278083229908],[-59.546333340058254,-18.58278880091541],[-59.546648075909616,-18.582848090350126],[-59.547412441014046,-18.582617995011674],[-59.54777983141821,-18.58226652977487],[-59.54794352471714,-18.58200960355458],[-59.548039063995816,-18.581905273008772],[-59.54825056601351,-18.581732469677547],[-59.54830578832599,-18.581597669876373],[-59.548423092503924,-18.581415683447062],[-59.54849094712699,-18.581373598869106],[-59.54854225278956,-18.58137297580032],[-59.54868143909266,-18.581335170081218],[-59.548921471544816,-18.58101401778839],[-59.549221674635476,-18.580865930252116],[-59.54970323505921,-18.580849774562523],[-59.55009678172377,-18.58086048028656],[-59.55036093150494,-18.580917722354627],[-59.550560606686474,-18.58103823327258],[-59.55074672337042,-18.581195197629825],[-59.55099472785747,-18.58144415024242],[-59.551205882130034,-18.58170928911727],[-59.55124563561145,-18.58183789860226],[-59.55157699551796,-18.58253539474896],[-59.55174975249514,-18.582739160973574],[-59.551996204126795,-18.583195063514268],[-59.55221074808594,-18.583486013690163],[-59.55233774042614,-18.58354576521856],[-59.55245236274237,-18.583559188149252],[-59.55255430416673,-18.58351075918023],[-59.55263275605847,-18.583431723986678],[-59.552804887305,-18.583319944261802],[-59.55295826677445,-18.58327056378431],[-59.55311383440818,-18.583329801408183],[-59.55319405724765,-18.583338675206846],[-59.553267735848294,-18.58330628544462],[-59.553353922556994,-18.58318573224153],[-59.55337938457393,-18.583030064239153],[-59.55333308508847,-18.582860195350577],[-59.55334825059765,-18.582761623966405],[-59.55371750767671,-18.58250137323813],[-59.55394788207707,-18.58230057504403],[-59.554005695864305,-18.581906355209412],[-59.55406523484197,-18.58173971743969],[-59.55415713974941,-18.581619059331103],[-59.55429856633805,-18.58154405024203],[-59.55443303187337,-18.58140708118026],[-59.55451817446817,-18.581234798733647],[-59.55450148620389,-18.580831599827718],[-59.55445086487356,-18.580589391661306],[-59.5544780339132,-18.580376790169964],[-59.55460595310478,-18.58019855817986],[-59.55470252685643,-18.580026075518617],[-59.55476693780474,-18.57975072542763],[-59.55480999012059,-18.57947575888909],[-59.55487016416117,-18.57934015313424],[-59.554982908481634,-18.579260489615876],[-59.5552411740498,-18.579167819208408],[-59.555498352965515,-18.579163108386012],[-59.555618058202185,-18.579145402650568],[-59.55581232671955,-18.578996986860147],[-59.55616239697838,-18.578431694880976],[-59.55616717936272,-18.57820260741107],[-59.55605048475542,-18.578085762785463],[-59.555981426682195,-18.577921490560584],[-59.555970172987884,-18.577362805247617],[-59.5560864860405,-18.576770154825226],[-59.55645666680624,-18.576046315020562],[-59.55721551729158,-18.575515704151996],[-59.55745666247856,-18.57533202538957],[-59.55803347821694,-18.575026200329035],[-59.55829369129026,-18.574631256828525],[-59.55846235806564,-18.574322365594412],[-59.55908805626706,-18.57297168829598],[-59.5592908297466,-18.572619979369733],[-59.559436184010224,-18.572310935904056],[-59.55955088040247,-18.572219182376614],[-59.559785444083104,-18.572085554473745],[-59.56001882318333,-18.572034711076867],[-59.560446976882474,-18.57186132228128],[-59.56073990659746,-18.57150385108082],[-59.56078708970307,-18.571074682583287],[-59.56075713521119,-18.57072344902747],[-59.56070413569432,-18.570646823800132],[-59.56061186412501,-18.57060712884055],[-59.56055451023076,-18.570597837242133],[-59.56031255934852,-18.570648830143227],[-59.56007047359395,-18.570834344863783],[-59.55996811616848,-18.570862078559287],[-59.55989383558341,-18.570863440669655],[-59.55984176737854,-18.570833352906163],[-59.55978918443583,-18.570777418472346],[-59.559744656284465,-18.570695463058712],[-59.55975784611991,-18.570498639158586],[-59.559855139274305,-18.570362352021277],[-59.559979090055606,-18.570149180193084],[-59.560288040530054,-18.569858794937772],[-59.56065653283872,-18.569630596963293],[-59.561121017424796,-18.56953771143418],[-59.561775183256714,-18.569599526048137],[-59.56204196895186,-18.569531351628257],[-59.56216781906386,-18.569413055891232],[-59.562175225393446,-18.56920202194891],[-59.562098710200814,-18.5688765305286],[-59.56209877309419,-18.568559193047975],[-59.5621234745779,-18.568367337218774],[-59.56227220938416,-18.56823010535868],[-59.562720999605574,-18.56793714983553],[-59.56287017495839,-18.567818426181418],[-59.56324776413982,-18.567463515963425],[-59.56345159583549,-18.56716451123515],[-59.56346363012693,-18.566605410441127],[-59.56359625243681,-18.566244443689186],[-59.563993952626106,-18.565730993532043],[-59.56419948218354,-18.56551632377932],[-59.564579618210644,-18.565287897995233],[-59.5653341287902,-18.5645464434142],[-59.565599843175335,-18.564425568343893],[-59.56586767510089,-18.564410116296983],[-59.5661098689327,-18.564279118616014],[-59.567280738427655,-18.56337183260507],[-59.567985910439404,-18.56307416696893],[-59.5683117980156,-18.563047091842066],[-59.56907289640765,-18.56263238967125],[-59.5696106352554,-18.562126900627902],[-59.569839885442775,-18.56193286559028],[-59.57009521121989,-18.56187545391157],[-59.57030881342064,-18.56206075659287],[-59.57054100571446,-18.562583970817514],[-59.57092875369921,-18.56272452901152],[-59.571370318427626,-18.56264255799573],[-59.57196111801858,-18.56244180167664],[-59.57217055579281,-18.56241684451993],[-59.572417323804075,-18.562507257150457],[-59.57274569729833,-18.5625961609515],[-59.573011737619936,-18.56248576823839],[-59.573160324743526,-18.56233534441708],[-59.57323834550732,-18.562156082597028],[-59.573253572318436,-18.56177646347902],[-59.57321627809472,-18.561487453940856],[-59.573234839811846,-18.561275003487538],[-59.57339794900338,-18.56114267431883],[-59.573547925415426,-18.561067496375415],[-59.57371689763477,-18.5610199593188],[-59.574244954582355,-18.561189172783315],[-59.57478657915789,-18.561326029704276],[-59.57530222057801,-18.561523462442437],[-59.575474599340225,-18.561566849121505],[-59.57578688088864,-18.561602485513276],[-59.57610065858199,-18.561570841481455],[-59.57656057442864,-18.561557194411762],[-59.57693045564088,-18.56147279403723],[-59.5772611910329,-18.561290813553512],[-59.577595932830036,-18.561165663997087],[-59.57772736892406,-18.56116324062475],[-59.57781234709938,-18.561125464517147],[-59.57789089142369,-18.56105158909753],[-59.578060879041345,-18.560836368110984],[-59.57844221222774,-18.560612064178656],[-59.578949007033486,-18.560090587713262],[-59.579418093000356,-18.559683606292197],[-59.57973983843243,-18.559481106614328],[-59.57997227047616,-18.559244025385112],[-59.58009589843505,-18.55913828535779],[-59.58022565316685,-18.559053121068416],[-59.58038185656574,-18.559003686988035],[-59.580482403289125,-18.55888802680431],[-59.580549856080324,-18.558690197311478],[-59.58054461473074,-18.55843163237813],[-59.5806933246601,-18.55829439644475],[-59.58076189484598,-18.558293132450785],[-59.58097093468848,-18.558240921690356],[-59.58118872240124,-18.558057641351525],[-59.58142319837276,-18.55754717079469],[-59.581653285132006,-18.557395301833083],[-59.582048656570635,-18.557345828402617],[-59.58232878271866,-18.55736175473305],[-59.582757990674054,-18.55753864768633],[-59.582914062422844,-18.55762371853632],[-59.58321244205496,-18.557819957407162],[-59.58335074653928,-18.557874314003584],[-59.58353910770262,-18.557860493926682],[-59.583843775595255,-18.557803140122985],[-59.58432284300818,-18.55774774139161],[-59.58499593712969,-18.557860789762287],[-59.58511548617571,-18.55768768906546],[-59.58514216752138,-18.557594080410524],[-59.585133748823125,-18.557320061710072],[-59.585081951703444,-18.557020980891195],[-59.585025567075036,-18.55691856040454],[-59.58492934119391,-18.556542693424774],[-59.58482361772542,-18.555980780485584],[-59.58483979518303,-18.555370048954387],[-59.58491612013853,-18.555187585687463],[-59.584994053929165,-18.554943005315238],[-59.5851861516,-18.55469083491903],[-59.58533983879249,-18.554517602443013],[-59.58545856536131,-18.554327864596814],[-59.585512563083284,-18.55411597253004],[-59.58562503506158,-18.55391353750656],[-59.585945559241736,-18.55362290220245],[-59.58674910016157,-18.553007011065517],[-59.58721769215657,-18.552544936182016],[-59.5874538964224,-18.55249401989937],[-59.58783805456886,-18.552269650273843],[-59.588102864527514,-18.551938845912048],[-59.588589675924595,-18.551562571611726],[-59.589005466067704,-18.551347965673187],[-59.58950455247884,-18.551012832791628],[-59.59001137287896,-18.550496495981008],[-59.59012968520318,-18.550411536909337],[-59.59058729914261,-18.550004747079754],[-59.59099761492098,-18.549521246212862],[-59.59122781176609,-18.549175565732185],[-59.591651130852995,-18.548769409073543],[-59.59177255229497,-18.548415388114165],[-59.591946861001816,-18.548132814142377],[-59.592213033785015,-18.547869229975618],[-59.59225029591357,-18.54773404228257],[-59.592259414477894,-18.54762006750383],[-59.59251564999249,-18.547149746459468],[-59.592724559772705,-18.546882054680793],[-59.59311054375161,-18.546326572736177],[-59.59328846615074,-18.545940472246457],[-59.59328533546204,-18.545645670151544],[-59.59326651409111,-18.54556324699621],[-59.593251631907265,-18.54525313120547],[-59.59330825736174,-18.545086549537018],[-59.593385517808485,-18.544950617711606],[-59.593389247845096,-18.544852254982516],[-59.593316589020276,-18.54451218457291],[-59.593258669791226,-18.544052844226258],[-59.59325784749478,-18.54387180383236],[-59.593415787232175,-18.543346394471826],[-59.59351686584921,-18.543116906369903],[-59.59388758618434,-18.542654822702104],[-59.59400117159703,-18.542259910359974],[-59.59417897803132,-18.542008313889653],[-59.59449155332925,-18.54107654587216],[-59.59465485125446,-18.54081486554071],[-59.59482512210673,-18.540615148153393],[-59.594851175317956,-18.540490506092283],[-59.59486931568682,-18.540117705747605],[-59.59509482658905,-18.539823852341044],[-59.59513261487956,-18.53971451616252],[-59.59551180290839,-18.539107415157048],[-59.59558687693698,-18.538723226313834],[-59.59553062798648,-18.53834662670795],[-59.5953685583616,-18.53810648678683],[-59.59523546159926,-18.538026178159328],[-59.5949354276313,-18.53774721322668],[-59.59487649690999,-18.537660356864933],[-59.59484097209918,-18.53745926802077],[-59.59491759949134,-18.537292315412856],[-59.59497674572617,-18.53724983582049],[-59.595327941401365,-18.5370933131407],[-59.59553861995278,-18.537053206981057],[-59.59582547484774,-18.536965126951827],[-59.59591435963091,-18.536839332623174],[-59.59599671264175,-18.53667226509083],[-59.596357454742076,-18.53628277869143],[-59.596745052012466,-18.536089382199293],[-59.59684578481881,-18.535984048481282],[-59.59740362853495,-18.53573059025274],[-59.59766530520079,-18.53566883994796],[-59.598227043478346,-18.535606714352184],[-59.59868792354109,-18.535644732990363],[-59.598795119507145,-18.535575497285834],[-59.59917390541938,-18.535511575081955],[-59.59934003337531,-18.535529185334553],[-59.59992237878953,-18.535637378366005],[-59.60046526128474,-18.53577217409355],[-59.60080255488401,-18.53591594485829],[-59.60119752720385,-18.535944825055083],[-59.60164349413816,-18.53609174823589],[-59.601885569015735,-18.536190729982536],[-59.60210637801231,-18.53622802370404],[-59.602384327138,-18.53640392297183],[-59.60247743086603,-18.536484969024457],[-59.6029488914852,-18.536760749824055],[-59.60318566830057,-18.536880506338832],[-59.6037581850544,-18.537066462547727],[-59.604279900973836,-18.5372844012648],[-59.60505015297463,-18.5376373970945],[-59.60516526461049,-18.537676645224565],[-59.60621030914592,-18.537910741455846],[-59.60658444405624,-18.53803829780668],[-59.60701029586261,-18.538320081497034],[-59.6074992202706,-18.538611037606643],[-59.607599946301946,-18.538785052805224],[-59.60810230859494,-18.53917404958935],[-59.608437387994,-18.53948854844367],[-59.60914204257119,-18.53998759703103],[-59.609508350252725,-18.540151500411753],[-59.60966938754609,-18.540200237580905],[-59.61034254003016,-18.540275666442085],[-59.6106409142385,-18.54019253627598],[-59.61103188218027,-18.54002489365621],[-59.611547916411325,-18.53996356868612],[-59.61188915135119,-18.53987962039014],[-59.61254972022397,-18.53961903347721],[-59.6129365607577,-18.539389400579978],[-59.61303104554918,-18.539258317386782],[-59.61310871202545,-18.539003392800453],[-59.613145111570304,-18.53882683676676],[-59.613402871870335,-18.53843406461499],[-59.61352593198944,-18.538162780463665],[-59.61387901281785,-18.537680284881503],[-59.614040268102315,-18.537320347376124],[-59.61421220369414,-18.537203343247256],[-59.61434859440271,-18.53716458831701],[-59.614444662344,-18.53711108059133],[-59.614578303264864,-18.536937876059085],[-59.6147512932061,-18.536630227676596],[-59.61482532224312,-18.53626035911236],[-59.61499255803483,-18.535888182299004],[-59.61532357426847,-18.53554459581119],[-59.61550789448319,-18.535194569958264],[-59.61559518390237,-18.53485152770395],[-59.615718968444355,-18.534616440318132],[-59.61584213097012,-18.53448999132064],[-59.61602739996192,-18.534186518949923],[-59.61603152439159,-18.534108840742135],[-59.61609151557536,-18.533828377248653],[-59.61594264467425,-18.53311726942411],[-59.615924881054696,-18.53266754695261],[-59.615995450860225,-18.5319264902119],[-59.61621002433071,-18.531658674209723],[-59.61625224487136,-18.531487177374572],[-59.616400159155546,-18.531034369248573],[-59.616615893897006,-18.53082343687788],[-59.61672877767063,-18.53075408526189],[-59.61723674228597,-18.530299751112125],[-59.61751276314351,-18.529907830492505],[-59.61769022589078,-18.52976552380386],[-59.618218990822356,-18.529628122415374],[-59.61868921072164,-18.52957432926962],[-59.6190871911171,-18.529469949024474],[-59.61950945480629,-18.529282505815786],[-59.61987317328794,-18.529178662588777],[-59.62044254164118,-18.528911401665084],[-59.620920660048,-18.528650734921257],[-59.62102676403231,-18.528509530156725],[-59.62166788959951,-18.528096430739197],[-59.62214178292612,-18.52792369158442],[-59.62240677364332,-18.52772317319676],[-59.62299204492649,-18.52738330086538],[-59.62336378645631,-18.527248321316904],[-59.62364994928362,-18.527285235809302],[-59.62422942216244,-18.527276249465217],[-59.624534065820285,-18.527225000049043],[-59.62499923085562,-18.52737801561352],[-59.62527411916557,-18.527590842767438],[-59.62549220505895,-18.52765465301559],[-59.62618703378973,-18.528047024634304],[-59.62670994121726,-18.528069915092487],[-59.62689317292359,-18.528098084758255],[-59.62751278806917,-18.528098801136878],[-59.62772169101413,-18.528126572415204],[-59.62796595167919,-18.52805041254453],[-59.62822672738616,-18.52793781770032],[-59.628499649928244,-18.527700991261952],[-59.628883932825545,-18.52729703137794],[-59.628984876889945,-18.527021531215325],[-59.62898284786627,-18.52690267413294],[-59.628876151746056,-18.52650633984433],[-59.62829525402003,-18.526096700482356],[-59.62772385486585,-18.525909155170552],[-59.62750079189942,-18.525721370350595],[-59.62749761770988,-18.525535356237583],[-59.62758302386118,-18.525353126215293],[-59.62791714771919,-18.525022305019036],[-59.628364639353606,-18.524808609569334],[-59.628756043185604,-18.52448724227048],[-59.62910038356637,-18.52441986832895],[-59.62925266931313,-18.524308961722113],[-59.62938766101058,-18.52418798253234],[-59.62964995209768,-18.52399783323392],[-59.629757537754756,-18.52394447504537],[-59.63000249712729,-18.523909654723298],[-59.63018152836548,-18.52386035939236],[-59.63037051713064,-18.52355763060001],[-59.63048813870205,-18.52325601938162],[-59.630606730018656,-18.52301125487338],[-59.63070667888479,-18.522844305819092],[-59.63118158336613,-18.52239758285964],[-59.63124090257668,-18.52236047321844],[-59.631400398862695,-18.522337324484567],[-59.63154919086554,-18.522355683371586],[-59.631685325924195,-18.5223018776893],[-59.63179272675467,-18.52223818814997],[-59.63193601726755,-18.52210157326823],[-59.6321080425368,-18.52180945277547],[-59.63222371703466,-18.521394155443488],[-59.632367536526544,-18.521288537790838],[-59.6330310512767,-18.521019796329824],[-59.63339874257383,-18.520983063595565],[-59.63372835326146,-18.520890071281258],[-59.633922923127386,-18.520747493170404],[-59.63407476866354,-18.52061074359358],[-59.63437830602874,-18.52016151778497],[-59.63459579218528,-18.52002374607207],[-59.63475493853633,-18.51997991922815],[-59.635934102144404,-18.519811670037996],[-59.63619897269507,-18.51960596663224],[-59.63667845156277,-18.519427943187623],[-59.63699137605033,-18.519361041310447],[-59.637413502448624,-18.519168400683782],[-59.63771429883445,-18.51906033652972],[-59.63835423730262,-18.518915990666187],[-59.63909909799423,-18.518563253358934],[-59.63931264300612,-18.518528907598977],[-59.63941541156345,-18.51852730756707],[-59.6395117485373,-18.518484456423266],[-59.63966305553174,-18.518316695856242],[-59.64002631247649,-18.518021588432134],[-59.640292848720264,-18.517914061503973],[-59.640764929978786,-18.517637925370366],[-59.64084202008905,-18.517471321454195],[-59.641023044379665,-18.51720489819064],[-59.641236518953406,-18.516999998407357],[-59.6415713073099,-18.516710496750875],[-59.64189177201092,-18.516250661296624],[-59.642014996121816,-18.51594378688361],[-59.64211615694137,-18.51584917315529],[-59.64230563051774,-18.51574283717804],[-59.64265691074888,-18.51558229779448],[-59.64296307457835,-18.515288078252752],[-59.643006267626276,-18.515142673385753],[-59.64314589823289,-18.514794191538385],[-59.64330371923404,-18.514507458217395],[-59.643427096571656,-18.514376308622843],[-59.64366386023232,-18.51403148384992],[-59.643695297794466,-18.51370019932574],[-59.64394680015812,-18.513215585390014],[-59.64397491575471,-18.51302391063092],[-59.64402854230423,-18.51282149279433],[-59.64409698037616,-18.51264985143382],[-59.644326778461334,-18.51239817134831],[-59.6447506119373,-18.511807503440764],[-59.64486363231623,-18.511738547051266],[-59.64520107161803,-18.511604065689767],[-59.64530917894524,-18.511581696913254],[-59.64560355254929,-18.511432388516937],[-59.64599077082835,-18.511204083623113],[-59.64630822605346,-18.511069911826326],[-59.64671070578089,-18.510732829510914],[-59.646841128348285,-18.510513705220376],[-59.646957561571014,-18.510144916293427],[-59.647354767237346,-18.509833759123353],[-59.64742088140372,-18.509693177732913],[-59.64761409604125,-18.509473071756872],[-59.647784640546604,-18.50942905565961],[-59.6480753217993,-18.50939867248684],[-59.64885597234519,-18.509138381133937],[-59.649212655966494,-18.509127641653947],[-59.64941949186266,-18.50920193732162],[-59.64974548338273,-18.50939841242024],[-59.64999439738102,-18.50959609941401],[-59.65032101288688,-18.509828749644043],[-59.65076464145062,-18.510059570523595],[-59.65120240598236,-18.510114743202394],[-59.652079254989076,-18.510468007919144],[-59.65231730802958,-18.51053147284324],[-59.652729289230194,-18.51058188598398],[-59.6530820480869,-18.510674562738018],[-59.65390947054556,-18.511142294754677],[-59.65434910638072,-18.51130597529641],[-59.655025026802264,-18.511264384293497],[-59.655111006789184,-18.51128371702748],[-59.65547071538339,-18.511448646030033],[-59.65557391561026,-18.5114728728837],[-59.6560337913582,-18.511486338482484],[-59.656222976654874,-18.511529896529794],[-59.65645416652063,-18.51169166498653],[-59.657181714411365,-18.511995546282947],[-59.65771526150826,-18.512307629494558],[-59.65791960837936,-18.512402624412914],[-59.65816078583066,-18.512481543651404],[-59.65838430648233,-18.51252972472929],[-59.65879174403244,-18.512812777049817],[-59.658959962999745,-18.51296519320107],[-59.65947639611272,-18.513277548937822],[-59.65977822103912,-18.51339686401309],[-59.66001539018316,-18.513574040991386],[-59.66030598490602,-18.513703867044228],[-59.6607214556592,-18.514121163340064],[-59.66073929320612,-18.514162234801063],[-59.66096405214034,-18.514448146130178],[-59.66151654021348,-18.514697899550413],[-59.661782342171705,-18.51471440690608],[-59.66205545149131,-18.514658434204136],[-59.662215474936204,-18.514500866597416],[-59.662411258513316,-18.51426520733645],[-59.662634344173284,-18.514122154986126],[-59.66281112589428,-18.514109035012666],[-59.66293581338198,-18.514055391046327],[-59.66303741943341,-18.513986603180797],[-59.66335539526938,-18.513718010297282],[-59.66362236056659,-18.513636288531586],[-59.66413924649345,-18.513312883552715],[-59.66456123237651,-18.513115017551627],[-59.66484504958402,-18.51301752362633],[-59.66526434930438,-18.512664636622503],[-59.66545603193072,-18.512356666356766],[-59.66575713807816,-18.512103842708825],[-59.66617787060778,-18.51199903026361],[-59.66667325145704,-18.51175348426949],[-59.66699648825613,-18.511624360990197],[-59.66737779355742,-18.51138578263067],[-59.667535313291296,-18.511248920274284],[-59.667888334710426,-18.511026280664055],[-59.66803666885602,-18.51101878437879],[-59.6681788336802,-18.510985542350284],[-59.66846514265137,-18.510867323781554],[-59.66881273092588,-18.510825676995182],[-59.66926101572636,-18.510828956594025],[-59.669633844601776,-18.51092646014331],[-59.669939154548786,-18.511247280134683],[-59.670196749421166,-18.511449964286214],[-59.67038184947967,-18.5117519969848],[-59.670480676155194,-18.51185381166789],[-59.67054997919587,-18.511899241947162],[-59.67078803822778,-18.511962685040487],[-59.670987928617194,-18.511964700898375],[-59.671404715030235,-18.51179791893486],[-59.67215658505256,-18.51119686253503],[-59.67255054030949,-18.510699640202745],[-59.67269528696255,-18.510320049384404],[-59.67272639917837,-18.51013866191346],[-59.67290583513426,-18.509784373691332],[-59.67314361211487,-18.509501514781164],[-59.67320443603916,-18.509386851558872],[-59.67337433093138,-18.509141247518414],[-59.673439439153526,-18.508943817874922],[-59.67350007398926,-18.50865342320145],[-59.673872215353924,-18.507722385158445],[-59.67400561732023,-18.5073481428405],[-59.67407205369375,-18.50706282086469],[-59.674160065824935,-18.50687020236512],[-59.67431506052549,-18.50642326509137],[-59.67457288142327,-18.505979870025726],[-59.67520680166484,-18.505163581538],[-59.67518816950235,-18.50499190234359],[-59.675117862721606,-18.504428789602514],[-59.67543710403436,-18.504128667045848],[-59.67562681423709,-18.50392975033509],[-59.675913980253824,-18.503781163069846],[-59.676136961145005,-18.50376035958709],[-59.67691881406245,-18.503943952730083],[-59.67733941727238,-18.50386171473616],[-59.67750718780036,-18.503789913660228],[-59.67771649873754,-18.50367712994489],[-59.67786063343863,-18.503634519836908],[-59.6781710842086,-18.50367510149937],[-59.678514457943834,-18.50363510584816],[-59.678694196503955,-18.503557355212877],[-59.67903929884204,-18.5032695488876],[-59.679337832981844,-18.50308044096488],[-59.67964109200801,-18.5028163440237],[-59.67976652266344,-18.50273945114691],[-59.67988501404693,-18.502610808854172],[-59.68000774434984,-18.502378378517392],[-59.680093860740044,-18.502123469784635],[-59.680072557186236,-18.501939408761473],[-59.680073594970224,-18.501651267373234],[-59.68014925024232,-18.501488723567093],[-59.68018689088797,-18.501223061070277],[-59.68013382039186,-18.500947300218513],[-59.679990137493405,-18.500667211355562],[-59.68002114438707,-18.500367075430916],[-59.680072056673225,-18.500170347657047],[-59.68023079778288,-18.499925818604765],[-59.680288834396094,-18.49979237260402],[-59.68051224719375,-18.49944886332696],[-59.68069228149403,-18.49938839403768],[-59.6808132707705,-18.499403773024824],[-59.68111878299163,-18.49961791924727],[-59.68126441378081,-18.499661715752893],[-59.68134849216722,-18.499637339429626],[-59.68145571094959,-18.49955497264449],[-59.68166854972117,-18.499298062119635],[-59.68176440766035,-18.499256209743237],[-59.6818676905188,-18.499294914278607],[-59.68191439614236,-18.49935180212657],[-59.68202104919283,-18.49941868324953],[-59.682329362283724,-18.499794132076204],[-59.682433553062765,-18.499884688054863],[-59.682566607188846,-18.49989986489834],[-59.68272913392599,-18.499874248294418],[-59.68289116257506,-18.499819831015714],[-59.68323565807253,-18.499497453400636],[-59.68358155462698,-18.499255725573448],[-59.68394282189968,-18.49920391646151],[-59.68419889281154,-18.499003944889864],[-59.68428186883847,-18.498916199323787],[-59.68430310851579,-18.498748756658813],[-59.68429437213234,-18.49859330781362],[-59.68426110238909,-18.498415199447606],[-59.684264226941195,-18.498248042790635],[-59.68431613440572,-18.49810892490774],[-59.68445292747532,-18.49799151981989],[-59.684638694148305,-18.49791366961057],[-59.68488972995368,-18.497771401601028],[-59.68507962826044,-18.49758399293688],[-59.68523765173768,-18.497299137881953],[-59.68531308907666,-18.497125077757573],[-59.685380699501025,-18.49684741139737],[-59.68551437842069,-18.496551420980495],[-59.68562762853395,-18.49646895583129],[-59.68572960924325,-18.49643276488655],[-59.685820328145155,-18.4964428519462],[-59.6860507249653,-18.496502601187217],[-59.686201489386235,-18.496494446636575],[-59.68658081786856,-18.49624066585875],[-59.6867445627264,-18.496156668860863],[-59.686962161681436,-18.49587882770288],[-59.687090512334635,-18.495623247684023],[-59.68715388650054,-18.495449369124685],[-59.68715168500779,-18.49532263459895],[-59.68697178355859,-18.495043125062807],[-59.686800723527995,-18.494924820498625],[-59.68662462784215,-18.494864220456748],[-59.6864897701106,-18.494745344337048],[-59.685942718937156,-18.49417775454475],[-59.68573245664629,-18.49388720422644],[-59.685487183704254,-18.49366634966708],[-59.6847860554725,-18.493262540486057],[-59.68428424350532,-18.492867103851154],[-59.683977241234516,-18.492566551797665],[-59.68357941981162,-18.492250145203855],[-59.68344670272671,-18.49190649105418],[-59.683348258141166,-18.4917985649314],[-59.683100592742505,-18.4914394459135],[-59.68285392504822,-18.491137937049245],[-59.68274051553294,-18.490863130426078],[-59.68269831552874,-18.49051805367003],[-59.68280113078629,-18.49018220563221],[-59.68301435761788,-18.489948336858504],[-59.68323815414209,-18.48962787709013],[-59.68352368968499,-18.489387105018295],[-59.68379779156413,-18.48883534850404],[-59.683957509911636,-18.488648427927103],[-59.68445272994063,-18.48831790785249],[-59.68469622782095,-18.488089328341687],[-59.684946249524955,-18.487889450357784],[-59.68506916457852,-18.48766853572397],[-59.68528158376586,-18.487388580881372],[-59.685380860094426,-18.487196856503317],[-59.685413359848496,-18.486983131304896],[-59.68547623141541,-18.486780452229425],[-59.68560678189607,-18.486651617753523],[-59.68576176083451,-18.4865396784802],[-59.68629408405309,-18.48626043201034],[-59.68714456695301,-18.48591719950906],[-59.68736026828566,-18.48577894358789],[-59.68772627125094,-18.48542992366214],[-59.68783830506345,-18.485232021913248],[-59.68801381614344,-18.484996347302683],[-59.688126063034304,-18.484810691942528],[-59.6882650182867,-18.484685909272628],[-59.68840462202684,-18.48459790273057],[-59.6888270339623,-18.484542182941198],[-59.689018569477014,-18.48449011560433],[-59.68920947269328,-18.484401293050837],[-59.689424530220094,-18.484226272403987],[-59.68954917359588,-18.48401590617982],[-59.68964667283507,-18.48372017021893],[-59.6897063250575,-18.48346179881537],[-59.68983010659417,-18.48320242125658],[-59.689961826990555,-18.482660978388083],[-59.69000865300217,-18.482402816282956],[-59.69009502546771,-18.482205318345223],[-59.69021987267513,-18.48200721058106],[-59.69030816225796,-18.4819200036124],[-59.69042359926635,-18.481918176295267],[-59.690577084846154,-18.48189123317161],[-59.69076841032461,-18.48182690769397],[-59.69086931680738,-18.48172724796933],[-59.690905239588005,-18.48157958365715],[-59.690912953346526,-18.481285259539447],[-59.69096105656024,-18.4811006283515],[-59.6910104471425,-18.480989525061375],[-59.69113100011083,-18.48091406895969],[-59.69129501502056,-18.480856808885733],[-59.69135764913341,-18.480770018832004],[-59.6913689845324,-18.480684031202543],[-59.69141857981327,-18.480585185118514],[-59.69166631794525,-18.480446416076575],[-59.69194860395379,-18.48016509520437],[-59.69200953201505,-18.4799802593908],[-59.6920317747107,-18.47978377618108],[-59.69200743620564,-18.479122219106728],[-59.69202925227921,-18.478901230721988],[-59.692141694838654,-18.478727833367714],[-59.69225329180898,-18.4785054205243],[-59.69228793545881,-18.478284226889343],[-59.692287707278126,-18.478271176725286],[-59.69228239159503,-18.477965600266202],[-59.69223453085999,-18.47742700074042],[-59.69222207248015,-18.476949227074556],[-59.97548591923618,-18.436592770602203],[-60.00234921230043,-18.43287772025434],[-60.05619346581352,-18.425215825631028],[-60.1175125926743,-18.41660964362825],[-60.89442021161983,-18.30133662769572],[-60.851035969999884,-18.392566689999967],[-60.850592449999965,-18.39377346999993],[-60.84842816999998,-18.39657255999998],[-60.84626369999984,-18.399371629999905],[-60.84495974999993,-18.401374469999894],[-60.842358309999895,-18.404975899999897],[-60.84231186999989,-18.407806619999917],[-60.84182845999993,-18.41143963999997],[-60.84051769999985,-18.413846879999824],[-60.838346299999955,-18.417050229999916],[-60.837068759999966,-18.417435499999897],[-60.83365963999995,-18.41859783999996],[-60.83279232999996,-18.419798289999903],[-60.828919519999886,-18.423380359999896],[-60.82719825999993,-18.424972419999847],[-60.82461614999988,-18.427360429999965],[-60.82290150999995,-18.428548029999945],[-60.820319389999895,-18.430935989999966],[-60.81732018999992,-18.432913149999877],[-60.81390400999999,-18.434479429999953],[-60.811752149999904,-18.436469319999958],[-60.810010389999945,-18.43927426999994],[-60.80787179999993,-18.44045537999989],[-60.80652680999992,-18.44488418999987],[-60.803917389999924,-18.44888943999996],[-60.801731539999935,-18.452900969999973],[-60.79873859999998,-18.454473459999974],[-60.797447279999915,-18.45566723999997],[-60.79402372999988,-18.457637679999948],[-60.79102387999984,-18.459614339999973],[-60.78677307999993,-18.460358639999924],[-60.784230709999974,-18.460319899999888],[-60.77995272999988,-18.46268148999991],[-60.776562869999964,-18.462629739999898],[-60.77359668999986,-18.46258432999997],[-60.77020000999994,-18.4629368599999],[-60.76763718999996,-18.46411101999996],[-60.765928569999915,-18.464893789999905],[-60.762928289999934,-18.46687014999992],[-60.760782319999976,-18.468455049999932],[-60.75692767999993,-18.470822599999906],[-60.753086589999896,-18.472381449999943],[-60.750940439999965,-18.473966219999966],[-60.74878738999996,-18.475955449999958],[-60.74577993999992,-18.478335879999918],[-60.744050589999915,-18.480331529999944],[-60.74316191999992,-18.482744559999844],[-60.740598649999924,-18.483918379999977],[-60.73634715999998,-18.4846616399999],[-60.73124799999994,-18.485391569999933],[-60.72700320999991,-18.485730299999886],[-60.72360606999996,-18.48608202999992],[-60.71037177999989,-18.491538639999874],[-60.708225059999904,-18.49312294999993],[-60.703063149999934,-18.49749143999992],[-60.700881619999905,-18.50109755999995],[-60.698290069999985,-18.503888179999933],[-60.6956497299999,-18.50950924999995],[-60.694746349999946,-18.512730799999872],[-60.69253664999991,-18.517954119999956],[-60.69289781999987,-18.521599799999876],[-60.692397366666626,-18.5260409899999],[-60.68262739999989,-18.527101009999967],[-60.670737819999886,-18.52812715999994],[-60.66225331999988,-18.528397639999866],[-60.649522899999965,-18.52900485999993],[-60.63636144999998,-18.530008919999943],[-60.628300589999924,-18.53028477999993],[-60.620232629999975,-18.53096466999989],[-60.618537129999936,-18.530937509999944],[-60.611324079999974,-18.531226309999965],[-60.60155334999996,-18.532282579999958],[-60.593909039999915,-18.532968309999944],[-60.58966306999997,-18.533304159999943],[-60.582011529999875,-18.534393829999942],[-60.57862044999996,-18.534338819999903],[-60.56629873999992,-18.53575662999998],[-60.558230409999965,-18.53643415999983],[-60.55312913999995,-18.537159829999894],[-60.54761132999994,-18.537474059999965],[-60.53868774999995,-18.538541349999832],[-60.52169528999997,-18.540284289999875],[-60.511930979999875,-18.540932089999842],[-60.5076772999999,-18.54167063999995],[-60.49791284999998,-18.54231779999992],[-60.48389443999997,-18.54370260999991],[-60.47199546999997,-18.545121899999856],[-60.44821180999986,-18.547149789999935],[-60.43376880999989,-18.548524149999878],[-60.424412619999885,-18.54998367999997],[-60.410817099999974,-18.551370849999955],[-60.40902319999992,-18.556598209999947],[-60.407251839999844,-18.560612569999932],[-60.40545768999988,-18.565839969999956],[-60.40538202999994,-18.569883129999937],[-60.40442809999996,-18.5755291399999],[-60.40223243999992,-18.579536229999974],[-60.39957492999997,-18.585557569999935],[-60.397288019999905,-18.59441635999997],[-60.39678816999998,-18.59845225999993],[-60.399264059999894,-18.602134399999954],[-60.39830223999991,-18.608184609999967],[-60.39911235999995,-18.61022065999998],[-60.399028999999985,-18.61466796999997],[-60.39724167999998,-18.619490689999964],[-60.396287289999975,-18.625136489999875],[-60.39534040999996,-18.630377979999878],[-60.39437074999995,-18.63683231999994],[-60.39340859999993,-18.642882269999916],[-60.39201463999996,-18.64932933999995],[-60.38982550999992,-18.652931709999905],[-60.3867499399999,-18.658541139999954],[-60.38623449999989,-18.663385309999967],[-60.385703759999956,-18.66903813999994],[-60.384763929999906,-18.673875129999942],[-60.38344571999983,-18.67627908999998],[-60.38207403999991,-18.681512959999964],[-60.38148976999997,-18.689995669999973],[-60.38054217999991,-18.69523679999986],[-60.37043298999998,-18.713666279999813],[-60.36953857999987,-18.71607727999998],[-60.36815850999989,-18.721715299999914],[-60.368120279999914,-18.72373664999992],[-60.36972569999989,-18.728616999999872],[-60.36756590999988,-18.73060193999987],[-60.36749699999996,-18.73424036999984],[-60.36700376999994,-18.73787146999996],[-60.36441178999996,-18.74025329999995],[-60.36178149999995,-18.744656409999948],[-60.35878040999995,-18.746222339999917],[-60.3557407699999,-18.749809449999816],[-60.353966549999825,-18.75382284999995],[-60.353419269999904,-18.760283709999953],[-60.351243489999945,-18.763076919999946],[-60.350302399999975,-18.767913329999885],[-60.34812653999995,-18.77070645999993],[-60.34380546999995,-18.774675669999965],[-60.34122052999993,-18.77665288999998],[-60.339900929999885,-18.779056329999946],[-60.33683738999997,-18.783855969999877],[-60.333403339999904,-18.785818309999968],[-60.33250031999995,-18.78863335999995],[-60.331620529999896,-18.790235619999976],[-60.32857971999994,-18.793822289999923],[-60.323408839999956,-18.797776219999946],[-60.320375559999945,-18.800958539999897],[-60.31778994999996,-18.802935439999885],[-60.315180949999956,-18.806124939999904],[-60.313428669999894,-18.808925089999946],[-60.31169184999993,-18.810916709999958],[-60.30908269999986,-18.814106189999904],[-60.30776249999997,-18.816509389999965],[-60.30559324999996,-18.818897709999874],[-60.30211922999996,-18.822880739999903],[-60.30119223999998,-18.826908259999925],[-60.29811911999991,-18.83211132999992],[-60.29549383999995,-18.836109029999932],[-60.29414202999993,-18.840129059999924],[-60.293238229999986,-18.842943779999928],[-60.29015677999996,-18.84855087999989],[-60.287947889999884,-18.852960179999968],[-60.28615553999998,-18.857781049999858],[-60.28437882999998,-18.86179349999992],[-60.28346696999995,-18.865012369999818],[-60.281241929999965,-18.870229909999864],[-60.279465039999934,-18.87424227999992],[-60.276398379999875,-18.87904053999995],[-60.274636999999984,-18.882244449999973],[-60.272427329999914,-18.88665335999991],[-60.27190829999995,-18.89149646999988],[-60.271404989999894,-18.895531099999857],[-60.27090163999998,-18.8995657399999],[-60.271672399999886,-18.90362278999993],[-60.27160162999991,-18.907260679999922],[-60.26923421999999,-18.91975365999997],[-60.268777969999974,-18.921362949999946],[-60.26826668999985,-18.925801699999965],[-60.26905320999998,-18.92905029999997],[-60.26770802999988,-18.9326656099999],[-60.26851035999994,-18.9351058499999],[-60.267582069999946,-18.93913281999994],[-60.266244749999885,-18.94234396999991],[-60.26572543999998,-18.947186819999956],[-60.266087219999974,-18.95042780999995],[-60.26688167999998,-18.953272199999958],[-60.26726712999994,-18.95530058999998],[-60.268942679999896,-18.956543129999943],[-60.269304519999935,-18.959784219999904],[-60.26714894999998,-18.96136346999998],[-60.265481189999946,-18.959716779999894],[-60.26378980999988,-18.95928257999998],[-60.262475989999984,-18.96128098999992],[-60.26285346999987,-18.963713619999965],[-60.264505449999945,-18.966168799999878],[-60.26274300999995,-18.96937223999987],[-60.26099634999997,-18.97176739999992],[-60.25921807999998,-18.97577917999996],[-60.25957185999994,-18.979424369999833],[-60.25866691999994,-18.982238659999894],[-60.25860371999994,-18.98547207999991],[-60.26068074999995,-18.98793467999991],[-60.26064131999988,-18.98995560999998],[-60.25974415999997,-18.992365659999905],[-60.26011383999992,-18.99520242999995],[-60.26178977999996,-18.996444969999914],[-60.26390638999993,-18.996886699999948],[-60.266046629999835,-18.996115809999935],[-60.268194759999915,-18.994940749999955],[-60.26989426999995,-18.994970639999963],[-60.27071256999989,-18.996602349999876],[-60.27021684999983,-19.000232499999925],[-60.26976831999991,-19.00143755999983],[-60.26885552999988,-19.004655939999907],[-60.27005152999993,-19.008720189999963],[-60.27002011999997,-19.010336819999964],[-60.269925599999965,-19.015186909999954],[-60.26946132999984,-19.017200319999915],[-60.271530939999934,-19.020066889999953],[-60.275748989999954,-19.02175835999992],[-60.275701839999954,-19.024183369999946],[-60.273970529999986,-19.025770129999955],[-60.27096427999993,-19.027334429999883],[-60.27134209999991,-19.029766889999905],[-60.2696028499999,-19.03175781999994],[-60.26660430999988,-19.03291788999985],[-60.263605839999855,-19.034077919999902],[-60.26523482999988,-19.037745379999933],[-60.26562825999986,-19.039369549999947],[-60.26854806999995,-19.042251139999905],[-60.27064947999992,-19.043501029999845],[-60.27061006999992,-19.045521779999888],[-60.26887855999985,-19.047108479999963],[-60.26543911999994,-19.049069389999943],[-60.26456535999995,-19.050266839999836],[-60.263691699999924,-19.051464369999962],[-60.26281013999994,-19.053065929999946],[-60.26275486999998,-19.055895049999947],[-60.261416699999984,-19.05910582999985],[-60.26052710999994,-19.061111579999874],[-60.259228309999855,-19.06230150999994],[-60.25745699999993,-19.06590887999988],[-60.25741757999998,-19.067929629999924],[-60.25823598999989,-19.06956122999992],[-60.259463819999894,-19.072008669999946],[-60.25686602999997,-19.074388469999917],[-60.257235849999915,-19.07722504999998],[-60.257204179999974,-19.078841669999974],[-60.25547226999993,-19.080428149999875],[-60.25414958999994,-19.082830489999935],[-60.25620387999999,-19.086505369999884],[-60.257408059999875,-19.09016521999996],[-60.25863598999996,-19.092612609999946],[-60.257321109999964,-19.094610819999957],[-60.25887941999986,-19.10191543999997],[-60.257139339999924,-19.103906049999978],[-60.255824449999864,-19.105904239999973],[-60.25410802999994,-19.10668242999992],[-60.25364333999994,-19.108695639999894],[-60.25444615999993,-19.111135429999877],[-60.25398144999997,-19.113148639999906],[-60.25180029999996,-19.11593998999996],[-60.251311789999875,-19.11916545999992],[-60.25128009999992,-19.120782069999848],[-60.250752019999936,-19.12602825999994],[-60.24942900999997,-19.12843038999995],[-60.24772025999988,-19.128804469999977],[-60.24562609999998,-19.12715025999995],[-60.245169149999924,-19.128759199999934],[-60.24684616999997,-19.130001749999906],[-60.245097789999875,-19.13239639999989],[-60.243381129999875,-19.133174529999962],[-60.24249894999997,-19.13477591999998],[-60.24119958999995,-19.135965699999815],[-60.23991603999997,-19.13634713999994],[-60.23860860999997,-19.137941029999922],[-60.23856889999996,-19.139961639999967],[-60.23770256999995,-19.140754839999943],[-60.2363871899999,-19.14275281999994],[-60.23551285999997,-19.143950029999814],[-60.23085930999997,-19.142654489999927],[-60.22912660999992,-19.144240709999963],[-60.22698455999989,-19.14501107999996],[-60.225259699999924,-19.14619322999988],[-60.22436936999998,-19.148198609999895],[-60.22262053999998,-19.150593069999957],[-60.222163399999886,-19.152201919999925],[-60.21830432999997,-19.153750129999935],[-60.21698060999995,-19.156152039999824],[-60.21775921999989,-19.159804289999954],[-60.216435529999956,-19.1622062699999],[-60.213851939999984,-19.16377714999993],[-60.21129234999995,-19.164135639999927],[-60.20872469999995,-19.164898219999884],[-60.20906991999993,-19.168946949999963],[-60.208580569999924,-19.17217225999991],[-60.20686344999996,-19.17295005999995],[-60.202153199999884,-19.174482749999925],[-60.19833360999996,-19.174009929999897],[-60.19665652999993,-19.172767119999946],[-60.194923279999955,-19.174353009999948],[-60.19445777999988,-19.176365939999982],[-60.19190596999988,-19.176320029999886],[-60.18807840999989,-19.176251279999974],[-60.185060999999905,-19.178218169999923],[-60.184547109999926,-19.18265576999994],[-60.18281363999995,-19.184241509999936],[-60.18151348999993,-19.185430849999932],[-60.178905079999936,-19.188213609999877],[-60.176288529999965,-19.191400419999866],[-60.17579863999987,-19.194625559999906],[-60.17487521999993,-19.198247139999978],[-60.17184927999995,-19.200618019999922],[-60.16968210999994,-19.202600049999887],[-60.16752293999991,-19.20417795999998],[-60.16497085999998,-19.20413180999998],[-60.16158422999996,-19.203261979999922],[-60.16028377999993,-19.204451239999912],[-60.157314439999936,-19.20399311999995],[-60.15517953999995,-19.204358679999928],[-60.15387100999993,-19.20595187999993],[-60.151736079999864,-19.20631738999998],[-60.14830878999999,-19.20746785999995],[-60.1386653699999,-19.22144088999994],[-60.135245919999875,-19.22218706999996],[-60.132660819999955,-19.2237568299999],[-60.12880774999991,-19.224899219999827],[-60.12579716999994,-19.226461199999903],[-60.124480019999964,-19.228458289999878],[-60.12141210999994,-19.232848729999944],[-60.12304816999995,-19.236112609999907],[-60.1217391699999,-19.237705599999913],[-60.12169812999997,-19.23972595999993],[-60.12165719999996,-19.241746429999864],[-60.11863810999995,-19.243712339999888],[-60.118171679999875,-19.245724919999873],[-60.11813067999998,-19.247745359999897],[-60.11724697999995,-19.249346089999904],[-60.11631401999995,-19.25337122999997],[-60.11916918999998,-19.259486969999898],[-60.122106619999954,-19.261561849999907],[-60.124201159999984,-19.26321707999989],[-60.12626317999997,-19.26648855999997],[-60.12444648999991,-19.272114419999866],[-60.126099369999906,-19.27456997999991],[-60.126025719999916,-19.278206589999968],[-60.12473275999997,-19.278991389999817],[-60.12555101999993,-19.280623249999906],[-60.12593568999995,-19.282651329999965],[-60.1254691499999,-19.28466390999995],[-60.12542825999998,-19.286684199999854],[-60.12744955999989,-19.29197591999997],[-60.12955268999991,-19.293226949999962],[-60.12993738999995,-19.29525510999997],[-60.127752259999966,-19.29804464999995],[-60.1260091499999,-19.300033879999944],[-60.12510883999994,-19.302442649999932],[-60.1233655499999,-19.30443183999995],[-60.12119670999988,-19.306413219999854],[-60.119052379999914,-19.307182439999906],[-60.118994999999984,-19.31001083999996],[-60.11852013999993,-19.312427379999974],[-60.11932210999993,-19.31486725999997],[-60.11840525999992,-19.318084099999965],[-60.11665363999998,-19.32047727999992],[-60.118315019999955,-19.322528699999907],[-60.11997651999991,-19.32458013999991],[-60.12009764983293,-19.32699046701009],[-60.120396544917696,-19.332342518112114],[-60.117231775001414,-19.33151628361503],[-60.09552926581381,-19.325729884091402],[-60.05550658054335,-19.315114289255064],[-60.03286485202949,-19.309549375595054],[-60.002021475400056,-19.301443618816904],[-59.9769182996622,-19.295172725080988],[-59.93276249879352,-19.29883067258396],[-59.88384289920191,-19.300118753962636],[-59.64569113775923,-19.31248395889702],[-59.50019471404039,-19.322884820784054],[-59.50015519996259,-19.319706827005803]]]},"properties":{"FID":2,"departamen":"Santa Cruz","provincia":"Cordillera","municipio":"Charagua","Zona":"Área de Conservación e Importancia Ecológica de la Nación Guaraní Ñembi Guasu"}},{"type":"Feature","id":3,"geometry":{"type":"Polygon","coordinates":[[[-59.09842457346747,-19.345746354126106],[-59.099771809999936,-19.34508146999997],[-58.99099694045515,-19.000078306144758],[-59.190693139999894,-18.999765629999956],[-59.49964494999995,-19.002283449999936],[-59.500155199981236,-19.31970682850283],[-59.50019471404039,-19.322884820784054],[-59.24974371476878,-19.340788396599464],[-59.151553491290485,-19.343239051332034],[-59.117797209866694,-19.343939094856694],[-59.11402274329015,-19.344178304906336],[-59.09957037991859,-19.349433195846757],[-59.09842457346747,-19.345746354126106]]]},"properties":{"FID":3,"departamen":"Santa Cruz","provincia":"Cordillera","municipio":"Charagua","Zona":"Parque Nacional Otuquis"}},{"type":"Feature","id":4,"geometry":{"type":"Polygon","coordinates":[[[-62.89347516854423,-20.2722749478815],[-62.6910478290132,-20.272430133500166],[-62.692511355899285,-20.442218314583783],[-62.17937129443425,-20.44261637721337],[-62.17719270805691,-20.439136665188357],[-62.16622259867199,-20.424142679739305],[-62.15583060852566,-20.409795553656295],[-62.14078295792763,-20.389156411211957],[-62.12418875743657,-20.366147136818313],[-62.11528166420294,-20.353772698831847],[-62.099585100992556,-20.332089551553906],[-62.08239469442458,-20.30833367769378],[-62.06346762211638,-20.282338844315575],[-62.044877404091835,-20.2567269756496],[-62.039325036262085,-20.248961619610498],[-62.428389859999925,-20.25058387999991],[-62.42840991999998,-20.24816162999997],[-62.430375719999915,-20.01034609999988],[-62.34492812999997,-20.01010267999993],[-62.346036839999954,-19.636878859999968],[-62.34640830999996,-19.594055229999924],[-62.35109398999998,-19.594495709999933],[-62.361335339999926,-19.59336292999984],[-62.36121101999993,-19.558210439999982],[-62.27298985999988,-19.55710702999994],[-62.27362231525285,-19.442214949463335],[-62.63992310143345,-19.4470083934757],[-62.81665220707987,-19.451599720329284],[-62.94243506920918,-19.452359823499194],[-63.002342370089195,-19.451828662100127],[-63.000848210416336,-19.4764590120688],[-62.99992045264901,-19.493872863571426],[-63.033542102646436,-19.493607734659122],[-63.050346946136074,-19.49347707046462],[-63.07633133194702,-19.49331174456239],[-63.076332001490755,-19.49331177470708],[-63.077977920408614,-19.546008982582066],[-63.0780899967408,-19.549256766274254],[-63.073701167958745,-19.566565647293032],[-63.073845272978815,-19.571561175289105],[-63.04278559794858,-19.570327086163218],[-63.03707192829893,-19.59783005902358],[-63.06100358313995,-19.59861094683339],[-63.07452840999309,-19.59690593224269],[-63.07517485862701,-19.617758704557218],[-63.07579562092644,-19.63533796847031],[-63.076355217848175,-19.647721890680202],[-63.076355665997426,-19.648669405432486],[-63.07667573944411,-19.655007721518416],[-63.07705394798478,-19.665418827384542],[-63.077613085049165,-19.678213297702484],[-63.07828316942266,-19.694837785748973],[-63.07865882654062,-19.70369396396177],[-63.07937564144095,-19.725122763338845],[-63.07972847560268,-19.734197199966843],[-63.08017678627442,-19.74569512730659],[-63.080308974125046,-19.750039732498124],[-63.07984801233988,-19.752086026549648],[-63.07677013381999,-19.76595581415819],[-63.07585706277712,-19.76577286258714],[-63.0749045374514,-19.76996391259746],[-63.075859144067465,-19.770173042821],[-63.07479623410734,-19.775032021187883],[-63.07322245618991,-19.78222224569106],[-63.07150675335424,-19.790437505684565],[-63.085610933396595,-19.796060286547174],[-63.0790103764802,-19.800665390743177],[-63.06543322859454,-19.806106116419414],[-63.07069851085913,-19.817362252520013],[-63.07471437802775,-19.82611063953067],[-63.07459081708396,-19.827032627896244],[-63.07464447330784,-19.828031257994212],[-63.07566574234136,-19.829287253142752],[-63.075670474383344,-19.829286165636745],[-63.07556617175936,-19.82942925257538],[-63.072714507519095,-19.829849499119348],[-63.07419906601956,-19.839058065094605],[-63.0596252158424,-19.841171116054227],[-63.06424232968777,-19.868803385497586],[-63.06857937132065,-19.89533828666066],[-63.03442351313549,-19.898307467117263],[-63.034143510867466,-19.903975455665204],[-63.03384229483186,-19.911710089657277],[-63.033561394352716,-19.913326627588503],[-63.03299941505293,-19.915782152003317],[-63.0323940237584,-19.91762382731514],[-63.031940104650744,-19.91967009121595],[-63.03157304829949,-19.92339420643475],[-63.03163836127709,-19.925784329999203],[-63.0317802931724,-19.926479940429033],[-63.032161446195744,-19.92689054837632],[-63.03173708202547,-19.931986364133024],[-63.031329504192115,-19.93245578073106],[-63.03109915329759,-19.932824591679605],[-63.0304081054295,-19.933989690672547],[-63.029229625814025,-19.935263822571187],[-63.028476458046896,-19.93611044048714],[-63.027785382543584,-19.93730905346473],[-63.02768807690626,-19.938365092646166],[-63.02763507093351,-19.93934569449317],[-63.02729837057109,-19.939848615015364],[-63.02679332027333,-19.940628137973476],[-63.026226343543954,-19.94212844655351],[-63.02560614134933,-19.943402470048113],[-63.02506571834283,-19.9448105781467],[-63.02500377285622,-19.94542240981042],[-63.02541183307437,-19.94764335259788],[-63.02492454644198,-19.948875448217905],[-63.02430425363775,-19.949797458722912],[-63.023967542111166,-19.950442851603043],[-63.02407403668764,-19.951322855919102],[-63.02383368788969,-19.954851739979176],[-63.0104620624532,-19.975771835609123],[-63.00595888222591,-19.9853141296677],[-62.986515546855,-20.023087559858368],[-62.965352802394875,-20.024670169635726],[-62.945478834713015,-20.029787502287945],[-62.94549134527148,-20.05652851129878],[-62.9477688416751,-20.056535529059374],[-62.948603850521806,-20.089805624300027],[-62.967221578910994,-20.089860455936048],[-62.96732420606219,-20.0926446755671],[-62.963999336983306,-20.092688381355686],[-62.95969568889251,-20.109326920895057],[-62.95722366713767,-20.119147793771162],[-62.94566176088455,-20.165080222271342],[-62.944657218874,-20.182229688501025],[-62.94454605013863,-20.18283203130369],[-62.94460141252915,-20.183159427980627],[-62.94372127369769,-20.200863799025228],[-62.89342803557179,-20.200931368653528],[-62.89347516854423,-20.2722749478815]]]},"properties":{"FID":4,"departamen":"Santa Cruz","provincia":"Cordillera","municipio":"Charagua","Zona":"Zona Alto Isoso"}},{"type":"Feature","id":5,"geometry":{"type":"Polygon","coordinates":[[[-63.18224353046804,-18.798513818588276],[-63.18215198712625,-18.7733223795542],[-63.18214359172305,-18.75298604499477],[-63.18450676255583,-18.753579503019637],[-63.188423755511394,-18.75457993632409],[-63.19158886539822,-18.756585395015634],[-63.1932482249552,-18.758879314287697],[-63.195029079934045,-18.762005254962446],[-63.19576265486222,-18.763697037047166],[-63.197143401706114,-18.766881239665395],[-63.197548068788876,-18.76946338706881],[-63.19704820868543,-18.771376933994816],[-63.19679719345726,-18.77278677063333],[-63.19634982671761,-18.775299355955042],[-63.197658853213,-18.77835880502022],[-63.20001271948894,-18.782353620742356],[-63.200957916235836,-18.78549114743771],[-63.20441384411714,-18.788625938359985],[-63.20551626116537,-18.791912720694825],[-63.20740389253382,-18.795646987313603],[-63.212900583494445,-18.799078244740087],[-63.21980793539291,-18.801013139752797],[-63.22436186800212,-18.803249530636776],[-63.226718244417896,-18.80504012933568],[-63.23017077829445,-18.805035903877183],[-63.23660441661059,-18.80457949745147],[-63.24052731226561,-18.804275575566578],[-63.244138052869175,-18.805167609547368],[-63.24775058010937,-18.8072552004582],[-63.25277607680397,-18.809639716894935],[-63.257642725275105,-18.810679235047758],[-63.26282168659634,-18.81067201230178],[-63.26815521484269,-18.809169890426972],[-63.27176259900074,-18.807819590237557],[-63.27505702678525,-18.807067497560524],[-63.279608130955296,-18.807060734679794],[-63.2847879778422,-18.807650714869112],[-63.28894932049951,-18.807838564566396],[-63.29119144080579,-18.807939739108406],[-63.30123928293108,-18.810165585890672],[-63.3092458069479,-18.81164701738902],[-63.3161555632546,-18.814026682344092],[-63.32008755989773,-18.81850355842505],[-63.32202173261351,-18.822343486027933],[-63.32433996947293,-18.82626774597145],[-63.325138527190404,-18.833440071505436],[-63.32561890552557,-18.83837116002144],[-63.32562795164506,-18.843063944590313],[-63.32469879121106,-18.849641461578813],[-63.323927976302,-18.856965955286],[-63.32566745078236,-18.863538806551844],[-63.32912989815679,-18.86801627188339],[-63.33337809493992,-18.872791163815123],[-63.33522550751485,-18.881289443354774],[-63.33636962978494,-18.886552056488938],[-63.34081263974531,-18.897256631982998],[-63.34404516956204,-18.905476463524565],[-63.34863761051889,-18.912202438666498],[-63.35069824389444,-18.915220174026217],[-63.35854717364231,-18.91979631005438],[-63.36719640345268,-18.922457558676115],[-63.37253587926824,-18.92285336475129],[-63.374410928830855,-18.9263378362391],[-63.378436774690556,-18.931123172858577],[-63.38073133656724,-18.931739449637462],[-63.38077321336999,-18.932623043413912],[-63.3804720621892,-18.93275021128818],[-63.38033943952735,-18.932910780565066],[-63.38021690030973,-18.93307998941708],[-63.38018034680596,-18.93313046426948],[-63.38012824126173,-18.933611462209967],[-63.38031579588949,-18.93421852203602],[-63.38100825737433,-18.934622061764856],[-63.38179818006,-18.9350000931085],[-63.382188749011505,-18.935207105623817],[-63.38220726880127,-18.93555318451922],[-63.381924038052205,-18.935764809931527],[-63.38158749739324,-18.935925897720608],[-63.38097460496999,-18.935420654814834],[-63.38071712494053,-18.935260784963987],[-63.38029219530807,-18.93554023611722],[-63.38014235450947,-18.9359288638895],[-63.38040995716085,-18.93664586329413],[-63.38054431613699,-18.937250012207812],[-63.38055438162331,-18.93778181924887],[-63.38051100474041,-18.938203992558613],[-63.38068000355838,-18.938440021796794],[-63.38088413161836,-18.938532462507624],[-63.38118492692729,-18.93824482440192],[-63.38136170589189,-18.938008095531814],[-63.38147725313689,-18.938134480880933],[-63.38131826357568,-18.93839649599562],[-63.38110614437613,-18.938692393835197],[-63.38106274906471,-18.93910613615583],[-63.38114322897559,-18.939406492336502],[-63.38149873411669,-18.93978563498905],[-63.381907618041964,-18.940240652422744],[-63.38213030765883,-18.940696051584666],[-63.38183839983526,-18.94099210451617],[-63.38146620285045,-18.941077289792872],[-63.38110317468062,-18.941289077766612],[-63.38074893896163,-18.941475524391933],[-63.38042150161658,-18.941743804431383],[-63.38019143476248,-18.941946877693226],[-63.380139042162796,-18.94230153307626],[-63.38015746118634,-18.942605397420664],[-63.38029952641057,-18.942697965618322],[-63.38046810074826,-18.94274827660081],[-63.38032681816554,-18.943001813230183],[-63.38023871528071,-18.943252710251954],[-63.380221404018016,-18.943438466379746],[-63.38036372934329,-18.943640775524216],[-63.380647815875534,-18.94380059018971],[-63.381117885084336,-18.94386715053662],[-63.381605898004636,-18.944026545994518],[-63.38118027858155,-18.944010538591556],[-63.38086120429358,-18.9440618398159],[-63.38064005528497,-18.94429022586587],[-63.380401124515686,-18.944493318299408],[-63.38001231958066,-18.94507405838442],[-63.37982048014925,-18.946501102621767],[-63.3798221507401,-18.947239747961703],[-63.38030377717632,-18.948488141696032],[-63.38094647780264,-18.950385364327644],[-63.38187567921847,-18.95349001037448],[-63.38235808564508,-18.955065977343565],[-63.38371312168766,-18.95823726874505],[-63.384908324412834,-18.961290699435835],[-63.386089904041796,-18.96596331994732],[-63.386842479716734,-18.96945292497213],[-63.38680131596408,-18.974664462895987],[-63.38725624322723,-18.98741386859615],[-63.387485420644055,-18.994517723515912],[-63.38711789391732,-18.99659418314485],[-63.38691771250524,-18.99854274600733],[-63.3866497054193,-19.001151551557996],[-63.38618511631665,-19.00727833297566],[-63.38630043130513,-19.011146045345185],[-63.38667922919245,-19.013929705827366],[-63.38663200501924,-19.01651175606304],[-63.387918691148684,-19.020812313259455],[-63.38910141602196,-19.026125605592483],[-63.389904371691784,-19.02825022382467],[-63.392313064810025,-19.034502598119502],[-63.39548877487283,-19.044137319500237],[-63.39570074558043,-19.044509582405965],[-63.39600784031546,-19.044794604140804],[-63.39638121687227,-19.045153766742942],[-63.39658003815464,-19.045381886441987],[-63.396712505602636,-19.045501591146262],[-63.39691702304191,-19.045598283859647],[-63.397115483100606,-19.045677847383956],[-63.39744651719735,-19.04591711328777],[-63.39760907889291,-19.046059605369464],[-63.39774767806756,-19.046226569787223],[-63.397862337099525,-19.04643786161631],[-63.39798317536719,-19.046717730163607],[-63.398062047544386,-19.047037717447893],[-63.398110526107246,-19.04720912280652],[-63.39822515916131,-19.047408981000444],[-63.39839393234877,-19.047631577440825],[-63.39865275949069,-19.04782540246714],[-63.3989234773544,-19.047967742742173],[-63.39924578418123,-19.048064235333527],[-63.3995462807182,-19.04809217801113],[-63.399828664339395,-19.048085846440586],[-63.40003889018476,-19.048056806206603],[-63.400225149786536,-19.0480564013439],[-63.400387499318924,-19.048107500231765],[-63.40057403477124,-19.048221435716357],[-63.40084499655387,-19.04846096970067],[-63.40104193645266,-19.048645192875938],[-63.401252849919786,-19.04890200066086],[-63.401500044412956,-19.049255924032536],[-63.40172311921157,-19.049569876088185],[-63.40195255979313,-19.050032456856627],[-63.402109593993714,-19.050369424270514],[-63.40232091006226,-19.050792028655508],[-63.402427750123934,-19.05098902721278],[-63.40255451143054,-19.051228870976843],[-63.40274752587402,-19.0515371659194],[-63.40293441994737,-19.051794032296698],[-63.403127284689674,-19.052039444993397],[-63.40336222644703,-19.052290475996813],[-63.40353085888597,-19.05245018657189],[-63.40372357302198,-19.052632716867834],[-63.40397653301858,-19.052877996041445],[-63.40422116101354,-19.05314843691042],[-63.40442602395177,-19.053382388950297],[-63.40460696312988,-19.05366213009529],[-63.40473371430568,-19.05389625448754],[-63.404926473068144,-19.054095925994943],[-63.405125150077026,-19.054255568126905],[-63.40536596624224,-19.054449422897903],[-63.405666988402515,-19.054688875183388],[-63.405919846179984,-19.05489413452426],[-63.40621483620936,-19.05512216672139],[-63.40649048917339,-19.05530564036718],[-63.40663509300782,-19.055465399401726],[-63.40680422268508,-19.055830921222537],[-63.40691913258951,-19.05613367084709],[-63.4071124415446,-19.056556309356154],[-63.407203065106785,-19.056756204346584],[-63.407275734862765,-19.05699044431492],[-63.40731240729798,-19.057241917044223],[-63.40737303663116,-19.057464742664934],[-63.40754183118099,-19.05768733981887],[-63.40783110470619,-19.058035442132336],[-63.408197800224514,-19.058523413034777],[-63.408485150252716,-19.058931209880313],[-63.40863866925042,-19.059500962188054],[-63.408684427800495,-19.05991779755027],[-63.40858675180186,-19.060224333842257],[-63.40850754575524,-19.060769078599208],[-63.4084369601718,-19.061177658984377],[-63.408249976687216,-19.061560974373492],[-63.40814387913076,-19.062088760960023],[-63.40799487848972,-19.062636950659112],[-63.40771924339185,-19.0633612395618],[-63.40757957405816,-19.064800405539586],[-63.40837761076534,-19.072002293257697],[-63.408377616367375,-19.07200233041675],[-63.40883772207957,-19.07478059827946],[-63.41015456105407,-19.080138802158558],[-63.4112033541428,-19.08250116344186],[-63.4120227535949,-19.083474981692234],[-63.41124319569826,-19.084559868021984],[-63.41041048022748,-19.08523971862013],[-63.40975150941699,-19.085886103593225],[-63.40886659326742,-19.086549525185262],[-63.4083630921744,-19.086798679178628],[-63.407860066388594,-19.087246279798308],[-63.40754829752211,-19.08770998577114],[-63.40687728690352,-19.088425865520378],[-63.406165253929146,-19.088708559931376],[-63.405749096553734,-19.089139415764862],[-63.40538504714186,-19.089553626451448],[-63.40495146203398,-19.08996799171939],[-63.404570233268714,-19.090464920280624],[-63.40415418953501,-19.090945387290446],[-63.40375511924549,-19.091260452522647],[-63.403303907575435,-19.09157563192531],[-63.40286995024047,-19.091841164577374],[-63.402488072145104,-19.092073507031273],[-63.402054751220874,-19.092603613021765],[-63.40176058188683,-19.093166491958357],[-63.40195396186357,-19.09405903476221],[-63.40258174127149,-19.094867947871137],[-63.403174881573364,-19.09572653937721],[-63.4037850536464,-19.096436264428746],[-63.4040121702331,-19.09689879257911],[-63.4038752291612,-19.097775519032837],[-63.40237061304077,-19.098871916280075],[-63.40108559726059,-19.09947002960223],[-63.39945318730912,-19.100201177201313],[-63.39870652088513,-19.100566589664197],[-63.39808220977534,-19.10121285869394],[-63.39759710211365,-19.101908439658303],[-63.39698961712725,-19.102323150446523],[-63.39659062471503,-19.102687815245304],[-63.39657612131907,-19.103895001766205],[-63.3965271591814,-19.105234548425585],[-63.395798550201334,-19.10589757119169],[-63.3952136418348,-19.10704811595531],[-63.3949196991598,-19.107726741347903],[-63.39459133120653,-19.108554266833835],[-63.39433212208678,-19.109216268477383],[-63.394229179927436,-19.109795263043793],[-63.394178857230486,-19.1105725864997],[-63.393744573071444,-19.110722340283587],[-63.39346662685392,-19.11082215320198],[-63.393120008081326,-19.11128591163697],[-63.39261754134873,-19.112014582377867],[-63.39248140815886,-19.112011710036597],[-63.39153514364972,-19.111875391777176],[-63.39057072377295,-19.111756395055636],[-63.39026208224959,-19.112016428064692],[-63.39040975991162,-19.11293259410718],[-63.39013879908185,-19.113745890970904],[-63.3902495740229,-19.114437333520243],[-63.390724941732344,-19.11545655041124],[-63.39138179372469,-19.116285174739403],[-63.391201363609866,-19.116917118989477],[-63.39109425226496,-19.117782455835425],[-63.3910413782217,-19.11850926537545],[-63.39102514283678,-19.119339807338292],[-63.39164513773272,-19.119961364013932],[-63.3913919126108,-19.120584787592122],[-63.39084757536244,-19.1211915226977],[-63.39070568188049,-19.12274214945876],[-63.39159796373991,-19.123103596014914],[-63.390255414923956,-19.12468095548445],[-63.38978541666472,-19.1259623159969],[-63.3892955893819,-19.12655162409777],[-63.389005942389815,-19.12716824258439],[-63.38944516721665,-19.12827464902506],[-63.390175685538395,-19.129466960271657],[-63.39065078239258,-19.130348359505206],[-63.390507700894204,-19.131395502025782],[-63.390983813989465,-19.132709457332112],[-63.391677575243875,-19.13372881141703],[-63.39222632121948,-19.134973410141697],[-63.39243039500826,-19.136640961878868],[-63.39298038341616,-19.13840461859394],[-63.39349391298185,-19.14013373685725],[-63.393934597927114,-19.141828406028537],[-63.39459227260414,-19.142951645632536],[-63.392886260245575,-19.144761706543477],[-63.39252644761308,-19.146492691418473],[-63.39236674748349,-19.148205951579314],[-63.392369813596474,-19.14950360924206],[-63.38940369316782,-19.15714716072165],[-63.3916542685115,-19.166269315051693],[-63.39133030599959,-19.167792596312893],[-63.38904957331198,-19.17296399228161],[-63.38774458134941,-19.175216035212657],[-63.3884149612457,-19.181720219105387],[-63.39075588237483,-19.18658069120744],[-63.397064144447995,-19.19127332306323],[-63.399572839973985,-19.194576111464244],[-63.399661180746875,-19.201012300827813],[-63.400999419617904,-19.20248585560995],[-63.40132372129534,-19.202558177079027],[-63.4084650529511,-19.206432025009292],[-63.412368064846135,-19.209183653589548],[-63.41441710539209,-19.209931865288127],[-63.41660203192066,-19.21218538956532],[-63.41865524712671,-19.21456466634538],[-63.42050944952439,-19.216567950603746],[-63.42170504836804,-19.219262837777364],[-63.42184321265853,-19.221646464345383],[-63.42205287125017,-19.226162930899307],[-63.41213021944452,-19.246223497553444],[-63.4102363924041,-19.254953129596743],[-63.404405566931416,-19.269221978912412],[-63.400000319556455,-19.277831480391626],[-63.39488262053845,-19.29259411099821],[-63.38428649911833,-19.297603155761976],[-63.37774064778404,-19.303288333633816],[-63.367354531320814,-19.31518138127842],[-63.36303869268147,-19.32342414843629],[-63.35807677547831,-19.331045018541943],[-63.34845771185206,-19.34154036594873],[-63.34396264691844,-19.34889285228229],[-63.33929051898599,-19.355800463424828],[-63.332399081087885,-19.366317285145612],[-63.32614106742409,-19.37170867830224],[-63.325207379517565,-19.373585367352177],[-63.32486036208371,-19.3758670606926],[-63.325625565598784,-19.37764603920772],[-63.3262150137121,-19.37942533168217],[-63.327448312166666,-19.38086964039826],[-63.32914857803149,-19.381422931767133],[-63.33055241481361,-19.3802520405485],[-63.33225200814678,-19.380471481678285],[-63.334713860649686,-19.380967694904484],[-63.3448012830637,-19.38556662752842],[-63.35300345452259,-19.38516144592063],[-63.35534800318948,-19.3855463322015],[-63.35810187019979,-19.385540933557195],[-63.36009402640923,-19.385537001293642],[-63.3632566797321,-19.384918717757955],[-63.36513028470432,-19.384302978944618],[-63.36921756722859,-19.38301256639909],[-63.37306136309303,-19.381643084490918],[-63.37658717808091,-19.38130581348895],[-63.37702066712893,-19.384207551918337],[-63.373934379758055,-19.393640174361906],[-63.371773347952455,-19.401707892944785],[-63.36882782348215,-19.403402923192857],[-63.36774776243499,-19.41105152409625],[-63.36429197765176,-19.414791043352636],[-63.36135532191406,-19.418034489018282],[-63.36110986106587,-19.423750891712587],[-63.35984165601087,-19.429123398547006],[-63.3578094371025,-19.43632526303935],[-63.35630050194925,-19.448166923183805],[-63.35322440096746,-19.456298389036988],[-63.351476151732754,-19.465057226871465],[-63.35113538386497,-19.474860480572886],[-63.34676164837032,-19.48687183755402],[-63.34857041697393,-19.49263338468836],[-63.34903050274056,-19.503792391804552],[-63.34953964275701,-19.509366002551076],[-63.348627389035414,-19.51868433657131],[-63.347368160341546,-19.527122877464137],[-63.341763213749516,-19.535172575045863],[-63.340036992664636,-19.54195686929512],[-63.341847674211465,-19.552091481644595],[-63.34172144719008,-19.562667252061885],[-63.34585299952937,-19.56868886115751],[-63.34520252491029,-19.581888494095836],[-63.34093712041454,-19.594235865382473],[-63.33694250802597,-19.6167387221401],[-63.33469075620184,-19.62180079926611],[-63.33240572995328,-19.631375569984982],[-63.330664434808455,-19.63977646947052],[-63.32727769317057,-19.64492154236308],[-63.32937007692857,-19.65153808498718],[-63.32653149990546,-19.658951355749934],[-63.328272460227026,-19.675525239665205],[-63.323531371055935,-19.68693925163916],[-63.32169418825811,-19.694443568499878],[-63.321814560677865,-19.699925806849024],[-63.31931136789575,-19.70608588429991],[-63.319668672968135,-19.709025448282375],[-63.31932303708538,-19.711966255372943],[-63.31921038822412,-19.714240947453845],[-63.317750187594186,-19.716407075987377],[-63.31757812583629,-19.7182719823752],[-63.31790275819276,-19.7192198656777],[-63.31757703306437,-19.72006789901991],[-63.317601062001074,-19.72118401797661],[-63.317101604175605,-19.722487085231876],[-63.31690711934954,-19.7234795697388],[-63.318133119308186,-19.725331083689866],[-63.31868163565014,-19.726757151669233],[-63.319316703967445,-19.72779011957573],[-63.31975502048243,-19.728672477785153],[-63.319822884634505,-19.729871899668638],[-63.32032908682055,-19.73195368653296],[-63.32116076178471,-19.73304833292434],[-63.32175253815035,-19.734246813716823],[-63.32193135268426,-19.736335353259847],[-63.3194771278998,-19.756228979240575],[-63.31961495395677,-19.77162809144926],[-63.31747255006445,-19.801114241207358],[-63.31642114206801,-19.810846496383533],[-63.31399946557161,-19.831426145972955],[-63.31397046479094,-19.843941002470558],[-63.09088405633668,-19.84578621739871],[-63.09039951998386,-19.846147623553406],[-63.0757170687304,-19.848163007880032],[-63.07419906601956,-19.839058065094605],[-63.072714507519095,-19.829849499119348],[-63.07556617175936,-19.82942925257538],[-63.07567047438323,-19.829286165636802],[-63.07566574234136,-19.829287253142752],[-63.07464447330784,-19.828031257994212],[-63.07459081708396,-19.827032627896244],[-63.07471437802775,-19.82611063953067],[-63.07069851085913,-19.817362252520013],[-63.06543322859454,-19.806106116419414],[-63.0790103764802,-19.800665390743177],[-63.085610933396595,-19.796060286547174],[-63.07150675335424,-19.790437505684565],[-63.07322245618991,-19.78222224569106],[-63.07479623410734,-19.775032021187883],[-63.075859144067465,-19.770173042821],[-63.0749045374514,-19.76996391259746],[-63.07585706277712,-19.76577286258714],[-63.07677013381999,-19.76595581415819],[-63.07984801233988,-19.752086026549648],[-63.080308974125046,-19.750039732498124],[-63.08017678627442,-19.74569512730659],[-63.07972847560268,-19.734197199966843],[-63.07937564144095,-19.725122763338845],[-63.07865882654062,-19.70369396396177],[-63.07828316942266,-19.694837785748973],[-63.077613085049165,-19.678213297702484],[-63.07705394798478,-19.665418827384542],[-63.07667573944411,-19.655007721518416],[-63.076355665997426,-19.648669405432486],[-63.076355217848175,-19.647721890680202],[-63.07579562092644,-19.63533796847031],[-63.07517485862701,-19.617758704557218],[-63.07452840999309,-19.59690593224269],[-63.06100358313995,-19.59861094683339],[-63.03707192829893,-19.59783005902358],[-63.04278559794858,-19.570327086163218],[-63.073845272978815,-19.571561175289105],[-63.073701167958745,-19.566565647293032],[-63.0780899967408,-19.549256766274254],[-63.077977920408614,-19.546008982582066],[-63.076332001490755,-19.49331177470708],[-63.07633133194702,-19.49331174456239],[-63.050346946136074,-19.49347707046462],[-63.033542102646436,-19.493607734659122],[-62.99992045264901,-19.493872863571426],[-63.000848210416336,-19.4764590120688],[-63.002342370089195,-19.451828662100127],[-63.00362695669048,-19.42924701926779],[-63.02981559551404,-19.42941240335375],[-63.04551829184339,-19.430186736806263],[-63.07440035199596,-19.431466361871685],[-63.0736756154015,-19.410412748339354],[-63.073827085280186,-19.409613812747523],[-63.07429592497829,-19.40861830300281],[-63.074723447103,-19.407832349750038],[-63.07483350207889,-19.407033430138597],[-63.07461233989858,-19.406326320790924],[-63.0744189154035,-19.40590731842184],[-63.07455674232705,-19.405475083933993],[-63.07541182400843,-19.40403413768911],[-63.0756046437383,-19.403143508792766],[-63.07557635601262,-19.401663637812874],[-63.0755344543083,-19.40058975786559],[-63.07510608347235,-19.39947674892369],[-63.07373891638491,-19.397735498943234],[-63.07340727046005,-19.3968319873955],[-63.07295408207739,-19.38061646047902],[-63.07210409257647,-19.354729579983257],[-63.071352610168276,-19.328735695781518],[-63.07044302967131,-19.31694887409577],[-63.067550066831245,-19.28010518783873],[-63.06441009726592,-19.238733825785232],[-63.06201250054022,-19.200796690084076],[-63.059121114526874,-19.1571609851286],[-63.05664437058056,-19.120784712295915],[-63.056580286672954,-19.11897305733163],[-63.09192851789362,-19.119518346983284],[-63.09756960781158,-19.091329983549088],[-63.09911212399135,-19.083591333714992],[-63.10223037975652,-19.068145933726953],[-63.10404454822077,-19.059414834926827],[-63.10918916325261,-19.033227155935265],[-63.11266162209523,-19.015897138687194],[-63.11495606582861,-19.00468154409947],[-63.11422420274329,-19.002143200881903],[-63.113248024421296,-19.000161364872554],[-63.1124741564696,-18.999074694330545],[-63.11156609731643,-18.998371798803873],[-63.11201352483482,-18.993961104280572],[-63.129448234014376,-18.994010303275047],[-63.129898871358364,-18.992557053124642],[-63.13912806370962,-18.99300055017278],[-63.14567931973278,-18.992272879369523],[-63.20335777582585,-18.99103143046591],[-63.22127389403687,-18.996206761330257],[-63.21992616809928,-18.96977927824753],[-63.219547393374,-18.961236470505355],[-63.18572985093493,-18.960573996441383],[-63.18624349154169,-18.955614941887973],[-63.18858638195377,-18.93249317279316],[-63.19308865251048,-18.893925553183465],[-63.19298249999002,-18.874483970867857],[-63.18875429746424,-18.87448518587297],[-63.18732899658414,-18.874503738076726],[-63.1869197819085,-18.874517915829983],[-63.1864914186076,-18.84226560129224],[-63.18669024165655,-18.842138084973953],[-63.18668086373009,-18.841618403108953],[-63.183704365688754,-18.818014797545175],[-63.19255262610608,-18.813053535786594],[-63.182145670149055,-18.807415859566618],[-63.18224353046804,-18.798513818588276]]]},"properties":{"FID":5,"departamen":"Santa Cruz","provincia":"Cordillera","municipio":"Charagua","Zona":"Zona Norte Charagua"}},{"type":"Feature","id":6,"geometry":{"type":"Polygon","coordinates":[[[-63.296489037200786,-19.97311994335854],[-63.29447850788887,-19.979962396028952],[-63.29380572578356,-19.99161165109024],[-63.29325391599457,-19.999906412643952],[-63.29330050066625,-20.007327315926318],[-63.29289982354982,-20.009696194188336],[-63.29327839476389,-20.013162082850897],[-63.294314361875024,-20.0133239917933],[-63.295616089816804,-20.012865875981163],[-63.29679028620501,-20.012589411973124],[-63.29770375736558,-20.012833286978662],[-63.29795942999908,-20.013688015459252],[-63.297490284411424,-20.01455560896403],[-63.29709728702551,-20.015010084483492],[-63.296675527647324,-20.0151750950954],[-63.295899771455424,-20.01572166942742],[-63.29591558117073,-20.016329548645217],[-63.29622181701757,-20.017268362024367],[-63.29630797496111,-20.0180214256805],[-63.296463190628174,-20.01895535866197],[-63.29675910317917,-20.020179660651877],[-63.29711084778921,-20.020905579775786],[-63.29775948606016,-20.021784004743154],[-63.297953755728486,-20.022683473783275],[-63.297733987640754,-20.023533834999398],[-63.29718343713114,-20.024123412569963],[-63.29662771741016,-20.024855729583408],[-63.29621010715863,-20.025949785408557],[-63.295409226234824,-20.027188647446735],[-63.295042566676614,-20.028963167327902],[-63.295033812621625,-20.030249074595872],[-63.29546236850507,-20.03094175709441],[-63.29616557550611,-20.031357500961917],[-63.296962390875706,-20.031276082040904],[-63.297808588085786,-20.030874706823568],[-63.29837337143505,-20.029892587189977],[-63.298917172060214,-20.028445326675694],[-63.29903012904754,-20.02741287359561],[-63.29935413953251,-20.02681597211705],[-63.30000119144796,-20.026693967496215],[-63.30078895089059,-20.026862327000345],[-63.301396953216056,-20.026774783549],[-63.30187232680004,-20.027218870969705],[-63.30198594147646,-20.028258648315784],[-63.30234030170493,-20.028913195087682],[-63.30243164299037,-20.02952351883266],[-63.30224834592815,-20.030410796028377],[-63.30222124562897,-20.0311602057335],[-63.30225933914761,-20.032197544275164],[-63.30235617168205,-20.03370124268298],[-63.30232552224885,-20.035593829889763],[-63.30249141682407,-20.037278398989088],[-63.30281868116663,-20.038682359952304],[-63.3037004260521,-20.0393896757991],[-63.304734516974975,-20.040066181125326],[-63.30560819692221,-20.039951486147004],[-63.306200426906685,-20.039256049014853],[-63.30649571960271,-20.03840811005807],[-63.30653958060776,-20.03719477165089],[-63.306589886503446,-20.035803000594797],[-63.30681222479615,-20.034881247432565],[-63.307515127319846,-20.03426082961124],[-63.30836261927851,-20.033823714487426],[-63.30970614740551,-20.033259684668565],[-63.310636882256745,-20.032610871650945],[-63.312107847909374,-20.031657917764733],[-63.312996941334916,-20.031114930797287],[-63.3139812782797,-20.031075205536297],[-63.314778612139605,-20.03160824926084],[-63.31568914424042,-20.032566534670707],[-63.316944684202724,-20.03339301984738],[-63.318649511209514,-20.034341157231438],[-63.31970682529095,-20.03437521190193],[-63.32065471728055,-20.034298549940672],[-63.321842041473644,-20.03387230357822],[-63.32328983135318,-20.033561616957],[-63.324198675599746,-20.033519407516224],[-63.32516504500779,-20.03397924856506],[-63.325787709923134,-20.034535216189852],[-63.325762001053874,-20.035248968259566],[-63.32535995561301,-20.035914883666237],[-63.32484076369008,-20.036684215072455],[-63.32412889522243,-20.037554529009526],[-63.323448350255376,-20.038604490863975],[-63.3229214187121,-20.039587936038686],[-63.32284634788368,-20.04062165618251],[-63.32326991538031,-20.041457055975286],[-63.32381192176615,-20.042153354293134],[-63.324800150583144,-20.043056951411074],[-63.32571852182832,-20.043801089211854],[-63.32609277138465,-20.04495646192629],[-63.3260202820677,-20.04591881188918],[-63.32554395542053,-20.046546602006742],[-63.324624741207344,-20.046874301082198],[-63.32367290659852,-20.047058028575236],[-63.32243053904949,-20.04691083334137],[-63.32172073875353,-20.046673599158055],[-63.3206817908295,-20.047176061736536],[-63.320536309918054,-20.048064593913864],[-63.32061741393454,-20.048960424892527],[-63.32077147233764,-20.049930065322144],[-63.32079678312488,-20.05132430224762],[-63.32106970997046,-20.05319099228268],[-63.32128384671046,-20.054591313829576],[-63.32168166535001,-20.056140470876414],[-63.322370901645115,-20.056948712678718],[-63.32363695001368,-20.057489705321302],[-63.32474378164517,-20.057203796705664],[-63.32548838403409,-20.056477468664866],[-63.326162594090306,-20.05560595281281],[-63.32711917303891,-20.054243316517386],[-63.32826970979562,-20.052743995927813],[-63.329424079182786,-20.051137599662297],[-63.33023853276268,-20.04952025733934],[-63.33078218302222,-20.048072845371507],[-63.33093017888564,-20.04711291531197],[-63.33100084310712,-20.0462005193491],[-63.33089733039503,-20.044875209050474],[-63.33094358874331,-20.04359044391066],[-63.331322009932364,-20.042530733749174],[-63.331734335211934,-20.04157929945933],[-63.3321273864633,-20.041163182229695],[-63.33292813070409,-20.04097454376796],[-63.33356369339964,-20.041173615798982],[-63.334153790719256,-20.04158560091389],[-63.33480914777749,-20.042285516612537],[-63.33508301560573,-20.043080363911656],[-63.33501957180698,-20.043792914161372],[-63.33475959840729,-20.044713525645648],[-63.3347287781379,-20.045570041403096],[-63.335091019082085,-20.046010434201037],[-63.33589360327613,-20.046822270739142],[-63.33639920697823,-20.047481645304742],[-63.33652073840591,-20.048307328891497],[-63.3363894650339,-20.048803323652578],[-63.33591958185167,-20.049252709473308],[-63.335072036499014,-20.04968995583323],[-63.333952416624356,-20.050332827757813],[-63.333134917357654,-20.050985404529797],[-63.332309701788006,-20.051852103911926],[-63.33192867544011,-20.052983187139205],[-63.33205017949547,-20.0538088687249],[-63.33255834965024,-20.054396880137176],[-63.33307937513723,-20.05462801108621],[-63.333871197557585,-20.05468920009588],[-63.334753973329214,-20.054324557125142],[-63.33549210062864,-20.053776612348827],[-63.336368448024984,-20.05359040026252],[-63.33705339039955,-20.053469492619172],[-63.33757442360047,-20.053700611044178],[-63.337862434987926,-20.054102889330238],[-63.33812861958165,-20.05511186883234],[-63.338295627952164,-20.055724637992114],[-63.33872829568742,-20.056310211527716],[-63.339610329206096,-20.05701740855568],[-63.34035541951084,-20.057327178757987],[-63.34112801392888,-20.05792366680805],[-63.34144354050085,-20.058612663980853],[-63.341643197373855,-20.059369400597518],[-63.3418115040061,-20.05994648159907],[-63.342127036391844,-20.060635479714108],[-63.342326696181544,-20.06139221566451],[-63.342882967323305,-20.06169591665997],[-63.343485993015065,-20.061751008504928],[-63.343932809440446,-20.061944002393545],[-63.34468948290311,-20.06193256328629],[-63.34530918934473,-20.061523695934056],[-63.345873166304614,-20.06161325587476],[-63.34589297700535,-20.06211411033638],[-63.34560934555316,-20.062640956391874],[-63.344726528996944,-20.063005648756985],[-63.343847558654204,-20.063263270025118],[-63.34344804193813,-20.063857850098827],[-63.342936496289724,-20.064413100827608],[-63.34227643334913,-20.064892119698698],[-63.34177129983192,-20.065268922259122],[-63.341373053873724,-20.06582780592504],[-63.34074176122499,-20.066557849337073],[-63.34029417751225,-20.067436710281527],[-63.34026977232929,-20.068114790261063],[-63.34039773419369,-20.068762036298665],[-63.34091496669055,-20.069100223313058],[-63.34148153167905,-20.06911842575562],[-63.34201931554168,-20.068885594737253],[-63.34264034304999,-20.068441055744074],[-63.34345535802481,-20.067859825619394],[-63.344381111711414,-20.067353604914842],[-63.34549571401351,-20.066853440342243],[-63.34649186632623,-20.06649238620429],[-63.347439984008645,-20.066415623706348],[-63.34812524470402,-20.06628754637029],[-63.34921803310175,-20.06639406537238],[-63.35000865757962,-20.066490886594977],[-63.3506379438266,-20.06686837170861],[-63.351148791269225,-20.067384978318103],[-63.351460529102724,-20.068181039587557],[-63.35168647063347,-20.069260191624153],[-63.35188105172523,-20.070159687339867],[-63.351776020289606,-20.070978114050604],[-63.35148340794973,-20.071754794053334],[-63.35111601574994,-20.072507635917475],[-63.35107369654963,-20.07368537447462],[-63.35133612318873,-20.074801429524086],[-63.35198910904052,-20.07557270947359],[-63.35314597760856,-20.076002846933534],[-63.35401604880741,-20.07599501740276],[-63.35512814249785,-20.075566178378438],[-63.356438068031764,-20.074893557655855],[-63.3575904863543,-20.07439453084436],[-63.358959292362044,-20.074188271368655],[-63.359970211695895,-20.07447076672321],[-63.36086141250797,-20.074928076565755],[-63.36110150286066,-20.07561464760107],[-63.36099522728921,-20.07646877962543],[-63.36076794198431,-20.07753342018958],[-63.360648854004296,-20.078744447547194],[-63.36066036951826,-20.080531349214084],[-63.360915182882025,-20.08186154541022],[-63.361629709046895,-20.083027814558307],[-63.36228277912596,-20.083799076217645],[-63.363550516472,-20.08430417504769],[-63.36460824814742,-20.084338041592844],[-63.36515235616821,-20.084562699963953],[-63.36602571144954,-20.0855196590544],[-63.36781084040592,-20.086362871192364],[-63.369241246298316,-20.086551562230568],[-63.370239482781756,-20.087190923577964],[-63.37142150015018,-20.087979082930133],[-63.37316891939582,-20.08882104592999],[-63.37485486431194,-20.089267985673246],[-63.37666054604409,-20.08954007957402],[-63.37792073416853,-20.090259240154353],[-63.37937749277842,-20.090770283393624],[-63.38147012124824,-20.09148027726326],[-63.38386322186432,-20.0933075231942],[-63.38510020761555,-20.095312248574714],[-63.38668647905678,-20.09643481971051],[-63.3881088941186,-20.097909472958747],[-63.389433296967695,-20.098952210868276],[-63.39045164010497,-20.10009237894849],[-63.39155193664061,-20.101056496868807],[-63.39256567544493,-20.101267475301597],[-63.3933736319118,-20.10088588289824],[-63.39437763144804,-20.10031043184904],[-63.39541430917399,-20.0998789439102],[-63.39652017781032,-20.099628314339157],[-63.397938488435045,-20.099101768081994],[-63.39909613824585,-20.09845971200258],[-63.40040745364138,-20.097751072176834],[-63.40134985103964,-20.09678055363281],[-63.40257833499447,-20.095211673941492],[-63.40329656046822,-20.09416254182503],[-63.40404365321473,-20.093364451207776],[-63.4052177695533,-20.092258338064767],[-63.406619455792736,-20.090709214587605],[-63.40748112576375,-20.08987901129359],[-63.40837167329289,-20.089299848685755],[-63.409403172510395,-20.08901102183728],[-63.41038545823443,-20.089042222224066],[-63.41204652361694,-20.089130702187447],[-63.413186284457026,-20.088988220211604],[-63.41433492870158,-20.088595881134495],[-63.41491813337393,-20.088149857610063],[-63.41592960362601,-20.087360086574563],[-63.41701155192277,-20.086715476444567],[-63.41885670143614,-20.085880658159226],[-63.41993102452517,-20.085450184502236],[-63.4209837970713,-20.085626488325715],[-63.42176070584833,-20.0861156465279],[-63.4222265058541,-20.08684507832669],[-63.42237485742896,-20.08799325273253],[-63.42268827247017,-20.088753589326416],[-63.42368808783232,-20.08935700671651],[-63.42534792985293,-20.08948105741092],[-63.426788689657826,-20.089383751549974],[-63.42966135133719,-20.089438961163125],[-63.431904388875125,-20.089116865189055],[-63.434045461684036,-20.08846990749015],[-63.43600520005839,-20.087602781716214],[-63.43723696190068,-20.086998498956916],[-63.43830495471832,-20.086746373649703],[-63.43925328388934,-20.08666913277432],[-63.44187294728931,-20.085322495097955],[-63.443331421358664,-20.084731891003628],[-63.44432882758616,-20.08432798467078],[-63.44604286910436,-20.083988989869397],[-63.447754385091514,-20.083721365797317],[-63.449724065502664,-20.083640537835947],[-63.452320915362236,-20.084008271149173],[-63.454217553452395,-20.08492567048745],[-63.45577039775753,-20.085939431835016],[-63.45667969676208,-20.08696865325112],[-63.45703737455568,-20.087551679279272],[-63.45749958826514,-20.088388143352688],[-63.45777163051525,-20.08925435368252],[-63.458150728464545,-20.090302612176117],[-63.458687261154864,-20.091177150863132],[-63.45919986720793,-20.091657849229193],[-63.459867390021316,-20.092036217068312],[-63.46039007407768,-20.092231346988285],[-63.46128934476769,-20.09247406394269],[-63.4622571756035,-20.09381491415286],[-63.46320158157721,-20.094716146042515],[-63.463344527954234,-20.095225209839043],[-63.46312834521524,-20.09582000735668],[-63.46313231628807,-20.096469871897966],[-63.46380325836532,-20.097441040319495],[-63.46394878486916,-20.09874001988277],[-63.46333602227736,-20.099783178933762],[-63.46297315438716,-20.100443359295298],[-63.463940753082454,-20.101175040306657],[-63.464431061978985,-20.10260293536527],[-63.465037889257076,-20.10433365547192],[-63.46532289933759,-20.10593607081205],[-63.46512727215372,-20.107692846634563],[-63.46520097652643,-20.108494435459022],[-63.4659407808839,-20.10946578361319],[-63.46596265694279,-20.11041080748589],[-63.466198623867626,-20.111493290502608],[-63.4665015363899,-20.112271944463714],[-63.46662271165536,-20.113333374281808],[-63.46742961985029,-20.114022563117942],[-63.468762258649804,-20.114427081829263],[-63.469273667373784,-20.115542829047286],[-63.4699679220613,-20.116557758407453],[-63.47084352503265,-20.117224883192478],[-63.472009912082626,-20.1166982568526],[-63.47274537939529,-20.11695430740849],[-63.473346203213964,-20.117687955865676],[-63.47342290528462,-20.118966378462062],[-63.4733690433975,-20.119185863836492],[-63.47577372478628,-20.12090445614035],[-63.475416165005015,-20.12234126793777],[-63.47549584062267,-20.12409652949168],[-63.47557430966481,-20.125656714968557],[-63.47606816226306,-20.127626436070614],[-63.47591810057821,-20.129317944086665],[-63.47659053151074,-20.130493514487625],[-63.47703760515719,-20.132311770626416],[-63.477599091255456,-20.134086030375556],[-63.477269591515494,-20.136428789852914],[-63.47714031579312,-20.137773370586615],[-63.47661345418385,-20.137884668784636],[-63.476478524507,-20.13831892106316],[-63.476825529428936,-20.138793854336825],[-63.47664738321163,-20.13904960994887],[-63.476606881966745,-20.139109156512234],[-63.47628879083118,-20.139202512747318],[-63.47586556795545,-20.13910017578104],[-63.475809623689145,-20.139015434719568],[-63.475686358256155,-20.139245103382848],[-63.47568031892473,-20.139389081028924],[-63.47526431119104,-20.13933249703365],[-63.47494573237998,-20.139347340199322],[-63.474940067549426,-20.139550192732713],[-63.475378428682234,-20.139861815684867],[-63.4756019742548,-20.140161545704075],[-63.476000637533616,-20.140548237425605],[-63.475995574021,-20.140849401364164],[-63.47591402717927,-20.141105161329733],[-63.47562336097019,-20.141152589524324],[-63.47520661760416,-20.140978146456632],[-63.475116646594245,-20.140991734138254],[-63.47513232426371,-20.14128623806681],[-63.47525155065,-20.141521250428184],[-63.47542623725599,-20.14176249998303],[-63.475753576859574,-20.142042189799383],[-63.47543754838489,-20.14246945609534],[-63.47534162043672,-20.142640196686443],[-63.47591570159267,-20.142492995383634],[-63.47643648685681,-20.14268650709795],[-63.47673763658503,-20.14321121787941],[-63.47680995428021,-20.143701796314986],[-63.47675664893012,-20.14404251039298],[-63.47652983128182,-20.144331804050466],[-63.47612110609708,-20.14433406566235],[-63.47576674466552,-20.144165824199376],[-63.47567088643689,-20.144349657042028],[-63.47582500544314,-20.144623750272274],[-63.47603441157878,-20.144877906323927],[-63.47615477997988,-20.14529621173955],[-63.476164310439856,-20.145715132459372],[-63.47586296535269,-20.146277201956423],[-63.47560765588736,-20.146442269175736],[-63.47573361475719,-20.14664451231704],[-63.47624727925381,-20.146805336000853],[-63.476505594569005,-20.147124680351794],[-63.47653578727733,-20.14752384867802],[-63.476322989859455,-20.147842556798878],[-63.476144095449285,-20.148039939805358],[-63.476159247812745,-20.14824934219564],[-63.47652755198038,-20.14843060632404],[-63.47659152862366,-20.148692113559036],[-63.47650346236719,-20.149013376990297],[-63.47644281883862,-20.149288657709917],[-63.47625685860385,-20.149466441829702],[-63.475918460536946,-20.149638526855483],[-63.47560046870569,-20.149751572838],[-63.4751581255735,-20.14992227717812],[-63.474619666865124,-20.15023293748385],[-63.4743656052317,-20.1506009362069],[-63.474271292465744,-20.151033530355562],[-63.474391802539344,-20.1514747850797],[-63.47456880902098,-20.15208916295842],[-63.47473208735272,-20.15272326409962],[-63.47474111801267,-20.153063636937418],[-63.47482646688036,-20.153419977215606],[-63.475105129778115,-20.15366719931245],[-63.4755781800996,-20.153978813056085],[-63.47585052098839,-20.154324273656187],[-63.4759862622318,-20.15498470855107],[-63.47598099524032,-20.15525313639722],[-63.475598564461166,-20.156148233900353],[-63.47530925165148,-20.156418232475858],[-63.474930755776995,-20.15683275158824],[-63.47477485811254,-20.157390057177395],[-63.47472851486435,-20.15773727936704],[-63.4748025011088,-20.158082443099147],[-63.47516912500413,-20.15879865510243],[-63.47526980269021,-20.159459340812305],[-63.47545697383714,-20.160438763660636],[-63.475860324749306,-20.161234578480105],[-63.47607009020709,-20.161963063819996],[-63.47647369362943,-20.162798764271145],[-63.476802706927344,-20.16328745227071],[-63.47679410322826,-20.163846460731634],[-63.47673693188568,-20.164360106056336],[-63.47596518081349,-20.16451267230758],[-63.47574708216217,-20.164388394494324],[-63.47588356665483,-20.164980824219924],[-63.47570515799055,-20.165415286936764],[-63.47565892035834,-20.16574634484124],[-63.475447824623586,-20.166276862010193],[-63.47538148688005,-20.16665836558309],[-63.47574449524234,-20.167029387919],[-63.4759006838824,-20.16728802484056],[-63.475972786825935,-20.16783578193332],[-63.47566518787829,-20.16808901536683],[-63.475236896601075,-20.168269900780047],[-63.474808512298125,-20.168434547782624],[-63.47475874466852,-20.168718810249345],[-63.47479556201495,-20.16911620012263],[-63.47538099279808,-20.16934827580849],[-63.475725677405535,-20.169532991218944],[-63.47561767235095,-20.17012110192104],[-63.47536240204971,-20.1705038757471],[-63.47548540085887,-20.170949473356814],[-63.47590868284965,-20.171344714203713],[-63.476383636312164,-20.171764019498994],[-63.47675554556952,-20.172183893384727],[-63.47693810776491,-20.172539904480516],[-63.476994093144185,-20.173256929586557],[-63.47702450003169,-20.17400325471874],[-63.47714705307783,-20.17437582453988],[-63.47713275116445,-20.174838407393167],[-63.47766877353496,-20.17540752368501],[-63.47855078626918,-20.17498881273883],[-63.47923672988202,-20.17480649704936],[-63.479600009099215,-20.1752183007477],[-63.47947391175768,-20.175657161557353],[-63.479417035366964,-20.176176779374657],[-63.47958298672148,-20.1766221233637],[-63.47957743611323,-20.177108999751113],[-63.47930700783479,-20.177816432048644],[-63.47952673665537,-20.178621798843494],[-63.47961550173579,-20.179083809177655],[-63.47967021813167,-20.17959469168187],[-63.47990423408487,-20.179934185414993],[-63.47982107929755,-20.180372810125334],[-63.48017897035771,-20.18129581718688],[-63.48012172868437,-20.182167644624144],[-63.48006490180933,-20.182695375252308],[-63.48036828247001,-20.183139964004454],[-63.481135305074304,-20.183557630815358],[-63.481224383494634,-20.184068320368112],[-63.48140768893313,-20.184537908712343],[-63.48173680971229,-20.184976735126043],[-63.48184220634744,-20.185349398468247],[-63.48165685183773,-20.18592652869586],[-63.481455281310275,-20.18665792125927],[-63.48115866900605,-20.187300581554666],[-63.48120469922986,-20.187795282795264],[-63.48129372909386,-20.188297861033277],[-63.48115987250645,-20.18886988832213],[-63.481250625041014,-20.18964833023216],[-63.48116106489158,-20.190435895606242],[-63.48079446635819,-20.19087609506613],[-63.48031623371867,-20.19166233193704],[-63.480302814977335,-20.19210568261002],[-63.47996507299939,-20.192466760329467],[-63.4793925312992,-20.192821502524566],[-63.479193071907275,-20.19328881435655],[-63.47919588190433,-20.193739712193747],[-63.47969304304348,-20.19427957147377],[-63.48023738302618,-20.194593626652875],[-63.48017509915951,-20.194991619278483],[-63.48004939530489,-20.195604080031387],[-63.4800594031168,-20.19590990953344],[-63.48036120496323,-20.19627528967095],[-63.48089604439201,-20.19636407636807],[-63.48111553881597,-20.196512050896786],[-63.48097250749487,-20.196941078419798],[-63.48068542831692,-20.197638558298024],[-63.47311530133743,-20.20056883549836],[-63.46543160359863,-20.200991928319695],[-63.46106567212291,-20.199871900648702],[-63.45735309302313,-20.198061170941116],[-63.45442804025504,-20.19728965519124],[-63.451096766737294,-20.19577916222579],[-63.4500426509897,-20.194469106332065],[-63.448086834788796,-20.19210639595059],[-63.44571813215015,-20.189904174470144],[-63.442359701567455,-20.186770623687096],[-63.43818439151545,-20.186221299514273],[-63.43210687087708,-20.184747442413197],[-63.429570956405485,-20.18317452261988],[-63.42548851625173,-20.1809880699289],[-63.42357084282253,-20.17977716824231],[-63.4226029294536,-20.17840038687376],[-63.420193696872616,-20.177612628795714],[-63.419011677823505,-20.176760134567076],[-63.41786384801895,-20.177124826271267],[-63.415711027862244,-20.176229669524446],[-63.414576408938956,-20.175053066916462],[-63.41324874738439,-20.17460924571577],[-63.4113384360997,-20.174525262152372],[-63.40840892704125,-20.173661104530026],[-63.40667711477113,-20.17314015402428],[-63.405290590864695,-20.171982060793027],[-63.40351450867564,-20.17045099574119],[-63.402151413498075,-20.16881948248789],[-63.40094116033117,-20.16790631400619],[-63.39928577677222,-20.166092925885096],[-63.398474725757524,-20.164722902847416],[-63.397616302532754,-20.16367694660289],[-63.396191080646815,-20.163536730668454],[-63.395540336529905,-20.163451722955756],[-63.39508112752867,-20.164565559371397],[-63.393844365262055,-20.164980462146275],[-63.39108779134688,-20.1649043895315],[-63.389814769816724,-20.164207534841182],[-63.389285264623254,-20.163566050800114],[-63.386447107896004,-20.16326789877303],[-63.38526467774585,-20.162073209367747],[-63.38454512595706,-20.160525457405868],[-63.38435450337454,-20.15950215751252],[-63.38280477127029,-20.159216054100625],[-63.382025386798375,-20.15810743555835],[-63.38013462702696,-20.15773495320917],[-63.3794796823571,-20.156742850538762],[-63.3758545575692,-20.156319025937933],[-63.36539903010049,-20.156771740685485],[-63.35442781965105,-20.15825295385008],[-63.35126972642206,-20.158382683750403],[-63.350089436135136,-20.157597383987593],[-63.34363493841829,-20.15879351013467],[-63.34261575004177,-20.15941201134609],[-63.34199757530803,-20.15967780626977],[-63.34104135299907,-20.16053012348584],[-63.34027143892206,-20.16149874703183],[-63.33900487342822,-20.162205987050754],[-63.337271331289855,-20.162359109888428],[-63.326374094829305,-20.161055645094564],[-63.32480971511632,-20.161659450186903],[-63.32274993579017,-20.16245443857224],[-63.318396829232825,-20.163608248684852],[-63.31691394656275,-20.164021454975796],[-63.31592299907254,-20.164330143440225],[-63.313070724550585,-20.16522521246293],[-63.309510018795436,-20.166369646466478],[-63.30613006993917,-20.166871190735094],[-63.303026021453434,-20.166920419917687],[-63.30185380919187,-20.166821903393156],[-63.30193258436566,-20.166952721471375],[-63.301650631149414,-20.16810640574039],[-63.30089780659631,-20.168285449392556],[-63.300324964973356,-20.168441357165307],[-63.29975272885906,-20.16909249181373],[-63.29959011583475,-20.170054294327542],[-63.29907464100057,-20.17077181912464],[-63.29843274388725,-20.17101543043566],[-63.29775476355235,-20.170782086753036],[-63.297341253404284,-20.17084724267852],[-63.29695221239314,-20.171560505184004],[-63.29648253412927,-20.17205446770413],[-63.295866422569304,-20.172502139556343],[-63.295238723650584,-20.172642799131097],[-63.29452011438099,-20.172291271051108],[-63.293874184103345,-20.17223721300809],[-63.29307743953376,-20.17269117951514],[-63.2926703199995,-20.17340544866903],[-63.29190648176211,-20.173772880326055],[-63.2913613284926,-20.17418421015293],[-63.29060005618703,-20.174619897871935],[-63.290036180386664,-20.175014768816652],[-63.28916202001989,-20.175334632385272],[-63.288601364958254,-20.17581482120562],[-63.288004571855936,-20.176296226013108],[-63.28743747955332,-20.176605761064366],[-63.28678719432327,-20.17662760941073],[-63.286003383641855,-20.176465986159485],[-63.28565252464932,-20.17579428899262],[-63.28486101362603,-20.175427863672212],[-63.28377914294106,-20.175515458766768],[-63.28307569067459,-20.1752315117418],[-63.28256299259209,-20.17410388332172],[-63.282100561525056,-20.173350483040622],[-63.28080715815605,-20.17310341310764],[-63.27956948642577,-20.17280561282581],[-63.278244640884964,-20.172992142969917],[-63.27732728494095,-20.17361183056937],[-63.276198023184406,-20.17429876351315],[-63.275280680730134,-20.174935142814604],[-63.274433734677984,-20.175454502547495],[-63.27301999332167,-20.175424152957476],[-63.27173006844464,-20.17544360416514],[-63.2709856620026,-20.17451028864258],[-63.2692236779277,-20.173695988086706],[-63.268164511718055,-20.174148994621476],[-63.2674074031587,-20.175302530406668],[-63.26232539955481,-20.175379966207743],[-63.260408565441594,-20.175511642823665],[-63.25540944324939,-20.176427557320892],[-63.25339884178089,-20.175729086673527],[-63.2518703861582,-20.17436217657314],[-63.25053178235413,-20.17468103794164],[-63.249413699152,-20.173805084436708],[-63.2478147503939,-20.174159566667754],[-63.24651232306792,-20.174021656674256],[-63.24506225048998,-20.174410945293914],[-63.24349854442812,-20.17388711598022],[-63.24260703091949,-20.174182556744256],[-63.23789501220659,-20.175448162462146],[-63.23136610660953,-20.175118071506347],[-63.22435413787997,-20.175017079720817],[-63.21794710101432,-20.17514314070587],[-63.21287194446643,-20.17629452070912],[-63.206831369474,-20.178361199009146],[-63.19814278900151,-20.180112648773957],[-63.19638606529969,-20.185658485929594],[-63.198251490239215,-20.196148843396543],[-63.19550785557885,-20.209100115020306],[-63.192987226499156,-20.222832608184888],[-63.1908096376327,-20.230621617828035],[-63.18911288118437,-20.249382587019],[-63.186863438552734,-20.26598176112799],[-63.174961577567444,-20.270474930758212],[-63.16886988108365,-20.27319736277991],[-63.14096569255338,-20.2752978708902],[-63.106992484870204,-20.272111260422776],[-62.89347516854423,-20.2722749478815],[-62.89342803557179,-20.200931368653528],[-62.94372127369769,-20.200863799025228],[-62.94460141252915,-20.183159427980627],[-62.94454605013863,-20.18283203130369],[-62.944657218874,-20.182229688501025],[-62.94566176088455,-20.165080222271342],[-62.95722366713767,-20.119147793771162],[-62.95969568889251,-20.109326920895057],[-62.963999336983306,-20.092688381355686],[-62.96732420606219,-20.0926446755671],[-62.967221578910994,-20.089860455936048],[-62.948603850521806,-20.089805624300027],[-62.9477688416751,-20.056535529059374],[-62.94549134527148,-20.05652851129878],[-62.945478834713015,-20.029787502287945],[-62.965352802394875,-20.024670169635726],[-62.986515546855,-20.023087559858368],[-63.00595888222591,-19.9853141296677],[-63.0104620624532,-19.975771835609123],[-63.02383368788969,-19.954851739979176],[-63.02407403668764,-19.951322855919102],[-63.023967542111166,-19.950442851603043],[-63.02430425363775,-19.949797458722912],[-63.02492454644198,-19.948875448217905],[-63.02541183307437,-19.94764335259788],[-63.02500377285622,-19.94542240981042],[-63.02506571834283,-19.9448105781467],[-63.02560614134933,-19.943402470048113],[-63.026226343543954,-19.94212844655351],[-63.02679332027333,-19.940628137973476],[-63.02729837057109,-19.939848615015364],[-63.02763507093351,-19.93934569449317],[-63.02768807690626,-19.938365092646166],[-63.027785382543584,-19.93730905346473],[-63.028476458046896,-19.93611044048714],[-63.029229625814025,-19.935263822571187],[-63.0304081054295,-19.933989690672547],[-63.03109915329759,-19.932824591679605],[-63.031329504192115,-19.93245578073106],[-63.03173708202547,-19.931986364133024],[-63.032161446195744,-19.92689054837632],[-63.0317802931724,-19.926479940429033],[-63.03163836127709,-19.925784329999203],[-63.03157304829949,-19.92339420643475],[-63.031940104650744,-19.91967009121595],[-63.0323940237584,-19.91762382731514],[-63.03299941505293,-19.915782152003317],[-63.033561394352716,-19.913326627588503],[-63.03384229483186,-19.911710089657277],[-63.034143510867466,-19.903975455665204],[-63.03442351313549,-19.898307467117263],[-63.06857937132065,-19.89533828666066],[-63.06624885301136,-19.88107970253145],[-63.09573244154535,-19.876736244158565],[-63.095551953044435,-19.87584583936797],[-63.09584262398835,-19.875806396375594],[-63.11520834115316,-19.875703255272583],[-63.11527536695138,-19.87267812603136],[-63.1175593583784,-19.87268972919867],[-63.117520032110576,-19.875675554013696],[-63.14061735188409,-19.87580860002231],[-63.14215257124238,-19.880973303963287],[-63.147658113846944,-19.886172541681333],[-63.153394480104055,-19.892672333189978],[-63.15958584944144,-19.895268744785028],[-63.16531807734782,-19.896998081858214],[-63.16921619171194,-19.89829534456169],[-63.17655752552747,-19.90392555584441],[-63.1845810550534,-19.904351054696463],[-63.18893925361186,-19.906731507329766],[-63.19260751030805,-19.907161214969108],[-63.198804407133764,-19.91322537051491],[-63.20384774111045,-19.913219661758262],[-63.21738992808139,-19.92556236674227],[-63.22381347982275,-19.92858987212469],[-63.227486051644746,-19.931620684849577],[-63.23391514442022,-19.938116923046096],[-63.237591371631936,-19.94331570765314],[-63.24286592677271,-19.943959031925885],[-63.247227762506384,-19.947422119162297],[-63.25021332878714,-19.950453402949506],[-63.25297143694786,-19.954569052430372],[-63.25527351577142,-19.96020304231962],[-63.25826194783019,-19.964751907677453],[-63.26606559459037,-19.96885992751089],[-63.276619681047976,-19.97187924124745],[-63.28556533757575,-19.97294915796789],[-63.296489037200786,-19.97311994335854]]]},"properties":{"FID":6,"departamen":"Santa Cruz","provincia":"Cordillera","municipio":"Charagua","Zona":"Zona Parapitiguasu"}},{"type":"Feature","id":7,"geometry":{"type":"Polygon","coordinates":[[[-63.06624885301136,-19.88107970253145],[-63.06424232968777,-19.868803385497586],[-63.0596252158424,-19.841171116054227],[-63.07419906601956,-19.839058065094605],[-63.0757170687304,-19.848163007880032],[-63.09039951998386,-19.846147623553406],[-63.09088405633668,-19.84578621739871],[-63.143828436736385,-19.845348298469673],[-63.14383422419945,-19.84537350598805],[-63.14414844080318,-19.858024396106202],[-63.14061735188409,-19.87580860002231],[-63.117520032110576,-19.875675554013696],[-63.1175593583784,-19.87268972919867],[-63.11527536695138,-19.87267812603136],[-63.11520834115316,-19.875703255272583],[-63.09584262398835,-19.875806396375594],[-63.095551953044435,-19.87584583936797],[-63.09573244154535,-19.876736244158565],[-63.06624885301136,-19.88107970253145]]]},"properties":{"FID":7,"departamen":"Santa Cruz","provincia":"Cordillera","municipio":"Charagua","Zona":"Zona Estación Charagua"}},{"type":"Feature","id":8,"geometry":{"type":"Polygon","coordinates":[[[-63.14061735188409,-19.87580860002231],[-63.14414844080318,-19.858024396106202],[-63.14383422419945,-19.84537350598805],[-63.143828436736385,-19.845348298469673],[-63.31397046479094,-19.843941002470558],[-63.31264987963635,-19.853874964182182],[-63.314757436897594,-19.862884429933843],[-63.31448595067957,-19.86458086345658],[-63.314395866031816,-19.865206519486605],[-63.31437880413591,-19.865254286056825],[-63.31437784693662,-19.86525679584645],[-63.31437773791947,-19.865257046239492],[-63.31437764585684,-19.865257637047193],[-63.31440878906142,-19.874274300413447],[-63.31158543679459,-19.87718504841456],[-63.31321232572685,-19.886598008244732],[-63.311979591028205,-19.891489012469208],[-63.30577047125314,-19.896365785545925],[-63.301529616388166,-19.913233497981082],[-63.30069759925129,-19.927969474201234],[-63.29944841591089,-19.933288441445427],[-63.29778831888666,-19.93952306960597],[-63.29854690267774,-19.94573553314001],[-63.2972848239375,-19.956294078013002],[-63.296393384398584,-19.967043167454108],[-63.296489037200786,-19.97311994335854],[-63.28556533757575,-19.97294915796789],[-63.276619681047976,-19.97187924124745],[-63.26606559459037,-19.96885992751089],[-63.25826194783019,-19.964751907677453],[-63.25527351577142,-19.96020304231962],[-63.25297143694786,-19.954569052430372],[-63.25021332878714,-19.950453402949506],[-63.247227762506384,-19.947422119162297],[-63.24286592677271,-19.943959031925885],[-63.237591371631936,-19.94331570765314],[-63.23391514442022,-19.938116923046096],[-63.227486051644746,-19.931620684849577],[-63.22381347982275,-19.92858987212469],[-63.21738992808139,-19.92556236674227],[-63.20384774111045,-19.913219661758262],[-63.198804407133764,-19.91322537051491],[-63.19260751030805,-19.907161214969108],[-63.18893925361186,-19.906731507329766],[-63.1845810550534,-19.904351054696463],[-63.17655752552747,-19.90392555584441],[-63.16921619171194,-19.89829534456169],[-63.16531807734782,-19.896998081858214],[-63.15958584944144,-19.895268744785028],[-63.153394480104055,-19.892672333189978],[-63.147658113846944,-19.886172541681333],[-63.14215257124238,-19.880973303963287],[-63.14061735188409,-19.87580860002231]]]},"properties":{"FID":8,"departamen":"Santa Cruz","provincia":"Cordillera","municipio":"Charagua","Zona":"Zona Charagua Pueblo"}}]}