{"type":"FeatureCollection","features":[{"type":"Feature","id":0,"geometry":{"type":"MultiPolygon","coordinates":[[[[-64.758524665999971,-21.297377910999955],[-64.758522402999972,-21.296964851999974],[-64.758522715999959,-21.296573758999955],[-64.75852561399995,-21.29620056899995],[-64.758532896999952,-21.29575504099995],[-64.75854431199997,-21.295328552999933],[-64.758559938999952,-21.294918106999944],[-64.758579855999983,-21.294521742999962],[-64.758604179999963,-21.294137305999982],[-64.758632963999958,-21.293764143999965],[-64.758666288999962,-21.293401222999933],[-64.758704224999974,-21.293047762999947],[-64.758730548999949,-21.292829440999981],[-64.758758752999938,-21.292614463999939],[-64.758788854999978,-21.292402697999933],[-64.758820870999955,-21.292194026999937],[-64.758854820999943,-21.291988327999945],[-64.758890716999986,-21.291785516999937],[-64.758928577999939,-21.291585503999954],[-64.758968416999949,-21.291388207999944],[-64.759010265999962,-21.291193478999958],[-64.759054124999977,-21.291001322999932],[-64.759100009999941,-21.290811674999929],[-64.759147934999987,-21.290624475999948],[-64.759197915999948,-21.290439665999941],[-64.759249962999945,-21.29025719699996],[-64.759304092999969,-21.290077021999934],[-64.759360317999949,-21.289899096999932],[-64.759418742999969,-21.289723108999965],[-64.759479294999949,-21.289549296999951],[-64.759541987999967,-21.28937762399994],[-64.759606834999943,-21.289208053999971],[-64.759673847999977,-21.28904055299995],[-64.759743039999933,-21.288875092999945],[-64.759814420999987,-21.288711644999978],[-64.759888002999958,-21.288550180999948],[-64.759963807999952,-21.288390661999927],[-64.76004183799995,-21.288233075999983],[-64.760122104999937,-21.288077403999978],[-64.760204618999978,-21.287923622999926],[-64.760289394999973,-21.287771709999959],[-64.760376439999959,-21.28762164699998],[-64.760465765999982,-21.287473416999944],[-64.760557382999934,-21.287327000999937],[-64.760899809999955,-21.286789667999983],[-64.761113800999965,-21.286457698999982],[-64.76131639099998,-21.286149443999932],[-64.761503678999986,-21.285871562999944],[-64.761691413999984,-21.28560134199995],[-64.761871820999943,-21.285350684999969],[-64.762034122999978,-21.285133879999933],[-64.762046579999947,-21.284783915999981],[-64.762064931999987,-21.284389547999979],[-64.762087752999946,-21.283990825999979],[-64.762115545999961,-21.283580886999971],[-64.762147942999945,-21.283166768999934],[-64.762184930999979,-21.282748645999959],[-64.762226491999968,-21.282326707999971],[-64.762272610999958,-21.281901135999931],[-64.76232325999996,-21.28147215499996],[-64.762378416999979,-21.281039978999956],[-64.762438050999947,-21.280604841999946],[-64.762502151999968,-21.280166830999974],[-64.762570661999973,-21.279726351999955],[-64.762643541999978,-21.279283667999948],[-64.762720744999967,-21.27883905799996],[-64.762802223999984,-21.278392792999966],[-64.762887919999969,-21.277945199999976],[-64.762977772999932,-21.277496591999977],[-64.763071715999956,-21.277047302999961],[-64.763170015999947,-21.276596153999947],[-64.763272281999946,-21.276145028999963],[-64.763378429999932,-21.275694295999926],[-64.763488368999958,-21.275244347999944],[-64.763602006999974,-21.274795560999962],[-64.763719232999961,-21.274348371999963],[-64.763839936999943,-21.273903202999975],[-64.763963998999941,-21.273460492999959],[-64.764091347999965,-21.273020509999981],[-64.764221800999962,-21.272583889999964],[-64.76435522099996,-21.27215109499997],[-64.764491460999977,-21.27172259799994],[-64.764630374999967,-21.271298859999945],[-64.764771799999949,-21.270880378999948],[-64.764915573999986,-21.270467636999967],[-64.765061524999965,-21.270061122999948],[-64.76521932199995,-21.269621929999971],[-64.765394920999938,-21.269121033999966],[-64.766078524999955,-21.267125967999959],[-64.766238118999979,-21.26666565499994],[-64.766384015999961,-21.266250867999929],[-64.766550152999969,-21.265787328999977],[-64.766708918999939,-21.265354592999927],[-64.766862978999939,-21.264945398999942],[-64.767013690999988,-21.264556156999959],[-64.767191797999942,-21.264111108999941],[-64.767367815999933,-21.26368787399997],[-64.767542682999988,-21.263284193999937],[-64.767717024999968,-21.262898632999963],[-64.767891558999963,-21.262529628999971],[-64.76806649599996,-21.262176762999957],[-64.768242184999963,-21.261839333999944],[-64.768330394999964,-21.261676245999979],[-64.768418891999943,-21.261516830999938],[-64.768515616999935,-21.261347355999931],[-64.768612748999942,-21.261182117999965],[-64.768710316999943,-21.261021065999955],[-64.768808348999983,-21.260864150999964],[-64.768906874999971,-21.260711328999946],[-64.769005916999959,-21.26056256399994],[-64.769105497999988,-21.260417823999944],[-64.76920563799996,-21.260277076999955],[-64.769306377999953,-21.260140268999976],[-64.769407714999943,-21.260007400999939],[-64.769509669999934,-21.259878452999942],[-64.769612255999959,-21.259753401999944],[-64.769715493999968,-21.259632225999951],[-64.769819392999977,-21.259514912999975],[-64.769923969999979,-21.259401443999934],[-64.77002923799995,-21.259291806999954],[-64.770135296999968,-21.259185898999931],[-64.770242071999974,-21.259083804999932],[-64.770349575999944,-21.258985511999981],[-64.770457816999965,-21.258891009999957],[-64.770566808999945,-21.258800288999964],[-64.770676557999934,-21.258713342999954],[-64.770787075999976,-21.258630161999974],[-64.770898370999987,-21.258550741999954],[-64.771010457999978,-21.258475071999953],[-64.771123340999964,-21.258403148999946],[-64.771237023999959,-21.258334969999964],[-64.77135151799996,-21.258270529999947],[-64.771466829999952,-21.258209823999948],[-64.771582964999936,-21.258152847999952],[-64.771699932999979,-21.25809959999998],[-64.771817738999971,-21.258050075999961],[-64.771941865999963,-21.258001553999975],[-64.772069520999935,-21.257954646999963],[-64.772200611999949,-21.257909388999963],[-64.772335043999988,-21.257865811999977],[-64.772472721999975,-21.257823948999942],[-64.772613535999938,-21.257783831999973],[-64.772757375999959,-21.25774549199997],[-64.772904127999936,-21.257708960999935],[-64.77305370299996,-21.257674259999931],[-64.773205949999976,-21.257641426999953],[-64.773360741999966,-21.257610486999965],[-64.773517946999959,-21.257581466999966],[-64.773677434999968,-21.257554391999975],[-64.773839063999958,-21.257529285999965],[-64.774002694999979,-21.257506169999942],[-64.774168181999983,-21.257485064999969],[-64.774335445999952,-21.257465981999928],[-64.774504272999934,-21.257448946999943],[-64.774674512999979,-21.257433974999969],[-64.77484601499998,-21.257421079999972],[-64.775018624999973,-21.257410271999959],[-64.775192190999974,-21.257401562999974],[-64.775366557999973,-21.257394958999953],[-64.775541574999977,-21.257390464999958],[-64.77571706699996,-21.257388086999981],[-64.775892905999967,-21.257387824999967],[-64.776068936999934,-21.257389678999971],[-64.776245014999972,-21.257393649999983],[-64.776420988999973,-21.257399730999964],[-64.776596717999951,-21.257407919999935],[-64.776772059999985,-21.257418207999933],[-64.776946876999943,-21.257430588999966],[-64.777118783999981,-21.257444851999935],[-64.777289918999941,-21.257461132999936],[-64.777460158999986,-21.257479419999981],[-64.777629381999986,-21.257499700999972],[-64.77779746799996,-21.257521960999952],[-64.777964306999934,-21.257546184999967],[-64.77812978999998,-21.257572357999948],[-64.778293810999969,-21.25760046299996],[-64.778456226999936,-21.257630472999949],[-64.77861698199996,-21.257662378999953],[-64.778775980999967,-21.257696160999956],[-64.778933133999942,-21.257731799999931],[-64.779088348999949,-21.257769275999976],[-64.779241548999948,-21.257808568999963],[-64.779392651999956,-21.25784965899993],[-64.779541585999937,-21.257892524999932],[-64.779688003999979,-21.257937061999939],[-64.77983211999998,-21.257983326999977],[-64.779973865999978,-21.258031299999971],[-64.780113182999969,-21.258080958999983],[-64.780250008999985,-21.258132281999963],[-64.780384288999983,-21.25818524999994],[-64.780515972999979,-21.258239840999977],[-64.780645010999933,-21.258296034999944],[-64.780771330999983,-21.258353801999931],[-64.780894912999941,-21.258413128999962],[-64.781015714999967,-21.258473998999932],[-64.781133697999962,-21.258536388999971],[-64.781248822999942,-21.258600279999939],[-64.781361054999934,-21.258665651999934],[-64.781470361999936,-21.258732487999964],[-64.781576713999982,-21.258800766999968],[-64.781688679999945,-21.258876346999955],[-64.781800613999962,-21.258955730999958],[-64.781912528999953,-21.259038931999953],[-64.782024444999934,-21.25912595799997],[-64.782136372999958,-21.259216823999964],[-64.782248336999942,-21.259311546999982],[-64.782360356999959,-21.259410143999958],[-64.782472456999983,-21.259512634999965],[-64.782584620999955,-21.25961900599998],[-64.782696919999978,-21.259729317999927],[-64.782809380999936,-21.259843601999933],[-64.782922041999939,-21.259961893999957],[-64.783034930999975,-21.260084224999957],[-64.783148101999984,-21.260210649999976],[-64.783261600999936,-21.260341221999965],[-64.783375485999954,-21.260476008999944],[-64.783488173999956,-21.260613054999965],[-64.78360136799995,-21.260754352999982],[-64.783715144999974,-21.260899997999957],[-64.783829601999969,-21.261050114999932],[-64.783944811999959,-21.261204795999959],[-64.784060942999986,-21.261364266999976],[-64.784178144999942,-21.261528733999967],[-64.784296617999985,-21.261698476999982],[-64.784535950999953,-21.262051584999938],[-64.784784006999985,-21.26243087499995],[-64.785044569999968,-21.262842064999973],[-64.785330165999937,-21.263304908999942],[-64.785488405999956,-21.263570224999967],[-64.785644009999942,-21.263843313999928],[-64.785797018999972,-21.264124245999938],[-64.785947479999948,-21.264413109999964],[-64.786095431999968,-21.264709975999949],[-64.786240947999943,-21.265014989999941],[-64.78638409399997,-21.265328288999967],[-64.786524946999975,-21.265650047999941],[-64.786663322999971,-21.265979796999943],[-64.786799611999982,-21.266318425999941],[-64.786933929999975,-21.266666226999973],[-64.787066431999961,-21.267023596999934],[-64.787197211999967,-21.267390779999971],[-64.787326579999956,-21.267768624999974],[-64.787454794999974,-21.268157894999945],[-64.787582236999981,-21.268559740999933],[-64.787651193999977,-21.268790290999959],[-64.787715504999937,-21.269024029999969],[-64.787775195999984,-21.269261058999973],[-64.78783029899995,-21.269501496999965],[-64.787880837999978,-21.269745446999934],[-64.787926845999948,-21.269993066999973],[-64.787968348999982,-21.270244506999973],[-64.788005378999969,-21.270499939999979],[-64.788037924999969,-21.270759239999961],[-64.788066059999949,-21.271022926999933],[-64.788089810999963,-21.271291231999953],[-64.788109201999987,-21.271564434999959],[-64.788124250999942,-21.271842770999967],[-64.788134983999953,-21.272126672999946],[-64.788141415999974,-21.272416548999956],[-64.788143557999945,-21.272712903999945],[-64.788141927999959,-21.272977185999935],[-64.788137032999941,-21.273247310999977],[-64.788128864999976,-21.27352381399993],[-64.788117401999955,-21.273807389999945],[-64.788102631999948,-21.274098500999969],[-64.78808448999996,-21.274398541999972],[-64.788062897999964,-21.274708782999937],[-64.78803772699996,-21.275031106999961],[-64.787985836999951,-21.275617297999929],[-64.787920824999958,-21.276269403999947],[-64.787850821999939,-21.276919603999943],[-64.787660654999968,-21.278626985999949],[-64.787607537999975,-21.27913104199996],[-64.787562765999951,-21.279583534999972],[-64.787516622999988,-21.280094531999964],[-64.787478842999974,-21.280571409999936],[-64.787448710999968,-21.281023253999933],[-64.787425925999969,-21.28145468699995],[-64.787415431999932,-21.281712657999947],[-64.787407644999973,-21.281964805999962],[-64.787402548999978,-21.282211656999948],[-64.787400134999984,-21.282453626999938],[-64.787400400999957,-21.282691159999956],[-64.787403346999952,-21.282924481999942],[-64.787408976999984,-21.283153872999947],[-64.78741729799998,-21.283379560999947],[-64.78742833299998,-21.28360207399993],[-64.787442082999974,-21.283821266999951],[-64.787458558999958,-21.284037306999949],[-64.787477769999953,-21.284250338999982],[-64.787499731999958,-21.284460513999932],[-64.787524455999971,-21.28466793399997],[-64.787551952999934,-21.284872705999931],[-64.787582236999981,-21.285074929999951],[-64.787625242999979,-21.285330557999941],[-64.787674512999956,-21.285591558999954],[-64.78773006299997,-21.285858022999946],[-64.787791915999946,-21.286130054999944],[-64.787860089999981,-21.286407748999977],[-64.787934623999945,-21.286691253999948],[-64.788015553999969,-21.286980713999981],[-64.788102927999944,-21.287276296999948],[-64.788196683999956,-21.287577823999982],[-64.788296989999935,-21.287885861999939],[-64.788403926999933,-21.288200650999954],[-64.788517589999969,-21.28852248499993],[-64.788638064999986,-21.288851601999966],[-64.788765526999953,-21.289188489999958],[-64.788900147999982,-21.289533601999949],[-64.789042154999947,-21.289887522999948],[-64.789165547999971,-21.290187783999954],[-64.789294393999967,-21.290495039999939],[-64.789428928999939,-21.29080984899997],[-64.789569465999932,-21.291132951999941],[-64.789716200999976,-21.291464804999976],[-64.789869822999947,-21.291806980999979],[-64.790200640999956,-21.29252874499997],[-64.790499588999978,-21.293167091999976],[-64.790836684999988,-21.293875601999957],[-64.791162835999955,-21.294553619999931],[-64.791509914999949,-21.295271416999981],[-64.791887355999961,-21.295405727999935],[-64.79227528399997,-21.29554092199993],[-64.79266797799994,-21.295674963999943],[-64.793065554999941,-21.29580789299996],[-64.793468129999951,-21.295939746999977],[-64.793875829999934,-21.296070568999937],[-64.794288551999955,-21.296200326999951],[-64.794706693999956,-21.296329149999963],[-64.795130435999965,-21.296457090999979],[-64.795559981999986,-21.29658421299996],[-64.795995510999944,-21.296710569999959],[-64.796437347999984,-21.296836256999939],[-64.796885790999966,-21.296961357999976],[-64.797341211999935,-21.297085975999948],[-64.797587524999983,-21.297150802999965],[-64.797835812999949,-21.29721230399997],[-64.798086105999971,-21.297270485999945],[-64.798338428999955,-21.297325356999977],[-64.798592812999971,-21.297376920999966],[-64.798849291999943,-21.297425186999931],[-64.799107896999942,-21.297470159999932],[-64.799368665999964,-21.297511847999942],[-64.799631609999949,-21.297550249999972],[-64.799896792999959,-21.29758537999993],[-64.80016425599996,-21.297617239999965],[-64.80043404099996,-21.297645835999958],[-64.80070619199995,-21.297671173999959],[-64.800980761999938,-21.297693256999935],[-64.801257800999963,-21.297712089999948],[-64.801537364999945,-21.297727678999934],[-64.801819103999946,-21.297740006999959],[-64.802103480999961,-21.297749105999969],[-64.802390560999982,-21.297754975999965],[-64.802680414999941,-21.297757617999935],[-64.802973108999936,-21.297757032999982],[-64.803268733999971,-21.297753222999972],[-64.803567373999954,-21.297746183999948],[-64.803869124999949,-21.297735916999954],[-64.804173977999938,-21.297722419999957],[-64.804482149999956,-21.297705687999951],[-64.804793755999981,-21.297685712999964],[-64.805108924999956,-21.297662487999958],[-64.805427776999977,-21.297636003999969],[-64.805750485999965,-21.297606246999976],[-64.806077217999984,-21.297573200999977],[-64.806408157999954,-21.297536847999936],[-64.806679052999982,-21.297505009999952],[-64.806952953999939,-21.297470978999968],[-64.807229989999939,-21.297434739999971],[-64.807510306999973,-21.297396273999937],[-64.807794034999972,-21.29735556299994],[-64.808081372999936,-21.297312578999936],[-64.808667666999952,-21.297219670999937],[-64.809270156999958,-21.297117410999931],[-64.809891978999985,-21.29700528099994],[-64.810535976999972,-21.296882767999932],[-64.81120647299997,-21.296749051999939],[-64.811774941999943,-21.296631322999929],[-64.812369354999987,-21.29650447299997],[-64.812995742999988,-21.296367219999979],[-64.813665942999933,-21.296216970999978],[-64.814260064999985,-21.29608142099994],[-64.814921199999958,-21.295928621999963],[-64.817161135999982,-21.295404727999937],[-64.818014830999971,-21.295206535999966],[-64.818872941999985,-21.295010506999972],[-64.819644434999987,-21.294838288999927],[-64.820481929999971,-21.294657057999927],[-64.820879321999939,-21.294573570999944],[-64.82126502899996,-21.294494296999972],[-64.821640925999986,-21.294418854999947],[-64.822007634999977,-21.294347121999976],[-64.822366089999946,-21.294278915999939],[-64.822717010999952,-21.294214099999976],[-64.823116169999935,-21.294142884999928],[-64.823506823999935,-21.294075945999964],[-64.823889681999958,-21.294013159999963],[-64.824265310999976,-21.293954433999943],[-64.824634320999962,-21.293899675999967],[-64.824997038999982,-21.293848835999938],[-64.825353853999957,-21.293801861999953],[-64.825705091999964,-21.293758708999974],[-64.826051482999958,-21.29371929399997],[-64.826392845999976,-21.293683643999941],[-64.82672942399995,-21.293651732999933],[-64.827061428999968,-21.293623540999931],[-64.827389081999968,-21.293599050999944],[-64.827712528999939,-21.293578249999939],[-64.828031933999966,-21.293561128999954],[-64.828347439999959,-21.293547679999961],[-64.828701639999963,-21.29353684199998],[-64.829051152999966,-21.293530739999937],[-64.829396148999933,-21.293529368999941],[-64.829736774999958,-21.293532729999981],[-64.830073187999972,-21.293540823999933],[-64.830405497999948,-21.293553654999982],[-64.83073382699996,-21.293571227999962],[-64.831058279999979,-21.293593546999944],[-64.831379048999963,-21.293620627999928],[-64.831696136999938,-21.293652473999941],[-64.832009632999984,-21.293689092999955],[-64.832319618999975,-21.293730494999977],[-64.832626178999988,-21.293776691999938],[-64.832929376999971,-21.293827692999969],[-64.83322928299998,-21.293883509999944],[-64.833525957999939,-21.293944153999973],[-64.833819810999955,-21.294009718999973],[-64.834110542999952,-21.294080148999967],[-64.834398206999936,-21.294155455999942],[-64.834682852999947,-21.294235651999941],[-64.834964530999969,-21.294320752999965],[-64.835243284999933,-21.294410771999935],[-64.835519154999986,-21.29450572099995],[-64.835792182999967,-21.294605615999956],[-64.836062428999981,-21.294710477999956],[-64.836329907999982,-21.294820313999935],[-64.836594652999963,-21.294935138999961],[-64.836856696999973,-21.295054965999952],[-64.837116075999973,-21.295179810999969],[-64.837372814999981,-21.295309687999975],[-64.837626945999943,-21.295444610999937],[-64.837878491999959,-21.29558459499998],[-64.838105541999937,-21.29571227699995],[-64.838364491999982,-21.295854807999945],[-64.839472009999952,-21.296454125999958],[-64.839703066999959,-21.296581795999941],[-64.839913235999973,-21.296700064999982],[-64.840190384999971,-21.296860152999955],[-64.840445002999957,-21.297012541999948],[-64.840681805999964,-21.297160057999974],[-64.840903067999932,-21.297304123999936],[-64.841023810999957,-21.297385754999937],[-64.841140219999943,-21.297466768999982],[-64.841252487999952,-21.297547299999962],[-64.841360766999969,-21.297627456999976],[-64.84146521599996,-21.297707359999947],[-64.841565913999943,-21.29778706999997],[-64.841662957999972,-21.297866662999979],[-64.841756423999982,-21.297946201999935],[-64.841846486999941,-21.298025840999969],[-64.841933091999977,-21.298105538999948],[-64.842016292999972,-21.298185342999943],[-64.842096134999963,-21.298265293999975],[-64.84217266099995,-21.298345440999981],[-64.842245899999966,-21.298425811999948],[-64.84231588199998,-21.298506440999972],[-64.842382633999932,-21.298587356999974],[-64.842452850999962,-21.298677291999979],[-64.842520794999984,-21.298769509999943],[-64.842586469999958,-21.298864017999961],[-64.842649877999975,-21.298960815999976],[-64.842711020999957,-21.299059909999983],[-64.842769903999965,-21.299161303999938],[-64.842826528999979,-21.299265003999949],[-64.842880896999986,-21.299371013999973],[-64.842933010999957,-21.299479334999944],[-64.842982874999961,-21.299589977999972],[-64.843030492999958,-21.299702948999936],[-64.843075866999982,-21.299818254999934],[-64.843118999999945,-21.299935901999959],[-64.843159893999939,-21.300055899999961],[-64.843198554999958,-21.30017825699997],[-64.843234982999945,-21.300302982999938],[-64.843269159999977,-21.300430008999967],[-64.843301115999964,-21.300559420999946],[-64.843330849999973,-21.300691232999952],[-64.843358366999951,-21.300825454999938],[-64.843383668999934,-21.300962098999946],[-64.843406758999947,-21.301101183999947],[-64.84342763899997,-21.301242723999962],[-64.843446312999959,-21.301386737999962],[-64.843462779999982,-21.301533222999979],[-64.843477045999975,-21.301682221999954],[-64.843489111999986,-21.301833754999961],[-64.843498981999971,-21.301987849999932],[-64.843506655999988,-21.302144528999975],[-64.843512136999948,-21.302303825999957],[-64.843515423999975,-21.302465773999927],[-64.84351651999998,-21.30263040899996],[-64.843512540999939,-21.302951698999948],[-64.84350060099996,-21.303283221999948],[-64.843480684999975,-21.303625360999945],[-64.843452764999938,-21.303978631999939],[-64.843416821999938,-21.304343355999947],[-64.843372756999941,-21.304720638999981],[-64.843320453999979,-21.305111482999962],[-64.843259707999948,-21.305517411999972],[-64.843195536999986,-21.305909275999966],[-64.843123442999968,-21.30631826399997],[-64.843042872999945,-21.30674755299998],[-64.842952631999935,-21.307203528999935],[-64.84286498299997,-21.307628450999971],[-64.842765121999946,-21.308097670999928],[-64.842382633999932,-21.309847711999964],[-64.842330085999947,-21.310084355999948],[-64.842273765999948,-21.310322782999947],[-64.842213662999939,-21.310563039999977],[-64.842149766999967,-21.310805179999932],[-64.842082062999964,-21.311049247999961],[-64.84201053299995,-21.31129531199997],[-64.841935157999956,-21.311543437999944],[-64.841855916999975,-21.311793697999974],[-64.84177282099995,-21.312046059999943],[-64.841685808999955,-21.31230071899995],[-64.841594847999943,-21.31255776699993],[-64.841499901999953,-21.312817310999947],[-64.841400934999967,-21.313079443999982],[-64.841297891999943,-21.313344319999942],[-64.841190714999982,-21.313612080999974],[-64.841079337999986,-21.313882894999949],[-64.840965424999979,-21.314152878999948],[-64.840847272999952,-21.314426211999944],[-64.840724784999964,-21.314703121999969],[-64.84059783899994,-21.314983886999983],[-64.840466335999963,-21.315268725999942],[-64.840330062999953,-21.31555810499998],[-64.840188817999945,-21.315852448999976],[-64.840042337999932,-21.316152313999964],[-64.839891724999973,-21.316455508999979],[-64.839735256999973,-21.316765569999973],[-64.839572447999956,-21.317083460999982],[-64.839402581999934,-21.317410584999948],[-64.839039093999986,-21.318097551999927],[-64.838629182999966,-21.318855996999957],[-64.838519838999957,-21.319053856999972],[-64.838407870999959,-21.319251151999936],[-64.838293268999962,-21.319447903999958],[-64.838176016999967,-21.319644136999955],[-64.838056101999939,-21.319839874999957],[-64.837933508999981,-21.320035141999938],[-64.837808218999953,-21.320229965999943],[-64.837680217999946,-21.32042437399997],[-64.837549495999951,-21.32061837599997],[-64.837416023999936,-21.320812018999959],[-64.83727977999996,-21.321005333999949],[-64.837140740999985,-21.321198353999932],[-64.836998885999947,-21.321391108999933],[-64.836854184999936,-21.321583637999936],[-64.836706612999933,-21.321775975999969],[-64.836556137999935,-21.321968162999951],[-64.836402948999933,-21.322159966999948],[-64.83624679899998,-21.322351702999981],[-64.836087653999982,-21.322543415999974],[-64.835925473999964,-21.322735153999929],[-64.835760219999941,-21.32292696199994],[-64.835591841999985,-21.323118897999962],[-64.835420290999934,-21.32331101799997],[-64.835245512999961,-21.323503381999956],[-64.835067509999988,-21.323695990999965],[-64.83488615999994,-21.323888977999957],[-64.834701394999968,-21.324082415999953],[-64.834513136999988,-21.324276383999972],[-64.834321316999933,-21.324470955999971],[-64.834125829999948,-21.324666237999963],[-64.833926578999979,-21.324862327999938],[-64.833723448999933,-21.325059336999971],[-64.83338189899996,-21.325384449999945],[-64.833028969999987,-21.325712958999929],[-64.832663925999952,-21.326045544999943],[-64.832285799999966,-21.326383091999958],[-64.831893961999981,-21.326726174999976],[-64.83148640099995,-21.327076567999939],[-64.831061273999978,-21.327435857999944],[-64.830615774999956,-21.327806412999962],[-64.830230936999953,-21.328122250999968],[-64.829826618999959,-21.328450405999945],[-64.829398739999988,-21.328794194999944],[-64.828939329999969,-21.32916002099995],[-64.828065803999948,-21.329848774999959],[-64.826465490999965,-21.331101117999935],[-64.825839503999987,-21.33159263899995],[-64.825203911999949,-21.332095309999943],[-64.824634774999936,-21.332550020999975],[-64.82400807099998,-21.333057486999962],[-64.823426138999935,-21.333536733999949],[-64.822878369999955,-21.333996507999927],[-64.822359340999981,-21.334441367999943],[-64.822060932999932,-21.334701773999939],[-64.821770668999932,-21.334958683999957],[-64.821487992999948,-21.335212587999933],[-64.821212466999953,-21.335463882999932],[-64.820943620999969,-21.335712996999973],[-64.820681211999954,-21.335960156999931],[-64.820424951999939,-21.336205636999978],[-64.820174595999958,-21.336449667999943],[-64.819929606999949,-21.336692784999968],[-64.819690127999934,-21.336934851999956],[-64.819455987999959,-21.337176044999978],[-64.819227037999951,-21.337416515999962],[-64.81900312099998,-21.337656428999935],[-64.818784137999955,-21.337895892999938],[-64.818569976999981,-21.338135029999933],[-64.818360541999937,-21.33837394699998],[-64.818007551999983,-21.338777108999977],[-64.817633310999952,-21.339196929999957],[-64.817234183999972,-21.339637494999977],[-64.816803192999942,-21.340106509999941],[-64.816397975999962,-21.340542489999962],[-64.81594453699995,-21.34102612199996],[-64.81426526499996,-21.34280238499997],[-64.813574285999948,-21.343538032999959],[-64.813205899999957,-21.343934047999937],[-64.812863487999948,-21.344305435999956],[-64.812540573999968,-21.344659221999962],[-64.812233892999984,-21.344998987999929],[-64.811873996999964,-21.345403178999959],[-64.811531970999965,-21.345793663999928],[-64.811205523999945,-21.346173052999973],[-64.810893177999958,-21.346543069999939],[-64.810593325999946,-21.346905632999949],[-64.810305489999962,-21.347261332999949],[-64.810028919999979,-21.347611100999927],[-64.809763049999958,-21.347955651999939],[-64.809606805999977,-21.348162344999935],[-64.809454229999972,-21.348367468999982],[-64.809305236999933,-21.348571135999975],[-64.809159756999975,-21.348773445999939],[-64.809017711999957,-21.348974501999976],[-64.808879052999941,-21.349174374999961],[-64.808743724999943,-21.349373146999937],[-64.808611680999945,-21.34957088699997],[-64.808482831999981,-21.349767726999971],[-64.808357181999952,-21.349963664999962],[-64.808234692999974,-21.350158758999953],[-64.808115332999932,-21.350353061999954],[-64.807999066999969,-21.350546630999929],[-64.807885867999971,-21.350739508999936],[-64.807775710999977,-21.350931738999975],[-64.807668571999955,-21.351123364999978],[-64.807564286999934,-21.351314686999956],[-64.807462985999962,-21.351505480999947],[-64.807364646999986,-21.351695781999979],[-64.807269256999973,-21.351885624999966],[-64.807176793999986,-21.352075041999967],[-64.80708724599998,-21.352264064999929],[-64.807000599999981,-21.352452720999963],[-64.806916842999954,-21.352641036999955],[-64.806835955999986,-21.352829057999941],[-64.806757934999951,-21.353016790999959],[-64.806682770999942,-21.353204260999973],[-64.806610453999951,-21.353391490999968],[-64.806540974999962,-21.353578503999927],[-64.806474326999933,-21.353765320999969],[-64.806410503999984,-21.35395196099995],[-64.806349495999939,-21.354138444999933],[-64.806292979999967,-21.354319001999954],[-64.806238331999964,-21.354501324999944],[-64.806185544999948,-21.354685426999936],[-64.806134615999952,-21.354871327999945],[-64.80608553899998,-21.355059043999972],[-64.806038309999963,-21.355248593999931],[-64.805992922999963,-21.355439998999941],[-64.805949372999976,-21.355633277999971],[-64.805907658999956,-21.355828440999971],[-64.805867773999978,-21.356025523999961],[-64.805829708999966,-21.356224550999968],[-64.80579346199994,-21.356425548999937],[-64.805759028999944,-21.356628541999953],[-64.805726401999948,-21.356833562999952],[-64.805695578999973,-21.357040641999959],[-64.805666551999934,-21.357249810999974],[-64.805613928999946,-21.357674084999928],[-64.805568423999944,-21.358107148999977],[-64.805530000999966,-21.358549340999957],[-64.805498624999984,-21.359001069999977],[-64.805474267999955,-21.359462673999928],[-64.805456894999963,-21.359934806999945],[-64.805446482999969,-21.360418075999974],[-64.805443013999934,-21.360913247999974],[-64.805445818999942,-21.361369522999951],[-64.805454242999986,-21.361836938999943],[-64.805468299999973,-21.362316408999959],[-64.805488024999988,-21.362809142999936],[-64.805513437999934,-21.363315894999971],[-64.805544658999963,-21.363839214999928],[-64.805581821999965,-21.364381411999943],[-64.805625170999974,-21.364946032999967],[-64.805663873999947,-21.365409262999947],[-64.805706925999971,-21.365892810999981],[-64.805754725999975,-21.366401199999927],[-64.805808095999964,-21.366943165999942],[-64.805916661999959,-21.367992197999968],[-64.806204187999981,-21.37068209499995],[-64.806283195999981,-21.371460877999937],[-64.806349495999939,-21.372155013999929],[-64.806398824999974,-21.372653690999982],[-64.806455317999962,-21.37315592799996],[-64.806518998999934,-21.373661932999937],[-64.806589896999981,-21.37417193999994],[-64.806668041999956,-21.374686163999968],[-64.806753478999951,-21.375204918999941],[-64.80684625799995,-21.37572849999998],[-64.806946439999933,-21.376257249999981],[-64.807053970999959,-21.37679094799995],[-64.807169041999941,-21.377330581999956],[-64.807291746999965,-21.377876599999979],[-64.807422203999977,-21.378429528999959],[-64.807560517999946,-21.378989815999944],[-64.80770688399997,-21.379558266999936],[-64.807861494999941,-21.380135629999927],[-64.808024596999985,-21.380722827999932],[-64.808180154999945,-21.381264918999932],[-64.808343209999975,-21.381816905999983],[-64.808514077999973,-21.382379855999943],[-64.808693176999952,-21.382955146999961],[-64.808880788999943,-21.383543704999965],[-64.809077773999945,-21.384148258999971],[-64.809284938999951,-21.384771279999939],[-64.809503488999951,-21.385416402999965],[-64.809704084999964,-21.385999165999976],[-64.809916066999961,-21.386606761999928],[-64.810141482999938,-21.387245058999952],[-64.810384279999937,-21.387925248999977],[-64.810862099999952,-21.389247907999959],[-64.811773981999977,-21.391748758999938],[-64.812141856999972,-21.392762362999974],[-64.812519128999952,-21.393812389999937],[-64.812853421999932,-21.394756443999938],[-64.813044675999947,-21.395304188999944],[-64.813226580999981,-21.395831434999934],[-64.813400379999962,-21.396341780999933],[-64.81356687899995,-21.396837596999944],[-64.813726953999947,-21.397321511999962],[-64.81388087199997,-21.397794341999941],[-64.814029047999952,-21.39825736399996],[-64.814171794999936,-21.398711554999977],[-64.814342401999966,-21.399266206999982],[-64.814505418999943,-21.399809833999939],[-64.814661190999971,-21.400343592999945],[-64.814809983999965,-21.400868398999933],[-64.81495207599994,-21.401385238999978],[-64.815087604999974,-21.401894613999957],[-64.815216730999964,-21.402397137999969],[-64.815339587999972,-21.40289332499998],[-64.815456456999982,-21.403384358999972],[-64.815567251999937,-21.403869915999962],[-64.815672058999951,-21.404350369999975],[-64.815770945999986,-21.404826047999961],[-64.815863986999943,-21.405297292999933],[-64.815951224999935,-21.405764331999933],[-64.816032706999977,-21.406227416999968],[-64.81610847099995,-21.406686770999954],[-64.816214274999936,-21.407369771999981],[-64.816315202999988,-21.408060474999957],[-64.816411306999953,-21.408759217999943],[-64.816502636999985,-21.409466380999959],[-64.816589239999985,-21.410182310999971],[-64.816671178999968,-21.410907533999932],[-64.816748512999936,-21.411642549999954],[-64.816821300999948,-21.412387940999963],[-64.816889504999949,-21.413143180999953],[-64.81695330499997,-21.413910122999937],[-64.817012767999984,-21.414689566999982],[-64.817067966999957,-21.41548247299994],[-64.81711895899997,-21.416289626999969],[-64.817165845999966,-21.417112593999946],[-64.817208709999932,-21.417952821999961],[-64.817247645999942,-21.418812159999959],[-64.817273819999969,-21.41945726299997],[-64.817297965999956,-21.420114909999938],[-64.817320129999985,-21.420786289999967],[-64.817340360999935,-21.421472924999932],[-64.81735869399995,-21.422175874999937],[-64.817375209999966,-21.422898089999933],[-64.817389969999965,-21.423642258999962],[-64.817403052999964,-21.424412260999929],[-64.817422982999972,-21.425910148999947],[-64.817438271999947,-21.427568702999963],[-64.817448878999983,-21.429271405999941],[-64.817471301999944,-21.43393068599994],[-64.817481775999966,-21.435348781999949],[-64.817494718999967,-21.436621060999983],[-64.817515093999987,-21.43808093399997],[-64.817540761999965,-21.439443223999945],[-64.817572233999954,-21.440734798999927],[-64.817609851999975,-21.44196921799994],[-64.817715730999964,-21.44515729099993],[-64.817817240999943,-21.448315248999961],[-64.817914429999973,-21.451444482999932],[-64.818007333999958,-21.45454622699998],[-64.81809599199994,-21.457621785999947],[-64.818180430999973,-21.460672088999956],[-64.81826067999998,-21.463698146999945],[-64.818336760999955,-21.466700869999954],[-64.818408715999965,-21.469681879999939],[-64.818476541999985,-21.472641213999964],[-64.818540259999963,-21.475579634999974],[-64.818599881999944,-21.478497841999967],[-64.818655424999974,-21.48139656099994],[-64.818706897999959,-21.484276351999938],[-64.818754311999953,-21.487137810999968],[-64.818797676999964,-21.489981485999976],[-64.818837041999984,-21.492811014999972],[-64.818872361999979,-21.495623743999943],[-64.818903645999967,-21.498420148999969],[-64.818930896999973,-21.501200672999971],[-64.818954118999955,-21.503965773999937],[-64.818973316999973,-21.506715821999933],[-64.818988490999971,-21.509451202999969],[-64.818999645999952,-21.512172281999938],[-64.819006780999985,-21.514879614999927],[-64.819009897999933,-21.517573323999954],[-64.81900899599998,-21.520253732999947],[-64.819004075999942,-21.522921141999973],[-64.818995136999945,-21.525575863999961],[-64.818982178999988,-21.528218156999969],[-64.818965197999944,-21.530848290999927],[-64.818944194999972,-21.53346652099998],[-64.818919070999982,-21.536082318999945],[-64.818889890999969,-21.538686616999939],[-64.818856651999965,-21.541279644999975],[-64.818819352999981,-21.543861624999977],[-64.818777987999965,-21.546432778999929],[-64.818732555999986,-21.548993303999964],[-64.818683052999972,-21.551543395999943],[-64.818629473999977,-21.554083244999958],[-64.818571813999938,-21.556613118999962],[-64.818510070999935,-21.559133109999948],[-64.818444240999952,-21.56164339299994],[-64.818374319999975,-21.564144130999978],[-64.818300301999955,-21.566635492999978],[-64.818222182999932,-21.569117624999933],[-64.818139957999961,-21.571590678999939],[-64.818053621999979,-21.574054797999963],[-64.817963153999983,-21.576510584999937],[-64.81786856399998,-21.578957709999941],[-64.817769846999965,-21.581396308999956],[-64.817666996999947,-21.58382650599998],[-64.817560009999966,-21.58624843399997],[-64.817448878999983,-21.588662205999981],[-64.817333600999973,-21.591067940999949],[-64.817214166999975,-21.59346575099994],[-64.817090572999973,-21.595855787999938],[-64.816962813999965,-21.598238118999973],[-64.816830882999966,-21.600612846999979],[-64.816694776999952,-21.602980073999959],[-64.816554487999952,-21.605339904999937],[-64.816410010999959,-21.60769242899994],[-64.816261340999972,-21.610037741999975],[-64.81610847099995,-21.612375933999942],[-64.816025280999952,-21.613603194999939],[-64.815937016999953,-21.614855410999951],[-64.815843487999985,-21.616135268999983],[-64.815744439999946,-21.617446291999954],[-64.815639709999971,-21.618790711999964],[-64.815528735999976,-21.620175827999958],[-64.81541098799994,-21.621608235999929],[-64.815285643999971,-21.623097991999941],[-64.815066079999951,-21.625638804999937],[-64.814814747999947,-21.628469353999947],[-64.814569520999953,-21.631180651999955],[-64.813972836999937,-21.63772258299997],[-64.813671342999953,-21.64108017999996],[-64.813523669999938,-21.642757650999954],[-64.813387279999972,-21.64433420499995],[-64.813259915999936,-21.645835953999949],[-64.813140398999963,-21.647276809999937],[-64.813019711999971,-21.64876936099995],[-64.812906296999984,-21.650213400999974],[-64.812799578999943,-21.651616240999942],[-64.812699171999952,-21.65298297399994],[-64.812604668999938,-21.654319197999939],[-64.812515932999986,-21.655626947999963],[-64.812432765999972,-21.656909136999957],[-64.812355018999938,-21.658168046999947],[-64.812311442999942,-21.658874198999968],[-64.812265251999975,-21.65958771399994],[-64.812216421999949,-21.660308927999949],[-64.812164929999938,-21.66103822499997],[-64.812053843999934,-21.662522618999958],[-64.811931697999967,-21.664044862999958],[-64.811798301999943,-21.665607525999974],[-64.811652977999984,-21.667218720999927],[-64.811495065999964,-21.668885804999945],[-64.811323515999959,-21.670619865999981],[-64.811171546999958,-21.672103059999927],[-64.811008177999952,-21.673653342999955],[-64.810831754999981,-21.675286430999961],[-64.810638979999965,-21.677032904999976],[-64.810463744999936,-21.678594303999944],[-64.810266371999944,-21.680331463999948],[-64.809576426999968,-21.686335103999966],[-64.809309036999935,-21.688679542999978],[-64.80904155099995,-21.691063634999978],[-64.808806447999984,-21.693209149999973],[-64.808677136999961,-21.69441627499998],[-64.808554944999969,-21.695578910999927],[-64.808439099999987,-21.696704423999961],[-64.808329093999987,-21.697797736999973],[-64.808224386999939,-21.698864281999931],[-64.80812481199996,-21.699905808999972],[-64.808030110999937,-21.700924995999969],[-64.807940094999935,-21.701923898999951],[-64.80783895199994,-21.703087518999951],[-64.807743984999945,-21.704227503999959],[-64.807655013999977,-21.705346006999946],[-64.80757190199995,-21.706444741999974],[-64.807494512999938,-21.707525551999936],[-64.807422776999942,-21.708589407999966],[-64.807356617999972,-21.709637474999965],[-64.807295972999952,-21.710670728999958],[-64.80724072199996,-21.711691384999938],[-64.80719090499997,-21.71269887099993],[-64.807146485999965,-21.713693907999982],[-64.807107436999956,-21.714677119999976],[-64.807073731999935,-21.715649166999981],[-64.807045357999982,-21.716610486999969],[-64.807022297999936,-21.717561561999958],[-64.807004545999973,-21.718502819999969],[-64.806996012999946,-21.719096435999973],[-64.806989619999968,-21.719686339999953],[-64.806985367999971,-21.72027262499995],[-64.806983253999988,-21.720855373999939],[-64.80698327999994,-21.72143467799998],[-64.806985443999963,-21.722010607999948],[-64.806989748999968,-21.722583239999949],[-64.806996191999986,-21.723152643999981],[-64.807004776999975,-21.723718926999936],[-64.807015503999935,-21.724282115999927],[-64.80702837399997,-21.724842272999979],[-64.807043386999965,-21.72539945699998],[-64.807060547999981,-21.725953729999958],[-64.807079855999973,-21.726505141999951],[-64.807101313999965,-21.727053746999957],[-64.807124921999957,-21.727599594999958],[-64.807150694999962,-21.728142929999933],[-64.80717862399996,-21.728683600999943],[-64.807208712999966,-21.729221654999947],[-64.807240964999949,-21.729757133999954],[-64.807275380999954,-21.730290081999954],[-64.80731196399995,-21.730820537999932],[-64.807350717999952,-21.731348539999942],[-64.807391643999949,-21.73187412599998],[-64.807434747999935,-21.73239734699996],[-64.807480028999976,-21.732918223999945],[-64.807527491999963,-21.733436789999928],[-64.807577139999978,-21.733953077999956],[-64.807628974999943,-21.734467120999966],[-64.807683001999976,-21.734978946999945],[-64.807739221999952,-21.735488586999963],[-64.807797638999944,-21.735996070999931],[-64.807858346999978,-21.736502163999944],[-64.807921263999958,-21.737006148999967],[-64.807986394999944,-21.737508050999963],[-64.808053742999959,-21.738007896999932],[-64.808123310999974,-21.73850570999997],[-64.808195100999967,-21.739001516999963],[-64.808269118999988,-21.739495338999973],[-64.808345365999969,-21.739987197999938],[-64.808423847999961,-21.740477124999927],[-64.808504566999943,-21.740965133999964],[-64.808587526999986,-21.741451244999951],[-64.808672730999945,-21.741935477999959],[-64.808760181999958,-21.742417854999928],[-64.808849883999983,-21.742898392999962],[-64.808941839999932,-21.743377111999962],[-64.809036053999932,-21.743854028999976],[-64.809132537999972,-21.744329207999954],[-64.809231288999968,-21.744802620999963],[-64.809332307999966,-21.745274282999958],[-64.809435598999983,-21.745744211999977],[-64.809541165999974,-21.746212423999964],[-64.809649013999945,-21.746678933999931],[-64.809759142999951,-21.747143756999947],[-64.809871558999987,-21.747606909999945],[-64.809986266999942,-21.748068408999927],[-64.810103267999978,-21.748528264999948],[-64.810222566999983,-21.748986491999972],[-64.810344164999947,-21.74944310199993],[-64.810468068999967,-21.749898111999983],[-64.810594279999975,-21.750351531999968],[-64.810722801999987,-21.750803374999975],[-64.810853638999959,-21.751253653999981],[-64.811015933999954,-21.751793561999932],[-64.811188581999943,-21.752343269999983],[-64.811371948999977,-21.75290395299993],[-64.811566537999965,-21.75347715099997],[-64.811772666999957,-21.754063837999979],[-64.811991435999971,-21.754667187999928],[-64.812223877999941,-21.755290060999982],[-64.812471617999961,-21.75593680299994],[-64.812682920999976,-21.756476817999953],[-64.812907253999981,-21.757040410999934],[-64.813146933999974,-21.757633418999944],[-64.813406592999968,-21.758267302999968],[-64.813895251999952,-21.759443205999958],[-64.815091859999939,-21.762295489999929],[-64.815413773999978,-21.763072116999979],[-64.815700721999974,-21.763773159999971],[-64.816000885999983,-21.764518571999929],[-64.81627750499996,-21.765219655999942],[-64.816535230999932,-21.765888210999947],[-64.816776473999937,-21.766530503999945],[-64.817024326999956,-21.767210668999951],[-64.817256166999982,-21.767869534999932],[-64.817366486999958,-21.768192131999967],[-64.81747321499995,-21.768510584999945],[-64.817576454999937,-21.768825197999945],[-64.817676289999952,-21.769136228999969],[-64.817772898999976,-21.769444248999946],[-64.817866238999954,-21.769749130999969],[-64.81795637099998,-21.770051070999955],[-64.818043344999978,-21.77035024099996],[-64.818127214999947,-21.770646821999946],[-64.818208012999946,-21.770940935999931],[-64.818285777999961,-21.771232719999944],[-64.818360541999937,-21.771522293999965],[-64.818434997999987,-21.771823234999943],[-64.818506068999966,-21.772126463999939],[-64.818573762999961,-21.772432010999978],[-64.818638090999968,-21.772739912999953],[-64.818699055999957,-21.773050205999937],[-64.818756668999981,-21.773362928999973],[-64.818810936999967,-21.773678124999947],[-64.818861866999953,-21.773995836999973],[-64.818909461999965,-21.774316078999959],[-64.818953732999944,-21.774638929999981],[-64.818994689999954,-21.774964439999962],[-64.819032336999953,-21.77529266099998],[-64.819066680999981,-21.775623644999939],[-64.819097727999974,-21.775957456999947],[-64.819125483999983,-21.776294159999964],[-64.819149955999933,-21.776633819999972],[-64.819171119999965,-21.776976014999946],[-64.819189017999975,-21.777321306999966],[-64.819203653999978,-21.777669772999957],[-64.819215031999988,-21.778021499999966],[-64.819223153999985,-21.778376570999967],[-64.819228022999937,-21.77873509099993],[-64.819229640999936,-21.779097166999975],[-64.819228008999971,-21.779462911999929],[-64.819223126999987,-21.779832319999969],[-64.819214993999935,-21.780205647999935],[-64.819203606999963,-21.780583037999975],[-64.819188961999942,-21.780964645999973],[-64.819171051999945,-21.78135061699993],[-64.819149869999933,-21.781741160999957],[-64.819125402999987,-21.782136476999938],[-64.819097638999949,-21.782536789999938],[-64.819045524999979,-21.783197606999977],[-64.818984585999942,-21.783873453999945],[-64.818914695999979,-21.784565732999965],[-64.818835668999952,-21.785276278999959],[-64.818747388999952,-21.786006271999952],[-64.818649409999978,-21.786759500999949],[-64.818541289999985,-21.787539402999982],[-64.818422305999945,-21.788351187999979],[-64.818316555999957,-21.789041418999943],[-64.818202047999932,-21.789763071999971],[-64.818077623999955,-21.790523461999953],[-64.817940945999965,-21.79133690499998],[-64.817676989999939,-21.79286416399998],[-64.817193471999985,-21.795604201999936],[-64.817009544999962,-21.796655648999945],[-64.816827502999956,-21.797716309999942],[-64.816668247999985,-21.798669961999963],[-64.816500702999974,-21.799711219999949],[-64.816351473999987,-21.800684919999981],[-64.816282812999987,-21.801152388999981],[-64.816217892999987,-21.801608495999972],[-64.816156547999981,-21.802054408999936],[-64.816098655999951,-21.802491026999974],[-64.816035018999969,-21.802992291999942],[-64.815975853999987,-21.803482901999928],[-64.815921050999975,-21.803963764999935],[-64.815870525999969,-21.804435607999949],[-64.815824198999962,-21.804899207999938],[-64.815782028999934,-21.805354979999947],[-64.815743969999971,-21.805803417999982],[-64.815709987999981,-21.806244939999942],[-64.815680016999977,-21.806680472999972],[-64.815654080999934,-21.807109786999945],[-64.81563215999995,-21.807533188999969],[-64.815614240999935,-21.807950945999949],[-64.815600311999958,-21.808363337999936],[-64.81559036699997,-21.808770552999931],[-64.815584402999946,-21.809172793999949],[-64.815582414999938,-21.809570245999964],[-64.815585063999947,-21.810023329999979],[-64.815593012999955,-21.810470496999983],[-64.815606265999975,-21.81091196899996],[-64.815624828999944,-21.811347940999951],[-64.815648709999948,-21.811778620999974],[-64.815677919999985,-21.812204152999982],[-64.815712465999979,-21.812624692999975],[-64.815752363999934,-21.813040385999955],[-64.815797636999946,-21.813451480999959],[-64.815848290999952,-21.813857979999966],[-64.815904336999949,-21.814260002999958],[-64.815965793999965,-21.814657653999973],[-64.816032674999974,-21.815051043999972],[-64.816104997999958,-21.815440255999931],[-64.816182776999938,-21.815825380999968],[-64.816266029999952,-21.816206499999964],[-64.816354886999932,-21.816584155999976],[-64.816449266999939,-21.816957946999935],[-64.816549184999985,-21.817327945999978],[-64.816654660999973,-21.81769421499996],[-64.816765712999938,-21.818056822999949],[-64.81688235699994,-21.818415821999963],[-64.817004612999938,-21.818771268999967],[-64.817132497999978,-21.81912321599998],[-64.817266041999972,-21.819471742999951],[-64.817405252999947,-21.819816866999929],[-64.817550147999953,-21.820158632999949],[-64.817700746999947,-21.820497084999943],[-64.817857067999967,-21.820832265999968],[-64.818019128999936,-21.821164212999975],[-64.818186947999948,-21.821492961999979],[-64.818360541999937,-21.821818548999943],[-64.818468145999987,-21.82201237299995],[-64.818584000999977,-21.822213873999942],[-64.818709302999935,-21.822425146999933],[-64.818846481999969,-21.822650287999977],[-64.819107194999958,-21.823066071999961],[-64.819748755999967,-21.824070111999958],[-64.819919310999978,-21.824343424999938],[-64.820069984999975,-21.824590957999931],[-64.820225078999954,-21.824854140999946],[-64.820365841999944,-21.825102928999968],[-64.820494622999945,-21.825341474999959],[-64.82061261399997,-21.825572000999955],[-64.820728445999976,-21.825809785999979],[-64.820841567999935,-21.826051698999947],[-64.820951966999985,-21.826297717999978],[-64.821059632999948,-21.826547816999948],[-64.821164555999985,-21.826801970999952],[-64.821266721999962,-21.82706015499997],[-64.821366121999972,-21.827322335999952],[-64.821462743999973,-21.827588485999968],[-64.821556581999971,-21.827858590999938],[-64.821647617999986,-21.828132598999957],[-64.821735839999974,-21.828410475999931],[-64.821821236999938,-21.828692183999976],[-64.821903795999958,-21.828977686999963],[-64.82198350699997,-21.829266940999958],[-64.822060356999941,-21.829559901999971],[-64.822134331999962,-21.829856524999968],[-64.822205478999933,-21.830157007999958],[-64.822273723999956,-21.830461057999969],[-64.82233905399994,-21.830768622999983],[-64.822401457999945,-21.831079644999932],[-64.822460922999937,-21.831394067999952],[-64.822517438999967,-21.831711825999946],[-64.822570992999943,-21.832032851999941],[-64.822621570999956,-21.832357074999948],[-64.822669171999962,-21.832684471999983],[-64.822713773999965,-21.833014912999943],[-64.822755366999957,-21.833348318999981],[-64.822793940999986,-21.833684600999959],[-64.822829482999964,-21.834023674999969],[-64.822861985999964,-21.834365436999974],[-64.822891436999953,-21.834709782999937],[-64.822917829999938,-21.835056604999977],[-64.822941537999952,-21.835411987999976],[-64.822962059999952,-21.835769691999928],[-64.822979386999975,-21.836129581999955],[-64.822993512999972,-21.836491515999967],[-64.823004432999937,-21.836855356999934],[-64.823012140999936,-21.837220935999937],[-64.823016632999952,-21.837588085999982],[-64.82301790799994,-21.83795663099994],[-64.823015963999978,-21.838326522999978],[-64.823010798999974,-21.838697429999968],[-64.823002418999977,-21.839069145999929],[-64.822990826999956,-21.839441452999949],[-64.822976027999971,-21.839814141999966],[-64.822958033999953,-21.840186952999943],[-64.822936856999945,-21.840559634999977],[-64.822912511999959,-21.840931919999946],[-64.822884887999976,-21.841305165999927],[-64.822854108999934,-21.841677434999951],[-64.822820198999977,-21.842048422999937],[-64.82278318799996,-21.842417801999943],[-64.822743105999962,-21.842785264999975],[-64.822715139999957,-21.84302215799994],[-64.822871644999964,-21.84321089499997],[-64.823247194999965,-21.843670397999972],[-64.823622502999967,-21.844136221999975],[-64.823997563999967,-21.84460835699997],[-64.824372411999946,-21.845086849999973],[-64.82474706499994,-21.845571720999942],[-64.825121542999966,-21.846062995999944],[-64.825495863999947,-21.846560696999973],[-64.825870051999971,-21.847064860999978],[-64.826244132999932,-21.847575518999975],[-64.826618135999979,-21.848092711999982],[-64.826854025999978,-21.848425572999929],[-64.827087425999935,-21.84876412899996],[-64.827318419999983,-21.849108500999932],[-64.827547100999936,-21.849458825999932],[-64.82777355199994,-21.84981523099998],[-64.827997889999949,-21.850177898999959],[-64.82822022299996,-21.850547005999942],[-64.828440671999942,-21.850922752999963],[-64.828659185999982,-21.851305038999953],[-64.828876084999933,-21.851694412999962],[-64.829091516999938,-21.85209114099996],[-64.829305649999981,-21.852495530999931],[-64.82951862799996,-21.852907855999945],[-64.829730691999941,-21.853328571999953],[-64.829942055999936,-21.853758114999948],[-64.830152982999948,-21.854197006999982],[-64.830368740999972,-21.854656587999955],[-64.830584689999966,-21.855127338999978],[-64.83080122399997,-21.855610122999963],[-64.831018842999981,-21.856106046999969],[-64.831237886999986,-21.856615878999946],[-64.83145929899996,-21.857141789999957],[-64.831683915999974,-21.857685767999953],[-64.831912930999977,-21.858250704999932],[-64.832126086999949,-21.858785282999975],[-64.832345735999979,-21.859344289999967],[-64.832573941999954,-21.859932972999957],[-64.832814556999949,-21.86056126099993],[-64.833286142999953,-21.861810111999944],[-64.834187358999941,-21.864223820999939],[-64.834559810999963,-21.865215421999949],[-64.83495170599997,-21.866245488999937],[-64.835308668999971,-21.867166768999937],[-64.835520275999954,-21.867703545999973],[-64.835726095999973,-21.868218118999948],[-64.835927567999988,-21.868714076999936],[-64.83612564699996,-21.869193772999949],[-64.836321409999982,-21.869659794999961],[-64.836515193999958,-21.870112931999927],[-64.836707531999934,-21.870554428999981],[-64.836898835999932,-21.870985228999928],[-64.837138566999954,-21.871513195999967],[-64.837377840999977,-21.872026867999978],[-64.837617185999932,-21.872527369999943],[-64.83785702199998,-21.873015584999962],[-64.838097816999948,-21.873492454999962],[-64.838339811999958,-21.873958452999943],[-64.838583305999975,-21.874414152999975],[-64.838828553999974,-21.874860029999979],[-64.839076167999963,-21.875297171999932],[-64.839325990999953,-21.875725264999971],[-64.839578216999939,-21.876144648999968],[-64.839833022999983,-21.876555612999937],[-64.840090597999961,-21.876958460999958],[-64.840351067999961,-21.877353389999939],[-64.84061457699994,-21.877740614999936],[-64.840881253999953,-21.878120326999976],[-64.841088179999986,-21.878407610999943],[-64.841299655999933,-21.878695863999951],[-64.841515779999952,-21.878985222999972],[-64.84173666199996,-21.879275835999977],[-64.841962406999983,-21.879567838999947],[-64.842193169999973,-21.879861434999953],[-64.842429100999937,-21.880156814999964],[-64.842670374999955,-21.88045419499997],[-64.842916844999934,-21.880753406999929],[-64.843169053999986,-21.881055118999939],[-64.843427247999955,-21.88135962299998],[-64.843691717999945,-21.88166726399993],[-64.843962708999982,-21.881978327999946],[-64.844240692999961,-21.882293359999949],[-64.844526111999983,-21.882612860999927],[-64.844819528999949,-21.882937458999947],[-64.845325971999955,-21.883489441999927],[-64.84586034199998,-21.884061920999955],[-64.846427988999949,-21.884660635999978],[-64.847039379999956,-21.885296633999928],[-64.84759289699997,-21.885866175999979],[-64.84821120099997,-21.88649716499998],[-64.850375883999959,-21.888689201999966],[-64.85122606799996,-21.889554704999966],[-64.851672832999952,-21.890013137999972],[-64.852089341999942,-21.890443605999963],[-64.852483295999946,-21.890854069999932],[-64.852858641999944,-21.891248643999973],[-64.853291670999965,-21.891708759999972],[-64.853705513999955,-21.892154108999932],[-64.854102852999972,-21.892587581999976],[-64.854485459999978,-21.893011109999975],[-64.854855268999984,-21.893426847999933],[-64.855212887999983,-21.893835490999948],[-64.855559247999963,-21.894238104999943],[-64.855895060999956,-21.894635514999948],[-64.858513900999981,-21.897759935999943],[-64.859648819999961,-21.899116397999933],[-64.860809527999947,-21.900508933999959],[-64.861849934999952,-21.901763851999931],[-64.86290446199996,-21.903044405999935],[-64.863891268999964,-21.904252481999947],[-64.864826250999954,-21.905407544999946],[-64.865717806999953,-21.906519977999949],[-64.866177264999976,-21.907097974999942],[-64.866626977999942,-21.907667096999944],[-64.867067588999987,-21.90822815699994],[-64.867499620999979,-21.90878182199998],[-64.867923632999975,-21.909328806999952],[-64.868339934999938,-21.909869516999947],[-64.868748892999974,-21.910404422999932],[-64.869150815999944,-21.910933929999942],[-64.869546369999966,-21.911458921999952],[-64.869935406999957,-21.91197920999997],[-64.870318156999986,-21.912495098999955],[-64.870694821999962,-21.913006861999975],[-64.87106560899997,-21.913514779999957],[-64.871430659999987,-21.914019048999933],[-64.871790129999965,-21.914519882999969],[-64.872144155999933,-21.915017470999942],[-64.872510643999988,-21.91553732999995],[-64.872871391999979,-21.916053992999935],[-64.87322652499995,-21.916567640999972],[-64.873576154999967,-21.91707843699993],[-64.873920401999953,-21.917586552999978],[-64.874259348999942,-21.918092115999968],[-64.874593088999973,-21.91859526099995],[-64.874921702999984,-21.919096112999966],[-64.875245330999974,-21.919594887999949],[-64.87556398299995,-21.920091597999942],[-64.875877724999953,-21.920586349999951],[-64.876186619999942,-21.921079239999983],[-64.876490730999933,-21.921570372999952],[-64.876790107999966,-21.922059825999952],[-64.877084801999956,-21.922547684999927],[-64.877374860999964,-21.92303402899995],[-64.877660580999986,-21.923519359999943],[-64.877941743999941,-21.92400331999994],[-64.878218392999941,-21.92448597899994],[-64.878490562999957,-21.924967400999947],[-64.878758292999976,-21.92544765599996],[-64.879021612999964,-21.925926795999942],[-64.879280556999959,-21.92640487999995],[-64.87953515099997,-21.926881960999935],[-64.879785439999978,-21.927358122999976],[-64.880031435999967,-21.927833384999929],[-64.880273160999934,-21.928307795999956],[-64.880510640999944,-21.92878140199997],[-64.880743898999981,-21.929254249999929],[-64.880972952999969,-21.929726380999966],[-64.881197824999958,-21.930197835999934],[-64.881418533999977,-21.93066865399993],[-64.881958060999978,-21.931833687999983],[-64.882436629999972,-21.932875914999954],[-64.882878181999956,-21.933847489999948],[-64.88329069599996,-21.934766015999969],[-64.883683932999986,-21.935653405999972],[-64.88405712399998,-21.936508110999966],[-64.884412900999962,-21.93733616399993],[-64.884752921999961,-21.93814142399998],[-64.885083977999955,-21.938940351999975],[-64.885401153999965,-21.939721475999931],[-64.885705293999933,-21.94048687999998],[-64.885997019999934,-21.941238126999963],[-64.886276989999942,-21.941976925999938],[-64.886545483999953,-21.94270402799998],[-64.886802862999957,-21.943420406999962],[-64.887049408999985,-21.944126854999979],[-64.887290625999981,-21.944839866999928],[-64.887520991999963,-21.945543881999981],[-64.887740694999934,-21.946239482999943],[-64.887949891999938,-21.946927161999952],[-64.888148741999942,-21.947607448999975],[-64.888337337999985,-21.948280658999977],[-64.888515779999977,-21.948947157999953],[-64.888684152999986,-21.949607260999983],[-64.888764631999948,-21.949935189999962],[-64.888842617999956,-21.950261625999929],[-64.888918118999982,-21.950586598999962],[-64.888991140999963,-21.95091014299993],[-64.889061692999974,-21.951232286999982],[-64.889129778999973,-21.951553057999945],[-64.889195404999953,-21.951872482999931],[-64.889258577999954,-21.952190586999961],[-64.889319301999933,-21.952507407999974],[-64.889377581999952,-21.952822955999977],[-64.889433420999978,-21.953137255999934],[-64.88948682399996,-21.953450327999974],[-64.889537790999952,-21.953762192999932],[-64.889586329999986,-21.954072871999927],[-64.889632440999947,-21.954382382999938],[-64.889676127999962,-21.954690745999983],[-64.889769412999954,-21.955344864999972],[-64.889880052999956,-21.956080005999979],[-64.889993364999953,-21.956806502999939],[-64.890297403999966,-21.958725327999957],[-64.890384959999949,-21.959291545999974],[-64.890461846999983,-21.959802067999931],[-64.890544109999951,-21.96036817199996],[-64.890617690999932,-21.960898841999949],[-64.890683878999937,-21.961403364999967],[-64.890743288999943,-21.961886480999965],[-64.890808337999943,-21.962462423999966],[-64.890864131999933,-21.963015540999947],[-64.890911020999965,-21.963549282999963],[-64.890949197999987,-21.964065896999955],[-64.890978832999963,-21.964567859999931],[-64.890999954999984,-21.965055894999978],[-64.89101261199994,-21.965531172999931],[-64.891015774999971,-21.965764307999962],[-64.891016828999966,-21.965994572999932],[-64.891015544999959,-21.96624553099997],[-64.891011689999971,-21.966493211999932],[-64.891005264999933,-21.966737717999933],[-64.890996266999935,-21.966979137999942],[-64.890984690999971,-21.967217567999967],[-64.890970535999941,-21.967453069999976],[-64.890953794999973,-21.967685716999938],[-64.890934465999976,-21.967915570999935],[-64.890912534999984,-21.968142750999959],[-64.890888004999965,-21.96836725199995],[-64.890860867999947,-21.968589126999973],[-64.890831116999948,-21.968808422999928],[-64.890798748999941,-21.969025187999932],[-64.890763754999966,-21.969239459999983],[-64.890726130999951,-21.969451276999962],[-64.89068586999997,-21.969660674999943],[-64.890642917999969,-21.969867902999965],[-64.890597309999976,-21.97007277199998],[-64.890549039999939,-21.970275312999945],[-64.890498099999945,-21.970475551999982],[-64.890444483999943,-21.970673518999945],[-64.890388184999949,-21.970869235999942],[-64.890329196999971,-21.971062726999946],[-64.890267512999969,-21.971254012999964],[-64.890203120999956,-21.971443127999976],[-64.890136019999943,-21.971630079999954],[-64.890066200999968,-21.971814884999958],[-64.889993659999959,-21.971997561999956],[-64.889918388999945,-21.972178128999929],[-64.889840380999942,-21.972356600999944],[-64.889759628999968,-21.972532989999934],[-64.889676127999962,-21.972707313999933],[-64.88950028499994,-21.973073714999941],[-64.889156192999963,-21.973809134999954],[-64.889009212999952,-21.974119389999942],[-64.888855848999981,-21.974434927999937],[-64.888714022999977,-21.97471657799997],[-64.888630667999962,-21.974876734999953],[-64.888549055999988,-21.975029305999954],[-64.888468719999935,-21.975175166999975],[-64.888389351999933,-21.975314874999981],[-64.888310597999975,-21.97544904199998],[-64.888232357999982,-21.975577834999967],[-64.888154460999942,-21.975701533999938],[-64.88807677899996,-21.975820339999927],[-64.887991725999939,-21.975945175999982],[-64.88790666999995,-21.97606452499997],[-64.887821500999962,-21.976178542999946],[-64.887736128999961,-21.976287346999982],[-64.887650457999939,-21.97639105899998],[-64.887564435999934,-21.976489741999956],[-64.887477999999987,-21.976583465999965],[-64.887391096999977,-21.976672288999964],[-64.887303596999971,-21.976756335999937],[-64.887215536999975,-21.976835564999931],[-64.887126874999979,-21.976910012999952],[-64.887037575999955,-21.976979710999956],[-64.886947600999974,-21.977044684999953],[-64.88685692699994,-21.977104956999938],[-64.886765523999941,-21.977160540999932],[-64.886673366999958,-21.977211455999964],[-64.886574669999959,-21.97726066599995],[-64.886472142999935,-21.97730667299993],[-64.88636577799997,-21.977349480999976],[-64.886255564999942,-21.977389093999932],[-64.886141496999983,-21.977425513999947],[-64.886023560999945,-21.977458747999947],[-64.885901741999987,-21.977488796999978],[-64.885776021999959,-21.977515666999977],[-64.885646426999983,-21.97753935399993],[-64.885512892999941,-21.977559871999972],[-64.885375396999962,-21.977577222999969],[-64.885233905999939,-21.97759141399996],[-64.885088394999968,-21.977602444999945],[-64.884938812999962,-21.977610320999929],[-64.884785110999985,-21.977615045999983],[-64.884627223999985,-21.977616620999981],[-64.884468045999938,-21.977615102999948],[-64.884304680999946,-21.977610545999937],[-64.884137029999977,-21.977602950999938],[-64.883964963999972,-21.977592307999942],[-64.883788396999933,-21.97757861599996],[-64.883607065999968,-21.977561855999966],[-64.883420735999948,-21.977542004999975],[-64.883229065999956,-21.977519026999971],[-64.883035056999972,-21.97749334699995],[-64.882834904999982,-21.977464519999955],[-64.882627886999956,-21.97743244399993],[-64.882412760999955,-21.977396925999983],[-64.882190719999983,-21.977358204999973],[-64.881955934999951,-21.977315300999976],[-64.881418533999977,-21.977211455999964],[-64.881214279999938,-21.977167879999968],[-64.881009271999972,-21.977118039999937],[-64.880803439999966,-21.977061917999947],[-64.880596696999987,-21.976999492999937],[-64.880388970999945,-21.976930740999933],[-64.880180145999987,-21.976855626999964],[-64.879970116999971,-21.976774110999941],[-64.879758759999959,-21.976686145999963],[-64.879546174999973,-21.976591783999936],[-64.87933198199994,-21.97649086399997],[-64.879116016999944,-21.97638331099995],[-64.878898081999978,-21.976269024999965],[-64.87867801799996,-21.976147924999964],[-64.878455517999953,-21.97601984399995],[-64.878230298999938,-21.975884619999931],[-64.878002008999943,-21.975742040999933],[-64.877793835999967,-21.975607385999979],[-64.877582497999981,-21.975466352999945],[-64.87736758799997,-21.975318670999968],[-64.877148570999964,-21.975163972999951],[-64.87692511399996,-21.975002029999928],[-64.876696098999957,-21.974832040999956],[-64.87646052599996,-21.974653264999972],[-64.876216866999982,-21.974464541999964],[-64.875812966999945,-21.974144267999975],[-64.875368944999934,-21.973783524999931],[-64.874925906999977,-21.973417250999944],[-64.873789178999971,-21.972469681999939],[-64.873457558999974,-21.972196956999937],[-64.873160939999934,-21.971956623999972],[-64.872952253999983,-21.971787513999971],[-64.872744116999968,-21.971615867999958],[-64.872536522999951,-21.971441679999941],[-64.872329463999961,-21.971264944999973],[-64.872122934999936,-21.971085658999982],[-64.871916928999951,-21.97090381299995],[-64.871711435999941,-21.970719402999976],[-64.871506452999938,-21.970532419999927],[-64.871301972999959,-21.970342862999928],[-64.871097984999949,-21.970150720999982],[-64.870894480999937,-21.969955983999967],[-64.870691452999949,-21.969758645999946],[-64.870488891999969,-21.969558698999947],[-64.870286786999941,-21.969356131999973],[-64.870085131999986,-21.969150935999949],[-64.869883913999956,-21.968943101999969],[-64.869683174999977,-21.968732671999931],[-64.869482851999976,-21.968519582999932],[-64.86928293699998,-21.968303822999928],[-64.869083415999967,-21.96808538099998],[-64.868884278999985,-21.967864243999941],[-64.868685512999946,-21.967640397999958],[-64.868487104999986,-21.967413828999952],[-64.868289041999958,-21.967184519999932],[-64.868091319999962,-21.966952466999942],[-64.867893911999943,-21.966717642999981],[-64.86769680499998,-21.966480026999932],[-64.867499983999949,-21.966239602999963],[-64.867303430999982,-21.965996349999955],[-64.867107128999976,-21.965750245999971],[-64.86691105999995,-21.965501267999969],[-64.866715201999966,-21.96524938899995],[-64.866326670999968,-21.964740315999961],[-64.865938724999978,-21.964219469999932],[-64.865551177999976,-21.963686600999949],[-64.865163808999966,-21.963141407999956],[-64.864776435999943,-21.962583633999941],[-64.864388724999969,-21.962012802999936],[-64.864000372999953,-21.96142846999993],[-64.863611009999943,-21.960830076999969],[-64.863221410999984,-21.960218872999974],[-64.862829902999977,-21.959592290999979],[-64.862435931999983,-21.958949442999938],[-64.862038775999963,-21.958289151999963],[-64.861637970999936,-21.957610665999937],[-64.861232065999957,-21.956911541999943],[-64.860819773999935,-21.956189568999946],[-64.860399202999986,-21.955441435999944],[-64.860254243999975,-21.955177592999974],[-64.860109600999976,-21.954906257999937],[-64.859964961999935,-21.95462684599994],[-64.859819927999979,-21.954338582999981],[-64.859674242999972,-21.95404098299997],[-64.859527103999937,-21.953732416999969],[-64.859377802999973,-21.95341140499994],[-64.85922527799994,-21.953075663999982],[-64.858971972999939,-21.952502295999977],[-64.858696114999987,-21.951859140999943],[-64.858437380999987,-21.951243240999929],[-64.857827942999961,-21.949778368999944],[-64.857518766999988,-21.949047608999933],[-64.857366040999977,-21.948693888999969],[-64.85722035799995,-21.948362163999946],[-64.857079423999949,-21.948047215999964],[-64.856941980999977,-21.947746234999954],[-64.856808101999945,-21.947459309999942],[-64.856675975999963,-21.94718248199996],[-64.856545034999954,-21.946914555999967],[-64.856414861999951,-21.946654681999973],[-64.85628498899996,-21.946401936999962],[-64.856155229999956,-21.946155962999967],[-64.856025323999972,-21.945916266999973],[-64.855895060999956,-21.945682460999933],[-64.855619088999958,-21.945197730999951],[-64.855340591999948,-21.94471597699993],[-64.85505963199995,-21.94423730699998],[-64.854776266999977,-21.943761818999974],[-64.854490559999988,-21.943289617999937],[-64.854202559999976,-21.94282078699996],[-64.853912323999964,-21.942355414999952],[-64.853619902999981,-21.941893583999956],[-64.853325373999951,-21.941435418999959],[-64.853028757999937,-21.940980950999972],[-64.852730104999978,-21.940530250999927],[-64.852429457999961,-21.940083389999927],[-64.852126864999946,-21.939640435999934],[-64.851822366999954,-21.939201448999938],[-64.851516004999951,-21.938766488999931],[-64.851207819999956,-21.938335612999936],[-64.850898017999953,-21.93790910499996],[-64.850586472999964,-21.937486784999976],[-64.850273219999963,-21.93706870099993],[-64.849958295999954,-21.93665490199993],[-64.849641735999967,-21.936245434999933],[-64.849323572999936,-21.93584034099996],[-64.849003838999977,-21.935439660999975],[-64.848682565999979,-21.935043436999933],[-64.848359799999969,-21.934651722999945],[-64.848035555999957,-21.934264536999933],[-64.847709862999977,-21.933881914999972],[-64.847382749999952,-21.933503888999951],[-64.847054245999971,-21.933130492999965],[-64.846724374999951,-21.932761755999934],[-64.846393163999949,-21.93239770699995],[-64.846060638999973,-21.932038372999955],[-64.845727585999953,-21.931684584999971],[-64.845393272999956,-21.931335541999943],[-64.845057722999968,-21.930991269999936],[-64.844720955999946,-21.930651789999956],[-64.844383000999983,-21.930317127999956],[-64.844043872999976,-21.929987300999983],[-64.843703594999965,-21.929662331999964],[-64.843362186999968,-21.929342238999936],[-64.843019676999972,-21.929027047999966],[-64.842676076999965,-21.928716768999948],[-64.842331404999982,-21.928411418999929],[-64.841985680999983,-21.928111015999946],[-64.84163891999998,-21.927815573999965],[-64.841291142999978,-21.927525107999941],[-64.840942364999933,-21.927239632999942],[-64.840592602999948,-21.926959160999957],[-64.84024192399994,-21.92668374699997],[-64.839890293999986,-21.92641335999997],[-64.839537726999936,-21.926148013999978],[-64.839184240999941,-21.925887718999945],[-64.838829847999932,-21.925632486999973],[-64.838474565999945,-21.925382326999966],[-64.838118404999932,-21.925137250999967],[-64.837761382999986,-21.924897266999949],[-64.837403513999959,-21.924662387999945],[-64.837044808999963,-21.924432617999969],[-64.836685280999973,-21.924207966999973],[-64.836324942999966,-21.923988441999938],[-64.835963806999985,-21.923774049999963],[-64.83560188499996,-21.923564799999951],[-64.835239188999935,-21.923360697999954],[-64.834875730999954,-21.923161749999963],[-64.834110168999985,-21.922749138999961],[-64.833578472999932,-21.922465449999947],[-64.833092194999949,-21.922210122999957],[-64.832646454999974,-21.921980890999976],[-64.832209236999972,-21.921761637999964],[-64.831793460999961,-21.921559223999964],[-64.831394032999981,-21.921371171999965],[-64.831008102999988,-21.921196145999943],[-64.830811767999933,-21.921109834999982],[-64.830618240999968,-21.921026671999982],[-64.830427305999933,-21.920946561999983],[-64.830238786999985,-21.920869431999961],[-64.830052490999947,-21.920795203999944],[-64.829868309999938,-21.920723835999979],[-64.829686115999948,-21.92065527699998],[-64.829505799999936,-21.920589486999972],[-64.829327122999985,-21.920526380999945],[-64.829150134999963,-21.920465978999971],[-64.828974753999944,-21.920408252999948],[-64.828800903999934,-21.920353177999971],[-64.828628510999977,-21.920300729999951],[-64.828457518999983,-21.920250892999945],[-64.828287871999976,-21.920203650999952],[-64.828119516999948,-21.920158987999969],[-64.827708004999977,-21.92005568999997],[-64.827294603999974,-21.919958148999967],[-64.826880364999965,-21.919866614999933],[-64.826466191999941,-21.919781285999932],[-64.826053069999944,-21.919702361999953],[-64.825641597999947,-21.919629953999959],[-64.825232461999974,-21.919564183999967],[-64.824826252999969,-21.91950514499996],[-64.824424273999966,-21.919453008999938],[-64.824026236999941,-21.91940772099997],[-64.823632585999974,-21.919369331999974],[-64.823243705999971,-21.919337878999954],[-64.822860003999949,-21.919313392999982],[-64.822481743999958,-21.919295889999944],[-64.822294746999944,-21.919289761999948],[-64.822109216999934,-21.919285382999931],[-64.821925183999952,-21.919282755999973],[-64.821742678999954,-21.919281880999961],[-64.821562941999957,-21.919282743999929],[-64.821384765999937,-21.919285336999963],[-64.821208178999939,-21.919289655999933],[-64.821033201999967,-21.919295702999932],[-64.820859862999953,-21.919303474999936],[-64.820688178999944,-21.919312971999943],[-64.820518171999936,-21.919324193999955],[-64.820349862999933,-21.919337137999946],[-64.820183279999981,-21.919351802999927],[-64.820018430999937,-21.919368186999975],[-64.819855333999953,-21.919386288999931],[-64.819694004999974,-21.91940610599994],[-64.819534459999943,-21.919427637999945],[-64.819376713999986,-21.919450880999932],[-64.819220780999956,-21.919475833999968],[-64.819066673999941,-21.919502493999971],[-64.818914457999938,-21.919530849999944],[-64.81876409299997,-21.919560907999937],[-64.818615590999968,-21.919592664999982],[-64.818468963999976,-21.919626118999929],[-64.818324220999955,-21.91966126799997],[-64.818181374999938,-21.919698108999967],[-64.818040432999965,-21.91973663899995],[-64.817901406999965,-21.919776855999942],[-64.817764306999948,-21.919818755999927],[-64.817629140999941,-21.919862337999973],[-64.817495914999938,-21.919907598999941],[-64.817364636999969,-21.919954534999931],[-64.817235315999937,-21.920003144999953],[-64.817107958999941,-21.920053425999981],[-64.816982570999983,-21.920105373999945],[-64.816859161999957,-21.920158987999969],[-64.816727364999963,-21.92021899599996],[-64.816595035999967,-21.92028202299997],[-64.816462207999962,-21.920348055999966],[-64.816328910999971,-21.920417077999957],[-64.816195177999987,-21.920489072999942],[-64.816061044999969,-21.920564020999961],[-64.815926546999947,-21.920641902999932],[-64.815791721999972,-21.920722695999928],[-64.815656590999936,-21.920806388999949],[-64.815521210999975,-21.920892945999981],[-64.815385621999951,-21.920982343999981],[-64.815249865999988,-21.921074552999983],[-64.815113983999936,-21.921169545999931],[-64.81497802399997,-21.921267288999957],[-64.814842030999955,-21.921367749999945],[-64.814706051999963,-21.92147089499997],[-64.814569976999962,-21.921576810999966],[-64.814434013999971,-21.921685340999943],[-64.814298216999987,-21.921796442999948],[-64.814162636999981,-21.921910074999971],[-64.814027325999973,-21.922026190999929],[-64.813892342999964,-21.922144743999979],[-64.813757744999975,-21.922265681999932],[-64.813623588999974,-21.922388955999963],[-64.813489912999955,-21.922514527999965],[-64.813356800999941,-21.922642322999934],[-64.813224311999988,-21.922772281999983],[-64.813092509999933,-21.922904342999971],[-64.812961456999972,-21.923038444999975],[-64.812831219999964,-21.923174519999975],[-64.812701862999972,-21.923312496999927],[-64.812573454999949,-21.923452306999934],[-64.812445001999947,-21.923595066999951],[-64.812317650999944,-21.92373953699996],[-64.812191473999974,-21.923885638999934],[-64.812066540999979,-21.924033287999976],[-64.811942920999968,-21.924182404999954],[-64.811820687999955,-21.924332897999932],[-64.811699915999952,-21.924484681999957],[-64.81158067299998,-21.924637662999942],[-64.811463021999941,-21.924791766999931],[-64.81134704599998,-21.924946883999951],[-64.811232814999983,-21.925102918999983],[-64.811120399999936,-21.925259776999951],[-64.811009870999953,-21.925417359999983],[-64.81090129599994,-21.925575568999932],[-64.810794745999942,-21.925734303999945],[-64.810690285999954,-21.925893465999934],[-64.810587974999976,-21.92605296399995],[-64.810487885999976,-21.926212687999964],[-64.810390082999959,-21.926372534999928],[-64.810294625999973,-21.926532404999932],[-64.81020157599994,-21.926692195999976],[-64.810110991999977,-21.92685180899997],[-64.810022930999935,-21.927011142999959],[-64.809937444999946,-21.927170098999966],[-64.80985459599998,-21.927328569999929],[-64.809774426999979,-21.927486466999937],[-64.809696985999949,-21.92764369799994],[-64.80962231999996,-21.92780016599994],[-64.809550472999945,-21.927955776999966],[-64.80948148799996,-21.92811044299998],[-64.809415403999935,-21.928264073999969],[-64.809352257999933,-21.928416582999944],[-64.809291170999984,-21.928571548999969],[-64.809232763999944,-21.928728871999965],[-64.809177034999948,-21.928888550999943],[-64.809123983999939,-21.929050586999949],[-64.809073610999974,-21.929214981999962],[-64.80902591399996,-21.929381737999961],[-64.808980893999944,-21.929550856999981],[-64.808938549999937,-21.929722340999945],[-64.808898880999948,-21.929896189999965],[-64.808861886999978,-21.930072408999933],[-64.80882756699998,-21.930250999999942],[-64.808795920999955,-21.930431964999968],[-64.80876694799997,-21.930615308999961],[-64.808740647999969,-21.930801034999945],[-64.80871701999996,-21.930989145999945],[-64.808696062999957,-21.931179644999929],[-64.808677779999982,-21.931372497999973],[-64.808662167999955,-21.931567748999953],[-64.808649223999964,-21.931765402999929],[-64.808638947999953,-21.931965463999973],[-64.808631341999956,-21.932167937999964],[-64.808626402999948,-21.932372832999931],[-64.808624131999977,-21.932580154999982],[-64.808624528999985,-21.932789910999929],[-64.808627593999972,-21.933002101999932],[-64.808633325999949,-21.933216745999971],[-64.808641725999962,-21.933433850999961],[-64.808652795999933,-21.933653430999982],[-64.80866653399994,-21.933875493999949],[-64.808682941999962,-21.934100055999977],[-64.808702020999988,-21.934327130999975],[-64.808723770999961,-21.934556734999944],[-64.808747919999973,-21.934786377999956],[-64.808774686999982,-21.935018532999948],[-64.808804074999955,-21.935253216999968],[-64.808836086999975,-21.935490454999979],[-64.808870725999952,-21.935730263999972],[-64.80890799499997,-21.935972679999963],[-64.808947899999964,-21.936217728999964],[-64.808990446999985,-21.936465447999979],[-64.809035628999936,-21.936715811999932],[-64.809083464999958,-21.936968922999938],[-64.809187136999981,-21.937483576999966],[-64.809301545999972,-21.938009835999935],[-64.809426821999978,-21.938548296999954],[-64.809561926999947,-21.939094939999961],[-64.809708126999965,-21.939655285999947],[-64.809865737999985,-21.940230552999935],[-64.810035294999977,-21.940822693999962],[-64.810216651999951,-21.941431376999958],[-64.810411850999969,-21.942063617999963],[-64.810622653999985,-21.942725162999977],[-64.810853638999959,-21.943430389999946],[-64.810962944999972,-21.943747353999981],[-64.811080702999959,-21.944064309999931],[-64.811206968999954,-21.944381410999938],[-64.811341809999988,-21.944698821999964],[-64.811485287999972,-21.945016697999961],[-64.811637505999954,-21.945335262999947],[-64.811798562999968,-21.945654730999934],[-64.811968581999963,-21.945975339999961],[-64.812147446999973,-21.94629690599993],[-64.812335549999943,-21.946620166999935],[-64.812533078999934,-21.946945443999937],[-64.812740261999977,-21.947273113999927],[-64.812957292999954,-21.94760348899996],[-64.813184557999932,-21.947937163999939],[-64.813422427999967,-21.94827468099993],[-64.813671381999939,-21.948616723999976],[-64.813885124999956,-21.948902351999948],[-64.814107168999954,-21.949192110999945],[-64.814337973999955,-21.949486599999943],[-64.814578150999978,-21.949786601999961],[-64.814828095999985,-21.950092621999943],[-64.815089083999965,-21.950406230999931],[-64.815362286999971,-21.950728840999943],[-64.815649493999956,-21.951062564999972],[-64.815899246999948,-21.951348874999951],[-64.816162233999933,-21.95164699999998],[-64.816441097999984,-21.951959943999952],[-64.816741010999976,-21.952293512999972],[-64.817313926999987,-21.952924485999972],[-64.81878476199995,-21.954533820999927],[-64.819206269999938,-21.954999519999944],[-64.819582867999941,-21.955419914999936],[-64.819997814999965,-21.955889517999935],[-64.820381637999958,-21.956331537999972],[-64.820741374999955,-21.956754082999964],[-64.82108059799998,-21.957161357999951],[-64.821275827999955,-21.957400254999982],[-64.821465055999965,-21.957635337999932],[-64.821648649999986,-21.957867062999981],[-64.821826895999948,-21.958095791999938],[-64.822000101999947,-21.958321919999946],[-64.822168423999983,-21.958545652999931],[-64.822332048999954,-21.958767242999954],[-64.822491132999971,-21.958986897999978],[-64.822646020999969,-21.959205102999931],[-64.822796617999984,-21.959421733999932],[-64.822943030999966,-21.959636946999979],[-64.823085356999968,-21.959850880999966],[-64.823223689999963,-21.960063678999973],[-64.823358092999968,-21.960275439999975],[-64.823488634999933,-21.960486270999979],[-64.823615373999985,-21.960696268999982],[-64.823780435999936,-21.960978325999974],[-64.823943008999947,-21.961266137999928],[-64.824103162999961,-21.961559833999956],[-64.824260981999942,-21.961859560999983],[-64.824416536999934,-21.962165454999933],[-64.824569932999964,-21.962477720999971],[-64.824721265999983,-21.962796554999954],[-64.824870645999965,-21.963122187999943],[-64.82501799299996,-21.963454423999963],[-64.825163634999967,-21.96379398199997],[-64.825307709999947,-21.964141179999956],[-64.825450376999981,-21.964496403999931],[-64.825591766999935,-21.964859972999932],[-64.825732122999966,-21.965232506999939],[-64.825871662999987,-21.965614584999969],[-64.826010655999937,-21.966006943999957],[-64.826126168999963,-21.966342040999962],[-64.826241721999963,-21.96668546199993],[-64.826357548999965,-21.967037902999948],[-64.826473949999979,-21.967400273999942],[-64.826591118999943,-21.967773166999962],[-64.826709648999952,-21.968158450999965],[-64.826830062999932,-21.968557824999948],[-64.82695313499994,-21.968973854999945],[-64.827166083999941,-21.969710669999927],[-64.82739778499996,-21.970532780999974],[-64.827621071999943,-21.97133948499993],[-64.828182330999937,-21.973384538999937],[-64.82849224399996,-21.974492941999927],[-64.828658721999943,-21.975074208999956],[-64.828817223999977,-21.975615881999943],[-64.828970698999967,-21.97612801899993],[-64.829120695999961,-21.976615784999979],[-64.829299211999967,-21.97717881899996],[-64.829475912999953,-21.977716695999959],[-64.829651963999936,-21.978232949999949],[-64.829828162999945,-21.978729916999953],[-64.830005427999936,-21.979210147999936],[-64.830184068999984,-21.979674447999969],[-64.830364562999932,-21.980124051999951],[-64.830547288999981,-21.980559901999982],[-64.83065974799996,-21.980818810999949],[-64.830773227999941,-21.981073082999956],[-64.830887794999967,-21.981322863999935],[-64.831003504999956,-21.981568277999941],[-64.831120421999969,-21.981809458999976],[-64.831238588999952,-21.982046497999931],[-64.831358057999978,-21.982279493999954],[-64.831478870999945,-21.982508534999965],[-64.831601114999955,-21.982733778999943],[-64.831724789999953,-21.982955222999976],[-64.831849935999969,-21.983172937999939],[-64.831976587999975,-21.983386988999939],[-64.832104787999981,-21.983597439999983],[-64.832234562999986,-21.983804339999949],[-64.832365947999961,-21.984007743999939],[-64.832498972999986,-21.984207696999931],[-64.832633859999987,-21.984404519999941],[-64.832770449999941,-21.98459797199996],[-64.832908771999939,-21.984788088999949],[-64.833048851999934,-21.984974910999938],[-64.833190717999969,-21.985158471999966],[-64.833334392999973,-21.98533880399998],[-64.833479899999986,-21.985515935999956],[-64.833627264999961,-21.98568989499995],[-64.833776522999983,-21.985860727999977],[-64.833927681999967,-21.986028438999938],[-64.834080763999964,-21.986193054999944],[-64.834235788999933,-21.986354595999956],[-64.834392779999973,-21.986513085999945],[-64.834551753999961,-21.986668542999951],[-64.834712731999957,-21.986820985999941],[-64.834875730999954,-21.986970431999964],[-64.835000692999984,-21.987081133999936],[-64.835129051999957,-21.987190862999967],[-64.835260871999935,-21.987299671999949],[-64.835396223999965,-21.987407622999967],[-64.835535174999961,-21.987514765999947],[-64.835677826999984,-21.987621182999931],[-64.83582427999994,-21.987726945999952],[-64.835974648999979,-21.987832139999966],[-64.836128824999946,-21.987936696999952],[-64.836287181999978,-21.988040874999967],[-64.836449883999933,-21.988144782999939],[-64.836617129999979,-21.988248548999934],[-64.836789083999975,-21.988352276999933],[-64.836966075999953,-21.988456165999935],[-64.837148413999955,-21.988560398999937],[-64.837336493999942,-21.988665198999968],[-64.837650337999946,-21.98883460899998],[-64.837982693999948,-21.989007558999958],[-64.838337027999955,-21.989185859999964],[-64.838720241999965,-21.989372989999936],[-64.839059210999949,-21.989534654999943],[-64.839438949999987,-21.989712605999955],[-64.840717970999947,-21.990302196999949],[-64.841197982999972,-21.990525640999977],[-64.841672132999975,-21.990750960999947],[-64.842096105999985,-21.990958225999975],[-64.842322173999946,-21.991071624999961],[-64.842538928999943,-21.991182589999937],[-64.842747609999947,-21.991291752999928],[-64.842949051999938,-21.991399552999951],[-64.843144167999981,-21.991506482999966],[-64.843333263999966,-21.991612713999928],[-64.843516794999971,-21.991718502999959],[-64.843695107999963,-21.991824048999945],[-64.843881819999979,-21.991937753999935],[-64.844063135999988,-21.992051576999927],[-64.844239326999968,-21.992165687999943],[-64.844410615999948,-21.992280231999928],[-64.844577231999949,-21.992395363999947],[-64.844739304999962,-21.992511173999958],[-64.844896981999966,-21.992627765999941],[-64.845050387999947,-21.992745235999962],[-64.845199786999956,-21.992863789999944],[-64.845345119999934,-21.992983386999981],[-64.845486473999983,-21.993104099999982],[-64.845623927999952,-21.993225996999968],[-64.84575756299995,-21.993349149999972],[-64.845887429999948,-21.993473605999952],[-64.846013586999959,-21.993599419999953],[-64.846136085999944,-21.993726644999981],[-64.846418218999986,-21.994027107999955],[-64.846671676999961,-21.994299993999959],[-64.84690743799996,-21.994557125999961],[-64.847129184999972,-21.994802533999973],[-64.847341464999943,-21.995041302999937],[-64.847543866999956,-21.995273020999946],[-64.847737579999944,-21.995499055999971],[-64.847923346999949,-21.995720266999967],[-64.848104345999957,-21.995940550999933],[-64.848278222999966,-21.996157144999927],[-64.848445339999955,-21.99637050399997],[-64.848605962999954,-21.996580965999954],[-64.848760371999958,-21.996788902999981],[-64.848908678999976,-21.996994467999968],[-64.849051032999967,-21.997197865999965],[-64.849187547999975,-21.997399261999931],[-64.84932073799996,-21.997602551999933],[-64.849448055999972,-21.997804047999978],[-64.849569574999975,-21.998003865999976],[-64.849685356999942,-21.998202104999962],[-64.849795460999985,-21.998398870999949],[-64.849899921999963,-21.998594222999941],[-64.84999877599995,-21.998788231999981],[-64.850092055999937,-21.998980958999937],[-64.850179820999983,-21.999172538999971],[-64.850262055999963,-21.999362939999969],[-64.850338779999959,-21.999552206999965],[-64.850410008999972,-21.99974038199997],[-64.850475757999959,-21.99992750499996],[-64.850536037999973,-22.000113605999957],[-64.850590858999965,-22.000298713999939],[-64.850640227999975,-22.000482857999941],[-64.850676306999958,-22.000630825999963],[-64.850710068999945,-22.000781493999966],[-64.850741511999956,-22.000934853999979],[-64.850770635999936,-22.001090895999937],[-64.850797437999972,-22.001249611999981],[-64.850821915999973,-22.001410989999954],[-64.850844067999958,-22.001575018999972],[-64.850863893999986,-22.001741688999971],[-64.850881391999962,-22.001910992999967],[-64.850896559999967,-22.002082912999981],[-64.850909396999953,-22.002257431999965],[-64.850919900999941,-22.002434538999978],[-64.850928071999988,-22.002614216999973],[-64.850933908999934,-22.00279644699998],[-64.850937411999951,-22.002981213999931],[-64.850938578999944,-22.00316849799998],[-64.850937409999972,-22.003358416999959],[-64.850933902999941,-22.003550813999937],[-64.850928057999965,-22.003745667999965],[-64.850919873999942,-22.003942951999932],[-64.850909354999942,-22.004142642999966],[-64.850896501999955,-22.004344710999931],[-64.850881314999981,-22.004549123999936],[-64.850863798999967,-22.00475585099997],[-64.850843949999955,-22.004964891999975],[-64.850821777999954,-22.005176172999938],[-64.850770478999948,-22.005605289999949],[-64.850709940999934,-22.006042841999943],[-64.850640227999975,-22.00648838099994],[-64.850605324999947,-22.006681839999942],[-64.850564541999972,-22.006875442999956],[-64.850517863999983,-22.007069275999982],[-64.850465265999958,-22.007263426999941],[-64.850406729999975,-22.007457983999927],[-64.850342215999945,-22.007653063999953],[-64.850271688999953,-22.007848785999954],[-64.85019510099994,-22.008045275999962],[-64.850112493999973,-22.00824245299998],[-64.850023720999957,-22.008440693999944],[-64.849928702999932,-22.008640168999932],[-64.849827348999952,-22.008841075999953],[-64.849719574999938,-22.009043583999983],[-64.849605222999969,-22.009247993999963],[-64.849484134999955,-22.009454582999979],[-64.849356113999988,-22.009663695999961],[-64.849235761999978,-22.009852842999976],[-64.849109480999971,-22.010044640999979],[-64.848977026999933,-22.010239465999973],[-64.848838068999953,-22.010437798999931],[-64.848692391999975,-22.01063996299996],[-64.848539314999982,-22.010846908999952],[-64.848378203999971,-22.011059494999927],[-64.848208105999959,-22.011278981999965],[-64.848052979999977,-22.011475366999946],[-64.847888989999944,-22.011679657999935],[-64.847526565999942,-22.012121684999954],[-64.847157734999939,-22.012562375999948],[-64.846173868999983,-22.01372676699998],[-64.845884731999945,-22.014074412999946],[-64.845628464999947,-22.014387865999936],[-64.845342912999968,-22.01474537799993],[-64.845082403999982,-22.015081575999943],[-64.84484194099997,-22.015402919999929],[-64.844619057999978,-22.015712715999939],[-64.844488659999968,-22.015900444999943],[-64.84436401499994,-22.016085161999968],[-64.844244856999978,-22.016267257999971],[-64.844130986999971,-22.016447040999935],[-64.844022191999954,-22.016624847999935],[-64.843918368999937,-22.016800850999971],[-64.843819394999969,-22.01697526099997],[-64.843725168999981,-22.01714825199997],[-64.843635475999974,-22.017320239999947],[-64.843550380999943,-22.01749111099997],[-64.843469819999939,-22.01766099799994],[-64.843393738999964,-22.017830013999969],[-64.843322081999986,-22.017998281999951],[-64.843254816999945,-22.018165881999948],[-64.843191908999984,-22.018332903999976],[-64.84313332499994,-22.018499426999938],[-64.843026098999985,-22.018819702999963],[-64.842920878999962,-22.019142642999952],[-64.842817804999981,-22.019467817999953],[-64.842717000999983,-22.01979483599996],[-64.842618594999976,-22.020123278999961],[-64.842522679999945,-22.020452836999937],[-64.842429353999933,-22.020783172999927],[-64.842338702999939,-22.021113982999964],[-64.842250877999959,-22.021444698999971],[-64.842165876999957,-22.02177532099995],[-64.842083764999984,-22.022105591999946],[-64.842004600999985,-22.022435274999964],[-64.841928446999987,-22.022764120999966],[-64.841855340999984,-22.023091945999965],[-64.841785330999983,-22.023418549999974],[-64.841718452999942,-22.023743754999941],[-64.84165498599998,-22.024066129999937],[-64.84159469399998,-22.024386786999969],[-64.841537604999985,-22.024705575999974],[-64.841483744999948,-22.025022355999965],[-64.841433136999967,-22.025336986999946],[-64.841385797999976,-22.025649357999953],[-64.841341747999934,-22.025959354999941],[-64.841300998999941,-22.026266869999972],[-64.841263574999971,-22.02657172399995],[-64.841229476999956,-22.026873903999956],[-64.841198713999972,-22.027173318999928],[-64.841171294999981,-22.027469887999928],[-64.841147227999954,-22.027763524999955],[-64.841126517999953,-22.028054163999968],[-64.841109169999982,-22.028341735999959],[-64.84109518799994,-22.028626174999943],[-64.841084679999938,-22.028904162999936],[-64.841077463999966,-22.029178976999958],[-64.841073542999936,-22.029450563999944],[-64.841072916999963,-22.029718873999968],[-64.841075584999942,-22.029983858999969],[-64.841081548999966,-22.030245476999937],[-64.841090805999954,-22.030503685999975],[-64.841103355999962,-22.030758449999951],[-64.841119194999976,-22.031009705999963],[-64.84113832099996,-22.031257444999937],[-64.841160731999935,-22.031501632999948],[-64.841186425999979,-22.031742238999982],[-64.841215398999964,-22.031979231999969],[-64.841247646999932,-22.032212585999957],[-64.841283166999972,-22.032442275999927],[-64.841321955999945,-22.032668274999935],[-64.841363988999944,-22.032890454999972],[-64.841409276999968,-22.03310890399996],[-64.84145781899997,-22.033323598999971],[-64.841509609999946,-22.033534521999968],[-64.84156464199998,-22.033741651999946],[-64.84162291399997,-22.033944971999972],[-64.841684419999979,-22.03414446599993],[-64.841749154999945,-22.034340117999932],[-64.841817109999965,-22.034531904999938],[-64.841888284999982,-22.034719819999964],[-64.841962672999955,-22.034903850999967],[-64.842040269999984,-22.035083983999982],[-64.842121069999962,-22.035260206999965],[-64.842205066999952,-22.035432508999975],[-64.84229225699994,-22.035600878999958],[-64.842382633999932,-22.035765305999973],[-64.84247322799996,-22.035921160999976],[-64.842568394999944,-22.036076771999944],[-64.842668125999978,-22.036232120999955],[-64.842772408999963,-22.03638719099996],[-64.842881233999947,-22.036541964999969],[-64.842994584999985,-22.036696421999977],[-64.843112447999943,-22.036850542999957],[-64.843234807999977,-22.03700430799995],[-64.843361657999935,-22.037157705999959],[-64.843492968999954,-22.037310704999982],[-64.843628726999953,-22.037463281999976],[-64.84376890599998,-22.037615414999948],[-64.843913487999941,-22.037767081999959],[-64.844062447999988,-22.037918255999955],[-64.844215761999976,-22.038068911999972],[-64.844373401999974,-22.038219022999954],[-64.844535471999961,-22.038368683999977],[-64.844701816999986,-22.038517742999943],[-64.844872403999943,-22.038666173999957],[-64.845047197999975,-22.038813944999958],[-64.845226165999975,-22.038961026999971],[-64.845409265999933,-22.039107386999945],[-64.845596455999953,-22.039252990999955],[-64.845787692999977,-22.039397805999954],[-64.845982957999979,-22.03954181499995],[-64.846182173999978,-22.039684961999967],[-64.846385288999954,-22.039827209999942],[-64.846592246999933,-22.039968518999956],[-64.846802995999951,-22.040108851999946],[-64.847017464999965,-22.040248163999934],[-64.847235591999947,-22.040386413999954],[-64.847457303999988,-22.040523555999982],[-64.847685615999978,-22.040661385999954],[-64.847917456999937,-22.040797981999958],[-64.848152739999932,-22.040933293999956],[-64.848391374999949,-22.041067268999939],[-64.848633270999983,-22.04119985799997],[-64.848878324999987,-22.041331002999982],[-64.849126426999987,-22.041460644999972],[-64.849377467999943,-22.041588726999976],[-64.849631398999975,-22.041715222999983],[-64.849888026999963,-22.04184003599994],[-64.850147223999954,-22.041963103999933],[-64.850408854999955,-22.042084360999979],[-64.850672785999961,-22.042203746999974],[-64.85093885799995,-22.04232118799996],[-64.851206915999967,-22.042436616999964],[-64.851476796999975,-22.042549962999942],[-64.851749033999965,-22.042661439999961],[-64.852022753999961,-22.042770677999954],[-64.852297773999965,-22.042877604999944],[-64.852573895999967,-22.042982142999961],[-64.852850934999935,-22.043084222999937],[-64.853128671999968,-22.043183761999956],[-64.853406893999988,-22.043280685999946],[-64.853685379999945,-22.043374916999937],[-64.853963991999933,-22.043466407999972],[-64.854242407999948,-22.043555049999952],[-64.854520387999969,-22.043640767999932],[-64.854797687999962,-22.043723485999976],[-64.855074066999975,-22.043803132999983],[-64.855349260999958,-22.043879630999982],[-64.855623012999956,-22.043952909999973],[-64.855895060999956,-22.044022900999948],[-64.856199787999969,-22.044098318999943],[-64.856503994999969,-22.04417086199993],[-64.856807209999943,-22.044240412999955],[-64.857109032999972,-22.044306882999933],[-64.857409033999943,-22.044370176999962],[-64.857706958999984,-22.044430241999976],[-64.858002515999942,-22.044487020999952],[-64.858295452999982,-22.044540463999965],[-64.858585218999963,-22.04459047499995],[-64.858871934999968,-22.044637081999952],[-64.859155414999975,-22.044680251999978],[-64.859435494999957,-22.044719960999942],[-64.85971200299997,-22.044756185999972],[-64.85998482399998,-22.044788910999955],[-64.860253831999955,-22.044818121999981],[-64.860518918999958,-22.044843804999971],[-64.860778988999982,-22.044865874999971],[-64.861034970999981,-22.044884427999932],[-64.861286782999969,-22.044899456999929],[-64.861534347999964,-22.044910957999946],[-64.861777586999949,-22.044918927999959],[-64.86201644199997,-22.044923363999942],[-64.862250855999946,-22.044924265999953],[-64.862480773999948,-22.04492163499998],[-64.862706100999958,-22.044915470999968],[-64.862926836999975,-22.04490577599995],[-64.863142938999943,-22.044892550999975],[-64.863354367999932,-22.044875798999954],[-64.863561084999958,-22.044855523999956],[-64.86376305899995,-22.044831728999952],[-64.863960258999953,-22.044804416999966],[-64.864152654999941,-22.044773590999966],[-64.864268306999975,-22.044752745999972],[-64.864383535999934,-22.04472994899993],[-64.864498347999984,-22.044705198999964],[-64.864612739999984,-22.04467849599996],[-64.86472671599995,-22.044649840999966],[-64.864840275999939,-22.044619231999945],[-64.864953421999985,-22.044586669999944],[-64.865066154999965,-22.044552152999927],[-64.865178474999936,-22.044515682999929],[-64.86529038599997,-22.044477257999972],[-64.865401885999972,-22.044436876999953],[-64.865512979999949,-22.044394539999928],[-64.865623667999955,-22.044350246999954],[-64.865733950999982,-22.044303996999929],[-64.86584383099995,-22.044255788999976],[-64.865953310999942,-22.044205622999982],[-64.866062383999974,-22.044153499999936],[-64.866171060999932,-22.044099417999973],[-64.866279339999949,-22.044043374999944],[-64.866387223999936,-22.043985370999962],[-64.866494715999977,-22.043925403999935],[-64.866601816999946,-22.043863473999977],[-64.866708527999947,-22.043799578999938],[-64.866814851999948,-22.043733719999977],[-64.866920787999959,-22.043665893999957],[-64.867026341999974,-22.043596099999945],[-64.867131513999936,-22.043524336999951],[-64.867236305999938,-22.04345060299994],[-64.867444759999955,-22.043297217999964],[-64.867651721999948,-22.043135930999938],[-64.867857070999946,-22.042966846999946],[-64.868060965999973,-22.04278984299998],[-64.868263429999956,-22.042604898999969],[-64.868464482999968,-22.042411997999977],[-64.868664146999947,-22.042211118999944],[-64.86886244699997,-22.042002234999927],[-64.869059409999977,-22.041785319999974],[-64.869255061999979,-22.041560342999958],[-64.869449402999976,-22.041327310999975],[-64.869642492999958,-22.041086147999977],[-64.869834366999953,-22.040836815999967],[-64.870025060999978,-22.040579265999952],[-64.870214604999944,-22.040313455999978],[-64.870403047999957,-22.040039320999938],[-64.870590431999972,-22.039756796999939],[-64.87077680799996,-22.039465811999946],[-64.87095076199995,-22.039185093999947],[-64.871123920999935,-22.038896784999963],[-64.871296332999975,-22.038600800999973],[-64.871468051999955,-22.038297048999937],[-64.871639129999949,-22.037985440999933],[-64.871809642999949,-22.037665838999942],[-64.871979660999955,-22.037338109999951],[-64.872149265999951,-22.037002094999934],[-64.872318380999957,-22.03665796599995],[-64.872487271999944,-22.036305186999982],[-64.872656048999943,-22.035943533999955],[-64.872824841999943,-22.035572726999931],[-64.872993756999961,-22.035192538999979],[-64.873162998999987,-22.034802505999949],[-64.873332756999957,-22.034402199999931],[-64.873503264999954,-22.033991063999963],[-64.873655387999975,-22.033616704999929],[-64.873808542999939,-22.033232748999978],[-64.873962988999949,-22.032838544999947],[-64.87411906799997,-22.032433217999937],[-64.874276987999963,-22.03201624299993],[-64.874437470999965,-22.031585722999978],[-64.874601156999972,-22.031139945999939],[-64.874769023999988,-22.030676249999942],[-64.875027193999983,-22.029951462999975],[-64.875305098999945,-22.029157900999962],[-64.875609709999935,-22.028276217999974],[-64.876437950999957,-22.02586206899997],[-64.876690291999978,-22.025137479999955],[-64.876914391999946,-22.024504949999937],[-64.876973118999956,-22.024334512999928],[-64.877029614999969,-22.024157608999928],[-64.877083984999956,-22.023973905999981],[-64.877136357999973,-22.023782968999967],[-64.877186820999952,-22.023584506999953],[-64.877235607999978,-22.023377620999952],[-64.877282914999967,-22.023161484999946],[-64.877329015999976,-22.022934855999949],[-64.877368285999978,-22.022728504999975],[-64.877407200999983,-22.022511437999981],[-64.87748576499996,-22.02203491399996],[-64.877558346999933,-22.021554262999928],[-64.877739969999936,-22.020298026999967],[-64.877796642999954,-22.019932426999958],[-64.877850676999969,-22.01960786099994],[-64.877916976999984,-22.019244268999955],[-64.877984736999963,-22.01891115799998],[-64.878055295999957,-22.018601976999946],[-64.878091866999966,-22.018455304999975],[-64.878129410999975,-22.018313452999962],[-64.878177984999979,-22.018141944999968],[-64.878228327999977,-22.017977149999979],[-64.878280552999968,-22.017818700999953],[-64.878334752999933,-22.01766631199996],[-64.878391037999961,-22.017519685999957],[-64.87844946599995,-22.017378673999929],[-64.878510111999958,-22.017243096999948],[-64.878573040999981,-22.017112807999979],[-64.87863841799998,-22.016987489999963],[-64.878706205999947,-22.016867236999929],[-64.878776459999983,-22.016751948999968],[-64.878849230999947,-22.016641542999935],[-64.878924576999964,-22.016535935999968],[-64.879002533999937,-22.016435071999979],[-64.879083148999939,-22.016338895999979],[-64.879166462999933,-22.016247355999951],[-64.879244287999938,-22.016168060999973],[-64.879325717999961,-22.016090409999947],[-64.879410748999987,-22.016014406999943],[-64.879499371999941,-22.015940057999956],[-64.879591583999968,-22.015867366999942],[-64.879687376999982,-22.015796340999941],[-64.879786743999944,-22.015726983999969],[-64.879889675999948,-22.01565930299995],[-64.879996171999949,-22.015593299999978],[-64.880106215999945,-22.015528981999978],[-64.880219798999974,-22.01546635699998],[-64.880336910999972,-22.01540542999993],[-64.880457541999988,-22.015346205999947],[-64.880581677999942,-22.015288690999967],[-64.880709304999982,-22.015232892999961],[-64.880840410999951,-22.015178816999935],[-64.880975069999977,-22.015126433999967],[-64.881113179999943,-22.01507578899998],[-64.881254724999962,-22.015026886999976],[-64.881399684999963,-22.014979732999961],[-64.881548042999952,-22.014934334999964],[-64.881699775999948,-22.014890699999967],[-64.881854858999986,-22.014848833999963],[-64.88201326799998,-22.014808743999936],[-64.882174998999972,-22.014770431999978],[-64.882339999999942,-22.014733909999961],[-64.882508242999961,-22.014699184999927],[-64.882679691999954,-22.014666262999981],[-64.882854316999953,-22.014635151999983],[-64.883032072999981,-22.014605856999935],[-64.883212919999949,-22.014578388999951],[-64.883396811999944,-22.01455275099994],[-64.883588451999969,-22.014528374999941],[-64.88378318499997,-22.014505938999946],[-64.883980947999987,-22.014485448999949],[-64.884181673999933,-22.014466912999978],[-64.884385298999973,-22.014450335999982],[-64.884591735999948,-22.014435725999931],[-64.884800896999934,-22.01442308999998],[-64.88501268999994,-22.014412431999972],[-64.885227132999944,-22.014403753999943],[-64.885443994999946,-22.014397065999958],[-64.885663154999975,-22.014392372999964],[-64.885884475999944,-22.01438967799993],[-64.886107834999962,-22.014388981999957],[-64.886333048999973,-22.014390284999934],[-64.886559942999952,-22.014393587999962],[-64.886788319999937,-22.01439888699997],[-64.88702077399995,-22.014406277999967],[-64.887254282999947,-22.014415701999951],[-64.88748858799994,-22.014427146999935],[-64.887723384999958,-22.014440598999954],[-64.887958408999964,-22.014456044999974],[-64.888193239999964,-22.014473454999973],[-64.888427487999934,-22.01449280199995],[-64.888660706999985,-22.014514049999946],[-64.888893177999933,-22.014537231999952],[-64.889123593999955,-22.014562230999957],[-64.889351382999962,-22.014588980999974],[-64.889575889999946,-22.014617408999982],[-64.889796545999957,-22.014647441999955],[-64.890012464999984,-22.014678960999959],[-64.890222850999976,-22.014711851999948],[-64.89042681799998,-22.014745974999983],[-64.890553857999976,-22.014769402999946],[-64.890679144999979,-22.014795412999945],[-64.890802682999947,-22.014824005999969],[-64.890924477999988,-22.014855181999962],[-64.891044530999977,-22.014888943999949],[-64.891162846999975,-22.014925292999976],[-64.891279432999966,-22.014964228999929],[-64.891394289999937,-22.015005752999969],[-64.891507421999961,-22.015049867999949],[-64.891618835999964,-22.015096574999973],[-64.891728532999934,-22.015145875999963],[-64.89183651899998,-22.015197771999965],[-64.891942799999981,-22.015252266999937],[-64.892047376999983,-22.015309360999936],[-64.892150256999969,-22.015369057999976],[-64.892251443999953,-22.015431358999933],[-64.892350928999974,-22.015496261999942],[-64.892448730999945,-22.01556377299994],[-64.892544851999958,-22.015633897999976],[-64.892639297999949,-22.015706638999973],[-64.892732072999934,-22.015781999999945],[-64.892823179999937,-22.015859982999928],[-64.892912624999951,-22.015940593999971],[-64.893000410999946,-22.016023834999942],[-64.893086543999971,-22.016109710999956],[-64.893171026999937,-22.016198226999961],[-64.893253865999952,-22.016289385999983],[-64.893335065999963,-22.016383195999936],[-64.893414630999985,-22.016479660999948],[-64.893492563999985,-22.016578785999968],[-64.893568871999946,-22.016680576999931],[-64.893643559999987,-22.016785039999945],[-64.893716509999933,-22.016892002999953],[-64.893787853999982,-22.017001642999958],[-64.893857595999975,-22.017113965999954],[-64.893925741999965,-22.017228981999949],[-64.893992294999975,-22.017346697999983],[-64.894057260999944,-22.017467121999971],[-64.894120643999941,-22.017590262999931],[-64.89418244899997,-22.017716130999929],[-64.894242678999944,-22.017844729999979],[-64.89430133999997,-22.017976076999958],[-64.894358439999962,-22.018110179999951],[-64.894413979999968,-22.018247051999936],[-64.894467965999979,-22.018386704999955],[-64.894520403999934,-22.018529150999939],[-64.89457129799996,-22.018674402999977],[-64.894620652999947,-22.018822476999958],[-64.894668455999977,-22.018973322999955],[-64.894714729999976,-22.019127017999949],[-64.894759480999937,-22.019283578999932],[-64.894802714999969,-22.019443021999962],[-64.894844435999971,-22.019605363999972],[-64.894884647999959,-22.019770625999968],[-64.894923357999971,-22.019938828999955],[-64.894960569999967,-22.020109994999927],[-64.895030513999984,-22.020461273999956],[-64.895094526999969,-22.020824689999927],[-64.895152645999985,-22.021200460999978],[-64.895204910999951,-22.021588840999982],[-64.895241754999972,-22.021901769999943],[-64.895275055999946,-22.022222745999954],[-64.895304827999951,-22.022551933999978],[-64.895331091999935,-22.022889523999936],[-64.895353858999954,-22.023235687999943],[-64.895373147999976,-22.023590691999971],[-64.895388972999967,-22.023954790999937],[-64.895401346999961,-22.024328283999978],[-64.895410269999957,-22.024710906999928],[-64.895415771999978,-22.02510360399998],[-64.895417859999952,-22.025506797999981],[-64.895416534999981,-22.025920999999983],[-64.895411799999977,-22.026346631999957],[-64.895403643999941,-22.02678452899994],[-64.895392055999935,-22.02723547599993],[-64.895377006999979,-22.027700477999929],[-64.895345709999958,-22.028475059999948],[-64.895305223999969,-22.029295106999939],[-64.895255129999953,-22.030169297999976],[-64.895194447999984,-22.031114800999944],[-64.89513617199998,-22.031953993999934],[-64.895067235999932,-22.032894518999967],[-64.894819409999968,-22.036119828999972],[-64.894726759999969,-22.037361286999953],[-64.894640033999963,-22.038601756999981],[-64.894569699999977,-22.039713321999955],[-64.89453535499996,-22.04031514899998],[-64.894505304999939,-22.04089281399996],[-64.894479377999971,-22.041449661999934],[-64.894457469999963,-22.041987934999952],[-64.894439485999953,-22.042510088999961],[-64.894425405999982,-22.04301692699994],[-64.894415193999976,-22.043509657999948],[-64.894408830999964,-22.043989207999971],[-64.894406267999955,-22.044501305999972],[-64.894408324999972,-22.044999372999939],[-64.894415005999974,-22.045484167999973],[-64.894426318999933,-22.045956299999943],[-64.894442281999943,-22.046416412999974],[-64.894462905999944,-22.046864856999946],[-64.894488212999988,-22.047302040999966],[-64.894518222999977,-22.047728308999979],[-64.89455299499997,-22.048144401999934],[-64.894592523999961,-22.048550137999939],[-64.894636831999946,-22.048945764999928],[-64.894685945999981,-22.049331493999944],[-64.894739892999951,-22.049707543999943],[-64.894798693999974,-22.050074061999965],[-64.894862374999946,-22.050431205999928],[-64.894930959999954,-22.050779113999965],[-64.89500861099998,-22.051144225999963],[-64.895091071999957,-22.051512377999927],[-64.895178380999937,-22.051883729999929],[-64.895270580999977,-22.052258465999955],[-64.895367711999938,-22.052636749999976],[-64.895469834999972,-22.053018827999949],[-64.895577013999969,-22.053404932999968],[-64.895689321999953,-22.053795333999972],[-64.895806695999966,-22.054189830999974],[-64.895929368999987,-22.054589230999966],[-64.896057450999933,-22.054993896999974],[-64.89619107599998,-22.055404252999949],[-64.896330360999968,-22.05582065699997],[-64.89647552699995,-22.056243775999974],[-64.896626784999967,-22.056674230999931],[-64.896784407999974,-22.057112792999931],[-64.89692519099998,-22.05749683099998],[-64.897071159999939,-22.057888195999965],[-64.897222605999957,-22.058287665999956],[-64.897379911999963,-22.058696251999947],[-64.897543327999983,-22.059114618999956],[-64.897713645999943,-22.059544800999959],[-64.898078268999939,-22.060448871999938],[-64.89841839099995,-22.061275721999948],[-64.89880137199998,-22.062193033999961],[-64.899184128999934,-22.063100258999953],[-64.900180326999987,-22.065450058999943],[-64.90046958399995,-22.066137570999956],[-64.900727489999952,-22.066755611999952],[-64.901014874999987,-22.067451952999932],[-64.901279924999983,-22.068103393999934],[-64.901527664999946,-22.068722297999955],[-64.901760626999987,-22.069314996999935],[-64.902029815999981,-22.070015507999983],[-64.902281865999953,-22.070689803999983],[-64.902518488999988,-22.071342468999944],[-64.902740783999946,-22.071976537999944],[-64.902949910999951,-22.072595366999963],[-64.903146210999978,-22.073200011999973],[-64.903330216999962,-22.073792108999953],[-64.90341773199998,-22.074083850999955],[-64.903502314999969,-22.074372914999969],[-64.903603420999957,-22.074728690999962],[-64.903700120999986,-22.075080757999956],[-64.903792468999939,-22.07542932399997],[-64.903880516999948,-22.075774575999958],[-64.903964310999982,-22.076116708999962],[-64.904043886999943,-22.076455857999974],[-64.90411927699995,-22.076792166999951],[-64.904190511999957,-22.077125769999952],[-64.904257641999948,-22.077456910999956],[-64.904320661999975,-22.077785582999979],[-64.904379595999956,-22.07811189499995],[-64.904434458999958,-22.078435944999967],[-64.904485268999963,-22.07875783399993],[-64.904532037999957,-22.079077643999938],[-64.904574778999972,-22.07939545399995],[-64.90461350299995,-22.07971134099995],[-64.904648263999945,-22.080025843999977],[-64.904679012999964,-22.080338560999962],[-64.904705752999973,-22.08064955499998],[-64.904728490999958,-22.08095888899993],[-64.904747232999966,-22.081266624999955],[-64.904761978999943,-22.08157281299998],[-64.904772732999959,-22.081877505999955],[-64.904779495999946,-22.082180752999932],[-64.904782270999988,-22.082482632999927],[-64.904781055999933,-22.082783157999927],[-64.904775850999954,-22.083082372999968],[-64.904766654999946,-22.083380318999957],[-64.904753467999967,-22.083677036999973],[-64.904736286999935,-22.083972563999964],[-64.904715109999984,-22.084266932999981],[-64.904689934999965,-22.084560180999972],[-64.90460872999995,-22.085417246999953],[-64.904538610999964,-22.086113147999981],[-64.904469580999944,-22.086746976999962],[-64.904399935999948,-22.087333306999938],[-64.904381224999952,-22.087476940999977],[-64.935811286999979,-22.078538639999977],[-64.935886561999951,-22.079017396999973],[-64.935958613999958,-22.079492878999929],[-64.936027450999973,-22.079965130999938],[-64.93610038099996,-22.080487650999942],[-64.936169332999953,-22.081006266999964],[-64.936234312999943,-22.081521030999966],[-64.936295328999961,-22.08203199299993],[-64.936352386999943,-22.082539203999943],[-64.93640548999997,-22.083042704999968],[-64.936454642999934,-22.083542540999929],[-64.93649985199994,-22.084038752999959],[-64.936541118999969,-22.084531400999936],[-64.936578446999988,-22.085020500999974],[-64.936611839999955,-22.085506088999978],[-64.936641298999973,-22.085988199999974],[-64.936666824999975,-22.086466867999945],[-64.936688419999939,-22.086942122999972],[-64.936706087999937,-22.087413994999963],[-64.936719826999934,-22.087882511999965],[-64.936729640999943,-22.088347813999974],[-64.936735526999939,-22.088809814999934],[-64.936737483999934,-22.089268538999931],[-64.936735513999963,-22.089724011999976],[-64.93672961599998,-22.090176257999929],[-64.936719788999937,-22.090625298999953],[-64.93670603299995,-22.091071156999931],[-64.936688347999961,-22.091513852999981],[-64.936666731999935,-22.091953413999931],[-64.936641184999985,-22.092389852999929],[-64.936611704999962,-22.092823187999954],[-64.936578290999933,-22.093253434999951],[-64.936540941999965,-22.093680615999972],[-64.936499656999956,-22.094104743999935],[-64.936454432999938,-22.094525835999946],[-64.936405268999977,-22.094943906999958],[-64.936352108999984,-22.095359385999927],[-64.936294998999983,-22.095771868999975],[-64.936233933999972,-22.096181368999964],[-64.93616891299996,-22.096587898999928],[-64.936099935999948,-22.096991473999935],[-64.936026998999978,-22.097392105999973],[-64.935950099999957,-22.09778980699997],[-64.935869236999963,-22.09818458999996],[-64.935784405999982,-22.098576467999976],[-64.935695605999967,-22.09896545099997],[-64.935602834999941,-22.099351546999969],[-64.935506089999933,-22.099734768999951],[-64.935405367999977,-22.100115124999945],[-64.935300666999979,-22.100492626999937],[-64.935191983999971,-22.100867281999967],[-64.935079315999985,-22.10123909999993],[-64.934962653999946,-22.101608114999976],[-64.934842000999936,-22.101974309999946],[-64.934717354999975,-22.102337693999971],[-64.934588713999972,-22.102698273999977],[-64.934456072999978,-22.103056059999972],[-64.93431942999996,-22.103411057999949],[-64.934178783999982,-22.103763274999949],[-64.93403412899994,-22.104112719999932],[-64.933885462999967,-22.10445939899995],[-64.93373278599995,-22.104803318999927],[-64.933576090999964,-22.105144486999961],[-64.93341537699996,-22.105482907999942],[-64.933250641999962,-22.105818587999977],[-64.933081880999964,-22.106151533999935],[-64.932909091999932,-22.106481751999979],[-64.932732273999932,-22.106809245999955],[-64.932527851999964,-22.107177517999958],[-64.932317789999956,-22.107547101999955],[-64.932102121999947,-22.107917941999972],[-64.931880878999948,-22.108289977999959],[-64.931654097999967,-22.108663153999942],[-64.931421816999944,-22.10903740699996],[-64.931184071999951,-22.10941267499993],[-64.930940905999933,-22.109788892999973],[-64.93069234799998,-22.110166013999958],[-64.930438454999944,-22.110543953999979],[-64.930179270999986,-22.11092264399997],[-64.929914844999985,-22.111302013999932],[-64.929645224999945,-22.111681995999959],[-64.929370463999987,-22.112062512999955],[-64.929090615999939,-22.112443492999944],[-64.928805735999958,-22.112824857999954],[-64.928515754999978,-22.113206697999942],[-64.92822085499995,-22.113588767999943],[-64.927562631999933,-22.118547943999943],[-64.927458780999984,-22.118548389999944],[-64.927220990999956,-22.118372803999932],[-64.926936252999951,-22.118285721999939],[-64.926605219999942,-22.118419595999967],[-64.926274841999941,-22.118685919999962],[-64.926087266999957,-22.11908408599993],[-64.92580535899998,-22.11957095799994],[-64.925332606999973,-22.119793738999931],[-64.924812469999949,-22.120016719999967],[-64.924530121999965,-22.120415289999983],[-64.924104750999959,-22.120637863999946],[-64.923964988999955,-22.121124125999927],[-64.923586346999969,-22.121214045999977],[-64.923301171999981,-22.121038659999954],[-64.922733427999958,-22.121217687999945],[-64.92221154799995,-22.121087460999945],[-64.921785305999947,-22.12113342899994],[-64.921359929999937,-22.121355997999956],[-64.920981720999976,-22.121534213999951],[-64.92031703899994,-22.121272136999949],[-64.919891009999958,-22.121362251999983],[-64.919513231999986,-22.121628765999958],[-64.919133074999934,-22.121409626999935],[-64.918846823999957,-22.121013481999967],[-64.918514916999982,-22.120970740999951],[-64.918041504999962,-22.121061054999927],[-64.917616340999984,-22.121327766999968],[-64.917285512999968,-22.121505774999946],[-64.916953173999957,-22.121374729999957],[-64.916667789999963,-22.121155184999964],[-64.916525204999971,-22.121067486999948],[-64.916098529999942,-22.12102514299994],[-64.915814869999963,-22.121158798999943],[-64.915484254999967,-22.12138095399996],[-64.915057364999939,-22.121294458999955],[-64.914818935999961,-22.120986409999944],[-64.914675276999958,-22.120677957999931],[-64.914485309999975,-22.12059045899997],[-64.914106664999963,-22.120680362999963],[-64.913871247999964,-22.120990416999973],[-64.913444574999971,-22.120948067999961],[-64.913159194999935,-22.120728517999964],[-64.912922058999982,-22.120685366999965],[-64.91259036799994,-22.120686767999928],[-64.91230563299996,-22.120599665999976],[-64.912067210999965,-22.120291613999939],[-64.911640322999972,-22.120205110999962],[-64.911356017999935,-22.120206309999958],[-64.910598085999936,-22.120253653999953],[-64.909838439999987,-22.119947792999938],[-64.909316573999945,-22.119817533999935],[-64.908795561999966,-22.119863875999954],[-64.908274336999966,-22.119866065999929],[-64.907752684999934,-22.119779953999966],[-64.907277350999948,-22.119472888999951],[-64.90699219399994,-22.119297479999943],[-64.906551556999943,-22.119339510999964],[-64.906109841999978,-22.119599324999967],[-64.905446271999949,-22.119782678999968],[-64.905031616999963,-22.119913395999959],[-64.904505848999975,-22.119967188999965],[-64.903868718999945,-22.119892464999964],[-64.903369890999954,-22.11979136399998],[-64.903036924999981,-22.119637976999968],[-64.902759701999969,-22.119561744999942],[-64.902539089999948,-22.119743239999934],[-64.902124929999957,-22.119977135999932],[-64.901710643999934,-22.120185233999962],[-64.901323175999948,-22.12021264599997],[-64.901101942999958,-22.120265160999963],[-64.900798518999977,-22.120498590999944],[-64.900606702999937,-22.120912129999965],[-64.900192290999939,-22.121094428999982],[-64.899694820999969,-22.121277073999977],[-64.899252596999986,-22.121433689999947],[-64.898838428999966,-22.121667577999972],[-64.898564044999944,-22.122184641999979],[-64.89826160299998,-22.122624431999952],[-64.897931598999946,-22.123090133999938],[-64.897518288999947,-22.123504586999957],[-64.897103989999948,-22.123712675999968],[-64.896551631999955,-22.123998723999932],[-64.895970354999974,-22.124026928999967],[-64.895332229999951,-22.12374581499995],[-64.89466654499995,-22.12349060899993],[-64.894112463999988,-22.123415512999941],[-64.893559241999981,-22.123520983999981],[-64.893034687999943,-22.123832704999927],[-64.892787724999948,-22.124298053999951],[-64.892734192999967,-22.124685214999943],[-64.892514914999936,-22.125150448999932],[-64.892156223999962,-22.125409889999958],[-64.891712880999933,-22.125334330999976],[-64.891490658999942,-22.125180469999975],[-64.89121404499997,-22.125233202999937],[-64.89096658699998,-22.12559536699996],[-64.890885609999941,-22.126034231999938],[-64.890832319999959,-22.126472982999928],[-64.89077902799994,-22.126911733999975],[-64.890614501999949,-22.127247757999953],[-64.890310320999959,-22.12732639799998],[-64.890060533999986,-22.127198446999955],[-64.889894416999937,-22.12719913199993],[-64.889701713999955,-22.127432087999978],[-64.889508765999949,-22.127613451999935],[-64.889066274999948,-22.127718455999968],[-64.888707329999988,-22.127926298999967],[-64.888264837999941,-22.128031300999965],[-64.887878326999953,-22.128265049999982],[-64.887712940999961,-22.128420504999951],[-64.887576582999941,-22.128859593999948],[-64.887356433999969,-22.129144251999946],[-64.88708029999998,-22.129300158999968],[-64.886692932999949,-22.129353339999966],[-64.886277269999937,-22.129277656999932],[-64.885860876999971,-22.129047200999935],[-64.885666097999945,-22.128841630999943],[-64.885609993999935,-22.128687085999957],[-64.885655933999942,-22.128425422999953],[-64.885376888999986,-22.128047481999943],[-64.884895104999941,-22.127853441999946],[-64.884443374999933,-22.127659278999943],[-64.884065790999955,-22.127254796999978],[-64.884153115999936,-22.126652400999944],[-64.884286840999948,-22.126329833999932],[-64.88424011099994,-22.125980002999938],[-64.883968705999962,-22.125785099999973],[-64.883607998999935,-22.125772572999949],[-64.883292701999949,-22.125829864999957],[-64.883051878999936,-22.125746843999934],[-64.883005152999942,-22.125397010999961],[-64.88316873399998,-22.125032317999967],[-64.883287563999943,-22.124737812999967],[-64.883331654999949,-22.124527618999934],[-64.88319529599994,-22.124290158999941],[-64.882878947999984,-22.124123439999948],[-64.882487925999953,-22.124055031999944],[-64.882112129999939,-22.124028562999968],[-64.881841125999983,-22.12391766099995],[-64.881659294999963,-22.123596379999981],[-64.881597280999983,-22.123190603999944],[-64.881595769999933,-22.12286858899995],[-64.881571985999983,-22.122517638999966],[-64.881187950999959,-22.12242221899993],[-64.880812486999957,-22.122465751999982],[-64.880346994999968,-22.122537651999949],[-64.88003170199994,-22.122594938999953],[-64.879790819999982,-22.122497911999972],[-64.879714308999951,-22.122204202999967],[-64.879788193999957,-22.12193788299993],[-64.879952697999954,-22.12176920099995],[-64.880132358999958,-22.121628458999965],[-64.880342332999987,-22.12154359799996],[-64.880537412999956,-22.121486800999946],[-64.880627112999946,-22.121388428999978],[-64.880686363999985,-22.121206173999951],[-64.880655785999977,-22.121094288999927],[-64.880429799999945,-22.12096920099998],[-64.880098628999974,-22.120844538999961],[-64.87991759199997,-22.120691264999948],[-64.879781238999954,-22.120453801999929],[-64.879554793999944,-22.120230705999973],[-64.87932822099998,-22.119979608999927],[-64.879146658999957,-22.119714325999951],[-64.879040229999987,-22.11944873799996],[-64.878963591999934,-22.119127025999944],[-64.878962279999939,-22.118847008999978],[-64.879005654999958,-22.118482803999939],[-64.878959591999944,-22.118272974999968],[-64.878898701999958,-22.118105208999964],[-64.878963786999975,-22.117899204999958],[-64.878911564999953,-22.117643119999968],[-64.878700281999954,-22.117447962999961],[-64.878474694999966,-22.117406875999961],[-64.878144383999938,-22.117464221999967],[-64.877874241999962,-22.117535324999949],[-64.877544060999981,-22.117620670999941],[-64.877258827999981,-22.117677833999949],[-64.876973332999967,-22.117678991999981],[-64.876657326999975,-22.117582265999943],[-64.876250968999955,-22.117443900999945],[-64.87578431299994,-22.117263776999948],[-64.875333270999988,-22.117209598999978],[-64.874867397999935,-22.117197483999973],[-64.874372321999942,-22.117367498999954],[-64.87401280499995,-22.117606972999965],[-64.873638781999944,-22.117958510999927],[-64.873204457999975,-22.118268290999936],[-64.872905172999936,-22.118535519999966],[-64.872590664999962,-22.118760806999944],[-64.872276286999977,-22.119014094999955],[-64.872127129999967,-22.119252715999949],[-64.871948506999956,-22.11961746399993],[-64.87186029999998,-22.120037851999939],[-64.871726558999967,-22.120360414999936],[-64.871427463999964,-22.120669643999975],[-64.871098117999964,-22.120936989999961],[-64.87067842099998,-22.121162697999978],[-64.870153535999975,-22.121388826999976],[-64.869673599999942,-22.121586770999954],[-64.869418928999949,-22.121755807999932],[-64.869239390999951,-22.121924541999931],[-64.869124900999964,-22.122147450999933],[-64.869032796999932,-22.122549493999941],[-64.868837046999943,-22.122654211999929],[-64.868551350999951,-22.122613355999931],[-64.868310019999967,-22.122418310999933],[-64.86812879699994,-22.122223024999982],[-64.867857478999952,-22.122042101999966],[-64.867646978999971,-22.122014943999943],[-64.867421841999942,-22.12207185099993],[-64.867407656999944,-22.122253920999981],[-64.867573852999953,-22.122449267999968],[-64.867680073999963,-22.12267285799993],[-64.867846529999952,-22.122924207999972],[-64.867892580999978,-22.123134037999932],[-64.867893356999957,-22.123302045999935],[-64.867698077999933,-22.123316829999965],[-64.867322090999949,-22.123248333999982],[-64.866960742999936,-22.123095772999932],[-64.866689618999942,-22.12295684999998],[-64.866418947999932,-22.122915931999955],[-64.866178524999953,-22.122916895999936],[-64.865923332999955,-22.122973920999982],[-64.865682779999986,-22.12294688299994],[-64.865366512999969,-22.122794136999971],[-64.865110352999977,-22.122641150999982],[-64.864899787999946,-22.122599990999959],[-64.864629504999982,-22.122643074999928],[-64.864358754999955,-22.122729163999963],[-64.864143824999985,-22.122787310999968],[-64.863652543999933,-22.12291817299996],[-64.863268661999939,-22.123005637999938],[-64.862885174999974,-22.123179032999928],[-64.862547338999946,-22.123251990999961],[-64.862361768999961,-22.123009256999978],[-64.862283991999959,-22.122809057999973],[-64.86223629999995,-22.122465518999945],[-64.861974530999987,-22.122366307999982],[-64.861790144999986,-22.122381365999956],[-64.861621720999949,-22.12252525699995],[-64.861423343999945,-22.122841131999962],[-64.861194353999963,-22.123185773999978],[-64.861118943999941,-22.123501158999943],[-64.861181478999981,-22.123730061999936],[-64.861412637999933,-22.12385803899997],[-64.861735827999951,-22.123942683999928],[-64.862027944999966,-22.12395584199993],[-64.862198014999933,-22.124169992999953],[-64.862199001999954,-22.124384819999932],[-64.862077346999968,-22.124671744999944],[-64.861832328999981,-22.124873229999935],[-64.861571739999988,-22.125031809999939],[-64.861279489999959,-22.124990007999941],[-64.860879245999968,-22.124862703999952],[-64.86061386199998,-22.124895098999957],[-64.860444066999946,-22.124982270999965],[-64.860212580999985,-22.125112934999947],[-64.860105333999968,-22.125344014999939],[-64.860013425999966,-22.125546200999963],[-64.859781543999986,-22.12559037099993],[-64.859643153999968,-22.125778326999978],[-64.859458082999936,-22.125908804999938],[-64.859288352999954,-22.126010391999955],[-64.859087479999971,-22.126068851999946],[-64.858902012999977,-22.126112835999947],[-64.858717006999939,-22.126257729999963],[-64.858563011999934,-22.126416914999936],[-64.858440091999967,-22.126604807999968],[-64.858270820999962,-22.126807301999975],[-64.858163174999959,-22.126951886999962],[-64.857947025999977,-22.127053656999976],[-64.857715602999974,-22.127198731999954],[-64.857499320999977,-22.127271667999935],[-64.857430119999947,-22.127526050999961],[-64.85725156999996,-22.127551873999948],[-64.857094977999964,-22.127574519999939],[-64.857006711999986,-22.127821420999965],[-64.85691460299995,-22.127980359999981],[-64.856806955999957,-22.128124943999978],[-64.856730119999952,-22.12824057499995],[-64.856591528999957,-22.128385281999954],[-64.856545505999975,-22.128471957999977],[-64.85645319799994,-22.128587649999929],[-64.856360824999967,-22.128688925999938],[-64.856237506999946,-22.128790324999954],[-64.856067442999972,-22.12881983099993],[-64.855865973999983,-22.128748548999965],[-64.855741800999965,-22.128662544999941],[-64.855555870999979,-22.128605616999948],[-64.855416226999978,-22.128519675999939],[-64.855168537999987,-22.12849182399998],[-64.85506042999998,-22.128535498999952],[-64.855014471999937,-22.128636589999928],[-64.854875550999964,-22.128709218999973],[-64.854751705999945,-22.128695292999964],[-64.854720432999954,-22.128623336999965],[-64.854596523999987,-22.128594995999947],[-64.854534962999935,-22.128667317999941],[-64.854535684999973,-22.128825887999938],[-64.854536275999976,-22.128955626999982],[-64.854490711999972,-22.129143211999974],[-64.85444481899998,-22.129258719999939],[-64.854383322999979,-22.129345455999953],[-64.854306486999974,-22.129461086999981],[-64.854198835999966,-22.129605668999943],[-64.854090989999975,-22.129707004999943],[-64.853890043999968,-22.129751045999967],[-64.853766199999939,-22.129737118999969],[-64.853642879999938,-22.12983851599995],[-64.853441672999963,-22.129824894999956],[-64.853147501999956,-22.129782807999959],[-64.852930887999946,-22.129783662999955],[-64.852760822999983,-22.129813164999973],[-64.85265303999995,-22.129928915999983],[-64.852467828999977,-22.130030555999952],[-64.852313562999939,-22.130132074999949],[-64.852081607999935,-22.130161819999955],[-64.851942682999947,-22.130234444999928],[-64.851803823999944,-22.130321486999947],[-64.851711250999983,-22.130379513999969],[-64.851588517999971,-22.130610649999937],[-64.851372753999954,-22.13079890299997],[-64.851126174999933,-22.131016108999972],[-64.850941157999955,-22.13116099399997],[-64.850756271999956,-22.131334709999976],[-64.850648943999943,-22.131551367999975],[-64.850463926999964,-22.131696251999983],[-64.850200893999954,-22.131697285999962],[-64.849937599999976,-22.131640657999981],[-64.849767074999988,-22.131569250999974],[-64.849534855999934,-22.131541330999937],[-64.849364985999955,-22.131614075999948],[-64.849133614999971,-22.131773557999963],[-64.849041496999973,-22.131932491999976],[-64.849057816999959,-22.132119831999944],[-64.849058794999962,-22.132336062999968],[-64.849059642999975,-22.132523462999927],[-64.849060489999943,-22.132710862999943],[-64.849045930999978,-22.132912739999938],[-64.848907653999959,-22.133129516999929],[-64.848800128999983,-22.133302926999932],[-64.848553085999981,-22.13341922099994],[-64.84828691499996,-22.133490733999963],[-64.848027535999961,-22.13353660699994],[-64.847888606999959,-22.133609229999934],[-64.847733945999948,-22.133624252999937],[-64.84756446199998,-22.133783487999949],[-64.847425662999967,-22.133884941999952],[-64.847224712999946,-22.133928975999936],[-64.847054511999943,-22.133929642999931],[-64.846776198999976,-22.133973978999961],[-64.846574792999945,-22.133917104999966],[-64.846312015999956,-22.133975796999948],[-64.846080184999948,-22.13403436699997],[-64.845910634999939,-22.134179186999972],[-64.845724896999968,-22.134165496999969],[-64.845585641999946,-22.134166041999947],[-64.845369217999973,-22.134210133999943],[-64.845137126999987,-22.134211040999958],[-64.844935980999935,-22.134211826999945],[-64.844812587999968,-22.134298802999979],[-64.844705057999988,-22.134472209999956],[-64.844690622999963,-22.13470291699997],[-64.844799839999951,-22.134904307999932],[-64.844800943999985,-22.135149368999976],[-64.844739765999975,-22.135308178999935],[-64.844619672999954,-22.135514582999974],[-64.844558506999988,-22.135586429999933],[-64.844435981999936,-22.135687160999964],[-64.844282581999948,-22.135759367999981],[-64.844205914999975,-22.135802631999979],[-64.844129439999961,-22.135888860999955],[-64.84408396799995,-22.136032255999964],[-64.844007750999936,-22.136175769999966],[-64.843931340999973,-22.136276319999979],[-64.843824251999933,-22.136391310999954],[-64.843717031999972,-22.136477659999969],[-64.843563631999984,-22.136549866999928],[-64.843395374999943,-22.136736704999976],[-64.843257475999962,-22.136837492999973],[-64.843058214999985,-22.136967165999977],[-64.842873748999978,-22.136967884999933],[-64.842735140999935,-22.136911138999949],[-64.842534915999977,-22.136825987999941],[-64.842288318999977,-22.136683732999927],[-64.84214971199998,-22.136626985999953],[-64.841903756999955,-22.136627942999951],[-64.841765726999938,-22.13670008899993],[-64.841551094999943,-22.136829818999956],[-64.841444066999941,-22.136959130999969],[-64.84125992099996,-22.137031455999931],[-64.841137264999986,-22.137103540999931],[-64.841092173999982,-22.137332862999983],[-64.841108315999975,-22.137504659999934],[-64.84127818099995,-22.137675858999955],[-64.841432739999959,-22.137861438999948],[-64.841418009999984,-22.13800471299993],[-64.841188001999967,-22.138134501999957],[-64.841066178999938,-22.138392765999981],[-64.840975035999975,-22.138636586999951],[-64.840791528999944,-22.138852124999971],[-64.840684692999957,-22.139024398999936],[-64.840546981999978,-22.139168150999978],[-64.840270983999972,-22.13932676099995],[-64.839963406999971,-22.139299312999981],[-64.839717191999966,-22.139242982999974],[-64.839593764999961,-22.139143209999929],[-64.839424027999939,-22.139000652999982],[-64.83928573999998,-22.139015511999958],[-64.839178453999978,-22.139087535999977],[-64.839086539999983,-22.139159501999927],[-64.839040869999963,-22.13925992999998],[-64.838964583999939,-22.139389118999929],[-64.838842372999977,-22.139561452999942],[-64.838704084999961,-22.139576309999939],[-64.838611850999939,-22.139576667999961],[-64.838488742999971,-22.139548501999968],[-64.838365698999951,-22.139534656999956],[-64.838258347999954,-22.139592360999927],[-64.838120507999975,-22.139707467999983],[-64.837951410999949,-22.139708122999934],[-64.837812610999947,-22.139608408999948],[-64.83771986499994,-22.13949419599993],[-64.837519639999982,-22.139409041999954],[-64.837365659999932,-22.139352351999946],[-64.837196307999932,-22.139295720999939],[-64.837011647999987,-22.13925347199995],[-64.836780869999984,-22.139211399999965],[-64.836550155999987,-22.13918364899996],[-64.836350313999958,-22.139184421999971],[-64.83610441999997,-22.139199694999945],[-64.835981630999981,-22.139243133999969],[-64.835843598999986,-22.139315275999934],[-64.835813490999954,-22.139458606999938],[-64.835844873999974,-22.139601701999936],[-64.835845447999986,-22.139730593999957],[-64.835815276999938,-22.13985960499997],[-64.835769797999944,-22.140002995999964],[-64.83570932799995,-22.140232375999972],[-64.835633102999964,-22.140375885999958],[-64.835587750999935,-22.14054792099995],[-64.835527025999966,-22.140720012999964],[-64.835404554999968,-22.140835058999983],[-64.835281701999975,-22.14086417599998],[-64.835081986999967,-22.140893590999951],[-64.834944269999937,-22.141037338999979],[-64.834868172999961,-22.141209490999927],[-64.834714891999965,-22.141310332999979],[-64.834530993999977,-22.141439937999962],[-64.834347668999953,-22.141698431999941],[-64.834302951999973,-22.142013677999955],[-64.834319151999978,-22.142199795999943],[-64.834350851999943,-22.142414495999958],[-64.834228888999974,-22.142644109999935],[-64.834122234999938,-22.142859344999977],[-64.833938398999976,-22.143003268999962],[-64.833738934999985,-22.14308996699998],[-64.833478552999964,-22.143305793999957],[-64.833279342999958,-22.143449774999965],[-64.833018767999988,-22.143622635999975],[-64.832865612999967,-22.143752120999977],[-64.832743138999945,-22.143867163999971],[-64.832605163999972,-22.143953623999948],[-64.832482626999933,-22.144054345999962],[-64.832298724999987,-22.144183946999931],[-64.832175805999952,-22.144198741999958],[-64.831898713999976,-22.144113877999928],[-64.831790406999971,-22.143956758999934],[-64.831743335999988,-22.143742118999967],[-64.831711637999945,-22.143527417999962],[-64.831725931999983,-22.143283897999936],[-64.831724536999957,-22.142968829999973],[-64.831692521999969,-22.142682522999962],[-64.831614705999982,-22.142467998999962],[-64.831429154999967,-22.142225246999942],[-64.831305095999937,-22.141982258999974],[-64.831181226999945,-22.141782231999969],[-64.830950003999988,-22.141639905999966],[-64.830795833999957,-22.141540247999956],[-64.830565243999956,-22.141541133999965],[-64.830380772999945,-22.141541841999981],[-64.830165809999983,-22.141599952999968],[-64.830012399999987,-22.141672149999977],[-64.829868260999945,-22.14189580599998],[-64.829644603999952,-22.142016009999963],[-64.829389051999954,-22.142166173999954],[-64.829165659999944,-22.142346048999968],[-64.828974159999973,-22.142495965999956],[-64.828750896999964,-22.142705676999981],[-64.828334815999938,-22.142766943999959],[-64.827949444999945,-22.142529726999953],[-64.827788654999949,-22.142381160999946],[-64.827435444999935,-22.142173656999944],[-64.827242496999986,-22.141995375999954],[-64.826954654999952,-22.142085985999927],[-64.826924073999976,-22.142414304999932],[-64.826989309999988,-22.142682583999942],[-64.826894281999955,-22.142921638999951],[-64.826606831999982,-22.143101754999975],[-64.826158591999956,-22.143133304999935],[-64.825933748999944,-22.142984981999973],[-64.825677011999971,-22.142866616999981],[-64.825453483999979,-22.143016651999972],[-64.825293875999932,-22.143136606999974],[-64.825037924999947,-22.143197255999951],[-64.824813738999978,-22.143198110999947],[-64.824654523999982,-22.143407572999934],[-64.82446288899996,-22.143527649999953],[-64.824143277999951,-22.143678050999938],[-64.823951903999955,-22.143857797999942],[-64.823536081999976,-22.143978726999933],[-64.823344574999965,-22.144128638999973],[-64.823185750999983,-22.144427607999944],[-64.822929666999983,-22.144458418999932],[-64.822705740999936,-22.14451894299998],[-64.822546391999936,-22.144698566999978],[-64.822225469999978,-22.144550605999939],[-64.822032524999941,-22.144372320999935],[-64.821775527999932,-22.144194279999965],[-64.821551471999953,-22.144224966999957],[-64.821327675999953,-22.144315326999958],[-64.82126401499994,-22.144405076999931],[-64.82110479399995,-22.144614535999949],[-64.821009626999967,-22.144823751999979],[-64.820818248999956,-22.145003495999958],[-64.820659418999981,-22.14530246299995],[-64.820339931999968,-22.145482691999973],[-64.820116785999971,-22.145722229999933],[-64.819732332999934,-22.145693850999976],[-64.819443308999951,-22.145515927999952],[-64.819346185999962,-22.145277605999979],[-64.819280698999933,-22.144949653999959],[-64.818959909999933,-22.144831522999937],[-64.818832713999939,-22.145040858999948],[-64.818609435999974,-22.145250558999976],[-64.818482759999938,-22.145579237999982],[-64.818259481999974,-22.145788937999953],[-64.818036203999952,-22.145998635999945],[-64.817973319999965,-22.146267399999942],[-64.817878408999945,-22.146536285999957],[-64.817687545999945,-22.146835368999973],[-64.817656427999964,-22.147044340999969],[-64.817657728999961,-22.147342697999932],[-64.81769144499998,-22.147730441999954],[-64.817885298999954,-22.148117578999972],[-64.817790517999981,-22.148416297999972],[-64.817566455999952,-22.14844698099995],[-64.817214152999952,-22.14844831299996],[-64.816957543999933,-22.148359773999971],[-64.816701064999961,-22.148301070999935],[-64.81625268099998,-22.148302762999947],[-64.815996979999966,-22.148423072999947],[-64.815869648999978,-22.14860256999998],[-64.815518902999941,-22.148961926999959],[-64.815104098999939,-22.149321523999959],[-64.815169061999939,-22.149530131999938],[-64.815361616999951,-22.149618913999973],[-64.815618615999938,-22.149796961999982],[-64.815683448999948,-22.149975732999962],[-64.815652198999942,-22.150154866999969],[-64.815204198999936,-22.15024606399993],[-64.814947587999939,-22.150157522999962],[-64.814723781999987,-22.150247873999945],[-64.814564290999954,-22.150397655999939],[-64.814372901999945,-22.150577391999946],[-64.814180476999979,-22.150518444999932],[-64.814051458999984,-22.150310078999951],[-64.813986368999963,-22.150071634999961],[-64.81376152699994,-22.149923301999934],[-64.813570007999942,-22.15007320199993],[-64.813571430999957,-22.150401392999981],[-64.813443447999987,-22.150431709999964],[-64.813251151999964,-22.150402596999982],[-64.813123170999972,-22.150432913999964],[-64.81296406499996,-22.150672201999953],[-64.812740257999963,-22.150762549999968],[-64.812516967999954,-22.150972240999977],[-64.812325574999932,-22.151151975999937],[-64.812134698999955,-22.15145105299996],[-64.81207193299997,-22.151749648999953],[-64.812328545999947,-22.151838191999957],[-64.812520713999959,-22.151837469999975],[-64.81268136999995,-22.15195620999998],[-64.812778487999935,-22.152194532999943],[-64.812876121999977,-22.152552196999977],[-64.812877285999946,-22.15282071699994],[-64.812846420999961,-22.153089355999953],[-64.812655154999959,-22.153298925999934],[-64.812430957999936,-22.153299767999954],[-64.812238141999956,-22.153151312999967],[-64.812013556999943,-22.153062648999935],[-64.811660988999961,-22.153004299999964],[-64.811500072999934,-22.152825888999928],[-64.811051161999956,-22.152708228999927],[-64.810762522999937,-22.152619802999936],[-64.810538583999971,-22.152680314999941],[-64.810443142999986,-22.152829850999979],[-64.810347702999934,-22.152979388999938],[-64.810156434999953,-22.153188956999941],[-64.810189750999939,-22.153487190999954],[-64.81019090999996,-22.153755708999938],[-64.81009662799994,-22.15417376299996],[-64.810001443999965,-22.154382970999961],[-64.809745215999953,-22.154383929999938],[-64.809488858999941,-22.15435505399995],[-64.809392001999981,-22.154176401999962],[-64.809199702999933,-22.154147284999965],[-64.809007788999963,-22.154207674999952],[-64.808912475999932,-22.154387045999954],[-64.808656119999966,-22.154358168999977],[-64.808267102999935,-22.154444101999957],[-64.80794784699998,-22.154683981999938],[-64.807885844999987,-22.155161585999963],[-64.807759784999973,-22.155639428999962],[-64.807697781999934,-22.156117031999941],[-64.807121520999942,-22.156178854999951],[-64.806928064999965,-22.155881219999969],[-64.806734865999942,-22.155643253999983],[-64.806414579999966,-22.155644447999975],[-64.806160399999953,-22.156122767999932],[-64.805905451999934,-22.156422075999956],[-64.805520849999937,-22.156363835999969],[-64.805199025999968,-22.156007005999982],[-64.804942794999988,-22.156007959999954],[-64.804559984999969,-22.156367412999941],[-64.804048803999933,-22.15666767099998],[-64.803921709999941,-22.156906827999933],[-64.804242766999948,-22.157084647999966],[-64.804692449999948,-22.157381332999933],[-64.804693984999972,-22.157739354999933],[-64.804310914999974,-22.158039135999957],[-64.803735158999984,-22.158220289999974],[-64.803414100999987,-22.158042468999952],[-64.802900868999984,-22.157865360999949],[-64.802453992999972,-22.158225046999974],[-64.801943057999949,-22.158584968999946],[-64.801369334999947,-22.159243476999961],[-64.800666726999964,-22.159723447999966],[-64.799770920999947,-22.159965446999934],[-64.798617861999958,-22.159969706999959],[-64.797785856999951,-22.160151790999976],[-64.797660782999969,-22.160868301999983],[-64.79766331899998,-22.161465001999943],[-64.797345556999971,-22.16206288199993],[-64.796834348999937,-22.162363118999963],[-64.796384663999959,-22.162066421999953],[-64.796127159999969,-22.161769015999937],[-64.796061074999955,-22.161291892999941],[-64.795867378999958,-22.160934579999946],[-64.795483529999956,-22.161055333999968],[-64.795228303999977,-22.161294955999949],[-64.795166267999946,-22.161772550999956],[-64.794846981999967,-22.162012407999953],[-64.794397806999939,-22.161835044999975],[-64.794396291999988,-22.161477025999943],[-64.794266909999976,-22.161179146999928],[-64.793946613999935,-22.16118032299994],[-64.793434390999948,-22.161241872999938],[-64.793115102999934,-22.161481727999956],[-64.792924690999939,-22.161900120999974],[-64.793117877999975,-22.162138094999932],[-64.793438931999958,-22.162315929999977],[-64.793440697999984,-22.162733618999937],[-64.793889621999938,-22.162851313999965],[-64.794273475999944,-22.162730561999979],[-64.79465732999995,-22.162609810999982],[-64.794850772999951,-22.162907453999935],[-64.794787975999952,-22.163206037999942],[-64.794468434999942,-22.163386223999964],[-64.793892650999965,-22.163567349999937],[-64.793637671999932,-22.163866636999956],[-64.79363918699994,-22.164224655999931],[-64.793577901999981,-22.164881255999944],[-64.793065921999982,-22.165002474999937],[-64.792361255999936,-22.165005057999963],[-64.791847762999964,-22.164768255999945],[-64.791398081999944,-22.164471548999927],[-64.79088434199997,-22.164175075999935],[-64.790500733999977,-22.164355489999934],[-64.790182189999939,-22.164774346999934],[-64.790184451999949,-22.165311372999952],[-64.790314583999987,-22.165788258999953],[-64.78993122299994,-22.166028340999958],[-64.789933232999942,-22.166505696999934],[-64.789934990999939,-22.166923381999936],[-64.789872937999974,-22.167400968999971],[-64.789233328999956,-22.167641984999932],[-64.789234833999956,-22.168000000999939],[-64.78904440599996,-22.168418385999928],[-64.788725350999982,-22.168717899999933],[-64.788278170999945,-22.169017878999966],[-64.787637049999944,-22.168900874999963],[-64.786757470999987,-22.168497787999968],[-64.786471054999936,-22.169104401999959],[-64.786111835999975,-22.169576709999944],[-64.785608981999985,-22.170251396999959],[-64.78496023699995,-22.170590179999976],[-64.784168137999984,-22.171198624999931],[-64.784242626999969,-22.171736639999949],[-64.784316553999986,-22.172140084999967],[-64.784318802999962,-22.172678361999942],[-64.783671452999954,-22.173353561999932],[-64.782662335999987,-22.173895498999968],[-64.782519537999974,-22.174299726999948],[-64.782305621999967,-22.174973354999963],[-64.781729095999935,-22.17531186399998],[-64.781297051999957,-22.175649851999935],[-64.780647160999933,-22.175719482999966],[-64.780070071999944,-22.175923419999947],[-64.779566339999974,-22.176396230999956],[-64.779280168999946,-22.177070111999967],[-64.778991760999986,-22.17720572099995],[-64.778487464999955,-22.177543960999969],[-64.777910924999958,-22.177882459999978],[-64.777619168999934,-22.177210658999968],[-64.777183209999976,-22.176606661999983],[-64.776821167999969,-22.176406107999981],[-64.776315755999974,-22.176475206999953],[-64.775666416999968,-22.176679390999936],[-64.775306322999938,-22.176949821999983],[-64.774875650999945,-22.17762421499998],[-64.774877039999978,-22.177960632999941],[-64.774372734999986,-22.178298863999942],[-64.773938449999946,-22.178098562999935],[-64.773575574999938,-22.177696151999953],[-64.773212978999936,-22.177361023999936],[-64.772635321999985,-22.177430372999936],[-64.772202701999959,-22.177633772999968],[-64.771770634999939,-22.17797173799994],[-64.77097652599997,-22.178109139999947],[-64.769818443999952,-22.177574985999968],[-64.769531959999938,-22.178181568999946],[-64.768956228999969,-22.178721893999978],[-64.768016803999956,-22.178657946999977],[-64.76750945699996,-22.178256037999972],[-64.767149070999949,-22.178459171999975],[-64.766861751999954,-22.178863898999964],[-64.76635605599995,-22.178865689999952],[-64.766137405999984,-22.178395471999977],[-64.765845690999981,-22.177723656999945],[-64.76526610999997,-22.177321998999957],[-64.764471450999963,-22.17732480899997],[-64.764111610999976,-22.177662504999944],[-64.763967675999936,-22.177797582999972],[-64.763101318999986,-22.177935210999976],[-64.76259562499996,-22.177936993999936],[-64.762091023999972,-22.178207910999959],[-64.761948178999944,-22.178612122999937],[-64.761805333999973,-22.179016333999982],[-64.761517455999979,-22.179286485999967],[-64.761157061999938,-22.179489608999972],[-64.760868909999942,-22.179692476999946],[-64.760653819999959,-22.180096940999931],[-64.760583212999961,-22.180500895999955],[-64.760005268999976,-22.180502926999964],[-64.759787721999942,-22.180301837999934],[-64.759424873999933,-22.179899404999958],[-64.759063931999947,-22.179967955999928],[-64.758775777999972,-22.180170820999933],[-64.75834449599995,-22.180710608999959],[-64.758345855999949,-22.181047026999977],[-64.75798518299996,-22.181182858999932],[-64.757550364999986,-22.180847960999927],[-64.757043033999935,-22.180446029999928],[-64.75682467699994,-22.180043086999945],[-64.756532992999951,-22.179371260999972],[-64.755955323999956,-22.179440564999936],[-64.755450708999945,-22.179711466999947],[-64.754800794999937,-22.17978101999995],[-64.754673501999946,-22.179639831999964],[-64.754685053999935,-22.179374023999969],[-64.754710454999952,-22.178911574999972],[-64.754741622999973,-22.17843845799996],[-64.754778562999945,-22.177954582999973],[-64.754821283999945,-22.177459852999959],[-64.754869792999955,-22.176954172999956],[-64.754924101999961,-22.176437428999975],[-64.754984220999972,-22.175909506999972],[-64.755050164999943,-22.175370286999964],[-64.755121860999964,-22.174820302999933],[-64.75519940199996,-22.174258781999981],[-64.755282806999958,-22.173685579999983],[-64.755372098999942,-22.173100538999961],[-64.755467300999953,-22.172503508999966],[-64.755568443999948,-22.171894300999952],[-64.75567555799995,-22.171272728999952],[-64.755788677999988,-22.170638589999953],[-64.755907810999986,-22.16999183799993],[-64.756033027999933,-22.169332079999947],[-64.756164375999958,-22.168659067999954],[-64.756301907999955,-22.167972533999944],[-64.756445673999963,-22.167272219999973],[-64.756595745999959,-22.166557784999952],[-64.756752191999965,-22.165828894999947],[-64.756915090999939,-22.165085178999959],[-64.757068088999972,-22.164399288999959],[-64.757226510999942,-22.163700619999929],[-64.75739043699997,-22.162988828999971],[-64.757559951999951,-22.16226353199994],[-64.757735142999934,-22.161524373999953],[-64.757916126999987,-22.160770846999981],[-64.758103022999933,-22.160002463999945],[-64.758295963999956,-22.159218671999952],[-64.758494888999962,-22.158419708999929],[-64.758700163999947,-22.157604094999954],[-64.759130526999968,-22.155919870999981],[-64.759588788999963,-22.154159202999949],[-64.760077442999943,-22.152312514999949],[-64.760572191999984,-22.150469464999958],[-64.761101141999973,-22.148523356999931],[-64.761669404999964,-22.146455367999977],[-64.762286316999962,-22.144231519999948],[-64.762912021999966,-22.141993316999958],[-64.763616167999942,-22.139489739999931],[-64.763956788999963,-22.138283942999976],[-64.763943413999982,-22.138226741999972],[-64.763914970999963,-22.138091065999959],[-64.763888706999978,-22.13795067999996],[-64.763864632999969,-22.137805646999936],[-64.763842736999948,-22.137655903999928],[-64.763823017999982,-22.137501449999945],[-64.76380547499997,-22.137342283999942],[-64.763790109999945,-22.137178401999961],[-64.763776921999977,-22.137009803999945],[-64.763765908999972,-22.136836485999936],[-64.763757073999955,-22.136658446999945],[-64.763750413999958,-22.136475684999937],[-64.76374592999997,-22.136288194999963],[-64.763743621999936,-22.136095975999979],[-64.763743489999968,-22.135899021999933],[-64.763745533999952,-22.135697332999939],[-64.763749753999946,-22.135490901999958],[-64.763764721999962,-22.135063801999934],[-64.763788391999981,-22.134617738999964],[-64.76382076799996,-22.134152626999935],[-64.763861850999945,-22.133668421999971],[-64.763911647999976,-22.133165070999951],[-64.763970162999954,-22.132642527999963],[-64.764037403999964,-22.132100715999968],[-64.764113377999934,-22.131539558999975],[-64.764198100999977,-22.130958970999927],[-64.764286248999952,-22.130392154999981],[-64.764382242999943,-22.129807787999937],[-64.764486098999953,-22.129205766999974],[-64.764597839999965,-22.128585961999931],[-64.764717484999949,-22.127948262999951],[-64.764845068999932,-22.127292478999948],[-64.764980628999979,-22.126618424999947],[-64.765124208999964,-22.125925877999975],[-64.765275740999982,-22.125215146999949],[-64.765435396999976,-22.124485406999952],[-64.765603247999934,-22.123736324999982],[-64.765779387999942,-22.122967486999983],[-64.765963891999945,-22.122178561999931],[-64.766156925999951,-22.121368830999927],[-64.766358649999972,-22.120537628999955],[-64.766569272999959,-22.119684083999971],[-64.766764248999948,-22.11890548599996],[-64.766966692999972,-22.118107496999983],[-64.767176872999983,-22.117289049999954],[-64.767395162999946,-22.116448697999942],[-64.767621772999973,-22.11558561399994],[-64.767857550999963,-22.11469655999997],[-64.768103264999979,-22.113778636999939],[-64.768360132999987,-22.11282728599997],[-64.768757862999962,-22.111368366999955],[-64.769192633999978,-22.109789399999954],[-64.769711593999943,-22.107920217999947],[-64.771091540999976,-22.102972462999958],[-64.771487218999937,-22.101538656999935],[-64.771817738999971,-22.100324677999936],[-64.771991452999941,-22.099674935999928],[-64.772182606999934,-22.09894791499994],[-64.772782525999958,-22.096630797999978],[-64.772989932999963,-22.095835472999966],[-64.773181407999971,-22.095111826999982],[-64.773358464999944,-22.094455032999974],[-64.773589575999949,-22.093619645999979],[-64.773811929999965,-22.092842799999971],[-64.77402995999995,-22.09210901299997],[-64.774138093999966,-22.091755786999954],[-64.774245968999935,-22.091410584999949],[-64.774368783999932,-22.091026344999932],[-64.774491786999988,-22.090650866999965],[-64.774615200999961,-22.090283463999981],[-64.774739208999961,-22.089923591999934],[-64.774864013999945,-22.08957066399995],[-64.77498972799998,-22.089224375999947],[-64.775116481999987,-22.088884357999973],[-64.77524439299998,-22.088550300999941],[-64.775373730999945,-22.08822151399994],[-64.775504432999981,-22.087898177999932],[-64.775636587999941,-22.087580066999976],[-64.775770278999971,-22.087266987999953],[-64.775905590999969,-22.086958735999929],[-64.77604258599996,-22.086655175999965],[-64.77618132899994,-22.086356161999959],[-64.776321881999934,-22.086061560999951],[-64.77652569199995,-22.085635683999953],[-64.776752492999947,-22.085152875999938],[-64.777552526999955,-22.083420534999959],[-64.777878668999961,-22.08272231199993],[-64.778050689999986,-22.082360068999947],[-64.778213784999934,-22.082021603999976],[-64.77837072899996,-22.081701155999951],[-64.778522963999933,-22.081395793999945],[-64.77870828999994,-22.081031973999927],[-64.778889466999942,-22.080685342999971],[-64.779067606999945,-22.080353773999946],[-64.779243443999974,-22.080035900999974],[-64.779417814999988,-22.079730230999928],[-64.779590968999969,-22.079436342999941],[-64.779763311999943,-22.07915355199998],[-64.779935153999986,-22.078881345999946],[-64.780124757999943,-22.078592390999972],[-64.780314393999959,-22.078315355999962],[-64.780504334999932,-22.078049845999942],[-64.780694801999971,-22.077795550999952],[-64.78088603599997,-22.077552150999963],[-64.781078168999954,-22.077319483999929],[-64.78117462199998,-22.077207114999965],[-64.78127135699998,-22.077097359999982],[-64.781368389999955,-22.07699020299998],[-64.781465734999983,-22.076885624999932],[-64.781563509999955,-22.076783506999959],[-64.781661627999938,-22.076683942999978],[-64.781760103999943,-22.076586917999975],[-64.781858949999958,-22.076492418999976],[-64.781958178999957,-22.076400434999982],[-64.782057802999987,-22.07631095399995],[-64.782157833999975,-22.076223966999976],[-64.782258279999951,-22.076139462999947],[-64.782359161999977,-22.076057428999945],[-64.782460480999987,-22.075977862999935],[-64.782562246999987,-22.075900756999943],[-64.78266446799995,-22.07582610399993],[-64.782767156999967,-22.07575389699997],[-64.782870317999937,-22.075684129999956],[-64.782973960999982,-22.075616797999942],[-64.783078094999951,-22.075551895999979],[-64.783238214999983,-22.075456943999939],[-64.783404976999975,-22.075363436999965],[-64.783578252999973,-22.075271441999973],[-64.783757908999974,-22.075181034999957],[-64.783943807999947,-22.075092280999968],[-64.784135781999964,-22.075005263999969],[-64.784333664999963,-22.074920056999929],[-64.78453727599998,-22.074836738999977],[-64.784746520999988,-22.074755350999965],[-64.784961101999954,-22.074676013999976],[-64.785180802999946,-22.074598802999958],[-64.785405396999977,-22.074523802999977],[-64.785634652999988,-22.074451087999932],[-64.785868309999955,-22.074380742999949],[-64.786106102999952,-22.074312846999931],[-64.786347756999987,-22.074247476999972],[-64.786593637999943,-22.074184551999963],[-64.786842814999943,-22.074124319999953],[-64.787094981999985,-22.074066856999934],[-64.787349822999943,-22.07401223599993],[-64.787607019999939,-22.073960522999982],[-64.787866235999957,-22.073911787999975],[-64.788127136999947,-22.073866091999946],[-64.788389382999981,-22.073823495999932],[-64.788652636999984,-22.07378405399993],[-64.788916547999975,-22.073747818999948],[-64.789180769999973,-22.073714838999933],[-64.789444960999958,-22.073685154999964],[-64.789708770999937,-22.073658806999958],[-64.789971869999988,-22.073635829999944],[-64.790233919999935,-22.07361624999993],[-64.790494592999949,-22.073600094999961],[-64.79074946999998,-22.07358755599995],[-64.791002402999936,-22.073578366999982],[-64.791253099999949,-22.07357253899994],[-64.791501278999988,-22.073570076999943],[-64.791746653999951,-22.073570982999968],[-64.791988972999945,-22.073575257999948],[-64.792227983999965,-22.073582895999948],[-64.792463441999985,-22.073593889999927],[-64.792695014999936,-22.073608220999972],[-64.792922584999985,-22.073625880999941],[-64.793145941999967,-22.073646851999968],[-64.793364886999939,-22.073671117999936],[-64.79357921999997,-22.073698651999962],[-64.793788774999939,-22.07372943699994],[-64.793993382999986,-22.07376344499994],[-64.794192886999951,-22.073800650999942],[-64.794386494999969,-22.07384088799995],[-64.794574747999945,-22.073884243999942],[-64.794757520999951,-22.073930691999976],[-64.794934693999949,-22.073980200999927],[-64.795106146999956,-22.074032737999971],[-64.795271786999933,-22.074088272999973],[-64.795431517999987,-22.074146773999928],[-64.795585251999967,-22.074208209999938],[-64.795732860999976,-22.074272525999959],[-64.795874322999964,-22.074339709999947],[-64.796009566999942,-22.074409726999932],[-64.796138531999986,-22.074482548999981],[-64.796261157999936,-22.07455813699994],[-64.796377394999979,-22.07463646399998],[-64.796487196999976,-22.074717497999927],[-64.796590521999974,-22.074801204999972],[-64.796671533999984,-22.074873009999976],[-64.796750241999973,-22.074948784999947],[-64.796826646999932,-22.075028535999934],[-64.796900754999967,-22.075112265999962],[-64.796972567999944,-22.075199979999979],[-64.79704209199997,-22.075291682999932],[-64.797109330999945,-22.075387382999963],[-64.797174289999987,-22.075487082999928],[-64.797236969999972,-22.075590786999953],[-64.797297378999986,-22.075698507999959],[-64.797355522999965,-22.075810252999929],[-64.797411403999945,-22.075926030999938],[-64.797465028999966,-22.076045852999982],[-64.797516401999985,-22.076169727999968],[-64.79756552799995,-22.076297670999963],[-64.797612412999968,-22.076429692999966],[-64.797657024999978,-22.076565693999953],[-64.797699408999961,-22.076705797999978],[-64.797739570999966,-22.076850020999927],[-64.79777751599994,-22.076998383999978],[-64.797813246999965,-22.077150901999971],[-64.797846771999957,-22.077307602999952],[-64.797878095999977,-22.077468508999971],[-64.797907222999982,-22.077633648999949],[-64.797934153999961,-22.07780301799994],[-64.797958901999948,-22.077976680999939],[-64.797981468999978,-22.078154674999951],[-64.798001860999932,-22.078337039999951],[-64.798020083999972,-22.078523813999936],[-64.798036141999944,-22.078715052999939],[-64.798050038999975,-22.078910810999957],[-64.798061781999934,-22.079111151999939],[-64.798077595999985,-22.079486513999939],[-64.79808634699998,-22.079877671999952],[-64.798088052999958,-22.08028520199997],[-64.798082713999975,-22.080709900999977],[-64.798070336999956,-22.08115222999993],[-64.798050883999963,-22.081613973999936],[-64.79802428499994,-22.082096763999971],[-64.797990401999982,-22.082603176999953],[-64.797958209999933,-22.08302372199995],[-64.797921085999974,-22.083463997999957],[-64.797878737999952,-22.083927509999967],[-64.797830541999986,-22.08442111599993],[-64.797727325999972,-22.085404990999962],[-64.797532364999938,-22.087165271999936],[-64.79746148199996,-22.087821762999965],[-64.797393788999955,-22.088488932999951],[-64.797341211999935,-22.089064322999945],[-64.797320178999939,-22.089292162999982],[-64.797295869999971,-22.089520486999959],[-64.797268282999937,-22.089749317999974],[-64.797237413999937,-22.089978687999974],[-64.797203259999947,-22.090208620999931],[-64.797165814999971,-22.090439150999941],[-64.797125075999986,-22.090670308999961],[-64.797081033999973,-22.090902128999971],[-64.797033690999967,-22.091134622999959],[-64.796983031999957,-22.091367850999973],[-64.79692904999996,-22.091601848999971],[-64.796871736999947,-22.091836659999956],[-64.796811080999987,-22.092072320999932],[-64.79674707199996,-22.092308881999941],[-64.796679694999966,-22.09254638799996],[-64.796608938999952,-22.092784889999962],[-64.796534901999962,-22.09302407399997],[-64.796457460999932,-22.093264359999978],[-64.796376596999949,-22.09350580499995],[-64.79629228999994,-22.093748471999959],[-64.796204519999947,-22.093992421999928],[-64.796113256999945,-22.094237732999943],[-64.796018474999983,-22.094484479999949],[-64.795920139999964,-22.094732746999966],[-64.795818256999951,-22.094982525999967],[-64.795712751999986,-22.095234005999941],[-64.795603581999956,-22.095487286999969],[-64.795490697999981,-22.095742481999935],[-64.795374056999947,-22.095999693999943],[-64.795253588999969,-22.096259070999963],[-64.79512922899994,-22.096520753999982],[-64.79500090199997,-22.096784904999936],[-64.794788379999943,-22.097210618999952],[-64.79456519699994,-22.097643830999971],[-64.794330874999957,-22.098085467999965],[-64.794084772999952,-22.098536740999975],[-64.793826481999986,-22.098998423999944],[-64.793554620999942,-22.09947301099993],[-64.793267902999958,-22.099962748999928],[-64.792964330999951,-22.100471052999978],[-64.792706473999942,-22.100895820999938],[-64.792433849999952,-22.101339025999948],[-64.792143643999964,-22.101805254999931],[-64.791830254999979,-22.102303505999942],[-64.791241770999932,-22.103228682999941],[-64.789797978999957,-22.105481696999959],[-64.789406418999988,-22.106098584999927],[-64.789056411999979,-22.106655523999962],[-64.788687300999982,-22.107250502999932],[-64.788345592999974,-22.107810235999978],[-64.788025499999947,-22.108344209999927],[-64.78772401599997,-22.108857453999974],[-64.787409142999934,-22.109406257999979],[-64.787112168999954,-22.109938095999951],[-64.786831495999934,-22.110455826999953],[-64.78656605599997,-22.11096142699995],[-64.786438631999943,-22.111210478999965],[-64.786314715999936,-22.111457080999969],[-64.786194226999953,-22.111701395999944],[-64.786077096999975,-22.111943561999965],[-64.785963252999977,-22.112183727999934],[-64.785852649999981,-22.112421993999931],[-64.785745234999979,-22.112658470999975],[-64.785640962999935,-22.112893257999929],[-64.785540300999969,-22.113125263999962],[-64.785442672999977,-22.113355774999945],[-64.785348045999967,-22.113584866999929],[-64.785256387999937,-22.113812613999983],[-64.785167671999943,-22.114039090999938],[-64.785081873999957,-22.114264353999943],[-64.784998970999936,-22.114488464999965],[-64.78491894299998,-22.114711478999936],[-64.784841756999981,-22.114933489999942],[-64.784767410999962,-22.115154504999964],[-64.784695887999987,-22.115374571999951],[-64.784627173999979,-22.115593736999983],[-64.784561255999961,-22.115812042999949],[-64.784498121999945,-22.116029527999956],[-64.784437760999936,-22.116246229999945],[-64.78438016299998,-22.116462182999953],[-64.784325271999933,-22.116677608999964],[-64.784273132999942,-22.116892351999979],[-64.784223736999934,-22.117106444999934],[-64.784177074999945,-22.117319917999964],[-64.784133143999952,-22.117532799999935],[-64.784091935999982,-22.117745118999949],[-64.784053446999962,-22.117956898999978],[-64.784017671999948,-22.118168164999929],[-64.783984605999933,-22.118378954999969],[-64.783954247999986,-22.118589279999981],[-64.783926591999943,-22.118799158999934],[-64.783901636999985,-22.119008616999963],[-64.783879380999963,-22.11921767399997],[-64.783859821999954,-22.11942634899998],[-64.783842956999933,-22.119634660999964],[-64.783828784999969,-22.119842627999958],[-64.783815034999975,-22.120127761999981],[-64.783808068999974,-22.120428232999927],[-64.783807810999974,-22.120747029999961],[-64.783814251999956,-22.121090039999956],[-64.783824743999958,-22.121398302999978],[-64.783840367999971,-22.121742348999931],[-64.78384146999997,-22.121762009999941],[-64.826450297999941,-22.109641868999972],[-64.826449454999988,-22.109637753999948],[-64.826390025999956,-22.109333854999932],[-64.826332625999953,-22.109026300999972],[-64.826277328999936,-22.108715477999965],[-64.826224310999976,-22.108402429999956],[-64.826173518999951,-22.108086893999939],[-64.826125013999956,-22.107769248999944],[-64.826078853999945,-22.107449867999946],[-64.826035093999963,-22.107129132999944],[-64.825993779999976,-22.106807388999982],[-64.825954956999965,-22.106484988999966],[-64.825918666999939,-22.106162276999953],[-64.825884961999975,-22.105839730999946],[-64.825853859999938,-22.10551752799995],[-64.825825388999988,-22.105195985999956],[-64.825799576999941,-22.104875402999937],[-64.825776449999978,-22.104556087999981],[-64.825756023999986,-22.104238303999978],[-64.825738317999935,-22.10392232099997],[-64.825723345999961,-22.103608391999956],[-64.825711405999982,-22.103304928999933],[-64.82570207699996,-22.10300386199998],[-64.82569536799997,-22.10270540099998],[-64.825691279999944,-22.102409738999938],[-64.825689816999954,-22.102117076999946],[-64.825690979999933,-22.101827579999963],[-64.825694767999948,-22.101541415999975],[-64.825701178999964,-22.101258744999939],[-64.82571020599994,-22.100979806999931],[-64.825721845999965,-22.100704651999934],[-64.825736093999978,-22.100433417999966],[-64.825752941999951,-22.100166228999967],[-64.825772382999958,-22.099903216999962],[-64.825794408999968,-22.099644484999942],[-64.825819008999986,-22.099390140999958],[-64.82584617599997,-22.099140284999976],[-64.825875838999934,-22.09889547299997],[-64.825908036999977,-22.098655312999938],[-64.82594275799994,-22.098419892999971],[-64.825979992999976,-22.098189286999968],[-64.826019726999959,-22.097963575999927],[-64.82606194799996,-22.09774282099994],[-64.826106645999971,-22.097527089999971],[-64.826153805999979,-22.097316440999975],[-64.826203409999948,-22.097110963999967],[-64.826255448999973,-22.096910676999983],[-64.826309913999978,-22.096715630999938],[-64.826366787999973,-22.096525870999983],[-64.82642606099995,-22.09634144499995],[-64.826487718999942,-22.096162388999971],[-64.826551747999986,-22.095988740999928],[-64.826618135999979,-22.095820536999952],[-64.826699425999948,-22.095631191999928],[-64.826786908999964,-22.095446189999961],[-64.826880595999967,-22.09526550399994],[-64.826980502999959,-22.095089109999947],[-64.827086639999948,-22.094916980999983],[-64.82719902599996,-22.094749089999937],[-64.827317678999975,-22.094585410999969],[-64.827442617999964,-22.094425916999967],[-64.827573850999954,-22.094270595999944],[-64.827711414999953,-22.094119403999969],[-64.827855332999945,-22.093972311999948],[-64.828005633999965,-22.093829293999931],[-64.828162345999942,-22.09369032099994],[-64.828325503999963,-22.093555360999972],[-64.828495144999977,-22.09342438699997],[-64.828671306999979,-22.093297366999934],[-64.828853753999965,-22.093174449999935],[-64.829042792999985,-22.093055413999934],[-64.82923847099994,-22.092940226999929],[-64.829440845999954,-22.092828856999972],[-64.829649968999945,-22.092721274999974],[-64.829865912999935,-22.092617441999948],[-64.830088746999934,-22.092517323999971],[-64.830318549999959,-22.092420887999936],[-64.830555322999942,-22.092328128999952],[-64.83079923799994,-22.092238975999976],[-64.831050396999956,-22.092153390999954],[-64.831308913999976,-22.092071337999982],[-64.83157489499996,-22.091992778999952],[-64.831848492999939,-22.09191766999993],[-64.832129860999942,-22.091845969999952],[-64.832419165999966,-22.091777635999961],[-64.83266274999994,-22.091724016999933],[-64.832911926999941,-22.091672611999968],[-64.833166822999942,-22.091623392999963],[-64.833427576999952,-22.091576333999967],[-64.833694320999939,-22.091531409999959],[-64.833967249999944,-22.091488589999983],[-64.834246549999932,-22.09144784199998],[-64.834532440999965,-22.091409135999982],[-64.834824761999982,-22.091372485999955],[-64.835124164999968,-22.091337805999956],[-64.835430948999942,-22.091305060999957],[-64.835745472999974,-22.091274211999973],[-64.83606803899994,-22.091245228999981],[-64.836399215999961,-22.091218058999971],[-64.836739533999946,-22.091192658999944],[-64.837089662999972,-22.091168978999974],[-64.837706329999946,-22.091132697999967],[-64.838358365999966,-22.09110088999995],[-64.839052378999952,-22.091073224999946],[-64.839801026999965,-22.091049194999982],[-64.840496113999961,-22.091031126999951],[-64.841273901999955,-22.091014485999949],[-64.842055649999963,-22.091000299999962],[-64.844162839999967,-22.090965215999972],[-64.845363947999942,-22.090940702999944],[-64.846005095999942,-22.090924426999948],[-64.846603966999965,-22.090906492999977],[-64.847171609999975,-22.090886568999963],[-64.847713603999978,-22.090864453999927],[-64.848346563999939,-22.090834238999946],[-64.848952814999961,-22.090800256999955],[-64.849536200999978,-22.090762290999976],[-64.850099230999945,-22.090720174999944],[-64.850644660999933,-22.090673691999939],[-64.851173313999936,-22.090622763999932],[-64.851686497999935,-22.090567259999943],[-64.852185195999937,-22.090507076999927],[-64.852479564999953,-22.090468440999928],[-64.852769126999988,-22.090428041999928],[-64.853054027999974,-22.090385857999934],[-64.853334397999959,-22.090341871999954],[-64.853610368999966,-22.090296061999936],[-64.853882032999934,-22.090248411999937],[-64.854149490999987,-22.090198903999976],[-64.854412828999955,-22.090147523999974],[-64.854672210999979,-22.09009423699996],[-64.854927628999974,-22.09003904399998],[-64.855179154999973,-22.089981928999975],[-64.855426853999973,-22.089922878999971],[-64.855670787999941,-22.089861875999929],[-64.855911008999954,-22.089798909999956],[-64.856147566999937,-22.089733964999937],[-64.856380509999951,-22.08966702999993],[-64.856610171999932,-22.089598002999935],[-64.856836297999962,-22.08952695399995],[-64.857058922999954,-22.089453871999979],[-64.857278085999951,-22.089378744999976],[-64.857493820999935,-22.089301559999967],[-64.857706158999974,-22.089222306999943],[-64.857915128999934,-22.089140975999953],[-64.858120758999974,-22.089057552999975],[-64.858323090999988,-22.08897202299994],[-64.858522132999951,-22.088884381999947],[-64.858717908999949,-22.088794618999941],[-64.858910439999988,-22.088702723999972],[-64.859099747999949,-22.088608686999976],[-64.859285849999935,-22.088512498999933],[-64.859468765999964,-22.088414150999938],[-64.859648512999968,-22.088313632999927],[-64.859811576999959,-22.088218949999941],[-64.85997679899998,-22.088119656999936],[-64.860144520999938,-22.088015548999977],[-64.860315182999955,-22.087906354999973],[-64.860489069999971,-22.087791896999931],[-64.860667067999941,-22.08767159699994],[-64.860849976999987,-22.087544916999946],[-64.861038985999983,-22.087411032999967],[-64.861369234999984,-22.087170767999964],[-64.861733991999984,-22.086897885999974],[-64.862088923999977,-22.086627131999933],[-64.862986887999966,-22.085935951999943],[-64.863245040999971,-22.085739842999942],[-64.863478067999949,-22.085565281999948],[-64.86373795999998,-22.085374202999958],[-64.86398262199998,-22.085198562999949],[-64.864216554999985,-22.085035134999941],[-64.864442097999984,-22.084882289999939],[-64.864704657999937,-22.084710843999972],[-64.864959855999984,-22.084551513999941],[-64.865209335999964,-22.084403277999968],[-64.865454203999946,-22.084265479999942],[-64.865695696999978,-22.084137436999981],[-64.865815290999933,-22.084077018999949],[-64.865934223999943,-22.084018948999983],[-64.866052577999938,-22.083963186999938],[-64.866170405999981,-22.083909707999965],[-64.866287770999975,-22.083858482999972],[-64.866404725999985,-22.083809489999965],[-64.866512968999984,-22.083766434999973],[-64.866623275999984,-22.083725203999961],[-64.866735697999957,-22.083685774999935],[-64.86685029399996,-22.083648128999982],[-64.86696711999997,-22.083612247999952],[-64.867086256999983,-22.083578105999948],[-64.867207786999984,-22.083545679999929],[-64.867331797999952,-22.083514944999934],[-64.867458209999938,-22.083485916999962],[-64.867587316999959,-22.08345852399998],[-64.867719247999958,-22.083432737999942],[-64.867854159999979,-22.08340852799995],[-64.867992181999966,-22.083385869999972],[-64.868133568999951,-22.083364721999942],[-64.868278559999965,-22.083345045999977],[-64.868427458999975,-22.083326801999931],[-64.86867624599995,-22.083300334999933],[-64.868938134999951,-22.083277248999934],[-64.869215805999943,-22.083257301999936],[-64.86951457899994,-22.083240108999973],[-64.869778521999933,-22.083227834999946],[-64.870073237999975,-22.083216531999938],[-64.871060022999984,-22.083186126999976],[-64.871428456999979,-22.083173131999956],[-64.871793222999941,-22.08315676899997],[-64.872119913999938,-22.083137717999932],[-64.872295752999946,-22.08312525499997],[-64.872464571999956,-22.083111569999971],[-64.87262736699995,-22.083096583999975],[-64.87278480599997,-22.083080232999976],[-64.872937620999949,-22.083062437999956],[-64.873086060999981,-22.083043165999982],[-64.873230491999948,-22.083022371999959],[-64.873371195999937,-22.083000012999946],[-64.873523223999939,-22.082973331999938],[-64.873671246999947,-22.082944626999961],[-64.873815505999971,-22.082913853999969],[-64.873956196999984,-22.082880970999952],[-64.874093523999932,-22.082845926999937],[-64.874227600999973,-22.082808692999947],[-64.874358561999941,-22.082769232999965],[-64.874486517999969,-22.082727511999963],[-64.874611706999985,-22.082683446999965],[-64.874734072999956,-22.082637051999939],[-64.87485369999996,-22.082588295999983],[-64.874970655999959,-22.082537151999929],[-64.875085014999968,-22.082483584999977],[-64.875196826999968,-22.082427572999961],[-64.875306142999932,-22.082369089999929],[-64.875413010999978,-22.082308108999939],[-64.875544295999987,-22.082229008999946],[-64.875675928999954,-22.082146167999952],[-64.875807917999964,-22.082059580999953],[-64.875940274999948,-22.081969240999967],[-64.876073008999981,-22.081875140999955],[-64.876206132999982,-22.081777269999975],[-64.876339664999932,-22.081675618999952],[-64.876473619999956,-22.081570174999968],[-64.876607984999964,-22.081460948999961],[-64.876742809999939,-22.081347900999958],[-64.876878115999943,-22.081231012999979],[-64.87701392799994,-22.08111026399996],[-64.877150268999969,-22.08098563599998],[-64.877287173999946,-22.080857092999963],[-64.877424679999933,-22.080724604999943],[-64.877562826999963,-22.080588128999977],[-64.877700534999974,-22.080448774999979],[-64.87783897199995,-22.080305400999976],[-64.877978193999979,-22.080157949999943],[-64.878118271999938,-22.080006343999969],[-64.878259260999982,-22.079850526999962],[-64.87840128199997,-22.07969036399993],[-64.878544445999978,-22.079525730999933],[-64.878688893999936,-22.079356466999968],[-64.87883409799997,-22.079183210999929],[-64.878980943999977,-22.079004927999961],[-64.879280643999948,-22.078631963999953],[-64.879590569999948,-22.078234391999956],[-64.879917152999951,-22.077803967999955],[-64.880031538999958,-22.077649296999937],[-64.880145724999977,-22.077490742999942],[-64.880259667999951,-22.077328362999936],[-64.880373325999983,-22.077162216999966],[-64.880486656999949,-22.076992366999946],[-64.880599615999984,-22.076818879999962],[-64.880712160999963,-22.076641823999978],[-64.880824243999939,-22.076461268999935],[-64.880935829999942,-22.076277270999981],[-64.881046864999973,-22.076089922999927],[-64.881157303999942,-22.075899299999946],[-64.881267096999977,-22.075705482999979],[-64.881376202999945,-22.075508552999963],[-64.881484570999987,-22.075308594999967],[-64.881592154999964,-22.075105696999969],[-64.881698907999976,-22.07489994599996],[-64.88180482599995,-22.074691349999966],[-64.881909816999951,-22.074480082999969],[-64.882116833999987,-22.074049917999957],[-64.882319584999948,-22.073610226999961],[-64.882517699999937,-22.073161814999935],[-64.882710817999964,-22.072705500999973],[-64.882898578999971,-22.072242126999981],[-64.883080639999946,-22.071772546999966],[-64.883256667999945,-22.071297618999949],[-64.88342597999997,-22.070819256999982],[-64.883588663999944,-22.070337282999958],[-64.883744432999947,-22.069852546999982],[-64.88389301899997,-22.069365886999947],[-64.884034159999942,-22.06887815999994],[-64.884167633999937,-22.068390138999973],[-64.884293223999975,-22.067902613999934],[-64.884410736999939,-22.067416340999955],[-64.884519914999942,-22.06693241399995],[-64.884620688999973,-22.066451180999934],[-64.884712916999945,-22.06597332399997],[-64.884796474999973,-22.065499485999965],[-64.884871244999943,-22.065030328999967],[-64.884937144999981,-22.064566389999982],[-64.884994093999978,-22.064108230999977],[-64.885019191999959,-22.063881480999953],[-64.885042028999976,-22.063656366999965],[-64.885079440999959,-22.063229921999948],[-64.885108498999955,-22.062810110999976],[-64.885129174999975,-22.062397318999956],[-64.885141454999939,-22.061991901999932],[-64.885144439999976,-22.061792077999939],[-64.885145324999939,-22.06159422099995],[-64.885144105999984,-22.061398370999939],[-64.885140783999987,-22.061204563999979],[-64.885135360999982,-22.061012836999964],[-64.88512783699997,-22.060823221999954],[-64.885118212999942,-22.060635754999964],[-64.885106491999977,-22.060450466999953],[-64.885092681999936,-22.060267477999957],[-64.885076779999963,-22.060086725999952],[-64.88505878899997,-22.05990824099996],[-64.885038710999936,-22.059732050999969],[-64.885016551999968,-22.059558181999932],[-64.884992310999962,-22.059386659999973],[-64.88496599399997,-22.05921750899995],[-64.884937604999948,-22.059050752999951],[-64.884907148999957,-22.058886422999933],[-64.884874626999988,-22.058724531999928],[-64.884840045999965,-22.058565101999932],[-64.884803406999936,-22.058408152999959],[-64.884764718999975,-22.05825370499997],[-64.884723982999958,-22.058101775999944],[-64.884681205999982,-22.057952383999975],[-64.884636390999958,-22.057805544999951],[-64.884589670999958,-22.057661655999937],[-64.884540934999961,-22.05752033999994],[-64.884490187999972,-22.057381609999936],[-64.884437434999938,-22.057245482999974],[-64.884382681999966,-22.057111970999927],[-64.884325933999946,-22.05698108799993],[-64.884267197999975,-22.05685284599997],[-64.884206475999974,-22.056727257999967],[-64.884143777999952,-22.056604336999953],[-64.88407910799998,-22.056484091999948],[-64.88401246899997,-22.056366532999959],[-64.883943869999939,-22.056251668999948],[-64.883873315999949,-22.056139511999959],[-64.883800810999958,-22.056030068999974],[-64.883726360999958,-22.055923348999954],[-64.883649973999979,-22.055819360999976],[-64.883571669999981,-22.055718132999971],[-64.883491439999943,-22.055619650999972],[-64.883409288999985,-22.055523919999928],[-64.883325223999975,-22.055430949999959],[-64.883239249999974,-22.055340744999967],[-64.883151373999965,-22.055253311999934],[-64.883061599999962,-22.055168656999967],[-64.882969933999959,-22.055086784999958],[-64.882876384999975,-22.055007702999944],[-64.882780955999976,-22.054931412999963],[-64.882683652999958,-22.05485792099995],[-64.88258448199997,-22.054787230999978],[-64.882483447999959,-22.054719346999946],[-64.882380555999987,-22.054654271999937],[-64.882275812999978,-22.054592009999965],[-64.882169224999984,-22.054532565999978],[-64.882005923999941,-22.054447023999955],[-64.881834300999969,-22.05436220799993],[-64.88165474699997,-22.054278310999962],[-64.881467684999961,-22.054195530999948],[-64.881273545999932,-22.054114059999961],[-64.88107284299997,-22.054034112999943],[-64.880866088999937,-22.053955894999945],[-64.880653829999972,-22.053879611999946],[-64.880436544999952,-22.053805438999973],[-64.880214901999977,-22.05373360599998],[-64.87998950399998,-22.053664308999942],[-64.879760961999978,-22.053597735999972],[-64.879529902999934,-22.053534067999976],[-64.879296933999967,-22.05347347299994],[-64.879062671999975,-22.053416110999933],[-64.878827719999947,-22.053362130999972],[-64.878594404999944,-22.053312025999958],[-64.878361555999959,-22.053265507999981],[-64.878129721999983,-22.05322268499998],[-64.877899420999938,-22.053183653999952],[-64.877671187999965,-22.053148503999978],[-64.877445460999979,-22.053117300999929],[-64.877222686999971,-22.053090107999935],[-64.877003283999954,-22.053066974999979],[-64.876787932999946,-22.05304796799993],[-64.876576697999951,-22.053033082999946],[-64.876369918999956,-22.053022343999942],[-64.876167904999988,-22.053015768999956],[-64.875970973999983,-22.05301336499997],[-64.875779354999963,-22.053015134999953],[-64.875593294999987,-22.053021076999983],[-64.875413010999978,-22.053031184999952],[-64.875303750999933,-22.053040088999978],[-64.875194864999969,-22.05305175999996],[-64.875086338999949,-22.053066198999943],[-64.874978159999955,-22.053083406999974],[-64.874870313999963,-22.053103385999975],[-64.874762784999973,-22.05312614099995],[-64.874655559999951,-22.053151672999945],[-64.874548619999985,-22.053179985999975],[-64.874441959999956,-22.053211082999951],[-64.87433555399997,-22.05324496999998],[-64.874229382999943,-22.053281652999942],[-64.874123427999962,-22.053321137999944],[-64.874017670999933,-22.053363431999969],[-64.873912091999955,-22.053408544999968],[-64.873806667999986,-22.05345648399998],[-64.873701376999975,-22.053507259999947],[-64.873596347999978,-22.053560804999961],[-64.873491401999956,-22.053617202999931],[-64.873386517999961,-22.053676466999946],[-64.873281666999958,-22.053738611999961],[-64.873176821999948,-22.053803653999978],[-64.873071950999986,-22.053871612999956],[-64.872967022999944,-22.053942508999967],[-64.872862001999977,-22.054016365999928],[-64.872756889999948,-22.054093181999974],[-64.872651609999934,-22.054173011999978],[-64.872546123999939,-22.054255883999929],[-64.872440384999948,-22.054341834999946],[-64.872334351999939,-22.054430896999975],[-64.872227966999958,-22.054523118999953],[-64.872121175999951,-22.05461854999993],[-64.872013916999947,-22.05471724299997],[-64.871835927999939,-22.054887199999939],[-64.871656149999978,-22.055066509999961],[-64.871474200999955,-22.055255554999974],[-64.871289589999947,-22.055454840999971],[-64.871101992999968,-22.055664706999949],[-64.870910441999968,-22.05588622099998],[-64.870714063999969,-22.056120390999979],[-64.870511576999945,-22.056368745999976],[-64.87033691399995,-22.056588083999941],[-64.870155416999978,-22.056820497999979],[-64.86996524999995,-22.057068331999972],[-64.86976290399997,-22.057336155999963],[-64.869377407999934,-22.057855183999948],[-64.868657796999969,-22.058836785999972],[-64.868367327999977,-22.059230557999967],[-64.868067020999945,-22.059632283999974],[-64.867794704999937,-22.059989739999935],[-64.867486706999955,-22.060383951999938],[-64.867339129999948,-22.060568407999938],[-64.867194856999959,-22.060745654999948],[-64.867053163999969,-22.060916578999979],[-64.866913819999979,-22.061081449999961],[-64.866776468999944,-22.061240690999966],[-64.866640836999977,-22.06139461999993],[-64.866479003999984,-22.061573801999941],[-64.866318971999988,-22.06174602699997],[-64.866160434999983,-22.061911625999983],[-64.866003148999937,-22.062070851999977],[-64.865846847999933,-22.062223972999959],[-64.865691391999974,-22.062371121999945],[-64.865536612999961,-22.062512459999937],[-64.865382368999974,-22.062648115999934],[-64.86522832199995,-22.062778375999983],[-64.865074562999951,-22.062903153999969],[-64.864920982999934,-22.063022536999938],[-64.864767486999938,-22.063136598999961],[-64.864613975999987,-22.063245412999947],[-64.864460382999937,-22.063349027999948],[-64.864306630999977,-22.063447492999956],[-64.864152654999941,-22.063540849999981],[-64.863914005999959,-22.063679948999948],[-64.863672283999961,-22.063817788999927],[-64.863427510999941,-22.063954355999954],[-64.863179707999961,-22.064089638999974],[-64.862928899999986,-22.064223624999954],[-64.862675109999941,-22.064356301999965],[-64.862418365999986,-22.064487652999958],[-64.862158694999948,-22.064617665999947],[-64.861896107999939,-22.064746334999938],[-64.861630653999953,-22.064873635999959],[-64.861362360999976,-22.06499955399994],[-64.861091262999935,-22.065124074999972],[-64.860817392999934,-22.065247183999929],[-64.86054078799998,-22.065368861999957],[-64.860261485999956,-22.065489093999929],[-64.859979528999986,-22.065607861999979],[-64.859694751999939,-22.065725231999977],[-64.859407400999942,-22.065841099999943],[-64.859117520999973,-22.065955447999954],[-64.85882516099997,-22.066068256999927],[-64.858530368999936,-22.066179507999948],[-64.858233199999972,-22.066289179999956],[-64.857933711999976,-22.066397251999945],[-64.85763196299996,-22.066503703999956],[-64.857327974999976,-22.066608524999936],[-64.857021853999981,-22.066711680999958],[-64.856713665999962,-22.066813147999937],[-64.856403484999987,-22.066912901999956],[-64.856091378999963,-22.067010920999962],[-64.855777435999983,-22.067107177999958],[-64.855461735999938,-22.067201646999933],[-64.855144370999938,-22.067294301999937],[-64.854818171999966,-22.067385887999933],[-64.854487565999932,-22.067473810999957],[-64.854152403999933,-22.067558106999968],[-64.853812519999963,-22.067638819999956],[-64.853467760999933,-22.067715986999929],[-64.853117896999947,-22.06778965899997],[-64.852762709999979,-22.067859882999983],[-64.852401945999986,-22.067926708999948],[-64.852035813999976,-22.067990105999968],[-64.851663525999982,-22.068050221999954],[-64.851284733999933,-22.068107108999982],[-64.850899020999975,-22.068160831999933],[-64.850506043999985,-22.06821144099996],[-64.850105134999978,-22.068259023999929],[-64.849695675999953,-22.06830365299993],[-64.849276884999938,-22.068345414999953],[-64.848909551999952,-22.068379017999973],[-64.84853398599995,-22.068410642999936],[-64.848149380999985,-22.06844035499995],[-64.847754676999955,-22.068468239999959],[-64.847349210999937,-22.068494346999955],[-64.846930757999985,-22.068518824999956],[-64.846497306999936,-22.068541794999931],[-64.846045766999964,-22.06856341699995],[-64.845280503999959,-22.068595505999951],[-64.844426099999964,-22.068626058999939],[-64.843615690999968,-22.068651591999981],[-64.841748031999941,-22.068706748999944],[-64.840862849999951,-22.068735591999939],[-64.840085931999965,-22.068764740999939],[-64.839379872999984,-22.068795681999973],[-64.839128853999966,-22.068808674999957],[-64.838871577999953,-22.06882415299998],[-64.838607495999952,-22.068842149999966],[-64.838335883999946,-22.068862714999966],[-64.838056273999939,-22.068885877999946],[-64.837767176999932,-22.068911759999935],[-64.837467233999973,-22.06894048099997],[-64.837154388999977,-22.068972238999947],[-64.836611486999971,-22.069031033999977],[-64.836004464999974,-22.069101065999973],[-64.835414284999956,-22.069172058999982],[-64.833933872999978,-22.069353485999955],[-64.833140336999975,-22.06944700899993],[-64.832730353999978,-22.069492848999971],[-64.832346616999985,-22.069533681999928],[-64.831982363999941,-22.069570225999939],[-64.831634087999987,-22.06960283199993],[-64.831246638999971,-22.069636041999956],[-64.830874184999971,-22.069664540999952],[-64.830514541999946,-22.069688491999955],[-64.830166242999951,-22.069707994999931],[-64.829827675999979,-22.069723130999932],[-64.829498310999952,-22.06973391799994],[-64.829177350999942,-22.069740382999953],[-64.828864181999961,-22.069742535999978],[-64.828665556999965,-22.069741635999947],[-64.828469842999937,-22.06973893299994],[-64.828276923999965,-22.069734427999947],[-64.82808670299994,-22.069728116999954],[-64.827899075999937,-22.069719996999936],[-64.827713967999955,-22.069710063999935],[-64.827531302999944,-22.069698313999936],[-64.827351012999941,-22.069684743999971],[-64.827172968999946,-22.069669341999941],[-64.826997175999963,-22.069652106999968],[-64.82682357799996,-22.069633033999935],[-64.826652124999953,-22.069612117999952],[-64.82648276499998,-22.06958935199998],[-64.826315457999954,-22.069564729999968],[-64.826150163999955,-22.069538246999969],[-64.825986842999953,-22.069509896999932],[-64.825825226999939,-22.069479626999964],[-64.825665520999962,-22.069447472999968],[-64.825507693999953,-22.069413424999937],[-64.825351715999943,-22.069377479999957],[-64.825197556999967,-22.069339629999945],[-64.825045192999937,-22.069299868999963],[-64.824894599999936,-22.069258189999971],[-64.824745753999935,-22.069214586999976],[-64.824598618999971,-22.069169048999981],[-64.824453188999939,-22.069121573999951],[-64.824309443999937,-22.069072154999958],[-64.824167365999983,-22.069020786999943],[-64.824026935999939,-22.068967460999943],[-64.823888137999973,-22.068912172999944],[-64.82375095499998,-22.068854915999964],[-64.823615373999985,-22.068795681999973],[-64.823476915999947,-22.068731757999956],[-64.823338684999953,-22.068663812999944],[-64.823200623999981,-22.068591820999927],[-64.823062671999935,-22.068515748999971],[-64.822924773999944,-22.068435566999938],[-64.822786845999985,-22.068351227999983],[-64.82264881499998,-22.068262685999969],[-64.822510593999937,-22.068169886999954],[-64.822372229999985,-22.068072866999955],[-64.82223348399998,-22.067971462999935],[-64.822094245999949,-22.067865598999958],[-64.821954390999963,-22.067755176999981],[-64.82181381099997,-22.067640112999982],[-64.821672315999933,-22.06752025399993],[-64.821529734999956,-22.06739545399995],[-64.821385858999975,-22.067265531999965],[-64.821248477999973,-22.067137841999966],[-64.821109495999963,-22.067005166999934],[-64.820968646999972,-22.066867254999977],[-64.820825591999949,-22.066723774999957],[-64.820680100999937,-22.066574499999945],[-64.820531516999949,-22.066418763999934],[-64.820379250999963,-22.066255945999956],[-64.820222442999977,-22.066085130999966],[-64.819929392999938,-22.065758379999977],[-64.819607173999941,-22.065389909999965],[-64.819282265999959,-22.065011555999945],[-64.818405517999963,-22.063981861999935],[-64.81813912299998,-22.063673618999928],[-64.817898442999933,-22.063399576999927],[-64.817621474999953,-22.063091029999953],[-64.817360100999963,-22.062807969999938],[-64.817109263999953,-22.062544922999962],[-64.816866371999936,-22.062299182999936],[-64.816717782999945,-22.062153549999948],[-64.816571146999934,-22.062013516999968],[-64.816426150999973,-22.061878785999966],[-64.816282547999947,-22.061749128999963],[-64.816140066999935,-22.061624300999938],[-64.815998568999987,-22.061504183999944],[-64.815857886999936,-22.061388634999958],[-64.81571787699994,-22.061277534999931],[-64.815578199999948,-22.061170625999978],[-64.815438950999976,-22.06106798899998],[-64.815300020999985,-22.060969541999953],[-64.815161318999969,-22.060875221999936],[-64.81502274099995,-22.060784957999942],[-64.814884225999947,-22.060698711999976],[-64.814745697999967,-22.060616434999929],[-64.814607090999971,-22.060538088999976],[-64.814428207999981,-22.060442304999981],[-64.814245437999944,-22.060349910999946],[-64.814058712999952,-22.060260872999947],[-64.813867955999967,-22.060175150999953],[-64.813673091999988,-22.060092716999975],[-64.813474016999976,-22.060013520999973],[-64.813270628999987,-22.059937525999942],[-64.813062810999952,-22.05986468499998],[-64.812850632999982,-22.059795018999978],[-64.812633758999937,-22.059728409999934],[-64.812412030999951,-22.059664809999958],[-64.812185262999947,-22.05960416299996],[-64.811953291999941,-22.05954642699993],[-64.811715830999958,-22.059491528999956],[-64.811472610999942,-22.059439406999957],[-64.811223302999963,-22.059389987999964],[-64.810975574999986,-22.059344614999929],[-64.810721365999939,-22.05930163499994],[-64.81046020399998,-22.059260968999979],[-64.810191476999933,-22.059222520999981],[-64.809914770999967,-22.059186226999941],[-64.809628868999937,-22.059151920999966],[-64.809332658999949,-22.059119471999963],[-64.809024508999983,-22.059088696999936],[-64.80873861799995,-22.059062555999958],[-64.808439412999974,-22.059037374999946],[-64.808124060999944,-22.059012911999957],[-64.80778715799994,-22.05898874899998],[-64.807124151999972,-22.058945580999932],[-64.805860544999973,-22.05886987599996],[-64.805347775999962,-22.058837797999956],[-64.804817338999953,-22.058801557999971],[-64.804343568999968,-22.058765242999982],[-64.804068661999963,-22.058741960999953],[-64.803805393999937,-22.058717856999976],[-64.803551930999959,-22.058692760999975],[-64.80330706899997,-22.058666554999945],[-64.803069486999959,-22.058639092999954],[-64.802838777999966,-22.058610324999961],[-64.802614307999988,-22.058580167999935],[-64.802395591999982,-22.058548558999973],[-64.802128165999932,-22.058506670999975],[-64.80186849599994,-22.058462286999941],[-64.801616003999982,-22.058415307999951],[-64.801370243999941,-22.058365649999928],[-64.801130735999948,-22.058313214999941],[-64.800897241999962,-22.058257947999948],[-64.800669468999956,-22.058199779999939],[-64.800447175999977,-22.058138648999943],[-64.800229818999981,-22.058074394999949],[-64.800017553999965,-22.058007053999972],[-64.799810209999976,-22.057936570999971],[-64.799607640999966,-22.057862897999939],[-64.799409695999941,-22.05778597799997],[-64.799216275999981,-22.057705771999963],[-64.799027272999979,-22.057622235999929],[-64.798842591999971,-22.057535326999982],[-64.798579393999944,-22.057404204999955],[-64.798318061999964,-22.057267260999936],[-64.798058565999952,-22.05712448099996],[-64.797800880999944,-22.056975847999979],[-64.797544977999962,-22.056821348999961],[-64.797290825999937,-22.056660963999946],[-64.797038394999959,-22.056494672999975],[-64.796787653999957,-22.056322456999965],[-64.796538587999976,-22.056144305999965],[-64.796291144999941,-22.055960182999968],[-64.796045284999934,-22.055770060999976],[-64.795800972999984,-22.055573910999954],[-64.795558172999961,-22.055371702999935],[-64.795316839999941,-22.055163402999938],[-64.795076932999962,-22.054948971999977],[-64.79483840499995,-22.054728371999943],[-64.794601536999949,-22.054501873999982],[-64.794365949999985,-22.05426913499997],[-64.794131591999985,-22.054030100999967],[-64.793898411999976,-22.053784719999953],[-64.793666354999971,-22.053532935999954],[-64.793435356999964,-22.053274679999959],[-64.793205354999941,-22.053009877999955],[-64.79297627699998,-22.05273845399995],[-64.792748130999939,-22.052460413999938],[-64.792520761999981,-22.052175576999957],[-64.792294086999959,-22.05188383899997],[-64.792068017999952,-22.051585085999932],[-64.791842472999974,-22.051279210999951],[-64.791617334999955,-22.050966055999936],[-64.791392495999958,-22.050645469999949],[-64.791167831999985,-22.050317276999976],[-64.790986962999966,-22.050047345999928],[-64.790806046999933,-22.049772244999929],[-64.790625002999946,-22.049491853999939],[-64.790443742999969,-22.049206033999951],[-64.790262186999939,-22.048914657999944],[-64.790080212999953,-22.048617534999948],[-64.789897708999945,-22.048314479999931],[-64.789714545999971,-22.048005277999948],[-64.789530827999954,-22.047690116999945],[-64.789346154999976,-22.04736831699995],[-64.789160354999979,-22.047039581999968],[-64.788973221999981,-22.046703548999972],[-64.788784590999967,-22.046359919999929],[-64.78859413899994,-22.046008111999981],[-64.788401572999987,-22.045647579999979],[-64.788206522999985,-22.045277631999966],[-64.787876389999951,-22.04464110899994],[-64.787535640999977,-22.043971424999938],[-64.787180913999975,-22.043261988999973],[-64.786805716999936,-22.042499828999951],[-64.786472704999937,-22.041814947999967],[-64.78610490799997,-22.041051427999946],[-64.784857565999971,-22.03843911599995],[-64.78437751499996,-22.037439486999972],[-64.783887733999961,-22.036432125999966],[-64.783443914999964,-22.035535118999974],[-64.783191188999979,-22.035032684999976],[-64.78294636399994,-22.034552570999949],[-64.782707836999975,-22.034091630999967],[-64.782474525999987,-22.033647775999953],[-64.78224522499994,-22.033218727999952],[-64.78201953699994,-22.032803756999954],[-64.781796856999961,-22.032401747999927],[-64.781576713999982,-22.032011853999961],[-64.781362576999982,-22.031633588999966],[-64.781148917999985,-22.031250743999976],[-64.78093565599994,-22.030863171999954],[-64.780722700999945,-22.030470708999928],[-64.780509970999958,-22.030073207999976],[-64.780297351999934,-22.029670451999948],[-64.780084731999978,-22.02926223299994],[-64.779871990999936,-22.028848315999937],[-64.779659186999936,-22.028428826999971],[-64.779445985999985,-22.028003110999975],[-64.77923223099998,-22.027570856999944],[-64.779017743999987,-22.027131702999952],[-64.778802368999948,-22.026685333999978],[-64.778585846999988,-22.026231208999945],[-64.778367931999981,-22.025768819999939],[-64.778148335999958,-22.025297549999948],[-64.777930513999934,-22.024824947999946],[-64.777710387999946,-22.024342300999933],[-64.777261475999978,-22.023343023999928],[-64.776797545999955,-22.022290708999947],[-64.776311186999976,-22.021168560999968],[-64.77584567699995,-22.02007909699995],[-64.775334871999974,-22.018869896999945],[-64.77481858699997,-22.017637474999958],[-64.773424766999938,-22.014297125999974],[-64.773000698999965,-22.013287921999961],[-64.772617586999957,-22.012383019999959],[-64.772175414999936,-22.011349119999977],[-64.771757973999968,-22.010385566999958],[-64.77135709099997,-22.009473508999974],[-64.770968578999941,-22.008603428999947],[-64.770729655999958,-22.008075636999934],[-64.770493723999948,-22.007560179999928],[-64.770260271999973,-22.007055935999972],[-64.770028890999981,-22.006562025999983],[-64.76979913699995,-22.006077503999961],[-64.769570782999949,-22.005601890999969],[-64.769343547999938,-22.005134606999945],[-64.769117196999957,-22.004675166999959],[-64.768891173999975,-22.00422245599998],[-64.768665629999987,-22.003776788999971],[-64.768440388999977,-22.003337815999942],[-64.768215293999958,-22.002905236999936],[-64.767990180999959,-22.002478733999965],[-64.76776493999995,-22.002058098999953],[-64.767539448999969,-22.001643104999971],[-64.767313596999941,-22.001233548999949],[-64.767163081999968,-22.000964686999964],[-64.767009302999952,-22.000694080999949],[-64.766691650999974,-22.000147125999945],[-64.766359995999949,-21.999591566999982],[-64.766013473999976,-21.999025957999947],[-64.765651525999942,-21.998449360999928],[-64.765272337999988,-21.997858856999983],[-64.76487422699995,-21.997251824999978],[-64.764454625999974,-21.996624346999965],[-64.764088197999968,-21.99608524599995],[-64.763701701999935,-21.99552423199998],[-64.763291275999961,-21.994935694999981],[-64.762849347999975,-21.994308775999968],[-64.762450147999971,-21.993747250999945],[-64.762004334999972,-21.993124145999957],[-64.760452422999947,-21.990968041999963],[-64.759846692999986,-21.990123100999938],[-64.759232905999966,-21.989259448999974],[-64.758686044999934,-21.988480397999979],[-64.758378827999934,-21.988037584999972],[-64.758085239999957,-21.987610256999972],[-64.75780337599997,-21.987195645999975],[-64.757531977999975,-21.986791896999932],[-64.75726967199995,-21.986396958999933],[-64.757016025999974,-21.98601016899994],[-64.756770372999938,-21.985630513999979],[-64.756532208999943,-21.985257209999929],[-64.756253932999982,-21.984813852999935],[-64.755985314999975,-21.98437776399993],[-64.755725823999967,-21.983948078999958],[-64.755475042999933,-21.983524108999973],[-64.755232532999969,-21.983105103999947],[-64.754998070999932,-21.982690676999937],[-64.754771387999938,-21.982280350999929],[-64.754552262999937,-21.981873727999982],[-64.754340216999935,-21.981469892999939],[-64.754135380999969,-21.98106908099993],[-64.753937604999976,-21.980670991999943],[-64.753746758999966,-21.980275366999933],[-64.753562709999983,-21.97988192899993],[-64.753385373999947,-21.979490493999947],[-64.753214656999944,-21.979100857999981],[-64.753050479999956,-21.978712836999932],[-64.752927615999965,-21.978414010999927],[-64.752806372999942,-21.978112790999944],[-64.752686738999955,-21.977809147999949],[-64.752568701999962,-21.97750304799996],[-64.752452245999962,-21.977194456999939],[-64.752337357999977,-21.976883335999958],[-64.752224024999975,-21.976569646999963],[-64.752112228999977,-21.976253348999933],[-64.752001967999945,-21.97593442699997],[-64.751893213999949,-21.975612807999937],[-64.751785951999977,-21.975288444999933],[-64.751680164999982,-21.974961287999975],[-64.751575837999951,-21.974631285999976],[-64.751472949999936,-21.974298380999983],[-64.751371484999936,-21.973962512999947],[-64.751271420999956,-21.97362361699993],[-64.751172870999937,-21.973282085999983],[-64.751075679999985,-21.972937397999942],[-64.750979825999934,-21.972589477999975],[-64.75088528699996,-21.972238245999961],[-64.750792041999944,-21.97188362299994],[-64.750700064999933,-21.971525509999935],[-64.750609329999975,-21.971163806999982],[-64.750519809999957,-21.970798407999951],[-64.75034435799995,-21.970056291999981],[-64.750173407999966,-21.969297903999973],[-64.750006694999968,-21.968522075999942],[-64.749843900999963,-21.967727318999948],[-64.749707909999984,-21.96703335899997],[-64.74957425499997,-21.96632306999993],[-64.749442648999946,-21.96559493999996],[-64.749312733999943,-21.964846977999969],[-64.749184279999952,-21.964077939999981],[-64.749056579999944,-21.96328363899994],[-64.74892902199997,-21.962460287999932],[-64.748800703999962,-21.96160206199994],[-64.748697385999947,-21.96088980199994],[-64.748591983999972,-21.960144602999947],[-64.748483394999937,-21.959358687999952],[-64.748369480999941,-21.958516596999971],[-64.74816492399998,-21.956968888999938],[-64.747697590999962,-21.95337624299998],[-64.747467079999979,-21.951648658999943],[-64.747357004999969,-21.950847585999952],[-64.747250877999932,-21.950093154999934],[-64.747147154999936,-21.949374392999971],[-64.747044956999957,-21.948685222999927],[-64.746816055999943,-21.947185827999931],[-64.746569252999961,-21.945612944999937],[-64.746301994999953,-21.943950259999951],[-64.746009207999975,-21.942166189999966],[-64.745741620999979,-21.940561505999938],[-64.745439613999963,-21.938771637999935],[-64.744359347999932,-21.932439039999963],[-64.743929854999976,-21.92990230099997],[-64.743705514999988,-21.928562219999947],[-64.743497415999968,-21.927306266999949],[-64.743301779999967,-21.926111642999956],[-64.743116695999959,-21.924966649999931],[-64.742906805999951,-21.923647593999931],[-64.742708318999973,-21.922376466999935],[-64.742520007999985,-21.921145392999961],[-64.742341070999942,-21.919949134999968],[-64.74217065199997,-21.918781904999946],[-64.742008490999979,-21.917641880999952],[-64.74185418899998,-21.91652623799996],[-64.741707443999985,-21.915432814999974],[-64.741534423999951,-21.914095700999951],[-64.741372407999961,-21.912787299999934],[-64.741221081999981,-21.911505045999945],[-64.741080205999936,-21.910246924999967],[-64.740949542999942,-21.909010762999969],[-64.740828979999947,-21.90779546999994],[-64.740718383999933,-21.906599708999977],[-64.740617652999958,-21.90542236999994],[-64.740570896999941,-21.90483949399993],[-64.740526583999952,-21.904260869999973],[-64.740484704999972,-21.903686390999951],[-64.740445251999972,-21.903115955999965],[-64.74040821899996,-21.902549460999978],[-64.740373600999988,-21.901986824999938],[-64.740341391999948,-21.901427959999978],[-64.740311586999951,-21.900872787999958],[-64.740284178999957,-21.900321181999971],[-64.740259168999955,-21.899773116999938],[-64.740236551999942,-21.899228525999945],[-64.740216327999974,-21.898687343999939],[-64.740198490999944,-21.898149499999931],[-64.740183041999956,-21.897614942999951],[-64.740169977999983,-21.897083610999971],[-64.74015929799998,-21.896555453999952],[-64.74015025999995,-21.895974929999966],[-64.740144135999969,-21.895398157999978],[-64.740140924999935,-21.894825071999946],[-64.740140627999949,-21.894255610999949],[-64.740143243999967,-21.893689711999968],[-64.740148771999941,-21.893127325999956],[-64.740157213999964,-21.89256839799998],[-64.74016856999998,-21.892012875999967],[-64.740182842999957,-21.891460687999938],[-64.740200031999962,-21.890911810999967],[-64.740220139999963,-21.890366200999949],[-64.740243167999949,-21.889823815999932],[-64.740269117999958,-21.889284609999947],[-64.740297989999988,-21.888748548999956],[-64.74032978799994,-21.888215591999938],[-64.740364515999943,-21.887685703999978],[-64.740402181999968,-21.887158715999931],[-64.740442781999946,-21.886634728999979],[-64.740486318999956,-21.886113709999961],[-64.740532795999968,-21.885595627999976],[-64.740582213999971,-21.885080450999965],[-64.74063457699998,-21.884568151999929],[-64.740689886999974,-21.884058700999958],[-64.740748147999966,-21.883552073999965],[-64.740809363999972,-21.883048229999929],[-64.74087353699997,-21.882547156999976],[-64.740940669999986,-21.882048828999928],[-64.741010765999988,-21.881553222999969],[-64.741083827999944,-21.881060315999946],[-64.741159859999982,-21.880570084999931],[-64.741238864999957,-21.880082509999966],[-64.741320845999951,-21.87959756999993],[-64.741405900999951,-21.879114724999965],[-64.741493944999945,-21.87863447999996],[-64.741584981999949,-21.878156815999944],[-64.741679014999988,-21.877681715999927],[-64.741776049999942,-21.87720915999995],[-64.74187608799997,-21.876739131999955],[-64.741979132999973,-21.876271614999951],[-64.742085188999965,-21.875806591999947],[-64.742194260999952,-21.875344043999974],[-64.742306350999968,-21.874883958999931],[-64.742421462999971,-21.874426321999977],[-64.742539599999986,-21.873971119999965],[-64.742660765999972,-21.87351833799994],[-64.742784965999988,-21.873067961999936],[-64.742912201999957,-21.872619978999978],[-64.74304247799995,-21.872174375999975],[-64.743175806999943,-21.871731108999938],[-64.743312183999933,-21.871290196999951],[-64.74345161399998,-21.870851628999958],[-64.74359409799996,-21.870415392999973],[-64.743739640999934,-21.869981476999953],[-64.743888247999962,-21.869549869999958],[-64.744039919999977,-21.869120562999967],[-64.744194661999984,-21.868693544999928],[-64.744352479999975,-21.868268801999932],[-64.744513373999951,-21.867846326999938],[-64.74467735099995,-21.867426110999929],[-64.744844410999974,-21.867008144999943],[-64.745014559999959,-21.866592417999982],[-64.745187800999986,-21.86617892299995],[-64.745364138999946,-21.865767649999952],[-64.745543575999932,-21.865358590999961],[-64.74583464899996,-21.864699320999932],[-64.746160595999982,-21.863955067999939],[-64.747250083999973,-21.861449193999931],[-64.747662565999974,-21.860504250999952],[-64.748063780999985,-21.859592551999981],[-64.748431765999953,-21.858765348999952],[-64.748882244999947,-21.857767416999934],[-64.74931074899996,-21.856835915999966],[-64.749519369999973,-21.856389399999955],[-64.749724886999957,-21.855954316999942],[-64.749927798999977,-21.855529614999966],[-64.750128482999969,-21.855114501999935],[-64.750350721999951,-21.854660705999947],[-64.750570970999945,-21.854217268999946],[-64.750789562999955,-21.853783518999933],[-64.751006765999932,-21.853358926999931],[-64.75122287399995,-21.852942919999975],[-64.751438037999947,-21.85253520599997],[-64.751652446999969,-21.852135433999933],[-64.751866253999935,-21.85174331099995],[-64.75207983599995,-21.85135816199994],[-64.752293087999988,-21.850980182999933],[-64.752506130999961,-21.850609162999945],[-64.752542451999943,-21.850547030999962],[-64.752533234999987,-21.850499673999934],[-64.752462403999971,-21.850112392999961],[-64.752393575999974,-21.849711974999934],[-64.752340432999972,-21.84938524699993],[-64.752288327999963,-21.849049018999949],[-64.752237149999985,-21.848702560999982],[-64.752186753999979,-21.848344904999976],[-64.752137050999977,-21.84797544099996],[-64.752087760999984,-21.847592146999943],[-64.751989364999986,-21.846775710999964],[-64.751908988999958,-21.846059336999929],[-64.751823607999938,-21.845255198999951],[-64.751744556999938,-21.844480515999976],[-64.751555808999967,-21.842595853999967],[-64.751455183999951,-21.841625423999972],[-64.751352079999947,-21.840688356999976],[-64.751252302999944,-21.839848393999944],[-64.75119863499998,-21.839425018999975],[-64.751144520999958,-21.839017965999972],[-64.751089685999943,-21.83862518199993],[-64.751033932999974,-21.838245252999968],[-64.750977030999934,-21.837876632999951],[-64.750918890999969,-21.837518773999932],[-64.750859384999956,-21.837170885999967],[-64.75079840799998,-21.836832355999945],[-64.750647407999963,-21.836025879999966],[-64.750492046999966,-21.835216920999983],[-64.750332311999955,-21.834405409999931],[-64.750168186999986,-21.833591271999978],[-64.749999659999958,-21.832774437999944],[-64.749826711999958,-21.831954819999964],[-64.74964932599994,-21.831132335999939],[-64.749467482999933,-21.830306900999972],[-64.749281174999965,-21.829478475999963],[-64.749090370999966,-21.828646915999968],[-64.748895045999973,-21.827812123999934],[-64.748695178999981,-21.826973997999971],[-64.74849074499997,-21.826132439999981],[-64.748281713999972,-21.825287328999934],[-64.74806805999998,-21.824438549999968],[-64.747849749999943,-21.823585980999951],[-64.747626940999965,-21.822730212999943],[-64.747399415999951,-21.821870396999941],[-64.747167138999941,-21.821006394999927],[-64.746930069999962,-21.820138055999962],[-64.746688168999981,-21.819265237999957],[-64.746441386999948,-21.818387761999929],[-64.746189673999936,-21.817505454999946],[-64.745932978999974,-21.816618129999938],[-64.745671292999987,-21.815725752999981],[-64.745404506999932,-21.814827956999977],[-64.745132556999977,-21.813924521999979],[-64.744855371999961,-21.813015209999946],[-64.744572882999933,-21.812099798999952],[-64.744284997999955,-21.811177991999955],[-64.743991630999972,-21.810249503999955],[-64.743692679999981,-21.809314020999977],[-64.743383245999951,-21.808356457999935],[-64.743067822999933,-21.807390959999964],[-64.74274627799997,-21.80641712399995],[-64.742418461999932,-21.805434498999944],[-64.742084238999951,-21.80444267699994],[-64.741743404999966,-21.803441050999936],[-64.741395765999982,-21.802429048999954],[-64.741041095999947,-21.801406016999977],[-64.740679548999935,-21.800372380999931],[-64.740310460999979,-21.799326230999952],[-64.739933527999938,-21.798266701999978],[-64.739548383999988,-21.797192767999945],[-64.739154720999977,-21.796103564999953],[-64.738751972999978,-21.794997527999953],[-64.738339609999969,-21.79387320099994],[-64.737916975999951,-21.792728789999956],[-64.737524297999983,-21.791672181999957],[-64.737121876999936,-21.790595556999961],[-64.736708934999967,-21.789496835999955],[-64.736284460999968,-21.788373331999935],[-64.735396862999949,-21.786041228999977],[-64.734444089999954,-21.783559843999967],[-64.733543189999978,-21.781230214999937],[-64.732539152999948,-21.778648186999931],[-64.731528003999983,-21.776058169999942],[-64.728839263999987,-21.769184023999969],[-64.728039529999933,-21.767133121999962],[-64.72732328099994,-21.76529020199996],[-64.726512009999965,-21.76319340799995],[-64.725757718999944,-21.761232588999974],[-64.725045848999969,-21.759369885999945],[-64.724369043999957,-21.757586032999939],[-64.72356677199997,-21.755452501999969],[-64.722803005999936,-21.75339923699994],[-64.722433791999947,-21.752397942999949],[-64.722072427999933,-21.751411926999936],[-64.721718477999957,-21.750439997999933],[-64.721371580999971,-21.749481163999974],[-64.721030910999957,-21.748533129999942],[-64.720696701999941,-21.747596525999938],[-64.720368691999965,-21.746670627999947],[-64.720046660999969,-21.745754803999944],[-64.719730373999937,-21.744848390999948],[-64.719419679999987,-21.743950949999942],[-64.719114408999985,-21.743061998999963],[-64.718814417999965,-21.742181108999944],[-64.718444563999981,-21.741084527999931],[-64.718082592999963,-21.739999329999932],[-64.717728281999939,-21.738924850999979],[-64.717381437999961,-21.737860505999947],[-64.717041860999984,-21.736805677999939],[-64.716709415999958,-21.735759945999973],[-64.716383954999969,-21.734722846999944],[-64.716065349999951,-21.733693966999965],[-64.715753362999976,-21.732672534999949],[-64.715448004999985,-21.731658576999962],[-64.715149174999965,-21.73065175499994],[-64.714856779999934,-21.729651760999957],[-64.714570726999966,-21.728658269999983],[-64.714290944999959,-21.727671043999976],[-64.714017364999961,-21.726689820999979],[-64.713749914999937,-21.725714365999977],[-64.71348814299995,-21.724742975999959],[-64.713232402999949,-21.723776929999929],[-64.71298264099994,-21.72281602399994],[-64.712738807999983,-21.721860070999981],[-64.712500854999973,-21.720908872999928],[-64.712268740999946,-21.719962275999933],[-64.712042427999961,-21.719020115999967],[-64.711821876999977,-21.718082236999976],[-64.711607034999986,-21.717148402999953],[-64.711397891999979,-21.716218566999942],[-64.711194414999966,-21.715292591999969],[-64.710996578999982,-21.714370353999982],[-64.710804353999947,-21.713451721999945],[-64.71061771899997,-21.712536587999978],[-64.710436649999963,-21.711624840999946],[-64.710261127999956,-21.710716372999968],[-64.70991530699996,-21.70888072799994],[-64.709575255999937,-21.707035571999938],[-64.709240965999982,-21.70518085599997],[-64.708912428999952,-21.703316524999934],[-64.708589633999964,-21.701442526999926],[-64.708272571999942,-21.699558799999977],[-64.707961229999967,-21.697665284999971],[-64.707655598999963,-21.69576191699997],[-64.707355673999984,-21.693848666999941],[-64.707061438999972,-21.691925430999959],[-64.706772881999939,-21.689992134999954],[-64.706489990999955,-21.688048704999972],[-64.706212756999946,-21.686095068999975],[-64.705941166999935,-21.684131137999941],[-64.705675208999935,-21.682156826999972],[-64.705414868999981,-21.680172046999928],[-64.705160199999966,-21.67817718799995],[-64.704911120999952,-21.676171671999953],[-64.704667621999988,-21.674155395999946],[-64.704429686999958,-21.672128250999947],[-64.704197307999948,-21.670090131999928],[-64.703970466999976,-21.668040910999935],[-64.703749149999965,-21.665980461999936],[-64.703533343999936,-21.663908653999954],[-64.703323044999934,-21.661825444999977],[-64.703118224999969,-21.65973059099997],[-64.702918871999941,-21.657623938999961],[-64.702724966999938,-21.655505323999932],[-64.702536498999962,-21.653374587999963],[-64.70235344799994,-21.651231533999976],[-64.702175798999974,-21.649075970999945],[-64.702003533999971,-21.646907690999967],[-64.701884424999946,-21.645355765999966],[-64.70176907299998,-21.643803692999938],[-64.701657479999938,-21.642251503999944],[-64.701549648999958,-21.640699232999964],[-64.701445581999963,-21.639146909999965],[-64.701345280999988,-21.63759456799994],[-64.701248747999955,-21.636042238999948],[-64.701155985999947,-21.634489953999946],[-64.701066995999952,-21.632937746999971],[-64.70098177899996,-21.631385647999934],[-64.70090033799994,-21.629833687999962],[-64.700822672999948,-21.628281898999944],[-64.700748787999942,-21.62673031099996],[-64.700678683999968,-21.625178956999946],[-64.70061235999998,-21.623627865999936],[-64.700549819999935,-21.622077070999978],[-64.700491063999948,-21.620526613999971],[-64.70043609399994,-21.61897651299995],[-64.700384908999979,-21.617426798999929],[-64.700337512999965,-21.615877503999968],[-64.700293904999967,-21.614328655999941],[-64.700254085999973,-21.612780286999964],[-64.700218056999972,-21.611232426999948],[-64.700185817999966,-21.609685105999972],[-64.700157370999932,-21.608138353999948],[-64.700132715999985,-21.606592200999955],[-64.700111852999953,-21.605046675999972],[-64.70009478299994,-21.603501809999955],[-64.700081505999947,-21.601957629999958],[-64.700072020999983,-21.60041416699994],[-64.70006633099996,-21.598871448999944],[-64.700064434999945,-21.597329506999927],[-64.70006633099996,-21.595788471999981],[-64.700072019999936,-21.594248267999944],[-64.700081502999979,-21.592708925999943],[-64.700094778999983,-21.591170473999966],[-64.70011184699996,-21.589632939999944],[-64.700132706999966,-21.588096352999969],[-64.700157358999945,-21.586560740999971],[-64.700185801999964,-21.585026131999939],[-64.700218036999956,-21.583492554999964],[-64.700254060999953,-21.581960035999941],[-64.700293874999943,-21.580428604999952],[-64.700337477999938,-21.578898286999959],[-64.700384868999947,-21.57736910999995],[-64.700436047999972,-21.57584110199997],[-64.700491011999986,-21.574314288999972],[-64.70054976299997,-21.572788698999943],[-64.700612296999964,-21.571264371999973],[-64.700678613999969,-21.569741320999981],[-64.700748712999939,-21.568219571999975],[-64.700822593999987,-21.566699152999945],[-64.700900252999986,-21.565180089999956],[-64.700981691999971,-21.563662406999981],[-64.701066905999937,-21.562146133999931],[-64.701155895999932,-21.560631292999972],[-64.701248659999976,-21.559117913999955],[-64.701345195999977,-21.557606017999944],[-64.701445502999945,-21.556095633999973],[-64.701549578999959,-21.554586785999959],[-64.701657420999936,-21.553079498999978],[-64.701769028999934,-21.551573796999946],[-64.701884399999983,-21.550069706999977],[-64.702003533999971,-21.548567251999941],[-64.702283257999966,-21.545115986999974],[-64.702522448999957,-21.542212946999939],[-64.702745636999964,-21.539560542999936],[-64.702958424999963,-21.53709293999998],[-64.703169066999976,-21.534716191999962],[-64.703376197999944,-21.532447538999975],[-64.703581790999976,-21.530265386999929],[-64.703787093999949,-21.528156539999941],[-64.703998393999939,-21.526059080999971],[-64.704211328999975,-21.524019052999961],[-64.704426621999971,-21.522029513999939],[-64.704644827999971,-21.520085350999977],[-64.70486657899994,-21.518180989999962],[-64.704978864999987,-21.517243048999944],[-64.705092156999967,-21.51631406599995],[-64.705206503999932,-21.515393630999938],[-64.705321940999966,-21.514481454999952],[-64.705438508999976,-21.513577220999935],[-64.705556244999968,-21.512680646999968],[-64.705678776999946,-21.511764849999963],[-64.705802621999965,-21.510856623999928],[-64.70592781299996,-21.509955709999929],[-64.706054385999948,-21.509061874999929],[-64.706182371999944,-21.508174874999952],[-64.70631179999998,-21.507294523999974],[-64.706442697999933,-21.506420626999954],[-64.706575092999969,-21.505552999999964],[-64.706709031999935,-21.504691345999959],[-64.706844520999937,-21.50383562899998],[-64.706981583999948,-21.50298569399996],[-64.707120243999952,-21.502141398999981],[-64.70726052599997,-21.501302591999945],[-64.707402449999961,-21.500469155999951],[-64.70754603599994,-21.499640964999969],[-64.707691306999948,-21.498817900999939],[-64.707838381999977,-21.497999283999945],[-64.707987183999933,-21.497185582999975],[-64.708137728999986,-21.49637669599997],[-64.708290033999958,-21.495572525999933],[-64.708444118999978,-21.494772975999979],[-64.708600001999969,-21.493977959999938],[-64.708757695999964,-21.493187396999929],[-64.708917218999943,-21.492401202999929],[-64.709078594999937,-21.491619259999936],[-64.709241830999986,-21.490841536999937],[-64.709406941999987,-21.490067959999976],[-64.709573942999953,-21.489298460999976],[-64.709742848999952,-21.488532969999937],[-64.709913671999971,-21.487771428999963],[-64.710086426999965,-21.48701377499998],[-64.710261127999956,-21.486259950999965],[-64.710413124999945,-21.485618124999974],[-64.710570307999944,-21.484971754999947],[-64.710732734999965,-21.484320604999937],[-64.710900469999956,-21.483664414999964],[-64.711073574999944,-21.483002944999953],[-64.711252138999953,-21.482335853999928],[-64.711436248999973,-21.481662815999982],[-64.71162600599996,-21.480983465999941],[-64.711821354999984,-21.480297973999939],[-64.712022575999981,-21.479605345999971],[-64.71222980899995,-21.478905105999957],[-64.712443211999982,-21.478196706999938],[-64.712662932999933,-21.477479671999959],[-64.712889213999972,-21.476753193999969],[-64.713122288999955,-21.476016520999963],[-64.713362447999941,-21.475268749999941],[-64.713615520999952,-21.474492077999969],[-64.713876744999936,-21.473701482999957],[-64.714146599999935,-21.472895513999958],[-64.71442570399995,-21.47207231699997],[-64.714714488999959,-21.471230610999953],[-64.715014182999937,-21.47036679799993],[-64.715325920999987,-21.469477605999941],[-64.715651360999971,-21.468558306999967],[-64.715960773999939,-21.46769173499996],[-64.716285623999966,-21.46678871499995],[-64.716996571999971,-21.464831897999943],[-64.717730262999964,-21.462832196999955],[-64.719154076999985,-21.458972718999973],[-64.71973877399995,-21.457383256999947],[-64.720344310999963,-21.455726836999929],[-64.720883439999966,-21.454238704999966],[-64.721196119999945,-21.453368092999938],[-64.721494726999936,-21.452530464999938],[-64.721781341999986,-21.451719983999965],[-64.722057320999966,-21.450932811999962],[-64.722324148999974,-21.450164703999974],[-64.722582270999965,-21.449414351999962],[-64.722832396999934,-21.448679701999936],[-64.723075059999985,-21.447959183999956],[-64.723370240999941,-21.447071336999954],[-64.72365509499997,-21.446201432999942],[-64.723930248999977,-21.445347569999967],[-64.724196179999979,-21.444508248999966],[-64.724453400999948,-21.443681850999951],[-64.72470216499994,-21.442867559999968],[-64.724942774999988,-21.442064372999937],[-64.725175482999987,-21.441271456999971],[-64.725400845999957,-21.440486868999983],[-64.725618698999938,-21.439711151999973],[-64.72582921299994,-21.438943694999978],[-64.726032530999987,-21.438183969999955],[-64.726228803999959,-21.437431415999981],[-64.726418125999942,-21.436685667999939],[-64.726600599999983,-21.435946317999935],[-64.726776315999984,-21.43521300499998],[-64.726943981999966,-21.43449224099993],[-64.727108573999942,-21.433764124999982],[-64.727270158999943,-21.433028373999946],[-64.727428802999952,-21.432284676999927],[-64.727584568999987,-21.431532743999981],[-64.727737544999968,-21.430772158999957],[-64.72788780999997,-21.430002522999928],[-64.728035452999961,-21.429223384999943],[-64.728180430999942,-21.428434994999975],[-64.728322985999966,-21.427636082999982],[-64.728463222999949,-21.426826053999946],[-64.728601261999984,-21.426004213999931],[-64.728737205999948,-21.425169962999973],[-64.728871224999978,-21.42432225999994],[-64.729003471999988,-21.423460130999956],[-64.729134131999956,-21.422582389999945],[-64.729259497999976,-21.421715106999955],[-64.72938376899998,-21.420830430999956],[-64.72950717599997,-21.419926707999934],[-64.729630010999983,-21.419001806999972],[-64.729752472999962,-21.418054272999939],[-64.729875106999941,-21.417079926999975],[-64.72999839199997,-21.416074966999929],[-64.730123008999954,-21.415033851999965],[-64.730236112999933,-21.414067763999981],[-64.730351827999982,-21.41305973599998],[-64.730596436999974,-21.410871033999967],[-64.730838299999959,-21.408647015999975],[-64.73129477599997,-21.40438415899996],[-64.731483112999967,-21.402639500999953],[-64.731682198999977,-21.400826715999983],[-64.731865234999987,-21.399199895999971],[-64.732081186999949,-21.397340606999933],[-64.732186531999957,-21.396459797999967],[-64.732290866999961,-21.395605295999928],[-64.732394755999962,-21.394772518999957],[-64.732498379999981,-21.39396005499998],[-64.732602019999945,-21.393165687999954],[-64.732705898999939,-21.39238772799996],[-64.732836792999933,-21.391433158999973],[-64.732968694999954,-21.390499692999981],[-64.733101892999969,-21.389585303999979],[-64.733236619999957,-21.388688397999942],[-64.733373134999965,-21.387807257999953],[-64.733511573999976,-21.38694101699997],[-64.733652107999944,-21.386088613999959],[-64.733794880999938,-21.385249169999952],[-64.733940249999932,-21.384420646999956],[-64.734088125999961,-21.38360361499997],[-64.734238621999964,-21.38279743399994],[-64.734391844999948,-21.382001549999927],[-64.734547903999953,-21.381215380999947],[-64.734706878999987,-21.380438543999958],[-64.734868855999935,-21.379670616999931],[-64.73503390999997,-21.378911226999946],[-64.73513977999994,-21.378436326999974],[-64.735248266999974,-21.377959641999951],[-64.735359384999981,-21.377481114999966],[-64.735473148999972,-21.377000688999942],[-64.735589567999966,-21.376518309999938],[-64.735708661999979,-21.376033909999933],[-64.735830443999987,-21.375547422999944],[-64.73595493299996,-21.37505878199994],[-64.736082134999947,-21.374567961999958],[-64.736212080999962,-21.374074839999935],[-64.736480288999985,-21.373081370999955],[-64.736759738999979,-21.372077704999981],[-64.737050645999943,-21.37106306499993],[-64.737352800999986,-21.370038119999947],[-64.737666905999959,-21.369000428999982],[-64.737993279999955,-21.367948934999959],[-64.73833231499998,-21.366882376999968],[-64.738684334999959,-21.365799718999938],[-64.739049997999984,-21.364698930999964],[-64.739429925999957,-21.363578139999959],[-64.739824924999937,-21.362434964999977],[-64.740154177999955,-21.36149747199994],[-64.740494415999933,-21.36054194899998],[-64.740846355999963,-21.359566383999947],[-64.741210945999967,-21.358568147999961],[-64.741588792999949,-21.357545554999945],[-64.741981884999973,-21.356493204999936],[-64.742392044999974,-21.35540621399997],[-64.742822058999934,-21.354277196999931],[-64.743187950999982,-21.353323947999968],[-64.743572369999981,-21.352328768999939],[-64.744416291999983,-21.350162202999968],[-64.745238216999951,-21.348068842999965],[-64.747279127999946,-21.34288999499995],[-64.747845988999984,-21.341444464999938],[-64.748354198999948,-21.34014174899994],[-64.748903346999953,-21.338724485999933],[-64.749414283999954,-21.337394539999934],[-64.749896010999976,-21.336128470999938],[-64.750353190999988,-21.334914009999977],[-64.750855642999966,-21.333562339999958],[-64.751333801999976,-21.332256915999949],[-64.751790483999969,-21.330990036999935],[-64.752227572999971,-21.329756473999964],[-64.75264710099998,-21.32855045499997],[-64.753049733999944,-21.327370028999951],[-64.753436459999932,-21.326212288999955],[-64.753808031999938,-21.325074981999933],[-64.754008840999973,-21.32444908399998],[-64.754205238999987,-21.323828618999983],[-64.75439731299997,-21.323213309999971],[-64.75458514099995,-21.322602905999929],[-64.754768804999969,-21.321997142999976],[-64.754948360999947,-21.32139583299994],[-64.755123869999977,-21.320798773999968],[-64.755295387999979,-21.320205776999956],[-64.755463005999957,-21.319616516999929],[-64.755626727999982,-21.319030982999948],[-64.75578659599995,-21.318449020999935],[-64.755942649999952,-21.317870486999936],[-64.756094928999971,-21.317295232999982],[-64.756243463999965,-21.31672314399998],[-64.756388287999982,-21.316154098999959],[-64.756529425999986,-21.315587983999933],[-64.756667060999973,-21.315024057999949],[-64.756801056999961,-21.314462858999946],[-64.756931434999956,-21.313904286999957],[-64.757058217999941,-21.313348252999958],[-64.757181426999978,-21.312794661999931],[-64.757301078999944,-21.312243433999981],[-64.757417192999981,-21.311694491999958],[-64.757529781999949,-21.311147757999947],[-64.757638871999973,-21.31060311899995],[-64.757744466999952,-21.310060545999931],[-64.757846579999978,-21.309519972999965],[-64.757945222999979,-21.308981336999977],[-64.758040408999932,-21.308444570999939],[-64.758132144999934,-21.307909622999944],[-64.75822044399996,-21.307376432999945],[-64.758305311999948,-21.30684495099996],[-64.758359492999944,-21.306476118999967],[-64.758407936999959,-21.306097759999943],[-64.758450728999946,-21.305709195999952],[-64.758487968999987,-21.305309553999962],[-64.75851972199996,-21.304898229999935],[-64.758546127999978,-21.304473516999963],[-64.75856728499997,-21.304033853999954],[-64.758583303999956,-21.303576974999942],[-64.758593599999983,-21.303138415999967],[-64.758599699999934,-21.302679483999952],[-64.758601663999968,-21.302195913999981],[-64.758599527999934,-21.301679641999954],[-64.758594249999987,-21.301190710999947],[-64.758585573999937,-21.30064768699998],[-64.758543559999964,-21.298645041999976],[-64.758529549999935,-21.297820954999963],[-64.758524665999971,-21.297377910999955]]],[[[-64.617177182999967,-20.994734609999966],[-64.617485044999967,-20.994205553999961],[-64.617792222999981,-20.993683067999939],[-64.61813968599995,-20.993098595999982],[-64.618486609999934,-20.992521988999954],[-64.618833155999937,-20.991952976999983],[-64.619179471999985,-20.991391317999955],[-64.619525713999963,-20.990836761999958],[-64.619871991999958,-20.990289128999962],[-64.620218429999966,-20.98974822699995],[-64.620565137999961,-20.989213880999955],[-64.620912316999977,-20.988685784999973],[-64.621259972999951,-20.988163933999942],[-64.621608200999958,-20.987648183999966],[-64.621957087999988,-20.98713840399995],[-64.622306729999934,-20.986634458999958],[-64.622657194999988,-20.986136246999934],[-64.623008561999939,-20.985643656999969],[-64.623360902999934,-20.985156588999928],[-64.623714700999983,-20.984674383999959],[-64.624069610999982,-20.984197527999982],[-64.624425694999957,-20.983725934999939],[-64.624783015999981,-20.983259525999927],[-64.625141632999942,-20.982798217999971],[-64.62550159999995,-20.982341945999963],[-64.625862967999979,-20.98189064099995],[-64.626225791999957,-20.981444240999963],[-64.626590146999945,-20.981002646999968],[-64.626956054999937,-20.980565837999961],[-64.627323559999979,-20.980133759999944],[-64.627692706999937,-20.979706359999966],[-64.62806354199995,-20.979283584999962],[-64.628436103999945,-20.978865390999943],[-64.628810432999956,-20.97845173199994],[-64.629186566999977,-20.978042565999942],[-64.63053195599997,-20.976589080999929],[-64.631221011999969,-20.975846998999941],[-64.631891855999982,-20.975128918999928],[-64.632499238999969,-20.974484202999975],[-64.633111290999977,-20.973841257999936],[-64.633691121999959,-20.973239646999957],[-64.634247610999978,-20.972670161999929],[-64.634785582999939,-20.972127870999941],[-64.635338949999948,-20.971579350999946],[-64.635878955999942,-20.971053900999948],[-64.636408107999955,-20.970549085999949],[-64.636669175999941,-20.970303877999982],[-64.636928171999955,-20.97006321899994],[-64.637185513999952,-20.969826724999962],[-64.637441114999945,-20.969594478999966],[-64.637695121999968,-20.969366346999948],[-64.637947665999945,-20.969142211999952],[-64.638198883999962,-20.968921953999939],[-64.638448866999966,-20.968705488999944],[-64.63869772299995,-20.968492726999955],[-64.638945541999988,-20.968283590999931],[-64.639248442999985,-20.968031158999963],[-64.639553873999944,-20.967779629999939],[-64.639861812999982,-20.967529018999983],[-64.64017223999997,-20.967279346999931],[-64.640485131999981,-20.967030627999975],[-64.640800465999973,-20.966782880999972],[-64.641118220999942,-20.966536126999927],[-64.641438370999936,-20.966290378999929],[-64.641760898999962,-20.966045655999949],[-64.642085773999952,-20.965801978999934],[-64.642412971999988,-20.965559366999969],[-64.642742465999959,-20.965317838999965],[-64.643074231999947,-20.96507741299996],[-64.643408240999975,-20.96483810999996],[-64.643744465999987,-20.964599947999943],[-64.644082879999985,-20.964362949999952],[-64.644423500999949,-20.964127099999928],[-64.644766253999933,-20.963892452999971],[-64.645111106999934,-20.963659028999928],[-64.645458032999954,-20.963426847999926],[-64.645806997999955,-20.963195929999927],[-64.646157973999948,-20.962966297999969],[-64.646510923999983,-20.962737970999967],[-64.64686581899997,-20.962510972999951],[-64.647222631999966,-20.962285316999953],[-64.647581318999983,-20.962061032999941],[-64.647941848999949,-20.961838139999941],[-64.648304184999972,-20.961616661999983],[-64.648668291999968,-20.961396617999981],[-64.649034132999986,-20.961178031999964],[-64.649401669999975,-20.960960925999927],[-64.649770865999983,-20.960745322999969],[-64.650142130999939,-20.960530985999981],[-64.650514981999947,-20.96031820099995],[-64.650889376999942,-20.960106988999939],[-64.651265275999947,-20.959897374999969],[-64.651642636999952,-20.959689379999929],[-64.652021419999983,-20.959483029999944],[-64.652401579999946,-20.959278345999962],[-64.652783073999956,-20.959075350999967],[-64.653165865999938,-20.958874066999954],[-64.653549905999967,-20.958674518999942],[-64.653935143999945,-20.958476731999951],[-64.654321537999976,-20.958280727999977],[-64.654709040999933,-20.958086530999935],[-64.65509760499998,-20.95789416599996],[-64.655487182999934,-20.957703654999932],[-64.655877725999972,-20.957515022999928],[-64.656269239999972,-20.957328265999934],[-64.656661621999945,-20.957143434999978],[-64.657054819999985,-20.956960554999966],[-64.657448783999939,-20.956779646999962],[-64.657843463999939,-20.956600735999928],[-64.658238804999939,-20.95642384599995],[-64.658634757999948,-20.956248999999957],[-64.659031267999978,-20.956076220999933],[-64.659428286999969,-20.955905528999949],[-64.659825756999965,-20.955736951999938],[-64.660223621999933,-20.955570511999952],[-64.660621827999933,-20.955406231999973],[-64.661020318999988,-20.95524413499993],[-64.661419039999942,-20.955084241999941],[-64.661817933999941,-20.95492657799997],[-64.662216943999965,-20.954771163999965],[-64.662572996999984,-20.954634810999949],[-64.662930852999978,-20.954500376999931],[-64.663290507999932,-20.954367863999948],[-64.663651959999982,-20.954237274999969],[-64.664015203999952,-20.954108608999945],[-64.664380234999953,-20.95398186999995],[-64.664747050999949,-20.953857055999947],[-64.665115644999958,-20.953734170999951],[-64.665486015999932,-20.953613215999951],[-64.665858158999981,-20.953494191999937],[-64.666232066999953,-20.953377099999955],[-64.666607737999982,-20.953261941999926],[-64.66698516699995,-20.953148719999945],[-64.667364348999968,-20.953037433999953],[-64.667745278999973,-20.952928086999975],[-64.668127952999953,-20.952820677999966],[-64.668512372999942,-20.952715208999962],[-64.668898526999953,-20.95261168199994],[-64.669286408999938,-20.952510098999937],[-64.669676015999983,-20.952410459999953],[-64.670067339999946,-20.952312767999956],[-64.670460377999973,-20.952217023999935],[-64.670855122999967,-20.952123227999948],[-64.671251569999981,-20.952031382999962],[-64.671649714999944,-20.951941488999978],[-64.672049550999986,-20.951853547999974],[-64.672451071999944,-20.95176756099994],[-64.672854270999949,-20.951683528999979],[-64.673259143999985,-20.951601453999956],[-64.673665683999957,-20.951521336999974],[-64.674073883999938,-20.951443178999966],[-64.674483737999935,-20.951366981999968],[-64.674895327999934,-20.951292729999977],[-64.675308558999973,-20.951220441999965],[-64.675723425999934,-20.951150118999976],[-64.676139919999969,-20.951081760999955],[-64.67655803699995,-20.951015370999983],[-64.676977766999983,-20.950950948999946],[-64.677399104999949,-20.950888495999948],[-64.677822040999956,-20.950828012999978],[-64.678246571999978,-20.950769501999957],[-64.67867268699996,-20.950712963999933],[-64.679100377999987,-20.950658398999963],[-64.679529637999963,-20.950605807999978],[-64.679960457999982,-20.950555191999968],[-64.680392830999949,-20.950506553999958],[-64.680826746999969,-20.950459892999959],[-64.681262199999935,-20.95041520999996],[-64.681699193999975,-20.950372505999951],[-64.682137706999981,-20.950331779999942],[-64.682577727999956,-20.950293037999927],[-64.683019248999983,-20.950256275999948],[-64.683462259999942,-20.950221495999926],[-64.683906751999984,-20.950188700999945],[-64.684352714999932,-20.950157889999957],[-64.684800138999947,-20.950129062999963],[-64.685249015999943,-20.950102221999941],[-64.685699333999935,-20.950077366999949],[-64.68615108299997,-20.950054498999975],[-64.686604250999949,-20.950033617999964],[-64.687058825999941,-20.95001472499996],[-64.687514800999963,-20.949997819999965],[-64.687972160999948,-20.949982903999967],[-64.688430895999943,-20.949969976999967],[-64.68889257099994,-20.949959004999982],[-64.689355604999946,-20.949950035999962],[-64.689819988999943,-20.94994307199994],[-64.690285706999987,-20.949938109999948],[-64.690752747999966,-20.949935151999966],[-64.691221097999971,-20.949934198999927],[-64.691690742999981,-20.949935248999964],[-64.692161670999951,-20.949938303999943],[-64.692633870999941,-20.949943360999953],[-64.693107323999982,-20.949950422999962],[-64.693582017999972,-20.94995948899998],[-64.694057935999979,-20.949970557999961],[-64.694535064999968,-20.949983628999973],[-64.69501338799995,-20.949998702999949],[-64.695492889999969,-20.950015779999944],[-64.695973556999945,-20.950034856999935],[-64.696455402999959,-20.950055936999945],[-64.696938379999949,-20.950079015999961],[-64.697422470999982,-20.950104095999961],[-64.697907657999963,-20.950131173999978],[-64.698393923999959,-20.950160250999943],[-64.698881250999932,-20.950191322999956],[-64.69936962099996,-20.95022438999996],[-64.699859014999959,-20.950259452999944],[-64.700349418999963,-20.950296507999951],[-64.700840807999953,-20.950335553999935],[-64.701333163999948,-20.950376590999952],[-64.701826465999943,-20.950419615999976],[-64.702320690999954,-20.950464625999928],[-64.70281582299998,-20.950511620999976],[-64.703311834999965,-20.950560598999971],[-64.703808708999986,-20.950611556999945],[-64.704306818999953,-20.950664535999977],[-64.704805746999966,-20.950719493999941],[-64.705305467999949,-20.950776427999926],[-64.705805958999974,-20.950835333999976],[-64.706307194999965,-20.950896211999975],[-64.706809151999948,-20.950959056999977],[-64.70731180599995,-20.951023866999947],[-64.707815127999936,-20.951090637999982],[-64.708319101999962,-20.951159367999935],[-64.708823690999964,-20.951230050999982],[-64.709328870999968,-20.951302683999927],[-64.709834610999962,-20.951377263999973],[-64.710340885999983,-20.951453785999945],[-64.710847663999971,-20.951532244999953],[-64.711354915999948,-20.951612636999982],[-64.711862611999948,-20.951694956999972],[-64.712370791999945,-20.951779212999952],[-64.712879351999959,-20.951865386999941],[-64.713388262999956,-20.951953473999936],[-64.713897487999986,-20.952043467999943],[-64.714406998999948,-20.952135363999957],[-64.714916758999948,-20.952229154999941],[-64.715426732999958,-20.952324834999956],[-64.715936883999973,-20.952422396999964],[-64.71644718899995,-20.952521836999949],[-64.716957597999965,-20.952623144999961],[-64.717468075999932,-20.952726312999971],[-64.717978581999944,-20.952831333999939],[-64.718489077999948,-20.952938199999949],[-64.718999524999958,-20.953046902999972],[-64.719509879999976,-20.953157433999934],[-64.720020102999968,-20.953269782999939],[-64.720595664999962,-20.953399549999972],[-64.721174924999957,-20.953534115999958],[-64.721757971999978,-20.953673500999969],[-64.722344894999935,-20.953817728999979],[-64.722935780999933,-20.953966818999959],[-64.723530743999959,-20.954120801999977],[-64.724129894999976,-20.95427970399993],[-64.724733349999951,-20.95444355799998],[-64.725341111999967,-20.954612360999931],[-64.725953441999934,-20.954786186999968],[-64.726570484999968,-20.95496507699994],[-64.727192400999968,-20.955149075999941],[-64.72781933899995,-20.95533822799996],[-64.728451508999967,-20.955532596999944],[-64.729089107999982,-20.955732243999933],[-64.729732361999936,-20.955937237999933],[-64.730378573999985,-20.956146696999951],[-64.731030888999953,-20.956361615999981],[-64.731689588999984,-20.956582088999937],[-64.732354996999959,-20.956808222999939],[-64.733027397999933,-20.957040115999973],[-64.733707250999942,-20.957277922999936],[-64.734394983999948,-20.95752179699997],[-64.735091101999956,-20.957771914999967],[-64.735795027999984,-20.958028062999972],[-64.736508507999986,-20.95829086699996],[-64.737232252999945,-20.958560589999934],[-64.737967128999969,-20.958837555999935],[-64.738713822999955,-20.959122020999928],[-64.739473802999953,-20.959414541999934],[-64.740248418999954,-20.959715638999967],[-64.741039432999969,-20.960025996999946],[-64.742689269999971,-20.96067743499998],[-64.744014925999977,-20.96120402899993],[-64.745217606999972,-20.961685712999952],[-64.746328172999938,-20.962134942999967],[-64.747399082999948,-20.962573112999962],[-64.748416866999946,-20.962994909999964],[-64.749392200999978,-20.963404756999978],[-64.750331393999943,-20.963805309999941],[-64.751266373999954,-20.964210463999962],[-64.752172322999968,-20.964609754999969],[-64.753052464999939,-20.965004606999969],[-64.753909132999979,-20.965396064999936],[-64.754744869999968,-20.965785299999936],[-64.755560699999933,-20.966172793999931],[-64.755961598999988,-20.966366101999938],[-64.756358008999939,-20.966559207999978],[-64.756750064999949,-20.966752176999933],[-64.757137891999946,-20.966945070999941],[-64.757534112999963,-20.967144268999959],[-64.757926064999936,-20.967343507999942],[-64.758313857999951,-20.967542843999979],[-64.758697593999955,-20.967742328999975],[-64.759077374999947,-20.967942015999938],[-64.759453279999946,-20.968141948999971],[-64.75982539499995,-20.968342169999971],[-64.760193793999974,-20.968542720999949],[-64.760558602999936,-20.96874367099997],[-64.76091983699996,-20.968945027999951],[-64.761277557999961,-20.969146826999975],[-64.761631825999984,-20.969349102999956],[-64.761982702999944,-20.969551888999945],[-64.762330237999947,-20.969755213999974],[-64.762674477999951,-20.969959108999944],[-64.763015474999975,-20.970163599999978],[-64.763353509999945,-20.97036886099994],[-64.763688382999987,-20.970574771999964],[-64.764020135999942,-20.970781358999943],[-64.764348804999941,-20.970988645999967],[-64.764674431999936,-20.97119665799994],[-64.764997047999941,-20.971405414999936],[-64.765316684999959,-20.971614937999959],[-64.765633375999982,-20.971825247999959],[-64.765947165999933,-20.972036376999938],[-64.766258068999946,-20.972248330999946],[-64.766566110999975,-20.972461130999932],[-64.766871316999982,-20.972674793999943],[-64.767173716999935,-20.972889338999948],[-64.767473328999984,-20.97310478199995],[-64.767770178999967,-20.97332113799996],[-64.768064286999959,-20.973538423999969],[-64.768661794999957,-20.973985855999956],[-64.76925022599994,-20.97443252599993],[-64.769829739999977,-20.974878555999965],[-64.770400468999981,-20.975324045999969],[-64.770962551999958,-20.975769106999962],[-64.77151607199994,-20.976213802999951],[-64.772061121999968,-20.976658209999982],[-64.772597779999955,-20.977102391999949],[-64.773126223999952,-20.977546496999935],[-64.773646409999969,-20.977990490999957],[-64.77415839799994,-20.978434424999932],[-64.774662235999983,-20.978878340999927],[-64.775157978999971,-20.979322286999945],[-64.775645660999942,-20.979766291999965],[-64.77612531699998,-20.980210389999968],[-64.776596981999944,-20.980654613999945],[-64.777061002999972,-20.981099297999947],[-64.777517078999949,-20.981544158999952],[-64.777965230999939,-20.981989222999971],[-64.77840548599994,-20.982434510999951],[-64.778837860999943,-20.982880044999945],[-64.779262374999973,-20.983325841999942],[-64.779679042999987,-20.983771917999945],[-64.780087877999961,-20.984218289999944],[-64.780488910999964,-20.984664986999974],[-64.780882136999935,-20.985112005999952],[-64.781267566999986,-20.985559360999957],[-64.781645210999955,-20.986007062999931],[-64.782015078999962,-20.986455122999928],[-64.782377176999944,-20.986903549999965],[-64.782731512999987,-20.987352353999938],[-64.783078094999951,-20.987801540999953],[-64.783306782999944,-20.988104365999959],[-64.783534851999946,-20.988412301999972],[-64.783762390999982,-20.988725469999963],[-64.783989499999961,-20.989044006999961],[-64.784216265999987,-20.989368034999927],[-64.784442820999971,-20.98969773999994],[-64.78466928499995,-20.990033298999947],[-64.784895794999954,-20.990374915999951],[-64.785122267999952,-20.990722451999943],[-64.785349098999973,-20.991076507999935],[-64.785576463999973,-20.991437357999928],[-64.785804568999936,-20.991805329999977],[-64.786033587999952,-20.992180700999938],[-64.786263830999985,-20.992563975999929],[-64.786495579999951,-20.992955625999969],[-64.786729181999988,-20.993356238999979],[-64.786948810999945,-20.993738091999944],[-64.78717076199996,-20.994128954999951],[-64.787395457999935,-20.994529574999945],[-64.787623445999941,-20.994940922999945],[-64.787855086999969,-20.995363644999941],[-64.788091460999965,-20.995799701999942],[-64.788333532999957,-20.996250876999966],[-64.788582727999938,-20.996719822999978],[-64.789050387999964,-20.99761072299998],[-64.789566530999934,-20.998607251999942],[-64.790027951999946,-20.999506330999964],[-64.791335688999936,-21.002064657999938],[-64.791716869999959,-21.002811193999946],[-64.792093190999935,-21.003556603999982],[-64.79246464299996,-21.004300874999956],[-64.792831220999972,-21.005043992999958],[-64.793192915999953,-21.005785943999967],[-64.793549723999945,-21.006526715999939],[-64.793901636999976,-21.007266296999944],[-64.794248650999975,-21.00800467199997],[-64.79459075799997,-21.008741828999973],[-64.794927952999956,-21.009477757999946],[-64.795260232999965,-21.010212446999958],[-64.795587591999947,-21.010945884999956],[-64.795910022999976,-21.01167806199993],[-64.79622752399996,-21.012408964999963],[-64.796540089999951,-21.013138583999933],[-64.796847715999945,-21.013866909999933],[-64.797150387999977,-21.014593910999963],[-64.797448110999937,-21.015319595999927],[-64.79774088299996,-21.016043958999944],[-64.798028697999939,-21.016766987999972],[-64.798311553999952,-21.017488672999946],[-64.798589446999983,-21.018209006999939],[-64.798862370999984,-21.018927979999944],[-64.799130326999943,-21.019645582999942],[-64.799393306999946,-21.020361804999936],[-64.799651309999945,-21.021076639999933],[-64.799904334999951,-21.02179007899997],[-64.800152376999961,-21.022502114999952],[-64.800395433999938,-21.023212738999973],[-64.800633501999982,-21.023921941999959],[-64.800866579999933,-21.024629718999961],[-64.801094663999947,-21.025336059999972],[-64.801240440999948,-21.025795664999976],[-64.801385224999933,-21.026259454999945],[-64.801529052999967,-21.02672754699995],[-64.801671965999958,-21.027200071999971],[-64.801813996999954,-21.027677149999931],[-64.801955199999952,-21.028158944999973],[-64.802095616999964,-21.028645615999949],[-64.802235300999939,-21.029137337999941],[-64.802374242999974,-21.029634078999948],[-64.802512561999947,-21.03013625799997],[-64.802787580999961,-21.031157833999941],[-64.803060887999948,-21.032204037999975],[-64.803333155999951,-21.033277443999964],[-64.803601735999962,-21.034367024999938],[-64.803870994999954,-21.035489907999931],[-64.804142032999948,-21.036650669999972],[-64.804416438999965,-21.037856126999941],[-64.804694449999943,-21.039107034999972],[-64.80498076899994,-21.040424280999957],[-64.80527929699997,-21.041825762999963],[-64.805598805999978,-21.043352628999969],[-64.805683483999985,-21.043769703999942],[-64.80576623099995,-21.044196029999966],[-64.805847213999982,-21.04463248299993],[-64.805926645999932,-21.04508020399993],[-64.806004666999968,-21.045539933999976],[-64.806081677999941,-21.046014001999936],[-64.806158020999987,-21.046504524999932],[-64.806234194999945,-21.047014680999951],[-64.806361746999983,-21.047914724999941],[-64.806495747999975,-21.048917080999956],[-64.806621490999987,-21.049899269999969],[-64.806934559999945,-21.052395931999968],[-64.807027142999971,-21.053112192999947],[-64.807112984999947,-21.053755900999931],[-64.807212212999957,-21.05447081899996],[-64.807309559999965,-21.055138975999967],[-64.807406821999962,-21.055772698999931],[-64.807504981999955,-21.05637833399993],[-64.807625590999976,-21.057077791999973],[-64.807687134999981,-21.05741674899997],[-64.807749641999976,-21.057749287999968],[-64.807813223999972,-21.058075992999932],[-64.80787793899998,-21.058397164999974],[-64.807943861999945,-21.05871316899993],[-64.808011055999941,-21.059024309999927],[-64.808079675999977,-21.059331278999935],[-64.808149683999943,-21.059633893999944],[-64.80822113399995,-21.059932379999964],[-64.808294070999978,-21.060226929999942],[-64.808368546999986,-21.060517747999938],[-64.808444595999958,-21.060804968999946],[-64.808522256999936,-21.061088740999935],[-64.808601566999982,-21.061369197999966],[-64.809030259999986,-21.06285179899993],[-64.809205873999986,-21.063449998999943],[-64.809370198999943,-21.064002501999937],[-64.80953120099997,-21.064535801999966],[-64.809686855999985,-21.06504287599995],[-64.809838795999951,-21.065529031999972],[-64.80998799799994,-21.065997395999943],[-64.810139702999948,-21.066464003999954],[-64.810289983999951,-21.06691632899998],[-64.810439366999958,-21.06735596599998],[-64.810588242999984,-21.067784060999941],[-64.810737050999933,-21.068201866999971],[-64.810885974999962,-21.068609884999944],[-64.811035259999983,-21.069008791999977],[-64.811185107999961,-21.06939912699994],[-64.811340634999965,-21.069793715999936],[-64.811497130999953,-21.070180112999935],[-64.81165475499995,-21.070558706999975],[-64.811813642999937,-21.070929823999961],[-64.811973940999962,-21.07129380899994],[-64.812135740999963,-21.071650860999966],[-64.812299146999976,-21.072001213999954],[-64.812464249999948,-21.072345060999965],[-64.812631253999939,-21.07268281599994],[-64.812800124999967,-21.073014400999966],[-64.812970936999932,-21.073339960999931],[-64.813143756999978,-21.073659625999937],[-64.813318660999983,-21.073973531999968],[-64.81349569799994,-21.074281767999935],[-64.813674926999965,-21.074584435999952],[-64.813856399999963,-21.074881623999943],[-64.814087412999982,-21.075248418999934],[-64.81432562699996,-21.075615383999946],[-64.814570986999968,-21.075982433999968],[-64.814823433999948,-21.076349481999955],[-64.815082910999934,-21.076716439999927],[-64.81534934299998,-21.07708320699993],[-64.815622659999974,-21.077449684999976],[-64.815902783999945,-21.077815767999937],[-64.816189683999937,-21.078181413999971],[-64.816483220999942,-21.078546445999962],[-64.816783304999944,-21.078910747999942],[-64.817089831999965,-21.079274196999961],[-64.817402706999985,-21.07963667599995],[-64.817721806999941,-21.079998045999957],[-64.818047012999955,-21.080358168999965],[-64.818378196999959,-21.080716906999953],[-64.818715916999963,-21.08107483799995],[-64.819059359999983,-21.081431075999944],[-64.819408370999952,-21.08178546299996],[-64.819762788999981,-21.082137831999944],[-64.820122455999979,-21.082488026999954],[-64.820487175999972,-21.082835856999964],[-64.820856761999949,-21.08318114399998],[-64.821231008999973,-21.083523695999929],[-64.821609828999954,-21.083863429999951],[-64.821992879999982,-21.084200032999945],[-64.822379923999961,-21.084533298999929],[-64.82277071599998,-21.08486301399995],[-64.823165011999947,-21.085188974999937],[-64.823562525999932,-21.085510941999928],[-64.823962975999962,-21.085828689999971],[-64.824366065999982,-21.086141979999979],[-64.824504689999969,-21.086246566999932],[-64.82464639899996,-21.086349453999958],[-64.824791206999976,-21.08645065099995],[-64.824939128999972,-21.086550168999963],[-64.825090176999936,-21.08664801599997],[-64.82524437099994,-21.086744204999945],[-64.825401726999985,-21.086838744999966],[-64.825562264999974,-21.086931648999951],[-64.825725988999977,-21.087022920999971],[-64.825892935999946,-21.087112579999939],[-64.826063125999951,-21.087200636999967],[-64.826236585999936,-21.087287105999962],[-64.826413336999963,-21.087371999999959],[-64.826593410999976,-21.087455330999944],[-64.826776837999944,-21.087537112999939],[-64.826963647999946,-21.087617361999946],[-64.827153630999987,-21.087695992999954],[-64.827347058999976,-21.08777312199993],[-64.827543972999933,-21.087848766999969],[-64.827744415999973,-21.087922944999946],[-64.827948427999956,-21.087995668999952],[-64.828156064999973,-21.088066960999981],[-64.828367378999985,-21.088136837999969],[-64.828582428999937,-21.088205319999929],[-64.828801209999938,-21.08827240599993],[-64.82902385999995,-21.088338138999973],[-64.829250448999971,-21.088402540999937],[-64.829481064999982,-21.088465635999967],[-64.829715782999983,-21.088527445999944],[-64.829954716999964,-21.088587999999959],[-64.830197974999976,-21.088647324999954],[-64.830445679999968,-21.088705451999942],[-64.830866824999987,-21.08879933399993],[-64.831301313999973,-21.088890166999931],[-64.831749986999966,-21.088978127999951],[-64.832213960999979,-21.089063434999957],[-64.832693941999935,-21.089146227999947],[-64.833192285999985,-21.089226925999981],[-64.833711146999974,-21.089305875999969],[-64.834253819999958,-21.089383582999972],[-64.834720112999946,-21.089446873999975],[-64.835209107999958,-21.089510253999947],[-64.835725622999973,-21.089574348999975],[-64.836279182999988,-21.089640340999949],[-64.837319614999956,-21.089758848999963],[-64.839845663999938,-21.090037559999928],[-64.840532353999947,-21.090116566999939],[-64.841145547999986,-21.090190198999949],[-64.841809024999975,-21.090274312999952],[-64.842423167999982,-21.090357433999941],[-64.842999246999966,-21.090441091999935],[-64.843543117999957,-21.090526142999977],[-64.843853412999977,-21.090577716999974],[-64.844154586999935,-21.090630147999946],[-64.84444723699994,-21.09068353999993],[-64.844731837999973,-21.090737978999982],[-64.845008892999942,-21.090793562999977],[-64.84527867099996,-21.090850346999957],[-64.845541487999981,-21.090908397999954],[-64.845797606999952,-21.090967773999978],[-64.846047600999952,-21.091028613999981],[-64.846291328999939,-21.091090888999929],[-64.84652897999996,-21.091154646999939],[-64.846760715999949,-21.091219932999934],[-64.846986706999985,-21.091286792999938],[-64.847207063999974,-21.091355262999969],[-64.847421910999969,-21.091425379999976],[-64.847631354999976,-21.09149717899993],[-64.847880155999974,-21.091587268999945],[-64.848121193999987,-21.09167998199996],[-64.848354614999948,-21.091775373999951],[-64.848580547999973,-21.091873495999948],[-64.848799120999956,-21.091974404999974],[-64.84901042599995,-21.092078144999959],[-64.849214557999971,-21.092184761999931],[-64.849411600999986,-21.092294299999935],[-64.849601698999948,-21.092406841999946],[-64.849784849999935,-21.092522390999932],[-64.849961118999943,-21.092640987999971],[-64.850130561999947,-21.092762670999946],[-64.850293237999949,-21.09288748299997],[-64.850449186999981,-21.093015454999943],[-64.850598455999943,-21.093146624999974],[-64.850741080999967,-21.093281024999953],[-64.850877297999943,-21.093418897999982],[-64.851006920999964,-21.093560077999939],[-64.85112997899995,-21.093704598999977],[-64.851246498999956,-21.09385249099995],[-64.851356505999945,-21.094003785999973],[-64.851460021999969,-21.094158513999957],[-64.851557064999952,-21.094316703999937],[-64.851647653999976,-21.094478383999956],[-64.851731812999958,-21.094643599999927],[-64.85180954599997,-21.094812364999939],[-64.851880865999988,-21.094984702999966],[-64.851945782999962,-21.095160643999975],[-64.852004307999948,-21.095340214999965],[-64.852056449999964,-21.095523439999965],[-64.852102214999945,-21.095710344999929],[-64.852141608999943,-21.095900954999934],[-64.852180125999951,-21.096119653999949],[-64.852214646999983,-21.096345061999955],[-64.852245145999973,-21.096577023999942],[-64.852271603999952,-21.096815370999934],[-64.852294001999951,-21.097059939999951],[-64.852312317999974,-21.097310517999972],[-64.852326536999954,-21.097566893999954],[-64.852336647999948,-21.097828837999941],[-64.85234264199994,-21.09809629199998],[-64.852344506999941,-21.098368813999969],[-64.852342239999984,-21.098646125999949],[-64.852335841999945,-21.098927923999952],[-64.852325321999956,-21.099213916999929],[-64.852310689999968,-21.099503737999953],[-64.852291966999985,-21.09979703099998],[-64.852269174999947,-21.100093415999936],[-64.852242171999933,-21.100394294999944],[-64.852211120999982,-21.100697471999979],[-64.852176067999949,-21.101002505999929],[-64.852137064999965,-21.101308929999959],[-64.852094170999976,-21.101616290999971],[-64.852047456999969,-21.101924064999935],[-64.851997000999972,-21.102231745999973],[-64.851942888999986,-21.102538806999974],[-64.851885186999937,-21.102844851999976],[-64.851824022999949,-21.103149203999976],[-64.851759503999972,-21.103451317999941],[-64.85169174899994,-21.103750644999934],[-64.851620878999938,-21.104046643999936],[-64.851547025999935,-21.104338764999966],[-64.851470325999969,-21.104626472999939],[-64.851390918999982,-21.104909239999927],[-64.851341467999987,-21.105076470999961],[-64.851289184999985,-21.105244751999976],[-64.851234044999956,-21.105414156999927],[-64.851176021999947,-21.105584773999965],[-64.851115087999972,-21.105756677999977],[-64.85105120299994,-21.105929989999936],[-64.850984324999956,-21.106104819999928],[-64.850914404999969,-21.106281294999974],[-64.850841490999983,-21.106459306999966],[-64.850765423999974,-21.106639256999927],[-64.850686131999964,-21.106821317999959],[-64.850603522999961,-21.107005695999931],[-64.850517524999987,-21.10719255999993],[-64.850427985999943,-21.107382240999982],[-64.850237665999941,-21.107771343999957],[-64.850067013999933,-21.108106792999934],[-64.849883631999944,-21.108455941999978],[-64.849685630999943,-21.108822400999941],[-64.849469157999977,-21.109213308999927],[-64.84927752599998,-21.10955291199997],[-64.849061629999937,-21.109930292999934],[-64.848350860999972,-21.111157169999956],[-64.848096369999951,-21.111599435999949],[-64.847853164999947,-21.112028214999953],[-64.847637467999959,-21.112416142999962],[-64.847453275999953,-21.112754546999952],[-64.847264232999976,-21.113108398999941],[-64.847069944999987,-21.113478437999959],[-64.846869914999957,-21.113865615999941],[-64.846663776999947,-21.114270622999982],[-64.846450593999975,-21.114695296999969],[-64.846229498999946,-21.115141360999928],[-64.845999261999964,-21.115611300999944],[-64.845543177999957,-21.116556008999964],[-64.845032421999974,-21.11763080399993],[-64.844486359999962,-21.118792965999944],[-64.843332521999969,-21.121264320999956],[-64.842823867999982,-21.12234962399998],[-64.842288143999951,-21.123483530999977],[-64.841802289999976,-21.124500199999943],[-64.841519633999951,-21.125085309999974],[-64.84124632299995,-21.125645965999979],[-64.840980669999965,-21.126185628999963],[-64.840721577999943,-21.126706527999943],[-64.840467815999943,-21.127211120999959],[-64.840219029999957,-21.127700104999974],[-64.839974638999934,-21.12817462199996],[-64.839734203999967,-21.128635524999936],[-64.839447207999967,-21.12917757799994],[-64.839164916999948,-21.129701713999964],[-64.838886854999942,-21.130208813999957],[-64.838612649999959,-21.130699555999968],[-64.838341896999964,-21.131174661999978],[-64.838074397999947,-21.131634474999942],[-64.837809905999961,-21.132079418999979],[-64.837548216999949,-21.13250983599994],[-64.837288837999949,-21.132926521999934],[-64.837031920999948,-21.133329208999953],[-64.836777320999943,-21.133718129999977],[-64.836524911999959,-21.13409347399994],[-64.836274559999936,-21.134455442999979],[-64.836026177999941,-21.134804154999927],[-64.83577967399998,-21.135139744999947],[-64.835534960999951,-21.135462325999981],[-64.83539492999995,-21.135642091999955],[-64.835255451999956,-21.135817601999975],[-64.835116515999971,-21.135988871999928],[-64.834978107999973,-21.136155919999965],[-64.834840215999975,-21.136318757999959],[-64.834702829999969,-21.136477398999943],[-64.834565937999969,-21.13663185799993],[-64.834429530999955,-21.136782142999948],[-64.834293591999938,-21.136928272999967],[-64.834158118999937,-21.137070250999955],[-64.834023101999946,-21.13720808599993],[-64.833888533999982,-21.137341786999968],[-64.833754403999933,-21.137471362999975],[-64.833620705999977,-21.137596821999978],[-64.83348743199997,-21.137718167999935],[-64.833354575999977,-21.13783540999998],[-64.833222098999954,-21.137948579999943],[-64.833090024999933,-21.138057653999965],[-64.832958347999977,-21.138162639999962],[-64.832827062999968,-21.138263541999947],[-64.832696161999934,-21.138360362999947],[-64.832565639999984,-21.138453109999944],[-64.832435491999945,-21.138541783999983],[-64.832305712999982,-21.138626390999946],[-64.832176292999975,-21.138706934999959],[-64.832047231999979,-21.138783416999956],[-64.831918524999935,-21.138855839999962],[-64.831790165999962,-21.138924205999956],[-64.831662151999979,-21.138988519999941],[-64.83153447799998,-21.139048780999929],[-64.831407138999964,-21.139104991999943],[-64.83128013299995,-21.139157154999964],[-64.831153335999943,-21.13920531499997],[-64.831026866999935,-21.139249421999978],[-64.830900715999974,-21.139289477999966],[-64.830774884999983,-21.139325482999936],[-64.830649365999932,-21.139357439999969],[-64.830524158999935,-21.139385348999951],[-64.830399258999932,-21.13940920899995],[-64.830274663999944,-21.13942902399998],[-64.830150369999956,-21.13944479099996],[-64.830026372999953,-21.139456511999981],[-64.829902672999935,-21.139464187999977],[-64.829779263999967,-21.139467816999968],[-64.829656145999934,-21.139467400999933],[-64.829533314999935,-21.139462938999941],[-64.829410769999981,-21.13945443199998],[-64.829288506999944,-21.139441878999946],[-64.829166516999976,-21.139425277999976],[-64.829044804999967,-21.139404629999945],[-64.828923368999938,-21.139379935999955],[-64.828802204999988,-21.139351191999936],[-64.828681311999958,-21.139318400999969],[-64.828560689999961,-21.139281560999962],[-64.828440332999946,-21.139240671999971],[-64.828320241999961,-21.139195730999973],[-64.82820041399998,-21.139146740999934],[-64.828080845999978,-21.139093697999954],[-64.827961536999965,-21.139036602999965],[-64.827842486999941,-21.138975453999933],[-64.82772369199995,-21.138910249999981],[-64.827605151999933,-21.138840991999928],[-64.82748686399998,-21.138767677999965],[-64.827368826999987,-21.138690305999944],[-64.827241781999987,-21.138603165999939],[-64.82711237999996,-21.138511261999952],[-64.826980716999969,-21.138414660999956],[-64.826846893999971,-21.138313437999955],[-64.82671100999994,-21.138207669999929],[-64.82657319499998,-21.138097453999933],[-64.82643356799997,-21.137982888999943],[-64.82629226499995,-21.137864083999943],[-64.826149327999985,-21.137741070999937],[-64.826004998999963,-21.13761405899993],[-64.825859438999942,-21.137483183999962],[-64.825712811999949,-21.13734859799996],[-64.825565280999967,-21.137210448999951],[-64.825417039999934,-21.137068918999944],[-64.825268281999968,-21.136924189999945],[-64.825119205999954,-21.136776456999939],[-64.824969213999964,-21.136625106999929],[-64.824819327999933,-21.136471146999952],[-64.824520779999943,-21.136156334999953],[-64.824225412999965,-21.135833973999979],[-64.823935186999961,-21.135506201999931],[-64.823651995999967,-21.135175153999967],[-64.823377905999962,-21.134843236999927],[-64.823244879999947,-21.134677686999964],[-64.823114849999968,-21.134512798999936],[-64.822988044999988,-21.134348861999968],[-64.822864683999967,-21.134186163999971],[-64.822748083999954,-21.134027051999965],[-64.822634186999949,-21.13386406199993],[-64.822522944999946,-21.133697120999955],[-64.822414300999981,-21.133526146999941],[-64.82230820999996,-21.133351066999978],[-64.822204601999942,-21.133171767999954],[-64.822103412999979,-21.132988141999931],[-64.822004575999983,-21.132800061999944],[-64.821908130999986,-21.132607623999945],[-64.821813877999944,-21.132410445999938],[-64.821721733999937,-21.132208350999974],[-64.821631602999958,-21.13200113299996],[-64.821543405999932,-21.131788610999934],[-64.821457003999967,-21.131570452999938],[-64.821372271999962,-21.131346346999976],[-64.821289060999959,-21.131115898999951],[-64.821217818999969,-21.130910018999941],[-64.821147475999965,-21.130698635999977],[-64.821077894999974,-21.130481329999952],[-64.821008896999956,-21.130257556999936],[-64.82094036899997,-21.13002695199998],[-64.820871975999978,-21.129788409999946],[-64.820803428999966,-21.129540921999933],[-64.820734308999988,-21.129282977999935],[-64.820613576999961,-21.128813219999927],[-64.820484833999956,-21.128288519999955],[-64.820360628999936,-21.127764735999961],[-64.820040543999937,-21.126392773999953],[-64.819944071999942,-21.125989854999943],[-64.819855300999961,-21.125629045999972],[-64.819751857999961,-21.125223306999942],[-64.819651388999944,-21.124846247999983],[-64.819551978999982,-21.12449068799998],[-64.819452601999956,-21.124152988999981],[-64.819328731999974,-21.123756541999967],[-64.819265998999981,-21.12356581399996],[-64.819202583999981,-21.123379626999963],[-64.819138371999941,-21.123197636999976],[-64.819073298999967,-21.123019670999952],[-64.819007285999987,-21.122845515999927],[-64.818940267999949,-21.122674997999979],[-64.818872084999953,-21.122507718999941],[-64.818802773999948,-21.122343789999945],[-64.818732283999964,-21.12218308599995],[-64.818660565999949,-21.122025497999971],[-64.818587570999966,-21.121870913999942],[-64.818513258999985,-21.121719258999974],[-64.818437595999967,-21.121570453999936],[-64.818360541999937,-21.121424427999955],[-64.818158454999946,-21.121053348999965],[-64.817950940999935,-21.120681947999969],[-64.81773807899998,-21.120310363999977],[-64.817519949999962,-21.119938738999963],[-64.817296639999938,-21.11956721599995],[-64.817068232999986,-21.11919594099993],[-64.816834821999976,-21.118825059999949],[-64.816596497999967,-21.118454718999942],[-64.816353346999961,-21.118085053999948],[-64.816105474999972,-21.117716224999981],[-64.815852979999988,-21.117348376999928],[-64.815595964999943,-21.116981660999954],[-64.815334530999962,-21.116616221999948],[-64.815068785999983,-21.116252209999971],[-64.814798836999955,-21.115889770999956],[-64.814524792999975,-21.115529051999943],[-64.814246777999983,-21.115170215999967],[-64.813964892999934,-21.114813389999938],[-64.81367924999995,-21.114458719999959],[-64.813389963999953,-21.114106346999961],[-64.813097152999944,-21.113756413999965],[-64.81280093099997,-21.113409059999981],[-64.812501418999943,-21.113064422999969],[-64.812198733999935,-21.112722638999969],[-64.811893005999934,-21.112383854999962],[-64.811584343999982,-21.112048190999928],[-64.811272864999978,-21.111715775999983],[-64.810958691999986,-21.111386737999965],[-64.810641945999976,-21.111061203999952],[-64.810322741999983,-21.110739294999973],[-64.810001200999977,-21.110421129999963],[-64.809677440999963,-21.110106827999971],[-64.809352854999986,-21.109797704999949],[-64.809026298999981,-21.109492638999939],[-64.808697891999941,-21.109191735999957],[-64.808367745999988,-21.108895100999973],[-64.808035974999939,-21.108602838999957],[-64.807702690999974,-21.108315045999973],[-64.807368004999944,-21.108031817999972],[-64.807032026999934,-21.107753245999959],[-64.80669488999996,-21.107479443999978],[-64.806356674999961,-21.107210474999931],[-64.806017488999942,-21.106946422999954],[-64.80567743499995,-21.106687368999928],[-64.805336617999956,-21.106433393999964],[-64.804995136999935,-21.106184569999982],[-64.804653088999942,-21.10594096899996],[-64.804310571999963,-21.105702659999963],[-64.803967902999943,-21.105469857999935],[-64.803624954999975,-21.105242471999929],[-64.803281818999949,-21.105020560999947],[-64.802938584999936,-21.104804184999978],[-64.802595345999976,-21.104593398999953],[-64.802252181999961,-21.104388256999982],[-64.801909178999949,-21.104188806999957],[-64.801566418999982,-21.103995097999928],[-64.801224009999942,-21.103807188999951],[-64.800882000999934,-21.10362510799996],[-64.800540472999955,-21.103448897999954],[-64.800199498999973,-21.103278594999949],[-64.799859154999979,-21.103114237999932],[-64.799519508999936,-21.102955859999952],[-64.799180632999935,-21.102803492999954],[-64.798842591999971,-21.10265716899994],[-64.798693199999946,-21.102595709999946],[-64.798540813999978,-21.102536886999928],[-64.798385419999988,-21.102480692999961],[-64.798227003999955,-21.102427122999927],[-64.798065552999958,-21.102376172999982],[-64.797901046999982,-21.102327835999972],[-64.797733468999979,-21.10228210799994],[-64.797562798999934,-21.10223898299995],[-64.797389032999945,-21.102198459999954],[-64.797212135999985,-21.102160528999946],[-64.797032081999987,-21.102125186999956],[-64.796848849999947,-21.102092426999945],[-64.796662412999979,-21.102062244999956],[-64.796472741999935,-21.102034637999964],[-64.796279808999941,-21.102009598999928],[-64.796083578999969,-21.101987125999983],[-64.795884271999967,-21.101967237999929],[-64.79568160499997,-21.101949899999966],[-64.795475539999984,-21.101935109999943],[-64.795266031999972,-21.101922864999949],[-64.79505304099996,-21.10191316199996],[-64.794836511999961,-21.10190599799995],[-64.794616389999987,-21.10190137099994],[-64.794392616999971,-21.10189928099993],[-64.794165198999963,-21.101899726999932],[-64.793933996999954,-21.101902705999976],[-64.793698936999988,-21.101908221999963],[-64.793459933999941,-21.101916273999962],[-64.793216910999945,-21.101926864999939],[-64.792969752999966,-21.101940001999935],[-64.792718352999941,-21.101955688999965],[-64.792462582999974,-21.101973932999954],[-64.79202883499994,-21.102009817999942],[-64.791581988999951,-21.102052812999943],[-64.791121197999985,-21.102102998999953],[-64.790645337999933,-21.102160497999932],[-64.790153703999977,-21.10222538499994],[-64.789643909999938,-21.102297962999955],[-64.789113781999959,-21.102378542999929],[-64.788559979999945,-21.102467630999968],[-64.788086206999935,-21.102547338999955],[-64.78758987599997,-21.102633848999972],[-64.787066134999975,-21.102728002999982],[-64.786505334999958,-21.10283153499995],[-64.785456730999954,-21.103030653999951],[-64.782960191999962,-21.103513619999944],[-64.78229711299997,-21.10363891399993],[-64.781704979999972,-21.103747986999963],[-64.781072040999959,-21.103860588999964],[-64.780485887999987,-21.103960176999976],[-64.779935904999945,-21.10404854899997],[-64.779416521999963,-21.104126597999937],[-64.779124012999944,-21.10416788699996],[-64.778839936999987,-21.104205928999932],[-64.778563739999981,-21.104240797999978],[-64.778294980999988,-21.104272549999962],[-64.778033190999963,-21.104301239999927],[-64.777778118999947,-21.10432689299995],[-64.777529465999976,-21.10434953999993],[-64.777286983999943,-21.104369203999966],[-64.777050137999936,-21.104385922999938],[-64.776819053999986,-21.10439968299994],[-64.776593552999941,-21.104410493999978],[-64.776373479999961,-21.104418363999969],[-64.776158670999962,-21.104423299999951],[-64.775949019999985,-21.104425300999935],[-64.775744409999959,-21.104424369999947],[-64.775544735999972,-21.10442050599994],[-64.775308343999939,-21.104411847999927],[-64.775078962999942,-21.104398840999977],[-64.774856451999938,-21.104381477999937],[-64.774640687999977,-21.104359747999979],[-64.774431546999949,-21.104333637999957],[-64.774228938999954,-21.104303137999977],[-64.774032771999941,-21.104268231999981],[-64.773842962999936,-21.104228905999946],[-64.773659373999976,-21.104185128999973],[-64.77348200299997,-21.104136896999933],[-64.773310786999957,-21.104084191999959],[-64.773145667999984,-21.104026996999949],[-64.772986591999938,-21.103965292999931],[-64.772833511999977,-21.103899061999982],[-64.772686387999954,-21.103828284999963],[-64.772545176999984,-21.10375294399995],[-64.772409645999971,-21.103672894999931],[-64.772279977999972,-21.103588226999932],[-64.772156139999936,-21.103498921999972],[-64.772038106999958,-21.103404959999978],[-64.771925848999956,-21.103306317999966],[-64.771819347999951,-21.103202975999977],[-64.771718580999959,-21.103094915999975],[-64.771623527999964,-21.102982115999964],[-64.771534163999945,-21.102864543999942],[-64.771450482999967,-21.102742188999969],[-64.771372471999939,-21.10261503199996],[-64.771300116999953,-21.102483051999968],[-64.771233405999965,-21.102346226999941],[-64.771172329999956,-21.102204535999931],[-64.771116880999955,-21.102057959999968],[-64.771067048999953,-21.101906477999933],[-64.771034700999962,-21.101796896999929],[-64.771003711999981,-21.101684396999929],[-64.770945838999978,-21.101450751999948],[-64.770893485999977,-21.101205769999979],[-64.770846708999954,-21.100949713999967],[-64.77080555799995,-21.100682836999965],[-64.770770084999981,-21.100405489999957],[-64.77074033699995,-21.100118023999983],[-64.770716353999944,-21.099820827999963],[-64.770698151999966,-21.099513944999956],[-64.770685789999959,-21.099198202999958],[-64.770679289999975,-21.098874101999968],[-64.770678661999966,-21.09854219999994],[-64.770683908999956,-21.098203031999958],[-64.770695020999938,-21.097857289999979],[-64.770711974999983,-21.09750564999996],[-64.770734738999977,-21.097148840999978],[-64.77076354899998,-21.096784316999958],[-64.77079815899998,-21.096416136999949],[-64.770838486999935,-21.096045162999928],[-64.770884434999971,-21.095672296999965],[-64.77093589499998,-21.095298429999957],[-64.770992730999978,-21.094924549999973],[-64.771054797999966,-21.094551622999973],[-64.771121929999936,-21.094180628999936],[-64.771193959999948,-21.093812508999974],[-64.771270688999948,-21.093448274999957],[-64.771351914999968,-21.093088893999948],[-64.771437423999942,-21.092735305999952],[-64.771526987999948,-21.092388454999934],[-64.771620383999959,-21.092049196999938],[-64.771717378999938,-21.091718382999943],[-64.771817738999971,-21.091396811999971],[-64.771874734999983,-21.091227754999977],[-64.771937616999935,-21.091056379999941],[-64.772006516999966,-21.09088232199997],[-64.772081622999963,-21.090705105999973],[-64.772163053999975,-21.090524431999938],[-64.772251238999957,-21.090339320999931],[-64.772346595999977,-21.09014889599996],[-64.77244978899995,-21.089951825999947],[-64.772538624999981,-21.089788167999927],[-64.772633809999945,-21.089617762999978],[-64.772736327999951,-21.089438844999961],[-64.77284816599996,-21.089247943999965],[-64.773059498999942,-21.088895629999968],[-64.773573285999987,-21.088052352999966],[-64.773708528999975,-21.087826111999959],[-64.773828418999983,-21.087621524999975],[-64.773951181999962,-21.087406576999967],[-64.774063319999982,-21.087203840999962],[-64.774166675999936,-21.087009979999948],[-64.774262200999942,-21.086823201999948],[-64.774355982999964,-21.086630810999964],[-64.774442294999972,-21.086443668999948],[-64.774521567999955,-21.086260842999934],[-64.774594082999954,-21.08608167899996],[-64.774660128999983,-21.085905448999938],[-64.774719798999968,-21.085731882999937],[-64.774773224999933,-21.085560597999972],[-64.774820499999976,-21.085391289999961],[-64.774881366999978,-21.085147045999975],[-64.774936794999974,-21.084898574999954],[-64.774986792999982,-21.084645837999972],[-64.775031370999955,-21.084388785999977],[-64.775070535999987,-21.084127379999927],[-64.775104297999974,-21.083861554999942],[-64.775132664999944,-21.083591250999973],[-64.775155642999948,-21.083316398999955],[-64.775173232999975,-21.083037041999944],[-64.77518545199996,-21.082752979999952],[-64.775192301999937,-21.082464117999962],[-64.775193787999967,-21.082170346999931],[-64.775189908999948,-21.081871569999976],[-64.775180665999983,-21.081567622999955],[-64.775166051999975,-21.081258350999974],[-64.77514605999994,-21.080943567999952],[-64.775121167999941,-21.080628752999928],[-64.775091053999972,-21.080308180999964],[-64.775055691999967,-21.079981587999953],[-64.775015046999954,-21.079648642999928],[-64.774969090999946,-21.079309093999939],[-64.774917744999982,-21.078962347999948],[-64.774860930999978,-21.078607860999966],[-64.774798528999952,-21.078244901999938],[-64.774731312999961,-21.07787749299996],[-64.774658299999942,-21.077499842999941],[-64.774579224999968,-21.07711057399996],[-64.774493652999979,-21.076707545999966],[-64.774401680999972,-21.076291030999982],[-64.77430170599996,-21.075853604999963],[-64.774192340999946,-21.075389149999978],[-64.774069809999958,-21.074881623999943],[-64.773960340999963,-21.074437896999939],[-64.773855526999967,-21.074023328999942],[-64.773753275999979,-21.073629653999944],[-64.773652587999948,-21.073253028999943],[-64.773552245999952,-21.072888982999928],[-64.773452167999949,-21.072537286999932],[-64.773351931999969,-21.07219645999993],[-64.773251245999973,-21.071865511999931],[-64.773148917999947,-21.071540680999931],[-64.773045673999945,-21.071224435999966],[-64.772941339999932,-21.070916236999949],[-64.772835778999934,-21.070615678999957],[-64.772728833999963,-21.07032232499995],[-64.77262043199994,-21.070035978999954],[-64.772510480999983,-21.069756393999967],[-64.772398900999974,-21.069483370999933],[-64.772284003999971,-21.069213002999959],[-64.772167291999949,-21.068949044999954],[-64.772048702999939,-21.068691357999967],[-64.771928182999943,-21.068439827999953],[-64.771805674999939,-21.068194332999951],[-64.771681141999977,-21.067954801999974],[-64.771554543999969,-21.067721154999958],[-64.771425841999985,-21.06749332399994],[-64.771294953999984,-21.067271165999955],[-64.771161892999942,-21.067054711999958],[-64.771026629999938,-21.066843910999978],[-64.770889136999983,-21.066638721999936],[-64.770749385999977,-21.066439099999968],[-64.770607352999946,-21.066245015999982],[-64.770463017999987,-21.066056438999965],[-64.770316357999945,-21.065873339999939],[-64.77015367499996,-21.065678958999968],[-64.769984669999985,-21.065485089999981],[-64.769809438999971,-21.065291841999965],[-64.769628084999965,-21.065099330999942],[-64.769440714999973,-21.064907668999979],[-64.769247458999985,-21.064716989999965],[-64.769048449999957,-21.064527425999927],[-64.76884383099997,-21.064339111999971],[-64.76863364999997,-21.064152097999965],[-64.768418172999986,-21.063966624999978],[-64.768197573999942,-21.063782842999956],[-64.767972044999965,-21.06360091099998],[-64.767741770999976,-21.063420979999933],[-64.76750698099994,-21.063243228999966],[-64.767267899999979,-21.06306782799993],[-64.767024771999957,-21.06289495599998],[-64.766776759999971,-21.062724053999943],[-64.766525190999971,-21.06255607099996],[-64.766270347999978,-21.062391196999954],[-64.766012529999955,-21.06222962399994],[-64.765752030999977,-21.062071536999952],[-64.765489189999983,-21.06191714199997],[-64.765224340999964,-21.061766636999948],[-64.764957831999936,-21.061620217999973],[-64.764689911999938,-21.061478024999928],[-64.764421051999932,-21.06134031199997],[-64.764151624999954,-21.061207267999976],[-64.763882014999979,-21.061079083999971],[-64.763612596999963,-21.060955938999939],[-64.763343769999949,-21.060838013999955],[-64.763075924999953,-21.060725481999953],[-64.762809454999967,-21.060618507999948],[-64.762646199999949,-21.060556196999983],[-64.762481173999959,-21.060496575999935],[-64.762314362999973,-21.060439637999934],[-64.762145747999966,-21.060385375999942],[-64.761975314999972,-21.060333785999944],[-64.76180304199994,-21.060284862999936],[-64.761628913999971,-21.060238598999945],[-64.761452907999967,-21.060194991999936],[-64.761275015999956,-21.060154036999961],[-64.761095203999957,-21.060115726999982],[-64.76091344799994,-21.060080055999947],[-64.760729719999972,-21.060047018999967],[-64.760543996999957,-21.060016612999959],[-64.760356248999983,-21.059988829999952],[-64.760166445999971,-21.059963667999966],[-64.759974553999939,-21.059941121999941],[-64.75978078199995,-21.05992120999997],[-64.759584855999947,-21.059903899999938],[-64.759386735999954,-21.059889188999932],[-64.759186382999985,-21.059877071999949],[-64.758983755999964,-21.059867548999932],[-64.758778800999949,-21.059860614999934],[-64.758571467999957,-21.059856269999955],[-64.758361699999966,-21.059854510999969],[-64.758149500999934,-21.059855338999967],[-64.757934744999943,-21.059858751999968],[-64.757717359999958,-21.059864750999964],[-64.757497270999977,-21.059873338999978],[-64.757274403999986,-21.059884517999933],[-64.757048655999938,-21.059898293999936],[-64.756819929999949,-21.059914670999945],[-64.756588110999985,-21.059933657999977],[-64.75638651099996,-21.059952051999971],[-64.756182455999976,-21.059972383999934],[-64.755766604999963,-21.060018905999982],[-64.755339725999988,-21.060073316999933],[-64.754900715999952,-21.060135755999966],[-64.75444889399995,-21.060206308999966],[-64.753981919999944,-21.060285327999964],[-64.753497674999949,-21.060373167999956],[-64.752992888999984,-21.060470424999949],[-64.752571367999963,-21.060555566999938],[-64.752130461999968,-21.060647968999945],[-64.751665694999986,-21.060748564999983],[-64.751168123999946,-21.060859287999961],[-64.750253253999972,-21.061068870999975],[-64.748165271999937,-21.061556483999937],[-64.747651212999983,-21.061674124999968],[-64.747188161999986,-21.061777907999954],[-64.746741657999962,-21.061875414999975],[-64.74632233899996,-21.061964154999941],[-64.745924111999955,-21.062045414999943],[-64.745543575999932,-21.062119887999927],[-64.744552874999954,-21.062306731999968],[-64.742259999999987,-21.062732252999979],[-64.741198224999948,-21.062933834999967],[-64.74056522799998,-21.063057454999978],[-64.73997454199997,-21.063175928999954],[-64.739414817999943,-21.063291539999966],[-64.738880412999947,-21.063405454999952],[-64.73830058599998,-21.063533520999954],[-64.737743533999947,-21.063661506999949],[-64.737206097999945,-21.06379014099997],[-64.736686177999957,-21.063919926999972],[-64.736181465999948,-21.064051448999976],[-64.73569123599998,-21.064184906999969],[-64.735214367999959,-21.064320605999967],[-64.73475001099996,-21.064458788999957],[-64.734505433999971,-21.064534132999938],[-64.734264156999984,-21.064610286999937],[-64.734026086999961,-21.06468727999993],[-64.733791142999962,-21.064765138999974],[-64.733559239999977,-21.064843891999942],[-64.733330318999947,-21.064923560999944],[-64.733104311999966,-21.065004166999927],[-64.732881163999934,-21.065085729999964],[-64.73266076799996,-21.065168291999953],[-64.73244312199995,-21.065251850999971],[-64.732228180999982,-21.065336426999977],[-64.732015899999965,-21.065422036999962],[-64.731806232999986,-21.065508698999963],[-64.731599144999961,-21.065596427999935],[-64.731394600999977,-21.065685238999947],[-64.731192566999937,-21.065775145999964],[-64.730992820999973,-21.065866252999967],[-64.730795525999952,-21.065958485999943],[-64.730600655999979,-21.06605185899997],[-64.730408185999977,-21.066146382999932],[-64.730218086999969,-21.066242074999934],[-64.730030337999949,-21.06633894099997],[-64.729844915999934,-21.066436995999936],[-64.729661802999942,-21.066536249999956],[-64.729480964999937,-21.066636719999963],[-64.72930239599998,-21.066738408999981],[-64.729126077999979,-21.066841329999932],[-64.728951994999932,-21.066945489999966],[-64.728780129999961,-21.067050900999959],[-64.728610466999953,-21.067157569999949],[-64.728442994999966,-21.067265506999945],[-64.728277697999943,-21.067374719999975],[-64.728103038999961,-21.067495260999976],[-64.727929867999933,-21.067622204999964],[-64.727758106999943,-21.067755614999953],[-64.727587662999952,-21.067895557999975],[-64.727418456999942,-21.068042100999946],[-64.727250370999968,-21.068195344999936],[-64.727083292999964,-21.068355390999955],[-64.726917096999955,-21.068522358999928],[-64.726751884999942,-21.068696131999957],[-64.726587266999957,-21.068877101999931],[-64.72642308099995,-21.069065447999947],[-64.726259132999985,-21.069261389999951],[-64.726095268999984,-21.069465109999953],[-64.725931187999947,-21.069676978999951],[-64.725766617999966,-21.069897346999937],[-64.725601220999977,-21.070126667999943],[-64.725466309999945,-21.07031944299996],[-64.725330350999968,-21.070518809999953],[-64.725193059999981,-21.070725180999943],[-64.725054073999956,-21.070939103999933],[-64.724913154999967,-21.071160931999941],[-64.724769569999978,-21.071391812999934],[-64.724622660999955,-21.071632801999954],[-64.724471444999949,-21.071885510999948],[-64.724212157999943,-21.072328537999965],[-64.72392722799998,-21.072826898999949],[-64.72365364999996,-21.073313334999966],[-64.722978351999984,-21.074523256999953],[-64.722616503999973,-21.075161529999946],[-64.722427315999937,-21.075488611999958],[-64.722248435999973,-21.075792381999975],[-64.722076669999979,-21.076078264999978],[-64.721910328999968,-21.076349063999942],[-64.721720825999967,-21.076649628999974],[-64.721535494999955,-21.076934780999977],[-64.721353204999957,-21.077206257999933],[-64.721173181999973,-21.077465212999982],[-64.720994550999933,-21.077712882999947],[-64.720817014999966,-21.077949669999953],[-64.720640121999963,-21.078176170999939],[-64.720463517999974,-21.078392839999935],[-64.720362012999942,-21.07851308499994],[-64.720260445999941,-21.078630270999952],[-64.720158767999976,-21.078744456999971],[-64.720056933999956,-21.07885569299998],[-64.71995489699998,-21.078964029999952],[-64.719852620999973,-21.079069505999939],[-64.719750070999964,-21.079172157999949],[-64.719647209999948,-21.079272019999962],[-64.719543977999933,-21.07936915199997],[-64.719440372999941,-21.079463554999961],[-64.719336363999957,-21.079555252999967],[-64.719231925999964,-21.079644272999928],[-64.719127027999946,-21.079730637999944],[-64.719021648999956,-21.079814365999937],[-64.718915765999952,-21.07989547699998],[-64.718809353999973,-21.079973988999939],[-64.718702261999965,-21.080050005999965],[-64.718594597999981,-21.080123447999938],[-64.718486342999938,-21.080194326999958],[-64.718377477999979,-21.080262656999935],[-64.718267981999986,-21.080328448999978],[-64.718157839999947,-21.080391713999973],[-64.718047035999973,-21.080452459999947],[-64.717935550999982,-21.080510697999955],[-64.717823361999933,-21.080566437999948],[-64.717710461999957,-21.080619684999931],[-64.717596835999984,-21.080670444999953],[-64.717482470999983,-21.08071872499994],[-64.71736735199994,-21.080764529999954],[-64.717251465999936,-21.08080786499994],[-64.71713479999994,-21.08084873699994],[-64.717017340999973,-21.080887147999931],[-64.716499273999943,-21.08104820099993],[-64.716058585999974,-21.08117945999993],[-64.715850742999976,-21.081238846999952],[-64.715650449999941,-21.081294266999976],[-64.715456462999953,-21.081346061999966],[-64.715268057999936,-21.081394425999974],[-64.715081446999932,-21.081440277999945],[-64.714899579999951,-21.081482837999943],[-64.714722108999979,-21.081522186999962],[-64.714548787999945,-21.081558378999944],[-64.714379346999976,-21.081591470999967],[-64.714213688999962,-21.081621476999942],[-64.714051679999955,-21.081648424999969],[-64.713893213999938,-21.081672330999936],[-64.713735281999959,-21.081693576999953],[-64.713580855999965,-21.081711687999928],[-64.71342986999997,-21.081726672999935],[-64.713282266999954,-21.081738536999978],[-64.71313799099994,-21.08174728399996],[-64.71299701199996,-21.081752915999971],[-64.712859293999941,-21.081755434999934],[-64.712724808999951,-21.081754840999963],[-64.712593485999946,-21.081751130999976],[-64.712465350999935,-21.081744304999972],[-64.712340380999933,-21.081734362999953],[-64.712218561999975,-21.081721301999949],[-64.712099874999979,-21.081705119999981],[-64.71198431199997,-21.081685817999983],[-64.711871859999974,-21.08166339099995],[-64.711762508999982,-21.08163783699996],[-64.711693138999976,-21.081619466999939],[-64.71162396699998,-21.081599302999962],[-64.711554988999978,-21.081577343999982],[-64.711486194999964,-21.081553587999963],[-64.711417580999978,-21.081528031999937],[-64.711349137999946,-21.081500672999937],[-64.711212731999979,-21.081440534999956],[-64.711076921999961,-21.081373149999934],[-64.710941623999986,-21.081298476999962],[-64.710806758999979,-21.081216472999927],[-64.710672235999937,-21.081127081999966],[-64.710538137999947,-21.081030374999955],[-64.710404174999951,-21.080926157999954],[-64.710270230999981,-21.080814338999971],[-64.710136161999969,-21.080694799999947],[-64.710001855999963,-21.080567444999929],[-64.709867086999964,-21.080432062999932],[-64.709731654999985,-21.080288450999944],[-64.709595302999958,-21.080136338999978],[-64.709484894999946,-21.080007755999929],[-64.709373518999939,-21.079873259999943],[-64.709260963999952,-21.079732597999964],[-64.709146958999952,-21.079585429999952],[-64.709031330999949,-21.079431540999963],[-64.708913529999961,-21.079270206999979],[-64.708793065999942,-21.079100761999939],[-64.708669210999972,-21.078922175999935],[-64.708451213999979,-21.078598301999932],[-64.708212381999942,-21.078232020999963],[-64.707981199999949,-21.077869416999931],[-64.707411746999981,-21.076966772999981],[-64.707251285999973,-21.076716227999952],[-64.707106791999934,-21.076494236999963],[-64.706944901999975,-21.076250885999968],[-64.706792807999932,-21.076028616999963],[-64.706647576999956,-21.075823147999927],[-64.706507675999944,-21.07563231499995],[-64.706317392999949,-21.075373915999933],[-64.706130473999963,-21.075112186999945],[-64.705946897999979,-21.074847098999953],[-64.705766642999947,-21.074578618999965],[-64.705589688999964,-21.074306716999956],[-64.705416009999965,-21.074031353999942],[-64.705245583999954,-21.073752494999951],[-64.705078385999968,-21.073470099999952],[-64.704914407999979,-21.073184154999979],[-64.704753607999976,-21.07289458899993],[-64.704595961999985,-21.072601357999929],[-64.704441440999972,-21.072304411999937],[-64.704290023999988,-21.07200370399994],[-64.704141677999985,-21.071699173999946],[-64.703996375999964,-21.071390764999933],[-64.703854087999957,-21.071078413999942],[-64.703714978999983,-21.070762502999969],[-64.703578812999979,-21.070442524999976],[-64.703445561999956,-21.070118405999949],[-64.703315189999955,-21.06979006399996],[-64.703187666999952,-21.06945742299996],[-64.703062953999961,-21.069120380999948],[-64.702941015999954,-21.068778839999936],[-64.702821810999978,-21.068432691999931],[-64.702705341999945,-21.068081939999956],[-64.702591523999956,-21.067726343999936],[-64.702480313999956,-21.067365768999935],[-64.702371666999966,-21.067000065999935],[-64.702265541999964,-21.066629096999975],[-64.702161881999984,-21.066252663999933],[-64.702060632999974,-21.065870576999941],[-64.701961738999955,-21.065482617999976],[-64.701882229999967,-21.065159406999953],[-64.701804233999951,-21.064831934999972],[-64.701727713999958,-21.064500043999942],[-64.701652628999966,-21.064163562999966],[-64.701578944999937,-21.063822331999972],[-64.701506608999978,-21.063476110999943],[-64.701435573999959,-21.063124673999937],[-64.70136578499995,-21.062767754999982],[-64.701297279999949,-21.062405572999978],[-64.701229901999966,-21.062037308999948],[-64.701163582999982,-21.061662602999945],[-64.701098245999958,-21.061281023999982],[-64.701033830999961,-21.060892213999978],[-64.700970218999942,-21.060495483999944],[-64.700844980999932,-21.059675527999957],[-64.700742934999937,-21.058967733999964],[-64.700641248999943,-21.058226060999971],[-64.70053889199994,-21.057443030999934],[-64.700433958999952,-21.056604095999944],[-64.70034293599997,-21.05584963299998],[-64.700244360999932,-21.055009373999951],[-64.699910003999946,-21.052081229999942],[-64.69977610899997,-21.05092998899994],[-64.699634335999974,-21.049756988999945],[-64.699500274999934,-21.048704093999959],[-64.699420937999946,-21.048109532999945],[-64.699341778999951,-21.04753805799993],[-64.699262288999932,-21.046986001999983],[-64.699182115999974,-21.046450927999956],[-64.699100850999969,-21.045930151999983],[-64.699018354999964,-21.045422817999963],[-64.698934415999986,-21.044927614999949],[-64.698848860999988,-21.04444353699995],[-64.698743848999982,-21.043876111999964],[-64.698636057999977,-21.043322202999946],[-64.698525279999956,-21.042780741999934],[-64.698411343999965,-21.042250883999941],[-64.698294049999959,-21.041731722999941],[-64.698173290999932,-21.04122278899996],[-64.698048932999939,-21.040723516999947],[-64.697920855999939,-21.040233434999948],[-64.697788771999967,-21.039751476999982],[-64.69765274599996,-21.039277928999979],[-64.697512678999942,-21.038812447999931],[-64.697368480999955,-21.038354736999963],[-64.697220055999935,-21.037904486999935],[-64.697067334999986,-21.037461495999935],[-64.696910240999955,-21.037025537999966],[-64.696748700999933,-21.036596414999963],[-64.696557565999967,-21.036109248999935],[-64.696356011999967,-21.035614479999936],[-64.69614361899994,-21.03511107199995],[-64.695919819999972,-21.034597678999944],[-64.695684248999953,-21.034073435999971],[-64.695435689999954,-21.033535600999983],[-64.695173003999969,-21.03298170599993],[-64.694894426999952,-21.032408031999978],[-64.694653828999947,-21.031922148999968],[-64.69439910899996,-21.031415872999958],[-64.694127681999987,-21.03088405699998],[-64.69383443199996,-21.030316675999927],[-64.693277319999936,-21.02925341699995],[-64.692265618999954,-21.027342345999955],[-64.691876654999987,-21.026604385999974],[-64.691486306999934,-21.025856787999942],[-64.691138791999947,-21.025182279999967],[-64.690763622999953,-21.024441111999977],[-64.690418686999976,-21.023744201999932],[-64.690097812999966,-21.023079069999937],[-64.689945386999966,-21.022756323999943],[-64.689797861999978,-21.022439193999958],[-64.68963056299998,-21.022073278999983],[-64.689469304999932,-21.021713557999931],[-64.689313789999972,-21.021359368999981],[-64.689163784999948,-21.021010177999983],[-64.689019045999942,-21.020665410999982],[-64.688879441999973,-21.020324759999937],[-64.688744825999947,-21.019987858999968],[-64.688615072999937,-21.019654396999954],[-64.68848991599998,-21.019323668999959],[-64.688369425999952,-21.018995850999943],[-64.688253518999943,-21.018670709999981],[-64.688142121999988,-21.018348040999967],[-64.688035161999949,-21.018027630999939],[-64.687932590999935,-21.01770933499995],[-64.687834356999986,-21.017392993999977],[-64.687740416999986,-21.01707846499994],[-64.687672791999944,-21.016839950999952],[-64.687607642999978,-21.016594958999974],[-64.687544837999951,-21.016342995999935],[-64.687484213999937,-21.016083410999954],[-64.687425664999978,-21.015815779999969],[-64.687368890999949,-21.015538764999974],[-64.687313640999946,-21.015251143999933],[-64.687259559999973,-21.014951076999978],[-64.687215220999974,-21.01469067499994],[-64.687171030999934,-21.014417915999957],[-64.687080944999934,-21.013821880999956],[-64.686998459999984,-21.013235616999964],[-64.686795891999964,-21.011744632999978],[-64.686734882999986,-21.011317998999971],[-64.686677293999935,-21.010935677999953],[-64.686609104999945,-21.010511697999959],[-64.686540520999984,-21.010117266999941],[-64.686470263999979,-21.009745051999971],[-64.686397615999965,-21.009391293999954],[-64.68635218999998,-21.009184719999951],[-64.686305567999966,-21.008983390999958],[-64.686257655999952,-21.008786903999976],[-64.686208377999947,-21.008594940999956],[-64.686157641999955,-21.00840716099998],[-64.686105401999953,-21.00822338699993],[-64.68605159599997,-21.008043407999935],[-64.685996171999932,-21.007867045999944],[-64.685938999999962,-21.00769390499994],[-64.685880106999946,-21.007524090999937],[-64.685819450999986,-21.007357474999935],[-64.685756990999948,-21.007193947999951],[-64.685692682999957,-21.007033393999961],[-64.685626494999951,-21.006875738999952],[-64.685558392999951,-21.006720898999959],[-64.685488345999943,-21.006568800999958],[-64.685380921999979,-21.006343730999959],[-64.685270500999934,-21.006118142999981],[-64.685157171999947,-21.005892218999975],[-64.68504102299994,-21.005666135999945],[-64.684922146999952,-21.005440072999932],[-64.684800628999938,-21.005214193999961],[-64.684676560999947,-21.004988664999928],[-64.684550029999969,-21.004763646999947],[-64.684421157999964,-21.004539356999942],[-64.684289999999976,-21.004315887999951],[-64.684156644999973,-21.004093387999944],[-64.684021175999987,-21.003871998999955],[-64.683883680999941,-21.003651866999974],[-64.683744242999978,-21.003433116999929],[-64.683602940999947,-21.003215879999971],[-64.683459855999956,-21.003000276999956],[-64.683315366999977,-21.002786866999941],[-64.683169258999953,-21.002575315999934],[-64.683021603999975,-21.002365734999955],[-64.682872477999979,-21.00215822499996],[-64.682721955999966,-21.001952892999952],[-64.682570100999953,-21.001749827999959],[-64.682416984999975,-21.001549119999936],[-64.682262671999979,-21.001350855999931],[-64.682107258999963,-21.001155159999939],[-64.68195077699994,-21.000962068999968],[-64.681793284999969,-21.000771656999973],[-64.681634843999973,-21.000583994999943],[-64.681475511999963,-21.000399154999968],[-64.681315342999937,-21.000217194999948],[-64.681154389999961,-21.000038178999944],[-64.680992704999937,-20.999862162999932],[-64.680832111999962,-20.999691071999962],[-64.68067089799996,-20.99952301999997],[-64.680509110999935,-20.999358054999959],[-64.680346792999956,-20.999196220999977],[-64.680183990999979,-20.999037562999945],[-64.680020739999975,-20.998882118999973],[-64.679857084999981,-20.998729926999943],[-64.679693060999966,-20.998581023999975],[-64.679528724999955,-20.99843545899995],[-64.679364095999972,-20.998293246999935],[-64.679199206999954,-20.998154416999967],[-64.679034090999949,-20.998018999999942],[-64.678868784999963,-20.99788702099994],[-64.678703316999986,-20.997758506999958],[-64.678537716999983,-20.997633478999944],[-64.678372014999979,-20.99751195999994],[-64.678206354999986,-20.997394049999969],[-64.678040647999978,-20.997279685999956],[-64.677874920999955,-20.997168883999962],[-64.677709200999971,-20.997061661999965],[-64.677543513999979,-20.996958036999956],[-64.677377880999984,-20.996858021999969],[-64.677212324999971,-20.996761632999949],[-64.67704686999997,-20.996668879999959],[-64.676881545999947,-20.996579782999959],[-64.676716365999937,-20.996494345999963],[-64.676551347999975,-20.996412580999959],[-64.676386512999954,-20.996334495999974],[-64.676221879999957,-20.996260100999962],[-64.676057466999964,-20.996189404999939],[-64.675893290999966,-20.996122413999956],[-64.675729370999932,-20.996059134999939],[-64.675596313999961,-20.996010337999962],[-64.67546135799995,-20.995963029999928],[-64.675324515999932,-20.995917214999963],[-64.675185801999987,-20.99587289599998],[-64.675045230999956,-20.995830079999962],[-64.674902816999975,-20.995788769999933],[-64.674758575999988,-20.995748970999955],[-64.67461252399994,-20.995710686999928],[-64.674464671999942,-20.99567392199998],[-64.674315042999979,-20.995638681999935],[-64.674163655999962,-20.995604969999931],[-64.674010530999965,-20.995572790999972],[-64.673855685999968,-20.995542148999959],[-64.673699141999975,-20.995513048999953],[-64.673540921999972,-20.995485494999969],[-64.673381047999953,-20.995459488999927],[-64.673219457999949,-20.99543502399996],[-64.673056261999932,-20.995412117999933],[-64.672891481999955,-20.995390773999929],[-64.672725146999937,-20.995370994999973],[-64.672557280999968,-20.995352784999966],[-64.672387914999945,-20.995336146999932],[-64.672217079999939,-20.995321082999965],[-64.672044803999938,-20.995307597999954],[-64.671696037999936,-20.995285366999951],[-64.671341913999981,-20.99526947399994],[-64.670982724999988,-20.995259931999954],[-64.670618789999935,-20.995256751999932],[-64.670247808999932,-20.995259978999968],[-64.669872733999966,-20.995269655999948],[-64.669493963999969,-20.995285773999967],[-64.669111934999933,-20.995308313999942],[-64.668727055999966,-20.995337251999956],[-64.668339872999979,-20.995372549999956],[-64.667950901999973,-20.995414159999939],[-64.667560709999975,-20.99546202199997],[-64.667169415999979,-20.995516129999942],[-64.666778116999978,-20.99557634699994],[-64.666387463999968,-20.995642569999973],[-64.665998158999969,-20.995714680999981],[-64.665610862999984,-20.995792558999938],[-64.665226386999962,-20.995876042999953],[-64.664845502999981,-20.995964963999938],[-64.664469014999952,-20.996059134999939],[-64.664154731999986,-20.996141603999945],[-64.663849107999965,-20.996224217999952],[-64.663551328999972,-20.996307195999975],[-64.663260941999965,-20.996390663999932],[-64.662977420999937,-20.996474777999936],[-64.662700715999961,-20.99655955299994],[-64.66243064799994,-20.996645043999933],[-64.662167101999955,-20.996731288999968],[-64.661909581999964,-20.996818455999971],[-64.661658449999948,-20.996906429999967],[-64.661413652999954,-20.996995228999936],[-64.661175158999981,-20.997084865999966],[-64.660942929999976,-20.997175353999978],[-64.660716961999981,-20.99726669599994],[-64.660497239999984,-20.99735889599998],[-64.660283758999981,-20.997451958999932],[-64.660076047999951,-20.997546100999955],[-64.659874596999941,-20.99764111199994],[-64.659679407999988,-20.997736993999979],[-64.659490478999942,-20.997833742999944],[-64.659307811999952,-20.997931361999974],[-64.659131410999976,-20.998029846999941],[-64.658961278999982,-20.998129197999958],[-64.658797418999939,-20.998229412999933],[-64.658639831999949,-20.998330488999954],[-64.658488525999985,-20.99843242399993],[-64.658343502999969,-20.998535214999947],[-64.658204769999941,-20.998638857999936],[-64.658072329999982,-20.998743350999973],[-64.657946184999957,-20.998848689999932],[-64.657826342999954,-20.998954872999946],[-64.657712801999935,-20.999061896999933],[-64.657591153999988,-20.999185286999932],[-64.657473994999975,-20.999314285999958],[-64.657361339999966,-20.999448875999974],[-64.657253202999982,-20.999589041999968],[-64.657149598999979,-20.999734764999971],[-64.657050541999979,-20.999886022999931],[-64.656956045999948,-21.000042795999946],[-64.656866126999944,-21.000205057999949],[-64.656780789999971,-21.000372803999937],[-64.656700056999966,-21.000545985999963],[-64.656623943999932,-21.000724577999961],[-64.656552461999979,-21.000908545999948],[-64.656485624999959,-21.001097860999948],[-64.656423448999988,-21.00129248099995],[-64.656365941999979,-21.001492366999969],[-64.656313119999936,-21.001697476999936],[-64.656264935999957,-21.001908035999975],[-64.656221470999981,-21.00212373599993],[-64.656182734999959,-21.002344525999945],[-64.656148736999967,-21.002570347999949],[-64.656119487999945,-21.002801146999957],[-64.656094996999968,-21.003036854999948],[-64.656075268999984,-21.003277398999955],[-64.656060311999966,-21.003522705999956],[-64.656050126999958,-21.003772755999933],[-64.656044723999969,-21.004027406999967],[-64.656044104999978,-21.004286563999983],[-64.656048268999939,-21.004550130999974],[-64.656057213999986,-21.004818009999951],[-64.656070937999971,-21.005090081999981],[-64.656089432999977,-21.005366224999932],[-64.656112693999944,-21.005646308999928],[-64.656141634999983,-21.005938924999953],[-64.656175606999966,-21.006235420999928],[-64.656214589999934,-21.00653562499997],[-64.656258560999959,-21.006839352999975],[-64.656307492999986,-21.007146427999942],[-64.656361351999976,-21.00745662099996],[-64.656420097999955,-21.007769709999934],[-64.656483684999955,-21.008085454999957],[-64.656552110999939,-21.008403808999958],[-64.656625274999953,-21.008724296999958],[-64.656703113999981,-21.009046634999947],[-64.656785552999963,-21.009370514999944],[-64.656872518999933,-21.009695644999965],[-64.656963910999934,-21.010021654999946],[-64.657059631999971,-21.010348186999977],[-64.657159568999987,-21.010674861999973],[-64.657264323999982,-21.011003506999941],[-64.657373093999979,-21.011331466999934],[-64.657485732999987,-21.011658301999944],[-64.657602080999936,-21.011983548999979],[-64.657721977999984,-21.012306758999955],[-64.657845229999964,-21.012627402999954],[-64.657971639999971,-21.012944971999957],[-64.658100997999952,-21.013258937999979],[-64.658233182999936,-21.013568995999947],[-64.658367865999935,-21.013874360999978],[-64.658504805999939,-21.014174484999955],[-64.658643745999939,-21.014468808999936],[-64.658784432999937,-21.014756792999947],[-64.658926586999939,-21.015037863999964],[-64.659069930999976,-21.015311474999976],[-64.659214181999971,-21.015577084999961],[-64.659270592999974,-21.015676586999973],[-64.659329795999952,-21.015776178999943],[-64.65939181799996,-21.015875909999977],[-64.659456693999971,-21.01597583299997],[-64.659524451999971,-21.016075992999959],[-64.659595142999933,-21.016176465999933],[-64.659668812999939,-21.016277315999957],[-64.659745517999966,-21.016378620999944],[-64.659825202999968,-21.016480315999956],[-64.659908052999981,-21.016582643999982],[-64.659994150999978,-21.016685708999944],[-64.66008359999995,-21.016789632999973],[-64.660176485999955,-21.016894517999958],[-64.660272981999981,-21.017000558999939],[-64.660477503999971,-21.017216881999957],[-64.660653801999956,-21.017395670999974],[-64.66084247799995,-21.017580650999946],[-64.661045471999955,-21.017773728999941],[-64.66126669199997,-21.017978625999945],[-64.661463621999985,-21.018157318999954],[-64.661685102999968,-21.018355266999947],[-64.662429307999957,-21.019011150999972],[-64.662705096999957,-21.019256208999934],[-64.662975136999933,-21.019500401999949],[-64.663214424999978,-21.019722152999975],[-64.663461390999942,-21.019958392999968],[-64.663686802999962,-21.020182687999977],[-64.663894429999971,-21.020398795999938],[-64.664086212999962,-21.020608743999958],[-64.664184423999984,-21.02072095099993],[-64.664278549999949,-21.020832002999953],[-64.664368737999951,-21.020942072999958],[-64.664455103999956,-21.021051302999979],[-64.664537767999946,-21.021159846999979],[-64.664616796999951,-21.021267792999936],[-64.664692265999975,-21.021375241999976],[-64.66476423599994,-21.021482284999934],[-64.664832832999934,-21.021589113999937],[-64.664898027999982,-21.021695690999934],[-64.664959858999964,-21.021802083999944],[-64.66501836499998,-21.021908352999958],[-64.665073579999955,-21.022014562999971],[-64.66512552599994,-21.022120758999961],[-64.665174227999955,-21.022226988999932],[-64.665219705999959,-21.022333297999978],[-64.665267487999984,-21.022452229999942],[-64.665313370999968,-21.022572743999945],[-64.665357357999937,-21.022694845999979],[-64.665399451999974,-21.022818543999961],[-64.665439655999933,-21.02294384399994],[-64.665477970999973,-21.023070756999971],[-64.665514400999939,-21.023199288999933],[-64.66554894899997,-21.023329449999949],[-64.665581614999951,-21.023461242999929],[-64.665612402999955,-21.023594685999967],[-64.665641315999949,-21.023729787999969],[-64.665668356999959,-21.023866562999956],[-64.665693525999984,-21.024005018999958],[-64.665716828999962,-21.02414517099993],[-64.665738265999948,-21.024287034999929],[-64.665757839999969,-21.024430623999933],[-64.665791385999967,-21.024722821999944],[-64.665817513999968,-21.025022113999967],[-64.66583623799994,-21.025328654999953],[-64.665847569999983,-21.025642630999982],[-64.665851517999954,-21.025964199999976],[-64.665848085999983,-21.026293659999965],[-64.665837271999976,-21.026631290999944],[-64.665819065999983,-21.026977442999964],[-64.665794925999933,-21.027314263999926],[-64.66576407499997,-21.027659547999974],[-64.665726470999971,-21.02801378099997],[-64.665682044999983,-21.028377603999957],[-64.665630754999938,-21.028751433999957],[-64.665572425999983,-21.029136585999936],[-64.665506879999953,-21.029534248999937],[-64.665433825999969,-21.029946196999958],[-64.665359099999932,-21.030342539999936],[-64.665277065999987,-21.030755834999979],[-64.665187026999945,-21.031189624999968],[-64.665087530999983,-21.031650905999982],[-64.664991510999982,-21.032082800999945],[-64.664882569999975,-21.032561686999941],[-64.664469014999952,-21.034344343999976],[-64.66437366699995,-21.034772975999942],[-64.664269117999936,-21.035268703999975],[-64.664170518999981,-21.035753410999973],[-64.663918603999946,-21.03701179199993],[-64.663777727999957,-21.03769381799998],[-64.663705569999934,-21.038030318999972],[-64.663635773999943,-21.038345835999962],[-64.663567301999933,-21.038645044999953],[-64.663499600999955,-21.038930364999942],[-64.663412980999965,-21.039279767999972],[-64.663326265999956,-21.039611854999976],[-64.66323896199998,-21.039928518999943],[-64.663150735999977,-21.040230957999938],[-64.663061198999969,-21.04052048099993],[-64.662970231999964,-21.040797431999977],[-64.662877646999959,-21.041062393999937],[-64.662783292999961,-21.041315794999946],[-64.662676309999938,-21.041583999999943],[-64.662566826999978,-21.041838788999939],[-64.66245470399997,-21.042080484999929],[-64.662397615999964,-21.042196500999978],[-64.662339827999972,-21.042309331999945],[-64.662281310999958,-21.042419027999927],[-64.662222066999959,-21.042525583999975],[-64.662162083999988,-21.042629022999961],[-64.662101352999969,-21.042729360999942],[-64.662039862999961,-21.042826616999946],[-64.661977603999958,-21.042920805999927],[-64.66191456699994,-21.043011939999928],[-64.661850743999935,-21.043100031999927],[-64.661786065999934,-21.043185169999958],[-64.661720582999976,-21.043267282999977],[-64.661654289999944,-21.043346379999946],[-64.661587176999944,-21.043422469999939],[-64.661519235999947,-21.043495561999976],[-64.661450463999984,-21.043565660999946],[-64.661380850999933,-21.043632776999971],[-64.661310392999951,-21.043696910999927],[-64.661239078999984,-21.043758075999961],[-64.661166906999938,-21.043816272999948],[-64.661093870999935,-21.043871502999934],[-64.661019967999948,-21.04392377399995],[-64.66094518999995,-21.043973087999973],[-64.660869532999982,-21.044019447999972],[-64.660792991999983,-21.044062857999961],[-64.660715563999986,-21.04410331899993],[-64.660639894999974,-21.044139721999954],[-64.66056210499994,-21.044174225999939],[-64.660482194999986,-21.044206829999951],[-64.660400164999942,-21.044237532999944],[-64.660316019999982,-21.044266335999964],[-64.660229757999957,-21.044293236999977],[-64.660141382999939,-21.044318235999981],[-64.660050894999983,-21.044341332999977],[-64.659958296999946,-21.044362526999976],[-64.659863590999976,-21.044381817999977],[-64.659766778999938,-21.044399204999934],[-64.659667861999935,-21.044414686999971],[-64.659566843999983,-21.044428264999965],[-64.659463725999956,-21.044439936999936],[-64.659358510999937,-21.044449704999977],[-64.659251199999972,-21.044457567999928],[-64.659141791999957,-21.04446352399998],[-64.659030293999933,-21.044467574999942],[-64.658916708999982,-21.044469719999938],[-64.658801040999947,-21.044469958999969],[-64.658683290999932,-21.044468291999976],[-64.65856346399994,-21.044464717999972],[-64.65844156199995,-21.044459238999934],[-64.658317589999967,-21.044451853999931],[-64.65819154899998,-21.044442561999972],[-64.658063443999936,-21.044431365999969],[-64.657801056999972,-21.044403257999932],[-64.657530462999944,-21.044367533999946],[-64.657251693999967,-21.04432419799997],[-64.656964954999978,-21.044273285999964],[-64.656670123999959,-21.044214782999973],[-64.656367241999988,-21.044148696999969],[-64.656056348999982,-21.044075035999981],[-64.655737487999943,-21.04399381199994],[-64.655410696999979,-21.04390503299993],[-64.655076012999984,-21.043808708999961],[-64.654733462999957,-21.043704849999926],[-64.654383589999952,-21.043593629999975],[-64.654025889999957,-21.043474899999978],[-64.653660339999988,-21.043348652999953],[-64.653286829999956,-21.043214850999959],[-64.652905548999968,-21.043073568999944],[-64.652515747999985,-21.04292453599993],[-64.652116845999956,-21.042767529999935],[-64.651707278999936,-21.042601937999962],[-64.651610405999975,-21.042561276999947],[-64.651513889999933,-21.042518767999979],[-64.651417716999958,-21.042474406999929],[-64.651321879999955,-21.042428187999974],[-64.651226363999967,-21.042380105999939],[-64.651131156999952,-21.042330153999956],[-64.651036247999969,-21.042278325999973],[-64.650941620999959,-21.042224614999952],[-64.650753176999956,-21.042111518999945],[-64.65056569099994,-21.041990785999928],[-64.650379032999979,-21.041862334999962],[-64.650193058999946,-21.041726063999931],[-64.650007889999983,-21.04158208299998],[-64.649823072999936,-21.041430055999967],[-64.649638417999938,-21.041269826999951],[-64.649453698999935,-21.041101202999982],[-64.649268737999932,-21.040924022999945],[-64.649083178999945,-21.040737951999972],[-64.648896701999945,-21.040542666999954],[-64.648708903999932,-21.040337749999935],[-64.648557829999959,-21.040167029999964],[-64.648405335999939,-21.039989534999961],[-64.648251096999957,-21.039804888999981],[-64.648094694999941,-21.039612589999933],[-64.64793586199994,-21.03941231999994],[-64.647773743999949,-21.039203013999952],[-64.647607582999967,-21.038983688999963],[-64.647436225999968,-21.038752830999954],[-64.647145455999976,-21.038351549999959],[-64.646825031999981,-21.037898107999979],[-64.646519397999953,-21.037457985999936],[-64.645778940999946,-21.036383074999947],[-64.645392344999948,-21.035830421999947],[-64.645195189999981,-21.035554004999938],[-64.645008836999978,-21.035297149999963],[-64.644830109999987,-21.035055480999972],[-64.64465731599995,-21.034826714999951],[-64.644470487999968,-21.034585299999947],[-64.644288098999937,-21.034356042999946],[-64.644109148999974,-21.034137691999945],[-64.643932946999939,-21.033929402999945],[-64.643758717999958,-21.033730270999968],[-64.643586182999968,-21.033539988999962],[-64.643414937999978,-21.033358109999938],[-64.643244661999972,-21.033184294999955],[-64.643072282999981,-21.033015580999972],[-64.642900354999938,-21.032854647999955],[-64.642728647999945,-21.032701277999934],[-64.642556966999962,-21.032555301999935],[-64.642385105999949,-21.032416540999975],[-64.642212936999954,-21.032284896999954],[-64.642040316999953,-21.032160258999966],[-64.641867117999936,-21.032042536999938],[-64.64169306399998,-21.031931550999957],[-64.641518203999965,-21.031827341999929],[-64.641342435999945,-21.031729850999966],[-64.641165667999985,-21.031639026999983],[-64.640987804999952,-21.03155481899995],[-64.640808774999982,-21.031477196999958],[-64.640628504999938,-21.031406126999968],[-64.640446922999956,-21.031341581999982],[-64.640109112999937,-21.031230006999976],[-64.639775512999961,-21.03112389599994],[-64.639446239999984,-21.031023284999947],[-64.639121424999985,-21.03092821599995],[-64.638801201999968,-21.030838726999946],[-64.638485691999961,-21.030754852999962],[-64.638175014999945,-21.030676623999966],[-64.637869274999957,-21.030604068999935],[-64.637568662999968,-21.030537227999957],[-64.637273178999976,-21.030476100999977],[-64.636982908999983,-21.030420705999973],[-64.636697927999933,-21.030371055999979],[-64.636418313999968,-21.03032716599995],[-64.636144124999987,-21.030289042999982],[-64.635875419999934,-21.030256695999981],[-64.635612251999987,-21.030230131999929],[-64.635355037999943,-21.030209381999953],[-64.635103440999956,-21.030194405999964],[-64.634857501999932,-21.030185206999931],[-64.634617258999981,-21.030181784999968],[-64.634382750999976,-21.030184143999975],[-64.634154007999939,-21.030192279999937],[-64.633931058999963,-21.030206193999959],[-64.633713931999978,-21.030225882999957],[-64.633502670999974,-21.030251342999975],[-64.633297279999965,-21.030282571999976],[-64.633097780999947,-21.030319567999982],[-64.633000247999973,-21.030340226999954],[-64.632904194999981,-21.030362325999931],[-64.632809624999936,-21.030385863999982],[-64.632716539999933,-21.030410841999981],[-64.632624942999939,-21.030437257999949],[-64.632534834999944,-21.030465110999955],[-64.632446216999938,-21.030494402999977],[-64.632359092999934,-21.030525129999944],[-64.632273462999933,-21.030557293999948],[-64.632189328999971,-21.030590891999964],[-64.632045750999964,-21.030653252999969],[-64.631902498999978,-21.030722029999936],[-64.631759525999939,-21.030797241999949],[-64.631616780999934,-21.030878917999928],[-64.631474217999937,-21.03096708299995],[-64.63133176499997,-21.031061779999959],[-64.631189358999961,-21.031163053999933],[-64.631046922999985,-21.031270955999958],[-64.63090452199998,-21.031385428999954],[-64.630761919999941,-21.031506650999972],[-64.630619013999933,-21.031634710999981],[-64.630475688999979,-21.031769711999971],[-64.630331846999979,-21.031911742999966],[-64.630187300999978,-21.03206098499993],[-64.630041884999969,-21.032217613999933],[-64.629895383999951,-21.032381855999972],[-64.629762272999983,-21.032536567999955],[-64.629627872999947,-21.032697925999969],[-64.629491943999938,-21.032866220999949],[-64.629354163999949,-21.033041849999961],[-64.62921433799994,-21.033225052999967],[-64.629071797999984,-21.033416693999982],[-64.628925953999953,-21.033617567999954],[-64.628775901999973,-21.033828917999926],[-64.62852823999998,-21.03418697799998],[-64.628258209999956,-21.034588184999961],[-64.627989002999982,-21.03499622399994],[-64.627308186999983,-21.03603811399995],[-64.627110828999946,-21.036335410999982],[-64.626934496999979,-21.036596414999963],[-64.626719105999939,-21.036917003999974],[-64.626506623999944,-21.03724342199996],[-64.626297084999976,-21.037575621999963],[-64.626090520999981,-21.03791354699996],[-64.625886962999971,-21.038257146999968],[-64.625686450999979,-21.038606357999981],[-64.625489020999964,-21.038961115999939],[-64.625294707999956,-21.039321355999959],[-64.625103528999944,-21.039687052999966],[-64.624915545999954,-21.040058083999952],[-64.624730800999941,-21.040434372999982],[-64.624549334999983,-21.040815833999943],[-64.624371186999952,-21.041202385999952],[-64.624196403999974,-21.041593924999972],[-64.624025030999974,-21.04199035299996],[-64.623857113999975,-21.042391561999978],[-64.623692436999988,-21.042798098999981],[-64.623531323999941,-21.043209198999932],[-64.623373822999952,-21.043624738999938],[-64.623219985999981,-21.044044577999955],[-64.623069860999976,-21.044468590999941],[-64.622923506999939,-21.044896610999956],[-64.622780976999934,-21.045328480999956],[-64.622642326999937,-21.04576402899994],[-64.622507575999975,-21.046203209999931],[-64.622376823999957,-21.046645700999932],[-64.622250128999951,-21.047091304999981],[-64.622127552999984,-21.047539803999939],[-64.622009152999965,-21.047990993999974],[-64.62189499599998,-21.048444618999952],[-64.621785143999944,-21.048900426999978],[-64.621679663999942,-21.049358151999968],[-64.621512013999961,-21.050119073999952],[-64.621356754999965,-21.050858037999944],[-64.621213209999951,-21.05157828199998],[-64.621080993999954,-21.052281738999966],[-64.620959702999983,-21.052970621999975],[-64.620903141999975,-21.053309690999981],[-64.62084927899997,-21.053645330999927],[-64.620798093999952,-21.053977661999966],[-64.62074957699997,-21.054306750999956],[-64.62070371599998,-21.054632676999972],[-64.620660503999943,-21.054955504999953],[-64.620619823999959,-21.05527615799997],[-64.62058178999996,-21.055593812999973],[-64.620546397999988,-21.055908518999956],[-64.620513639999956,-21.056220319999966],[-64.620483513999943,-21.056529259999934],[-64.620456015999935,-21.056835368999941],[-64.620431143999951,-21.05713867999998],[-64.620408893999979,-21.057439220999981],[-64.620389262999936,-21.057737050999947],[-64.620372252999971,-21.058032161999961],[-64.620357860999945,-21.058324572999936],[-64.620346086999973,-21.058614305999981],[-64.62033693099994,-21.058901379999952],[-64.620330389999936,-21.059185809999974],[-64.620326465999938,-21.059467610999945],[-64.620325157999957,-21.059746795999956],[-64.620326477999981,-21.06002467899998],[-64.620330439999975,-21.06029994599993],[-64.62033704199996,-21.060572608999962],[-64.620346284999982,-21.060842675999936],[-64.620358169999975,-21.061110158999952],[-64.620372696999937,-21.061375062999957],[-64.620389866999972,-21.061637397999959],[-64.620409678999977,-21.061897169999952],[-64.620432134999987,-21.062154392999958],[-64.620457234999947,-21.06240906499994],[-64.620484978999968,-21.06266119199995],[-64.620515367999985,-21.062910779999982],[-64.620548402999987,-21.063157832999934],[-64.620584084999962,-21.063402354999937],[-64.620622413999968,-21.063644349999947],[-64.620663389999947,-21.06388382199998],[-64.620707018999951,-21.06412080299998],[-64.620753296999965,-21.06435526599995],[-64.620802224999977,-21.06458721499996],[-64.620853802999932,-21.064816651999934],[-64.620908032999978,-21.065043580999941],[-64.620964912999966,-21.065268001999982],[-64.621024445999979,-21.065489917999969],[-64.621086630999969,-21.065709330999937],[-64.621151469999973,-21.065926244999957],[-64.621218961999944,-21.066140658999927],[-64.621289108999974,-21.06635257399995],[-64.621361908999972,-21.066561992999937],[-64.621437364999963,-21.066768914999955],[-64.621515474999967,-21.066973343999962],[-64.621596240999963,-21.067175278999969],[-64.621679663999942,-21.067374719999975],[-64.621843455999965,-21.067751794999936],[-64.622010276999958,-21.068124058999956],[-64.622179827999958,-21.068490839999981],[-64.622351867999953,-21.068851618999929],[-64.622526124999979,-21.069205832999955],[-64.622702468999933,-21.069553219999932],[-64.622880731999942,-21.069893447999959],[-64.623060772999963,-21.070226250999951],[-64.623242226999935,-21.070550974999946],[-64.623425209999937,-21.070867848999967],[-64.623609619999968,-21.071176688999969],[-64.623795361999953,-21.071477345999938],[-64.623982338999951,-21.071769657999937],[-64.624170486999958,-21.072053527999969],[-64.624359735999974,-21.072328846999937],[-64.624550018999969,-21.072595522999961],[-64.624740587999952,-21.072852559999944],[-64.624932070999932,-21.073100856999929],[-64.625124416999938,-21.073340349999967],[-64.625317577999965,-21.073570977999964],[-64.625511505999953,-21.073792682999965],[-64.625706161999972,-21.074005425999928],[-64.625901510999938,-21.074209162999978],[-64.626097516999948,-21.074403856999936],[-64.626294110999936,-21.074589444999958],[-64.626491295999983,-21.074765929999955],[-64.626689038999984,-21.07493328399994],[-64.626788110999939,-21.075013527999943],[-64.626887312999941,-21.075091479999969],[-64.626986639999984,-21.075167138999973],[-64.627086087999942,-21.07524049999995],[-64.627185656999984,-21.075311561999968],[-64.627285340999947,-21.075380322999933],[-64.627385139999944,-21.075446779999936],[-64.627485047999983,-21.075510932999975],[-64.627585065999938,-21.07557277899997],[-64.62768518699994,-21.07563231499995],[-64.627796682999985,-21.075695861999975],[-64.627910306999979,-21.075757780999936],[-64.628026056999943,-21.075818071999947],[-64.628143928999975,-21.075876731999927],[-64.628263922999963,-21.075933761999977],[-64.628386034999949,-21.075989159999949],[-64.628510263999942,-21.076042924999967],[-64.628636605999986,-21.076095055999929],[-64.628765061999957,-21.076145551999957],[-64.628895624999984,-21.07619441199995],[-64.629028294999955,-21.076241634999974],[-64.629163066999979,-21.076287218999937],[-64.629299939999953,-21.076331163999953],[-64.629438909999976,-21.076373467999929],[-64.629579972999977,-21.076414131999968],[-64.629723126999977,-21.076453152999932],[-64.629868378999959,-21.076490533999959],[-64.630015713999967,-21.076526269999931],[-64.630165128999977,-21.076560359999974],[-64.630316618999984,-21.076592804999962],[-64.630470181999954,-21.076623602999973],[-64.630625811999948,-21.076652752999962],[-64.630783505999943,-21.076680253999939],[-64.630943257999945,-21.076706105999961],[-64.631105065999975,-21.076730306999934],[-64.631268922999936,-21.076752856999974],[-64.631434824999985,-21.076773755999966],[-64.631602762999933,-21.076793001999931],[-64.631772735999959,-21.076810595999973],[-64.631944734999934,-21.076826534999952],[-64.632118756999944,-21.076840819999973],[-64.632294791999982,-21.07685344999993],[-64.632473027999936,-21.076864435999937],[-64.632653269999935,-21.07687376299998],[-64.632835510999939,-21.076881429999958],[-64.633019741999988,-21.076887437999972],[-64.633205957999962,-21.07689178499993],[-64.633394149999958,-21.076894470999946],[-64.633776426999987,-21.07689486299995],[-64.634166508999954,-21.076888612999937],[-64.634564312999942,-21.076875722999944],[-64.634969754999986,-21.076856193999959],[-64.63538274299998,-21.076830030999929],[-64.635803271999976,-21.076797232999979],[-64.636231142999975,-21.076757813999961],[-64.636666242999979,-21.076711781999961],[-64.637108445999957,-21.076659151999934],[-64.637557626999978,-21.076599938999948],[-64.638013634999936,-21.076534162999963],[-64.638476321999974,-21.076461843999937],[-64.638945541999988,-21.076383004999968],[-64.639126535999935,-21.076349486999959],[-64.639310326999976,-21.076311337999982],[-64.639497226999936,-21.076268495999955],[-64.639687630999958,-21.076220871999965],[-64.63988182099996,-21.076168396999947],[-64.640080538999939,-21.076110878999941],[-64.640284460999965,-21.076048119999939],[-64.640494539999963,-21.075979828999948],[-64.640704699999958,-21.075908150999965],[-64.640923291999968,-21.075830405999966],[-64.641152298999941,-21.075745887999972],[-64.641395417999945,-21.075653235999937],[-64.641629162999948,-21.075561825999955],[-64.641887833999988,-21.075458623999964],[-64.642857535999951,-21.07506424099995],[-64.643262935999985,-21.074901968999939],[-64.643482530999961,-21.074816177999935],[-64.643687908999937,-21.074737759999948],[-64.643883082999935,-21.074665183999969],[-64.644070089999957,-21.074597695999955],[-64.644295350999982,-21.074519426999927],[-64.644512287999987,-21.074447551999981],[-64.644722434999949,-21.074381564999953],[-64.644926802999976,-21.074321146999978],[-64.645126509999955,-21.074265977999971],[-64.645321897999963,-21.074215971999934],[-64.645513508999954,-21.074170989999971],[-64.645701755999937,-21.074130933999982],[-64.646232802999975,-21.074024832999953],[-64.646726600999955,-21.073928100999979],[-64.647198739999965,-21.073837688999959],[-64.647654139999986,-21.073752658999979],[-64.64809926199996,-21.073671828999977],[-64.648533118999978,-21.073595400999977],[-64.648957177999932,-21.073523114999944],[-64.649372293999988,-21.073454826999978],[-64.64978309199995,-21.073389811999959],[-64.650185937999936,-21.073328685999968],[-64.650581212999953,-21.073271388999956],[-64.650969171999975,-21.073217884999963],[-64.651350105999938,-21.073168134999946],[-64.65172408799998,-21.073122128999955],[-64.65209125299998,-21.073079851999978],[-64.652451687999985,-21.073041291999971],[-64.652809053999988,-21.07300610599998],[-64.653159695999932,-21.072974699999975],[-64.65350366499996,-21.072947068999952],[-64.653840997999964,-21.072923208999953],[-64.654171735999967,-21.072903118999932],[-64.654495892999932,-21.072886797999956],[-64.654813486999956,-21.07287424499998],[-64.655124533999981,-21.072865458999956],[-64.655429083999934,-21.072860438999953],[-64.655727100999968,-21.072859186999949],[-64.656018593999988,-21.072861703999934],[-64.656303565999963,-21.072867986999938],[-64.656582020999963,-21.072878038999932],[-64.656853957999942,-21.072891858999981],[-64.657119376999958,-21.072909446999972],[-64.657378277999953,-21.072930801999973],[-64.657632435999972,-21.072956118999969],[-64.657879979999962,-21.07298525799996],[-64.658120907999944,-21.073018216999969],[-64.658355215999961,-21.073054997999975],[-64.658582900999988,-21.073095599999931],[-64.658803961999979,-21.073140019999983],[-64.659018394999975,-21.073188260999927],[-64.659226195999963,-21.073240320999957],[-64.659427364999942,-21.073296199999959],[-64.659621895999976,-21.073355894999963],[-64.659809785999983,-21.07341940699996],[-64.659991032999983,-21.073486733999971],[-64.660165632999963,-21.073557874999949],[-64.660333582999954,-21.073632829999951],[-64.660494881999966,-21.073711594999963],[-64.660649522999961,-21.073794171999964],[-64.660797508999963,-21.073880557999928],[-64.660938834999968,-21.073970750999933],[-64.661073495999972,-21.074064749999934],[-64.661201493999954,-21.07416255399994],[-64.661322824999957,-21.074264160999974],[-64.661437485999954,-21.074369568999941],[-64.661545475999958,-21.074478776999968],[-64.661646792999932,-21.07459178199997],[-64.661741436999932,-21.074708582999961],[-64.661829403999945,-21.074829177999959],[-64.661910693999971,-21.07495356499993],[-64.661985304999973,-21.075081742999942],[-64.662053236999952,-21.075213707999978],[-64.662114487999986,-21.075349459999927],[-64.662169056999971,-21.075488995999933],[-64.662216943999965,-21.07563231499995],[-64.662246403999973,-21.075733428999968],[-64.662273960999983,-21.075838510999972],[-64.662299615999984,-21.075947559999975],[-64.662323367999932,-21.076060575999975],[-64.662345217999984,-21.076177558999973],[-64.662365164999983,-21.076298509999958],[-64.662383210999963,-21.076423431999956],[-64.662399354999934,-21.076552324999966],[-64.662413596999954,-21.076685177999934],[-64.662425937999956,-21.076822010999933],[-64.662436378999985,-21.076962824999953],[-64.662444920999974,-21.077107629999944],[-64.662456307999946,-21.077409238999962],[-64.662460102999944,-21.077726942999959],[-64.662456354999961,-21.07805873999996],[-64.662445109999965,-21.078406833999964],[-64.662426356999958,-21.078771567999979],[-64.662400059999982,-21.07915363199993],[-64.662366324999937,-21.079552160999981],[-64.662324873999978,-21.079970881999941],[-64.662275442999942,-21.080412619999947],[-64.662216943999965,-21.080887147999931],[-64.662176844999976,-21.081169093999961],[-64.662129057999948,-21.081449827999961],[-64.662073580999959,-21.08172936699998],[-64.662010407999958,-21.08200772899994],[-64.661939537999956,-21.082284929999958],[-64.66186096399997,-21.082560991999969],[-64.66177468099994,-21.082835933999945],[-64.661680682999986,-21.083109777999937],[-64.661578966999969,-21.083382529999938],[-64.661469520999958,-21.083654228999933],[-64.661352333999957,-21.083924897999964],[-64.661227394999969,-21.084194560999947],[-64.661094693999985,-21.084463244999938],[-64.660954216999983,-21.084730977999982],[-64.660805947999961,-21.084997787999953],[-64.66064986799995,-21.085263707999957],[-64.66048610699994,-21.085528538999938],[-64.660314510999967,-21.085792543999958],[-64.660135055999945,-21.086055761999944],[-64.659947718999945,-21.086318227999982],[-64.659752470999933,-21.086579977999975],[-64.659549281999944,-21.086841058999937],[-64.659338113999979,-21.087101514999972],[-64.659118927999941,-21.08736139399997],[-64.658891731999972,-21.087620692999963],[-64.658656431999987,-21.087879520999934],[-64.658412974999976,-21.088137933999974],[-64.658161302999986,-21.088395994999928],[-64.657901359999983,-21.088653763999957],[-64.65763306499997,-21.088911318999976],[-64.657356336999953,-21.089168738999945],[-64.657071082999948,-21.089426109999977],[-64.656800660999977,-21.089663247999965],[-64.656522827999936,-21.089900500999931],[-64.656237485999952,-21.090137951999964],[-64.655944519999935,-21.090375696999956],[-64.655643826999949,-21.090613817999952],[-64.655335245999936,-21.090852446999975],[-64.655018618999975,-21.09109170399995],[-64.65469375899994,-21.091331729999979],[-64.654360858999951,-21.091572391999932],[-64.654019301999938,-21.091814147999969],[-64.653668818999961,-21.092057184999931],[-64.653309084999933,-21.092301728999928],[-64.652939832999948,-21.092547962999959],[-64.652560521999987,-21.092796251999971],[-64.652170645999945,-21.093046926999932],[-64.651769553999941,-21.093300404999979],[-64.651421507999942,-21.093517022999947],[-64.651064342999973,-21.093736340999953],[-64.650697401999935,-21.093958764999968],[-64.650319803999935,-21.094184827999982],[-64.649931007999953,-21.094414859999972],[-64.64952913999997,-21.094649974999982],[-64.649112502999969,-21.094891163999932],[-64.648678480999934,-21.095139943999982],[-64.64792603099994,-21.095566167999948],[-64.647088240999949,-21.096034799999927],[-64.646285918999979,-21.096479619999968],[-64.644432605999953,-21.097502791999943],[-64.643538201999945,-21.098000188999947],[-64.642693942999983,-21.098475874999963],[-64.642311076999988,-21.09869447799997],[-64.641948303999982,-21.098903715999938],[-64.641799520999939,-21.098987945999966],[-64.641645249999954,-21.099071252999977],[-64.641485203999935,-21.09915379399996],[-64.641319003999968,-21.099235761999978],[-64.641146391999939,-21.099317291999967],[-64.640966600999946,-21.099398752999946],[-64.640778920999935,-21.099480464999942],[-64.640582295999934,-21.099562888999969],[-64.640400557999953,-21.09963655599995],[-64.640209407999976,-21.099711790999947],[-64.640007024999932,-21.099789312999974],[-64.639789912999959,-21.099870462999945],[-64.639362723999966,-21.100025700999936],[-64.638550196999972,-21.100314423999976],[-64.638222499999983,-21.100432190999982],[-64.637885295999979,-21.100556352999945],[-64.637585685999966,-21.100670528999956],[-64.637248494999938,-21.100805032999972],[-64.63709079399996,-21.100870675999943],[-64.636939230999985,-21.100935711999966],[-64.636792991999982,-21.101000493999948],[-64.636651825999934,-21.101065134999942],[-64.636515348999978,-21.101129813999933],[-64.636383265999939,-21.101194669999927],[-64.636223362999942,-21.101276487999939],[-64.636069576999944,-21.101358986999969],[-64.635921568999947,-21.101442348999967],[-64.635779076999938,-21.101526720999971],[-64.635641826999972,-21.10161226799994],[-64.635509680999974,-21.101699076999978],[-64.635382474999972,-21.101787256999955],[-64.635260073999973,-21.101876901999958],[-64.63514218499995,-21.101968236999937],[-64.635028894999948,-21.102061207999952],[-64.634920112999964,-21.102155886999981],[-64.63481576199996,-21.102252342999975],[-64.634715766999932,-21.10235064699998],[-64.634620074999987,-21.102450849999968],[-64.634528633999935,-21.102553006999983],[-64.634441399999957,-21.10265716899994],[-64.634326547999933,-21.102804179999964],[-64.634211931999971,-21.102961161999929],[-64.634097731999987,-21.103127872999949],[-64.633984145999932,-21.103304019999939],[-64.633871351999971,-21.103489329999945],[-64.633759613999985,-21.10368337999995],[-64.633649167999977,-21.103885753999975],[-64.633540280999966,-21.104095965999932],[-64.633432929999969,-21.104314104999958],[-64.633327719999954,-21.104538987999945],[-64.633224957999971,-21.104769960999931],[-64.633124971999962,-21.105006285999934],[-64.633028064999962,-21.105247252999959],[-64.632934615999943,-21.105491922999931],[-64.632844973999966,-21.105739385999982],[-64.632759494999959,-21.105988660999969],[-64.632677471999955,-21.106242087999931],[-64.632600435999962,-21.106495232999976],[-64.632528729999933,-21.106746974999965],[-64.632462676999978,-21.106996174999949],[-64.632402580999951,-21.107241696999949],[-64.632348710999963,-21.107482422999965],[-64.63230131499995,-21.107717262999927],[-64.632260598999949,-21.107945179999945],[-64.632226800999945,-21.10816476499997],[-64.632199975999981,-21.108375554999952],[-64.63218023099995,-21.108576696999933],[-64.632167640999967,-21.108767431999979],[-64.632162251999944,-21.108947000999933],[-64.63216407799996,-21.10911486599997],[-64.632173112999965,-21.109270477999928],[-64.632180325999968,-21.109343544999945],[-64.632189328999971,-21.109413381999957],[-64.632198781999932,-21.109470728999952],[-64.632210343999986,-21.109527010999955],[-64.632224015999952,-21.10958222599993],[-64.632239794999975,-21.109636369999976],[-64.632257681999988,-21.109689443999969],[-64.63227767799998,-21.109741444999941],[-64.632299779999983,-21.109792371999959],[-64.63232398699995,-21.109842223999976],[-64.632350300999974,-21.109890997999969],[-64.632378718999973,-21.109938694999983],[-64.632409240999948,-21.109985309999956],[-64.632441864999976,-21.110030842999947],[-64.632476590999943,-21.110075291999976],[-64.632513415999938,-21.11011865699993],[-64.632552340999951,-21.110160933999964],[-64.632593362999955,-21.110202122999965],[-64.632636485999967,-21.110242225999968],[-64.632681702999946,-21.110281235999935],[-64.63272901299996,-21.110319153999967],[-64.632778413999972,-21.110355975999937],[-64.632829902999958,-21.110391702999948],[-64.63288347799994,-21.110426330999928],[-64.632939138999973,-21.110459858999945],[-64.632996879999951,-21.110492286999943],[-64.633056701999976,-21.110523611999952],[-64.633118599999932,-21.110553833999973],[-64.633182570999963,-21.110582948999934],[-64.633248612999978,-21.110610957999938],[-64.633316720999971,-21.110637858999951],[-64.633386892999965,-21.110663648999946],[-64.633533409999984,-21.110711895999941],[-64.633688359999951,-21.110755746999928],[-64.63385150299996,-21.110795118999931],[-64.634022798999979,-21.110830002999933],[-64.634202201999983,-21.110860389999971],[-64.634389669999962,-21.110886271999959],[-64.634585141999935,-21.110907639999937],[-64.634788559999947,-21.110924489999945],[-64.634999858999947,-21.110936813999956],[-64.635219030999963,-21.110944609999933],[-64.63544593599994,-21.11094787199994],[-64.635680486999945,-21.110946596999952],[-64.635922588999961,-21.110940784999968],[-64.636172148999947,-21.110930440999937],[-64.63642903899995,-21.110915568999928],[-64.636693137999941,-21.110896173999947],[-64.636964305999982,-21.110872266999934],[-64.637256473999969,-21.110842324999965],[-64.637556078999978,-21.110807442999942],[-64.63786291599996,-21.110767645999942],[-64.638176753999971,-21.110722961999954],[-64.638497374999986,-21.11067342399997],[-64.638824472999943,-21.110619074999931],[-64.639157752999949,-21.110559968999951],[-64.639496881999946,-21.110496161999947],[-64.63984189699994,-21.110427639999955],[-64.640192024999976,-21.110354551999933],[-64.64054684499996,-21.110276985999974],[-64.640905888999953,-21.110195043999965],[-64.641268719999971,-21.110108824999941],[-64.641634727999985,-21.110018472999968],[-64.64200333399998,-21.109924130999957],[-64.642373898999949,-21.109825961999945],[-64.642751101999977,-21.109722654999928],[-64.64312886099998,-21.10961580399993],[-64.643506377999984,-21.109505634999948],[-64.643882782999981,-21.10939240099998],[-64.644257259999961,-21.109276346999934],[-64.644628765999983,-21.109157794999931],[-64.644996313999968,-21.109037058999945],[-64.64535886799996,-21.108914479999953],[-64.645715920999976,-21.108790221999982],[-64.646065814999986,-21.108664852999937],[-64.646407454999974,-21.108538763999945],[-64.646739734999983,-21.108412364999936],[-64.647061587999985,-21.108286059999955],[-64.647371910999937,-21.108160282999961],[-64.647669658999973,-21.108035455999982],[-64.647953826999981,-21.107912000999931],[-64.648079326999948,-21.107854758999963],[-64.648204999999962,-21.107794052999964],[-64.648330904999966,-21.107729855999935],[-64.648457110999971,-21.107662132999963],[-64.648583675999987,-21.10759085199993],[-64.648710690999962,-21.107515962999969],[-64.648838239999975,-21.107437415999982],[-64.648966421999944,-21.107355151999968],[-64.649095152999962,-21.107269229999929],[-64.649224737999987,-21.107179452999958],[-64.64935530799994,-21.107085731999973],[-64.649487016999956,-21.106987955999955],[-64.649619990999952,-21.106886032999967],[-64.649754476999988,-21.10677977499995],[-64.649890698999968,-21.106669004999958],[-64.650028944999974,-21.106553490999943],[-64.650257433999968,-21.106356112999947],[-64.650493942999958,-21.10614400399993],[-64.650740892999977,-21.105915000999971],[-64.651002996999978,-21.105664733999959],[-64.651232953999966,-21.105440148999946],[-64.651487676999977,-21.105187189999981],[-64.652342158999943,-21.104325406999976],[-64.652666714999953,-21.104001152999956],[-64.652993479999964,-21.103681260999963],[-64.653290022999954,-21.103399168999943],[-64.653453712999976,-21.103247601999954],[-64.653612396999961,-21.10310388299996],[-64.653767029999983,-21.102967148999937],[-64.653918261999934,-21.10283682499994],[-64.654066813999975,-21.102712293999957],[-64.654212930999961,-21.102593359999958],[-64.654356980999978,-21.102479722999931],[-64.654499244999954,-21.102371159999961],[-64.654659140999968,-21.102253651999945],[-64.654817363999939,-21.102142227999934],[-64.654974187999983,-21.102036693999935],[-64.655129831999943,-21.101936903999956],[-64.655284537999933,-21.101842703999978],[-64.65543843599994,-21.101754016999962],[-64.655591687999959,-21.101670749999982],[-64.655744425999956,-21.101592830999948],[-64.655896954999946,-21.101520112999935],[-64.656049206999967,-21.101452637999955],[-64.656201284999952,-21.101390360999972],[-64.656353280999951,-21.101333243999932],[-64.656505292999952,-21.101281248999953],[-64.656657386999939,-21.101234355999964],[-64.656809636999981,-21.101192541999978],[-64.656962111999974,-21.101155787999971],[-64.657123430999945,-21.101120975999947],[-64.657287243999974,-21.101088347999962],[-64.657453497999938,-21.101057913999966],[-64.657622135999986,-21.101029684999958],[-64.657793101999971,-21.101003670999944],[-64.657966328999976,-21.100979881999933],[-64.65814174999997,-21.100958324999965],[-64.658319295999945,-21.100939011999969],[-64.658498935999944,-21.100921943999936],[-64.658680548999939,-21.100907135999933],[-64.658864053999935,-21.100894594999943],[-64.659049361999962,-21.100884323999935],[-64.659236389999933,-21.100876329999949],[-64.65942503499997,-21.100870616999941],[-64.659615198999973,-21.100867187999938],[-64.659806775999982,-21.100866044999975],[-64.660000163999939,-21.100867193999932],[-64.660194744999956,-21.100870640999972],[-64.660390398999937,-21.100876383999946],[-64.660587000999953,-21.100884417999964],[-64.660784425999964,-21.100894740999934],[-64.660982528999966,-21.100907341999971],[-64.661181169999963,-21.100922214999969],[-64.661380197999961,-21.100939345999961],[-64.661579534999987,-21.100958731999981],[-64.661778948999938,-21.100980349999929],[-64.661978278999982,-21.10100418299993],[-64.662177354999983,-21.101030210999966],[-64.662376011999982,-21.101058412999976],[-64.662574065999934,-21.101088760999971],[-64.662771334999945,-21.101121229999933],[-64.662967633999983,-21.101155787999971],[-64.663630755999975,-21.101275977999933],[-64.664033489999952,-21.101351715999954],[-64.664411793999932,-21.101427290999936],[-64.664753467999958,-21.101500860999977],[-64.664923054999974,-21.101539744999968],[-64.665085928999986,-21.101578835999931],[-64.665242665999983,-21.10161827099995],[-64.665393652999967,-21.101658148999945],[-64.665539304999982,-21.101698580999937],[-64.66567975199996,-21.101739603999931],[-64.665815188999943,-21.10178127699993],[-64.665945762999968,-21.101823644999968],[-64.666076792999945,-21.101868577999937],[-64.666202792999968,-21.101914348999969],[-64.666323856999952,-21.101960990999942],[-64.666440062999982,-21.102008536999961],[-64.666551488999971,-21.102057015999947],[-64.666658172999973,-21.102106445999937],[-64.666760161999946,-21.102156849999972],[-64.666857493999942,-21.102208245999975],[-64.666950250999946,-21.102260680999962],[-64.667038405999961,-21.102314140999965],[-64.667121979999934,-21.102368640999941],[-64.667200996999952,-21.10242419399998],[-64.667275470999982,-21.102480813999932],[-64.667345418999957,-21.102538509999931],[-64.667410850999943,-21.102597290999938],[-64.667471776999946,-21.10265716899994],[-64.667517825999937,-21.102706661999946],[-64.667561726999963,-21.102758080999934],[-64.667603478999979,-21.102811427999939],[-64.667643084999952,-21.102866706999976],[-64.667680550999933,-21.102923920999956],[-64.667715875999988,-21.102983073999951],[-64.667749064999953,-21.103044170999965],[-64.667780119999975,-21.103107216999945],[-64.667809041999988,-21.103172212999937],[-64.667835833999959,-21.103239167999959],[-64.667860499999961,-21.103308087999949],[-64.667883040999982,-21.103378978999956],[-64.66790346099998,-21.103451849999942],[-64.667921760999945,-21.103526705999968],[-64.667937943999959,-21.103603556999929],[-64.667952009999965,-21.103682413999934],[-64.667963952999969,-21.10376320499995],[-64.667973786999937,-21.103846016999967],[-64.667981514999951,-21.10393086199997],[-64.667987135999965,-21.104017752999937],[-64.667990653999937,-21.104106700999978],[-64.667992066999943,-21.10419772399996],[-64.667988580999975,-21.104386062999936],[-64.667976680999971,-21.104582874999949],[-64.667956354999944,-21.104788389999953],[-64.667927580999958,-21.10500282299995],[-64.667890322999938,-21.105226463999941],[-64.667850915999963,-21.105428999999958],[-64.667804974999967,-21.105639062999956],[-64.667752424999946,-21.105856987999971],[-64.667693158999953,-21.106083229999967],[-64.667627111999934,-21.106318059999978],[-64.667554008999957,-21.106562487999952],[-64.667473574999974,-21.106817432999947],[-64.667385352999986,-21.107084343999929],[-64.667306890999953,-21.107313100999932],[-64.667222206999952,-21.107552851999969],[-64.667030248999936,-21.108076345999962],[-64.666840138999987,-21.108577232999949],[-64.66641808199995,-21.109671368999955],[-64.666239466999968,-21.110145767999938],[-64.666091162999976,-21.110557244999939],[-64.666027696999947,-21.110741713999971],[-64.665970395999977,-21.110914761999936],[-64.665909498999952,-21.111098795999965],[-64.665846325999951,-21.111282072999927],[-64.665780876999975,-21.111464596999951],[-64.665713147999952,-21.111646370999949],[-64.66564313899994,-21.111827399999981],[-64.665570848999948,-21.112007687999949],[-64.665496273999963,-21.112187238999979],[-64.665419415999963,-21.112366056999974],[-64.665340270999934,-21.112544145999948],[-64.665258837999943,-21.112721509999972],[-64.665175112999975,-21.112898154999982],[-64.665089094999985,-21.113074083999948],[-64.665000782999982,-21.113249301999929],[-64.664910173999942,-21.11342381399993],[-64.664817262999975,-21.113597624999954],[-64.664722050999956,-21.113770737999971],[-64.664624540999966,-21.113943146999929],[-64.664524723999932,-21.114114868999934],[-64.664422595999952,-21.114285908999932],[-64.664318154999933,-21.114456273999963],[-64.664211394999938,-21.114625966999938],[-64.664102316999958,-21.114794993999965],[-64.663990913999953,-21.11496336099998],[-64.663877183999944,-21.11513107299993],[-64.663761122999972,-21.115298134999932],[-64.663642727999957,-21.115464553999971],[-64.663521991999971,-21.115630335999981],[-64.663398911999934,-21.115795486999957],[-64.663273482999955,-21.115960012999949],[-64.663145700999962,-21.116123921999929],[-64.663015558999973,-21.116287218999958],[-64.662883052999973,-21.116449909999972],[-64.662748337999972,-21.116611813999953],[-64.662611252999966,-21.116773127999977],[-64.662471790999973,-21.116933858999971],[-64.662329946999932,-21.117094015999953],[-64.662185713999975,-21.117253603999927],[-64.662039082999968,-21.117412633999948],[-64.661890050999943,-21.117571110999961],[-64.661738606999961,-21.11772904399993],[-64.66158474599996,-21.117886437999971],[-64.661428458999978,-21.118043306999937],[-64.661269735999952,-21.118199655999945],[-64.661108565999939,-21.118355497999971],[-64.660944940999968,-21.118510838999953],[-64.660778851999964,-21.118665689999943],[-64.66061028699994,-21.118820061999941],[-64.660439233999966,-21.118973964999952],[-64.66026573299996,-21.119127363999951],[-64.660089720999963,-21.119280314999969],[-64.659911187999967,-21.119432828999948],[-64.65973011799997,-21.11958491799993],[-64.659546497999941,-21.119736592999971],[-64.659360313999969,-21.119887866999932],[-64.659171547999961,-21.12003875299996],[-64.658980183999972,-21.120189264999965],[-64.658786216999943,-21.120339405999971],[-64.658589614999983,-21.120489201999931],[-64.658390361999977,-21.120638664999944],[-64.658188433999953,-21.120787810999957],[-64.657776475999981,-21.121085215999983],[-64.657353549999982,-21.121381554999971],[-64.656980152999949,-21.121636168999942],[-64.656598305999978,-21.121890202999964],[-64.656207841999958,-21.122143765999965],[-64.65580857599997,-21.122396982999931],[-64.655400333999978,-21.122649957999954],[-64.654982851999932,-21.122902861999933],[-64.654555869999967,-21.123155848999943],[-64.654119089999938,-21.123409097999968],[-64.653672811999968,-21.123662442999944],[-64.653216042999986,-21.123916460999965],[-64.652748354999972,-21.124171390999948],[-64.652269225999987,-21.124427514999979],[-64.65177823099998,-21.124685064999937],[-64.651274502999968,-21.124944497999934],[-64.650757235999947,-21.125206227999968],[-64.650225385999988,-21.125470782999969],[-64.649786630999984,-21.125685823999959],[-64.649336879999964,-21.125903468999979],[-64.648875224999983,-21.126124157999982],[-64.648400464999952,-21.126348465999968],[-64.647911848999968,-21.126576752999938],[-64.647406840999963,-21.126810208999927],[-64.646883143999958,-21.127049896999949],[-64.646337222999932,-21.127297432999967],[-64.645401001999971,-21.127717271999927],[-64.644356174999984,-21.12818038599994],[-64.643357137999942,-21.128619604999983],[-64.641013684999962,-21.129645951999976],[-64.639861035999957,-21.130154116999961],[-64.638776364999956,-21.130637853999929],[-64.637805878999984,-21.131077468999933],[-64.637333527999942,-21.131294421999939],[-64.636879344999954,-21.131505211999979],[-64.63644110499996,-21.131710867999971],[-64.636017245999938,-21.131912125999975],[-64.635606070999984,-21.132109791999937],[-64.635206935999975,-21.132304182999974],[-64.634818945999939,-21.13249572999996],[-64.634441399999957,-21.132684782999945],[-64.633623136999972,-21.133100609999929],[-64.632709691999935,-21.133570796999948],[-64.631817764999937,-21.13403399799995],[-64.629534869999986,-21.135224373999961],[-64.628876738999963,-21.135565536999934],[-64.628283106999959,-21.135871361999932],[-64.627628473999948,-21.136205866999944],[-64.627013805999979,-21.136516726999957],[-64.626428240999985,-21.136809433999929],[-64.62586616699997,-21.137086789999955],[-64.625184102999981,-21.137417988999971],[-64.624526728999967,-21.137730976999933],[-64.62388969999995,-21.13802782099998],[-64.623270162999972,-21.138309848999938],[-64.622664953999958,-21.138578486999961],[-64.622073120999971,-21.138834143999929],[-64.621493143999942,-21.139077475999954],[-64.620923867999977,-21.13930896599993],[-64.620612101999939,-21.139432509999949],[-64.620303173999957,-21.139552590999926],[-64.619996944999968,-21.139669263999963],[-64.619693290999976,-21.13978257399998],[-64.61939208299998,-21.139892568999983],[-64.619093230999965,-21.139999283999941],[-64.618796633999978,-21.14010275399994],[-64.618502202999935,-21.140203008999947],[-64.618209775999958,-21.140300103999948],[-64.61791935399998,-21.140394036999965],[-64.617630860999952,-21.140484834999938],[-64.617344229999958,-21.140572515999963],[-64.617059389999952,-21.140657101999977],[-64.616776287999983,-21.140738610999961],[-64.616494864999936,-21.140817057999982],[-64.616215069999953,-21.14089245699995],[-64.615936536999982,-21.140964904999976],[-64.615659535999953,-21.141034322999928],[-64.615384022999933,-21.141100724999944],[-64.61510995499998,-21.141164120999974],[-64.614837287999933,-21.14122452099997],[-64.614565985999945,-21.14128193199997],[-64.614296013999933,-21.141336360999958],[-64.614027335999936,-21.141387817999941],[-64.613759898999945,-21.14143630999996],[-64.613493692999953,-21.141481840999973],[-64.613228686999946,-21.141524412999956],[-64.612964852999937,-21.141564033999941],[-64.61270215899998,-21.141600706999952],[-64.612440584999945,-21.141634433999968],[-64.612180102999957,-21.141665220999982],[-64.611920688999987,-21.141693067999938],[-64.61160917899997,-21.141723461999959],[-64.611295802999962,-21.141751351999972],[-64.610980611999935,-21.141776732999972],[-64.610663661999979,-21.141799602999981],[-64.610345005999932,-21.14181995399997],[-64.610024702999965,-21.141837786999929],[-64.609702808999941,-21.141853093999941],[-64.609379382999975,-21.14186587599994],[-64.609054474999937,-21.141876129999957],[-64.608728152999959,-21.141883852999968],[-64.608400477999965,-21.141889042999935],[-64.60807151299997,-21.141891699999974],[-64.607741319999946,-21.141891824999959],[-64.607409963999942,-21.141889413999934],[-64.607077507999975,-21.141884470999969],[-64.606744016999983,-21.141876995999951],[-64.606409493999934,-21.141866987999947],[-64.606074067999941,-21.141854448999936],[-64.605737807999958,-21.141839383999979],[-64.605400782999936,-21.141821793999952],[-64.605063059999964,-21.141801683999972],[-64.604724708999981,-21.141779056999951],[-64.604385799999932,-21.141753918999939],[-64.604046404999963,-21.14172627399995],[-64.603706587999966,-21.141696126999932],[-64.603366427999958,-21.14166348699996],[-64.603025995999985,-21.141628358999981],[-64.602685363999967,-21.141590750999967],[-64.602344605999974,-21.141550670999948],[-64.602003793999984,-21.141508126999952],[-64.601663001999952,-21.141463128999931],[-64.60132230399995,-21.141415685999959],[-64.600981618999981,-21.141365786999927],[-64.600641176999943,-21.141313460999982],[-64.600301049999985,-21.141258720999929],[-64.599961314999973,-21.141201579999972],[-64.599622042999954,-21.141142048999939],[-64.599283308999986,-21.141080139999929],[-64.598945188999949,-21.141015867999954],[-64.598607754999932,-21.14094924799997],[-64.598271083999975,-21.140880292999952],[-64.597935244999974,-21.14080901899996],[-64.597600314999966,-21.140735439999958],[-64.59726636399995,-21.140659574999972],[-64.596933466999985,-21.14058143699998],[-64.596601692999968,-21.140501044999951],[-64.596271115999969,-21.140418415999932],[-64.595941806999974,-21.14033356799996],[-64.595613870999955,-21.140246526999931],[-64.59528734099996,-21.140157304999946],[-64.594962289999955,-21.140065917999948],[-64.594638783999983,-21.139972389999969],[-64.594316892999984,-21.139876735999962],[-64.593996683999933,-21.139778977999981],[-64.593678221999937,-21.139679136999973],[-64.59336157499996,-21.139577231999965],[-64.593046812999944,-21.139473287999976],[-64.592733993999957,-21.139367322999931],[-64.592423180999958,-21.139259357999947],[-64.592114435999974,-21.139149414999963],[-64.591807821999964,-21.139037515999973],[-64.591503397999986,-21.138923683999963],[-64.591201224999963,-21.138807939999936],[-64.59090135799994,-21.138690305999944],[-64.589856104999967,-21.138273928999979],[-64.589042651999932,-21.137945728999966],[-64.588302158999966,-21.137641610999935],[-64.587619041999972,-21.137354988999959],[-64.586958325999944,-21.137070903999927],[-64.586641174999954,-21.136931764999929],[-64.586331726999958,-21.136794078999969],[-64.586029154999949,-21.136657475999982],[-64.585733144999949,-21.136521814999981],[-64.585443257999941,-21.136386892999951],[-64.58515915299995,-21.136252550999927],[-64.584871947999943,-21.136114488999965],[-64.584590287999958,-21.135976755999934],[-64.584313927999972,-21.135839234999935],[-64.584042665999959,-21.135701822999977],[-64.583776286999978,-21.135564410999962],[-64.583514668999953,-21.135426935999931],[-64.583257669999966,-21.135289323999928],[-64.583005169999979,-21.135151509999957],[-64.582756910999933,-21.135013349999952],[-64.582512948999977,-21.134874873999934],[-64.58227319699995,-21.134736031999978],[-64.582037576999937,-21.134596779999981],[-64.581806008999934,-21.13445706899995],[-64.581578440999976,-21.134316866999939],[-64.581354811999972,-21.134176138999976],[-64.581135071999938,-21.134034850999967],[-64.580912778999959,-21.133888723999974],[-64.58069451199998,-21.133741938999947],[-64.580480227999942,-21.133594466999966],[-64.580269886999986,-21.133446281999966],[-64.580063447999976,-21.133297354999968],[-64.57986088499996,-21.133147664999967],[-64.579662163999956,-21.132997189999969],[-64.579467259999944,-21.132845907999979],[-64.579276122999943,-21.132693780999944],[-64.579088751999961,-21.132540807999931],[-64.578905126999985,-21.132386971999949],[-64.57872522699995,-21.132232254999963],[-64.578549031999955,-21.13207663999998],[-64.578376525999943,-21.131920112999978],[-64.578207691999978,-21.131762659999936],[-64.578042515999982,-21.131604265999954],[-64.577880900999958,-21.131444833999979],[-64.577722920999975,-21.131284434999941],[-64.577568564999979,-21.131123056999968],[-64.577417820999983,-21.130960687999959],[-64.57727067899998,-21.130797316999974],[-64.577127129999951,-21.130632932999958],[-64.576987164999935,-21.130467526999951],[-64.576850775999958,-21.130301088999943],[-64.576717950999978,-21.13013360399998],[-64.57658868599998,-21.129965067999933],[-64.576462976999949,-21.129795472999945],[-64.576340816999959,-21.129624810999928],[-64.576222198999972,-21.129453072999979],[-64.576107117999982,-21.129280251999944],[-64.575995570999964,-21.129106340999954],[-64.575887550999937,-21.128931330999933],[-64.57576636999994,-21.128726184999948],[-64.575646540999969,-21.12851341399994],[-64.575527824999938,-21.128292596999927],[-64.575409918999981,-21.128063168999972],[-64.575292627999943,-21.127824767999982],[-64.575175359999946,-21.127576211999951],[-64.575057598999933,-21.12731641299996],[-64.574938590999977,-21.127043708999963],[-64.574836476999963,-21.12680189699995],[-64.574731932999953,-21.126547290999952],[-64.574623864999978,-21.126277234999975],[-64.574510133999979,-21.125986397999952],[-64.574305914999968,-21.125450887999932],[-64.573848988999941,-21.124232004999953],[-64.57363547999995,-21.123676498999941],[-64.573286524999958,-21.122776059999978],[-64.572958658999937,-21.121911828999941],[-64.572649179999985,-21.121076682999956],[-64.572356469999988,-21.120266250999975],[-64.57207877899998,-21.119475626999929],[-64.571815715999946,-21.118703635999964],[-64.57156654399995,-21.117948114999933],[-64.571446999999978,-21.117576023999959],[-64.571330736999982,-21.117207468999936],[-64.571217144999935,-21.116840456999967],[-64.571106770999961,-21.116476704999968],[-64.570999572999938,-21.116116073999933],[-64.570895513999972,-21.115758440999969],[-64.570794557999932,-21.115403674999982],[-64.570696675999955,-21.115051687999937],[-64.570601843999953,-21.114702377999947],[-64.570510034999984,-21.114355656999976],[-64.57042120899996,-21.114011360999939],[-64.570335365999938,-21.113669492999975],[-64.570252487999937,-21.113329977999967],[-64.570172555999932,-21.112992748999943],[-64.570095557999934,-21.11265773699995],[-64.570021477999944,-21.112324886999943],[-64.569950304999963,-21.111994142999947],[-64.569882027999938,-21.111665452999944],[-64.569816644999946,-21.111338847999946],[-64.569753341999956,-21.111010385999975],[-64.569692116999988,-21.110680068999955],[-64.569632971999965,-21.110347894999961],[-64.569575902999986,-21.110013862999949],[-64.569520913999952,-21.10967796999995],[-64.56946800299994,-21.109340215999964],[-64.569417169999952,-21.109000599999945],[-64.569368413999939,-21.10865911999997],[-64.56932173499996,-21.108315773999948],[-64.569277132999957,-21.107970560999945],[-64.569234607999988,-21.107623477999937],[-64.569194159999938,-21.107274522999944],[-64.569155787999932,-21.106923694999978],[-64.56911949199997,-21.106570991999945],[-64.569085271999938,-21.106216409999945],[-64.56905312899994,-21.105859961999954],[-64.56902305999995,-21.105501631999971],[-64.568995066999946,-21.105141415999981],[-64.56896914899994,-21.104779311999948],[-64.568945304999943,-21.104415314999983],[-64.568923534999954,-21.104049423999982],[-64.568903838999972,-21.10368163499993],[-64.568886216999942,-21.103311943999927],[-64.568870667999988,-21.102940349999983],[-64.568857193999975,-21.102566845999945],[-64.568845791999934,-21.102191427999969],[-64.568836464999947,-21.101814090999937],[-64.568829209999933,-21.101434831999939],[-64.568824027999938,-21.101053642999943],[-64.568820917999972,-21.100670520999927],[-64.568819881999957,-21.100285459999952],[-64.568824018999976,-21.099510210999938],[-64.56883643499998,-21.098727142999962],[-64.568857125999955,-21.097936195999978],[-64.568886096999961,-21.097137302999954],[-64.568923347999942,-21.096330407999972],[-64.568968885999936,-21.095515406999937],[-64.569022712999981,-21.094692208999959],[-64.569084837999981,-21.093860702999962],[-64.569155247999959,-21.093021016999955],[-64.56923397199995,-21.092172762999951],[-64.569321023999976,-21.091315786999928],[-64.56941642399994,-21.090449898999964],[-64.569520187999956,-21.089574943999935],[-64.569632350999939,-21.08869061799993],[-64.569752947999973,-21.087796641999944],[-64.569882027999938,-21.086892669999941],[-64.56996430099997,-21.086343235999948],[-64.570049917999938,-21.08579406399997],[-64.570138864999933,-21.085245250999947],[-64.570231125999953,-21.084696890999965],[-64.570326686999977,-21.084149077999939],[-64.570425529999966,-21.083601901999941],[-64.570527639999966,-21.08305545199994],[-64.570632999999987,-21.082509817999949],[-64.570741588999965,-21.081965103999948],[-64.570853395999961,-21.08142137599998],[-64.570968400999959,-21.08087871999993],[-64.571086586999968,-21.080337215999975],[-64.571207937999986,-21.079796947999967],[-64.571332432999952,-21.079257991999953],[-64.571460056999967,-21.078720426999951],[-64.571590791999938,-21.078184327999963],[-64.571724580999955,-21.077649918999953],[-64.571861441999943,-21.077117122999937],[-64.572001355999987,-21.076586013999929],[-64.572144304999938,-21.076056659999949],[-64.572290269999939,-21.075529132999975],[-64.572439230999976,-21.075003498999934],[-64.572591171999932,-21.074479822999933],[-64.572746071999973,-21.073958169999969],[-64.572903908999933,-21.073438618999944],[-64.573064668999962,-21.07292121699993],[-64.573228331999985,-21.072406022999928],[-64.573394878999977,-21.071893096999929],[-64.573564290999968,-21.071382497999934],[-64.573736550999968,-21.070874279999941],[-64.573911638999959,-21.070368499999972],[-64.574089536999963,-21.069865210999978],[-64.574269895999976,-21.069365370999947],[-64.574453017999986,-21.068868116999965],[-64.574638881999988,-21.068373498999961],[-64.57482747399996,-21.067881563999947],[-64.575018771999964,-21.067392363999943],[-64.575212758999953,-21.066905941999948],[-64.575409416999946,-21.066422343999932],[-64.575608727999963,-21.065941613999939],[-64.575810669999953,-21.065463807999947],[-64.57601522899995,-21.064988954999933],[-64.576222386999973,-21.064517095999975],[-64.576432127999965,-21.06404827199998],[-64.576644431999966,-21.063582521999933],[-64.576859283999966,-21.063119883999946],[-64.577076664999936,-21.062660394999966],[-64.577296558999933,-21.062204089999966],[-64.577518909999981,-21.061751082999933],[-64.57774373999996,-21.061301328999946],[-64.577971031999937,-21.060854860999939],[-64.578200767999988,-21.060411712999951],[-64.578432931999942,-21.059971916999928],[-64.578667506999977,-21.05953550299995],[-64.57890447799997,-21.059102500999927],[-64.579143828999975,-21.058672939999951],[-64.579385538999986,-21.058246856999972],[-64.579629596999951,-21.057824271999948],[-64.579875987999969,-21.057405210999946],[-64.580124693999949,-21.056989700999964],[-64.580375701999969,-21.056577767999954],[-64.580628995999973,-21.056169436999937],[-64.580884561999937,-21.055764730999954],[-64.581142382999985,-21.055363674999967],[-64.581410059999939,-21.054957644999945],[-64.581689433999941,-21.05454693799993],[-64.581981098999961,-21.054130681999936],[-64.58228584799997,-21.053707743999951],[-64.582604186999959,-21.053277400999946],[-64.582937799999968,-21.052837349999947],[-64.583288248999963,-21.05238553199996],[-64.583657938999977,-21.051918839999928],[-64.583972941999946,-21.051528064999957],[-64.584305232999952,-21.051121672999955],[-64.584658222999963,-21.050695486999928],[-64.585038656999984,-21.050241360999962],[-64.58575495499997,-21.049396806999937],[-64.587040780999985,-21.04789474699993],[-64.58753035999996,-21.047320656999943],[-64.588019566999947,-21.04674229799997],[-64.588457079999955,-21.046219104999977],[-64.588925477999965,-21.04565056399997],[-64.58935945099995,-21.045113912999966],[-64.589766547999943,-21.044599809999966],[-64.590150667999978,-21.04410331899993],[-64.590444968999975,-21.043715857999928],[-64.590738439999939,-21.043324922999943],[-64.591031112999985,-21.042930467999952],[-64.591323023999962,-21.042532446999928],[-64.591614206999964,-21.042130812999972],[-64.591904700999976,-21.04172551299996],[-64.592194543999938,-21.041316490999975],[-64.592483777999973,-21.040903690999983],[-64.592772417999981,-21.040487092999967],[-64.59306053399996,-21.040066592999949],[-64.593348171999935,-21.039642125999933],[-64.593635381999945,-21.039213618999952],[-64.593922207999981,-21.038781004999976],[-64.59420870799994,-21.038344197999947],[-64.594494935999933,-21.037903114999949],[-64.594780950999962,-21.037457664999977],[-64.595066396999982,-21.037008412999967],[-64.595351755999957,-21.036554611999975],[-64.595637092999937,-21.036096154999939],[-64.595922481999935,-21.035632925999948],[-64.596207989999982,-21.035164815999963],[-64.596493706999979,-21.034691678999934],[-64.596779714999968,-21.034213375999968],[-64.597066107999979,-21.033729751999942],[-64.597352881999939,-21.033240816999978],[-64.597640241999954,-21.032746221999957],[-64.597928298999932,-21.032245777999947],[-64.598217174999945,-21.031739270999935],[-64.598506983999982,-21.031226506999928],[-64.598797882999975,-21.030707199999938],[-64.599090024999953,-21.030181080999967],[-64.599383582999963,-21.029647841999974],[-64.599860840999952,-21.028771313999982],[-64.600343157999987,-21.027873724999949],[-64.60083154199998,-21.026953195999965],[-64.601327303999938,-21.026007259999972],[-64.601831283999957,-21.02503433399994],[-64.602346138999962,-21.024029318999965],[-64.602874240999938,-21.022987581999928],[-64.603419155999973,-21.021902089999969],[-64.603877790999945,-21.020980913999949],[-64.604354401999956,-21.020017084999949],[-64.604853850999973,-21.019000781999978],[-64.60538558899998,-21.017912772999978],[-64.606377415999987,-21.015871018999974],[-64.608830624999939,-21.01080041299997],[-64.609520079999982,-21.009383277999973],[-64.610143644999937,-21.008108996999965],[-64.610827643999983,-21.00672174999994],[-64.61147327599997,-21.00542457399996],[-64.612092004999965,-21.004194434999931],[-64.612689868999951,-21.003019345999974],[-64.613030188999971,-21.002356912999971],[-64.613365729999941,-21.001708641999983],[-64.613697097999932,-21.001073358999975],[-64.614024781999944,-21.000450125999976],[-64.614349315999959,-20.99983793399997],[-64.61467098199995,-20.999236246999942],[-64.614990124999963,-20.998644423999963],[-64.615307033999954,-20.998061925999934],[-64.615622369999983,-20.99748754999996],[-64.615935973999967,-20.996921595999936],[-64.616248065999969,-20.996363664999933],[-64.616558838999936,-20.995813411999961],[-64.616868498999963,-20.995270473999938],[-64.617177182999967,-20.994734609999966]]],[[[-64.139256953999961,-21.433806505999939],[-64.13933142999997,-21.433362296999974],[-64.139400610999985,-21.432929503999958],[-64.139464643999986,-21.432507182999927],[-64.139523642999961,-21.432094595999956],[-64.139577717999941,-21.431690949999961],[-64.13962692299998,-21.43129584199994],[-64.139671315999976,-21.43090878199996],[-64.139710946999969,-21.430529366999963],[-64.13974589999998,-21.430156672999942],[-64.13977614199996,-21.429790955999977],[-64.139801699999964,-21.42943192499996],[-64.139822589999937,-21.429079327999943],[-64.139838826999949,-21.428732900999933],[-64.13985041799998,-21.428392472999974],[-64.139857371999938,-21.428057852999927],[-64.139859688999934,-21.427728875999946],[-64.139855967999949,-21.427319887999943],[-64.139844803999949,-21.426919426999973],[-64.139826189999951,-21.42652723499998],[-64.139800113999968,-21.426143087999947],[-64.139766558999952,-21.42576674999998],[-64.139746972999944,-21.425581461999968],[-64.139725510999938,-21.425398064999968],[-64.139702171999943,-21.425216536999983],[-64.139676951999945,-21.425036859999977],[-64.139649848999966,-21.424859013999935],[-64.139620858999933,-21.424682981999979],[-64.139589968999985,-21.424508678999928],[-64.139557184999944,-21.424336156999971],[-64.139522504999945,-21.424165398999946],[-64.139485925999963,-21.423996392999982],[-64.139447443999984,-21.423829121999972],[-64.139407056999971,-21.423663571999953],[-64.139364760999968,-21.423499730999936],[-64.139320551999958,-21.423337585999946],[-64.139274425999986,-21.423177118999945],[-64.139226380999958,-21.423018322999951],[-64.139176414999952,-21.422861186999967],[-64.139124520999985,-21.422705700999927],[-64.139070697999955,-21.422551852999959],[-64.13901494299995,-21.422399632999941],[-64.138957249999976,-21.422249032999957],[-64.138897615999952,-21.422100041999954],[-64.138835939999979,-21.421952416999943],[-64.138772308999933,-21.421806387999936],[-64.138706721999938,-21.42166194899994],[-64.138639171999955,-21.421519088999958],[-64.138569658999984,-21.421377801999938],[-64.138498175999985,-21.421238078999977],[-64.138424720999978,-21.421099913999967],[-64.13834929099994,-21.420963298999936],[-64.138271878999944,-21.420828225999969],[-64.138192483999944,-21.420694689999948],[-64.138111099999946,-21.420562684999936],[-64.138027726999951,-21.42043220499994],[-64.137942357999975,-21.420303242999978],[-64.137854989999937,-21.420175793999931],[-64.137765619999982,-21.420049853999956],[-64.137674244999971,-21.419925414999966],[-64.137580847999971,-21.419802460999961],[-64.137485436999953,-21.419680998999979],[-64.137388008999949,-21.41956102499995],[-64.137288558999956,-21.419442533999927],[-64.137187082999958,-21.419325520999962],[-64.137083577999988,-21.419209981999927],[-64.136978039999974,-21.419095912999978],[-64.136870463999969,-21.41898330999993],[-64.136760846999948,-21.41887216799995],[-64.136649185999943,-21.418762482999966],[-64.136535475999949,-21.418654253999932],[-64.136419713999942,-21.418547474999968],[-64.136301896999953,-21.418442142999936],[-64.136182019999978,-21.418338254999981],[-64.136060078999947,-21.418235808999952],[-64.135936071999936,-21.418134798999972],[-64.135774093999942,-21.418008330999953],[-64.135600864999958,-21.417879767999978],[-64.135415053999964,-21.417748117999963],[-64.135214265999934,-21.417611679999936],[-64.134991445999958,-21.417465782999955],[-64.13474137299994,-21.417307129999926],[-64.134472616999972,-21.417140604999929],[-64.133703472999969,-21.416669418999959],[-64.133466907999946,-21.416521161999981],[-64.133257402999959,-21.41638656799995],[-64.133019608999973,-21.416228545999957],[-64.132802825999988,-21.416078019999929],[-64.132602727999938,-21.415931984999929],[-64.132417210999961,-21.415788891999966],[-64.132283418999975,-21.415681025999959],[-64.13215151199995,-21.415571530999955],[-64.132021487999964,-21.415460401999951],[-64.131893341999955,-21.415347638999947],[-64.131767071999946,-21.415233235999949],[-64.131642672999988,-21.415117191999968],[-64.131520141999943,-21.414999501999944],[-64.131399475999956,-21.414880162999964],[-64.131280670999956,-21.414759172999936],[-64.131163722999986,-21.414636526999971],[-64.131048628999963,-21.414512219999949],[-64.130935384999987,-21.414386248999961],[-64.130823986999985,-21.41425861099998],[-64.130714429999955,-21.414129299999956],[-64.130606711999974,-21.413998312999979],[-64.130500828999971,-21.413865643999941],[-64.130396786999938,-21.413731301999974],[-64.130294571999968,-21.413595268999927],[-64.130194179999933,-21.413457539999968],[-64.130095605999941,-21.413318110999967],[-64.129998848999946,-21.413176973999953],[-64.129903902999956,-21.413034126999946],[-64.129810762999966,-21.41288955999994],[-64.129719427999987,-21.412743269999964],[-64.129629893999947,-21.41259525199996],[-64.129542154999967,-21.412445495999975],[-64.129456206999976,-21.412293997999939],[-64.129372047999937,-21.412140747999956],[-64.129289670999981,-21.411985740999967],[-64.129209074999949,-21.411828967999952],[-64.12913025499995,-21.411670421999929],[-64.129053203999945,-21.411510093999937],[-64.128978032999953,-21.411348215999965],[-64.128904617999979,-21.411184544999969],[-64.128832958999965,-21.411019070999942],[-64.128763047999939,-21.410851783999931],[-64.12869488299998,-21.410682675999965],[-64.128628459999959,-21.410511735999933],[-64.128563774999975,-21.410338951999961],[-64.128500822999968,-21.410164313999928],[-64.128439600999968,-21.409987816999944],[-64.128380104999962,-21.409809439999947],[-64.128322327999967,-21.409629173999974],[-64.128266268999937,-21.409447003999958],[-64.128211920999945,-21.409262917999968],[-64.128159280999967,-21.409076899999945],[-64.128108345999976,-21.408888935999983],[-64.128059109999981,-21.408699008999974],[-64.128011584999967,-21.408507173999965],[-64.127965749999987,-21.408313344999954],[-64.127921601999958,-21.408117503999961],[-64.127879133999954,-21.407919632999949],[-64.127799225999979,-21.407517722999955],[-64.127725991999966,-21.407107441999983],[-64.127659404999974,-21.406688634999966],[-64.127599425999961,-21.406261067999935],[-64.127546022999979,-21.405824518999964],[-64.12749916599995,-21.40537872799996],[-64.12746875299996,-21.405043493999983],[-64.127441879999935,-21.404702941999972],[-64.127418535999936,-21.404356935999942],[-64.127398710999955,-21.404005322999978],[-64.127382397999952,-21.403647964999948],[-64.12736958499994,-21.403284650999979],[-64.127360265999982,-21.402915183999937],[-64.127354434999972,-21.402539335999961],[-64.127352088999942,-21.402157257999932],[-64.127353218999986,-21.401768279999942],[-64.127357823999944,-21.401372094999942],[-64.12736590999998,-21.400968338999974],[-64.12737748099994,-21.400556699999981],[-64.127392552999936,-21.400136613999962],[-64.12741114399995,-21.399707556999942],[-64.127433280999981,-21.399268875999951],[-64.127456859999938,-21.398855364999974],[-64.127483523999956,-21.398432343999957],[-64.127513324999939,-21.397999009999978],[-64.127546332999941,-21.397554322999952],[-64.127582596999957,-21.397097583999937],[-64.127622277999933,-21.396626711999943],[-64.12766553299997,-21.396139815999959],[-64.127712613999961,-21.39563409799996],[-64.127805064999961,-21.394694469999934],[-64.12791385099996,-21.393649601999982],[-64.128027546999988,-21.392598996999936],[-64.128333414999986,-21.389822056999947],[-64.128421460999959,-21.388998742999945],[-64.128497741999979,-21.388261541999952],[-64.128580343999943,-21.387425227999927],[-64.128652416999955,-21.386647566999955],[-64.128715363999959,-21.385913379999977],[-64.128769835999947,-21.385214979999944],[-64.128799812999944,-21.384793625999976],[-64.128826730999947,-21.384382918999961],[-64.128850647999968,-21.383981960999961],[-64.128871604999972,-21.383590049999952],[-64.12888964299998,-21.383206430999962],[-64.128904777999935,-21.382830720999948],[-64.128917026999943,-21.382462455999928],[-64.128926404999959,-21.382101249999948],[-64.128932926999937,-21.381746222999936],[-64.128936583999973,-21.381397621999952],[-64.128937375999953,-21.381055167999932],[-64.128935307999939,-21.380718621999961],[-64.128930372999946,-21.380387731999974],[-64.128922571999965,-21.38006233699997],[-64.128911898999945,-21.37974225499994],[-64.128898349999986,-21.379427325999927],[-64.128707872999939,-21.375460073999932],[-64.12859492399997,-21.373054643999978],[-64.128494118999981,-21.37081993399994],[-64.128407725999978,-21.368794455999932],[-64.128328353999962,-21.366793241999972],[-64.128260023999985,-21.364903565999953],[-64.12820176799994,-21.363098572999945],[-64.128153113999986,-21.361363468999969],[-64.128131294999946,-21.360476285999937],[-64.128112000999977,-21.359603899999968],[-64.128095207999934,-21.358745178999982],[-64.128080896999961,-21.357899187999976],[-64.128069052999933,-21.357064929999979],[-64.128059666999945,-21.356241827999952],[-64.128052732999947,-21.355429215999948],[-64.128048243999956,-21.354626521999933],[-64.128046197999936,-21.353832520999958],[-64.128046598999958,-21.353047458999981],[-64.128049445999977,-21.352270896999983],[-64.128054741999961,-21.351502453999956],[-64.128062487999955,-21.350741727999946],[-64.128072688999964,-21.349988442999972],[-64.128085347999956,-21.349242294999954],[-64.128100468999946,-21.348503013999959],[-64.128118895999933,-21.347737981999956],[-64.128140021999968,-21.346979896999983],[-64.128163852999933,-21.346228507999967],[-64.12819039599998,-21.345483586999933],[-64.128219659999957,-21.344744901999945],[-64.12825165299995,-21.344012273999965],[-64.128286380999953,-21.34328551699997],[-64.128323854999962,-21.342564460999938],[-64.128364088999945,-21.341848812999956],[-64.128407084999935,-21.341138551999961],[-64.128452851999953,-21.340433532999953],[-64.128501397999969,-21.339733623999962],[-64.128552734999971,-21.339038684999935],[-64.128606868999952,-21.338348607999933],[-64.128663809999978,-21.33766327799998],[-64.128723566999952,-21.336982588999945],[-64.128786200999969,-21.33630588099993],[-64.128851671999939,-21.335633621999932],[-64.128919990999975,-21.334965720999946],[-64.128991164999945,-21.334302089999937],[-64.12906520599995,-21.333642638999947],[-64.129142119999983,-21.332987295999942],[-64.129221915999949,-21.332335985999975],[-64.129304604999959,-21.331688634999978],[-64.129390197999953,-21.331045137999979],[-64.129478700999982,-21.330405464999956],[-64.129570121999961,-21.329769554999928],[-64.129664470999955,-21.32913734899995],[-64.129761753999958,-21.328508782999961],[-64.129861982999955,-21.327883805999932],[-64.129965161999962,-21.327262364999967],[-64.130071303999955,-21.326644408999982],[-64.13067177299996,-21.323221762999935],[-64.130911307999952,-21.321874467999976],[-64.131134527999961,-21.320633485999963],[-64.131354094999949,-21.31942916099996],[-64.131566131999932,-21.318283561999976],[-64.131773007999982,-21.317183876999934],[-64.131976117999955,-21.316122707999966],[-64.132183411999961,-21.315059503999976],[-64.132388784999932,-21.314026568999964],[-64.132592983999984,-21.313020152999968],[-64.132796553999981,-21.312037568999983],[-64.133000109999955,-21.311075867999932],[-64.133203898999966,-21.310133902999951],[-64.133408264999957,-21.309210090999954],[-64.133613482999976,-21.308303184999943],[-64.133826985999974,-21.307381421999935],[-64.134041906999983,-21.306475540999941],[-64.134258467999985,-21.30558462099998],[-64.134476849999942,-21.30470790399994],[-64.13469725799996,-21.303844577999939],[-64.134919809999985,-21.30299417599997],[-64.135144652999941,-21.302156152999942],[-64.135371906999978,-21.301330045999975],[-64.135601850999933,-21.300514864999968],[-64.135834436999971,-21.299710807999929],[-64.136069764999945,-21.298917526999958],[-64.136307924999983,-21.298134712999968],[-64.136549016999936,-21.297362043999954],[-64.136793108999939,-21.296599302999937],[-64.137040277999972,-21.295846249999954],[-64.137290591999943,-21.295102669999949],[-64.137552771999935,-21.294343632999983],[-64.13781845699998,-21.293594308999957],[-64.138087712999948,-21.292854508999937],[-64.138360601999977,-21.292124065999928],[-64.13863718999994,-21.291402800999947],[-64.138917526999933,-21.290690585999982],[-64.139201665999963,-21.289987283999949],[-64.139489658999935,-21.289292769999975],[-64.139781594999988,-21.288606829999935],[-64.140077480999935,-21.287929451999958],[-64.140377359999945,-21.287260533999927],[-64.140681277999988,-21.286599980999938],[-64.14098927799995,-21.285947694999948],[-64.141301393999981,-21.285303601999942],[-64.141617667999981,-21.284667619999937],[-64.141938134999975,-21.284039677999942],[-64.142263038999943,-21.283419307999964],[-64.142592211999954,-21.282806853999944],[-64.142925683999977,-21.28220225299998],[-64.143263489999981,-21.281605446999947],[-64.143605660999981,-21.281016378999936],[-64.143952224999964,-21.280434999999954],[-64.144303211999954,-21.27986126199994],[-64.144658647999961,-21.279295118999983],[-64.145018578999952,-21.278736502999948],[-64.145200231999979,-21.278460013999961],[-64.145383012999957,-21.278185396999959],[-64.145566927999937,-21.277912648999973],[-64.145751977999964,-21.277641762999963],[-64.145938167999986,-21.277372736999951],[-64.146125497999947,-21.277105565999932],[-64.146313973999952,-21.276840242999981],[-64.146503597999981,-21.276576764999959],[-64.146694373999935,-21.276315130999933],[-64.146886301999984,-21.276055332999931],[-64.147079386999962,-21.275797369999964],[-64.147273630999962,-21.275541235999981],[-64.14746903799994,-21.275286929999936],[-64.147665608999944,-21.27503444599995],[-64.147834381999985,-21.274821378999945],[-64.148007169999971,-21.27460780399997],[-64.148184053999955,-21.274393614999951],[-64.14836513299997,-21.274178692999953],[-64.148550497999963,-21.273962934999929],[-64.148740282999938,-21.273746177999953],[-64.148934621999956,-21.273528272999954],[-64.149133666999944,-21.273309046999941],[-64.149337275999983,-21.273088648999931],[-64.149545943999954,-21.272866533999945],[-64.149759888999938,-21.272642469999937],[-64.149979375999976,-21.272416179999937],[-64.150204621999933,-21.272187436999957],[-64.150436061999983,-21.271955798999954],[-64.150674103999961,-21.271720857999981],[-64.150919270999964,-21.271482094999953],[-64.151325543999974,-21.271092865999947],[-64.151754841999946,-21.270689165999954],[-64.152211662999946,-21.270266754999966],[-64.152704989999961,-21.269817322999927],[-64.153138454999976,-21.269426952999936],[-64.153623696999944,-21.268993651999949],[-64.155235307999988,-21.267565823999973],[-64.155829223999945,-21.267037298999981],[-64.156409295999936,-21.266516224999975],[-64.156929515999934,-21.266042849999963],[-64.157459814999982,-21.265552414999945],[-64.157953503999977,-21.265086824999969],[-64.158418370999982,-21.264638727999966],[-64.158641329999966,-21.264419953999948],[-64.158858560999988,-21.264204120999977],[-64.159070375999988,-21.26399091899998],[-64.159277122999981,-21.26377999999994],[-64.15947906699995,-21.263571092999939],[-64.159676425999976,-21.263363972999969],[-64.159869427999979,-21.263158397999973],[-64.160058206999963,-21.262954225999977],[-64.160242916999948,-21.262751289999983],[-64.160423685999945,-21.262549449999938],[-64.160600785999975,-21.262348397999972],[-64.160774162999985,-21.262148189999948],[-64.160943915999951,-21.261948711999935],[-64.161110126999972,-21.261749866999935],[-64.16127288499996,-21.261551548999932],[-64.161432249999962,-21.26135368499996],[-64.161588286999972,-21.261156192999977],[-64.161741053999947,-21.260959001999936],[-64.161914022999952,-21.260731009999972],[-64.162086163999959,-21.260499161999974],[-64.162257542999953,-21.260263363999968],[-64.162428234999936,-21.260023512999965],[-64.162598308999975,-21.259779514999934],[-64.162767862999942,-21.259531229999936],[-64.162936985999977,-21.259278523999967],[-64.163105782999935,-21.259021243999939],[-64.163274195999975,-21.258759483999938],[-64.16344251299995,-21.258492803999957],[-64.163610864999953,-21.258220997999956],[-64.163779400999942,-21.257943823999938],[-64.163948248999986,-21.257661072999952],[-64.164117631999943,-21.257372374999932],[-64.16428775299994,-21.257077382999967],[-64.164458856999943,-21.256775669999968],[-64.164621996999983,-21.256483406999962],[-64.164786542999934,-21.256184190999932],[-64.164952803999938,-21.255877454999961],[-64.165121177999936,-21.255562470999962],[-64.165465836999942,-21.254904812999939],[-64.165826162999963,-21.254200466999976],[-64.166165368999941,-21.253523986999937],[-64.166536913999948,-21.252771135999978],[-64.166909412999985,-21.252007552999942],[-64.167904566999937,-21.249956397999938],[-64.168205695999973,-21.249341564999952],[-64.168478083999958,-21.248791014999938],[-64.168792167999982,-21.24816476899997],[-64.169089285999974,-21.247582547999968],[-64.169375230999947,-21.247033003999945],[-64.169652988999985,-21.246510414999932],[-64.169823768999947,-21.24619497499998],[-64.169992673999957,-21.245887600999936],[-64.170160068999962,-21.245587626999964],[-64.170326246999934,-21.245294530999956],[-64.170491526999967,-21.245007752999982],[-64.170656071999986,-21.244727012999931],[-64.170820080999988,-21.244451965999929],[-64.170983726999964,-21.244182328999955],[-64.171147410999936,-21.243917450999959],[-64.171311022999987,-21.243657515999928],[-64.171474693999983,-21.243402320999962],[-64.171638534999943,-21.243151689999934],[-64.171802666999952,-21.242905438999969],[-64.17196716899997,-21.242663448999963],[-64.172132131999945,-21.242425588999936],[-64.172297637999975,-21.242191741999932],[-64.172637877999932,-21.241720532999977],[-64.172984025999938,-21.241250373999947],[-64.173336108999933,-21.240781227999946],[-64.173694151999939,-21.240313059999949],[-64.174058181999953,-21.239845837999951],[-64.174428231999968,-21.239379517999964],[-64.174804330999962,-21.238914061999935],[-64.17518651499995,-21.238449427999967],[-64.175574793999942,-21.237985600999934],[-64.175969228999975,-21.237522507999927],[-64.176369858999976,-21.237060103999966],[-64.176776724999968,-21.236598340999933],[-64.177189867999971,-21.236137172999975],[-64.177609336999978,-21.235676542999954],[-64.178035183999953,-21.235216396999931],[-64.178467459999979,-21.234756678999929],[-64.178905881999981,-21.234297679999941],[-64.179350838999937,-21.233838983999931],[-64.179802395999957,-21.23338052899993],[-64.180260616999988,-21.232922244999941],[-64.180725569999936,-21.232464064999931],[-64.181197338999937,-21.232005907999962],[-64.181676003999939,-21.231547692999982],[-64.18216165399997,-21.231089337999947],[-64.182654300999957,-21.23063082799996],[-64.183154126999966,-21.230171992999942],[-64.183661239999935,-21.229712733999975],[-64.184175756999934,-21.22925294199996],[-64.184697791999952,-21.228792519999956],[-64.185227496999971,-21.228331331999982],[-64.185765014999959,-21.227869249999969],[-64.186310511999977,-21.227406134999967],[-64.186842153999976,-21.226960186999975],[-64.187381486999982,-21.226513007999927],[-64.187928692999947,-21.226064444999963],[-64.188483973999951,-21.225614332999953],[-64.189047517999938,-21.225162520999959],[-64.189619600999947,-21.224708785999951],[-64.190200479999987,-21.224252922999938],[-64.190790457999981,-21.22379469699996],[-64.191389360999949,-21.223334234999982],[-64.191998036999962,-21.22287087899997],[-64.192616885999939,-21.222404327999982],[-64.193246372999965,-21.221934227999952],[-64.193886901999974,-21.221460276999949],[-64.194539176999967,-21.220981952999978],[-64.195203856999967,-21.220498773999964],[-64.195881744999951,-21.220010153999965],[-64.196543427999984,-21.219537033999927],[-64.197218975999988,-21.219057660999965],[-64.197909460999938,-21.218571270999973],[-64.19861625599998,-21.218076899999971],[-64.199340331999963,-21.217573863999974],[-64.200084307999987,-21.217060337999953],[-64.200850574999947,-21.216534673999945],[-64.201642533999973,-21.215994534999936],[-64.202422716999934,-21.21546525399998],[-64.203235237999934,-21.214916688999949],[-64.204086837999967,-21.214344289999929],[-64.204989855999941,-21.213739760999943],[-64.206906926999977,-21.212462636999931],[-64.209832155999948,-21.21052199199994],[-64.210107284999935,-21.210340988999974],[-64.210386574999973,-21.210160171999973],[-64.210670155999935,-21.209979457999964],[-64.210958175999963,-21.209798752999973],[-64.211250762999953,-21.209617972999979],[-64.211548124999979,-21.209436994999976],[-64.211850449999986,-21.209255698999982],[-64.212157961999935,-21.209073952999972],[-64.212470474999975,-21.208891860999927],[-64.212788684999964,-21.208709012999975],[-64.213112897999963,-21.208525233999978],[-64.213443481999946,-21.20834031399994],[-64.213780742999973,-21.208154080999975],[-64.214125267999975,-21.207966207999959],[-64.214477611999939,-21.207776395999929],[-64.214838465999946,-21.207584268999938],[-64.215456100999972,-21.20726029399998],[-64.216104214999973,-21.206926198999952],[-64.216789296999934,-21.206578631999946],[-64.217524018999939,-21.206211161999931],[-64.218184748999988,-21.205884423999976],[-64.21892091899997,-21.205523494999966],[-64.221473106999952,-21.204282338999974],[-64.222468858999946,-21.203795458999934],[-64.223480181999946,-21.203295171999969],[-64.223943261999977,-21.203063336999946],[-64.224385591999976,-21.202839893999965],[-64.224895665999952,-21.202579454999977],[-64.225385003999975,-21.202326436999954],[-64.225856767999971,-21.202079203999972],[-64.226313058999949,-21.201836655999955],[-64.226756180999985,-21.201597559999982],[-64.227186868999979,-21.201361511999949],[-64.227606250999941,-21.201127894999956],[-64.228015187999972,-21.200896227999976],[-64.228494893999937,-21.200619203999963],[-64.228961606999974,-21.200343773999975],[-64.229416243999935,-21.200069395999947],[-64.229859531999978,-21.19979563399994],[-64.230292241999962,-21.199522005999938],[-64.230714776999946,-21.199248256999965],[-64.231127613999945,-21.198974074999967],[-64.231531153999981,-21.198699194999961],[-64.231926288999944,-21.19842299499993],[-64.232312778999983,-21.198145627999963],[-64.232690910999963,-21.197866887999965],[-64.233060930999955,-21.197586593999972],[-64.233423095999967,-21.197304549999956],[-64.233777573999987,-21.197020622999958],[-64.234124548999944,-21.19673466699993],[-64.234464183999933,-21.196446546999937],[-64.234714689999976,-21.196229314999982],[-64.234964920999971,-21.196009147999973],[-64.235214895999945,-21.19578602799993],[-64.235464634999971,-21.195559935999938],[-64.235714155999972,-21.195330857999977],[-64.235963483999967,-21.195098771999938],[-64.236212638999973,-21.194863655999939],[-64.236461642999984,-21.194625490999954],[-64.236710507999987,-21.194384265999929],[-64.236959271999979,-21.194139944999961],[-64.237207959999978,-21.193892500999937],[-64.237456600999963,-21.19364190899995],[-64.237705218999963,-21.193388140999957],[-64.237953846999972,-21.193131166999933],[-64.238202512999976,-21.192870952999954],[-64.238451252999937,-21.192607467999949],[-64.238699895999957,-21.192340891999947],[-64.238948678999975,-21.192070975999968],[-64.239197639999986,-21.191797679999979],[-64.239446818999966,-21.191520959999934],[-64.239696250999941,-21.191240774999983],[-64.239945984999963,-21.190957072999936],[-64.240196065999953,-21.190669800999956],[-64.240446541999972,-21.190378903999942],[-64.240697418999957,-21.190084375999959],[-64.240948797999977,-21.189786100999981],[-64.241200732999971,-21.18948401199998],[-64.241453289999981,-21.189178032999962],[-64.241706524999984,-21.188868093999929],[-64.241960515999949,-21.188554100999966],[-64.242215336999948,-21.188235960999975],[-64.242471070999954,-21.187913570999967],[-64.242962505999969,-21.187285432999943],[-64.243458276999945,-21.186640503999968],[-64.243959157999939,-21.185977781999952],[-64.244466126999953,-21.185295968999981],[-64.244979870999941,-21.18459416099995],[-64.24550224799998,-21.183869826999967],[-64.246034935999944,-21.183120649999978],[-64.246580305999942,-21.182343290999938],[-64.247110730999964,-21.181577930999936],[-64.24765879399996,-21.180778319999945],[-64.248229101999982,-21.179937744999961],[-64.248830145999932,-21.179043694999962],[-64.249426956999969,-21.178149005999956],[-64.250084684999933,-21.177156734999983],[-64.252058488999978,-21.174160426999947],[-64.252339957999936,-21.17373076399997],[-64.25261994799996,-21.173298812999974],[-64.252898463999941,-21.172864568999955],[-64.253175508999959,-21.172428023999942],[-64.253451088999952,-21.17198917099995],[-64.253725207999935,-21.171548002999941],[-64.253997870999967,-21.171104511999943],[-64.254269081999951,-21.170658689999982],[-64.254538845999946,-21.170210531999942],[-64.254807167999957,-21.169760028999974],[-64.255074053999977,-21.169307168999978],[-64.255339506999974,-21.16885194799994],[-64.255603532999942,-21.168394354999975],[-64.255866137999988,-21.167934380999952],[-64.256127325999955,-21.167472016999966],[-64.256387103999941,-21.167007255999977],[-64.256645461999938,-21.166540107999936],[-64.25690242099995,-21.166070541999943],[-64.257157983999946,-21.165598547999934],[-64.257412157999966,-21.165124114999969],[-64.257664948999945,-21.164647233999972],[-64.257916361999946,-21.164167893999945],[-64.258166401999972,-21.163686082999959],[-64.258415076999938,-21.16320178999996],[-64.258662389999984,-21.162715005999928],[-64.258908348999967,-21.162225716999956],[-64.259152959999938,-21.161733908999963],[-64.259396230999982,-21.161239570999953],[-64.259638164999956,-21.16074268999995],[-64.259878770999933,-21.160243249999951],[-64.260118055999953,-21.159741240999949],[-64.260356025999954,-21.159236645999954],[-64.260592531999976,-21.158729784999935],[-64.260827737999932,-21.158220313999948],[-64.261061651999967,-21.157708215999946],[-64.261294281999938,-21.157193474999929],[-64.261525632999962,-21.156676077999975],[-64.261755713999946,-21.156156003999968],[-64.261984531999985,-21.15563323899994],[-64.262212094999938,-21.155107761999943],[-64.26243840799998,-21.154579564999949],[-64.262663481999937,-21.154048620999959],[-64.262887324999951,-21.153514908999966],[-64.263109946999975,-21.152978410999935],[-64.263331353999945,-21.152439106999964],[-64.263551556999971,-21.151896973999953],[-64.26377056299998,-21.151351990999956],[-64.26398838199998,-21.150804133999941],[-64.264204993999954,-21.150253458999941],[-64.264420438999935,-21.149699862999967],[-64.264634724999951,-21.149143322999976],[-64.264847862999943,-21.14858381099998],[-64.265059862999976,-21.14802130299995],[-64.26527073699998,-21.147455768999976],[-64.265480492999984,-21.146887180999954],[-64.265689143999964,-21.146315509999965],[-64.26589669599997,-21.145740736999983],[-64.266103164999947,-21.14516281799996],[-64.266308562999939,-21.144581718999973],[-64.266512902999978,-21.143997406999972],[-64.266716195999948,-21.14340984699993],[-64.266918454999939,-21.142818999999974],[-64.267319925999971,-21.141627292999942],[-64.267705630999956,-21.140458098999943],[-64.268087704999971,-21.13927575699995],[-64.268466257999933,-21.138079921999974],[-64.268841411999972,-21.136870213999941],[-64.269213278999985,-21.135646278999957],[-64.269582010999954,-21.134407607999947],[-64.26994775199995,-21.133153719999939],[-64.270310663999965,-21.13188406699993],[-64.270670680999956,-21.130598899999939],[-64.271028224999952,-21.129296737999937],[-64.271383492999973,-21.127976868999951],[-64.271736705999956,-21.126638465999974],[-64.272088056999962,-21.125280805999978],[-64.272437858999979,-21.123902682999983],[-64.272786400999962,-21.122502965999956],[-64.27313401899994,-21.121080301999939],[-64.273471613999959,-21.119673016999968],[-64.273809074999974,-21.11824096099997],[-64.274146831999985,-21.116782308999973],[-64.274485414999958,-21.115294781999978],[-64.274825218999979,-21.113776658999939],[-64.275167160999956,-21.112223870999969],[-64.275512062999951,-21.110632685999974],[-64.275861022999948,-21.108998045999954],[-64.276207213999953,-21.107352755999955],[-64.276560169999982,-21.105652311999961],[-64.276921891999962,-21.103887093999958],[-64.277295583999944,-21.102041462999978],[-64.277679190999947,-21.100126097999976],[-64.278085999999973,-21.098075127999948],[-64.27852556299996,-21.095840597999938],[-64.279036424999958,-21.093226620999928],[-64.279169119999949,-21.092535469999973],[-64.279299117999983,-21.091837268999939],[-64.279426472999944,-21.091131727999937],[-64.279551242999958,-21.090418522999983],[-64.279673480999975,-21.089697360999935],[-64.279793259999963,-21.088967804999982],[-64.279910649999977,-21.088229443999978],[-64.280025724999973,-21.087481805999971],[-64.280138442999942,-21.086725189999981],[-64.280249014999981,-21.085958228999971],[-64.280357531999982,-21.085180295999976],[-64.280464097999982,-21.084390649999932],[-64.280568796999944,-21.083588662999944],[-64.280671777999942,-21.082773206999946],[-64.280773174999979,-21.081943227999943],[-64.280873146999966,-21.081097427999964],[-64.280963589999942,-21.080307787999971],[-64.281053139999983,-21.079502280999975],[-64.281141968999975,-21.078679359999967],[-64.281230293999954,-21.077837021999983],[-64.281318259999978,-21.076973916999975],[-64.281406274999938,-21.076086076999957],[-64.28149469899995,-21.075169898999945],[-64.281584042999953,-21.074220084999979],[-64.281744431999982,-21.072457579999934],[-64.281915875999971,-21.070502116999933],[-64.282083698999941,-21.068534165999949],[-64.282525260999932,-21.063287110999966],[-64.282660305999968,-21.06171784999998],[-64.28278445899997,-21.060308684999939],[-64.282930179999937,-21.058704893999959],[-64.283071594999967,-21.057206849999943],[-64.283211441999981,-21.055785584999967],[-64.28335117499995,-21.054426393999961],[-64.28343876699995,-21.053605207999965],[-64.283526979999976,-21.052801751999937],[-64.283616000999984,-21.052014306999979],[-64.283705983999937,-21.051241519999962],[-64.283797098999969,-21.050481935999983],[-64.28388943799996,-21.049734814999965],[-64.283983110999941,-21.04899925199993],[-64.284078214999965,-21.048274497999955],[-64.284174981999968,-21.047558816999981],[-64.284273353999936,-21.04685269099997],[-64.284373408999954,-21.046155571999975],[-64.284475212999951,-21.045466985999951],[-64.284578840999984,-21.044786434999935],[-64.284684342999981,-21.044113589999938],[-64.284791776999953,-21.04344808899998],[-64.284901193999985,-21.042789610999932],[-64.285018596999976,-21.042105811999932],[-64.285141313999986,-21.041416000999959],[-64.285269400999937,-21.040719854999963],[-64.285402923999982,-21.04001700699996],[-64.285541948999935,-21.039307128999951],[-64.285686569999939,-21.038589718999958],[-64.285836882999945,-21.037864307999939],[-64.285993001999941,-21.037130347999948],[-64.286154819999979,-21.036388295999927],[-64.28632270199995,-21.035636450999959],[-64.286496808999971,-21.034874073999958],[-64.286677347999955,-21.034100279999961],[-64.286864483999977,-21.033314339999947],[-64.287058553999941,-21.032514839999976],[-64.287259871999936,-21.031700471999955],[-64.287468850999971,-21.030869582999969],[-64.287645847999954,-21.030176207999943],[-64.28782862199995,-21.029469210999935],[-64.28801754899996,-21.028747126999974],[-64.288213130999964,-21.028008046999958],[-64.288626262999969,-21.026471294999965],[-64.28907576499995,-21.024830125999927],[-64.289481782999985,-21.023368975999972],[-64.289937965999968,-21.021744797999929],[-64.290385661999949,-21.020162737999954],[-64.291516912999953,-21.016179017999946],[-64.292124276999971,-21.014024267999957],[-64.292439167999987,-21.012896230999957],[-64.292731622999952,-21.011839305999956],[-64.293006960999946,-21.010834257999932],[-64.29326790999994,-21.009871118999968],[-64.293562878999978,-21.008767785999964],[-64.293842736999977,-21.007704215999979],[-64.294109244999959,-21.006673703999979],[-64.29436356399998,-21.005671758999938],[-64.294606945999988,-21.004693414999963],[-64.294839782999986,-21.003737053999942],[-64.295062673999951,-21.002800216999958],[-64.295276068999954,-21.001881007999941],[-64.295516727999939,-21.000814310999942],[-64.295745153999974,-20.99976768099998],[-64.295961777999935,-20.998739150999938],[-64.296166927999934,-20.997727150999935],[-64.296360944999947,-20.996729982999966],[-64.296544001999962,-20.995746749999967],[-64.296631482999942,-20.99526001199996],[-64.296716296999932,-20.994776372999979],[-64.296798459999934,-20.994295719999968],[-64.296877990999974,-20.993817944999932],[-64.296955005999962,-20.993342334999966],[-64.297029415999987,-20.992869415999962],[-64.297101231999932,-20.992399098999954],[-64.297170469999969,-20.99193129899993],[-64.297237140999982,-20.991465929999947],[-64.297301254999979,-20.991002919999971],[-64.297362823999947,-20.990542197999957],[-64.297421854999982,-20.990083692999974],[-64.297478361999936,-20.989627300999928],[-64.297532347999947,-20.989172996999969],[-64.297583820999932,-20.988720721999982],[-64.297632785999951,-20.988270417999956],[-64.297679249999987,-20.987822026999936],[-64.297723217999987,-20.987375498999938],[-64.297764693999966,-20.986930783999981],[-64.297803683999973,-20.986487831999966],[-64.298013567999988,-20.984025714999973],[-64.298150679999935,-20.982389385999966],[-64.298272564999934,-20.980892347999941],[-64.29837936499996,-20.979529008999975],[-64.298479154999939,-20.978191900999946],[-64.298568166999985,-20.976926428999946],[-64.298647575999951,-20.975715800999978],[-64.298717996999983,-20.974550637999982],[-64.298782446999951,-20.973373925999965],[-64.298837898999977,-20.972232841999983],[-64.298884579999935,-20.971122639999976],[-64.298922631999972,-20.970039951999979],[-64.298952176999933,-20.968981085999928],[-64.298973241999988,-20.967944638999938],[-64.298985869999967,-20.966928651999979],[-64.298989024999969,-20.966427842999963],[-64.298990076999985,-20.965931585999954],[-64.298988936999933,-20.965419514999951],[-64.298985515999959,-20.964912033999951],[-64.29897981199997,-20.964408983999931],[-64.298971825999956,-20.963910220999935],[-64.29896155299997,-20.963415595999948],[-64.298948990999975,-20.96292499599997],[-64.298934138999982,-20.962438303999932],[-64.298916990999942,-20.961955409999973],[-64.298897540999974,-20.961476127999958],[-64.298875787999975,-20.961000446999947],[-64.298851727999988,-20.960528271999976],[-64.298825355999952,-20.960059520999948],[-64.298796666999976,-20.959594103999962],[-64.298765655999944,-20.959131953999929],[-64.298732320999932,-20.958672995999962],[-64.298696653999968,-20.958217163999961],[-64.298658619999969,-20.957764036999947],[-64.298618241999975,-20.95731391399994],[-64.298575512999946,-20.956866736999928],[-64.298530428999982,-20.956422448999945],[-64.298482983999975,-20.955980995999937],[-64.298433172999978,-20.955542329999957],[-64.298380989999941,-20.955106402999945],[-64.298326430999964,-20.954673168999932],[-64.298269484999935,-20.954242561999934],[-64.298210151999967,-20.953814561999934],[-64.298148423999976,-20.953389131999927],[-64.298084296999946,-20.952966231999937],[-64.298017765999987,-20.952545823999969],[-64.297948822999956,-20.952127874999974],[-64.297877464999942,-20.951712350999969],[-64.297803683999973,-20.951299220999942],[-64.297723505999954,-20.950868548999949],[-64.297639083999968,-20.950434129999962],[-64.297550376999936,-20.949995759999979],[-64.297457340999983,-20.94955321599997],[-64.297359931999949,-20.949106290999964],[-64.297258083999964,-20.948654675999933],[-64.297151731999975,-20.948198078999951],[-64.29704079399994,-20.947736160999966],[-64.296925347999945,-20.947269202999962],[-64.296805137999968,-20.94679615299998],[-64.296680048999974,-20.946316550999938],[-64.296549935999963,-20.945829848999949],[-64.296414681999977,-20.945335593999971],[-64.296274045999951,-20.944832909999946],[-64.29612780399998,-20.944320987999959],[-64.295975661999933,-20.943798802999936],[-64.295707071999971,-20.942899273999956],[-64.295418748999964,-20.941960148999954],[-64.295107677999965,-20.940971576999971],[-64.294767708999984,-20.939914000999977],[-64.294468156999983,-20.938997184999948],[-64.294130635999977,-20.937976286999969],[-64.293027432999963,-20.934675222999942],[-64.292636695999988,-20.933499529999949],[-64.292267639999977,-20.932375964999949],[-64.291938915999935,-20.931359007999959],[-64.291496987999949,-20.929985740999939],[-64.291052097999966,-20.928616768999973],[-64.29060425199998,-20.927252112999952],[-64.290153457999963,-20.925891792999948],[-64.289699720999977,-20.924535826999943],[-64.289243045999967,-20.923184233999962],[-64.288783442999943,-20.921837034999953],[-64.288320914999986,-20.92049424399994],[-64.287855470999943,-20.919155883999963],[-64.287387114999945,-20.917821969999977],[-64.286915852999982,-20.916492517999927],[-64.286441691999983,-20.915167543999928],[-64.28596463699995,-20.913847063999981],[-64.285484692999944,-20.912531096999942],[-64.285001867999938,-20.911219654999968],[-64.284516165999946,-20.909912755999983],[-64.28402760299997,-20.908610440999951],[-64.283536175999984,-20.907312697999942],[-64.283041888999946,-20.906019540999978],[-64.282544747999964,-20.904730984999958],[-64.282044758999973,-20.903447043999961],[-64.281541925999932,-20.902167731999953],[-64.281036254999947,-20.900893060999977],[-64.280527751999955,-20.899623046999977],[-64.28001642299995,-20.898357702999931],[-64.279502271999945,-20.897097039999949],[-64.278985303999946,-20.895841071999939],[-64.278465524999945,-20.894589808999967],[-64.277942937999967,-20.893343263999952],[-64.277417550999985,-20.892101450999974],[-64.276889365999978,-20.890864377999947],[-64.276358389999984,-20.88963205899995],[-64.275824691999958,-20.888404652999952],[-64.275288213999943,-20.887182021999934],[-64.274748958999965,-20.88596417499997],[-64.274206932999959,-20.88475112499998],[-64.273662138999953,-20.883542880999983],[-64.273114582999938,-20.882339453999975],[-64.272564269999975,-20.881140853999966],[-64.272011203999966,-20.879947090999963],[-64.271455389999971,-20.878758175999963],[-64.270896832999938,-20.877574116999938],[-64.270335536999937,-20.876394923999953],[-64.269771504999937,-20.875220604999981],[-64.269204743999978,-20.874051170999962],[-64.268635254999936,-20.872886628999936],[-64.268063046999941,-20.871726988999967],[-64.267488119999939,-20.870572258999971],[-64.266910486999961,-20.869422460999942],[-64.266330143999937,-20.868277589999934],[-64.265747098999952,-20.867137653999976],[-64.26516135199995,-20.866002660999982],[-64.26457290899998,-20.864872620999961],[-64.263981773999944,-20.863747538999974],[-64.26338795199996,-20.862627422999935],[-64.262791444999948,-20.861512282999968],[-64.262192259999949,-20.86040212599994],[-64.261590397999953,-20.85929695699997],[-64.260985864999952,-20.858196783999972],[-64.260378663999973,-20.857101614999976],[-64.259768798999971,-20.856011456999966],[-64.259156273999963,-20.854926313999954],[-64.258541091999973,-20.853846196999939],[-64.257923257999948,-20.852771109999935],[-64.257667160999972,-20.852330266999957],[-64.257407296999986,-20.851888630999952],[-64.257143638999935,-20.851446150999948],[-64.256876154999986,-20.851002774999927],[-64.256604812999967,-20.850558452999962],[-64.256329577999963,-20.85011312499995],[-64.256050413999958,-20.849666731999946],[-64.255767281999965,-20.849219212999969],[-64.255480168999952,-20.848770544999979],[-64.255189002999941,-20.848320617999946],[-64.254893739999943,-20.847869362999973],[-64.254594332999943,-20.847416703999954],[-64.254290731999959,-20.846962570999949],[-64.253982877999988,-20.846506873999942],[-64.253670714999942,-20.846049526999934],[-64.253354177999938,-20.845590439999967],[-64.253033664999975,-20.845130173999962],[-64.252708652999956,-20.844667974999936],[-64.252379068999971,-20.844203733999962],[-64.252044828999942,-20.843737334999958],[-64.251705855999944,-20.843268669999929],[-64.25136204599994,-20.842797595999969],[-64.251013298999965,-20.842323974999942],[-64.250659504999987,-20.84184765699996],[-64.250300670999934,-20.841368648999946],[-64.249936543999979,-20.840886614999931],[-64.249566988999959,-20.840401372999963],[-64.249191850999978,-20.839912718999983],[-64.248810986999956,-20.839420468999947],[-64.248424191999959,-20.838924353999971],[-64.248031266999988,-20.838424120999946],[-64.247631985999988,-20.837919484999929],[-64.246969055999955,-20.83708936499994],[-64.246287468999981,-20.836245257999963],[-64.245585807999987,-20.835385407999979],[-64.244862208999962,-20.834507530999929],[-64.244115473999955,-20.833610152999938],[-64.243341732999966,-20.83268861099998],[-64.24253745599998,-20.83173869999996],[-64.241697278999936,-20.830754080999952],[-64.24097938999995,-20.829918236999958],[-64.240226921999977,-20.82904683199996],[-64.239432252999961,-20.828131030999941],[-64.238580445999958,-20.827153621999969],[-64.236974743999951,-20.825319866999962],[-64.232959678999975,-20.82074911199993],[-64.231831730999943,-20.819459418999941],[-64.230819627999949,-20.818296820999933],[-64.229713686999958,-20.817018677999954],[-64.228683029999956,-20.81581839699993],[-64.227709126999969,-20.814674389999936],[-64.22678239399994,-20.813575385999968],[-64.226255426999955,-20.812945345999935],[-64.225741162999952,-20.812326563999932],[-64.225238642999955,-20.811717889999954],[-64.224747104999949,-20.811118397999962],[-64.224265732999982,-20.810527088999947],[-64.22379409499996,-20.80994343499998],[-64.223331676999976,-20.809366796999939],[-64.222878048999974,-20.808796638999979],[-64.222432251999976,-20.808231746999979],[-64.22199453199994,-20.807672422999929],[-64.221564575999935,-20.807118266999964],[-64.22114210999996,-20.806568926999944],[-64.220726851999984,-20.80602403599994],[-64.22031861499994,-20.805483343999981],[-64.219917191999969,-20.804946580999967],[-64.21952239999996,-20.804413501999932],[-64.219071978999978,-20.80379869099994],[-64.218630035999979,-20.803188212999942],[-64.218196349999971,-20.802581763999967],[-64.21777072499998,-20.801979071999938],[-64.21735296099996,-20.801379848999943],[-64.216942916999983,-20.800783892999959],[-64.216540437999981,-20.800190979999968],[-64.216145387999973,-20.799600909999981],[-64.215757527999983,-20.799013320999961],[-64.215376857999956,-20.798428208999951],[-64.215003266999986,-20.797845405999965],[-64.214636655999982,-20.797264754999958],[-64.214276924999979,-20.796686095999974],[-64.213923994999959,-20.796109305999948],[-64.213577785999973,-20.795534249999946],[-64.213238223999952,-20.794960806999939],[-64.212904825999942,-20.794388144999971],[-64.212577958999987,-20.793816869999944],[-64.212257557999976,-20.793246875999955],[-64.21194356899997,-20.792678061999936],[-64.211635934999947,-20.792110323999964],[-64.211334607999959,-20.79154357799996],[-64.211039544999949,-20.790977736999935],[-64.21075069799997,-20.790412715999935],[-64.210468005999985,-20.789848387999939],[-64.210191454999972,-20.78928472399997],[-64.209921005999945,-20.788721650999946],[-64.209656628999937,-20.788159097999937],[-64.209398286999942,-20.787596991999976],[-64.209145953999951,-20.787035272999958],[-64.208899601999974,-20.786473878999971],[-64.208659201999978,-20.78591274799993],[-64.208465039999965,-20.785449301999961],[-64.208273284999962,-20.784982348999961],[-64.208083916999954,-20.784511837999958],[-64.207896912999956,-20.784037714999954],[-64.207712254999933,-20.783559927999931],[-64.207529915999942,-20.783078415999967],[-64.207349874999977,-20.78259311599993],[-64.207172105999973,-20.782103964999976],[-64.206996600999958,-20.781610935999936],[-64.206823318999966,-20.78111391799996],[-64.206652233999932,-20.780612835999932],[-64.206483318999972,-20.780107610999949],[-64.206316546999972,-20.779598164999982],[-64.206151888999955,-20.779084405999981],[-64.205989314999954,-20.778566238999929],[-64.205828791999977,-20.77804356799993],[-64.205670492999957,-20.777516967999929],[-64.205514177999987,-20.776985661999959],[-64.205359808999958,-20.776449530999969],[-64.205207352999935,-20.775908452999943],[-64.205056775999935,-20.775362306999966],[-64.204908032999981,-20.774810938999963],[-64.204761086999952,-20.774254198999927],[-64.204615891999936,-20.773691921999955],[-64.204472447999933,-20.773124107999934],[-64.204330661999961,-20.772550398999954],[-64.204190485999959,-20.77197059699995],[-64.20405186399995,-20.771384478999948],[-64.203914749999967,-20.770791840999948],[-64.203779075999933,-20.770192393999935],[-64.203644777999955,-20.769585860999939],[-64.203511787999958,-20.768971926999939],[-64.203288271999952,-20.76790919299998],[-64.20306792699995,-20.766822132999948],[-64.202850308999984,-20.765708552999968],[-64.202634857999954,-20.764565594999965],[-64.20242120599994,-20.763391369999965],[-64.202208285999973,-20.76218010499997],[-64.201995173999933,-20.760926542999982],[-64.201780534999955,-20.759622845999957],[-64.201597084999946,-20.758476833999964],[-64.201409880999961,-20.757278693999979],[-64.201217063999934,-20.756016569999929],[-64.201015139999981,-20.754667602999973],[-64.20083458299996,-20.75344131199995],[-64.200636361999955,-20.752077841999949],[-64.199943781999934,-20.747255501999973],[-64.199664885999937,-20.745330414999955],[-64.199372964999952,-20.743352297999934],[-64.199103969999953,-20.741575803999979],[-64.198946185999944,-20.74055827799998],[-64.198791471999982,-20.739579821999939],[-64.198638800999959,-20.738633954999955],[-64.198487481999962,-20.737716387999967],[-64.198336727999958,-20.736822383999936],[-64.198186279999959,-20.73595045899998],[-64.198035739999966,-20.735098304999951],[-64.197884796999972,-20.734264157999974],[-64.197698833999937,-20.733264087999942],[-64.197511415999941,-20.732286438999949],[-64.197322160999988,-20.731329217999928],[-64.197130757999957,-20.730390855999929],[-64.196936858999948,-20.729469663999964],[-64.196740278999982,-20.728564776999974],[-64.196540791999951,-20.727675141999953],[-64.196338199999957,-20.726799885999981],[-64.196132023999951,-20.72593700699997],[-64.195922383999971,-20.725087048999967],[-64.195709120999936,-20.724249377999968],[-64.195492096999942,-20.723423440999966],[-64.195271156999979,-20.722608659999935],[-64.195046195999964,-20.721804654999971],[-64.194817098999977,-20.72101100499998],[-64.194583756999975,-20.720227339999951],[-64.194494695999936,-20.719938664999972],[-64.194400773999973,-20.719645685999978],[-64.194301954999958,-20.719348289999971],[-64.194198196999935,-20.719046344999981],[-64.19408945899994,-20.718739737999954],[-64.193975680999984,-20.718428289999963],[-64.193856800999981,-20.71811183799997],[-64.193732747999945,-20.71779018899997],[-64.193603572999962,-20.717463466999959],[-64.193469062999952,-20.717131115999962],[-64.193329112999947,-20.716792878999968],[-64.193183595999983,-20.716448451999952],[-64.19303240499994,-20.71609757799996],[-64.192875339999944,-20.71573978899994],[-64.192712208999978,-20.715374649999944],[-64.192542774999936,-20.715001623999967],[-64.192378786999939,-20.714645995999945],[-64.192208794999942,-20.714282372999946],[-64.191849414999979,-20.713528202999953],[-64.191461358999959,-20.712732217999928],[-64.191038244999959,-20.711881320999964],[-64.19063012099997,-20.711073398999929],[-64.190171094999982,-20.710175638999942],[-64.189705189999984,-20.709272230999943],[-64.188468685999965,-20.706884233999972],[-64.18810439799995,-20.706175963999954],[-64.187780648999933,-20.705541887999971],[-64.187416639999981,-20.704821768999977],[-64.187082620999945,-20.704152229999977],[-64.186772047999966,-20.703520141999945],[-64.186481655999955,-20.70291885599994],[-64.186142442999937,-20.702200947999927],[-64.185982259999946,-20.701854989999958],[-64.185827952999944,-20.701516820999927],[-64.185679223999955,-20.701185786999929],[-64.185535925999943,-20.700861551999935],[-64.185397877999947,-20.700543712999945],[-64.185264935999953,-20.700231934999977],[-64.185136777999958,-20.699925449999967],[-64.185013498999979,-20.699624472999972],[-64.184895000999973,-20.699328759999958],[-64.184781198999985,-20.699038103999953],[-64.184672008999939,-20.698752285999944],[-64.184567376999951,-20.698471163999955],[-64.184467242999972,-20.698194579999949],[-64.184371557999953,-20.697922393999932],[-64.184256314999971,-20.697582662999935],[-64.184148102999984,-20.697249589999956],[-64.184046848999969,-20.696922957999959],[-64.18395249699995,-20.696602576999965],[-64.183864987999982,-20.696288251999931],[-64.183784285999934,-20.695979847999979],[-64.183710352999981,-20.695677220999983],[-64.183643157999938,-20.695380240999953],[-64.183582649999948,-20.695088674999965],[-64.183528835999937,-20.694802530999937],[-64.183481695999944,-20.694521708999957],[-64.18344121399997,-20.694246114999942],[-64.18340737699998,-20.693975655999964],[-64.183380175999957,-20.693710261999968],[-64.183359603999975,-20.693449856999962],[-64.183345655999972,-20.693194374999962],[-64.183338320999951,-20.692943352999976],[-64.183337625999968,-20.692697146999933],[-64.183343570999966,-20.692455699999982],[-64.183356155999945,-20.692218963999949],[-64.183375385999966,-20.691986885999938],[-64.183401261999961,-20.69175942499993],[-64.183433789999981,-20.69153653799998],[-64.183472976999951,-20.691318186999979],[-64.183518831999947,-20.691104312999983],[-64.183571361999952,-20.690894904999936],[-64.18363057199997,-20.690689929999962],[-64.183696472999941,-20.690489357999979],[-64.183769072999951,-20.690293157999974],[-64.18384838299994,-20.690101304999928],[-64.183934412999974,-20.68991377499998],[-64.184027174999983,-20.689730542999939],[-64.184116469999935,-20.689569398999936],[-64.184211963999985,-20.689410730999953],[-64.184313668999948,-20.689254519999963],[-64.18442160099994,-20.689100742999983],[-64.184535771999947,-20.688949378999951],[-64.184656201999985,-20.688800405999928],[-64.184782908999978,-20.688653797999962],[-64.184915912999941,-20.688509531999955],[-64.18505522199996,-20.688367598999946],[-64.185200875999953,-20.68822795799997],[-64.185352899999941,-20.688090583999951],[-64.185511322999957,-20.687955448999958],[-64.185676175999959,-20.68782252799997],[-64.185847494999962,-20.687691791999953],[-64.186025318999953,-20.68756321099994],[-64.186209687999963,-20.687436755999954],[-64.186400333999984,-20.687312593999934],[-64.186597598999981,-20.687190487999942],[-64.186801535999962,-20.687070404999929],[-64.186901416999945,-20.687014412999929],[-64.186880993999978,-20.686945643999934],[-64.186649891999934,-20.686150168999973],[-64.186434636999934,-20.685394423999981],[-64.186213071999987,-20.68460271999993],[-64.185983092999948,-20.683767553999928],[-64.185740807999935,-20.682874802999947],[-64.185513619999938,-20.682027612999946],[-64.185263344999953,-20.681085536999944],[-64.184335297999951,-20.677560228999937],[-64.183945073999951,-20.676088872999969],[-64.183532238999987,-20.674556658999961],[-64.183340021999982,-20.67385480799993],[-64.183154029999969,-20.67318391799995],[-64.182929330999968,-20.672385264999946],[-64.182709933999945,-20.671618966999972],[-64.182494344999952,-20.670879811999953],[-64.18228156899994,-20.670164393999983],[-64.182070480999982,-20.669468956999935],[-64.181860728999936,-20.668792369999949],[-64.181651755999951,-20.668132837999963],[-64.18144313099998,-20.667489000999979],[-64.181182870999976,-20.666706304999934],[-64.180921937999983,-20.665944319999937],[-64.180659790999982,-20.665201463999949],[-64.180395995999959,-20.66447650899994],[-64.180130065999947,-20.663768130999927],[-64.179861752999955,-20.663075676999938],[-64.179726602999949,-20.662735161999933],[-64.179590744999985,-20.66239834199996],[-64.179454145999955,-20.662065136999956],[-64.179316775999951,-20.661735466999971],[-64.17917840399997,-20.661408791999975],[-64.179039199999977,-20.661085525999965],[-64.178899135999984,-20.660765604999938],[-64.178758185999982,-20.660448968999958],[-64.178616323999961,-20.660135558999968],[-64.178473527999984,-20.659825326999965],[-64.178329774999952,-20.659518221999974],[-64.178185042999985,-20.659214197999972],[-64.178039297999987,-20.658913180999946],[-64.177892531999987,-20.658615160999943],[-64.177744725999958,-20.658320095999954],[-64.177595860999986,-20.658027948999973],[-64.177445917999933,-20.657738680999955],[-64.177294879999977,-20.657452260999946],[-64.177142730999947,-20.657168657999932],[-64.176989451999987,-20.656887839999968],[-64.176824705999934,-20.65659108899996],[-64.176656401999935,-20.656292881999946],[-64.176484478999953,-20.65599310999994],[-64.176308865999943,-20.655691644999933],[-64.176129495999987,-20.655388376999952],[-64.175946273999955,-20.655083140999977],[-64.175759107999966,-20.654775785999959],[-64.175567890999957,-20.654466136999929],[-64.175372679999953,-20.654154278999954],[-64.175173180999934,-20.653839736999942],[-64.174969251999983,-20.653522285999941],[-64.174760722999963,-20.653201664999926],[-64.174547452999946,-20.652877651999972],[-64.174329185999966,-20.652549860999954],[-64.174105686999951,-20.652217936999932],[-64.173876666999945,-20.651881448999973],[-64.173402346999978,-20.651195148999932],[-64.172901321999973,-20.650483803999975],[-64.172369106999952,-20.649741028999927],[-64.171797277999985,-20.648955066999974],[-64.171236089999979,-20.648193397999933],[-64.170610173999933,-20.647352331999969],[-64.169968696999945,-20.64649658999997],[-64.168222755999977,-20.644175449999977],[-64.167696023999952,-20.643470921999949],[-64.167225328999962,-20.64283718799993],[-64.166689596999959,-20.642109411999968],[-64.166193285999952,-20.641427350999948],[-64.165726671999948,-20.640777634999949],[-64.165284885999938,-20.640153472999941],[-64.165018499999974,-20.639772253999979],[-64.164759771999968,-20.639398091999965],[-64.164508137999974,-20.639030168999966],[-64.164263159999962,-20.638667841999961],[-64.164024365999978,-20.638310414999978],[-64.16379152199994,-20.637957534999941],[-64.163564343999951,-20.637608768999939],[-64.163342594999961,-20.637263754999935],[-64.163125741999977,-20.63692164899993],[-64.162913936999985,-20.63658268599994],[-64.162707014999967,-20.636246597999957],[-64.162504833999947,-20.635913154999969],[-64.162307244999965,-20.635582111999952],[-64.162114152999948,-20.635253306999971],[-64.16192545399997,-20.634926562999965],[-64.161741053999947,-20.634601718999932],[-64.161460616999932,-20.634096798999963],[-64.161183422999954,-20.633584654999936],[-64.160909369999956,-20.633065094999949],[-64.160638345999985,-20.632537907999961],[-64.160370250999961,-20.632002897999939],[-64.16010493999994,-20.631459783999958],[-64.159842283999978,-20.630908294999927],[-64.159582135999983,-20.630348123999966],[-64.15932455899997,-20.62977942599997],[-64.15906916199998,-20.629201355999953],[-64.158815764999986,-20.628613507999944],[-64.158564164999973,-20.628015407999953],[-64.158314184999938,-20.627406644999951],[-64.15806553699997,-20.626786514999935],[-64.157817954999985,-20.626154355999972],[-64.157571123999958,-20.625509367999939],[-64.157323008999981,-20.624846075999983],[-64.157074893999948,-20.624167763999935],[-64.156826322999962,-20.623473183999977],[-64.156576719999975,-20.622760723999932],[-64.156325686999935,-20.622029277999957],[-64.156072135999977,-20.621275695999941],[-64.155815096999959,-20.620497099999966],[-64.155553191999957,-20.619689309999956],[-64.155310618999977,-20.618928937999954],[-64.155060788999947,-20.618134479999981],[-64.154801344999953,-20.617298455999958],[-64.15452788999994,-20.616406710999968],[-64.153992957999947,-20.614638032999949],[-64.152971630999957,-20.611223595999945],[-64.152549470999986,-20.609820509999963],[-64.152105133999953,-20.608362145999934],[-64.15169999699998,-20.607055923999951],[-64.151459831999944,-20.606294507999962],[-64.151226066999982,-20.605563759999939],[-64.150997076999943,-20.604858596999975],[-64.150771777999978,-20.604175689999977],[-64.150548950999962,-20.603511362999939],[-64.150328210999987,-20.602864491999981],[-64.150108954999951,-20.602233306999949],[-64.14989071399998,-20.60161646399996],[-64.149617348999982,-20.600860070999943],[-64.149344247999977,-20.600122570999929],[-64.149070814999959,-20.599402354999938],[-64.14879657299997,-20.598698161999948],[-64.148520990999941,-20.598008638999943],[-64.148243792999949,-20.59733310699994],[-64.147964638999952,-20.596670737999943],[-64.147683240999982,-20.596020843999952],[-64.14739889599997,-20.595381846999942],[-64.147111786999972,-20.594754196999929],[-64.146821689999967,-20.594137399999966],[-64.14652840399998,-20.593531032999977],[-64.146231712999963,-20.59293465099995],[-64.145931471999972,-20.592347962999952],[-64.145627517999969,-20.591770649999944],[-64.145319700999949,-20.591202431999932],[-64.145188440999959,-20.590965911999945],[-64.145053810999968,-20.59072798699998],[-64.144915749999939,-20.59048854599996],[-64.144774187999985,-20.590247467999973],[-64.144629058999953,-20.590004642999929],[-64.14448026499997,-20.589759904999937],[-64.144327712999939,-20.589513096999951],[-64.144171287999939,-20.589264039999932],[-64.144011087999957,-20.58901287599997],[-64.143846764999978,-20.588759052999933],[-64.143678159999979,-20.588502328999937],[-64.143505086999937,-20.588242416999947],[-64.14314475599997,-20.587711860999946],[-64.142763475999971,-20.587164000999962],[-64.142427835999968,-20.586691483999971],[-64.142072845999962,-20.586200115999929],[-64.141694977999975,-20.58568500299998],[-64.141287304999935,-20.585136700999954],[-64.140917483999942,-20.584644555999944],[-64.140504030999978,-20.584098723999944],[-64.139058764999959,-20.58220500799996],[-64.138493561999951,-20.58146064999994],[-64.137920979999933,-20.58069820999998],[-64.137412430999973,-20.580010290999951],[-64.137126578999982,-20.579617777999943],[-64.136854105999987,-20.579238908999969],[-64.13659322999996,-20.578871201999959],[-64.136342774999946,-20.578513002999955],[-64.136101466999946,-20.578162474999942],[-64.135868905999985,-20.577819027999965],[-64.135644476999971,-20.577481754999951],[-64.13542771799996,-20.577149954999982],[-64.135174113999938,-20.576753330999964],[-64.134930656999984,-20.576362973999949],[-64.134696855999948,-20.57597809799995],[-64.134472331999973,-20.575598075999949],[-64.134256684999968,-20.575222227999973],[-64.134049713999957,-20.574850196999932],[-64.133851178999976,-20.574481554999977],[-64.133660884999983,-20.574115934999952],[-64.133478410999942,-20.57375250299998],[-64.133303877999936,-20.573391473999948],[-64.133137155999975,-20.573032575999946],[-64.132978132999938,-20.572675569999944],[-64.132826698999963,-20.572320205999972],[-64.13268278399994,-20.571966312999962],[-64.132546307999974,-20.571613706999983],[-64.132417210999961,-20.571262218999948],[-64.13229199899996,-20.570901013999958],[-64.132172509999975,-20.57053420799997],[-64.132058692999976,-20.570161631999952],[-64.131950487999973,-20.569783100999928],[-64.13184784699996,-20.569398441999965],[-64.131750700999987,-20.569007398999929],[-64.13165898699998,-20.568609726999966],[-64.131572641999981,-20.568205140999964],[-64.131491696999944,-20.567793857999959],[-64.131415969999978,-20.56737501799995],[-64.131345392999947,-20.566948236999963],[-64.131279888999984,-20.566513052999937],[-64.131219396999938,-20.566069077999941],[-64.131163814999979,-20.565615587999957],[-64.131113059999961,-20.565151901999968],[-64.131067037999969,-20.564677170999971],[-64.131031337999957,-20.564261361999968],[-64.13099897099994,-20.563835994999977],[-64.13096987199998,-20.563400212999966],[-64.130943964999972,-20.56295290199995],[-64.130921202999957,-20.562493325999981],[-64.130901464999965,-20.562019236999959],[-64.130884666999975,-20.561528593999981],[-64.130870702999971,-20.561018345999969],[-64.130861020999987,-20.560568350999972],[-64.130853213999956,-20.560097878999954],[-64.13084287199996,-20.559072617999959],[-64.130839041999934,-20.558053908999966],[-64.130836861999967,-20.555391864999933],[-64.130832573999953,-20.554609576999951],[-64.130825219999963,-20.553907152999955],[-64.130811662999974,-20.553116880999937],[-64.130792700999962,-20.552379282999937],[-64.130767976999948,-20.551680448999946],[-64.130737226999941,-20.551013288999968],[-64.130715248999934,-20.550616847999947],[-64.130690855999944,-20.550229373999969],[-64.130663994999964,-20.54985007199997],[-64.130634623999981,-20.549478319999935],[-64.130602687999954,-20.549113441999964],[-64.130568153999945,-20.548755093999944],[-64.130530983999961,-20.548402860999943],[-64.130491139999947,-20.548056393999957],[-64.130448522999984,-20.547714895999945],[-64.130403153999964,-20.547378585999979],[-64.130354996999984,-20.547047210999949],[-64.130304022999951,-20.546720552999943],[-64.130250191999949,-20.54639838099996],[-64.130193482999971,-20.546080544999938],[-64.13013386199998,-20.545766879999974],[-64.130071303999955,-20.545457235999947],[-64.129969960999972,-20.544983487999957],[-64.129862466999953,-20.544506597999941],[-64.129748774999939,-20.544026361999954],[-64.129628830999934,-20.543542551999963],[-64.129502584999955,-20.543054959999949],[-64.129369958999973,-20.542563279999968],[-64.129230872999983,-20.542067221999957],[-64.12908523599998,-20.541566453999963],[-64.128933119999942,-20.541061200999934],[-64.128774240999974,-20.540550488999941],[-64.128608462999978,-20.540033875999939],[-64.128435619999948,-20.539510846999974],[-64.128255569999965,-20.538980963999961],[-64.128068042999985,-20.538443430999962],[-64.127872780999951,-20.537897509999937],[-64.127669457999957,-20.537342286999944],[-64.127481762999935,-20.536840398999971],[-64.127287076999949,-20.536329466999973],[-64.127085017999946,-20.535808492999934],[-64.126875083999948,-20.53527618399994],[-64.126656942999944,-20.534731676999968],[-64.12642957099996,-20.534172402999957],[-64.126192021999941,-20.533596035999949],[-64.125942881999947,-20.532999141999937],[-64.125480495999966,-20.53190838699993],[-64.124959753999974,-20.530700112999966],[-64.124433737999937,-20.529493844999934],[-64.12303848199997,-20.526311678999946],[-64.122627497999986,-20.525365909999948],[-64.122261428999934,-20.524515294999958],[-64.12185107199997,-20.523549160999949],[-64.121473289999983,-20.522644462999949],[-64.121120841999982,-20.52178384299998],[-64.120790107999937,-20.520958442999927],[-64.120594555999958,-20.520460880999963],[-64.120405838999943,-20.519973049999976],[-64.120223556999974,-20.519493919999945],[-64.120047401999955,-20.519022678999931],[-64.119877045999942,-20.518558445999929],[-64.119712326999945,-20.518100774999937],[-64.119553046999954,-20.517649113999937],[-64.119399044999966,-20.517203007999967],[-64.119249963999948,-20.516761397999971],[-64.119105906999948,-20.516324572999963],[-64.118966763999936,-20.515892195999982],[-64.118832441999984,-20.515463976999968],[-64.118702844999973,-20.515039605999959],[-64.118577908999953,-20.514618878999954],[-64.11845756799994,-20.514201573999969],[-64.118341765999958,-20.513787485999956],[-64.118186114999958,-20.513228141999946],[-64.118023421999965,-20.51265561799994],[-64.117853391999972,-20.512068884999962],[-64.117675649999967,-20.51146663399993],[-64.117489917999933,-20.510847920999936],[-64.117295465999973,-20.510210292999943],[-64.117091605999974,-20.50955149899994],[-64.116877354999986,-20.508868356999983],[-64.116658740999981,-20.508179680999945],[-64.116427549999969,-20.507459211999958],[-64.116181646999962,-20.506700287999934],[-64.115917047999972,-20.505890610999927],[-64.115366519999952,-20.504222563999974],[-64.114234766999971,-20.50082060099993],[-64.113752442999953,-20.499364069999956],[-64.113251623999986,-20.497836564999943],[-64.112807788999987,-20.496463179999978],[-64.112551792999966,-20.495659884999952],[-64.112308492999944,-20.494887217999974],[-64.112076252999941,-20.494139980999933],[-64.111854021999932,-20.493414787999939],[-64.111640656999953,-20.492707883999969],[-64.11143582699998,-20.492018153999936],[-64.111239000999944,-20.491343809999933],[-64.111049785999967,-20.490683497999953],[-64.110824654999988,-20.489880384999935],[-64.110610247999944,-20.489095298999928],[-64.110406137999973,-20.488326671999971],[-64.110211999999933,-20.487573282999961],[-64.110027496999976,-20.486833811999929],[-64.109852470999954,-20.486107604999972],[-64.109686726999939,-20.485393861999967],[-64.10953011099997,-20.484691916999964],[-64.109382287999949,-20.484000212999945],[-64.109243373999959,-20.483319214999938],[-64.109113270999956,-20.482648447999964],[-64.108991899999978,-20.48198750499995],[-64.108879181999953,-20.481335953999974],[-64.108775071999958,-20.480693522999957],[-64.108679517999974,-20.480059902999983],[-64.108592482999939,-20.479434824999942],[-64.108545975999959,-20.479076776999932],[-64.108502305999934,-20.478721460999964],[-64.108461467999973,-20.478368837999938],[-64.108423456999958,-20.478018866999946],[-64.108388266999953,-20.477671504999932],[-64.108355896999967,-20.477326718999961],[-64.108326342999987,-20.476984474999938],[-64.108299600999942,-20.476644738999937],[-64.108275667999976,-20.476307460999976],[-64.108254543999976,-20.475972630999934],[-64.108236225999974,-20.475640216999977],[-64.10822071399997,-20.475310193999974],[-64.108208004999938,-20.474982532999945],[-64.108198098999935,-20.474657209999975],[-64.108190995999962,-20.47433419999993],[-64.108186693999983,-20.474013482999965],[-64.10818519299994,-20.473694942999941],[-64.108186495999973,-20.473378652999941],[-64.108190600999933,-20.473064589999979],[-64.108197508999979,-20.472752734999972],[-64.108207220999986,-20.472443067999961],[-64.108219736999956,-20.472135572999946],[-64.108235057999934,-20.471830229999966],[-64.108253183999977,-20.471527023999954],[-64.108274118999987,-20.471225931999982],[-64.108297860999983,-20.470926943999928],[-64.108324411999945,-20.47063004499995],[-64.108353772999976,-20.47033522199996],[-64.108385945999942,-20.470042459999945],[-64.108420932999934,-20.46975174399995],[-64.108458733999953,-20.469463062999978],[-64.108499352999956,-20.469176404999928],[-64.108542841999963,-20.468891425999971],[-64.108589155999937,-20.468608449999977],[-64.108638299999939,-20.468327464999959],[-64.108690273999969,-20.468048460999967],[-64.108745080999938,-20.467771424999967],[-64.108802720999961,-20.46749634899993],[-64.108863198999984,-20.467223221999973],[-64.108926514999951,-20.466952034999963],[-64.108992671999943,-20.466682774999981],[-64.109061672999985,-20.466415435999977],[-64.109133518999954,-20.466150008999932],[-64.109208213999977,-20.465886486999977],[-64.109285757999942,-20.465624860999981],[-64.109366153999986,-20.46536512199998],[-64.109449404999964,-20.465107262999936],[-64.109535512999969,-20.46485127699998],[-64.109624488999941,-20.464597136999942],[-64.109716325999955,-20.464344855999968],[-64.109811027999967,-20.464094425999974],[-64.109908597999947,-20.463845841999955],[-64.110009037999987,-20.463599095999939],[-64.110112349999952,-20.463354181999932],[-64.11021853799997,-20.463111095999977],[-64.110327602999973,-20.462869828999942],[-64.110439549999967,-20.462630375999936],[-64.11055437899995,-20.462392731999955],[-64.110672094999984,-20.46215689099995],[-64.110792696999965,-20.461922849999951],[-64.110916191999934,-20.461690601999976],[-64.111042577999967,-20.461460142999954],[-64.111171861999935,-20.461231465999958],[-64.11130404499994,-20.461004568999954],[-64.111566478999976,-20.460568097999953],[-64.111839018999945,-20.460129335999966],[-64.112121404999982,-20.459688699999958],[-64.112413358999959,-20.459246625999981],[-64.112714596999979,-20.458803542999931],[-64.113024806999988,-20.458359909999956],[-64.113343672999974,-20.457916179999927],[-64.113670862999982,-20.457472815999949],[-64.114006071999938,-20.457030230999976],[-64.114348910999979,-20.45658894099995],[-64.114699016999964,-20.456149412999935],[-64.115056017999962,-20.455712114999983],[-64.115419532999965,-20.455277512999942],[-64.115789176999954,-20.454846068999927],[-64.116164554999955,-20.454418239999939],[-64.116545273999975,-20.453994479999949],[-64.116930547999971,-20.453575640999929],[-64.117320353999958,-20.453161739999928],[-64.117714287999945,-20.452753204999965],[-64.118111949999957,-20.452350446999958],[-64.118512932999977,-20.451953881999941],[-64.118916851999984,-20.451563887999953],[-64.119323313999985,-20.451180844999953],[-64.119731935999937,-20.450805113999934],[-64.120142212999951,-20.450437153999928],[-64.120553895999933,-20.45007718599993],[-64.120966617999954,-20.449725529999967],[-64.121380022999972,-20.449382488999959],[-64.121793744999934,-20.449048365999943],[-64.122207463999985,-20.448723419999965],[-64.12262084799994,-20.448407909999958],[-64.122827315999984,-20.448253769999951],[-64.123033581999948,-20.448102078999966],[-64.123258477999968,-20.44793976099993],[-64.123486303999982,-20.447778953999943],[-64.123717072999966,-20.447619648999932],[-64.123950798999942,-20.447461836999935],[-64.124187495999934,-20.447305506999953],[-64.124427181999977,-20.447150647999933],[-64.124669872999959,-20.446997249999981],[-64.124915587999965,-20.44684529999995],[-64.12516433199994,-20.446694794999928],[-64.125416138999981,-20.446545713999967],[-64.125671027999942,-20.446398045999956],[-64.125929020999934,-20.446251777999976],[-64.126190140999938,-20.446106897999982],[-64.126454414999955,-20.445963390999964],[-64.126721866999958,-20.445821240999976],[-64.12699252699997,-20.445680434999929],[-64.127266238999937,-20.445541049999974],[-64.127543216999982,-20.445402975999968],[-64.127823490999958,-20.445266194999931],[-64.12810709699994,-20.445130690999974],[-64.128394068999967,-20.444996447999927],[-64.12868445099997,-20.444863442999974],[-64.128978286999939,-20.444731659999945],[-64.129275620999977,-20.444601075999969],[-64.129576459999953,-20.444471688999954],[-64.129880897999954,-20.444343455999956],[-64.130188992999933,-20.44421635599997],[-64.130500803999951,-20.444090360999951],[-64.13081638999995,-20.443965448999961],[-64.131135828999959,-20.443841588999931],[-64.13145919599998,-20.443718750999949],[-64.131786575999968,-20.443596902999957],[-64.132106900999986,-20.443480042999965],[-64.132431144999941,-20.443364043999964],[-64.132759402999966,-20.443248872999959],[-64.133091781999951,-20.443134493999935],[-64.133428377999962,-20.443020871999977],[-64.133769332999975,-20.442907960999946],[-64.134114781999983,-20.442795713999942],[-64.13446487899995,-20.442684080999982],[-64.134819539999967,-20.44257308899995],[-64.135179197999946,-20.442462597999963],[-64.135544055999958,-20.442352545999938],[-64.135914352999976,-20.442242860999954],[-64.136290294999981,-20.442133482999964],[-64.136672239999939,-20.442024304999961],[-64.137060517999942,-20.441915233999964],[-64.137455532999979,-20.441806156999974],[-64.138239311999939,-20.441594977999955],[-64.139054173999966,-20.441382162999957],[-64.13990552599995,-20.44116629499996],[-64.140802888999985,-20.440944959999968],[-64.141727399999979,-20.440722517999973],[-64.14273363999996,-20.440485575999958],[-64.143842273999951,-20.440229082999963],[-64.145319700999949,-20.439891402999933],[-64.145760183999982,-20.439792972999953],[-64.146203556999978,-20.439697806999959],[-64.146649862999936,-20.439605894999943],[-64.147099146999949,-20.439517226999953],[-64.147551454999984,-20.439431793999972],[-64.148006839999937,-20.439349586999981],[-64.148465353999939,-20.439270594999982],[-64.148927050999987,-20.439194809999947],[-64.149391951999974,-20.439122228999963],[-64.149860153999953,-20.439052832999948],[-64.150331721999976,-20.438986615999966],[-64.150806720999981,-20.438923566999961],[-64.151285216999952,-20.438863677999962],[-64.151767290999942,-20.438806937999971],[-64.152253019999932,-20.43875333799997],[-64.152742487999944,-20.43870286899994],[-64.153235201999962,-20.438655575999974],[-64.153731827999934,-20.43861138699998],[-64.15423246499995,-20.438570296999956],[-64.15473721799998,-20.43853229299998],[-64.155246186999932,-20.438497370999983],[-64.155759506999971,-20.438465519999966],[-64.156277300999932,-20.438436731999957],[-64.156799708999984,-20.438410998999927],[-64.157326730999955,-20.438388320999934],[-64.157858670999985,-20.438368682999965],[-64.158395693999978,-20.438352078999969],[-64.15893798999997,-20.438338501999965],[-64.159485727999936,-20.438327947999937],[-64.160039152999957,-20.438320414999964],[-64.160598496999967,-20.43831589499996],[-64.161164019999944,-20.43831438899997],[-64.161677410999971,-20.438315602999978],[-64.162196237999979,-20.43831924899996],[-64.162720741999976,-20.438325324999937],[-64.163251196999965,-20.438333836999959],[-64.163787846999981,-20.438344788999927],[-64.164331070999935,-20.43835818499997],[-64.164881223999942,-20.43837403699996],[-64.165438718999951,-20.438392354999962],[-64.166003185999955,-20.438413123999965],[-64.166575941999952,-20.438436384999932],[-64.16715755499996,-20.43846216399993],[-64.167748706999987,-20.438490487999957],[-64.168349955999986,-20.438521384999945],[-64.168962406999981,-20.438554909999937],[-64.169587082999954,-20.438591119999955],[-64.170225285999948,-20.438630087999968],[-64.171260247999953,-20.438697196999954],[-64.172340487999975,-20.438771887999962],[-64.173476428999948,-20.438854874999947],[-64.174688166999942,-20.438947624999969],[-64.175793394999971,-20.439035302999969],[-64.177020210999956,-20.439135239999928],[-64.181334401999948,-20.439495420999947],[-64.183043493999946,-20.439635650999946],[-64.183951534999949,-20.43970818899993],[-64.184799707999957,-20.439774261999958],[-64.185604134999949,-20.439835124999945],[-64.186373081999932,-20.439891402999933],[-64.187498005999942,-20.439975593999975],[-64.188632259999963,-20.440067148999958],[-64.189776237999979,-20.440166097999963],[-64.190930372999958,-20.44027247899993],[-64.192095064999933,-20.440386327999931],[-64.193270887999972,-20.440507701999934],[-64.194458385999951,-20.440636653999945],[-64.195658174999949,-20.440773254999954],[-64.196869965999952,-20.440917461999959],[-64.198095430999956,-20.441069465999931],[-64.199335367999936,-20.441229368999927],[-64.200590702999932,-20.441397288999951],[-64.201862239999969,-20.441573330999972],[-64.203151336999952,-20.441757682999935],[-64.204459262999933,-20.441950525999971],[-64.20578754099995,-20.442152083999929],[-64.20708837899997,-20.442354802999944],[-64.20841149499995,-20.442566134999936],[-64.209758910999938,-20.442786402999957],[-64.211133161999953,-20.443016021999938],[-64.212536114999978,-20.44325529799994],[-64.213972426999987,-20.443505019999975],[-64.215446355999973,-20.443765927999948],[-64.216963799999974,-20.444039066999949],[-64.21847483199997,-20.444315213999971],[-64.220042206999949,-20.444605614999944],[-64.221677388999979,-20.444912393999971],[-64.223400207999987,-20.445239267999966],[-64.225174547999984,-20.445579208999959],[-64.227109642999949,-20.445952985999952],[-64.229248517999963,-20.446368800999949],[-64.232118275999937,-20.44692912499994],[-64.233134743999983,-20.447126212999933],[-64.234171670999956,-20.447324158999947],[-64.235230736999938,-20.447523281999963],[-64.23631405499998,-20.447723979999978],[-64.237423178999961,-20.447926543999927],[-64.238562001999981,-20.448131688999979],[-64.23973409599995,-20.448340058999975],[-64.240944429999956,-20.448552535999966],[-64.242227319999984,-20.448775059999946],[-64.243565928999942,-20.449004622999951],[-64.244972201999985,-20.449243278999973],[-64.246468135999976,-20.449494758999947],[-64.249572480999973,-20.450010756999973],[-64.255854424999939,-20.451045183999952],[-64.258523049999951,-20.451487051999948],[-64.259970632999966,-20.451728705999983],[-64.261322922999966,-20.451956152999969],[-64.262606282999968,-20.452173827999957],[-64.263834016999965,-20.45238398999993],[-64.265310364999948,-20.452639548999969],[-64.266728597999986,-20.452888344999963],[-64.268098649999956,-20.453132119999964],[-64.269427005999944,-20.453372029999969],[-64.270720836999942,-20.453609375999974],[-64.271982291999961,-20.453844562999961],[-64.273214802999973,-20.454078228999947],[-64.274420971999973,-20.454310867999936],[-64.275901683999962,-20.454602200999943],[-64.277348085999961,-20.454893321999975],[-64.278763285999958,-20.455184857999939],[-64.279459954999936,-20.455330938999964],[-64.280149710999979,-20.455477307999956],[-64.280833058999974,-20.455624072999967],[-64.281509978999964,-20.455771228999936],[-64.282180689999961,-20.455918824999969],[-64.282845392999945,-20.456066905999933],[-64.283504294999943,-20.456215516999976],[-64.284157551999954,-20.456364692999955],[-64.284805331999962,-20.45651447299997],[-64.285447782999938,-20.456664889999956],[-64.286086005999948,-20.456816208999953],[-64.286719166999944,-20.45696823399993],[-64.287347394999983,-20.457120996999947],[-64.287970807999955,-20.457274524999946],[-64.288589530999957,-20.457428850999975],[-64.289203660999988,-20.457583998999951],[-64.289813299999935,-20.457739992999961],[-64.290418542999987,-20.457896859999948],[-64.291019539999979,-20.458054636999975],[-64.291616320999935,-20.458213331999957],[-64.292208964999986,-20.458372967999935],[-64.292797551999968,-20.458533564999982],[-64.293382159999965,-20.458695145999968],[-64.293962855999951,-20.458857725999962],[-64.294539708999935,-20.459021328999938],[-64.295112781999933,-20.459185967999929],[-64.295769882999934,-20.459377391999965],[-64.296422117999953,-20.459570250999946],[-64.297069573999977,-20.459764569999948],[-64.297712328999978,-20.45996037499998],[-64.298350470999935,-20.460157688999971],[-64.298984066999935,-20.46035653499996],[-64.299613186999977,-20.460556935999932],[-64.300237899999956,-20.460758910999971],[-64.300858304999963,-20.460962494999933],[-64.301474429999985,-20.461167696999951],[-64.302086332999977,-20.461374534999948],[-64.302694070999962,-20.46158302799995],[-64.303297700999963,-20.461793197999953],[-64.303897272999961,-20.462005060999957],[-64.304492835999952,-20.462218633999953],[-64.305084439999973,-20.462433934999979],[-64.305672306999952,-20.462651046999952],[-64.306256301999952,-20.462869920999935],[-64.306836466999982,-20.463090573999978],[-64.307412843999941,-20.463313018999941],[-64.307985474999953,-20.463537274999965],[-64.308554393999941,-20.463763354999969],[-64.309119639999949,-20.463991272999976],[-64.309681246999958,-20.464221044999931],[-64.310239263999961,-20.464452687999938],[-64.310793708999938,-20.464686212999936],[-64.311344614999939,-20.464921630999982],[-64.311892010999941,-20.465158957999961],[-64.312435928999946,-20.465398203999939],[-64.312976396999943,-20.465639382999939],[-64.313513440999941,-20.465882507999936],[-64.314047088999985,-20.466127588999939],[-64.314578037999979,-20.466374954999935],[-64.315105632999973,-20.466624305999972],[-64.315629898999987,-20.466875654999967],[-64.316150859999937,-20.46712901199993],[-64.316668537999988,-20.46738438999995],[-64.317182956999943,-20.467641798999978],[-64.317694135999943,-20.467901249999954],[-64.318202096999983,-20.468162752999945],[-64.318706867999936,-20.468426321999971],[-64.319208458999981,-20.468691963999959],[-64.319706892999932,-20.468959689999963],[-64.320202183999982,-20.469229508999945],[-64.320694353999954,-20.469501430999969],[-64.321183418999965,-20.469775464999941],[-64.321669395999947,-20.470051621999971],[-64.322152298999981,-20.470329909999975],[-64.322632187999943,-20.470610362999935],[-64.323109036999938,-20.470892965999951],[-64.323582858999941,-20.47117772799993],[-64.324053670999945,-20.471464656999956],[-64.32452148699997,-20.47175376399997],[-64.324986318999947,-20.472045055999956],[-64.325448181999946,-20.472338542999978],[-64.325907089999987,-20.472634230999972],[-64.32636305799997,-20.472932132999972],[-64.32681609499997,-20.473232252999935],[-64.327266213999962,-20.473534598999947],[-64.327713425999946,-20.47383918099996],[-64.328157742999963,-20.474146005999955],[-64.328599176999944,-20.474455080999974],[-64.329037735999975,-20.474766414999976],[-64.329473434999954,-20.475080013999957],[-64.330471153999952,-20.47580684299993],[-64.331443285999967,-20.476522738999961],[-64.332392038999956,-20.477229324999939],[-64.333319015999962,-20.47792779599996],[-64.334225971999956,-20.478619481999942],[-64.335113598999953,-20.479304913999954],[-64.335982840999975,-20.479984818999981],[-64.336834436999936,-20.48065977899995],[-64.337670371999934,-20.481331386999955],[-64.338489810999988,-20.481998994999969],[-64.338893499999983,-20.482331426999963],[-64.339293238999971,-20.482662997999967],[-64.339689076999946,-20.482993753999949],[-64.340081057999953,-20.483323728999949],[-64.340469261999942,-20.483652990999929],[-64.340853692999985,-20.48398154399996],[-64.341234386999986,-20.484309418999942],[-64.34161138199994,-20.484636647999935],[-64.341984711999942,-20.484963260999962],[-64.34235440599997,-20.485289282999929],[-64.342720491999955,-20.48561473999996],[-64.343082996999954,-20.485939654999981],[-64.34344340399997,-20.486265372999981],[-64.343800251999937,-20.486590589999935],[-64.344153563999953,-20.486915329999931],[-64.344503361999955,-20.487239608999971],[-64.344849667999938,-20.487563450999971],[-64.345192501999975,-20.487886870999944],[-64.345531878999964,-20.488209886999982],[-64.345867818999977,-20.488532514999974],[-64.346200346999979,-20.48885478099993],[-64.34652946999995,-20.489176689999965],[-64.346855200999983,-20.489498257999969],[-64.347177554999973,-20.489819495999939],[-64.347496544999956,-20.490140420999978],[-64.347812184999952,-20.490461041999936],[-64.348124484999971,-20.490781373999937],[-64.348433456999942,-20.491101425999943],[-64.348739160999969,-20.491421263999939],[-64.349041557999954,-20.491740844999981],[-64.349340655999981,-20.492060178999964],[-64.349636464999946,-20.492379275999951],[-64.349928994999971,-20.492698147999931],[-64.350218251999934,-20.493016800999953],[-64.350504245999957,-20.493335244999969],[-64.350786984999957,-20.49365348799995],[-64.35106647799995,-20.493971544999965],[-64.351342728999953,-20.494289414999969],[-64.351615744999947,-20.494607109999947],[-64.351885531999983,-20.494924634999961],[-64.352152096999987,-20.495241997999983],[-64.352415443999973,-20.495559205999939],[-64.352675579999982,-20.495876263999946],[-64.35293250899997,-20.496193180999967],[-64.353318072999969,-20.49667674899996],[-64.353700579999952,-20.497166802999971],[-64.35408005499994,-20.497663375999934],[-64.354456526999968,-20.498166503999983],[-64.354830023999966,-20.498676222999961],[-64.355200572999934,-20.499192573999949],[-64.355568207999966,-20.499715598999956],[-64.355932956999936,-20.50024534399995],[-64.356294832999936,-20.500781823999944],[-64.356653890999951,-20.501325118999944],[-64.357010163999973,-20.501875279999979],[-64.357363687999964,-20.502432362999969],[-64.357714496999961,-20.502996419999931],[-64.358062633999964,-20.503567519999933],[-64.35840813599998,-20.50414572699998],[-64.358751046999942,-20.504731110999955],[-64.359091142999944,-20.505323276999945],[-64.359428738999952,-20.505922760999965],[-64.359763881999982,-20.506529646999979],[-64.360096622999947,-20.507144023999956],[-64.360427004999963,-20.507765976999963],[-64.360755089999941,-20.508395616999962],[-64.361080932999982,-20.50903305099996],[-64.361404594999954,-20.509678397999949],[-64.361726079999983,-20.510331665999956],[-64.362045512999941,-20.510993101999929],[-64.362362960999974,-20.511662848999947],[-64.362678498999969,-20.512341061999962],[-64.362992196999983,-20.513027889999933],[-64.363304145999962,-20.513723533999951],[-64.363614432999952,-20.514428189999933],[-64.363923153999963,-20.515142073999982],[-64.364216451999937,-20.515832276999959],[-64.364508508999961,-20.516531321999935],[-64.364799424999944,-20.517239445999962],[-64.365089309999973,-20.517956916999935],[-64.365378261999979,-20.518683976999966],[-64.365666426999951,-20.519420993999972],[-64.36595393999994,-20.520168310999964],[-64.366240953999977,-20.520926327999973],[-64.366527373999986,-20.521694774999958],[-64.366813642999944,-20.522474822999982],[-64.367099954999958,-20.523267008999937],[-64.367386540999973,-20.524071962999983],[-64.36767359199996,-20.524890221999954],[-64.367961448999949,-20.525722755999936],[-64.368250423999939,-20.526570468999978],[-64.368540897999935,-20.527434471999982],[-64.368816526999979,-20.528265159999933],[-64.369094288999975,-20.529112732999977],[-64.369374663999963,-20.52997864799994],[-64.369658259999937,-20.530864791999932],[-64.369945488999974,-20.531772432999958],[-64.370237542999973,-20.532705323999949],[-64.370535487999973,-20.533666866999965],[-64.370840871999974,-20.534662054999956],[-64.371129351999969,-20.535610433999977],[-64.371427992999941,-20.536599915999943],[-64.372069987999964,-20.538749433999953],[-64.372706128999937,-20.540901607999956],[-64.37404567599998,-20.545457235999947],[-64.374162914999943,-20.545859417999964],[-64.374277943999971,-20.54626309899993],[-64.37439077099998,-20.546668291999936],[-64.37450139699996,-20.547075006999933],[-64.374609823999947,-20.547483256999953],[-64.374716056999944,-20.547893053999928],[-64.374820097999987,-20.548304410999947],[-64.374921950999976,-20.54871733899995],[-64.375021618999938,-20.549131848999934],[-64.375119103999964,-20.549547957999948],[-64.375214411999934,-20.549965677999978],[-64.375307543999952,-20.550385025999958],[-64.375398503999975,-20.550806012999942],[-64.375487294999971,-20.551228656999967],[-64.375573919999965,-20.551652970999953],[-64.375658382999973,-20.552078971999947],[-64.375740678999932,-20.552506631999961],[-64.375820818999955,-20.552936011999975],[-64.375898805999952,-20.553367125999955],[-64.375974643999939,-20.553799992999927],[-64.37604833599994,-20.554234629999939],[-64.376119883999934,-20.554671055999961],[-64.376189291999935,-20.555109287999983],[-64.37625656299997,-20.555549347999943],[-64.37632169799997,-20.555991245999962],[-64.376384702999985,-20.556435011999952],[-64.376445578999949,-20.556880664999937],[-64.376504329999932,-20.557328226999971],[-64.376560959999949,-20.557777720999979],[-64.376615469999933,-20.558229168999958],[-64.376667863999955,-20.558682595999983],[-64.376718142999948,-20.559138024999982],[-64.376766240999984,-20.559594790999938],[-64.376812236999967,-20.560053602999972],[-64.376856134999969,-20.560514490999935],[-64.376897935999978,-20.560977479999963],[-64.376937642999962,-20.561442596999939],[-64.37697525699997,-20.56190987399998],[-64.377010783999935,-20.562379340999939],[-64.377044223999974,-20.562851028999944],[-64.37707557799996,-20.563324956999963],[-64.377104850999956,-20.563801170999966],[-64.377132044999939,-20.564279708999948],[-64.377157158999978,-20.564760603999957],[-64.377180198999952,-20.565243892999945],[-64.377201163999985,-20.565729616999931],[-64.377220057999978,-20.566217815999948],[-64.377236880999988,-20.56670853199995],[-64.377251628999943,-20.567201624999939],[-64.377264311999966,-20.567697321999958],[-64.377274929999942,-20.568195670999955],[-64.377283483999975,-20.568696719999934],[-64.37728997499994,-20.569200515999967],[-64.377294402999951,-20.56970711799994],[-64.377297074999944,-20.570728960999929],[-64.377291501999935,-20.571762651999961],[-64.377277680999953,-20.572808782999971],[-64.37725560399997,-20.573867915999926],[-64.377225258999943,-20.574940692999974],[-64.377195111999981,-20.575806650999937],[-64.377159678999988,-20.576682123999944],[-64.377118939999946,-20.577567534999957],[-64.377072876999932,-20.578463356999976],[-64.377021465999974,-20.579370018999953],[-64.376964671999986,-20.580288174999964],[-64.376902454999936,-20.581218444999934],[-64.37683476899997,-20.582161547999931],[-64.376761667999972,-20.583116855999947],[-64.37668298799997,-20.584086636999928],[-64.376598649999949,-20.585071873999937],[-64.376508551999962,-20.586073749999969],[-64.376412609999932,-20.587093234999941],[-64.376310645999979,-20.588132232999953],[-64.376202487999933,-20.589192512999944],[-64.376087903999974,-20.590276322999955],[-64.375990857999966,-20.59116722999994],[-64.375889292999943,-20.592076738999936],[-64.375782991999984,-20.593006762999948],[-64.375671671999953,-20.593959807999966],[-64.375555148999979,-20.594937477999963],[-64.375432812999975,-20.595944930999963],[-64.375168131999942,-20.598070266999969],[-64.37492875099997,-20.599943043999929],[-64.374657098999933,-20.602028463999943],[-64.374390890999962,-20.604045632999942],[-64.37372808799995,-20.609038130999977],[-64.373380943999962,-20.611684928999978],[-64.373204905999955,-20.613048470999956],[-64.373042228999964,-20.614326553999945],[-64.372890046999942,-20.615541718999964],[-64.37274688499997,-20.616705747999958],[-64.37259110399998,-20.618000105999954],[-64.372444734999988,-20.619247841999936],[-64.372306913999978,-20.620456330999957],[-64.372177073999978,-20.621630566999954],[-64.372054611999943,-20.622776051999949],[-64.371939337999947,-20.623894632999964],[-64.371830969999962,-20.624989071999948],[-64.371729293999977,-20.626061499999935],[-64.371623399999976,-20.627235877999965],[-64.371525442999939,-20.628387286999953],[-64.371435263999956,-20.629517619999945],[-64.371352736999938,-20.630628408999939],[-64.371277745999976,-20.631721293999931],[-64.371210228999985,-20.632797177999976],[-64.371150120999971,-20.633857122999927],[-64.371097368999983,-20.634902030999967],[-64.371051885999975,-20.63593388299995],[-64.371013701999971,-20.636952221999934],[-64.370982792999939,-20.637957721999953],[-64.370959140999958,-20.638950969999939],[-64.370942730999957,-20.63993258499994],[-64.370933557999933,-20.640902981999943],[-64.37093161599995,-20.641862619999927],[-64.37093690599994,-20.642811906999952],[-64.370949856999971,-20.643775827999946],[-64.370970431999979,-20.644729624999968],[-64.370998638999936,-20.64567365399995],[-64.371034488999953,-20.646608231999949],[-64.371077991999982,-20.647533694999936],[-64.371129162999978,-20.648450286999946],[-64.371188014999973,-20.649358272999962],[-64.371220326999946,-20.649809114999982],[-64.371254563999969,-20.650257892999946],[-64.371290737999971,-20.650704727999937],[-64.371328843999947,-20.651149554999961],[-64.371368882999946,-20.65159239999997],[-64.37141085899998,-20.652033287999927],[-64.371454771999936,-20.652472244999956],[-64.371500626999932,-20.652909292999936],[-64.371548424999958,-20.653344456999946],[-64.371598167999935,-20.653777757999933],[-64.37164986099998,-20.654209225999978],[-64.371703503999981,-20.654638874999932],[-64.371759099999963,-20.655066723999937],[-64.371816652999939,-20.65549279399994],[-64.371876164999946,-20.655917104999958],[-64.371937636999974,-20.65633967499997],[-64.372001072999979,-20.656760522999946],[-64.372066475999986,-20.657179665999934],[-64.372133910999935,-20.65759750899997],[-64.372203322999951,-20.658013677999975],[-64.372274712999968,-20.658428189999938],[-64.372348083999952,-20.658841061999965],[-64.372423438999988,-20.659252308999953],[-64.372500781999975,-20.659661946999961],[-64.37258011299997,-20.660069988999965],[-64.372661437999966,-20.660476451999955],[-64.372744758999943,-20.660881352999979],[-64.372830075999957,-20.661284700999943],[-64.372917396999981,-20.661686509999981],[-64.373006719999978,-20.662086793999947],[-64.373098050999943,-20.66248556599993],[-64.373191391999967,-20.662882836999927],[-64.373286743999984,-20.663278620999961],[-64.373384113999975,-20.663672927999983],[-64.373483506999946,-20.664065796999978],[-64.373584922999953,-20.664457213999981],[-64.373688361999939,-20.664847187999953],[-64.373793828999965,-20.665235730999939],[-64.373901325999952,-20.665622854999981],[-64.374010856999973,-20.666008568999928],[-64.37412242299996,-20.666392882999958],[-64.374236028999974,-20.666775806999965],[-64.374351675999947,-20.667157353999983],[-64.374469368999939,-20.667537531999983],[-64.374589109999988,-20.667916347999949],[-64.374710899999968,-20.668293811999945],[-64.374834745999976,-20.668669933999979],[-64.374960646999966,-20.669044721999967],[-64.375088606999952,-20.669418183999937],[-64.375218629999949,-20.669790329999955],[-64.375410059999979,-20.670323556999961],[-64.375610550999966,-20.670863834999977],[-64.375820186999988,-20.671411390999936],[-64.376039066999965,-20.67196648099997],[-64.376267280999969,-20.672529338999936],[-64.376504975999978,-20.673100322999971],[-64.376752291999935,-20.673679775999972],[-64.377009399999963,-20.674268096999981],[-64.377276121999955,-20.674864903999946],[-64.377553022999962,-20.675471490999939],[-64.377840356999968,-20.676088412999945],[-64.378138432999947,-20.676716337999949],[-64.378447510999933,-20.677355810999927],[-64.378768112999978,-20.678007926999953],[-64.379100739999956,-20.678673695999976],[-64.379446035999933,-20.679354412999942],[-64.379736195999953,-20.679919061999954],[-64.380035724999971,-20.680495557999961],[-64.380345214999977,-20.681085044999975],[-64.380665459999932,-20.681689029999973],[-64.380996952999965,-20.682308458999955],[-64.381341373999987,-20.682946480999931],[-64.381700256999977,-20.683605937999971],[-64.382075961999988,-20.684291170999927],[-64.382729243999961,-20.685472223999966],[-64.383461939999961,-20.686784741999929],[-64.384169288999942,-20.68804378699997],[-64.385858338999981,-20.691041312999971],[-64.386549694999985,-20.692275050999967],[-64.38668460699995,-20.692394383999954],[-64.387437613999964,-20.693068355999969],[-64.388162285999954,-20.693725223999934],[-64.388861641999938,-20.694367729999954],[-64.389547892999985,-20.695007286999953],[-64.390212556999984,-20.695636194999963],[-64.390857236999977,-20.696255969999982],[-64.391483124999979,-20.696867757999939],[-64.391789482999968,-20.697171109999942],[-64.392091505999986,-20.697472821999952],[-64.39238929399994,-20.697772996999959],[-64.39268293799995,-20.698071724999977],[-64.392972532999977,-20.698369103999937],[-64.393258145999937,-20.698665199999937],[-64.393539848999978,-20.698960089999957],[-64.393817705999936,-20.699253840999972],[-64.394097314999954,-20.699552460999939],[-64.394373043999963,-20.699850026999968],[-64.394644949999986,-20.700146598999936],[-64.394913082999949,-20.700442232999933],[-64.395177496999963,-20.70073698799996],[-64.395438230999957,-20.701030906999961],[-64.395695325999952,-20.701324038999928],[-64.39594882199998,-20.701616426999976],[-64.396198781999942,-20.701908143999958],[-64.396445211999946,-20.702199198999949],[-64.396688144999985,-20.702489628999956],[-64.396927608999988,-20.702779470999928],[-64.397163636999949,-20.70306876099994],[-64.397396250999975,-20.70335752799997],[-64.397625474999984,-20.703645802999972],[-64.397851334999984,-20.703933614999983],[-64.39807396599997,-20.704221142999927],[-64.398293270999943,-20.704508260999944],[-64.398509267999941,-20.704794996999965],[-64.398721978999959,-20.705081375999953],[-64.39893141899995,-20.705367421999938],[-64.399137605999954,-20.705653156999972],[-64.399340554999981,-20.705938600999957],[-64.39954027999994,-20.706223774999955],[-64.39973680199995,-20.706508710999969],[-64.399930127999937,-20.706793416999972],[-64.400120269999945,-20.707077909999953],[-64.400307239999961,-20.707362209999928],[-64.400491047999935,-20.707646333999946],[-64.400671705999969,-20.707930295999972],[-64.400849224999945,-20.708214114999976],[-64.401023610999971,-20.708497802999943],[-64.401224205999938,-20.708830080999974],[-64.401423038999951,-20.709165655999982],[-64.401620112999979,-20.709504528999958],[-64.401815426999974,-20.709846701999936],[-64.402008984999952,-20.710192177999943],[-64.40220078699997,-20.710540959999946],[-64.402390833999959,-20.710893048999935],[-64.402579127999957,-20.711248447999935],[-64.402765668999962,-20.711607157999936],[-64.402950460999932,-20.71196918499993],[-64.403133503999982,-20.712334528999975],[-64.403314799999976,-20.712703197999929],[-64.403494350999949,-20.713075190999973],[-64.403672158999939,-20.713450514999977],[-64.403848224999933,-20.713829171999976],[-64.404022551999958,-20.714211166999974],[-64.404195129999948,-20.714596477999976],[-64.404365970999947,-20.714985135999939],[-64.404535080999949,-20.715377144999934],[-64.404702459999953,-20.715772510999955],[-64.404868108999949,-20.716171237999959],[-64.405032032999941,-20.716573332999928],[-64.405194232999975,-20.716978801999971],[-64.405354711999962,-20.717387651999957],[-64.405513470999949,-20.717799884999977],[-64.405670513999951,-20.718215510999983],[-64.405825844999981,-20.718634540999972],[-64.405979466999952,-20.719056980999937],[-64.406131381999955,-20.719482839999955],[-64.40628159399995,-20.719912128999965],[-64.406430105999959,-20.720344854999951],[-64.406576921999942,-20.720781029999955],[-64.406721819999973,-20.721219973999951],[-64.406865033999964,-20.721662378999952],[-64.407006570999954,-20.722108256999945],[-64.407146431999934,-20.722557621999954],[-64.407284621999963,-20.723010487999943],[-64.40742114699998,-20.723466869999982],[-64.407556009999951,-20.723926783999957],[-64.407689217999973,-20.724390247999963],[-64.407820769999944,-20.724857262999933],[-64.407950677999963,-20.72532786499994],[-64.408078945999932,-20.725802075999979],[-64.408205581999937,-20.726279917999932],[-64.408330588999945,-20.726761410999927],[-64.408453975999976,-20.727246584999932],[-64.408575749999954,-20.727735466999945],[-64.408695918999967,-20.728228086999934],[-64.408814423999956,-20.728724198999942],[-64.40893134099997,-20.729224109999961],[-64.409046677999982,-20.729727857999933],[-64.409160445999987,-20.730235481999955],[-64.409272650999981,-20.730747020999956],[-64.409383306999985,-20.731262524999977],[-64.409492421999971,-20.731782044999932],[-64.409600008999973,-20.732305636999968],[-64.409706065999956,-20.732833285999959],[-64.409810620999963,-20.733365130999971],[-64.409913687999961,-20.733901240999955],[-64.410015279999982,-20.734441691999962],[-64.410115412999971,-20.734986556999957],[-64.410214103999976,-20.735535942999945],[-64.410311373999946,-20.736089948999961],[-64.410407240999973,-20.73664869199996],[-64.410479387999942,-20.737085604999947],[-64.410548467999945,-20.737527558999943],[-64.410614515999953,-20.737974765999979],[-64.410677567999983,-20.738427470999966],[-64.410737654999934,-20.738885890999939],[-64.410794820999968,-20.739350362999971],[-64.410849105999944,-20.739821203999952],[-64.410900549999951,-20.740298782999957],[-64.41094912899996,-20.740782768999964],[-64.410994966999965,-20.741274336999936],[-64.411038110999982,-20.74177399499996],[-64.411078614999951,-20.742282354999929],[-64.411116518999961,-20.742799913999932],[-64.411151898999947,-20.743327665999971],[-64.411184814999956,-20.743866528999945],[-64.411215340999945,-20.74441767899998],[-64.411257134999971,-20.745277674999954],[-64.41129394099994,-20.746175337999944],[-64.411326105999933,-20.747118944999954],[-64.411354164999977,-20.748124048999955],[-64.41137604499994,-20.749080948999961],[-64.411396108999952,-20.750142183999969],[-64.411413301999971,-20.751213665999956],[-64.411455442999966,-20.754080465999948],[-64.411485082999945,-20.755711434999967],[-64.411505162999958,-20.756590956999958],[-64.41152744599998,-20.757412021999983],[-64.411552367999946,-20.75819060799995],[-64.411580194999942,-20.75893481199995],[-64.411641740999983,-20.760428531999935],[-64.411708860999966,-20.761990663999939],[-64.41178225699997,-20.763637551999977],[-64.411863361999963,-20.765401425999983],[-64.412018495999973,-20.768666829999972],[-64.412400403999982,-20.77653700299993],[-64.412500394999938,-20.778651952999951],[-64.412588208999978,-20.780561013999943],[-64.412676725999972,-20.782555768999941],[-64.412756253999987,-20.784431308999956],[-64.412828082999965,-20.786218094999981],[-64.412892864999947,-20.787932401999967],[-64.41296873999994,-20.79011646999993],[-64.413033732999963,-20.792214974999979],[-64.413062302999947,-20.793237063999982],[-64.413088301999949,-20.794242700999973],[-64.413111759999936,-20.79523310899998],[-64.413132701999984,-20.79620930599998],[-64.41315117399995,-20.797173647999955],[-64.413167156999975,-20.798125470999935],[-64.41318066499997,-20.799065514999938],[-64.413191705999964,-20.799994416999937],[-64.413200288999974,-20.800912852999943],[-64.413206414999934,-20.801821261999976],[-64.41321008999995,-20.80272013299998],[-64.413211314999955,-20.803609897999934],[-64.413209758999983,-20.804602329999966],[-64.413205089999963,-20.805584229999965],[-64.413197306999962,-20.806556085999944],[-64.413186404999976,-20.807518326999968],[-64.413172378999946,-20.808471408999935],[-64.413155224999969,-20.80941564799997],[-64.41313493499996,-20.810351394999941],[-64.413111503999971,-20.811278958999935],[-64.413084914999956,-20.812198903999956],[-64.413055165999936,-20.813111231999983],[-64.413022250999973,-20.814016199999969],[-64.412986159999946,-20.814914042999931],[-64.412946881999972,-20.815805006999938],[-64.412904409999953,-20.816689280999981],[-64.41285873399994,-20.817567059999931],[-64.41280984399998,-20.81843853099997],[-64.412757663999969,-20.819304937999959],[-64.412702243999945,-20.820165359999976],[-64.412643570999933,-20.821019952999961],[-64.41258163699996,-20.821868864999942],[-64.412516430999972,-20.822712244999934],[-64.412447941999972,-20.82355021799998],[-64.412376160999941,-20.824382906999972],[-64.412301076999938,-20.825210432999938],[-64.412222673999963,-20.826032977999944],[-64.412140945999965,-20.826850581999963],[-64.412055883999983,-20.82766334799993],[-64.411967477999951,-20.828471374999936],[-64.41187571599994,-20.829274762999944],[-64.411780586999953,-20.830073595999977],[-64.411682083999949,-20.830867962999946],[-64.411580194999942,-20.831657942999982],[-64.411475579999944,-20.832433179999953],[-64.41136527499998,-20.833211158999973],[-64.411249269999985,-20.833991963999949],[-64.411127550999936,-20.834775686999933],[-64.411000102999935,-20.83556241399998],[-64.410866909999982,-20.836352251999926],[-64.41072795499997,-20.837145299999975],[-64.410583218999932,-20.837941667999928],[-64.41043269499994,-20.838741394999943],[-64.410276348999957,-20.839544671999931],[-64.410114155999963,-20.840351619999979],[-64.409946089999949,-20.841162370999939],[-64.40977212599995,-20.841977048999979],[-64.409592228999941,-20.842795809999927],[-64.409406368999953,-20.843618804999949],[-64.409214506999945,-20.844446192999953],[-64.409016876999942,-20.845277017999933],[-64.408813180999971,-20.84611257399996],[-64.408603371999959,-20.846953044999964],[-64.40838740099997,-20.847798636999983],[-64.408165217999965,-20.84864953999994],[-64.407936759999984,-20.849506002999931],[-64.407701960999987,-20.850368267999954],[-64.407460748999938,-20.851236597999957],[-64.407213129999946,-20.852110987999936],[-64.406958939999981,-20.852992018999942],[-64.406698086999938,-20.85388000599994],[-64.406430469999975,-20.854775306999954],[-64.406155988999956,-20.855678242999943],[-64.405874504999986,-20.85658927999998],[-64.405585882999958,-20.857508856999971],[-64.405289963999962,-20.858437472999981],[-64.405037712999956,-20.859218478999935],[-64.404780166999956,-20.860006474999977],[-64.404517207999959,-20.860801823999964],[-64.404248701999961,-20.86160493899996],[-64.403974523999977,-20.862416187999941],[-64.403694483999971,-20.863236133999976],[-64.403408401999968,-20.86406530499994],[-64.403116067999974,-20.864904312999954],[-64.402817656999957,-20.865752670999939],[-64.402512512999976,-20.866612255999939],[-64.402200343999937,-20.867483893999974],[-64.401880798999969,-20.868368569999973],[-64.401553581999963,-20.869267098999956],[-64.401218127999982,-20.870181041999956],[-64.400873904999969,-20.871111844999973],[-64.40052024199997,-20.872061324999947],[-64.39990864899994,-20.873688487999971],[-64.399263813999937,-20.875386308999964],[-64.398579299999938,-20.877171756999928],[-64.397842525999977,-20.87907766099994],[-64.397174855999936,-20.880793583999946],[-64.396429350999938,-20.882700175999958],[-64.393815921999987,-20.889353237999956],[-64.39278780099994,-20.891978927999958],[-64.392246900999965,-20.89336691699998],[-64.391742578999981,-20.894666665999978],[-64.391265485999952,-20.895902264999961],[-64.390810835999957,-20.897086118999937],[-64.390285242999937,-20.898463656999979],[-64.389782805999971,-20.899790781999968],[-64.389300250999952,-20.90107613999993],[-64.388835417999985,-20.902325484999949],[-64.388385946999961,-20.903545183999938],[-64.387951099999952,-20.904737262999959],[-64.387529734999987,-20.905904849999956],[-64.387120987999936,-20.907050341999934],[-64.386641313999974,-20.908412391999946],[-64.386177997999937,-20.909748133999983],[-64.385730118999959,-20.911060222999936],[-64.385296957999969,-20.912350766999964],[-64.384877752999955,-20.91362203999995],[-64.384472120999988,-20.914875224999946],[-64.384079595999935,-20.916111752999939],[-64.383699799999988,-20.917332820999945],[-64.383331892999934,-20.918541174999973],[-64.382976112999984,-20.919736090999947],[-64.382632194999985,-20.920918455999981],[-64.382299917999944,-20.922089035999932],[-64.381979049999984,-20.923248644999944],[-64.381669443999954,-20.924397821999946],[-64.381518812999957,-20.924968687999979],[-64.381370938999964,-20.925537160999966],[-64.381225806999964,-20.926103308999927],[-64.381083397999987,-20.926667192999957],[-64.380581142999972,-20.928685686999927],[-64.380084302999933,-20.930712817999961],[-64.379592855999988,-20.932748664999963],[-64.379106782999941,-20.93479330599996],[-64.378626068999949,-20.936846818999982],[-64.378150690999973,-20.938909292999938],[-64.377680629999986,-20.940980813999943],[-64.377215864999982,-20.943061470999965],[-64.376756383999975,-20.945151317999944],[-64.376302156999941,-20.947250490999977],[-64.375853163999977,-20.949359085999959],[-64.375409381999987,-20.951477206999982],[-64.374970790999953,-20.953604954999946],[-64.374537366999959,-20.955742441999973],[-64.374109086999965,-20.957889782999928],[-64.373685928999976,-20.960047093999947],[-64.37326795499996,-20.962214035999978],[-64.372855052999967,-20.964391191999937],[-64.372447196999985,-20.966578689999949],[-64.37204436199994,-20.968776668999965],[-64.371646523999971,-20.970985257999928],[-64.371253653999986,-20.97320461299995],[-64.370865727999956,-20.97543488499997],[-64.370482716999959,-20.977676229999929],[-64.370104606999973,-20.979928728999937],[-64.369731354999942,-20.982192633999944],[-64.369362932999934,-20.984468124999978],[-64.368999309999936,-20.986755387999949],[-64.36864045699997,-20.989054599999974],[-64.368286340999987,-20.991365979999955],[-64.367936930999974,-20.99368973299994],[-64.36759219299995,-20.996026082999947],[-64.367253588999972,-20.998364825999943],[-64.366919547999942,-21.000716519999969],[-64.366590033999955,-21.003081411999972],[-64.366265010999939,-21.005459764999955],[-64.365944445999958,-21.007851830999982],[-64.365628293999976,-21.010257919999958],[-64.365316519999965,-21.01267833199995],[-64.365009079999936,-21.015113386999928],[-64.36470596099997,-21.017563179999968],[-64.364407089999986,-21.020028304999983],[-64.364112422999938,-21.022509127999967],[-64.363821910999945,-21.025006050999934],[-64.363535510999952,-21.027519449999943],[-64.363253167999972,-21.030049806999955],[-64.362974829999985,-21.032597588999977],[-64.362700440999959,-21.035163300999955],[-64.362430359999962,-21.037743478999971],[-64.362164099999973,-21.040342626999973],[-64.361901599999953,-21.042961340999966],[-64.361642797999934,-21.04560027499997],[-64.361387629999967,-21.048260036999977],[-64.361136018999957,-21.050941454999929],[-64.360887890999948,-21.053645317999951],[-64.360643162999963,-21.056372500999942],[-64.360401847999981,-21.059122866999928],[-64.360163759999978,-21.061898485999961],[-64.359928803999935,-21.064700442999936],[-64.359696879999944,-21.06752996299997],[-64.359467895999956,-21.070388148999939],[-64.359241718999954,-21.073276660999966],[-64.359018224999943,-21.076197068999932],[-64.358797276999951,-21.079151175999982],[-64.358736982999972,-21.079996193999932],[-64.35868075999997,-21.080845819999979],[-64.358628606999957,-21.081700144999957],[-64.358580514999971,-21.082559261999961],[-64.358536479999941,-21.083423263999975],[-64.358496495999987,-21.084292257999948],[-64.35846055899998,-21.085166353999966],[-64.358428662999984,-21.086045661999947],[-64.358400805999963,-21.086930226999982],[-64.358376982999971,-21.087820244999932],[-64.358357189999936,-21.088715846999946],[-64.358341421999967,-21.089617167999961],[-64.358329677999961,-21.090524343999959],[-64.358321956999987,-21.091437533999965],[-64.358318255999961,-21.09235690099996],[-64.358318573999952,-21.093282611999939],[-64.358322903999976,-21.094213676999971],[-64.358331244999988,-21.095151440999928],[-64.358343597999976,-21.096096097999975],[-64.358359966999956,-21.097047864999979],[-64.358380353999962,-21.098006944999952],[-64.358404764999932,-21.098973601999944],[-64.358433206999962,-21.099948089999941],[-64.358465686999978,-21.100930689999927],[-64.358502203999933,-21.101921402999949],[-64.358542778999947,-21.102920835999953],[-64.358587425999985,-21.103929324999967],[-64.358636159999946,-21.104947244999948],[-64.358688997999934,-21.105974939999953],[-64.358745964999969,-21.107012897999937],[-64.358807086999946,-21.108061584999973],[-64.358872393999945,-21.109121524999978],[-64.358931782999946,-21.110040276999939],[-64.358994304999953,-21.11096811799996],[-64.359059985999977,-21.111905465999939],[-64.359128858999952,-21.112852793999934],[-64.359200954999949,-21.113810527999931],[-64.35927632299996,-21.11477930999996],[-64.359355007999966,-21.115759748999949],[-64.359437068999966,-21.116752546999976],[-64.359522453999944,-21.117757157999961],[-64.359611341999937,-21.118775722999942],[-64.359703814999932,-21.119809188999966],[-64.359799973999941,-21.120858686999952],[-64.359899903999974,-21.12192515299995],[-64.36000377199997,-21.123010369999975],[-64.360111734999975,-21.124115988999961],[-64.360223993999966,-21.125244084999963],[-64.360424181999974,-21.127208674999963],[-64.360638918999939,-21.129259910999963],[-64.360870313999953,-21.131417986999963],[-64.361122534999936,-21.133721837999929],[-64.361355338999942,-21.135813998999936],[-64.361617142999933,-21.138138269999956],[-64.362549952999984,-21.146325616999945],[-64.362917941999967,-21.149581788999967],[-64.363110913999947,-21.151310329999944],[-64.363289395999971,-21.152927184999953],[-64.363456733999953,-21.154462702999979],[-64.363614624999968,-21.155932457999938],[-64.363796553999975,-21.157656074999977],[-64.363967851999973,-21.15931408299997],[-64.364129658999957,-21.160917540999947],[-64.36428271699998,-21.162473777999935],[-64.364427811999974,-21.163990885999965],[-64.364565179999943,-21.165471416999935],[-64.364695187999985,-21.166919322999945],[-64.364818106999962,-21.16833762899995],[-64.364959914999986,-21.170045477999963],[-64.365091678999988,-21.171716572999969],[-64.365213671999982,-21.173354376999953],[-64.365326096999979,-21.174961623999934],[-64.365429156999937,-21.176541258999976],[-64.365522945999942,-21.178094795999982],[-64.365607575999945,-21.179624070999978],[-64.365683131999958,-21.181130617999941],[-64.365749770999969,-21.182617944999947],[-64.365807435999955,-21.184085103999962],[-64.365856167999937,-21.185533217999932],[-64.365877195999985,-21.186250437999945],[-64.365896002999932,-21.186963253999977],[-64.365912590999983,-21.187671843999965],[-64.365926963999982,-21.188376239999968],[-64.365939123999965,-21.189076543999931],[-64.365949068999953,-21.189772846999972],[-64.36595680399995,-21.190465244999928],[-64.365962327999966,-21.191153819999954],[-64.365965641999935,-21.191838651999944],[-64.365966746999959,-21.192519818999926],[-64.36596504299996,-21.19336061599995],[-64.365959933999932,-21.194196015999978],[-64.365951416999962,-21.195026149999933],[-64.365939491999939,-21.195851141999981],[-64.365924154999959,-21.196671118999973],[-64.365905405999968,-21.197486182999967],[-64.365883241999938,-21.198296442999947],[-64.36585766099995,-21.199102000999972],[-64.365828655999962,-21.199903007999978],[-64.365796226999976,-21.200699503999942],[-64.365760369999975,-21.201491578999935],[-64.365721078999968,-21.202279316999977],[-64.365678352999964,-21.203062806999981],[-64.365632184999981,-21.20384212099998],[-64.365582571999937,-21.204617336999945],[-64.365529509999988,-21.205388526999968],[-64.365472970999974,-21.206156036999971],[-64.365412969999966,-21.206919655999968],[-64.365349501999958,-21.207679447999965],[-64.365282561999948,-21.208435475999977],[-64.365212142999951,-21.209187803999953],[-64.365138240999954,-21.209936485999947],[-64.365060849999963,-21.210681577999935],[-64.364979964999975,-21.211423134999961],[-64.364895574999935,-21.212161230999982],[-64.364807680999945,-21.212895893999928],[-64.364716273999932,-21.213627173999953],[-64.364621348999947,-21.214355116999968],[-64.36452289999994,-21.215079770999978],[-64.364420920999976,-21.215801177999936],[-64.364315405999946,-21.216519381999944],[-64.364206347999982,-21.217234422999979],[-64.364093572999934,-21.217947394999953],[-64.363977231999968,-21.218657274999941],[-64.363857320999955,-21.21936409999995],[-64.363733830999934,-21.220067909999955],[-64.363606757999946,-21.220768738999936],[-64.363476093999964,-21.221466619999944],[-64.363341833999982,-21.222161589999928],[-64.363203970999962,-21.222853679999957],[-64.363062495999941,-21.223542932999976],[-64.362917405999951,-21.224229367999953],[-64.362768692999964,-21.224913017999938],[-64.362616351999975,-21.22559390899994],[-64.362460374999955,-21.226272072999961],[-64.362300757999947,-21.226947534999965],[-64.362137491999988,-21.227620323999929],[-64.361970571999962,-21.22829046499993],[-64.36179997499994,-21.22895804999996],[-64.361625708999952,-21.229623037999943],[-64.361447769999984,-21.230285452999965],[-64.361266150999938,-21.230945318999943],[-64.361080842999968,-21.231602659999965],[-64.360891841999944,-21.232257497999967],[-64.360699141999987,-21.232909854999946],[-64.360502734999955,-21.233559752999952],[-64.360302614999966,-21.234207217999938],[-64.360098773999937,-21.234852265999962],[-64.359891208999954,-21.235494916999983],[-64.359679911999933,-21.236135188999981],[-64.359464875999947,-21.236773103999951],[-64.359246095999936,-21.237408677999952],[-64.359023564999973,-21.238041930999941],[-64.358797276999951,-21.238672880999957],[-64.35866490799998,-21.239042148999943],[-64.35853155999996,-21.239422060999971],[-64.35839694699996,-21.239813424999966],[-64.358260705999953,-21.240217299999927],[-64.358122595999987,-21.240634381999939],[-64.357981896999945,-21.241066837999938],[-64.357837961999962,-21.241516647999958],[-64.357689835999963,-21.24198679899996],[-64.357431982999969,-21.242820709999933],[-64.357148549999977,-21.243755816999965],[-64.35687229399997,-21.244680238999933],[-64.356158214999937,-21.247085457999958],[-64.355757039999958,-21.248416667999948],[-64.355541953999932,-21.249116705999938],[-64.355337792999933,-21.249769789999959],[-64.355140844999937,-21.250387777999947],[-64.354949180999938,-21.250976714999979],[-64.354724254999951,-21.251650954999945],[-64.354502982999975,-21.252295410999977],[-64.354283992999967,-21.252914075999968],[-64.354066350999972,-21.253509579999957],[-64.353848994999964,-21.254084792999947],[-64.353631578999966,-21.254640601999938],[-64.353413559999979,-21.255178380999951],[-64.353194519999988,-21.255699170999947],[-64.353057196999941,-21.25601583699995],[-64.352919247999978,-21.256326426999976],[-64.352780597999981,-21.25663111199998],[-64.352641179999978,-21.25693003899994],[-64.352500921999933,-21.257223361999934],[-64.352359772999932,-21.257511184999942],[-64.352217678999978,-21.257793622999941],[-64.352074586999947,-21.258070775999954],[-64.351930400999947,-21.258342827999968],[-64.351785123999946,-21.258609769999964],[-64.351638712999943,-21.258871681999949],[-64.351491127999964,-21.259128635999957],[-64.351342324999962,-21.259380702999977],[-64.35119227399997,-21.259627940999962],[-64.351040937999983,-21.259870404999958],[-64.35088828499994,-21.260108146999983],[-64.350734073999945,-21.260341533999963],[-64.350578479999967,-21.260570280999957],[-64.350421474999962,-21.260794430999965],[-64.350263031999987,-21.261014022999973],[-64.35010312299994,-21.261229095999965],[-64.349941723999962,-21.261439680999956],[-64.349778810999965,-21.261645809999948],[-64.349614358999986,-21.261847513999953],[-64.349448333999987,-21.262044835999973],[-64.349280723999982,-21.262237784999968],[-64.349111511999979,-21.262426385999959],[-64.348940674999938,-21.26261066099994],[-64.348768191999966,-21.262790631999962],[-64.348594046999949,-21.26296631699995],[-64.348418219999985,-21.263137737999955],[-64.348240693999969,-21.263304908999942],[-64.348085631999936,-21.263444911999954],[-64.347926617999974,-21.263581637999948],[-64.347763633999932,-21.263715102999981],[-64.347596658999976,-21.263845324999977],[-64.347425673999965,-21.263972315999979],[-64.347250653999936,-21.264096097999982],[-64.347071575999962,-21.264216684999951],[-64.346888412999988,-21.264334094999981],[-64.346701156999984,-21.26444833599993],[-64.346509759999947,-21.264559436999946],[-64.346314191999966,-21.264667415999952],[-64.346114416999967,-21.264772291999975],[-64.345910402999948,-21.264874081999949],[-64.345702108999944,-21.264972807999982],[-64.345489491999956,-21.26506848799994],[-64.345272507999937,-21.265161142999943],[-64.345051449999971,-21.265250658999946],[-64.344825940999954,-21.265337199999976],[-64.344595922999986,-21.265420788999961],[-64.344361336999953,-21.265501444999927],[-64.344122123999966,-21.265579190999972],[-64.343878209999957,-21.265654049999966],[-64.343629517999943,-21.265726045999941],[-64.343375962999971,-21.265795202999982],[-64.343117555999982,-21.26586151999993],[-64.342854101999933,-21.265925050999954],[-64.342585496999959,-21.265985819999969],[-64.342311620999965,-21.266043854999964],[-64.342032363999976,-21.266099177999934],[-64.341747564999935,-21.266151822999973],[-64.341457066999965,-21.266201817999956],[-64.341160692999949,-21.266249193999954],[-64.340920746999984,-21.266285010999979],[-64.340676852999934,-21.26631920799997],[-64.340428893999956,-21.266351803999953],[-64.340176734999943,-21.26638281299995],[-64.339920253999935,-21.266412253999931],[-64.339659264999966,-21.266440145999979],[-64.339393590999975,-21.26646650899994],[-64.339123024999935,-21.266491363999933],[-64.338847750999946,-21.266514696999934],[-64.338567111999964,-21.266536568999982],[-64.338280820999955,-21.266557002999946],[-64.337988532999987,-21.266576021999981],[-64.337689961999956,-21.266593645999933],[-64.337384546999942,-21.266609909999943],[-64.336750938999955,-21.266638472999944],[-64.336216974999957,-21.26665772299998],[-64.335655821999978,-21.266673863999927],[-64.335061674999963,-21.266687065999974],[-64.33442305799997,-21.266697588999932],[-64.333859358999973,-21.266704369999957],[-64.333230173999937,-21.266709872999968],[-64.331112735999966,-21.266721952999944],[-64.330314736999981,-21.266727960999958],[-64.329521257999943,-21.266737034999949],[-64.328808751999986,-21.266749077999975],[-64.328053585999953,-21.266767196999979],[-64.327349261999984,-21.26679031599997],[-64.327012102999959,-21.266803881999977],[-64.326683869999954,-21.266818829999977],[-64.326363761999971,-21.266835196999978],[-64.326051159999963,-21.266853013999935],[-64.325713828999938,-21.266874424999969],[-64.325384395999947,-21.266897682999968],[-64.325062336999963,-21.266922825999927],[-64.324747226999932,-21.266949884999974],[-64.324438611999938,-21.266978901999948],[-64.324136243999988,-21.267009899999948],[-64.323839831999976,-21.26704290999993],[-64.323549126999978,-21.267077957999959],[-64.323263597999983,-21.267115113999978],[-64.322983367999939,-21.267154366999932],[-64.322708253999963,-21.267195740999966],[-64.322438100999932,-21.26723925999994],[-64.322172741999964,-21.267284950999965],[-64.321912067999961,-21.267332834999934],[-64.321655957999951,-21.267382930999929],[-64.321404305999977,-21.267435262999982],[-64.321160082999938,-21.26748915099995],[-64.320920021999939,-21.267545257999927],[-64.320684041999982,-21.267603601999951],[-64.320452070999977,-21.267664201999935],[-64.320224031999942,-21.267727075999971],[-64.319999870999936,-21.267792241999928],[-64.31977952699998,-21.267859715999975],[-64.319562946999952,-21.267929513999945],[-64.31935004199994,-21.268001665999975],[-64.319140803999971,-21.268076175999965],[-64.318935188999944,-21.268153059999975],[-64.31873315699994,-21.268232330999979],[-64.318534666999938,-21.268314008999937],[-64.318339684999955,-21.268398103999971],[-64.318148176999955,-21.268484632999957],[-64.31796011299997,-21.26857360799994],[-64.317775308999956,-21.268665123999938],[-64.317593896999938,-21.268759116999945],[-64.317415849999975,-21.268855603999953],[-64.317241143999979,-21.268954596999947],[-64.317069755999967,-21.269056108999962],[-64.316901663999943,-21.269160153999962],[-64.316736846999959,-21.269266743999935],[-64.316575286999978,-21.269375889999935],[-64.316416956999944,-21.269487612999967],[-64.316261845999975,-21.269601917999978],[-64.316109941999969,-21.269718816999955],[-64.315961228999981,-21.269838320999952],[-64.315815688999976,-21.269960443999935],[-64.315673310999955,-21.270085195999968],[-64.315534081999942,-21.270212587999936],[-64.315397989999951,-21.270342630999949],[-64.315234893999957,-21.270504308999932],[-64.31507284199995,-21.270669793999957],[-64.314911824999967,-21.270839093999939],[-64.314751832999946,-21.271012220999978],[-64.31459285699998,-21.271189184999969],[-64.314434885999958,-21.27136999499993],[-64.314277908999941,-21.271554666999975],[-64.314121914999987,-21.271743211999933],[-64.313966900999958,-21.271935635999967],[-64.313812846999951,-21.272131960999957],[-64.313659739999935,-21.272332203999952],[-64.313507565999942,-21.272536380999952],[-64.313356313999975,-21.272744511999974],[-64.313205968999966,-21.272956612999963],[-64.313056515999961,-21.273172708999937],[-64.312907937999967,-21.27339281999997],[-64.312760328999957,-21.273616804999961],[-64.312613561999967,-21.273844849999932],[-64.31246761899996,-21.274076980999951],[-64.312322480999967,-21.274313229999962],[-64.312178130999939,-21.274553623999964],[-64.31203454599995,-21.274798200999953],[-64.311891703999947,-21.275046997999937],[-64.311749582999937,-21.275300055999935],[-64.31160818099994,-21.275557374999948],[-64.311467448999963,-21.275819042999956],[-64.311327357999971,-21.276085110999929],[-64.311187880999967,-21.276355635999948],[-64.311048989999961,-21.276630668999928],[-64.310910646999957,-21.276910285999975],[-64.310772816999986,-21.277194557999962],[-64.310635460999947,-21.277483563999965],[-64.310505236999973,-21.277762878999965],[-64.310375366999949,-21.278046636999932],[-64.31024580899998,-21.278334927999936],[-64.310116516999983,-21.278627852999932],[-64.309987451999973,-21.278925500999947],[-64.309858550999934,-21.27922801699998],[-64.30960100599998,-21.279848202999972],[-64.309343580999951,-21.280489111999941],[-64.309085376999974,-21.281152953999936],[-64.30882560799995,-21.281841748999966],[-64.308563137999954,-21.282558502999962],[-64.308315128999936,-21.283254266999961],[-64.308061864999956,-21.283982350999963],[-64.30780120299994,-21.28474889499995],[-64.307529036999938,-21.285565966999968],[-64.307274132999964,-21.286344493999934],[-64.306994819999943,-21.287209329999939],[-64.306014359999949,-21.290282843999933],[-64.304678470999988,-21.294437190999929],[-64.304278163999982,-21.29569386299994],[-64.303916700999935,-21.296840078999935],[-64.303544217999956,-21.298036151999952],[-64.303195631999984,-21.299172451999937],[-64.302866259999973,-21.30026425799997],[-64.302553776999957,-21.301319282999941],[-64.302237776999959,-21.302408426999932],[-64.301937546999966,-21.303467355999942],[-64.301652048999983,-21.304499731999954],[-64.301380608999978,-21.305507993999981],[-64.301122502999988,-21.306494866999969],[-64.30087752999998,-21.307461148999948],[-64.300645361999955,-21.308408123999982],[-64.300425765999933,-21.309336755999936],[-64.300316146999933,-21.30981412999995],[-64.300209871999982,-21.310286840999936],[-64.300106917999983,-21.310754981999935],[-64.300007268999934,-21.311218633999943],[-64.299910904999933,-21.311677884999938],[-64.299817814999983,-21.312132795999958],[-64.299727984999947,-21.312583429999961],[-64.299641402999953,-21.31302984499996],[-64.299558046999948,-21.313472151999974],[-64.299477920999948,-21.313910345999943],[-64.299401014999944,-21.31434447099997],[-64.299327322999943,-21.31477457099993],[-64.299256834999937,-21.315200690999973],[-64.299189547999958,-21.31562286299993],[-64.299125454999967,-21.316041120999955],[-64.299064551999948,-21.316455496999936],[-64.299006803999987,-21.316866237999932],[-64.298952239999949,-21.317273149999949],[-64.298900857999968,-21.317676258999938],[-64.298852653999973,-21.318075589999978],[-64.298807624999938,-21.318471167999974],[-64.298765768999942,-21.318863011999952],[-64.29872708399995,-21.319251139999949],[-64.298691567999981,-21.319635572999971],[-64.298659217999955,-21.320016340999928],[-64.298630033999984,-21.320393444999979],[-64.298604015999956,-21.320766902999935],[-64.298581161999948,-21.321136728999932],[-64.298561469999981,-21.321502935999945],[-64.298544940999932,-21.321865536999951],[-64.298531573999981,-21.322224543999937],[-64.298521368999957,-21.322579967999957],[-64.298514163999982,-21.322942220999948],[-64.298510309999983,-21.323300696999979],[-64.298509806999959,-21.323655407999979],[-64.298512657999936,-21.324006361999977],[-64.298518858999955,-21.324353568999982],[-64.29852841099995,-21.324697038999943],[-64.298541315999955,-21.325036777999969],[-64.298557572999982,-21.325372794999964],[-64.298577182999963,-21.325705101999972],[-64.298600146999945,-21.326033699999982],[-64.298626462999948,-21.326358596999967],[-64.298656133999941,-21.32667979799993],[-64.298689159999981,-21.326997309999967],[-64.298725540999953,-21.32731113799997],[-64.298765277999962,-21.327621286999943],[-64.29880837099995,-21.327927761999945],[-64.298854824999978,-21.328230590999965],[-64.298904637999954,-21.328529754999977],[-64.298957808999944,-21.328825255999959],[-64.299014339999985,-21.329117101999941],[-64.299074231999953,-21.329405293999969],[-64.29913748499996,-21.329689834999954],[-64.29920409999994,-21.329970729999957],[-64.299274077999939,-21.330247981999946],[-64.299347419999947,-21.330521593999947],[-64.299424125999963,-21.330791569999974],[-64.299504197999966,-21.33105790999997],[-64.299587633999977,-21.331320618999939],[-64.299674437999954,-21.331579696999938],[-64.299764609999954,-21.331835147999982],[-64.299858148999988,-21.332086972999946],[-64.299955057999966,-21.332335174999969],[-64.30005536799996,-21.332579830999975],[-64.300159049999934,-21.332820864999974],[-64.30026610699997,-21.333058279999932],[-64.300376536999977,-21.333292075999964],[-64.300490341999932,-21.333522254999934],[-64.30060752299994,-21.333748818999936],[-64.300728079999942,-21.333971768999959],[-64.300852014999975,-21.334191105999935],[-64.300979326999936,-21.334406832999946],[-64.301110019999953,-21.334618949999935],[-64.301244088999965,-21.33482745799995],[-64.301381539999966,-21.335032357999978],[-64.301522371999965,-21.335233649999964],[-64.301666584999964,-21.335431336999932],[-64.301814179999951,-21.335625419999928],[-64.301965156999984,-21.335815896999975],[-64.302119520999952,-21.33600277499994],[-64.302277268999944,-21.33618605099997],[-64.302438400999961,-21.336365722999972],[-64.30260291899998,-21.33654179499996],[-64.302770823999936,-21.336714265999944],[-64.302942113999961,-21.336883136999973],[-64.303116791999969,-21.33704840799993],[-64.303294856999969,-21.337210079999977],[-64.303476311999987,-21.337368153999932],[-64.30366115399994,-21.337522628999977],[-64.303849385999968,-21.337673507999966],[-64.304041007999956,-21.337820788999977],[-64.304236021999941,-21.337964471999953],[-64.304434424999954,-21.338104559999977],[-64.304636218999974,-21.338241050999954],[-64.304841406999969,-21.33837394699998],[-64.305018516999951,-21.338482082999974],[-64.305205439999952,-21.338588245999972],[-64.305402572999981,-21.338692662999961],[-64.305610451999939,-21.33879561599997],[-64.305829420999942,-21.338897290999967],[-64.306060638999952,-21.338998239999967],[-64.306305187999953,-21.339098934999981],[-64.306564753999965,-21.339200071999983],[-64.306787037999982,-21.339282732999948],[-64.307022459999985,-21.339366945999927],[-64.307273436999935,-21.33945358099993],[-64.307544767999957,-21.339544295999929],[-64.308057571999939,-21.339709805999973],[-64.309334561999947,-21.34011228199995],[-64.309686406999958,-21.340226748999953],[-64.310000161999938,-21.340332220999983],[-64.310335148999968,-21.340449652999951],[-64.31064397199998,-21.340563610999936],[-64.310932004999984,-21.340676082999948],[-64.311202003999938,-21.34078814999998],[-64.311349009999958,-21.340852343999927],[-64.311491098999966,-21.340916812999978],[-64.31162851299996,-21.340981666999937],[-64.31176144799997,-21.341046999999946],[-64.311890105999964,-21.341112912999961],[-64.312014596999973,-21.341179459999978],[-64.31213504699997,-21.341246711999929],[-64.312251561999972,-21.34131472599995],[-64.312364367999976,-21.341383639999947],[-64.31247340699997,-21.341453423999951],[-64.312578751999979,-21.341524124999978],[-64.312680465999961,-21.341595785999971],[-64.312778611999988,-21.341668451999965],[-64.312873234999984,-21.341742153999974],[-64.312964378999936,-21.341816928999947],[-64.313052082999945,-21.341892807999955],[-64.313137858999937,-21.341971376999936],[-64.313221092999981,-21.342052334999948],[-64.313301790999958,-21.342135689999964],[-64.313379962999932,-21.342221449999954],[-64.313455613999963,-21.342309621999959],[-64.313528753999947,-21.342400216999977],[-64.313599390999968,-21.342493244999957],[-64.313667532999943,-21.342588715999966],[-64.313733183999943,-21.342686635999939],[-64.313796356999944,-21.342787021999982],[-64.313857058999986,-21.342889887999945],[-64.313915298999973,-21.342995246999976],[-64.313971083999945,-21.343103112999927],[-64.314024424999957,-21.343213502999959],[-64.314075326999955,-21.343326434999938],[-64.314123799999948,-21.343441923999933],[-64.314169806999985,-21.343559873999936],[-64.314213405999965,-21.343680417999963],[-64.314254604999974,-21.34380357799995],[-64.314293409999948,-21.343929376999938],[-64.314329830999952,-21.344057838999959],[-64.31436387499997,-21.344188993999978],[-64.314395548999983,-21.344322869999928],[-64.314424861999953,-21.344459499999971],[-64.314451814999984,-21.34459888799995],[-64.314476422999974,-21.344741097999929],[-64.314498689999937,-21.344886172999963],[-64.314518626999984,-21.34503415699993],[-64.314536234999935,-21.345185087999937],[-64.314551523999967,-21.345339027999955],[-64.314564498999971,-21.345496026999967],[-64.314575164999951,-21.345656151999947],[-64.314583138999978,-21.345810707999931],[-64.314589050999984,-21.345968187999972],[-64.314592901999958,-21.346128659999977],[-64.314594693999936,-21.346292199999937],[-64.314592105999964,-21.346628797999927],[-64.31458128099996,-21.346978785999966],[-64.314562214999967,-21.347342709999964],[-64.314534833999971,-21.347722193999971],[-64.314499031999958,-21.348118738999972],[-64.314454608999938,-21.348534571999949],[-64.314407847999973,-21.348921056999927],[-64.314353726999968,-21.349327918999961],[-64.314291734999983,-21.349759033999931],[-64.31422080599998,-21.350221837999982],[-64.314151206999952,-21.350654643999974],[-64.31407084999995,-21.351137029999961],[-64.313768399999958,-21.352894603999971],[-64.313648418999946,-21.353609287999973],[-64.313586785999973,-21.353990833999944],[-64.313531515999955,-21.354345915999943],[-64.313481551999985,-21.354681338999967],[-64.313436381999963,-21.355000551999979],[-64.313386476999938,-21.355377790999967],[-64.313342929999976,-21.355737487999932],[-64.313305442999933,-21.35608211999994],[-64.313273839999965,-21.356413302999954],[-64.31324796399997,-21.356732798999928],[-64.313227780999966,-21.357041143999936],[-64.313213235999967,-21.357339174999936],[-64.313204298999949,-21.357627524999941],[-64.313201549999974,-21.35780331899997],[-64.313200988999938,-21.357975649999958],[-64.313202616999945,-21.358144618999972],[-64.313206432999948,-21.35831031999993],[-64.313212439999973,-21.358472845999927],[-64.31322063999994,-21.358632260999968],[-64.31323103699998,-21.358788634999939],[-64.313243636999971,-21.358942028999934],[-64.313258446999953,-21.35909255699994],[-64.313275471999987,-21.359240211999975],[-64.313294713999937,-21.359385043999964],[-64.313316179999958,-21.359527098999934],[-64.313339877999965,-21.359666417999961],[-64.313365812999962,-21.359803037999939],[-64.313393990999941,-21.359936992999963],[-64.313424419999933,-21.360068314999978],[-64.313457158999938,-21.360197226999958],[-64.313492167999982,-21.360323554999979],[-64.313529455999969,-21.360447328999953],[-64.31356902899995,-21.360568568999952],[-64.313610896999933,-21.360687303999953],[-64.313655065999967,-21.360803549999957],[-64.313701544999958,-21.360917326999981],[-64.313750337999977,-21.361028654999927],[-64.313801459999979,-21.361137560999964],[-64.313854915999968,-21.361244049999982],[-64.31391070899997,-21.361348137999983],[-64.313968849999981,-21.361449837999942],[-64.314029345999984,-21.361549163999939],[-64.314092202999973,-21.361646128999951],[-64.314157430999956,-21.361740743999974],[-64.314225036999972,-21.361833020999939],[-64.314292525999974,-21.361920471999952],[-64.314362140999947,-21.362006882999935],[-64.31443388699995,-21.362092265999934],[-64.314507773999935,-21.36217662699994],[-64.314583810999977,-21.36225997899993],[-64.314662004999946,-21.362342330999979],[-64.314742369999976,-21.362423695999951],[-64.314824914999974,-21.362504082999976],[-64.314909643999954,-21.362583496999946],[-64.314996576999988,-21.362661956999943],[-64.315085726999939,-21.362739473999966],[-64.315177108999933,-21.362816062999968],[-64.315270735999945,-21.362891732999969],[-64.315366625999957,-21.362966498999981],[-64.315464794999968,-21.363040373999979],[-64.315565263999986,-21.363113373999965],[-64.315667924999957,-21.363185423999937],[-64.315772919999972,-21.363256628999977],[-64.315880273999937,-21.363327005999963],[-64.31599000999995,-21.363396570999953],[-64.316102152999974,-21.363465337999969],[-64.316216733999966,-21.36353332799996],[-64.316333785999973,-21.363600558999963],[-64.316453339999953,-21.363667048999957],[-64.316575399999977,-21.363732801999959],[-64.316700036999976,-21.363797856999952],[-64.316827295999985,-21.363862236999978],[-64.316957221999985,-21.363925965999954],[-64.317225276999977,-21.364051563999965],[-64.317504680999946,-21.364174877999972],[-64.317758296999955,-21.364280849999943],[-64.31802145499995,-21.364385463999952],[-64.318294685999945,-21.364488931999972],[-64.318578689999981,-21.364591519999976],[-64.318873937999967,-21.364693405999958],[-64.319181847999971,-21.364795087999937],[-64.319503729999951,-21.364896999999928],[-64.31984153999997,-21.364999759999932],[-64.320147358999975,-21.365089584999964],[-64.320469343999946,-21.365181333999942],[-64.320810656999981,-21.365275910999969],[-64.321177363999936,-21.365374997999936],[-64.321896920999961,-21.365563924999947],[-64.323281252999948,-21.365919233999932],[-64.323847072999968,-21.36606614599998],[-64.324430536999955,-21.366221399999972],[-64.324951533999979,-21.366364873999942],[-64.325250524999944,-21.366449885999941],[-64.325536610999961,-21.366533404999927],[-64.325811689999966,-21.366615984999953],[-64.32607700799997,-21.366698001999964],[-64.326333924999972,-21.366779880999957],[-64.326582856999948,-21.36686175899996],[-64.326824453999961,-21.366943850999974],[-64.32705920799998,-21.367026322999948],[-64.327339626999958,-21.367128665999928],[-64.32761095099994,-21.367232049999927],[-64.327873724999961,-21.367336680999927],[-64.328128374999949,-21.367442729999937],[-64.328375348999941,-21.367550384999959],[-64.328614869999967,-21.367659745999958],[-64.328847210999982,-21.367770937999978],[-64.329072592999978,-21.367884066999977],[-64.329291517999934,-21.36799939499997],[-64.329503833999979,-21.368116854999982],[-64.329709696999942,-21.368236533999948],[-64.329909236999981,-21.368358505999936],[-64.330102587999988,-21.368482853999978],[-64.330289837999942,-21.368609634999927],[-64.33047107699997,-21.368738911999969],[-64.33064638899998,-21.368870742999945],[-64.330877515999987,-21.369051698999954],[-64.331107801999963,-21.369236917999956],[-64.331337244999986,-21.369426396999927],[-64.331565839999939,-21.369620133999945],[-64.331793582999978,-21.369818125999927],[-64.332020470999964,-21.370020368999974],[-64.332246500999986,-21.370226860999935],[-64.332471667999982,-21.370437596999977],[-64.332695968999985,-21.370652573999962],[-64.33291940099997,-21.370871788999978],[-64.333141956999953,-21.371095236999963],[-64.333363633999966,-21.371322913999961],[-64.333584428999984,-21.371554816999947],[-64.333804336999947,-21.371790938999936],[-64.334023353999953,-21.372031276999962],[-64.334241473999953,-21.372275825999964],[-64.334458704999975,-21.372524594999959],[-64.33467503199995,-21.372777564999978],[-64.334890448999943,-21.373034729999972],[-64.335104950999948,-21.373296085999982],[-64.335318533999953,-21.373561625999969],[-64.335531192999952,-21.373831343999939],[-64.335742922999941,-21.374105233999956],[-64.335953717999985,-21.374383287999933],[-64.336163574999944,-21.37466550399995],[-64.336372487999938,-21.374951869999961],[-64.336580448999939,-21.375242379999975],[-64.336787454999978,-21.37553702699995],[-64.336993499999949,-21.375835800999937],[-64.337198575999935,-21.376138695999941],[-64.337402679999968,-21.376445699999977],[-64.337605803999963,-21.376756807999982],[-64.337808107999933,-21.37707226699996],[-64.338009417999956,-21.377391814999953],[-64.338209727999981,-21.377715442999943],[-64.338409030999969,-21.378043138999942],[-64.338607321999973,-21.378374891999954],[-64.338804591999974,-21.37871069199997],[-64.339000835999968,-21.379050524999968],[-64.339196043999948,-21.379394379999951],[-64.339390212999945,-21.379742248999946],[-64.33958333299995,-21.380094110999948],[-64.339775395999936,-21.38044995499996],[-64.339966391999951,-21.38080976599997],[-64.340156315999934,-21.38117352699993],[-64.340345156999945,-21.381541221999953],[-64.340532909999979,-21.38191283599997],[-64.340719560999958,-21.382288349999953],[-64.340905138999972,-21.382667814999934],[-64.34108959799994,-21.383051145999957],[-64.341272929999946,-21.383438320999971],[-64.341455124999982,-21.383829320999951],[-64.341636171999937,-21.384224125999935],[-64.341816061999964,-21.384622710999963],[-64.34199478499994,-21.385025052999936],[-64.342172326999957,-21.385431127999937],[-64.34234868599998,-21.385840922999932],[-64.342523841999935,-21.386254399999928],[-64.342697784999984,-21.386671529999944],[-64.342870503999961,-21.387092285999927],[-64.343041984999957,-21.387516638999955],[-64.343212216999973,-21.387944556999969],[-64.343381185999988,-21.388376006999977],[-64.343548878999968,-21.388810955999929],[-64.34374377599994,-21.389329612999973],[-64.343933594999953,-21.389853409999944],[-64.344118294999987,-21.390382233999958],[-64.344297832999985,-21.390915968999934],[-64.344472172999986,-21.391454497999973],[-64.344641272999979,-21.391997695999976],[-64.34480509399998,-21.392545437999956],[-64.344963598999982,-21.39309759799994],[-64.345116754999935,-21.393654068999979],[-64.345264520999933,-21.39421469499996],[-64.345406858999979,-21.394779340999946],[-64.345543736999957,-21.395347869999966],[-64.345675119999953,-21.395920142999955],[-64.345800975999964,-21.396496016999947],[-64.345921271999941,-21.397075345999951],[-64.346035977999975,-21.397657984999967],[-64.346145091999972,-21.398243932999947],[-64.346248554999988,-21.398832890999927],[-64.346346341999947,-21.399424703999955],[-64.346438424999974,-21.400019217999954],[-64.346524780999971,-21.400616276999983],[-64.346605385999965,-21.401215718999936],[-64.34668021899995,-21.401817385999948],[-64.346749259999967,-21.402421113999935],[-64.346812489999934,-21.40302675099997],[-64.346869892999962,-21.403634119999936],[-64.346921450999957,-21.404243054999938],[-64.346967150999944,-21.404853389999971],[-64.347006979999946,-21.405464957999982],[-64.347040926999966,-21.406077585999981],[-64.347068982999986,-21.406691107999961],[-64.347091138999986,-21.407305350999934],[-64.347107391999941,-21.407920255999954],[-64.347117733999937,-21.408535539999946],[-64.347122159999969,-21.409151034999979],[-64.347120670999971,-21.409766567999952],[-64.347113266999941,-21.410381967999967],[-64.347099947999936,-21.410997064999947],[-64.347080718999962,-21.411611688999983],[-64.347055585999954,-21.412225667999962],[-64.347024556999941,-21.412838825999927],[-64.346987637999973,-21.413451002999977],[-64.346944838999946,-21.414062032999936],[-64.346896173999937,-21.414671746999943],[-64.346841654999935,-21.415279978999934],[-64.346781295999961,-21.415886567999962],[-64.346715114999938,-21.416491350999934],[-64.346643126999936,-21.41709416599997],[-64.346565371999986,-21.417694719999929],[-64.346481852999943,-21.41829299099993],[-64.346392591999972,-21.418888822999975],[-64.346297612999933,-21.419482061999929],[-64.346196938999981,-21.420072554999933],[-64.346090595999954,-21.420660152999972],[-64.345978610999964,-21.42124470899995],[-64.345861011999943,-21.42182607899997],[-64.345737832999987,-21.42240409599998],[-64.345609097999954,-21.422978643999954],[-64.345474838999962,-21.423549581999964],[-64.345454820999976,-21.423630826999954],[-64.345517328999961,-21.42385034199998],[-64.345676439999977,-21.424392707999971],[-64.345831130999954,-21.42490285599996],[-64.345982932999959,-21.425385813999981],[-64.34616067099995,-21.425927987999955],[-64.346249106999949,-21.426188169999932],[-64.346337443999971,-21.426441649999958],[-64.346425831999966,-21.426688849999948],[-64.346514351999986,-21.426929992999931],[-64.346603098999935,-21.427165341999967],[-64.346692157999939,-21.427395118999982],[-64.346781721999946,-21.427619808999964],[-64.346871744999987,-21.427839285999937],[-64.346962291999944,-21.428053706999947],[-64.347053419999952,-21.42826320599994],[-64.347145189999935,-21.428467925999939],[-64.347237643999961,-21.428667956999959],[-64.347330828999986,-21.42886340299998],[-64.347424787999955,-21.429054350999934],[-64.347535784999934,-21.429272218999927],[-64.347647956999936,-21.429484155999944],[-64.347761359999936,-21.429690268999934],[-64.347876045999953,-21.429890653999962],[-64.347992068999986,-21.430085403999954],[-64.348109470999987,-21.430274586999928],[-64.348228294999956,-21.430458274999978],[-64.348348580999982,-21.430636529999958],[-64.348470406999979,-21.430809458999931],[-64.348593771999958,-21.430977062999943],[-64.348718712999982,-21.431139389999942],[-64.348845261999941,-21.431296482999983],[-64.348973456999943,-21.431448385999943],[-64.349103322999952,-21.431595130999938],[-64.34923489199997,-21.431736752999939],[-64.349368191999986,-21.431873279999934],[-64.349503419999962,-21.432004906999964],[-64.349640438999984,-21.432131479999953],[-64.349779270999932,-21.432253024999966],[-64.349919941999985,-21.432369561999963],[-64.350062477999984,-21.432481113999927],[-64.350206898999943,-21.432587694999938],[-64.35035322899995,-21.432689322999977],[-64.350501487999964,-21.432786012999941],[-64.350651710999955,-21.43287778499996],[-64.350803905999953,-21.432964645999959],[-64.350958091999985,-21.43304660299998],[-64.351114288999952,-21.433123670999976],[-64.351272515999938,-21.433195855999941],[-64.351432790999979,-21.43326316699995],[-64.351595131999943,-21.433325611999976],[-64.351759554999944,-21.433383197999945],[-64.351952963999963,-21.433446403999938],[-64.352150866999978,-21.433508587999938],[-64.352352874999951,-21.433569625999951],[-64.352558607999981,-21.433629402999941],[-64.352767664999988,-21.433687803999931],[-64.352979706999974,-21.433744732999969],[-64.353194377999955,-21.43380009599997],[-64.353411338999933,-21.433853803999966],[-64.353630022999937,-21.433905722999953],[-64.353850346999934,-21.43395583299997],[-64.354072004999978,-21.434004067999979],[-64.354294712999945,-21.434050363999972],[-64.35451816799997,-21.434094658999982],[-64.354742137999949,-21.434136907999971],[-64.354966371999978,-21.434177061999947],[-64.355190640999979,-21.43421508199998],[-64.355413254999974,-21.43425069999995],[-64.355635482999958,-21.434284142999957],[-64.355857127999968,-21.43431537999993],[-64.356078011999955,-21.434344384999974],[-64.356297948999952,-21.434371134999935],[-64.356516796999983,-21.434395612999936],[-64.356734402999962,-21.434417800999938],[-64.356950628999982,-21.434437684999978],[-64.357165236999947,-21.43445524599997],[-64.357378209999979,-21.434470483999974],[-64.357589432999987,-21.434483389999968],[-64.357798797999976,-21.434493955999983],[-64.358006194999973,-21.434502179999981],[-64.358211537999978,-21.43450805599997],[-64.358414736999976,-21.43451158299996],[-64.358615709999981,-21.434512758999972],[-64.358809966999956,-21.434511634999978],[-64.359001952999961,-21.43450826399993],[-64.359191603999932,-21.434502646999931],[-64.359378858999946,-21.43449478499997],[-64.359563657999956,-21.434484681999947],[-64.359745950999979,-21.434472339999957],[-64.359925689999955,-21.434457761999965],[-64.36010282899997,-21.434440953999967],[-64.360277291999978,-21.434421919999977],[-64.360449070999948,-21.434400663999952],[-64.360618124999974,-21.434377190999953],[-64.360784419999959,-21.434351503999949],[-64.360947918999955,-21.434323611999957],[-64.361108590999947,-21.434293516999958],[-64.361266407999949,-21.434261225999933],[-64.361421339999936,-21.434226744999933],[-64.361573229999976,-21.434190112999943],[-64.361722188999977,-21.434151305999933],[-64.361868195999932,-21.434110329999953],[-64.362011226999982,-21.434067191999929],[-64.362151260999951,-21.434021897999969],[-64.362288279999973,-21.433974454999941],[-64.362422264999964,-21.433924866999973],[-64.362553200999969,-21.433873142999971],[-64.362681061999979,-21.433819290999963],[-64.362805841999943,-21.433763313999975],[-64.362927526999954,-21.433705219999979],[-64.363046103999977,-21.433645012999932],[-64.36316155999998,-21.433582701999967],[-64.363273883999966,-21.433518290999928],[-64.363383064999937,-21.433451787999957],[-64.363489091999952,-21.433383197999945],[-64.363589353999942,-21.433313617999943],[-64.363688066999941,-21.433239594999975],[-64.363785274999941,-21.433161093999956],[-64.363881030999949,-21.43307807399998],[-64.363975379999943,-21.432990495999945],[-64.364068386999975,-21.432898299999977],[-64.364160112999969,-21.432801425999969],[-64.364250626999933,-21.432699801999945],[-64.364339884999936,-21.432593486999963],[-64.364428081999961,-21.432482260999961],[-64.364515302999962,-21.432366017999982],[-64.364601642999958,-21.432244631999936],[-64.364687181999955,-21.432117990999927],[-64.364772063999965,-21.431985886999939],[-64.364856416999942,-21.431848118999937],[-64.364940398999977,-21.431704429999968],[-64.365012504999982,-21.431575812999938],[-64.365084596999964,-21.431442353999955],[-64.36515682299995,-21.431303782999976],[-64.365229367999973,-21.431159739999941],[-64.365302358999941,-21.431009987999971],[-64.365376152999943,-21.430853795999951],[-64.365527575999977,-21.430519065999931],[-64.365663781999956,-21.43020327499994],[-64.365811830999974,-21.429847121999956],[-64.365957572999946,-21.42948708199998],[-64.36634399899998,-21.428520540999955],[-64.366461245999972,-21.42823324699998],[-64.36656826799998,-21.42797666499996],[-64.366691691999961,-21.42768919699995],[-64.366809974999967,-21.427423574999978],[-64.366925332999983,-21.427174829999956],[-64.367038922999939,-21.42694047699996],[-64.367177340999945,-21.426669606999951],[-64.367315626999982,-21.426415341999927],[-64.367385018999983,-21.426293882999971],[-64.367454684999984,-21.426176020999947],[-64.367524699999933,-21.426061623999942],[-64.367595134999988,-21.425950582999974],[-64.367666147999955,-21.425842648999947],[-64.367737698999974,-21.425737896999976],[-64.36780983899996,-21.425636249999968],[-64.367882614999985,-21.425537643999974],[-64.367956074999938,-21.425442011999962],[-64.368030251999983,-21.425349310999934],[-64.368105184999933,-21.425259493999931],[-64.368180907999943,-21.425172520999979],[-64.368306874999973,-21.425032556999952],[-64.368435322999972,-21.42489304399993],[-64.368566233999957,-21.42475399999995],[-64.368699590999938,-21.424615442999936],[-64.368835374999946,-21.42447739399995],[-64.368973566999955,-21.424339870999972],[-64.369114145999959,-21.424202894999951],[-64.369257090999952,-21.424066487999937],[-64.369402388999958,-21.423930660999929],[-64.369550007999976,-21.42379544399995],[-64.369699925999953,-21.423660858999938],[-64.369852115999947,-21.423526927999944],[-64.370006554999975,-21.423393672999964],[-64.370163213999945,-21.423261117999971],[-64.370322066999961,-21.423129285999948],[-64.370483083999943,-21.422998201999974],[-64.370646319999935,-21.422867819999965],[-64.370811661999937,-21.422738236999976],[-64.370979076999959,-21.422609475999934],[-64.37114853099996,-21.422481563999952],[-64.371319988999971,-21.422354526999982],[-64.371493415999964,-21.42222838999993],[-64.371668773999943,-21.422103182999933],[-64.371846024999968,-21.421978931999945],[-64.372025139999948,-21.421855656999981],[-64.372206067999969,-21.421733393999943],[-64.372388763999936,-21.421612172999971],[-64.372573184999965,-21.421492022999928],[-64.372759286999951,-21.421372971999972],[-64.372947021999948,-21.421255051999935],[-64.373136340999963,-21.421138291999966],[-64.373327194999945,-21.421022723999954],[-64.373520517999964,-21.420907797999973],[-64.373715286999982,-21.420794137999962],[-64.373911446999955,-21.420681775999981],[-64.374108939999985,-21.420570746999942],[-64.374307710999972,-21.42046107799996],[-64.374507699999981,-21.420352805999983],[-64.374708844999986,-21.420245963999946],[-64.374911083999962,-21.420140581999931],[-64.375114368999959,-21.420036688999971],[-64.375318618999984,-21.419934324999929],[-64.375523766999947,-21.419833522999966],[-64.375729745999934,-21.41973431699995],[-64.375936486999933,-21.419636738999941],[-64.376143918999958,-21.419540823999967],[-64.376351968999984,-21.419446604999962],[-64.376560562999941,-21.419354114999976],[-64.376769739999986,-21.41926333899994],[-64.376979312999936,-21.419174359999943],[-64.377189203999933,-21.41908720999993],[-64.377399335999939,-21.41900192199995],[-64.377609632999963,-21.41891852699996],[-64.377820010999983,-21.418837056999962],[-64.378030391999971,-21.418757543999959],[-64.378240693999942,-21.418680016999929],[-64.378450843999985,-21.418604503999973],[-64.378660751999973,-21.418531037999969],[-64.378870333999942,-21.418459647999953],[-64.379079507999961,-21.418390361999968],[-64.379288188999965,-21.418323206999958],[-64.379496295999957,-21.418258210999966],[-64.379703741999947,-21.418195399999945],[-64.37991044499995,-21.418134798999972],[-64.380241432999981,-21.418042363999973],[-64.380577762999962,-21.41795439699996],[-64.380919236999944,-21.41787095199993],[-64.381265647999953,-21.417792077999934],[-64.381616787999974,-21.417717823999965],[-64.381972432999987,-21.417648235999934],[-64.382332360999953,-21.417583358999934],[-64.382696341999974,-21.41752323299994],[-64.38306417299998,-21.41746789299998],[-64.383435583999983,-21.417417379999961],[-64.383810332999985,-21.417371726999932],[-64.384188170999948,-21.417330963999973],[-64.384568850999983,-21.41729511799997],[-64.384952117999944,-21.417264213999943],[-64.385337714999935,-21.417238271999963],[-64.385725383999954,-21.417217307999977],[-64.386114845999941,-21.417201337999927],[-64.386505860999932,-21.417190370999947],[-64.38689816699997,-21.417184415999941],[-64.387291502999972,-21.417183473999955],[-64.38768560699998,-21.417187547999958],[-64.388080222999974,-21.417196634999982],[-64.38847508899994,-21.41721072799993],[-64.388869953999972,-21.417229816999964],[-64.389264521999962,-21.417253889999927],[-64.389658582999971,-21.417282930999932],[-64.39005188699997,-21.41731692299993],[-64.390444190999972,-21.417355844999975],[-64.390835249999952,-21.417399670999941],[-64.391224832999967,-21.417448375999982],[-64.391612706999979,-21.417501931999936],[-64.391998648999959,-21.417560305999928],[-64.392378981999968,-21.41762287499995],[-64.392756988999963,-21.417690107999931],[-64.39313246599994,-21.417761969999958],[-64.39350521199998,-21.417838421999932],[-64.393875026999979,-21.417919421999954],[-64.394241730999966,-21.418004932999963],[-64.394605139999953,-21.418094909999979],[-64.394965078999974,-21.418189309999946],[-64.395321318999947,-21.418288071999939],[-64.395673753999972,-21.418391163999956],[-64.396022225999957,-21.418498541999952],[-64.396366581999985,-21.418610157999979],[-64.396706668999968,-21.41872596099995],[-64.397042351999971,-21.418845905999945],[-64.397373492999975,-21.418969943999969],[-64.397699965999948,-21.419098026999961],[-64.398021238999945,-21.419229934999976],[-64.398337610999988,-21.419365779999964],[-64.398648965999939,-21.419505511999944],[-64.398955194999985,-21.419649083999957],[-64.399256190999949,-21.419796441999949],[-64.399551858999985,-21.419947541999932],[-64.399842103999958,-21.420102334999967],[-64.400126836999959,-21.420260771999949],[-64.400405934999981,-21.420422784999971],[-64.400679354999966,-21.420588347999967],[-64.400947019999933,-21.420757412999933],[-64.401208855999982,-21.420929933999957],[-64.401464789999977,-21.421105861999933],[-64.401714760999937,-21.421285155999954],[-64.401958705999959,-21.421467769999936],[-64.40219656499994,-21.421653660999937],[-64.402434846999938,-21.421846527999946],[-64.402672965999955,-21.422044407999977],[-64.402910427999984,-21.422246891999976],[-64.403146766999953,-21.422453582999935],[-64.403381501999945,-21.422664056999963],[-64.403614242999936,-21.422877964999941],[-64.403844585999934,-21.423094935999927],[-64.404072158999952,-21.42331461699996],[-64.404296340999963,-21.423536402999957],[-64.40451707699998,-21.423760225999956],[-64.404734056999985,-21.423985773999959],[-64.404946999999936,-21.424212752999949],[-64.405155614999956,-21.424440854999943],[-64.405359687999976,-21.424669841999957],[-64.405558990999964,-21.424899456999981],[-64.405753320999963,-21.425129469999945],[-64.405941204999976,-21.425358069999959],[-64.406123827999977,-21.425586632999966],[-64.406301030999941,-21.425814962999937],[-64.406472675999964,-21.426042877999976],[-64.406638619999967,-21.426270188999979],[-64.406798758999969,-21.42649675399997],[-64.406952985999965,-21.42672241899993],[-64.407101203999957,-21.426947043999974],[-64.407243255999958,-21.427170383999965],[-64.407379139999932,-21.427392426999972],[-64.407508780999933,-21.427613057999963],[-64.407632117999981,-21.427832165999973],[-64.407749087999946,-21.428049638999937],[-64.407859642999938,-21.428265392999947],[-64.407963738999968,-21.428479334999963],[-64.408061332999978,-21.428691381999954],[-64.408140103999983,-21.428873246999956],[-64.408215215999974,-21.429058159999954],[-64.408286668999949,-21.429246116999934],[-64.408354460999988,-21.429437116999964],[-64.408418591999975,-21.429631154999981],[-64.408479059999934,-21.429828227999963],[-64.408535864999976,-21.430028333999928],[-64.408589004999953,-21.430231469999967],[-64.408638478999933,-21.430437630999961],[-64.408684287999961,-21.430646812999953],[-64.408726428999955,-21.430859013999964],[-64.408764900999984,-21.431074227999943],[-64.408799704999979,-21.431292450999933],[-64.408830838999961,-21.431513680999956],[-64.408858302999988,-21.43173791199996],[-64.408882096999946,-21.431965138999942],[-64.408902220999948,-21.432195368999942],[-64.40891867199997,-21.432428584999968],[-64.408931451999933,-21.432664784999929],[-64.408940557999983,-21.432903961999955],[-64.408945990999939,-21.433146112999964],[-64.40894775299995,-21.433391229999927],[-64.408945840999934,-21.433639309999933],[-64.408940256999983,-21.433890344999952],[-64.408930999999939,-21.43414433199996],[-64.40891806999997,-21.434401262999927],[-64.408901467999954,-21.434661132999963],[-64.408881194999935,-21.434923934999972],[-64.408857249999983,-21.435189661999971],[-64.408829633999972,-21.435458309999945],[-64.408798348999937,-21.435729868999942],[-64.408763394999937,-21.436004333999961],[-64.408724794999955,-21.436281528999928],[-64.408682533999979,-21.436561611999934],[-64.408636610999963,-21.436844576999931],[-64.408587025999964,-21.437130414999956],[-64.408533782999939,-21.437419120999948],[-64.408476880999956,-21.437710685999946],[-64.408416322999983,-21.438005104999945],[-64.408352108999964,-21.438302369999974],[-64.408284243999958,-21.438602467999942],[-64.408212724999942,-21.438905397999974],[-64.408137554999939,-21.439211154999953],[-64.408058736999976,-21.439519731999951],[-64.407976269999949,-21.439831122999976],[-64.40789015699994,-21.440145322999967],[-64.407800399999985,-21.440462330999935],[-64.407706995999945,-21.440782141999932],[-64.407610050999949,-21.441104417999952],[-64.407509468999933,-21.441429490999951],[-64.407405248999964,-21.441757367999969],[-64.407297387999961,-21.442088051999974],[-64.407185885999979,-21.442421544999945],[-64.40707073599998,-21.442757871999959],[-64.406951930999981,-21.443097050999938],[-64.406829460999973,-21.443439111999965],[-64.406703387999983,-21.443783886999938],[-64.40657362099995,-21.444131626999933],[-64.406440138999983,-21.444482396999945],[-64.406302905999951,-21.444836285999941],[-64.406161903999987,-21.445193339999946],[-64.406017049999946,-21.445553780999944],[-64.405868262999945,-21.445917798999972],[-64.405715425999972,-21.446285687999932],[-64.405616387999942,-21.446516352999936],[-64.405512944999941,-21.44674585599995],[-64.405405085999973,-21.446974224999963],[-64.405292796999959,-21.447201488999951],[-64.405176065999967,-21.447427674999972],[-64.405054873999973,-21.447652816999948],[-64.404929204999974,-21.447876944999962],[-64.404799039999943,-21.448100093999983],[-64.404664372999946,-21.448322274999953],[-64.404525170999932,-21.44854354499995],[-64.404381407999949,-21.44876394299996],[-64.404233059999967,-21.448983505999934],[-64.404080102999956,-21.449202272999969],[-64.403922503999979,-21.449420287999942],[-64.403760230999978,-21.449637594999956],[-64.403593250999961,-21.449854241999958],[-64.403421791999961,-21.450069944999939],[-64.403245559999959,-21.450285089999966],[-64.403064513999936,-21.450499726999965],[-64.402878602999976,-21.450713915999927],[-64.402687784999955,-21.450927707999938],[-64.402491993999945,-21.451141174999975],[-64.402291171999934,-21.451354379999941],[-64.402085248999981,-21.451567398999941],[-64.401874231999955,-21.451780225999983],[-64.40165796499997,-21.451993023999933],[-64.401436357999955,-21.452205878999962],[-64.401209313999971,-21.45241888399994],[-64.400976740999965,-21.452632127999948],[-64.400738503999946,-21.452845732999947],[-64.400494472999981,-21.453059818999975],[-64.400244494999981,-21.453274514999976],[-64.400040811999986,-21.45344622999994],[-64.399833151999985,-21.453618502999973],[-64.399621412999977,-21.45379141799998],[-64.399405478999938,-21.453965067999945],[-64.399185244999956,-21.454139538999982],[-64.398960552999938,-21.454314956999951],[-64.398731247999933,-21.454491442999938],[-64.398497151999948,-21.454669132999982],[-64.398258419999934,-21.454847914999959],[-64.39801448999998,-21.455028216999949],[-64.397509982999964,-21.455394149999961],[-64.396981245999939,-21.455768665999983],[-64.396424613999955,-21.456154359999971],[-64.395951461999971,-21.456476264999935],[-64.395452975999945,-21.456810361999942],[-64.394924010999944,-21.457160103999968],[-64.394354426999939,-21.457532197999967],[-64.39384802099994,-21.457859920999965],[-64.393282196999962,-21.458223539999949],[-64.391349593999962,-21.459457400999952],[-64.390608665999935,-21.459932394999953],[-64.389865860999976,-21.460412790999953],[-64.389200358999972,-21.460848501999976],[-64.388835359999973,-21.461090205999938],[-64.388484995999988,-21.461324369999943],[-64.388147154999956,-21.461552410999957],[-64.387820415999954,-21.461775282999952],[-64.387503228999947,-21.461994050999976],[-64.387195084999973,-21.462209068999982],[-64.386895218999939,-21.462420871999939],[-64.386603043999969,-21.462629872999969],[-64.386278299999958,-21.462865472999965],[-64.385962286999984,-21.463098353999953],[-64.385654460999945,-21.463328911999952],[-64.385354394999979,-21.463557471999934],[-64.385061628999949,-21.46378438399995],[-64.384775919999981,-21.464009837999981],[-64.384496978999948,-21.464234061999946],[-64.384224563999965,-21.464457250999942],[-64.383958145999941,-21.464679843999932],[-64.383697858999938,-21.464901740999949],[-64.38344352699994,-21.465123086999938],[-64.383195002999969,-21.465344014999971],[-64.382952127999943,-21.465564662999952],[-64.382714800999963,-21.465785125999957],[-64.382482907999986,-21.466005506999977],[-64.382256351999956,-21.466225900999973],[-64.381937221999976,-21.466538236999952],[-64.381608589999985,-21.466856308999979],[-64.381269799999984,-21.467180754999958],[-64.380919997999968,-21.467512391999946],[-64.38055860299994,-21.467851774999929],[-64.380183906999946,-21.468200513999932],[-64.379794340999979,-21.468560072999935],[-64.379387578999967,-21.468932594999956],[-64.37863079899995,-21.469619045999934],[-64.37778283199998,-21.470380313999954],[-64.376922387999969,-21.471147110999937],[-64.374589627999967,-21.473218883999948],[-64.373888346999934,-21.473845383999958],[-64.37326027499995,-21.474410035999938],[-64.372550512999965,-21.475053572999968],[-64.371891343999948,-21.475657779999949],[-64.371270318999962,-21.476234071999954],[-64.370681196999953,-21.476788248999981],[-64.370330886999966,-21.477121724999961],[-64.369990129999962,-21.477449236999973],[-64.369658232999939,-21.477771453999935],[-64.369334653999942,-21.478088899999932],[-64.369018812999968,-21.47840214699994],[-64.368710420999946,-21.478711482999927],[-64.368409123999982,-21.479017263999935],[-64.368114628999933,-21.479319784999973],[-64.367826269999966,-21.479619738999929],[-64.367544241999951,-21.47991693299997],[-64.367268335999938,-21.48021158399996],[-64.366998378999938,-21.480503880999947],[-64.366734182999949,-21.480794024999966],[-64.366475628999979,-21.481082145999949],[-64.36622258899996,-21.481368391999979],[-64.365974945999938,-21.481652889999964],[-64.365683717999957,-21.481993371999977],[-64.365400001999944,-21.482331686999942],[-64.365123647999951,-21.482668015999934],[-64.364854525999988,-21.483002515999942],[-64.364592501999937,-21.483335353999962],[-64.364337486999943,-21.483666643999982],[-64.364089380999985,-21.483996514999944],[-64.363848099999984,-21.484325079999962],[-64.363613488999988,-21.484652551999943],[-64.363385555999969,-21.484978923999961],[-64.363164235999932,-21.485304292999956],[-64.362949468999943,-21.485628744999929],[-64.362741193999966,-21.485952367999971],[-64.362539369999979,-21.486275233999947],[-64.362343948999978,-21.486597413999959],[-64.362154890999932,-21.48691897599997],[-64.361971918999984,-21.48724040999997],[-64.361795254999947,-21.487561350999954],[-64.361624863999964,-21.487881855999944],[-64.361460718999979,-21.488201980999975],[-64.361302790999957,-21.488521781999964],[-64.361151056999972,-21.488841304999937],[-64.361005494999972,-21.489160595999977],[-64.360866083999952,-21.489479700999937],[-64.360732794999933,-21.489798691999965],[-64.360605620999934,-21.490117579999946],[-64.360484547999988,-21.490436406999947],[-64.36036956199996,-21.490755208999929],[-64.360260646999961,-21.491074024999932],[-64.360157794999964,-21.491392886999961],[-64.360060992999934,-21.491711828999939],[-64.359970231999966,-21.492030882999927],[-64.359869816999947,-21.49240440899996],[-64.359772671999963,-21.492782738999949],[-64.359678851999945,-21.49316564399993],[-64.359588415999951,-21.493552892999958],[-64.359501416999933,-21.493944250999959],[-64.359417907999955,-21.494339485999944],[-64.359337940999978,-21.49473835799995],[-64.359261559999936,-21.495140627999945],[-64.359188816999961,-21.495546037999929],[-64.35911975099998,-21.495954365999978],[-64.35905440099998,-21.496365371999957],[-64.358992806999936,-21.496778814999971],[-64.358935004999978,-21.497194452999963],[-64.358881025999949,-21.497612050999976],[-64.358830901999966,-21.498031371999957],[-64.358784659999969,-21.498452182999927],[-64.358742362999976,-21.498873879999962],[-64.358703988999935,-21.499296601999959],[-64.358669560999942,-21.499720119999949],[-64.358639094999944,-21.500144211999952],[-64.358612609999966,-21.50056865199997],[-64.358590115999959,-21.50099322799997],[-64.358571625999957,-21.501417729999957],[-64.358557148999978,-21.501841946999946],[-64.358546692999937,-21.502265613999953],[-64.358540259999984,-21.502688594999938],[-64.358537854999952,-21.503110690999961],[-64.358539475999976,-21.503531713999962],[-64.358545123999988,-21.503951468999958],[-64.358554795999964,-21.504369783999948],[-64.358568488999936,-21.50478647999995],[-64.358586195999976,-21.505201388999978],[-64.358607696999968,-21.505610627999943],[-64.358633124999983,-21.50601778999993],[-64.358662471999935,-21.506422722999957],[-64.358695723999972,-21.506825278999941],[-64.358732871999962,-21.507225308999978],[-64.358773901999939,-21.507622681999976],[-64.358818799999938,-21.508017261999953],[-64.358867551999936,-21.508408922999934],[-64.358920134999948,-21.508797487999971],[-64.358976539999958,-21.509182888999931],[-64.359036748999984,-21.509565008999971],[-64.359100742999942,-21.509943737999947],[-64.359168505999946,-21.510318961999928],[-64.35924001799998,-21.510690582999928],[-64.35931525999996,-21.511058499999933],[-64.359394212999973,-21.511422619999962],[-64.35947678399998,-21.511782539999956],[-64.35956301899995,-21.512138489999927],[-64.359652897999979,-21.512490382999943],[-64.359746400999938,-21.51283813799995],[-64.359843503999969,-21.513181674999942],[-64.359944187999986,-21.513520921999941],[-64.360048431999985,-21.51385580699997],[-64.360156213999971,-21.514186262999942],[-64.360267504999968,-21.514512195999941],[-64.360382288999972,-21.51483357099994],[-64.360500546999958,-21.515150328999937],[-64.360622257999978,-21.51546241099993],[-64.360747396999955,-21.515769759999955],[-64.360875945999965,-21.516072325999971],[-64.361007882999957,-21.516370058999939],[-64.361143184999946,-21.516662910999969],[-64.361291369999947,-21.51697317199995],[-64.36144382699996,-21.517284733999929],[-64.361600375999956,-21.517597234999982],[-64.361760845999981,-21.517910324999946],[-64.361925046999943,-21.518223641999953],[-64.362092822999955,-21.518536886999982],[-64.362264006999965,-21.518849744999955],[-64.362438435999934,-21.519161919999931],[-64.362615847999962,-21.519472949999965],[-64.362796187999948,-21.519782742999951],[-64.362979304999953,-21.520091039999954],[-64.363165055999957,-21.520397598999978],[-64.363353286999939,-21.520702168999946],[-64.363543872999969,-21.521004547999951],[-64.363736683999946,-21.521304524999948],[-64.363931592999961,-21.521601906999933],[-64.364127781999969,-21.52189547699993],[-64.364325817999941,-21.52218610999995],[-64.364525586999946,-21.522473640999976],[-64.364726981999979,-21.522757917999968],[-64.364929893999943,-21.523038782999947],[-64.365134230999956,-21.523316110999929],[-64.365339897999945,-21.52358977199998],[-64.365546803999962,-21.523859647999927],[-64.365754799999934,-21.524125544999947],[-64.365963864999969,-21.524387436999973],[-64.366173917999959,-21.524645223999983],[-64.366384879999941,-21.524898810999957],[-64.366596674999982,-21.525148102999935],[-64.366809236999984,-21.525393025999961],[-64.367022497999983,-21.52563349899998],[-64.367236394999964,-21.525869449999959],[-64.367447967999965,-21.526097723999953],[-64.367660041999955,-21.526321468999981],[-64.367872561999945,-21.526540628999953],[-64.368085477999955,-21.526755148999939],[-64.368298732999961,-21.526964976999977],[-64.368512282999973,-21.52717006599994],[-64.368726083999945,-21.527370374999975],[-64.368940088999977,-21.527565860999971],[-64.369154232999961,-21.527756461999957],[-64.369368497999972,-21.527942166999935],[-64.369582845999957,-21.528122940999936],[-64.369797239999968,-21.528298752999945],[-64.370011641999952,-21.52846957099996],[-64.370226016999936,-21.528635368999971],[-64.370440334999955,-21.52879612299995],[-64.370654560999981,-21.528951805999952],[-64.370868526999971,-21.529102300999966],[-64.371082341999966,-21.529247690999966],[-64.371295977999978,-21.529387954999947],[-64.371509406999962,-21.529523076999965],[-64.371722602999967,-21.529653036999946],[-64.371935539999981,-21.529777822999961],[-64.372148194999966,-21.529897418999951],[-64.372360542999957,-21.530011811999941],[-64.372572552999941,-21.53012098499994],[-64.372784210999953,-21.530224931999953],[-64.372995498999956,-21.530323642999974],[-64.373206393999965,-21.530417108999927],[-64.373416877999944,-21.530505320999964],[-64.373626930999933,-21.530588269999953],[-64.373836536999988,-21.530665950999946],[-64.37404567599998,-21.530738355999972],[-64.374212026999942,-21.530792359999964],[-64.374380809999934,-21.530844072999969],[-64.374552019999953,-21.530893495999976],[-64.374725651999938,-21.530940625999961],[-64.374901703999967,-21.530985462999979],[-64.375080169999933,-21.531028005999929],[-64.37526104899996,-21.531068252999944],[-64.375444332999962,-21.531106204999958],[-64.375630021999939,-21.531141857999955],[-64.375818106999986,-21.531175213999973],[-64.376008585999955,-21.531206271999963],[-64.376201451999975,-21.531235027999969],[-64.376396700999976,-21.531261484999959],[-64.376594325999974,-21.531285639999965],[-64.376794321999967,-21.531307491999939],[-64.376996683999948,-21.53132704199993],[-64.377201424999953,-21.531344290999982],[-64.37740851999996,-21.531359233999979],[-64.377617960999942,-21.531371873999944],[-64.37782974299995,-21.531382207999968],[-64.378043855999977,-21.531390235999936],[-64.378260293999972,-21.531395957999962],[-64.378479049999953,-21.531399373999932],[-64.378700112999979,-21.53140048299997],[-64.378923481999948,-21.531399286999942],[-64.37914914199996,-21.531395784999972],[-64.379377083999941,-21.531389975999957],[-64.379607297999939,-21.531381859999954],[-64.379839776999972,-21.53137143999993],[-64.380074505999971,-21.531358714999953],[-64.380311477999953,-21.531343683999978],[-64.380550679999942,-21.531326349999972],[-64.380792583999948,-21.531306670999982],[-64.381036700999971,-21.531284681999978],[-64.381283019999955,-21.531260381999971],[-64.381531525999947,-21.531233773999929],[-64.381782205999968,-21.531204858999956],[-64.382035042999973,-21.531173637999927],[-64.38229002099996,-21.531140113999982],[-64.382547123999984,-21.531104288999927],[-64.382806346999985,-21.531066162999934],[-64.38306765699997,-21.531025740999951],[-64.383331037999938,-21.530983025999944],[-64.383596466999961,-21.53093802099994],[-64.383863926999936,-21.530890729999953],[-64.384133390999978,-21.530841155999951],[-64.384404835999987,-21.530789304999928],[-64.384678237999935,-21.530735179999965],[-64.384953741999936,-21.530678751999972],[-64.385231149999981,-21.530620058999943],[-64.385510430999943,-21.530559106999931],[-64.385791552999933,-21.530495903999963],[-64.386074485999984,-21.530430456999966],[-64.386359189999951,-21.530362772999979],[-64.38664562699995,-21.530292863999932],[-64.386933754999973,-21.530220737999969],[-64.38722357499995,-21.530146395999964],[-64.387514993999957,-21.530069859999969],[-64.388102434999951,-21.529910259999951],[-64.38869564099997,-21.529742055999975],[-64.389294073999963,-21.529565401999946],[-64.389705773999935,-21.52943828399998],[-64.390118903999962,-21.529304301999957],[-64.390533298999969,-21.529163509999933],[-64.390948783999988,-21.529015965999974],[-64.391365190999977,-21.528861730999949],[-64.391782331999934,-21.528700872999934],[-64.392200017999983,-21.528533466999932],[-64.392618057999982,-21.528359586999954],[-64.393036321999944,-21.528179286999944],[-64.393454541999972,-21.527992680999944],[-64.393872512999963,-21.527799859999959],[-64.39429002199995,-21.527600922999966],[-64.394706861999964,-21.527395966999961],[-64.39512280799994,-21.527185105999934],[-64.395537634999982,-21.52696844899998],[-64.395951117999971,-21.526746116999959],[-64.396363475999976,-21.526517980999927],[-64.396774022999978,-21.52628440999996],[-64.397182519999944,-21.526045538999938],[-64.397588729999939,-21.525801507999972],[-64.397992417999944,-21.525552458999982],[-64.398393333999934,-21.525298542999963],[-64.398791233999987,-21.525039916999958],[-64.399185873999954,-21.524776737999957],[-64.399577038999951,-21.524509149999972],[-64.399964452999939,-21.524237339999956],[-64.400347871999941,-21.523961479999969],[-64.400727050999933,-21.523681745999966],[-64.401101749999953,-21.523398314999952],[-64.401471726999944,-21.523111369999981],[-64.401836742999933,-21.522821095999973],[-64.40219656499994,-21.52252767899995],[-64.402453495999964,-21.522312945999943],[-64.402710587999934,-21.522092961999931],[-64.402967826999941,-21.52186773699998],[-64.403225197999973,-21.52163728499994],[-64.40348268799994,-21.521401615999935],[-64.403740281999944,-21.521160745999964],[-64.403997963999984,-21.520914688999937],[-64.404255715999966,-21.520663461999959],[-64.404513533999932,-21.520407069999976],[-64.404771388999961,-21.52014553999993],[-64.405029260999981,-21.519878891999952],[-64.405287131999955,-21.519607145999942],[-64.405544984999949,-21.519330319999938],[-64.405802793999953,-21.519048439999949],[-64.406060540999988,-21.51876152899996],[-64.406318198999941,-21.518469612999979],[-64.406575897999971,-21.518172542999935],[-64.406833460999962,-21.517870518999928],[-64.407090858999936,-21.517563571999972],[-64.407348066999987,-21.517251735999935],[-64.407605055999966,-21.516935041999943],[-64.407861792999938,-21.51661353399993],[-64.408118244999969,-21.516287249999948],[-64.408374375999983,-21.515956237999944],[-64.408630184999936,-21.515620497999976],[-64.408885596999937,-21.515280126999983],[-64.409140572999945,-21.514935178999963],[-64.409395065999945,-21.514585714999953],[-64.409649033999983,-21.514231791999975],[-64.409902422999949,-21.513873487999945],[-64.410155178999958,-21.513510878999966],[-64.410407240999973,-21.513144049999937],[-64.410512890999939,-21.512986868999974],[-64.410616405999974,-21.512828175999971],[-64.410717790999968,-21.51266796799996],[-64.410817044999988,-21.512506238999947],[-64.410914172999981,-21.512342986999954],[-64.411009176999983,-21.51217820599993],[-64.411102059999962,-21.512011891999975],[-64.411192822999965,-21.511844039999971],[-64.411281469999949,-21.511674648999929],[-64.411368001999961,-21.511503709999943],[-64.411452424999936,-21.511331217999953],[-64.411534736999954,-21.511157169999933],[-64.41161494399995,-21.510981558999958],[-64.411693046999972,-21.510804379999968],[-64.411769049999975,-21.510625626999968],[-64.411842953999951,-21.510445293999965],[-64.411914754999941,-21.510263392999946],[-64.411984461999964,-21.510079899999937],[-64.412052079999967,-21.509894807999956],[-64.41211760799996,-21.509708111999942],[-64.412181049999958,-21.509519803999979],[-64.412242408999987,-21.50932987799996],[-64.412301687999957,-21.509138324999981],[-64.412358886999982,-21.508945138999934],[-64.412414008999974,-21.508750314999929],[-64.412467056999958,-21.50855384099998],[-64.41251803199998,-21.508355708999943],[-64.412566937999941,-21.508155909999971],[-64.412613776999933,-21.507954435999977],[-64.412658549999946,-21.507751277999944],[-64.412701259999949,-21.50754642499993],[-64.412741908999976,-21.507339867999974],[-64.412780447999978,-21.507131886999957],[-64.412816933999977,-21.50692218699993],[-64.412851369999942,-21.506710754999972],[-64.412883758999953,-21.506497578999927],[-64.412914102999935,-21.506282649999946],[-64.412942401999942,-21.506065953999951],[-64.412968658999944,-21.505847477999964],[-64.412992874999986,-21.505627207999964],[-64.413015050999945,-21.505405137999958],[-64.41303518899997,-21.505181246999939],[-64.413053291999972,-21.504955519999953],[-64.413069358999962,-21.504727940999942],[-64.413083391999976,-21.50449849599994],[-64.413095391999946,-21.504267165999977],[-64.413105359999975,-21.504033933999949],[-64.413113296999938,-21.503798781999933],[-64.413123077999956,-21.503322803999936],[-64.413124743999958,-21.502838911999959],[-64.413118298999962,-21.502346928999941],[-64.413103736999972,-21.501846659999956],[-64.413081054999964,-21.501337923999927],[-64.41305024199994,-21.50082045399995],[-64.413011281999957,-21.500293995999982],[-64.412964153999951,-21.49975825599995],[-64.412920038999971,-21.499317897999958],[-64.412870541999951,-21.49887106999995],[-64.412815641999941,-21.498417569999958],[-64.412755308999976,-21.497957166999981],[-64.412689518999969,-21.497489654999981],[-64.41261822599995,-21.497014710999963],[-64.412541381999972,-21.496532030999958],[-64.412458934999961,-21.496041260999959],[-64.412370945999953,-21.49554272499995],[-64.412277223999979,-21.495035286999951],[-64.412177676999988,-21.494518453999945],[-64.412072191999982,-21.493991634999929],[-64.411960673999943,-21.493454340999961],[-64.411842922999938,-21.492905606999955],[-64.411718746999952,-21.492344537999941],[-64.411587893999979,-21.49176998799993],[-64.411476983999933,-21.491294588999949],[-64.411361304999957,-21.490808630999936],[-64.411240618999955,-21.490311112999962],[-64.411114608999981,-21.489800725999942],[-64.410845331999951,-21.488736124999946],[-64.410548388999985,-21.487594705999982],[-64.410280843999942,-21.486588021999978],[-64.409978163999938,-21.48546672699996],[-64.40895863999998,-21.481743367999968],[-64.408584864999966,-21.480366963999927],[-64.408221952999952,-21.479006157999947],[-64.408058728999947,-21.478382455999963],[-64.407905040999935,-21.477786599999945],[-64.407738212999959,-21.477128461999939],[-64.407581192999942,-21.476496144999942],[-64.407433047999973,-21.475885877999929],[-64.407293157999959,-21.475295106999965],[-64.40716086599997,-21.47472103299998],[-64.407035958999984,-21.47416270399998],[-64.406918122999969,-21.473618711999961],[-64.406807123999954,-21.473087971999973],[-64.406690074999972,-21.472505052999963],[-64.40658121599995,-21.471936604999939],[-64.406480358999943,-21.471381648999966],[-64.40638735999994,-21.470839399999932],[-64.406302079999932,-21.470309017999966],[-64.406224444999964,-21.469790042999932],[-64.406154373999982,-21.469281936999948],[-64.40609180499996,-21.46878424199997],[-64.406036627999981,-21.468295977999958],[-64.405988874999935,-21.467817368999931],[-64.405948515999967,-21.467348079999965],[-64.405915522999976,-21.466887818999965],[-64.405889877999982,-21.46643628299995],[-64.405871568999942,-21.465993267999977],[-64.40586058699995,-21.465558551999948],[-64.405856926999945,-21.465131938999946],[-64.405858013999932,-21.464902873999961],[-64.405861271999981,-21.464676131999965],[-64.405866703999948,-21.464451685999961],[-64.405874308999955,-21.464229509999939],[-64.405884088999983,-21.464009579999981],[-64.405896043999974,-21.463791872999934],[-64.405910174999974,-21.463576367999963],[-64.405926485999942,-21.463363042999958],[-64.405944975999944,-21.463151868999944],[-64.405965647999949,-21.462942836999957],[-64.405988502999946,-21.462735927999972],[-64.406013542999972,-21.462531122999962],[-64.406040770999937,-21.462328404999937],[-64.406070187999944,-21.462127757999951],[-64.406101796999963,-21.461929167999983],[-64.40613560099996,-21.461732617999928],[-64.406171610999934,-21.461538044999941],[-64.406209819999958,-21.461345485999971],[-64.40625023299998,-21.461154926999939],[-64.406292851999979,-21.460966353999936],[-64.406337679999979,-21.46077975299994],[-64.406384718999959,-21.460595116999968],[-64.406433972999935,-21.460412428999973],[-64.406485444999987,-21.460231680999982],[-64.406539136999982,-21.460052856999937],[-64.406595054999968,-21.459875951999948],[-64.406653198999948,-21.45970095499996],[-64.40671357399998,-21.459527855999966],[-64.406776180999941,-21.459356645999947],[-64.406841026999984,-21.459187315999941],[-64.40690811199994,-21.45901985699993],[-64.406977439999935,-21.458854260999942],[-64.40704909599998,-21.458690340999965],[-64.407123006999939,-21.458528269999931],[-64.407199176999939,-21.45836804299995],[-64.407277608999948,-21.458209652999983],[-64.407358307999971,-21.458053089999964],[-64.407441275999986,-21.457898349999937],[-64.407526515999962,-21.457745424999928],[-64.407614033999948,-21.457594308999944],[-64.407703832999971,-21.457444993999957],[-64.407795914999951,-21.457297474999962],[-64.407890284999951,-21.457151745999965],[-64.407986945999937,-21.457007802999954],[-64.408085901999982,-21.456865638999943],[-64.408187156999986,-21.456725250999966],[-64.408290713999975,-21.456586629999947],[-64.408396576999962,-21.456449773999964],[-64.408504757999935,-21.456314666999958],[-64.408615252999937,-21.456181314999981],[-64.408728064999934,-21.45604971299997],[-64.408843198999932,-21.455919857999959],[-64.408960657999955,-21.455791743999953],[-64.409080444999972,-21.455665367999927],[-64.409202565999976,-21.455540725999981],[-64.409327021999957,-21.455417813999929],[-64.409453818999964,-21.455296625999949],[-64.409582960999956,-21.455177162999973],[-64.409714448999978,-21.455059417999962],[-64.409848289999957,-21.454943387999947],[-64.409984484999939,-21.454829071999939],[-64.410123039999974,-21.454716463999944],[-64.410263956999984,-21.454605561999927],[-64.410407240999973,-21.454496363999965],[-64.411047034999967,-21.454017663999934],[-64.411550027999965,-21.453644663999967],[-64.412014462999934,-21.453304516999935],[-64.412449047999985,-21.452990992999958],[-64.412875330999952,-21.452688762999969],[-64.413285746999975,-21.452403425999933],[-64.413683869999943,-21.452132495999933],[-64.414071690999947,-21.451874624999959],[-64.41446168799996,-21.451621785999976],[-64.41484361199997,-21.451380907999976],[-64.415218405999951,-21.451151395999943],[-64.415586719999965,-21.450932850999948],[-64.415949288999968,-21.450724845999957],[-64.416306347999978,-21.450527247999958],[-64.416658260999952,-21.45033985699996],[-64.417005303999986,-21.450162524999939],[-64.417181588999938,-21.45007538699997],[-64.417356683999969,-21.449990851999928],[-64.417530613999986,-21.449908906999951],[-64.417703401999972,-21.449829540999929],[-64.417875072999948,-21.449752742999976],[-64.41804564499995,-21.449678505999941],[-64.418215135999958,-21.449606820999975],[-64.418383562999963,-21.449537680999981],[-64.418550956999979,-21.449471073999973],[-64.418717317999949,-21.449406998999962],[-64.418882657999973,-21.449345452999978],[-64.419046990999959,-21.449286429999972],[-64.419210330999988,-21.449229924999941],[-64.419372684999985,-21.449175935999961],[-64.419534064999937,-21.449124458999961],[-64.419694479999976,-21.449075489999927],[-64.419854003999944,-21.449029007999968],[-64.420012579999934,-21.448985032999929],[-64.420170215999974,-21.448943559999975],[-64.420326918999933,-21.448904589999927],[-64.420482696999954,-21.44886811899994],[-64.420637553999939,-21.448834144999978],[-64.420791498999961,-21.448802669999964],[-64.420944535999979,-21.44877368899995],[-64.421096673999955,-21.448747203999972],[-64.42124791699996,-21.448723211999948],[-64.421398265999983,-21.448701711999945],[-64.421547726999961,-21.448682705999943],[-64.421696305999944,-21.448666191999962],[-64.421844004999969,-21.448652167999967],[-64.421990826999945,-21.448640635999936],[-64.422136777999981,-21.448631595999927],[-64.42234971299996,-21.448621892999938],[-64.422566175999975,-21.448615406999977],[-64.422785901999987,-21.448612146999949],[-64.423008610999943,-21.448612115999936],[-64.423234023999953,-21.448615314999927],[-64.423461831999987,-21.448621739999965],[-64.423691728999984,-21.448631380999927],[-64.423923399999978,-21.448644225999942],[-64.424156570999969,-21.44866026099993],[-64.424390865999953,-21.448679460999927],[-64.424625952999975,-21.448701797999945],[-64.424861496999938,-21.448727240999972],[-64.42509715999995,-21.448755752999944],[-64.425332605999984,-21.448787292999953],[-64.425567498999953,-21.448821817999942],[-64.425801504999981,-21.448859275999951],[-64.42603392999996,-21.448899550999954],[-64.426264820999961,-21.448942642999953],[-64.426493856999969,-21.448988491999955],[-64.426720732999968,-21.449037036999982],[-64.426945134999983,-21.449088210999946],[-64.427166782999961,-21.449141947999976],[-64.427385391999962,-21.449198181999975],[-64.427600693999977,-21.449256842999944],[-64.42781232599998,-21.449317826999959],[-64.428020142999969,-21.449381093999932],[-64.428223909999986,-21.449446569999964],[-64.428423400999975,-21.449514181999973],[-64.428618393999955,-21.449583854999958],[-64.428808697999955,-21.449655520999954],[-64.428994125999964,-21.449729108999975],[-64.429174500999977,-21.449804548999964],[-64.429313578999938,-21.449866543999974],[-64.429450488999976,-21.449932158999957],[-64.429585245999988,-21.450001402999931],[-64.429717868999944,-21.450074284999971],[-64.429848374999949,-21.450150813999983],[-64.429976781999983,-21.450230999999974],[-64.430103108999958,-21.450314857999956],[-64.430227376999937,-21.450402396999948],[-64.430349590999981,-21.450493623999932],[-64.430469784999957,-21.45058856199995],[-64.430587980999974,-21.450687226999946],[-64.430704197999944,-21.450789637999947],[-64.430818457999976,-21.450895810999953],[-64.430930784999987,-21.451005769999938],[-64.431041199999981,-21.451119535999965],[-64.431149730999948,-21.451237135999975],[-64.431256239999982,-21.451358409999955],[-64.431360919999975,-21.451483560999975],[-64.431463795999946,-21.451612620999981],[-64.431564894999951,-21.451745624999944],[-64.431664244999979,-21.45188260499998],[-64.431761876999985,-21.452023607999934],[-64.431857821999984,-21.452168675999928],[-64.431952111999976,-21.452317859999937],[-64.432044748999942,-21.452471156999934],[-64.432135800999959,-21.452628678999929],[-64.432225306999953,-21.452790489999927],[-64.432313305999969,-21.452956660999973],[-64.432399833999966,-21.453127260999963],[-64.432484939999938,-21.453302384999972],[-64.432568671999945,-21.45348213099993],[-64.432651078999982,-21.453666606999946],[-64.432781647999946,-21.453975172999947],[-64.432909147999965,-21.454297013999962],[-64.433033853999973,-21.454632827999944],[-64.43315611099996,-21.45498353399995],[-64.433276144999979,-21.455349738999928],[-64.433394600999975,-21.455733367999983],[-64.433512031999953,-21.456136208999965],[-64.433629232999976,-21.456560981999928],[-64.433726100999934,-21.456929105999961],[-64.433824290999951,-21.457317549999971],[-64.433924811999987,-21.457730283999979],[-64.434029553999949,-21.458175056999949],[-64.434222640999963,-21.459026559999927],[-64.43457202999997,-21.460613280999951],[-64.434712725999987,-21.461243650999961],[-64.434860121999975,-21.461885449999954],[-64.434997252999949,-21.462459486999933],[-64.435077135999961,-21.462782023999978],[-64.435155946999942,-21.463091068999972],[-64.435234183999967,-21.463388570999939],[-64.435312186999965,-21.463675817999956],[-64.435390342999938,-21.463954223999963],[-64.43546878099994,-21.464224229999957],[-64.435547700999962,-21.464486516999955],[-64.435627257999954,-21.464741606999951],[-64.435722881999936,-21.465036181999949],[-64.435819806999973,-21.465321831999972],[-64.435918209999954,-21.465599080999937],[-64.436018236999985,-21.465868342999954],[-64.436120054999947,-21.466130054999951],[-64.436223752999979,-21.466384442999981],[-64.436329438999962,-21.466631775999929],[-64.436437210999941,-21.466872276999936],[-64.436547297999937,-21.467106438999963],[-64.436659646999942,-21.467334125999969],[-64.436774333999949,-21.467555492999963],[-64.436891428999957,-21.467770671999972],[-64.437011005999977,-21.467979802999935],[-64.437133118999952,-21.468182972999955],[-64.437257823999971,-21.468380279999963],[-64.437385176999953,-21.468571807999979],[-64.437523717999966,-21.468772809999962],[-64.437665588999948,-21.468974497999966],[-64.437810857999978,-21.469176969999978],[-64.437959605999936,-21.469380335999972],[-64.438111900999957,-21.46958469499998],[-64.438267855999982,-21.469790195999963],[-64.43842757799996,-21.469996979999962],[-64.438591191999933,-21.470205208999971],[-64.438758580999945,-21.470414743999982],[-64.43893014799994,-21.470626092999964],[-64.439106066999955,-21.470839473999945],[-64.439286552999988,-21.471055146999959],[-64.439471781999941,-21.471273323999981],[-64.439662106999947,-21.471494418999953],[-64.440059447999943,-21.471947000999933],[-64.440395412999976,-21.472321388999944],[-64.44075042299994,-21.472710032999942],[-64.441128163999963,-21.473116976999961],[-64.44153597199994,-21.473550127999943],[-64.441895986999953,-21.473928331999957],[-64.442298858999948,-21.47434812299997],[-64.443648594999956,-21.47574396999994],[-64.444152023999948,-21.476266909999936],[-64.444648296999958,-21.476787297999977],[-64.445092492999947,-21.477259201999971],[-64.445555378999984,-21.477759246999938],[-64.445984888999988,-21.478232841999954],[-64.446388122999963,-21.478687817999969],[-64.446768805999966,-21.47912839199995],[-64.447225174999971,-21.479665371999943],[-64.447680792999961,-21.480204825999976],[-64.448135669999942,-21.480746763999946],[-64.448589812999955,-21.481291195999972],[-64.449043230999962,-21.48183813299994],[-64.44949593299998,-21.482387584999969],[-64.449947927999972,-21.482939562999945],[-64.450399222999977,-21.483494077999978],[-64.450849827999946,-21.484051136999938],[-64.451299751999954,-21.484610755999938],[-64.451749003999964,-21.485172945999977],[-64.452197596999952,-21.485737719999975],[-64.452645536999967,-21.486305087999938],[-64.453092835999939,-21.486875063999946],[-64.453539501999956,-21.48744765999993],[-64.453985547999935,-21.488022890999957],[-64.454430959999968,-21.488600737999946],[-64.454875770999934,-21.48918124599993],[-64.455319991999943,-21.489764427999944],[-64.455763633999936,-21.490350299999932],[-64.456206708999957,-21.490938874999927],[-64.456649227999947,-21.49153016899993],[-64.457091199999979,-21.492124195999963],[-64.457532640999943,-21.492720973999951],[-64.457973556999946,-21.493320513999947],[-64.458413962999941,-21.493922835999967],[-64.458853873999942,-21.494527957999935],[-64.459293300999946,-21.495135897999944],[-64.459732254999949,-21.495746671999939],[-64.460170753999932,-21.496360300999982],[-64.460608806999971,-21.49697680099996],[-64.461046430999943,-21.497596193999982],[-64.461483335999958,-21.498218066999982],[-64.461919838999961,-21.498842869999976],[-64.462355955999953,-21.499470620999944],[-64.462791700999958,-21.500101341999937],[-64.46322708799994,-21.50073505599994],[-64.463662133999946,-21.501371783999957],[-64.46409685499998,-21.502011551999942],[-64.464531265999938,-21.502654381999946],[-64.464965379999967,-21.50330029099996],[-64.465399218999949,-21.503949312999964],[-64.46626613899997,-21.505256799999927],[-64.467132171999936,-21.506577059999927],[-64.467997469999943,-21.507910325999944],[-64.468862066999975,-21.509256645999983],[-64.469726256999934,-21.510616477999974],[-64.470590215999948,-21.511990096999966],[-64.471454130999973,-21.513377803999958],[-64.47231818299997,-21.51477988299996],[-64.473182598999983,-21.516196709999974],[-64.474047600999938,-21.517628643999956],[-64.474913427999979,-21.519076084999938],[-64.475754957999982,-21.520496417999937],[-64.476597750999986,-21.521932178999975],[-64.477442067999959,-21.523383812999953],[-64.478288194999948,-21.524851811999952],[-64.479136395999944,-21.526336630999936],[-64.479987037999933,-21.52783891699994],[-64.480840469999976,-21.529359284999941],[-64.481697082999972,-21.530898429999979],[-64.482556734999946,-21.532456084999978],[-64.483420434999971,-21.534034067999983],[-64.48428867299998,-21.535633275999942],[-64.485162010999943,-21.53725474099997],[-64.486040936999984,-21.538899371999946],[-64.486926246999985,-21.540568651999934],[-64.487818679999975,-21.542263977999937],[-64.488719108999987,-21.543987007999931],[-64.48960539899997,-21.545694921999939],[-64.490501231999986,-21.547432896999965],[-64.491407752999976,-21.54920315399994],[-64.49232636499994,-21.55100843799994],[-64.493258152999942,-21.55285086799995],[-64.494205541999975,-21.554735238999967],[-64.495170752999968,-21.556665962999944],[-64.496156733999953,-21.558648939999955],[-64.49714703799998,-21.560650791999933],[-64.498165133999976,-21.562718663999931],[-64.499216420999971,-21.564863524999964],[-64.500309389999984,-21.567102695999949],[-64.501440951999939,-21.569429690999982],[-64.502643127999988,-21.571910214999946],[-64.503940988999943,-21.574595952999971],[-64.505416491999938,-21.577656503999947],[-64.506703164999976,-21.580317413999978],[-64.509321864999947,-21.585706162999941],[-64.510432411999943,-21.587998282999934],[-64.511033338999937,-21.589244089999966],[-64.511592796999935,-21.590408719999971],[-64.512121753999963,-21.591515009999966],[-64.512625723999975,-21.592574494999951],[-64.513206306999962,-21.593802663999952],[-64.513761572999954,-21.594986001999928],[-64.514295199999935,-21.59613234699998],[-64.514809604999982,-21.597246894999955],[-64.515307432999975,-21.598335392999957],[-64.515789499999983,-21.599399647999974],[-64.516257075999988,-21.600442463999968],[-64.516711125999961,-21.601465990999941],[-64.517194992999976,-21.602569630999938],[-64.517664468999953,-21.603654352999968],[-64.518120332999956,-21.604721957999971],[-64.518563204999964,-21.605773900999964],[-64.518993744999932,-21.606811749999963],[-64.519412302999967,-21.60783635699994],[-64.519819293999944,-21.60884873699996],[-64.520215061999977,-21.609849747999931],[-64.520600353999953,-21.610841305999941],[-64.520974981999984,-21.611822957999948],[-64.52133919399995,-21.612795349999942],[-64.52169319799998,-21.613759045999927],[-64.522037214999955,-21.614714637999953],[-64.522371385999975,-21.615662529999952],[-64.522695867999971,-21.616603162999979],[-64.523010796999984,-21.617536929999972],[-64.523137797999937,-21.617922154999974],[-64.523262851999959,-21.61831017999998],[-64.523385972999961,-21.618701047999934],[-64.523507175999953,-21.619094804999975],[-64.523626474999958,-21.619491495999966],[-64.523743885999977,-21.619891174999964],[-64.523859423999966,-21.620293892999939],[-64.523973105999971,-21.620699707999961],[-64.524084936999941,-21.621108638999942],[-64.524194944999977,-21.621520784999973],[-64.524303147999944,-21.62193621199998],[-64.52440956199996,-21.622354987999927],[-64.524514205999935,-21.622777180999947],[-64.524617098999954,-21.623202870999933],[-64.524718261999965,-21.623632139999927],[-64.524817712999948,-21.624065074999976],[-64.524915334999946,-21.624501132999967],[-64.525011294999956,-21.624941032999971],[-64.525105613999983,-21.625384879999956],[-64.525198315999944,-21.625832782999964],[-64.525289423999936,-21.626284847999955],[-64.52537896399997,-21.626741214999981],[-64.525466962999985,-21.627202014999966],[-64.525553450999951,-21.627667397999971],[-64.525638424999954,-21.628137352999943],[-64.525721945999976,-21.628612213999929],[-64.525804048999987,-21.629092161999949],[-64.525884765999933,-21.629577397999981],[-64.525964129999977,-21.630068108999978],[-64.526042181999969,-21.63056456299995],[-64.526118964999966,-21.631067016999964],[-64.526194522999958,-21.631575762999944],[-64.526314193999951,-21.632412300999931],[-64.526431007999975,-21.633267664999948],[-64.526545207999959,-21.634143639999934],[-64.526657099999966,-21.635042560999977],[-64.526766878999979,-21.635965928999951],[-64.52687513099994,-21.636918564999974],[-64.526982351999948,-21.637904846999959],[-64.527089265999962,-21.638931408999952],[-64.527176628999939,-21.639802121999935],[-64.527265108999984,-21.640712438999969],[-64.527355609999972,-21.641671612999971],[-64.527449843999932,-21.642697775999977],[-64.527621223999972,-21.644621747999963],[-64.528036972999985,-21.649387644999933],[-64.528156302999946,-21.650717479999969],[-64.528266782999935,-21.651913675999936],[-64.528391564999936,-21.653216239999949],[-64.528513574999977,-21.654435042999978],[-64.52863498399995,-21.655591754999932],[-64.528756984999973,-21.656697678999933],[-64.528828721999957,-21.657322090999969],[-64.528901130999941,-21.657933511999943],[-64.528974347999963,-21.658533055999953],[-64.529048476999947,-21.659121610999932],[-64.529123642999934,-21.659700133999934],[-64.529199912999957,-21.660269133999975],[-64.529277367999953,-21.660829222999951],[-64.529356077999978,-21.66138091199997],[-64.529436211999951,-21.661925345999975],[-64.529517733999967,-21.662462241999947],[-64.529600699999946,-21.662991979999958],[-64.529685161999964,-21.663514889999931],[-64.529771176999986,-21.664031317999957],[-64.529858782999952,-21.66454149599997],[-64.529948024999953,-21.665045678999945],[-64.530038941999976,-21.665544093999927],[-64.530144523999979,-21.666104701999927],[-64.530252380999968,-21.666658392999977],[-64.530362563999972,-21.667205430999957],[-64.530475118999959,-21.667746051999927],[-64.530590100999973,-21.668280501999959],[-64.530707543999938,-21.668808954999975],[-64.530827492999947,-21.669331598999975],[-64.530949985999939,-21.669848607999938],[-64.531075095999938,-21.670360279999954],[-64.53120282499998,-21.670866621999949],[-64.531333209999957,-21.671367774999965],[-64.531466284999965,-21.671863868999935],[-64.531602084999975,-21.672355033999963],[-64.531740637999974,-21.672841375999951],[-64.531881974999976,-21.673323001999961],[-64.532026127999984,-21.673800009999979],[-64.532173298999965,-21.674273059999962],[-64.532323346999988,-21.674741665999932],[-64.532476298999939,-21.675205915999982],[-64.532632183999965,-21.675665887999969],[-64.532791025999984,-21.676121664999982],[-64.532952849999958,-21.676573312999949],[-64.533117680999965,-21.677020900999935],[-64.533285540999941,-21.677464491999956],[-64.533456468999987,-21.677904182999953],[-64.533630473999949,-21.678339997999956],[-64.533807577999937,-21.678771990999962],[-64.533987801999956,-21.679200216999959],[-64.534171169999979,-21.679624727999965],[-64.534357701999966,-21.680045570999937],[-64.534547416999942,-21.680462789999979],[-64.534740333999935,-21.680876430999945],[-64.534902394999961,-21.681215771999973],[-64.535068035999984,-21.681555206999974],[-64.53523727299995,-21.681894769999928],[-64.535410124999942,-21.682234495999978],[-64.535586608999949,-21.682574417999945],[-64.535766742999954,-21.682914575999973],[-64.535950551999974,-21.683255007999946],[-64.536138053999935,-21.683595755999931],[-64.536329259999945,-21.683936836999976],[-64.536524206999957,-21.68427831899993],[-64.536722922999957,-21.684620246999941],[-64.536925433999954,-21.684962670999937],[-64.537131767999938,-21.685305636999942],[-64.537341958999946,-21.685649199999943],[-64.537556038999981,-21.685993412999949],[-64.537774044999935,-21.686338336999938],[-64.53799577999996,-21.686683666999954],[-64.53822151199995,-21.687029829999972],[-64.538451281999983,-21.68737688799996],[-64.538685136999959,-21.687724911999965],[-64.538923121999971,-21.688073969999948],[-64.539165293999986,-21.688424144999942],[-64.539411709999968,-21.688775519999979],[-64.539662431999943,-21.68912818299998],[-64.539917463999984,-21.689482141999974],[-64.540176936999956,-21.68983757999996],[-64.540440926999963,-21.690194600999973],[-64.540709517999971,-21.690553316999967],[-64.540982785999972,-21.690913834999947],[-64.541260844999954,-21.691276297999934],[-64.541543795999985,-21.691640843999949],[-64.541831757999944,-21.692007624999974],[-64.542103597999983,-21.692350157999954],[-64.54237997599995,-21.692694898999946],[-64.542661012999986,-21.693041993999941],[-64.542946843999971,-21.693391614999939],[-64.543237593999947,-21.693743910999956],[-64.543533449999984,-21.694099110999957],[-64.543834587999982,-21.694457424999939],[-64.544141212999932,-21.694819098999972],[-64.544453177999969,-21.695183965999945],[-64.544771095999977,-21.695552744999929],[-64.545425957999953,-21.696303393999983],[-64.546108432999972,-21.697074069999928],[-64.546822420999945,-21.697869178999952],[-64.547480553999947,-21.698593273999961],[-64.548172119999947,-21.699346284999933],[-64.548903756999948,-21.700135442999965],[-64.549688163999974,-21.700974452999958],[-64.550419419999969,-21.701751353999953],[-64.551233869999976,-21.70261215599993],[-64.554198380999935,-21.705729857999927],[-64.555405471999961,-21.707004175999941],[-64.556050373999938,-21.707688883999936],[-64.556651380999938,-21.708330332999935],[-64.557219964999945,-21.708940772999938],[-64.557761953999943,-21.709526461999928],[-64.558402635999983,-21.710224327999981],[-64.559015006999971,-21.710897759999966],[-64.559603255999946,-21.711551367999959],[-64.560170120999942,-21.712188192999974],[-64.560718600999962,-21.712811621999947],[-64.561249607999969,-21.713422703999981],[-64.561764574999984,-21.714023088999966],[-64.562264586999959,-21.714614042999983],[-64.562569420999978,-21.714978494999968],[-64.562868991999949,-21.715339939999978],[-64.563163480999947,-21.715698592999956],[-64.563453040999946,-21.716054643999939],[-64.563737836999962,-21.716408293999962],[-64.56401797999996,-21.716759679999939],[-64.564293587999941,-21.717108954999958],[-64.564564769999947,-21.717456251999977],[-64.564831723999987,-21.71780182699996],[-64.565094438999949,-21.718145670999945],[-64.565353004999963,-21.718487896999932],[-64.565607494999938,-21.718828606999978],[-64.565857989999984,-21.719167907999974],[-64.566104551999956,-21.719505879999929],[-64.56634724099996,-21.719842609999944],[-64.566586115999939,-21.720178177999969],[-64.566821575999938,-21.720513154999935],[-64.567053315999942,-21.72084711399998],[-64.567281380999987,-21.721180124999933],[-64.567505816999983,-21.721512249999932],[-64.567726667999978,-21.721843555999953],[-64.567943969999988,-21.722174095999947],[-64.568157758999973,-21.722503926999934],[-64.568368067999984,-21.722833098999956],[-64.568574951999949,-21.723161695999977],[-64.568778416999976,-21.723489733999941],[-64.568978493999964,-21.72381725799994],[-64.56917520899998,-21.724144313999943],[-64.569368589999954,-21.72447094499995],[-64.569558657999949,-21.724797189999947],[-64.569745435999948,-21.72512308599994],[-64.569928945999948,-21.72544867199997],[-64.570421013999976,-21.726331884999979],[-64.570900952999978,-21.727199085999928],[-64.571369697999955,-21.728051968999978],[-64.571827971999937,-21.728891844999964],[-64.572276552999938,-21.729720146999966],[-64.572715812999945,-21.730537561999938],[-64.573146214999952,-21.731344952999962],[-64.573568137999985,-21.732143028999928],[-64.573982486999967,-21.732933516999935],[-64.574388967999937,-21.733715870999958],[-64.574787846999982,-21.734490599999958],[-64.575179347999949,-21.735258141999964],[-64.575563706999958,-21.736018960999957],[-64.575941073999957,-21.736773350999954],[-64.576311612999973,-21.737521640999944],[-64.576675466999973,-21.738264122999965],[-64.577034184999945,-21.739003998999976],[-64.577386415999968,-21.739738538999973],[-64.57773227399997,-21.740467972999966],[-64.578071856999941,-21.741192507999983],[-64.578405263999969,-21.741912359999958],[-64.578732568999953,-21.742627683999956],[-64.579053845999965,-21.743338644999938],[-64.579369163999957,-21.744045395999933],[-64.579678643999955,-21.744748210999944],[-64.579982285999961,-21.745447086999945],[-64.580280140999946,-21.746142152999937],[-64.580572262999965,-21.746833520999928],[-64.580858697999986,-21.747521309999968],[-64.581139485999984,-21.748205611999936],[-64.581414665999944,-21.748886523999943],[-64.581684274999986,-21.749564132999978],[-64.581950506999988,-21.750244093999981],[-64.582211141999949,-21.750920866999934],[-64.582466208999961,-21.751594529999977],[-64.582715734999965,-21.752265153999929],[-64.582959747999951,-21.752932814999951],[-64.583198270999958,-21.753597573999969],[-64.583431324999935,-21.754259490999971],[-64.583658931999935,-21.754918625999949],[-64.58388112199998,-21.755575072999932],[-64.58409790099995,-21.756228846999932],[-64.58430928599995,-21.756879997999931],[-64.584515293999971,-21.75752857599997],[-64.584715937999988,-21.758174628999939],[-64.584911231999968,-21.758818197999972],[-64.585101187999953,-21.759459325999956],[-64.585285818999978,-21.760098051999933],[-64.585465185999965,-21.760734597999942],[-64.585639246999961,-21.761368815999958],[-64.585808009999937,-21.762000740999952],[-64.585971484999959,-21.76263040799995],[-64.586129679999942,-21.763257849999945],[-64.586282602999972,-21.763883094999983],[-64.586430260999975,-21.764506175999941],[-64.586572660999934,-21.765127117999953],[-64.586709811999981,-21.765745964999951],[-64.58684171699997,-21.766362727999933],[-64.586968379999973,-21.766977432999965],[-64.587089807999973,-21.767590103999964],[-64.587206005999974,-21.76820076599995],[-64.587316975999954,-21.768809439999927],[-64.587422723999964,-21.769416148999937],[-64.587523251999983,-21.770020912999939],[-64.587695287999964,-21.771097441999927],[-64.587855299999944,-21.772131591999937],[-64.58800453799995,-21.773131433999936],[-64.588143741999943,-21.774101944999927],[-64.588273699999945,-21.775048709999965],[-64.588394579999942,-21.775973078999982],[-64.588506705999976,-21.77687752199995],[-64.588610303999985,-21.777763858999947],[-64.588705991999973,-21.778637781999976],[-64.588793396999961,-21.779496303999963],[-64.588872632999937,-21.78034054699998],[-64.588943782999934,-21.781171408999967],[-64.589006929999982,-21.781989860999943],[-64.589062109999986,-21.782796406999978],[-64.589109364999956,-21.783591656999931],[-64.589148721999948,-21.784376123999948],[-64.589180472999942,-21.785157645999959],[-64.589204216999974,-21.785929064999948],[-64.589219965999973,-21.786690761999978],[-64.589227724999944,-21.787443063999945],[-64.589227499999936,-21.788186318999976],[-64.589219288999971,-21.788920747999953],[-64.589203087999977,-21.789646599999969],[-64.589178892999939,-21.790364093999983],[-64.589163789999986,-21.790719885999977],[-64.589146684999946,-21.791073659999938],[-64.589127575999953,-21.791425440999944],[-64.589106462999951,-21.791775249999944],[-64.58908334299997,-21.792123107999942],[-64.589058215999955,-21.792469032999975],[-64.589031079999984,-21.792813044999946],[-64.589001934999942,-21.793155161999948],[-64.58897077599994,-21.793495409999935],[-64.588937603999966,-21.793833796999934],[-64.588902417999975,-21.794170337999958],[-64.588865215999988,-21.794505050999931],[-64.588825994999979,-21.794837948999941],[-64.58878475399996,-21.795169045999955],[-64.588741490999951,-21.795498357999975],[-64.588696204999962,-21.795825893999961],[-64.588645733999954,-21.796172375999959],[-64.588592129999938,-21.796521752999979],[-64.588535374999935,-21.796874142999968],[-64.58847544799994,-21.797229675999972],[-64.588412330999972,-21.797588469999937],[-64.588345990999983,-21.797950696999976],[-64.588276398999938,-21.798316520999947],[-64.588203521999958,-21.79868612599995],[-64.588127377999967,-21.799059420999981],[-64.588047868999979,-21.799436912999965],[-64.587964942999974,-21.799818840999933],[-64.587878539999963,-21.800205484999935],[-64.587788605999947,-21.800597085999982],[-64.587695047999944,-21.800994055999979],[-64.587597775999939,-21.801396777999969],[-64.587496675999944,-21.801805713999954],[-64.587290622999944,-21.802613054999938],[-64.587068665999936,-21.803450173999977],[-64.586829204999958,-21.804323121999971],[-64.586569344999987,-21.805242464999935],[-64.586295426999982,-21.806187157999943],[-64.585990333999973,-21.807217431999959],[-64.585648246999938,-21.808353817999944],[-64.585177343999987,-21.809901338999964],[-64.584791792999965,-21.811151822999932],[-64.584405149999952,-21.812378647999935],[-64.584211266999944,-21.812983667999958],[-64.584016946999952,-21.813583292999965],[-64.583822141999974,-21.814177669999935],[-64.583626808999952,-21.814766929999962],[-64.583430865999958,-21.815351315999976],[-64.58323431499997,-21.815930823999963],[-64.583037118999982,-21.81650555899995],[-64.582839243999956,-21.817075618999979],[-64.582640654999977,-21.817641107999975],[-64.582441324999934,-21.81820210099994],[-64.582241225999951,-21.818758679999974],[-64.582040329999984,-21.819310918999975],[-64.581838435999941,-21.819859361999931],[-64.581635694999932,-21.820403595999949],[-64.581432080999946,-21.820943682999939],[-64.581227572999978,-21.821479680999971],[-64.581022148999978,-21.822011649999979],[-64.580815789999974,-21.822539638999956],[-64.580608475999952,-21.823063695999963],[-64.580400189999978,-21.823583866999968],[-64.580190899999934,-21.824100226999974],[-64.579980602999967,-21.824612786999978],[-64.579769281999972,-21.825121585999966],[-64.579556921999938,-21.82562666299998],[-64.579343506999976,-21.82612805499997],[-64.57912902299995,-21.826625791999959],[-64.578913456999942,-21.827119907999929],[-64.578696793999939,-21.827610432999961],[-64.578478445999963,-21.828098678999936],[-64.578258969999979,-21.828583371999969],[-64.578038354999933,-21.829064537999955],[-64.577816589999941,-21.82954220299996],[-64.57759366199997,-21.830016391999948],[-64.577369561999944,-21.830487126999969],[-64.577144277999935,-21.830954429999963],[-64.576917799999933,-21.831418321999934],[-64.576690114999963,-21.831878832999962],[-64.576461215999984,-21.832335971999953],[-64.576231094999969,-21.832789757999933],[-64.575999743999944,-21.83324020699996],[-64.575767152999958,-21.833687337999947],[-64.575533312999937,-21.834131165999963],[-64.575298215999965,-21.834571706999952],[-64.575061855999934,-21.835008973999948],[-64.574824193999973,-21.835443039999973],[-64.574585251999963,-21.835873858999946],[-64.574345021999932,-21.836301446999983],[-64.574103497999943,-21.836725813999976],[-64.573860672999956,-21.83714697399995],[-64.573616540999978,-21.837564937999957],[-64.573371093999981,-21.837979716999939],[-64.57312432599997,-21.83839132199995],[-64.572876228999974,-21.838799767999944],[-64.572626797999988,-21.839205058999937],[-64.57237602899994,-21.839607205999982],[-64.572123913999974,-21.840006217999928],[-64.57187044899996,-21.840402103999963],[-64.57161562999994,-21.840794872999936],[-64.571359447999953,-21.841184531999943],[-64.571101899999974,-21.841571088999956],[-64.570929656999965,-21.841823684999952],[-64.570751508999933,-21.842076692999967],[-64.570567376999975,-21.84233022799998],[-64.570377167999936,-21.842584418999934],[-64.570180795999988,-21.842839377999951],[-64.569978129999981,-21.843095279999943],[-64.569769039999983,-21.84335228499998],[-64.569553376999977,-21.84361058099995],[-64.569331273999978,-21.843870016999972],[-64.569102253999972,-21.844131167999933],[-64.56886609999998,-21.844394277999982],[-64.568622547999951,-21.844659641999954],[-64.568371379999974,-21.844927500999972],[-64.568112165999935,-21.845198316999927],[-64.567844498999932,-21.845472512999947],[-64.56756785999994,-21.845750619999933],[-64.567331100999979,-21.845984761999944],[-64.567087318999938,-21.846222442999931],[-64.566836017999947,-21.846464143999981],[-64.566576548999933,-21.846710491999943],[-64.566308489999983,-21.846961893999946],[-64.566030493999961,-21.847219616999951],[-64.56574132999998,-21.847484804999965],[-64.565439132999984,-21.847759166999936],[-64.564903109999932,-21.848239965999937],[-64.564302626999961,-21.848771728999964],[-64.563712609999982,-21.849289529999965],[-64.562219587999948,-21.850594324999975],[-64.561415071999988,-21.851303892999965],[-64.560995503999948,-21.851678417999949],[-64.560605774999942,-21.852030122999963],[-64.560238673999947,-21.852365518999932],[-64.559890509999946,-21.852687984999932],[-64.559491837999985,-21.853063358999975],[-64.559113294999975,-21.853426839999941],[-64.558752407999975,-21.853780803999939],[-64.558407552999938,-21.854126846999975],[-64.55807697399996,-21.854466744999968],[-64.557760123999969,-21.854801079999959],[-64.557456160999948,-21.855130736999968],[-64.557164449999959,-21.855456405999973],[-64.556993338999973,-21.855652152999937],[-64.556826429999944,-21.855846775999964],[-64.556663625999988,-21.856040381999946],[-64.556504845999939,-21.856233070999963],[-64.556350004999956,-21.856424944999958],[-64.55619904699995,-21.856616075999966],[-64.556051907999972,-21.856806542999948],[-64.555908531999933,-21.856996418999927],[-64.555768822999937,-21.85718583299996],[-64.555632781999975,-21.85737478599998],[-64.555500367999969,-21.857563336999931],[-64.555371538999964,-21.85775154199996],[-64.555246257999954,-21.857939457999976],[-64.555124494999973,-21.858127128999968],[-64.555006220999985,-21.85831460199995],[-64.554891404999978,-21.858501921999959],[-64.554779870999937,-21.858689390999928],[-64.554671757999984,-21.858876786999929],[-64.554567042999963,-21.859064148999948],[-64.554465705999974,-21.859251512999947],[-64.554367727999988,-21.859438913999952],[-64.554273092999949,-21.859626383999966],[-64.554181782999933,-21.859813953999947],[-64.554093786999942,-21.860001653999973],[-64.554009081999936,-21.860189529999957],[-64.553927662999968,-21.860377592999953],[-64.553849519999972,-21.860565867999981],[-64.553774641999951,-21.860754381999982],[-64.553703018999954,-21.86094315899993],[-64.553634641999963,-21.861132223999959],[-64.553569501999959,-21.861321597999961],[-64.553507593999939,-21.86151130199994],[-64.55344791899995,-21.861703306999971],[-64.553390221999962,-21.861897261999957],[-64.55333449799997,-21.86209318799996],[-64.553280739999934,-21.86229110499994],[-64.553228943999954,-21.862491029999944],[-64.55317910399998,-21.862692987999935],[-64.553131213999961,-21.862897000999965],[-64.553085268999951,-21.86310309299995],[-64.55304126599998,-21.863311271999976],[-64.552999193999938,-21.863521582999965],[-64.552959050999959,-21.863734053999963],[-64.552920828999959,-21.863948713999946],[-64.552884521999943,-21.864165592999939],[-64.552850126999942,-21.864384727999948],[-64.55281763399995,-21.864606154999933],[-64.552787040999988,-21.864829909999969],[-64.552758375999986,-21.865055752999979],[-64.552731592999976,-21.865284003999932],[-64.552706687999944,-21.865514707999978],[-64.552683654999953,-21.86574791399994],[-64.552662490999978,-21.865983669999935],[-64.552643186999944,-21.866222036999943],[-64.552610146999939,-21.866706852999982],[-64.55258450599996,-21.867202756999973],[-64.552566218999971,-21.867710526999929],[-64.552555259999963,-21.86823088899996],[-64.552551608999977,-21.868764759999976],[-64.552554340999961,-21.869238415999973],[-64.552562545999933,-21.869723843999964],[-64.552576236999982,-21.870222032999948],[-64.552595450999945,-21.870734288999927],[-64.552620206999961,-21.871261420999929],[-64.552650626999935,-21.87180620099997],[-64.552686846999961,-21.872371136999959],[-64.552729117999945,-21.872960100999933],[-64.55276744799994,-21.87345094099993],[-64.552810187999967,-21.873964441999931],[-64.552857769999946,-21.874505872999976],[-64.552911119999976,-21.875085765999927],[-64.55301368399995,-21.876149474999977],[-64.553253133999988,-21.878557930999932],[-64.553358046999961,-21.879662626999959],[-64.553440568999974,-21.880601696999975],[-64.553475848999938,-21.881035707999956],[-64.553507593999939,-21.88145151599997],[-64.553562733999968,-21.882159286999979],[-64.553623984999945,-21.882869681999978],[-64.553691350999941,-21.883582757999932],[-64.553764838999939,-21.884298572999967],[-64.553844454999933,-21.88501718599997],[-64.553930204999972,-21.885738662999927],[-64.554022097999962,-21.88646307099998],[-64.554120142999977,-21.887190479999958],[-64.554224343999977,-21.887920918999953],[-64.554334714999982,-21.888654507999945],[-64.554451268999969,-21.889391323999973],[-64.554574019999961,-21.890131451999935],[-64.554702980999934,-21.890874972999939],[-64.554838168999936,-21.891621983999983],[-64.554979599999967,-21.892372579999972],[-64.555127294999977,-21.893126863999953],[-64.555281141999956,-21.893884305999961],[-64.555441284999972,-21.894645645999958],[-64.555607748999932,-21.895411001999946],[-64.55578055999996,-21.896180499999957],[-64.555959745999985,-21.896954256999948],[-64.556145340999933,-21.897732425999948],[-64.556337380999935,-21.898515152999948],[-64.55653590299994,-21.899302596999974],[-64.556740912999942,-21.900094774999957],[-64.556952489999958,-21.900892013999965],[-64.557170686999939,-21.901694496999937],[-64.55739555599996,-21.902502432999938],[-64.557627153999988,-21.903316009999969],[-64.557865550999963,-21.904135487999952],[-64.558110820999957,-21.904961115999981],[-64.558363044999965,-21.905793164999977],[-64.558610323999972,-21.906593500999975],[-64.558864101999973,-21.907400227999972],[-64.559124470999961,-21.908213640999975],[-64.559391537999943,-21.909034069999962],[-64.559665399999972,-21.909861810999928],[-64.559946199999956,-21.910697306999964],[-64.56023407899994,-21.911540971999955],[-64.560529198999973,-21.912393282999972],[-64.560831452999935,-21.913253949999955],[-64.561141314999986,-21.914124333999951],[-64.56145900599995,-21.915005061999977],[-64.561784792999958,-21.915896867999948],[-64.562118899999973,-21.916800375999969],[-64.562461737999968,-21.917716694999967],[-64.562813690999974,-21.918646855999953],[-64.56317523599995,-21.919592116999979],[-64.563526177999961,-21.920500490999927],[-64.563886726999954,-21.92142505399994],[-64.564257514999952,-21.922367436999934],[-64.564639366999984,-21.923329732999946],[-64.565032845999951,-21.92431337499994],[-64.565439584999979,-21.925322453999968],[-64.565861077999955,-21.926360681999938],[-64.566299510999954,-21.927433444999963],[-64.566722416999937,-21.928462061999937],[-64.567165494999983,-21.92953407899995],[-64.568133189999969,-21.931859094999936],[-64.569134294999969,-21.934247848999973],[-64.571101899999974,-21.938926247999973],[-64.571328871999981,-21.939460852999957],[-64.571562061999941,-21.939999044999979],[-64.571801583999957,-21.940541080999935],[-64.572047562999956,-21.941087249999953],[-64.572300116999941,-21.941637811999954],[-64.572559426999987,-21.942193164999935],[-64.572825666999961,-21.942753680999942],[-64.573099040999978,-21.943319789999975],[-64.573379362999958,-21.943891126999972],[-64.573667286999978,-21.944469040999934],[-64.573963100999947,-21.945054114999948],[-64.574267157999941,-21.945647045999976],[-64.574579749999941,-21.946248405999938],[-64.574901452999939,-21.946859308999933],[-64.575232810999978,-21.94748078799995],[-64.575574518999986,-21.948114145999966],[-64.575858688999972,-21.94863552299995],[-64.576150677999976,-21.949166616999946],[-64.576451098999939,-21.949708541999939],[-64.576760756999988,-21.950262751999958],[-64.577411008999945,-21.951413805999948],[-64.578113852999934,-21.952641774999961],[-64.578739859999985,-21.95372442799993],[-64.57944071299994,-21.954927417999954],[-64.580122834999941,-21.956092101999957],[-64.581823903999975,-21.958989537999969],[-64.582728331999988,-21.960537847999944],[-64.583194431999971,-21.961340976999963],[-64.583629305999978,-21.962094668999953],[-64.584040698999956,-21.962812347999943],[-64.584432624999977,-21.963501023999981],[-64.584869929999968,-21.964276025999936],[-64.585288198999933,-21.965024728999936],[-64.585689957999932,-21.965751649999959],[-64.586076893999973,-21.966459847999943],[-64.586450846999981,-21.967152702999954],[-64.586812417999965,-21.967831343999933],[-64.587162510999974,-21.968497467999953],[-64.587501814999939,-21.969152385999962],[-64.58787622899996,-21.969886809999934],[-64.588238125999965,-21.970609593999939],[-64.588588125999934,-21.971321983999928],[-64.588926724999965,-21.972024984999962],[-64.589254441999969,-21.97271968299998],[-64.589571553999974,-21.97340666599996],[-64.589878384999963,-21.974086640999928],[-64.590175203999934,-21.974760203999949],[-64.590462586999934,-21.975428687999965],[-64.590740387999972,-21.976091782999958],[-64.591008792999958,-21.976749937999955],[-64.591267965999975,-21.977403547999927],[-64.59151806999995,-21.978053030999945],[-64.591759212999932,-21.978698669999972],[-64.591991510999947,-21.979340775999958],[-64.592215065999937,-21.979979627999967],[-64.592471835999959,-21.980735661999972],[-64.592727755999988,-21.981508414999951],[-64.592983274999938,-21.982299247999947],[-64.593238958999962,-21.98310990799996],[-64.593495197999971,-21.983941609999931],[-64.593753049999975,-21.984797746999959],[-64.594013443999984,-21.985681416999967],[-64.594277701999943,-21.986597091999954],[-64.594529230999967,-21.987485459999959],[-64.594787468999982,-21.988413417999936],[-64.595054841999968,-21.989389670999969],[-64.595335879999936,-21.990430759999981],[-64.59560522299995,-21.99144059799994],[-64.595902854999963,-21.992567200999929],[-64.596906880999938,-21.996400979999976],[-64.597048193999967,-21.996947420999959],[-64.59718627899997,-21.997497590999956],[-64.597321149999971,-21.998051547999978],[-64.597452822999969,-21.998609355999974],[-64.597581313999967,-21.999171074999936],[-64.597706637999977,-21.999736780999967],[-64.597828810999943,-22.000306543999955],[-64.597947850999958,-22.000880439999946],[-64.598063762999971,-22.001458497999977],[-64.598176574999968,-22.002040851999936],[-64.598286302999952,-22.002627589999975],[-64.598392965999949,-22.003218806999939],[-64.598496578999971,-22.003814589999934],[-64.598597162999965,-22.004415054999981],[-64.59869473599997,-22.005020307999928],[-64.598789314999976,-22.005630465999957],[-64.598880797999982,-22.006244820999939],[-64.598969335999982,-22.006864321999956],[-64.599054947999946,-22.007489104999934],[-64.599137652999957,-22.00811932199997],[-64.599217471999964,-22.00875511299995],[-64.599294425999972,-22.009396662999961],[-64.599368536999975,-22.010044150999931],[-64.599439827999959,-22.010697771999958],[-64.599508299999968,-22.011357520999979],[-64.599573999999961,-22.012023833999933],[-64.599636950999979,-22.012696948999974],[-64.599697178999975,-22.013377133999938],[-64.599754703999963,-22.014064632999975],[-64.599809556999958,-22.014759798999933],[-64.599861764999957,-22.015462965999973],[-64.59991135599995,-22.016174514999932],[-64.599950577999948,-22.016772227999979],[-64.599988031999942,-22.017376267999964],[-64.600023733999933,-22.01798691099998],[-64.600057701999958,-22.018604471999936],[-64.600089952999951,-22.019229233999965],[-64.600120507999975,-22.019861627999944],[-64.600176613999963,-22.021150998999929],[-64.600226124999949,-22.022474705999969],[-64.600269309999987,-22.023839416999976],[-64.600306356999965,-22.025251181999977],[-64.600337510999964,-22.026719098999934],[-64.600359044999948,-22.027986760999966],[-64.600376875999984,-22.029311444999962],[-64.600391188999936,-22.030706386999952],[-64.600402250999934,-22.032197311999937],[-64.60040917799995,-22.033536122999976],[-64.600414359999945,-22.03502472699995],[-64.600424087999954,-22.040181726999947],[-64.600430050999933,-22.042198218999943],[-64.600440867999964,-22.044253100999981],[-64.600456619999932,-22.046099218999927],[-64.60046876499996,-22.047144566999975],[-64.600483026999939,-22.048150202999977],[-64.600499498999966,-22.049122653999973],[-64.60051825499994,-22.050066266999977],[-64.600539396999977,-22.050985835999938],[-64.600562963999948,-22.051882896999928],[-64.600589017999937,-22.052759806999973],[-64.600617614999976,-22.05361837199996],[-64.600655633999963,-22.054633511999953],[-64.600697526999966,-22.055626465999978],[-64.600743376999958,-22.05659920599993],[-64.600793257999953,-22.057553294999934],[-64.600847258999977,-22.058490415999927],[-64.600905434999959,-22.059411442999931],[-64.60096785199994,-22.060317432999966],[-64.601034569999968,-22.061209266999981],[-64.601105750999977,-22.062088947999939],[-64.601181362999966,-22.062955948999956],[-64.601261462999958,-22.063810917999945],[-64.601346102999969,-22.06465441499995],[-64.601435342999935,-22.065487032999954],[-64.601529226999958,-22.066309156999978],[-64.60162780099995,-22.067121222999958],[-64.60173111499995,-22.067923608999934],[-64.60179610299997,-22.068405689999963],[-64.601862859999983,-22.068884414999957],[-64.601931396999987,-22.069359856999938],[-64.602001721999954,-22.06983207899998],[-64.602073846999986,-22.070301151999956],[-64.602147780999985,-22.070767129999979],[-64.602223531999982,-22.071230073999971],[-64.602301108999939,-22.071690037999929],[-64.60238052699998,-22.072147101999974],[-64.602461787999971,-22.072601290999955],[-64.602544903999956,-22.073052650999955],[-64.602629880999984,-22.07350122899993],[-64.602716727999962,-22.073947072999943],[-64.602805453999963,-22.074390222999966],[-64.602896066999961,-22.074830719999966],[-64.602988574999983,-22.075268604999962],[-64.60308301799995,-22.075704058999975],[-64.603179371999943,-22.076136973999951],[-64.60327764699997,-22.07656738299994],[-64.603377850999948,-22.07699532099997],[-64.603479989999983,-22.077420822999954],[-64.603584070999943,-22.077843917999928],[-64.603690103999952,-22.078264635999972],[-64.603798093999956,-22.078683007999928],[-64.603908053999987,-22.079099072999952],[-64.604019985999969,-22.079512847999979],[-64.60413389699994,-22.079924356999982],[-64.604249796999966,-22.080333627999948],[-64.604367689999947,-22.080740684999967],[-64.604487583999969,-22.081145553999932],[-64.604609485999958,-22.081548254999973],[-64.604733402999955,-22.081948810999961],[-64.604859519999934,-22.082347800999969],[-64.604987670999947,-22.082744683999977],[-64.60511786099994,-22.083139480999932],[-64.605250098999932,-22.083532210999977],[-64.605384389999983,-22.083922894999944],[-64.605520741999953,-22.084311549999939],[-64.605659161999938,-22.084698195999977],[-64.605799652999963,-22.085082848999946],[-64.605942225999968,-22.085465532999933],[-64.606086884999968,-22.085846258999936],[-64.606233634999967,-22.086225042999956],[-64.606382484999983,-22.086601899999948],[-64.606533436999939,-22.08697684699996],[-64.606686499999967,-22.087349897999957],[-64.606841677999967,-22.08772106899994],[-64.606998978999968,-22.088090371999954],[-64.607158422999987,-22.088457855999934],[-64.607320000999948,-22.088823501999968],[-64.607483718999958,-22.089187318999961],[-64.607649582999954,-22.089549321999982],[-64.60781759799994,-22.089909524999939],[-64.607987770999955,-22.090267937999954],[-64.608160105999957,-22.090624572999957],[-64.608334609999986,-22.090979441999934],[-64.608511288999978,-22.091332558999966],[-64.608690146999948,-22.091683932999956],[-64.608871191999981,-22.092033572999981],[-64.609054424999954,-22.092381490999969],[-64.609239854999942,-22.09272769699993],[-64.609427485999959,-22.093072199999938],[-64.609617322999952,-22.093415009999944],[-64.609809371999972,-22.093756137999947],[-64.609959703999948,-22.094023257999936],[-64.610118558999943,-22.094310022999935],[-64.610469947999945,-22.094957195999939],[-64.610828291999951,-22.09562957199995],[-64.611842940999964,-22.097549092999941],[-64.612155408999968,-22.098131775999946],[-64.612436787999968,-22.098648392999962],[-64.612751462999938,-22.099214126999982],[-64.613045190999969,-22.099727927999936],[-64.613185922999946,-22.099968373999957],[-64.613322996999955,-22.100198577999947],[-64.613456733999953,-22.100419082999963],[-64.613587376999988,-22.10063028999997],[-64.613741365999942,-22.100873503999935],[-64.613891451999962,-22.101104124999949],[-64.614037890999953,-22.101322547999928],[-64.61418088399995,-22.101529070999959],[-64.614320646999943,-22.10172400099998],[-64.614457284999958,-22.101907482999934],[-64.614590926999938,-22.102079689999982],[-64.614721680999935,-22.102240759999972],[-64.614849793999952,-22.102390986999978],[-64.614975190999985,-22.102530264999928],[-64.615097944999945,-22.102658676999965],[-64.615218121999987,-22.102776290999941],[-64.615335785999946,-22.102883168999938],[-64.615450980999981,-22.102979350999931],[-64.615563752999947,-22.103064872999937],[-64.61561924199998,-22.103103646999955],[-64.615674139999953,-22.103139767999949],[-64.615740756999969,-22.103180392999946],[-64.615807504999964,-22.103217457999961],[-64.615874384999984,-22.103250962999937],[-64.615941396999972,-22.103280906999942],[-64.616008538999949,-22.103307289999975],[-64.616075810999973,-22.103330110999934],[-64.616143212999987,-22.103349370999979],[-64.616210744999933,-22.103365070999928],[-64.616278406999982,-22.103377207999927],[-64.616346194999949,-22.103385783999954],[-64.616414112999962,-22.103390798999953],[-64.616482158999986,-22.103392250999946],[-64.616550330999985,-22.103390141999967],[-64.616618629999948,-22.10338447099997],[-64.616687054999943,-22.103375237999956],[-64.616755606999959,-22.10336244399997],[-64.616824283999961,-22.103346087999967],[-64.616893086999937,-22.103326170999935],[-64.616962012999977,-22.103302692999932],[-64.617031062999956,-22.103275652999969],[-64.617100235999942,-22.103245051999977],[-64.617169531999934,-22.103210889999957],[-64.617238949999944,-22.103173168999945],[-64.617308489999971,-22.103131886999961],[-64.617378149999979,-22.103087044999938],[-64.617447930999958,-22.10303864499997],[-64.617517831999976,-22.102986683999973],[-64.617587853999964,-22.102931164999973],[-64.617657991999977,-22.10287208799997],[-64.617728249999971,-22.102809453999953],[-64.617798624999978,-22.102743262999979],[-64.617869116999941,-22.102673513999946],[-64.617939732999957,-22.102600201999962],[-64.618010463999951,-22.102523332999965],[-64.618081311999958,-22.102442908999933],[-64.618152272999964,-22.102358930999969],[-64.618223346999969,-22.10227139899996],[-64.618294535999951,-22.102180312999963],[-64.618365835999953,-22.102085675999945],[-64.618437246999974,-22.101987487999963],[-64.618580402999953,-22.101780461999965],[-64.618723995999972,-22.101559244999976],[-64.618868020999969,-22.101323844999968],[-64.619012470999962,-22.101074272999938],[-64.619157342999983,-22.100810533999947],[-64.619302626999968,-22.100532646999966],[-64.619448316999978,-22.100240622999934],[-64.619594404999987,-22.099934476999977],[-64.619740884999942,-22.099614222999946],[-64.619887748999986,-22.099279879999983],[-64.620034987999986,-22.098931463999975],[-64.62018259599995,-22.098568993999947],[-64.620330432999936,-22.098192825999945],[-64.620478621999951,-22.097802669999965],[-64.62062715199994,-22.09739854999998],[-64.620776015999979,-22.096980489999964],[-64.620925202999956,-22.096548515999928],[-64.621074704999955,-22.096102655999971],[-64.621224511999969,-22.09564293699998],[-64.621374612999944,-22.095169390999956],[-64.621524999999963,-22.094682047999981],[-64.621675662999962,-22.094180939999944],[-64.621826589999955,-22.093666101999929],[-64.621977772999969,-22.093137565999939],[-64.62212920199994,-22.09259536999997],[-64.622280866999972,-22.092039541999952],[-64.622432759999981,-22.091470115999982],[-64.622584873999983,-22.090887117999955],[-64.622736452999959,-22.090293540999937],[-64.622888240999941,-22.089686565999955],[-64.623040233999973,-22.089066197999955],[-64.623192438999979,-22.088432423999961],[-64.623344847999988,-22.087785271999962],[-64.623497492999945,-22.087124610999979],[-64.623650397999938,-22.086450333999949],[-64.623803609999982,-22.085762229999943],[-64.623956240999973,-22.085064414999977],[-64.624109350999959,-22.084352151999951],[-64.62426308299996,-22.083624774999976],[-64.624417717999961,-22.082880957999976],[-64.624572926999974,-22.082122370999969],[-64.624730199999988,-22.081341806999944],[-64.624890603999972,-22.080534009999951],[-64.625057770999945,-22.079680692999943],[-64.625152474999936,-22.07917452199996],[-64.625240767999969,-22.078661842999963],[-64.625322688999972,-22.078142413999956],[-64.625398282999981,-22.077615954999942],[-64.625467587999935,-22.077082218999976],[-64.625530653999988,-22.07654082099998],[-64.625587521999933,-22.075991397999928],[-64.625638236999976,-22.075433526999973],[-64.625682780999966,-22.074867587999961],[-64.625721271999964,-22.074292234999973],[-64.625753752999969,-22.073706883999932],[-64.625780259999942,-22.073110833999976],[-64.625800822999963,-22.072503508999944],[-64.625815483999986,-22.071883771999978],[-64.625824266999985,-22.071250561999932],[-64.625827191999974,-22.070602532999942],[-64.62582542399997,-22.070087480999973],[-64.625820115999943,-22.069561610999983],[-64.625811258999988,-22.069023888999936],[-64.62579883099994,-22.068472966999934],[-64.625782815999969,-22.067907957999978],[-64.625763143999961,-22.067326151999964],[-64.625739731999943,-22.066725091999956],[-64.625712439999973,-22.066101123999943],[-64.625656369999945,-22.064971101999959],[-64.625586153999961,-22.063715575999936],[-64.625510788999975,-22.062468373999934],[-64.625307704999955,-22.059220677999974],[-64.62525128599998,-22.058267529999966],[-64.625203701999965,-22.057411877999982],[-64.625154661999943,-22.056446610999956],[-64.62511442999994,-22.055545565999978],[-64.625082240999973,-22.054691526999932],[-64.625057770999945,-22.053875710999932],[-64.625028952999969,-22.052811343999963],[-64.62499755999994,-22.051745275999963],[-64.624963590999982,-22.050677507999978],[-64.624927044999936,-22.049608039999953],[-64.624887924999939,-22.048536871999943],[-64.624846227999967,-22.047464003999949],[-64.624801954999953,-22.04638943599997],[-64.624755106999942,-22.04531316899994],[-64.624705681999956,-22.044235202999971],[-64.624653681999973,-22.043155535999972],[-64.624599105999948,-22.042074169999978],[-64.624541953999938,-22.040991103999943],[-64.624482225999941,-22.03990633799998],[-64.624419922999948,-22.038819873999955],[-64.62435504299998,-22.037731708999956],[-64.624287586999969,-22.036641844999963],[-64.624217555999962,-22.035550281999974],[-64.62414494899997,-22.034457019999934],[-64.624069764999945,-22.033362056999977],[-64.62399200699997,-22.032265394999968],[-64.623911670999973,-22.031167032999974],[-64.62382876099997,-22.03006696999995],[-64.623743273999935,-22.028965206999942],[-64.623655210999971,-22.027861743999949],[-64.623564571999964,-22.026756580999972],[-64.623471357999961,-22.025649715999975],[-64.623375566999982,-22.024541150999937],[-64.623277200999951,-22.023430883999936],[-64.623176257999944,-22.022318915999961],[-64.623072737999962,-22.021205246999955],[-64.622966642999984,-22.020089875999929],[-64.622857972999952,-22.018972801999951],[-64.622746726999935,-22.017854043999932],[-64.622632905999978,-22.016733583999951],[-64.622516507999933,-22.015611419999971],[-64.622397534999948,-22.014487552999981],[-64.622275983999941,-22.013361981999935],[-64.622151856999949,-22.012234707999937],[-64.62202515499996,-22.011105727999961],[-64.62189587599994,-22.00997504399993],[-64.621764020999933,-22.008842653999977],[-64.621629587999962,-22.00770855899998],[-64.621492579999938,-22.006572755999969],[-64.621352993999949,-22.00543524699998],[-64.621210831999974,-22.004296028999931],[-64.621066092999968,-22.003155103999973],[-64.620918777999975,-22.002012469999954],[-64.620768884999961,-22.000868126999933],[-64.620616415999962,-21.999722075999955],[-64.620461369999987,-21.998574314999928],[-64.620303745999934,-21.99742484199993],[-64.620143544999962,-21.996273656999961],[-64.619980765999969,-21.995120757999928],[-64.619815409999944,-21.993966144999945],[-64.619647475999955,-21.992809816999966],[-64.619476964999933,-21.991651772999944],[-64.619303874999957,-21.990492013999983],[-64.61912820799995,-21.989330535999954],[-64.618949959999952,-21.988167338999972],[-64.618769135999969,-21.987002422999979],[-64.618585731999985,-21.985835784999949],[-64.61839975099997,-21.98466742599993],[-64.618211188999965,-21.983497342999954],[-64.618020047999948,-21.982325534999973],[-64.617699913999957,-21.980360347999977],[-64.617351130999964,-21.978191998999932],[-64.616977158999987,-21.97584440199995],[-64.615895764999948,-21.969023910999965],[-64.615552610999941,-21.966880996999976],[-64.61524151499998,-21.964958958999944],[-64.614876530999936,-21.962736244999974],[-64.614529685999969,-21.960662465999974],[-64.614194070999986,-21.958696313999951],[-64.613866142999939,-21.95681710599996],[-64.613674940999942,-21.955741527999976],[-64.613485031999971,-21.954688349999969],[-64.61329604499997,-21.953655510999965],[-64.613107679999985,-21.952641375999974],[-64.612919609999949,-21.951644189999968],[-64.612731661999987,-21.950663039999938],[-64.612543624999944,-21.949696825999979],[-64.61235531899996,-21.948744624999961],[-64.61216632299994,-21.947804333999954],[-64.611976742999957,-21.946876516999964],[-64.611786440999936,-21.945960495999941],[-64.611595296999951,-21.945055688999958],[-64.611403178999979,-21.944161476999966],[-64.611209998999982,-21.943277455999976],[-64.611015658999975,-21.942403174999981],[-64.610820071999967,-21.941538236999975],[-64.610605214999964,-21.94060503399993],[-64.610388673999978,-21.939682065999932],[-64.610170351999955,-21.938768924999977],[-64.609950159999983,-21.937865244999955],[-64.609728006999944,-21.936970646999953],[-64.609503824999933,-21.936084856999969],[-64.609277538999947,-21.935207580999929],[-64.609049079999977,-21.934338553999964],[-64.608818323999969,-21.933477302999961],[-64.608585264999988,-21.932623818999957],[-64.608349843999974,-21.931777881999949],[-64.608112003999963,-21.93093928899998],[-64.607871685999953,-21.93010783099993],[-64.607628842999986,-21.929283345999977],[-64.607383424999966,-21.92846566399993],[-64.607135383999946,-21.927654626999981],[-64.606884394999952,-21.926849194999932],[-64.606630687999939,-21.926050129999965],[-64.606374218999974,-21.925257297999963],[-64.60611494799997,-21.924470572999951],[-64.605852831999982,-21.92368982399995],[-64.605587835999984,-21.922914944999945],[-64.605319922999968,-21.922145830999966],[-64.605049055999984,-21.92138237599994],[-64.604775179999933,-21.920624425999961],[-64.604498281999952,-21.919871943999965],[-64.604218328999934,-21.919124841999974],[-64.603935289999981,-21.918383035999966],[-64.603649130999941,-21.917646438999952],[-64.603359823999938,-21.916914978999955],[-64.603067339999939,-21.916188579999982],[-64.602771649999966,-21.915467172999968],[-64.602660144999959,-21.915201839999952],[-64.602543265999941,-21.914932179999937],[-64.602420792999965,-21.914657683999963],[-64.602292431999956,-21.914377693999938],[-64.602157983999973,-21.914091765999956],[-64.602016850999973,-21.913798611999937],[-64.601868469999943,-21.913497062999966],[-64.601712002999932,-21.913185417999955],[-64.601412614999958,-21.912603784999931],[-64.601072916999954,-21.911961216999941],[-64.600724213999968,-21.91131401399997],[-64.599784174999968,-21.909584649999942],[-64.599505977999968,-21.909065041999952],[-64.599259820999976,-21.908597610999948],[-64.598984549999955,-21.908062911999934],[-64.59873412099995,-21.907561791999967],[-64.598503659999949,-21.907084484999928],[-64.598290774999953,-21.906626014999972],[-64.598165678999976,-21.90634694299996],[-64.598046454999974,-21.906073052999943],[-64.597932843999956,-21.905803748999972],[-64.59782464999995,-21.905538563999983],[-64.597721667999963,-21.905276988999958],[-64.597623795999937,-21.90501876899998],[-64.597530916999972,-21.904763584999955],[-64.597442933999957,-21.904511173999936],[-64.597359640999969,-21.904260921999935],[-64.597281103999933,-21.904012996999938],[-64.597207260999937,-21.903767203999962],[-64.597138060999953,-21.903523374999963],[-64.59707345399994,-21.90328132999997],[-64.597013409999988,-21.903040951999969],[-64.596957894999946,-21.902802107999946],[-64.596906880999938,-21.902564681999934],[-64.596814251999945,-21.902101816999959],[-64.596727236999982,-21.901639852999949],[-64.59664593399998,-21.901179300999956],[-64.596570419999978,-21.900720603999957],[-64.596500772999946,-21.900264240999945],[-64.596437036999987,-21.899810516999935],[-64.59637926299996,-21.899359778999951],[-64.596327488999975,-21.898912329999973],[-64.59628177999997,-21.898468786999956],[-64.596242120999932,-21.898029064999946],[-64.596208530999945,-21.897593403999963],[-64.596181030999958,-21.897162012999956],[-64.596159630999978,-21.896735114999956],[-64.596144338999977,-21.89631286599996],[-64.596135161999939,-21.895895429999939],[-64.596132102999945,-21.895482960999971],[-64.596135144999948,-21.895076779999954],[-64.596144267999932,-21.894675802999927],[-64.596159471999954,-21.894280151999965],[-64.596180748999984,-21.893889932999969],[-64.596208096999987,-21.893505260999973],[-64.596241506999945,-21.893126216999974],[-64.596280971999988,-21.892752887999961],[-64.596326482999984,-21.892385355999977],[-64.596378022999943,-21.892023754999968],[-64.596435586999974,-21.891668092999964],[-64.596499165999944,-21.891318435999949],[-64.596568748999971,-21.890974840999945],[-64.596644323999953,-21.890637372999947],[-64.596725877999972,-21.890306075999945],[-64.596813401999952,-21.889980999999977],[-64.596906880999938,-21.889662191999946],[-64.596976128999984,-21.889439175999939],[-64.597047913999972,-21.889215080999975],[-64.59712215199994,-21.888990169999943],[-64.597198762999938,-21.888764684999956],[-64.597277661999954,-21.888538883999956],[-64.597358770999961,-21.888312975999952],[-64.597442012999977,-21.888087180999946],[-64.597527312999944,-21.887861705999967],[-64.597614542999963,-21.887636882999971],[-64.597703677999959,-21.887412765999954],[-64.597794647999933,-21.887189535999937],[-64.597887382999943,-21.88696736199995],[-64.597981810999954,-21.886746417999973],[-64.598077872999966,-21.886526844999935],[-64.598175502999936,-21.886308785999972],[-64.598274642999968,-21.886092377999944],[-64.598374881999973,-21.885878486999957],[-64.598476503999962,-21.885666483999955],[-64.598579453999946,-21.885456480999949],[-64.598683680999955,-21.885248586999978],[-64.598789129999943,-21.885042908999935],[-64.598895755999933,-21.88483953399998],[-64.599003511999967,-21.884638551999956],[-64.599112354999988,-21.884440045999952],[-64.599222206999968,-21.884244147999937],[-64.599333061999971,-21.884050878999972],[-64.599444873999971,-21.883860307999953],[-64.599557608999987,-21.883672498999942],[-64.599671224999952,-21.88348751999996],[-64.599785690999965,-21.883305423999957],[-64.599900969999965,-21.883126263999941],[-64.600017031999982,-21.882950092999977],[-64.600132339999959,-21.882779160999974],[-64.600248349999958,-21.882611228999963],[-64.600365032999946,-21.882446340999934],[-64.600482363999959,-21.882284532999961],[-64.600600312999973,-21.882125842999983],[-64.600718858999983,-21.881970302999946],[-64.60083797599998,-21.881817945999956],[-64.60095764099998,-21.881668798999954],[-64.601077818999954,-21.881522906999976],[-64.601198501999988,-21.881380279999973],[-64.601319667999974,-21.88124094099993],[-64.601441297999941,-21.88110491499998],[-64.601563369999951,-21.880972222999958],[-64.601685869999983,-21.880842885999982],[-64.601808775999984,-21.88071692099993],[-64.601932073999933,-21.880594344999963],[-64.602055668999981,-21.880475248999971],[-64.602179622999984,-21.880359570999929],[-64.602303916999972,-21.880247324999971],[-64.602428538999959,-21.88013852499995],[-64.602553471999954,-21.880033185999935],[-64.60267870399997,-21.879931315999954],[-64.602804219999939,-21.879832927999928],[-64.602930007999987,-21.879738031999977],[-64.603056048999974,-21.879646640999965],[-64.603182335999975,-21.879558760999942],[-64.603308858999981,-21.879474397999957],[-64.603435603999969,-21.879393561999962],[-64.603562561999979,-21.87931625899995],[-64.603689720999967,-21.879242493999982],[-64.60381707199997,-21.879172275999963],[-64.603944602999945,-21.879105607999975],[-64.604061826999953,-21.879047528999934],[-64.604181514999937,-21.878991250999945],[-64.604303658999982,-21.878936775999932],[-64.60442825399997,-21.878884107999966],[-64.604555291999986,-21.878833248999968],[-64.604684764999945,-21.878784203999942],[-64.604816665999977,-21.878736973999935],[-64.60495098399997,-21.878691563999951],[-64.605087715999957,-21.878647974999978],[-64.605226847999973,-21.878606210999976],[-64.605368367999972,-21.878566274999969],[-64.605512267999984,-21.878528170999971],[-64.605658535999964,-21.878491901999951],[-64.605807159999983,-21.878457468999954],[-64.605958126999951,-21.878424876999929],[-64.606111423999948,-21.878394127999968],[-64.606267103999983,-21.878365212999938],[-64.606425086999934,-21.878338147999955],[-64.606585358999951,-21.878312936999976],[-64.606747901999938,-21.878289580999933],[-64.606912701999988,-21.878268081999977],[-64.607079737999982,-21.878248442999961],[-64.607248991999938,-21.878230666999968],[-64.607420444999946,-21.878214754999931],[-64.607594085999949,-21.87820070999993],[-64.607769880999967,-21.878188531999967],[-64.60794780699996,-21.878178225999932],[-64.608127836999984,-21.878169789999959],[-64.608309947999942,-21.878163227999949],[-64.608494108999935,-21.878158539999959],[-64.608680290999985,-21.878155726999978],[-64.608868461999975,-21.87815478899995],[-64.609060539999973,-21.878155745999948],[-64.609254576999945,-21.87815861699994],[-64.609450532999972,-21.878163401999927],[-64.609648369999945,-21.878170097999941],[-64.609848044999978,-21.878178705999971],[-64.610049507999975,-21.878189221999946],[-64.610252712999966,-21.878201643999944],[-64.610457602999986,-21.878215968999939],[-64.610664171999986,-21.878232198999967],[-64.610872312999959,-21.878250322999975],[-64.611081961999957,-21.878270335999957],[-64.611293053999987,-21.878292233999957],[-64.611505522999948,-21.878316007999956],[-64.611719284999936,-21.878341649999982],[-64.612150354999983,-21.878398494999942],[-64.612587031999965,-21.878462904999935],[-64.613027022999972,-21.878534575999936],[-64.613469401999964,-21.878613357999939],[-64.61391305799998,-21.878699053999981],[-64.614357069999983,-21.878791490999959],[-64.614799691999963,-21.878890312999943],[-64.615239346999942,-21.87899516899995],[-64.615674139999953,-21.879105607999975],[-64.615880822999941,-21.87916170699998],[-64.616087600999947,-21.879221767999979],[-64.616294487999937,-21.87928579499993],[-64.616501496999945,-21.879353790999971],[-64.616708641999935,-21.879425760999936],[-64.616915938999966,-21.879501710999932],[-64.617123400999958,-21.879581645999963],[-64.617331045999947,-21.879665571999965],[-64.617538878999937,-21.879753490999974],[-64.617746928999964,-21.879845415999966],[-64.617955215999984,-21.879941352999936],[-64.618163755999944,-21.880041313999982],[-64.618372570999952,-21.880145303999939],[-64.618581681999956,-21.880253337999932],[-64.61879111199994,-21.880365426999958],[-64.619000885999981,-21.88048158099997],[-64.619210855999938,-21.88060171799998],[-64.619421218999946,-21.88072594199997],[-64.619632005999961,-21.880854273999944],[-64.619843242999934,-21.880986729999961],[-64.620054960999937,-21.881123326999955],[-64.620267195999986,-21.881264089999945],[-64.620479983999985,-21.881409040999927],[-64.62069336199994,-21.881558207999944],[-64.620907330999955,-21.881711588999963],[-64.621121974999937,-21.881869242999983],[-64.621337338999979,-21.88203120299994],[-64.621553474999985,-21.88219750899998],[-64.621770427999934,-21.882368195999959],[-64.62198826499997,-21.882543313999975],[-64.622207046999961,-21.882722913999942],[-64.62242684499995,-21.88290705299994],[-64.622634130999984,-21.88308406699997],[-64.622842441999978,-21.883265189999975],[-64.623051851999946,-21.883450485999958],[-64.623262442999987,-21.883640026999956],[-64.62347428399994,-21.883833878999951],[-64.623687488999963,-21.884032139999931],[-64.623902161999979,-21.884234909999975],[-64.62411842299997,-21.884442302999958],[-64.624336168999946,-21.884654212999976],[-64.624555777999944,-21.884871005999969],[-64.624777414999983,-21.885092841999949],[-64.625001269999984,-21.885319913999979],[-64.625227504999941,-21.885552380999968],[-64.625456423999935,-21.885790558999929],[-64.625688309999987,-21.886034738999967],[-64.625923514999954,-21.886285291999968],[-64.626356097999974,-21.88675324899998],[-64.626803913999936,-21.887246667999932],[-64.627271122999957,-21.88777012099996],[-64.627766038999937,-21.888332920999972],[-64.628182067999944,-21.888811490999956],[-64.628638949999981,-21.889341543999933],[-64.630273325999951,-21.891253644999949],[-64.630922538999982,-21.892008098999952],[-64.631175970999948,-21.892304134999961],[-64.631427264999957,-21.892604349999942],[-64.631676444999982,-21.892908773999977],[-64.631923540999935,-21.893217438999955],[-64.632168576999959,-21.893530378999969],[-64.632411580999985,-21.893847630999971],[-64.63265258499996,-21.894169233999946],[-64.632891618999963,-21.894495225999947],[-64.633128692999946,-21.894825624999953],[-64.633363859999974,-21.895160500999964],[-64.633597154999961,-21.895499902999973],[-64.633828611999945,-21.895843882999941],[-64.634058263999975,-21.89619248799994],[-64.634286151999959,-21.896545781999976],[-64.634512316999974,-21.896903825999971],[-64.634736798999938,-21.897266684999977],[-64.634959351999953,-21.897633945999928],[-64.635180313999967,-21.898006152999983],[-64.63539973099995,-21.898383383999942],[-64.635617655999965,-21.898765725999965],[-64.635834131999957,-21.899153259999935],[-64.63604922199994,-21.899546093999959],[-64.63626297999997,-21.899944331999961],[-64.636475471999972,-21.900348088999976],[-64.636686693999934,-21.900757358999954],[-64.636896780999962,-21.901172401999929],[-64.637105807999944,-21.901593359999936],[-64.637313852999966,-21.902020393999976],[-64.637520987999949,-21.902453649999927],[-64.63772731499995,-21.90289334199997],[-64.637932929999977,-21.903339671999959],[-64.638137938999932,-21.903792874999965],[-64.638312496999959,-21.904185251999934],[-64.638486772999954,-21.904582989999938],[-64.638660851999987,-21.904986275999931],[-64.638834822999968,-21.905395320999958],[-64.63900876799994,-21.905810318999954],[-64.639182810999955,-21.906231561999959],[-64.63935706999996,-21.906659332999936],[-64.639531674999944,-21.907093957999962],[-64.639706510999986,-21.907535131999964],[-64.639881999999943,-21.90798390599997],[-64.640058317999944,-21.908440734999942],[-64.640235676999964,-21.908906164999962],[-64.640414247999956,-21.909380641999974],[-64.640594368999984,-21.909865060999948],[-64.640960573999962,-21.910867269999983],[-64.641259909999974,-21.911702756999944],[-64.641568579999955,-21.912578375999942],[-64.641889781999964,-21.91350317399997],[-64.642229785999973,-21.914495201999955],[-64.642522833999976,-21.91535915299994],[-64.642847019999977,-21.916322311999977],[-64.644262172999959,-21.920552835999956],[-64.644621610999934,-21.92161600999998],[-64.644948968999984,-21.922574061999967],[-64.645273164999935,-21.923510703999966],[-64.64558219099996,-21.924390206999931],[-64.645880596999973,-21.925225509999962],[-64.646170936999965,-21.926023756999939],[-64.646406279999951,-21.926671366999983],[-64.646638201999963,-21.927323175999959],[-64.646866724999938,-21.927979252999933],[-64.647091874999944,-21.928639663999945],[-64.647313675999953,-21.929304479999928],[-64.647532152999986,-21.929973777999976],[-64.647747330999948,-21.930647639999961],[-64.647959238999988,-21.931326146999936],[-64.648167885999953,-21.932009333999929],[-64.648373317999983,-21.932697342999973],[-64.648575561999962,-21.933390269999961],[-64.648774646999982,-21.934088216999953],[-64.648970603999942,-21.934791278999967],[-64.649163461999933,-21.935499576999973],[-64.649353255999984,-21.936213227999929],[-64.649540016999936,-21.936932353999964],[-64.649723575999985,-21.937656272999959],[-64.649904178999975,-21.938385923999931],[-64.650081860999933,-21.939121451999938],[-64.650256659999968,-21.939863013999968],[-64.650428610999938,-21.940610758999981],[-64.650597757999947,-21.941364877999945],[-64.650764143999936,-21.942125553999972],[-64.650927809999985,-21.942892989999962],[-64.651088763999951,-21.943667199999936],[-64.651247092999938,-21.94444860699997],[-64.651402847999975,-21.945237454999983],[-64.651556079999978,-21.946034010999938],[-64.651706837999939,-21.94683852199995],[-64.651855187999956,-21.947651333999943],[-64.652001187999986,-21.94847277599996],[-64.652144903999954,-21.949303216999965],[-64.652272152999956,-21.950057430999948],[-64.652397664999967,-21.950819545999934],[-64.652521497999942,-21.951589896999963],[-64.652643711999985,-21.952368864999983],[-64.652764360999981,-21.953156790999969],[-64.652883523999947,-21.95395419099998],[-64.653001272999973,-21.954761548999954],[-64.653117691999967,-21.955579426999975],[-64.653232724999953,-21.95640741699998],[-64.65334661199995,-21.957247195999969],[-64.65345945599995,-21.958099520999951],[-64.653571373999966,-21.958965284999977],[-64.653682463999985,-21.959845237999957],[-64.653792904999932,-21.960740775999966],[-64.653902855999945,-21.961653197999965],[-64.654012510999962,-21.962584123999932],[-64.654202449999957,-21.964246361999983],[-64.65439364599996,-21.965982745999952],[-64.654587956999933,-21.967810094999948],[-64.654788807999978,-21.969760583999971],[-64.654968987999951,-21.97155735299998],[-64.655164999999954,-21.973553117999927],[-64.655854829999953,-21.98072101799994],[-64.656138099999964,-21.983620387999963],[-64.656292859999951,-21.985169644999928],[-64.656440439999983,-21.986617893999949],[-64.656583646999934,-21.98799265599996],[-64.656723946999932,-21.989307979999978],[-64.656894669999986,-21.990864147999957],[-64.657064207999952,-21.99235985599995],[-64.657233715999951,-21.99380526799996],[-64.657403980999959,-21.995207083999958],[-64.65757591299996,-21.99657270299997],[-64.657749814999988,-21.997904417999962],[-64.657926154999984,-21.999205815999971],[-64.658105302999957,-22.000479635999966],[-64.658218259999956,-22.001258821999954],[-64.658332503999986,-22.002028764999977],[-64.658448102999955,-22.00278992099993],[-64.658565118999945,-22.003542689999961],[-64.658683616999951,-22.004287492999936],[-64.658803641999953,-22.005024619999972],[-64.658925247999946,-22.005754385999978],[-64.659048480999957,-22.006477076999943],[-64.659173429999953,-22.007193211999947],[-64.659300096999971,-22.00790277599998],[-64.659428521999985,-22.008606000999976],[-64.659558741999945,-22.00930309599994],[-64.659690798999975,-22.009994278999955],[-64.659824724999964,-22.010679713999934],[-64.659960553999952,-22.01135957799994],[-64.66009831599996,-22.012034028999949],[-64.660238252999932,-22.012704204999977],[-64.660380191999934,-22.013369249999982],[-64.660524159999966,-22.014029299999947],[-64.660670187999983,-22.01468448299994],[-64.660818304999964,-22.015334928999948],[-64.66096853199997,-22.015980742999943],[-64.661120896999932,-22.016622032999976],[-64.66127542299995,-22.01725890299997],[-64.66143214899995,-22.01789150999997],[-64.661591083999951,-22.018519884999932],[-64.66175224999995,-22.019144116999939],[-64.661915668999939,-22.019764290999944],[-64.662081361999981,-22.02038048999998],[-64.662249350999957,-22.020992785999965],[-64.662419652999972,-22.021601253999961],[-64.662592289999964,-22.022205960999941],[-64.662750002999985,-22.022748225999976],[-64.662911765999979,-22.023295186999974],[-64.663077654999938,-22.023847107999927],[-64.66324776099998,-22.024404284999946],[-64.663422164999986,-22.024966985999981],[-64.663600992999932,-22.02553562099996],[-64.66378436399998,-22.026110571999936],[-64.663972422999962,-22.026692286999946],[-64.664165037999965,-22.027280376999954],[-64.664362663999952,-22.027876248999974],[-64.664565501999959,-22.028480509999952],[-64.664773795999963,-22.029093886999931],[-64.664987747999987,-22.029716977999954],[-64.665207760999976,-22.03035095499996],[-64.665434207999965,-22.03099690199997],[-64.665667572999951,-22.031656195999972],[-64.666058307999947,-22.032747108999956],[-64.666471600999955,-22.033885650999935],[-64.666911715999959,-22.035083586999974],[-64.66738713899997,-22.036364026999934],[-64.667808287999947,-22.037489047999941],[-64.668279671999983,-22.038740679999933],[-64.66986719099998,-22.042932417999964],[-64.670462857999951,-22.044510540999966],[-64.671052404999955,-22.046083692999957],[-64.671579143999963,-22.047503411999969],[-64.672133068999983,-22.049015931999975],[-64.672393886999942,-22.049736649999943],[-64.672645537999983,-22.050438067999949],[-64.672889182999938,-22.051123439999969],[-64.673125211999945,-22.051793867999947],[-64.673354200999938,-22.052450994999958],[-64.673576594999986,-22.05309608999994],[-64.673814812999979,-22.053795324999953],[-64.67404589399996,-22.054482522999933],[-64.674270208999985,-22.055158781999978],[-64.674488052999948,-22.055824995999956],[-64.674699739999937,-22.056482122999967],[-64.674905438999986,-22.057130694999955],[-64.675105348999978,-22.057771339999931],[-64.675299636999966,-22.058404588999963],[-64.67548865699996,-22.05903161699996],[-64.675672322999958,-22.059652160999974],[-64.675850757999967,-22.06026662499994],[-64.676024059999975,-22.060875359999955],[-64.676192337999964,-22.061478739999927],[-64.676355660999945,-22.062077015999932],[-64.676514103999978,-22.062670466999975],[-64.676667733999977,-22.063259341999981],[-64.677023409999947,-22.064627111999982],[-64.677405978999957,-22.066075744999978],[-64.677819414999988,-22.067620313999953],[-64.678271236999933,-22.069288924999967],[-64.678705608999962,-22.070878649999941],[-64.679195981999953,-22.072661120999953],[-64.681159215999969,-22.079751552999937],[-64.682017554999959,-22.082868986999927],[-64.682476625999982,-22.084549916999947],[-64.682904470999972,-22.086128177999967],[-64.683308692999958,-22.087631836999947],[-64.683693062999964,-22.089074927999945],[-64.684137319999934,-22.09076164399994],[-64.684559846999946,-22.092387520999978],[-64.684963108999966,-22.093962040999941],[-64.685348681999983,-22.09549136399994],[-64.685718282999972,-22.09698233499995],[-64.686072381999963,-22.098436905999961],[-64.686411759999942,-22.099858281999957],[-64.686736990999975,-22.10124886899996],[-64.686922807999963,-22.10205732999998],[-64.687103935999971,-22.10285612499996],[-64.687280450999936,-22.103645591999964],[-64.687452420999932,-22.104426028999967],[-64.687619911999946,-22.105197743999952],[-64.687782969999944,-22.10596094899995],[-64.687941645999956,-22.106715873999974],[-64.688095981999936,-22.107462725999937],[-64.688246055999969,-22.108201890999965],[-64.688391863999982,-22.108933346999947],[-64.688533438999968,-22.10965725799997],[-64.688670809999962,-22.110373774999971],[-64.688804004999952,-22.11108305099998],[-64.688933046999978,-22.111785200999975],[-64.689057957999978,-22.112480346999973],[-64.689178757999969,-22.113168600999927],[-64.689295589999972,-22.113850803999981],[-64.689408336999975,-22.114526301999945],[-64.689517015999968,-22.115195189999952],[-64.689621639999984,-22.115857552999955],[-64.689722221999943,-22.116513477999945],[-64.689818773999946,-22.117163034999976],[-64.689911305999942,-22.117806295999969],[-64.689999827999941,-22.118443327999955],[-64.690084353999964,-22.11907423699995],[-64.690164884999945,-22.119699038999954],[-64.690241429999958,-22.120317789999945],[-64.69031399499994,-22.120930542999929],[-64.690382585999942,-22.121537352999951],[-64.690447207999966,-22.122138262999954],[-64.690507865999962,-22.122733319999952],[-64.690564564999988,-22.123322564999967],[-64.690621438999983,-22.123953419999964],[-64.690673689999983,-22.124577570999975],[-64.690721320999955,-22.125195065999947],[-64.690764334999983,-22.125805947999936],[-64.690802737999945,-22.126410260999933],[-64.690836527999977,-22.127008038999975],[-64.690865708999979,-22.12759932299997],[-64.690890284999966,-22.128184145999967],[-64.690910253999959,-22.128762559999927],[-64.690925617999937,-22.129334577999941],[-64.690936378999936,-22.129900230999965],[-64.690942536999955,-22.13045954599994],[-64.690944089999959,-22.131012552999948],[-64.690941039999984,-22.131559274999972],[-64.690933387999962,-22.132099737999965],[-64.690921131999971,-22.132633966999947],[-64.690904266999951,-22.133162073999927],[-64.690882796999972,-22.133683988999962],[-64.690856717999964,-22.134199728999931],[-64.690826031999961,-22.134709314999952],[-64.690790736999986,-22.135212765999938],[-64.690750829999956,-22.135710099999983],[-64.690706311999975,-22.136201331999928],[-64.69065717899997,-22.13668647999998],[-64.690603430999943,-22.137165564999975],[-64.690545064999981,-22.137638595999931],[-64.690482080999971,-22.138105585999938],[-64.690414475999944,-22.138566548999961],[-64.690342248999968,-22.139021497999977],[-64.690265397999951,-22.139470444999972],[-64.690183919999981,-22.139913401999934],[-64.690097813999955,-22.140350379999973],[-64.690007006999963,-22.140781706999974],[-64.689911560999974,-22.141207067999972],[-64.689811472999963,-22.141626471999928],[-64.689706740999952,-22.142039928999964],[-64.689597361999972,-22.142447448999974],[-64.689483334999977,-22.14284903999993],[-64.689364654999963,-22.143244709999976],[-64.689241321999987,-22.14363446599998],[-64.689113331999977,-22.144018320999976],[-64.688980682999954,-22.144396277999931],[-64.688843372999941,-22.144768342999953],[-64.688701397999978,-22.145134524999946],[-64.688554758999942,-22.145494828999972],[-64.688403448999964,-22.145849260999967],[-64.688247469999965,-22.14619782799997],[-64.688086815999952,-22.146540534999929],[-64.687921476999975,-22.146877401999973],[-64.687751458999969,-22.147208420999959],[-64.687576758999967,-22.147533593999981],[-64.687397373999943,-22.147852926999974],[-64.687213301999975,-22.148166423999953],[-64.687024539999982,-22.148474088999933],[-64.68700645499996,-22.14850230899998],[-64.688177440999937,-22.148376116999941],[-64.688349867999932,-22.149429292999969],[-64.688501837999979,-22.150336787999947],[-64.688660832999972,-22.151268216999938],[-64.688827182999944,-22.15222552299997],[-64.689001327999961,-22.153211238999972],[-64.689183557999968,-22.154227046999949],[-64.689374786999963,-22.155278055999929],[-64.68957586199997,-22.156368930999975],[-64.689788065999949,-22.157506636999983],[-64.690175883999984,-22.159556776999978],[-64.690616046999935,-22.161849768999957],[-64.691059773999939,-22.164137873999948],[-64.692242143999977,-22.170206598999982],[-64.692590246999941,-22.17200687199994],[-64.692900506999933,-22.173624540999981],[-64.693245213999944,-22.175441646999957],[-64.693562501999963,-22.177138103999937],[-64.693858230999979,-22.178745255999956],[-64.694135320999976,-22.180279003999942],[-64.694450693999954,-22.182064843999967],[-64.694600080999976,-22.182928469999979],[-64.69474427199998,-22.183774497999934],[-64.694883513999969,-22.184604391999983],[-64.695017930999938,-22.185418894999941],[-64.695147671999962,-22.186218908999933],[-64.695272859999932,-22.187005187999944],[-64.695393763999959,-22.187779454999941],[-64.695507735999968,-22.188524445999974],[-64.694363947999932,-22.18819210199996],[-64.692845538999961,-22.187860551999961],[-64.691399876999981,-22.187663326999939],[-64.688653793999947,-22.187470235999967],[-64.686701925999955,-22.187140022999927],[-64.684462556999961,-22.187214402999928],[-64.682006204999936,-22.187222159999976],[-64.680273770999975,-22.187631315999965],[-64.678830557999959,-22.188106833999939],[-64.677096896999956,-22.188179550999962],[-64.675147221999964,-22.188454777999937],[-64.67334348199995,-22.18913323299995],[-64.670675414999948,-22.190554468999949],[-64.667573581999932,-22.19190972399997],[-64.665123367999968,-22.193666623999945],[-64.661804936999943,-22.195089735999943],[-64.65992788899996,-22.195499164999944],[-64.658626935999962,-22.195368564999967],[-64.657324806999952,-22.194901546999972],[-64.65594737899994,-22.193560074999937],[-64.654786945999945,-22.192285215999959],[-64.653843271999961,-22.191009693999945],[-64.652616471999977,-22.190099132999933],[-64.651743429999954,-22.189670367999952],[-64.650948949999986,-22.189740042999972],[-64.65022741599995,-22.190011345999949],[-64.649289836999969,-22.190485143999979],[-64.648641474999977,-22.19102535299993],[-64.647992643999942,-22.191430995999951],[-64.646622495999964,-22.192175206999934],[-64.645468616999949,-22.192784198999959],[-64.644457608999971,-22.19292177799997],[-64.643520001999946,-22.193395548999945],[-64.642726193999977,-22.193667038999934],[-64.642076420999956,-22.193803534999972],[-64.641571833999933,-22.194141444999957],[-64.640414939999971,-22.193875741999932],[-64.639620208999986,-22.193878092999967],[-64.63889818399997,-22.194014791999962],[-64.638177302999964,-22.194487896999931],[-64.637458931999959,-22.195701100999941],[-64.636956615999964,-22.196711815999947],[-64.636165294999955,-22.197723377999978],[-64.635664332999966,-22.19913777499994],[-64.635762469999975,-22.200212921999935],[-64.634227239999973,-22.200962063999953],[-64.633305361999987,-22.201193882999974],[-64.632384445999946,-22.201712092999969],[-64.631402014999935,-22.202230476999944],[-64.630480511999963,-22.202576840999939],[-64.629681449999964,-22.202751006999961],[-64.628635575999965,-22.202696768999942],[-64.628055234999977,-22.202730248999956],[-64.627858878999973,-22.202365824999958],[-64.627322148999951,-22.201359138999976],[-64.626786233999951,-22.200343425999961],[-64.626251024999988,-22.199318472999948],[-64.625716400999977,-22.198284054999931],[-64.625182252999934,-22.197239956999965],[-64.624648434999983,-22.196185894999928],[-64.624114808999934,-22.195121598999947],[-64.623581225999942,-22.194046771999979],[-64.623047682999982,-22.192961409999953],[-64.622513857999934,-22.191864865999946],[-64.621979576999934,-22.190756779999958],[-64.62144464499994,-22.189636748999931],[-64.620908884999949,-22.188504403999957],[-64.620372047999979,-22.187359218999973],[-64.619833898999957,-22.186200694999968],[-64.619294175999983,-22.185028264999971],[-64.61881071199997,-22.183969183999977],[-64.618325549999952,-22.182898055999942],[-64.617838458999984,-22.181814366999959],[-64.617349178999973,-22.180717537999953],[-64.61685747599995,-22.179607044999955],[-64.616362993999985,-22.178482086999963],[-64.615865397999983,-22.177341904999935],[-64.615364302999978,-22.176185616999931],[-64.614860044999944,-22.175014013999942],[-64.614351408999937,-22.17382428999997],[-64.613837875999934,-22.172615234999967],[-64.613318826999944,-22.171385389999955],[-64.612793756999963,-22.170133563999968],[-64.612261672999978,-22.168857392999939],[-64.611721660999933,-22.167554688999928],[-64.611172564999947,-22.16622265899997],[-64.610304294999935,-22.164102059999948],[-64.609404529999949,-22.161887598999954],[-64.608464718999983,-22.159558249999975],[-64.607468695999955,-22.157073958999945],[-64.609293663999949,-22.156877279999946],[-64.609210974999939,-22.156721218999962],[-64.609077612999954,-22.15646010599994],[-64.608946325999966,-22.156193489999964],[-64.608817086999977,-22.155921313999954],[-64.608689865999963,-22.155643519999956],[-64.608564829999978,-22.155360487999928],[-64.608441746999972,-22.155071721999946],[-64.608320583999955,-22.154777146999947],[-64.60820130999997,-22.154476681999938],[-64.608083892999957,-22.154170249999936],[-64.607968292999942,-22.15385774899994],[-64.607854474999954,-22.153539077999937],[-64.607742396999981,-22.153214125999966],[-64.607632059999958,-22.152882900999941],[-64.60752337699995,-22.152545148999934],[-64.607416304999958,-22.152200730999937],[-64.607310792999954,-22.151849487999982],[-64.607206796999947,-22.151491273999966],[-64.607104254999967,-22.151125875999981],[-64.607003106999969,-22.150753087999931],[-64.606903292999959,-22.150372673999982],[-64.606747120999955,-22.149751296999966],[-64.606593840999949,-22.149108762999958],[-64.606443118999948,-22.148443665999935],[-64.606294532999982,-22.147754147999933],[-64.606147809999982,-22.147039011999937],[-64.606002139999987,-22.146294386999955],[-64.605856826999968,-22.145516717999953],[-64.605710853999938,-22.144700579999949],[-64.605591419999939,-22.144007372999965],[-64.605469706999941,-22.143278453999983],[-64.605344448999972,-22.142506269999956],[-64.60521324299998,-22.141676010999959],[-64.604972874999987,-22.140110215999982],[-64.604545050999945,-22.137260621999928],[-64.604377095999951,-22.136152636999952],[-64.604204063999987,-22.135034055999938],[-64.604044273999932,-22.134029482999949],[-64.603864515999987,-22.132938787999933],[-64.603689552999981,-22.131921889999944],[-64.603516334999938,-22.130961063999962],[-64.603429847999962,-22.130498736999982],[-64.603343202999952,-22.13004717299998],[-64.603243043999953,-22.129539541999975],[-64.603142281999965,-22.129044154999974],[-64.603040740999973,-22.128560156999981],[-64.602938278999943,-22.128086868999958],[-64.602834737999956,-22.127623562999929],[-64.602730029999975,-22.127169856999956],[-64.602624048999985,-22.126725290999957],[-64.602516704999971,-22.126289480999958],[-64.602407779999965,-22.125861574999931],[-64.602297322999959,-22.125441790999957],[-64.602185263999957,-22.125029851999955],[-64.602071533999947,-22.124625514999934],[-64.601956061999942,-22.124228529999982],[-64.601838800999985,-22.123838729999932],[-64.601719695999975,-22.123455933999935],[-64.601598696999986,-22.123079979999943],[-64.601404768999942,-22.122495244999982],[-64.601204381999935,-22.121906265999939],[-64.600997437999979,-22.121312762999935],[-64.600783827999976,-22.120714416999931],[-64.600563450999971,-22.12011094199994],[-64.60033614799994,-22.119501905999982],[-64.600101766999956,-22.118886897999971],[-64.599860125999953,-22.118265444999963],[-64.599611394999954,-22.117637952999928],[-64.599354993999953,-22.11700293499996],[-64.599090663999959,-22.116359748999969],[-64.598818089999952,-22.115707626999949],[-64.598537010999962,-22.115045939999959],[-64.59824690399995,-22.114373454999964],[-64.597947279999971,-22.113689034999936],[-64.597637506999945,-22.112991235999971],[-64.597379869999941,-22.112417784999934],[-64.59711466899995,-22.111833472999933],[-64.596841349999977,-22.111237073999973],[-64.596559174999982,-22.110626987999979],[-64.596267676999958,-22.110002184999928],[-64.595965324999952,-22.109359376999976],[-64.595650723999938,-22.108695595999961],[-64.595321744999978,-22.108006352999951],[-64.594748382999967,-22.106815064999978],[-64.594105505999948,-22.105490930999963],[-64.593479986999967,-22.104210355999953],[-64.591924444999961,-22.101034785999957],[-64.591101151999965,-22.099344456999972],[-64.590678507999939,-22.09847029499997],[-64.590284523999969,-22.097650027999975],[-64.589912220999963,-22.096869115999937],[-64.589557974999934,-22.096119957999974],[-64.589165268999977,-22.095281370999942],[-64.588790254999935,-22.09447143999995],[-64.588430692999964,-22.093685329999971],[-64.588085084999932,-22.092919759999972],[-64.587751803999936,-22.092171106999956],[-64.587430315999939,-22.091438152999956],[-64.587119823999956,-22.090719078999939],[-64.586819716999969,-22.090012470999966],[-64.586492739999983,-22.08922819199995],[-64.58617770799998,-22.088456736999944],[-64.585874093999962,-22.08769680599994],[-64.585581474999969,-22.086947345999931],[-64.585299411999983,-22.086207224999953],[-64.585027669999988,-22.085475818999953],[-64.584765976999961,-22.084752392999974],[-64.584514103999936,-22.084036318999949],[-64.584271575999935,-22.083326205999981],[-64.584038514999975,-22.082622375999961],[-64.583814763999953,-22.081924352999977],[-64.58360019099996,-22.081231725999942],[-64.583394659999954,-22.080544054999962],[-64.583198084999935,-22.079861045999962],[-64.583010369999954,-22.079182371999934],[-64.582831436999982,-22.078507738999974],[-64.582721675999949,-22.078079343999946],[-64.582613456999979,-22.077646098999935],[-64.582506725999963,-22.077207802999965],[-64.582401432999973,-22.076764226999956],[-64.582297523999955,-22.076315162999947],[-64.582194926999932,-22.075860297999952],[-64.582093573999941,-22.075399334999929],[-64.581993391999958,-22.074931929999934],[-64.581894434999981,-22.074458365999931],[-64.581796474999976,-22.073977573999969],[-64.581699415999935,-22.073489086999928],[-64.581603145999964,-22.072992344999932],[-64.581507575999979,-22.072486882999954],[-64.581412531999945,-22.071971803999929],[-64.58131786499996,-22.071446278999929],[-64.581223381999962,-22.070909257999972],[-64.581067452999946,-22.069995569999946],[-64.580910181999968,-22.069039908999969],[-64.58074997999995,-22.068032654999968],[-64.580583864999937,-22.066955077999978],[-64.58043867899994,-22.065989127999956],[-64.580280247999951,-22.064914343999931],[-64.579741764999937,-22.061192600999959],[-64.579528631999949,-22.059737822999978],[-64.579305954999938,-22.05825742899998],[-64.579098494999982,-22.056927114999951],[-64.578977560999988,-22.056176728999958],[-64.578858091999962,-22.05545477499993],[-64.578739318999965,-22.054756622999946],[-64.578620718999957,-22.054079189999982],[-64.578501689999939,-22.053419076999944],[-64.578382025999986,-22.052775189999977],[-64.578261418999944,-22.052145860999929],[-64.578139620999934,-22.051529803999927],[-64.577882081999974,-22.050241712999934],[-64.57761574899996,-22.048898699999938],[-64.577045439999949,-22.045990982999967],[-64.576436314999967,-22.04284950999994],[-64.575203108999972,-22.036446032999947],[-64.574674838999954,-22.033714269999962],[-64.574114893999933,-22.030844032999937],[-64.573606300999984,-22.02826952099997],[-64.573303192999958,-22.026753333999977],[-64.573009020999962,-22.02529655799998],[-64.572721709999939,-22.023888931999977],[-64.572439896999981,-22.022523759999956],[-64.572162043999981,-22.021193633999928],[-64.571887679999975,-22.019896334999942],[-64.571616055999982,-22.018628318999959],[-64.571346594999966,-22.017386891999934],[-64.571030303999976,-22.015951143999928],[-64.570715625999981,-22.01454608399996],[-64.570401950999951,-22.013168987999961],[-64.570088789999943,-22.011817703999952],[-64.569775599999957,-22.010489910999979],[-64.569462100999942,-22.009184412999957],[-64.569147939999937,-22.007899762999955],[-64.568832824999959,-22.006634748999943],[-64.568516053999986,-22.00538660999996],[-64.568197806999933,-22.004156089999981],[-64.56787785299997,-22.002942306999955],[-64.567555990999949,-22.001744497999937],[-64.567232004999937,-22.00056185699998],[-64.566905749999933,-21.999393855999983],[-64.566577061999965,-21.998239910999928],[-64.56624579399994,-21.997099503999948],[-64.565881462999982,-21.995870833999959],[-64.565513730999953,-21.994657121999978],[-64.565142436999963,-21.993457839999962],[-64.564767434999965,-21.992272518999982],[-64.564388570999938,-21.991100668999934],[-64.564005729999963,-21.989941938999948],[-64.563618787999985,-21.988795950999929],[-64.563227630999961,-21.987662366999928],[-64.562832044999936,-21.986540579999939],[-64.562632595999958,-21.985984125999948],[-64.562432026999943,-21.985430582999982],[-64.562230321999948,-21.984879915999954],[-64.562027471999954,-21.984332092999978],[-64.561823463999986,-21.983787083999971],[-64.561618287999977,-21.983244855999942],[-64.561411926999938,-21.982705367999927],[-64.561204373999942,-21.982168602999934],[-64.560995618999982,-21.981634532999976],[-64.560785652999982,-21.981103132999976],[-64.560574460999987,-21.980574370999932],[-64.560362036999948,-21.980048226999941],[-64.560148369999979,-21.979524674999936],[-64.55993344999996,-21.979003689999956],[-64.559717028999955,-21.978484682999976],[-64.559499333999952,-21.977968204999968],[-64.559280355999988,-21.977454231999957],[-64.559060083999952,-21.976942742999938],[-64.558838509999987,-21.976433716999964],[-64.558615624999959,-21.97592713399996],[-64.558391420999953,-21.975422975999948],[-64.558165889999941,-21.974921222999967],[-64.557939018999946,-21.974421848999953],[-64.557710803999953,-21.973924844999942],[-64.557481236999934,-21.973430190999977],[-64.557250309999972,-21.972937870999942],[-64.557018013999937,-21.972447867999961],[-64.556784343999936,-21.971960165999974],[-64.556549289999964,-21.971474748999981],[-64.556312845999969,-21.970991602999959],[-64.556074984999952,-21.970510674999957],[-64.555835719999948,-21.97003198799996],[-64.555595041999936,-21.969555527999944],[-64.555352944999981,-21.969081279999955],[-64.555109420999941,-21.968609232999938],[-64.55486446499998,-21.96813936999996],[-64.554618067999968,-21.967671680999956],[-64.554370225999946,-21.96720615299995],[-64.554120928999964,-21.966742769999939],[-64.553870171999961,-21.966281522999964],[-64.553617950999978,-21.965822401999958],[-64.553364256999942,-21.965365392999956],[-64.55310908499996,-21.96491048799993],[-64.552852427999937,-21.96445767299997],[-64.552594282999962,-21.964006938999944],[-64.552334640999959,-21.963558275999958],[-64.552145247999988,-21.963234827999941],[-64.551950568999985,-21.962906620999945],[-64.551750293999987,-21.962573137999982],[-64.551544035999939,-21.96223372999998],[-64.551111981999952,-21.961534522999955],[-64.550648981999984,-21.960800219999953],[-64.550131151999949,-21.959993577999967],[-64.549553233999973,-21.959107027999949],[-64.548932218999937,-21.958165206999979],[-64.547680562999972,-21.956279561999963],[-64.547153609999953,-21.955482626999981],[-64.546604042999945,-21.954644492999932],[-64.546115616999941,-21.953890479999927],[-64.545830181999975,-21.953444616999946],[-64.545557963999954,-21.953015076999975],[-64.545297022999932,-21.952598798999929],[-64.545046100999969,-21.952193773999966],[-64.544803822999938,-21.951797772999953],[-64.544569779999961,-21.951410116999966],[-64.544343323999954,-21.95102972799998],[-64.544123964999983,-21.950655784999981],[-64.543855736999944,-21.950191449999977],[-64.543589471999951,-21.94972340399994],[-64.543325140999968,-21.949251595999954],[-64.543062711999937,-21.948775972999954],[-64.542802157999972,-21.948296480999943],[-64.542543443999932,-21.947813057999952],[-64.542286535999949,-21.947325640999964],[-64.542031398999939,-21.946834166999963],[-64.54177802199996,-21.946338608999952],[-64.541526344999966,-21.945838851999952],[-64.541276327999981,-21.94533482099996],[-64.541027932999953,-21.944826435999971],[-64.540781119999963,-21.944313618999956],[-64.540535844999965,-21.943796273999965],[-64.540292062999981,-21.943274305999978],[-64.54004972499996,-21.942747616999952],[-64.539809103999971,-21.94221680499993],[-64.539569821999976,-21.941681063999965],[-64.539331829999981,-21.941140275999942],[-64.539095069999973,-21.940594312999963],[-64.538859489999936,-21.940043051999965],[-64.538625018999937,-21.939486332999934],[-64.53839159599994,-21.938924004999933],[-64.538159147999977,-21.938355895999962],[-64.537927674999935,-21.937782008999932],[-64.537697025999933,-21.937201973999947],[-64.537467118999984,-21.936615582999934],[-64.537237862999973,-21.936022605999938],[-64.537009176999959,-21.935422832999961],[-64.536780945999965,-21.934815962999949],[-64.536553058999971,-21.934201705999953],[-64.536325397999974,-21.933579734999967],[-64.535943430999964,-21.932517484999948],[-64.535561038999958,-21.931430583999941],[-64.535177446999967,-21.930316823999931],[-64.534791660999986,-21.929173322999929],[-64.534403026999939,-21.927998191999961],[-64.534009592999951,-21.926785570999982],[-64.533609628999955,-21.92553013099996],[-64.533200588999932,-21.924223885999936],[-64.532849454999962,-21.923085833999949],[-64.532486867999978,-21.921895830999972],[-64.532109210999977,-21.920642034999958],[-64.531709575999969,-21.919301517999941],[-64.531351378999943,-21.918090052999958],[-64.530955512999981,-21.916742763999935],[-64.529576754999937,-21.912022283999931],[-64.529029154999932,-21.91015523599998],[-64.528463648999946,-21.908244169999932],[-64.527949448999948,-21.906528016999971],[-64.527653081999972,-21.905550354999946],[-64.527365337999981,-21.904610240999943],[-64.52708432999998,-21.903701509999962],[-64.526808789999961,-21.902820065999947],[-64.526537303999987,-21.90196139699998],[-64.526269410999987,-21.901124073999938],[-64.526004406999959,-21.90030588999997],[-64.525741744999948,-21.899505155999975],[-64.525424387999976,-21.898551606999945],[-64.525109058999988,-21.897619561999932],[-64.524795124999969,-21.896707144999937],[-64.52448207499998,-21.895812876999969],[-64.524169348999976,-21.894935162999957],[-64.523856651999949,-21.894073184999968],[-64.523543623999956,-21.893225944999983],[-64.523229958999934,-21.892392615999938],[-64.522914932999981,-21.89157131199994],[-64.522598728999981,-21.890762539999969],[-64.522281111999973,-21.889965694999944],[-64.521961872999952,-21.889180255999975],[-64.521640786999967,-21.88840567099993],[-64.521317704999944,-21.887641579999979],[-64.520992455999988,-21.886887583999965],[-64.520664890999967,-21.886143329999982],[-64.520315467999978,-21.88536423499994],[-64.519957477999981,-21.884579777999932],[-64.519590750999953,-21.883789585999978],[-64.519215090999978,-21.882993236999937],[-64.518830317999971,-21.882190352999942],[-64.518436157999986,-21.88138035299994],[-64.518032344999938,-21.88056269599997],[-64.517618569999968,-21.879736754999954],[-64.517195113999946,-21.878903062999939],[-64.516760987999987,-21.87805965299998],[-64.516315755999983,-21.877205672999935],[-64.515858886999979,-21.876340108999955],[-64.515389942999946,-21.875462124999956],[-64.514908057999946,-21.874570092999932],[-64.514412418999939,-21.873662508999928],[-64.513901985999951,-21.872737469999947],[-64.513478048999957,-21.871976011999948],[-64.513042868999946,-21.871200297999962],[-64.512595535999935,-21.870408699999928],[-64.512134848999949,-21.869599095999945],[-64.511660036999956,-21.868770122999933],[-64.511168617999942,-21.867917430999967],[-64.510658325999941,-21.867037091999975],[-64.510125720999952,-21.86612316999998],[-64.509198015999971,-21.864541368999937],[-64.508160232999955,-21.862783643999933],[-64.507150915999944,-21.861082096999951],[-64.504635778999955,-21.856851193999944],[-64.503298532999963,-21.854591758999959],[-64.502609131999975,-21.853420267999979],[-64.501965515999984,-21.852320983999959],[-64.501356227999963,-21.851274332999935],[-64.50077532399996,-21.850270092999949],[-64.500126881999961,-21.849140674999944],[-64.499505984999985,-21.848049731999936],[-64.49890888699997,-21.84699068599997],[-64.498333079999952,-21.845959083999958],[-64.497775827999988,-21.844950002999951],[-64.497236232999967,-21.843961799999931],[-64.496712945999946,-21.84299200199996],[-64.496204937999948,-21.842038697999953],[-64.495643722999944,-21.840970714999969],[-64.495100084999933,-21.839919886999951],[-64.494573088999971,-21.838884406999966],[-64.494315596999968,-21.83837196099995],[-64.494061992999946,-21.837862815999927],[-64.493812132999949,-21.837356676999946],[-64.493566012999963,-21.836853537999957],[-64.493323565999958,-21.836353259999953],[-64.493084729999964,-21.83585571499998],[-64.492849440999976,-21.835360770999955],[-64.492617650999932,-21.834868324999945],[-64.492389308999975,-21.834378268999956],[-64.492164366999987,-21.833890501999974],[-64.491942520999942,-21.833404351999945],[-64.491723997999941,-21.832920308999974],[-64.491508757999952,-21.832438283999977],[-64.491296764999959,-21.831958198999928],[-64.491087981999954,-21.831479965999961],[-64.49088237899997,-21.831003518999978],[-64.490679923999949,-21.830528783999966],[-64.490480588999958,-21.830055694999942],[-64.490284331999987,-21.82958414899997],[-64.490091141999983,-21.829114120999975],[-64.489900994999971,-21.828645553999934],[-64.489713868999957,-21.828178389999948],[-64.489529739999966,-21.82771257099995],[-64.489348586999938,-21.827248047999944],[-64.489170393999984,-21.82678477099995],[-64.488995139999986,-21.826322690999973],[-64.488817602999973,-21.825846929999955],[-64.488641091999966,-21.825365362999946],[-64.488465520999966,-21.824877754999932],[-64.488290792999976,-21.824383840999928],[-64.488116825999953,-21.823883380999973],[-64.487943487999985,-21.823376008999958],[-64.487770662999935,-21.822861372999967],[-64.487598211999966,-21.822339071999977],[-64.487426249999942,-21.82180946699998],[-64.487254352999969,-21.821271269999954],[-64.487082341999951,-21.820723924999982],[-64.48691000499997,-21.820166757999971],[-64.486737172999938,-21.819599222999955],[-64.486563510999986,-21.819020227999943],[-64.486388714999975,-21.818428762999929],[-64.486212404999947,-21.817823536999981],[-64.485927292999975,-21.816827131999958],[-64.485634829999981,-21.815783605999968],[-64.485331955999982,-21.814682061999974],[-64.485012732999962,-21.813500923999982],[-64.484737370999937,-21.812468205999949],[-64.484433470999932,-21.811316892999969],[-64.483438262999982,-21.807510960999934],[-64.483069500999932,-21.806108237999979],[-64.482703820999973,-21.804732745999956],[-64.482369032999941,-21.80349248899995],[-64.48201824299997,-21.802217249999956],[-64.481681437999953,-21.801019933999953],[-64.481353266999974,-21.799881526999968],[-64.481191470999988,-21.79933112599997],[-64.481030773999976,-21.798791800999936],[-64.480869509999934,-21.798258062999935],[-64.480708860999982,-21.79773390899993],[-64.48054861199995,-21.797218652999959],[-64.480388588999972,-21.796711726999945],[-64.480228601999954,-21.796212527999955],[-64.480068532999951,-21.795720702999972],[-64.479908254999941,-21.795235844999979],[-64.479747648999933,-21.794757605999962],[-64.479586465999944,-21.794285249999973],[-64.479424749999964,-21.793818915999964],[-64.479262406999965,-21.793358335999983],[-64.479099356999939,-21.792903278999972],[-64.478935510999975,-21.792453498999976],[-64.478770806999933,-21.792008824999982],[-64.478605175999974,-21.791569073999938],[-64.478438555999958,-21.79113407899996],[-64.47803933199998,-21.790105809999943],[-64.477638438999975,-21.789083886999947],[-64.477235858999961,-21.788068263999946],[-64.476831578999963,-21.787058900999966],[-64.476425577999976,-21.786055751999982],[-64.476017843999955,-21.785058786999969],[-64.475608362999935,-21.784067969999967],[-64.475197123999976,-21.783083267999928],[-64.474784098999976,-21.782104627999956],[-64.47436928999997,-21.781132043999946],[-64.473952682999936,-21.780165487999966],[-64.473534269999959,-21.779204936999975],[-64.473114036999959,-21.778250362999927],[-64.472691974999975,-21.777301744999932],[-64.472268074999988,-21.776359062999973],[-64.471842328999969,-21.775422294999942],[-64.471414674999949,-21.774491309999974],[-64.470985156999973,-21.773566203999962],[-64.470553765999966,-21.772646960999964],[-64.470120495999936,-21.771733562999941],[-64.469685338999966,-21.770825994999939],[-64.469248286999971,-21.769924241999945],[-64.468809335999936,-21.769028291999973],[-64.468368476999956,-21.768138130999944],[-64.467925701999945,-21.767253739999944],[-64.467481008999982,-21.766375112999981],[-64.46703439099997,-21.765502241999968],[-64.466585843999951,-21.76463511399993],[-64.466135362999978,-21.763773719999961],[-64.465682941999944,-21.762918051999975],[-64.465228576999948,-21.762068097999929],[-64.464772263999976,-21.761223852999933],[-64.464313794999953,-21.76038493599998],[-64.463853366999956,-21.759551715999976],[-64.46339097699996,-21.758724186999927],[-64.462926618999973,-21.757902338999941],[-64.462460292999936,-21.757086167999944],[-64.46199199299997,-21.756275666999954],[-64.461521716999982,-21.755470829999979],[-64.46104945999997,-21.754671651999956],[-64.460575218999963,-21.753878124999972],[-64.460098991999985,-21.753090244999953],[-64.459620775999952,-21.752308008999933],[-64.459140568999942,-21.751531412999952],[-64.458658367999988,-21.750760450999962],[-64.458174170999939,-21.749995120999927],[-64.457687973999953,-21.749235416999966],[-64.457199775999982,-21.748481335999941],[-64.456709563999937,-21.747732857999949],[-64.45621734499997,-21.746989996999957],[-64.455723119999959,-21.74625274899995],[-64.455226883999956,-21.745521111999949],[-64.45472863699996,-21.744795082999929],[-64.454228377999982,-21.744074658999978],[-64.453726102999951,-21.743359837999947],[-64.453221812999971,-21.742650616999981],[-64.452715501999933,-21.741946992999942],[-64.452207172999977,-21.741248965999944],[-64.451696822999963,-21.740556531999971],[-64.451184450999961,-21.739869689999978],[-64.450670054999932,-21.739188438999975],[-64.450153633999946,-21.738512775999936],[-64.449635186999956,-21.737842699999931],[-64.449114713999961,-21.737178208999978],[-64.448754104999978,-21.736722956999927],[-64.448389513999985,-21.736267362999968],[-64.448020910999958,-21.735811389999981],[-64.447648261999973,-21.735354997999934],[-64.447271536999949,-21.734898149999935],[-64.446890697999947,-21.73444079899997],[-64.446505711999976,-21.733982902999969],[-64.446116535999977,-21.733524414999977],[-64.445723156999975,-21.733065316999955],[-64.445325507999939,-21.732605529999944],[-64.444923543999948,-21.73214500399996],[-64.444517218999977,-21.73168368499995],[-64.444106485999953,-21.731221519999963],[-64.443691289999947,-21.730758445999982],[-64.443271574999983,-21.730294403999949],[-64.442847284999971,-21.729829326999948],[-64.442418718999988,-21.729363540999941],[-64.441985457999976,-21.728896582999937],[-64.441547433999972,-21.728428382999937],[-64.441104571999972,-21.727958859999944],[-64.440656803999957,-21.727487939999946],[-64.44020403899998,-21.727015528999971],[-64.439746188999948,-21.726541536999946],[-64.439283162999971,-21.726065863999963],[-64.438814943999944,-21.725588497999979],[-64.438341342999934,-21.725109239999938],[-64.437862245999952,-21.724627977999944],[-64.437377527999956,-21.724144585999966],[-64.436887073999969,-21.723658947999979],[-64.436390723999978,-21.72317090699994],[-64.435888329999955,-21.722680314999934],[-64.435379721999936,-21.722187007999935],[-64.434887271999969,-21.721712471999979],[-64.434388801999944,-21.721235127999933],[-64.433884126999942,-21.720754798999963],[-64.43337304299996,-21.720271289999971],[-64.432855361999941,-21.719784422999965],[-64.432330807999961,-21.719293939999943],[-64.431799119999937,-21.718799593999961],[-64.431259998999963,-21.71830110999997],[-64.430713616999981,-21.717798640999945],[-64.430159126999968,-21.717291406999948],[-64.429596133999951,-21.716779042999974],[-64.429024172999959,-21.716261129999964],[-64.42785145199997,-21.715206934999969],[-64.42663571199995,-21.714124097999957],[-64.42543451399996,-21.713063180999939],[-64.424180303999947,-21.711963848999972],[-64.422862620999979,-21.710816924999961],[-64.421462304999977,-21.709605730999954],[-64.420046641999932,-21.708387816999959],[-64.418479340999966,-21.707045350999977],[-64.416804954999975,-21.705615854999962],[-64.413926102999937,-21.703162550999934],[-64.413345818999971,-21.70266916099996],[-64.412762560999965,-21.702175694999937],[-64.411587037999936,-21.701188467999941],[-64.410399368999947,-21.700200730999939],[-64.409199376999936,-21.699212336999949],[-64.40798689099995,-21.698223148999944],[-64.406761700999937,-21.697232988999929],[-64.405523592999941,-21.696241689999965],[-64.404272344999981,-21.695249068999942],[-64.403007919999936,-21.694255099999964],[-64.401729863999947,-21.693259418999958],[-64.400437903999944,-21.692261815999927],[-64.399131743999988,-21.691262061999964],[-64.397811106999939,-21.690259942999944],[-64.396475615999975,-21.689255175999961],[-64.395124910999982,-21.688247488999934],[-64.393758594999952,-21.687236582999958],[-64.392380397999943,-21.686225182999976],[-64.390985795999939,-21.685209933999943],[-64.389574297999957,-21.684190473999934],[-64.388145349999945,-21.683166406999931],[-64.386698447999947,-21.682137369999964],[-64.385232846999941,-21.681102830999976],[-64.383747837999977,-21.680062290999956],[-64.382242608999945,-21.679015181999944],[-64.380717663999974,-21.677961842999935],[-64.379170666999983,-21.676900649999936],[-64.377600536999978,-21.675830864999966],[-64.376006006999944,-21.674751619999938],[-64.374385988999961,-21.67366218199993],[-64.37273855899997,-21.672561250999934],[-64.371061915999974,-21.671447626999964],[-64.369353860999979,-21.670319846999973],[-64.368054308999945,-21.669467858999951],[-64.366742377999969,-21.668615015999933],[-64.365417783999987,-21.667761134999978],[-64.364080219999948,-21.666906017999963],[-64.362729395999963,-21.666049477999934],[-64.361364924999975,-21.665191271999959],[-64.359986438999954,-21.664331164999965],[-64.358593527999972,-21.663468904999945],[-64.357186213999967,-21.66260449899994],[-64.355763579999973,-21.661737381999956],[-64.354325123999956,-21.660867248999978],[-64.352870288999952,-21.659993761999942],[-64.351398561999986,-21.659116611999934],[-64.349909197999978,-21.658235355999977],[-64.348401491999937,-21.657349575999945],[-64.346874639999953,-21.656458799999939],[-64.345339767999974,-21.655569447999937],[-64.343784237999955,-21.654674125999975],[-64.342207020999979,-21.653772242999935],[-64.340606917999935,-21.652863112999967],[-64.338982887999975,-21.651946144999954],[-64.337333161999936,-21.651020335999931],[-64.335656079999978,-21.650084756999945],[-64.333949642999983,-21.649138289999939],[-64.332217182999955,-21.64818276099993],[-64.33045068399997,-21.647213721999947],[-64.328647157999967,-21.646229533999929],[-64.326802789999988,-21.645228115999942],[-64.32491489399996,-21.644208001999971],[-64.322976176999987,-21.643165247999946],[-64.32097999399997,-21.642096275999961],[-64.318916851999973,-21.640996004999977],[-64.318057117999956,-21.640541311999982],[-64.317186582999966,-21.640086740999948],[-64.316304836999961,-21.639632075999941],[-64.315411413999982,-21.639177078999978],[-64.314505894999968,-21.638721532999966],[-64.313587638999934,-21.638265117999936],[-64.312656041999958,-21.637807530999964],[-64.311710395999967,-21.637348424999971],[-64.310751301999971,-21.636888081999928],[-64.309776555999974,-21.636425430999964],[-64.308785194999984,-21.635960014999966],[-64.307776059999981,-21.635491291999926],[-64.30674819799998,-21.635018815999956],[-64.305699750999963,-21.634541728999977],[-64.304628991999948,-21.634059247999971],[-64.303533733999984,-21.633570383999938],[-64.302619929999935,-21.633165885999972],[-64.301686417999974,-21.632755630999952],[-64.300731259999964,-21.632338766999965],[-64.299751923999963,-21.631914188999929],[-64.298746772999948,-21.631481182999948],[-64.29771061699995,-21.631037505999927],[-64.296638751999978,-21.630581143999962],[-64.295524075999936,-21.630109071999982],[-64.293575881999971,-21.62928925999995],[-64.291406399999971,-21.628382501999965],[-64.289292553999985,-21.627503226999977],[-64.283976413999937,-21.625296871999979],[-64.282467283999949,-21.62466855699995],[-64.281109762999961,-21.624101479999979],[-64.279613556999948,-21.623473731999979],[-64.27821337499995,-21.622883042999945],[-64.276883821999945,-21.622318698999948],[-64.27561174899995,-21.621775113999945],[-64.274161516999982,-21.621150454999963],[-64.272766609999962,-21.620544030999952],[-64.271418295999979,-21.619952043999945],[-64.270110728999953,-21.619371928999954],[-64.268837478999956,-21.618800818999944],[-64.267596451999964,-21.618237762999968],[-64.266384469999934,-21.617681319999974],[-64.265199094999957,-21.617130368999938],[-64.264513358999977,-21.61680843399995],[-64.263835712999935,-21.616487879999966],[-64.263165809999975,-21.616168540999979],[-64.262503343999981,-21.615850272999978],[-64.261847988999932,-21.615532916999939],[-64.261199517999955,-21.615216363999934],[-64.260557684999981,-21.614900493999983],[-64.259922266999979,-21.61458519699994],[-64.259292866999942,-21.614270273999978],[-64.258669481999959,-21.613955723999936],[-64.258051929999965,-21.613641453999946],[-64.257440044999953,-21.61332737999993],[-64.256833653999934,-21.613013412999976],[-64.256232623999949,-21.612699483999961],[-64.255636815999935,-21.612385519999975],[-64.255046099999959,-21.612071451999952],[-64.254459603999976,-21.611756812999943],[-64.253877974999966,-21.611441942999932],[-64.253301102999956,-21.611126783999964],[-64.252728884999954,-21.610811276999982],[-64.252161215999934,-21.610495366999942],[-64.251598009999952,-21.610179003999974],[-64.251039179999964,-21.609862139999962],[-64.250484642999936,-21.609544726999957],[-64.249934269999983,-21.609226692999982],[-64.249388035999971,-21.608908020999934],[-64.248845868999979,-21.608588669999961],[-64.248307698999952,-21.608268597999938],[-64.247773457999983,-21.607947765999938],[-64.247243087999948,-21.607626136999954],[-64.246716527999979,-21.607303674999969],[-64.246193720999941,-21.606980346999933],[-64.244900365999968,-21.606174138999961],[-64.243644133999965,-21.60538635599994],[-64.242420607999975,-21.604614226999956],[-64.241226573999938,-21.603855721999935],[-64.240058523999949,-21.603108608999946],[-64.238915028999941,-21.602371968999933],[-64.237794164999968,-21.601644559999954],[-64.236694400999966,-21.600925389999929],[-64.235611782999968,-21.600211852999962],[-64.234547833999954,-21.599504930999956],[-64.23350150999994,-21.598803931999953],[-64.232471939999982,-21.598108270999944],[-64.231458196999938,-21.597417319999977],[-64.230459722999967,-21.596730698999977],[-64.229475885999932,-21.596047970999962],[-64.228506137999943,-21.595368755999971],[-64.227544030999979,-21.594688480999935],[-64.226595217999943,-21.594011079999973],[-64.225659272999962,-21.593336247999957],[-64.224735819999978,-21.592663715999947],[-64.223824467999975,-21.591993195999976],[-64.222924942999953,-21.591324487999941],[-64.222036949999961,-21.590657371999953],[-64.22116022299997,-21.589991648999955],[-64.220294280999951,-21.589326949999929],[-64.21943913399997,-21.588663277999956],[-64.218594567999958,-21.58800047099993],[-64.217760386999942,-21.587338371999977],[-64.216936390999933,-21.586676821999959],[-64.216122427999949,-21.586015700999951],[-64.215318336999985,-21.58535487499995],[-64.214523970999949,-21.584694225999954],[-64.212414016999958,-21.582925440999929],[-64.210657779999963,-21.581445142999939],[-64.209840550999957,-21.580752708999967],[-64.209058483999968,-21.580087438999954],[-64.208305180999957,-21.579443892999961],[-64.207576629999949,-21.578818640999941],[-64.206855251999968,-21.578196502999958],[-64.20615367399995,-21.577588275999972],[-64.20546976299994,-21.576992109999935],[-64.204801933999988,-21.576406621999979],[-64.204148463999957,-21.57583029999995],[-64.203508603999978,-21.575262479999935],[-64.202881380999941,-21.574702296999931],[-64.202266006999935,-21.574149047999981],[-64.201646122999932,-21.573587878999945],[-64.201037330999952,-21.573032761999968],[-64.200439051999979,-21.572483168999952],[-64.199850797999943,-21.571938651999972],[-64.199272053999948,-21.571398733999956],[-64.19870250699995,-21.570863119999956],[-64.198141800999963,-21.570331477999957],[-64.197589628999935,-21.569803515999979],[-64.197045365999941,-21.569278630999975],[-64.196509110999955,-21.568756912999959],[-64.195980627999973,-21.568238134999945],[-64.195459709999966,-21.567722092999929],[-64.194946138999967,-21.567208570999981],[-64.194439765999959,-21.566697416999943],[-64.193940423999948,-21.566188466999961],[-64.193447968999976,-21.565681568999935],[-64.192947899999979,-21.565161572999955],[-64.192454846999965,-21.564643458999967],[-64.191968681999981,-21.564127091999978],[-64.191489285999978,-21.563612346999946],[-64.191016539999964,-21.563099093999938],[-64.190550351999946,-21.562587231999942],[-64.190090624999982,-21.562076656999977],[-64.18963727299996,-21.561567271999934],[-64.189190147999966,-21.561058911999964],[-64.188749238999947,-21.560551559999965],[-64.188314471999945,-21.56004513299996],[-64.187885780999977,-21.559539550999943],[-64.187463094999941,-21.559034734999955],[-64.187046360999943,-21.558530615999928],[-64.18663552299995,-21.558027129999971],[-64.186230525999974,-21.55752420999994],[-64.185831058999952,-21.557021460999977],[-64.185437345999958,-21.556519158999947],[-64.185049341999957,-21.556017244999964],[-64.184667002999959,-21.555515666999952],[-64.184290290999968,-21.555014367999945],[-64.183919167999932,-21.554513301999975],[-64.183553597999946,-21.554012421999971],[-64.183193549999942,-21.553511681999964],[-64.182838974999981,-21.553011011999956],[-64.182489858999986,-21.552510396999935],[-64.182146172999978,-21.552009791999978],[-64.181807891999938,-21.551509160999956],[-64.18147498899998,-21.55100846199997],[-64.181147439999961,-21.550507661999973],[-64.180825221999953,-21.550006723999957],[-64.180508313999951,-21.54950561499993],[-64.179946487999985,-21.548604009999963],[-64.179401336999945,-21.547717980999948],[-64.17887180799994,-21.546845818999941],[-64.178357129999938,-21.545986251999977],[-64.177856463999944,-21.545137871999941],[-64.177369465999959,-21.544300087999943],[-64.176895676999948,-21.543472110999971],[-64.176434734999987,-21.542653309999935],[-64.175985711999942,-21.541842006999957],[-64.175548988999935,-21.541038858999968],[-64.175124327999981,-21.540243430999965],[-64.17471153799994,-21.539455363999934],[-64.174310415999969,-21.538674267999966],[-64.173920846999977,-21.537899916999947],[-64.173542697999949,-21.537132048999979],[-64.173175860999947,-21.536370439999928],[-64.172818964999976,-21.535612153999978],[-64.17247327299998,-21.534859775999962],[-64.172138706999988,-21.534113134999927],[-64.171815199999969,-21.533372080999982],[-64.171502680999936,-21.532636453999942],[-64.171350528999938,-21.532270641999958],[-64.171201106999945,-21.531906146999972],[-64.171054407999975,-21.531542950999949],[-64.170910427999956,-21.531181043999936],[-64.170769160999953,-21.530820411999969],[-64.170630603999939,-21.530461041999956],[-64.170494728999984,-21.530102866999982],[-64.170361555999932,-21.529745932999958],[-64.170231078999961,-21.529390226999965],[-64.170103295999979,-21.529035740999973],[-64.169978199999946,-21.52868245999997],[-64.169855790999975,-21.528330378999954],[-64.169736063999949,-21.527979486999982],[-64.169619015999956,-21.527629776999959],[-64.169504643999971,-21.52728123299994],[-64.169392945999959,-21.526933852999946],[-64.169283918999952,-21.526587628999948],[-64.16917756099997,-21.526242552999975],[-64.169073868999988,-21.525898617999928],[-64.168972842999949,-21.525555815999951],[-64.168874478999953,-21.525214140999935],[-64.168778776999943,-21.524873586999945],[-64.168616077999957,-21.524276403999977],[-64.168458277999946,-21.523674894999942],[-64.168305401999987,-21.523069144999965],[-64.168157468999937,-21.522459243999947],[-64.168014502999938,-21.521845281999958],[-64.16787652499994,-21.521227352999972],[-64.167743556999937,-21.52060555199995],[-64.167729674999975,-21.520537676999936],[-64.167682775999936,-21.520507643999963],[-64.167177015999982,-21.520180300999982],[-64.166678361999971,-21.519854015999954],[-64.166186626999945,-21.519528667999964],[-64.165701654999964,-21.519204151999929],[-64.165223279999964,-21.518880358999979],[-64.164751401999979,-21.518557218999945],[-64.164285907999954,-21.518234653999968],[-64.163826696999934,-21.517912596999963],[-64.163373564999972,-21.517590899999959],[-64.162926548999963,-21.517269589999955],[-64.162485576999984,-21.516948614999933],[-64.162050583999985,-21.516627925999956],[-64.161621500999956,-21.516307474999962],[-64.161198282999976,-21.515987224999947],[-64.160780880999937,-21.515667140999938],[-64.160369248999984,-21.515347186999975],[-64.159958625999934,-21.515023586999973],[-64.159553830999982,-21.51470005699997],[-64.159154824999973,-21.514376569999968],[-64.15876157799994,-21.514053098999966],[-64.158374057999936,-21.513729616999967],[-64.157992238999952,-21.513406104999945],[-64.15761609599997,-21.513082539999971],[-64.157245606999936,-21.512758903999952],[-64.156880731999934,-21.512435159999939],[-64.156521468999983,-21.512111308999977],[-64.15616780299996,-21.511787332999972],[-64.155819715999939,-21.51146321899995],[-64.155477190999932,-21.511138949999975],[-64.15514021599995,-21.510814513999946],[-64.154808776999971,-21.510489898999936],[-64.154482862999942,-21.510165092999955],[-64.15416238399996,-21.509840003999955],[-64.153847409999969,-21.509514702999979],[-64.153537931999949,-21.509189177999929],[-64.153233941999986,-21.508863420999944],[-64.152935428999967,-21.508537421999961],[-64.152642386999958,-21.50821117299995],[-64.152354808999974,-21.507884667999974],[-64.152072689999954,-21.50755789699997],[-64.151796015999935,-21.507230848999939],[-64.15152478899995,-21.506903521999959],[-64.151259001999961,-21.50657591099997],[-64.150998650999952,-21.506248006999954],[-64.150743730999977,-21.505919806999941],[-64.150494236999975,-21.505591304999939],[-64.150250166999967,-21.505262495999943],[-64.150011516999939,-21.504933373999961],[-64.149682458999962,-21.504467550999948],[-64.149356203999957,-21.50399250199996],[-64.149032724999984,-21.503508188999945],[-64.148711990999971,-21.50301456699998],[-64.148393977999945,-21.50251159499993],[-64.148078645999988,-21.501999213999966],[-64.147765960999948,-21.50147736699995],[-64.147455884999943,-21.500945989999934],[-64.147148425999944,-21.500405101999945],[-64.14684349099997,-21.49985454199998],[-64.146541033999938,-21.49929422799994],[-64.146241002999943,-21.498724062999941],[-64.145943354999986,-21.498143963999951],[-64.145648019999953,-21.497553799999935],[-64.145354936999979,-21.496953442999938],[-64.145064032999983,-21.496342751999975],[-64.144776349999972,-21.495723993999945],[-64.14449067399994,-21.495094646999974],[-64.144206913999938,-21.494454514999973],[-64.143924972999969,-21.493803369999966],[-64.143644760999962,-21.493141013999946],[-64.143366129999947,-21.492467099999942],[-64.143088948999946,-21.491781304999961],[-64.142813055999966,-21.491083232999927],[-64.14253869199996,-21.490373525999928],[-64.142265234999968,-21.489650615999949],[-64.141992463999941,-21.488913913999966],[-64.141720101999965,-21.488162672999977],[-64.141447943999935,-21.487396338999929],[-64.141175501999953,-21.486613546999934],[-64.140902342999937,-21.485813052999958],[-64.140627886999937,-21.484993160999977],[-64.14051952799997,-21.484663058999956],[-64.140412649999973,-21.484330772999954],[-64.140307244999974,-21.483996275999971],[-64.140203299999939,-21.483659534999958],[-64.140100810999968,-21.483320523999964],[-64.139999763999981,-21.482979205999982],[-64.139801955999985,-21.482289512999955],[-64.139609807999932,-21.481590206999954],[-64.139423216999944,-21.480880921999983],[-64.139242089999982,-21.480161307999936],[-64.139066325999977,-21.479430964999949],[-64.138895975999958,-21.47869013899998],[-64.138730762999955,-21.477937679999968],[-64.138570567999977,-21.477173050999966],[-64.138415260999977,-21.476395624999952],[-64.138264731999982,-21.475604863999934],[-64.138118796999947,-21.474799811999958],[-64.137977292999949,-21.47397957499993],[-64.137840031999986,-21.473143059999927],[-64.13771382699997,-21.47233511099995],[-64.137591044999965,-21.471510200999944],[-64.137471471999959,-21.470666896999944],[-64.137354842999969,-21.469803351999929],[-64.137240979999945,-21.468918292999945],[-64.137129409999943,-21.468008106999946],[-64.137019727999984,-21.46706949999998],[-64.136911372999975,-21.466097692999938],[-64.136811360999957,-21.465160301999958],[-64.136711141999967,-21.464181853999946],[-64.136609764999946,-21.46315309299996],[-64.136505475999968,-21.462056252999957],[-64.136408872999937,-21.461009124999975],[-64.136303704999932,-21.459841329999961],[-64.135936071999936,-21.455669317999934],[-64.135906947999956,-21.455302825999979],[-64.135884120999947,-21.454930022999974],[-64.135867582999936,-21.454550757999982],[-64.13585732599995,-21.454164858999945],[-64.135853344999987,-21.453772173999937],[-64.135855637999953,-21.453372467999941],[-64.135864204999962,-21.452965517999928],[-64.13587905299994,-21.452551068999981],[-64.135900161999984,-21.452129299999967],[-64.135927564999974,-21.451699447999943],[-64.135961282999972,-21.451261163999959],[-64.136001346999933,-21.450814031999982],[-64.136047785999949,-21.450357700999973],[-64.136100664999958,-21.449891522999962],[-64.136160053999959,-21.449414892999982],[-64.136226043999955,-21.448927058999971],[-64.136291452999956,-21.448475860999963],[-64.136362460999976,-21.44801403699995],[-64.136439202999952,-21.447540704999938],[-64.136521863999974,-21.447054717999947],[-64.13661056899997,-21.446555312999976],[-64.136705720999942,-21.446040181999933],[-64.136807706999946,-21.445507223999982],[-64.136917121999943,-21.444953325999961],[-64.137018284999954,-21.444454635999932],[-64.137126382999952,-21.443933392999952],[-64.137368543999969,-21.442798530999937],[-64.137617518999946,-21.441662965999967],[-64.13827768699997,-21.438689278999959],[-64.138468046999947,-21.437814203999949],[-64.138634663999937,-21.437030876999927],[-64.13881728399997,-21.436145048999947],[-64.138980037999943,-21.435321740999939],[-64.139126088999944,-21.434544934999963],[-64.139256953999961,-21.433806505999939]]]]},"properties":{"FID":0,"Id":0,"sci_name":"Cinclus schulzii"}}]}