{"type":"FeatureCollection","features":[{"type":"Feature","id":0,"geometry":{"type":"MultiPolygon","coordinates":[[[[-67.151863269447517,-15.708007578934939],[-67.151819636789924,-15.706271958516197],[-67.151772138637398,-15.704369531665463],[-67.1516878566419,-15.701083153114837],[-67.151655412791797,-15.69980998922523],[-67.153283355633846,-15.700930081219781],[-67.155381718426781,-15.701330718426732],[-67.155928374676762,-15.705871951336803],[-67.152435306317386,-15.708380306317395],[-67.151989548132065,-15.708729409297007],[-67.151863269447517,-15.708007578934939]]],[[[-65.38737121405444,-9.7296969612024213],[-65.389890783310079,-9.7272755903748589],[-65.391701721669961,-9.7248410393248719],[-65.395128471576299,-9.7216000036789296],[-65.399161739392127,-9.7180565084617001],[-65.401668111235267,-9.7159013850944689],[-65.402690144434189,-9.7150225818813283],[-65.409654680389622,-9.7106452765997915],[-65.420563034895167,-9.7050474044673933],[-65.423390784882656,-9.7035184105130838],[-65.440875525220292,-9.6969702243009692],[-65.444715133797615,-9.6954339621484564],[-65.446936238181024,-9.6942163564229986],[-65.448958826647072,-9.6935965875096599],[-65.451280996236846,-9.6923872829380571],[-65.453804725125735,-9.6909506144866668],[-65.45915194630777,-9.6873069677882313],[-65.460776510657809,-9.6880997334260996],[-65.461406067684493,-9.6921257507467544],[-65.461313010004289,-9.693626547455608],[-65.460611965329974,-9.6950412926372564],[-65.459504572052253,-9.6962510722453885],[-65.458497695765402,-9.6973697669643002],[-65.457499773711959,-9.6999885361749421],[-65.457308758158092,-9.70157979093932],[-65.457015537179416,-9.7040224678316349],[-65.457331193755579,-9.706234288306689],[-65.45917824987373,-9.7105498785712143],[-65.460102741444075,-9.7129561750198832],[-65.461429662108799,-9.7148625688869288],[-65.464782864469839,-9.7168629580431798],[-65.469559717884692,-9.7198471955429113],[-65.472097264841068,-9.7208321494342158],[-65.474634165275575,-9.7217267168572903],[-65.477073394912907,-9.7233177997705411],[-65.478498786135901,-9.7246179193907665],[-65.480938620744553,-9.7262089607477265],[-65.488361337354092,-9.7313968939147912],[-65.493028480101316,-9.7327819892610705],[-65.494649595561668,-9.7329690845487562],[-65.497080779757312,-9.7329605408468183],[-65.498498917842653,-9.7329502780013968],[-65.501029606087172,-9.7327331420170253],[-65.502136674331609,-9.7314147991064601],[-65.50253224425154,-9.729703998770276],[-65.50282274178636,-9.7273885027634606],[-65.50332040448211,-9.7259751737519196],[-65.504934672275851,-9.7248519595063954],[-65.507268230767295,-9.7255489243509032],[-65.509050168674548,-9.7273433123856989],[-65.509324681516546,-9.7309650096252085],[-65.508930518308489,-9.7327842391850368],[-65.50833159769104,-9.7343971148104629],[-65.506736972119199,-9.7389360645289003],[-65.505632678676648,-9.740552613062448],[-65.504423095493678,-9.7416729086335749],[-65.503007880626967,-9.742180200780922],[-65.501592965923351,-9.7427868894003495],[-65.50022971615266,-9.7444956750022698],[-65.500903192154567,-9.7461173935831766],[-65.503539790569221,-9.7466043072870434],[-65.505768331251943,-9.7465881130881371],[-65.50729014065729,-9.7469836951382263],[-65.513573436028764,-9.7476518197228188],[-65.515498121566281,-9.7476377763669575],[-65.516671953101365,-9.7472922110711693],[-65.516914565118952,-9.7472207883064357],[-65.518633633652769,-9.7468106203681373],[-65.520150372112937,-9.7462934855391268],[-65.522177134874539,-9.7464774640362748],[-65.522996660822457,-9.7480890066490815],[-65.523006580316576,-9.7498514191627805],[-65.523006832585963,-9.7498962402622169],[-65.522730611175973,-9.7546243737527902],[-65.522638900742152,-9.7562425862417967],[-65.522451505730203,-9.7589639577792582],[-65.522465458320653,-9.7612772095773721],[-65.523394047812985,-9.7640898001823189],[-65.524615205350017,-9.7651923340204121],[-65.525942649330545,-9.7668995273991754],[-65.526355878106983,-9.7682971516125008],[-65.526469440559652,-9.7704108604846169],[-65.52608133802795,-9.7733325049107407],[-65.525785294295417,-9.7747443761750787],[-65.525591582748064,-9.7761554956192072],[-65.525402374062367,-9.7785696350284752],[-65.525413411585703,-9.7804852943638139],[-65.525945196228349,-9.784809870989875],[-65.524745680846365,-9.7875296474089737],[-65.523133686741346,-9.7891500012311781],[-65.522127153466499,-9.7902688924683616],[-65.520521408629293,-9.7929012862585978],[-65.52053254497838,-9.7949073157437851],[-65.520546616267211,-9.7972296021925445],[-65.520554975209677,-9.7987296056475657],[-65.521681047854315,-9.8007455081748276],[-65.522805165461989,-9.8023457380083414],[-65.524333188441176,-9.803744183325648],[-65.52595995019891,-9.8047352483476971],[-65.527991567997162,-9.8056329515700327],[-65.529917202778051,-9.805817541352269],[-65.531139809489844,-9.8068205956103043],[-65.533079059276474,-9.8093274321651052],[-65.534404035003718,-9.8105194771154061],[-65.535826305124147,-9.8111143896643966],[-65.537141139360472,-9.8108064489127287],[-65.538857078041701,-9.8096822533699424],[-65.540166475951878,-9.8083713025371821],[-65.541880710689384,-9.8069489087616262],[-65.54309320446589,-9.8063435088071742],[-65.545013715843481,-9.805624410587086],[-65.547035236597821,-9.8048051526815811],[-65.549361811656638,-9.8040830155077288],[-65.550266310494692,-9.8028654157640176],[-65.552167844754194,-9.7989294944046037],[-65.554901810573881,-9.7986109328739417],[-65.55582092248568,-9.7998149469578379],[-65.556444966723859,-9.8025211831612182],[-65.556658034151098,-9.8042455262146291],[-65.557283980267187,-9.8073493391866009],[-65.557804297685209,-9.8095683807225669],[-65.558120969524111,-9.8116805056839667],[-65.558842536028692,-9.8137805666114559],[-65.559361304555694,-9.8157917774019552],[-65.560183651608725,-9.8177013155958548],[-65.560901854124836,-9.819204997130953],[-65.562025853248031,-9.8208140716012622],[-65.565682877431414,-9.8222957132410329],[-65.567103708783804,-9.822691682090408],[-65.568829012443302,-9.8230853573433023],[-65.570248001149082,-9.8231650581632834],[-65.572578637446952,-9.8231565707659456],[-65.574299546690327,-9.822845427697473],[-65.576123368863705,-9.8228316947228791],[-65.577446521648994,-9.8237253404491867],[-65.578572466247635,-9.8256325141856564],[-65.579494369028225,-9.8272339920213199],[-65.58345982167873,-9.8294178929879763],[-65.58568960927073,-9.8295094637823013],[-65.587918139073906,-9.8302516265660529],[-65.58823893582354,-9.832110628233238],[-65.588247851783933,-9.8336195848431203],[-65.587851797072688,-9.8351316097129597],[-65.58574530297949,-9.8386716366608198],[-65.584638744369158,-9.839981211951681],[-65.582623969165752,-9.8418127159303026],[-65.581210273307704,-9.8427270201671604],[-65.579393641407933,-9.8440419553833181],[-65.577784420309797,-9.8459697748837129],[-65.576780096569109,-9.8475857940579203],[-65.576079175732787,-9.848910364704011],[-65.575182041213054,-9.8515285864281168],[-65.575092708334068,-9.8533364914276831],[-65.575607680617281,-9.8547512772793766],[-65.576427903683907,-9.8563535132167317],[-65.577248278497166,-9.8579557439483665],[-65.579903137958411,-9.8611615520868554],[-65.58077284786782,-9.8614064926415494],[-65.582340173355988,-9.8618479060030495],[-65.584765070994138,-9.8606277181847304],[-65.586178247290206,-9.8597133874259839],[-65.587892166174072,-9.8581823165770288],[-65.588797983668883,-9.857181470674675],[-65.590006133106442,-9.8558620648025794],[-65.591925013588423,-9.8547360470336685],[-65.593952179958649,-9.8548200250715468],[-65.598322368885306,-9.8568017715659266],[-65.60400581591955,-9.8580776468256772],[-65.61577291267821,-9.859803739769518],[-65.617497365753024,-9.8598989266841386],[-65.620030528011227,-9.859879456346448],[-65.620934752907772,-9.8585623047520698],[-65.621529895691992,-9.8565517706286414],[-65.621519603365016,-9.8548350404526559],[-65.621301591471763,-9.8525145058817429],[-65.619855122598381,-9.8481070917438274],[-65.619642355530573,-9.8464913078161089],[-65.619633915232328,-9.8450817791481313],[-65.619928885183924,-9.8436789569394136],[-65.621746973806921,-9.842851767930938],[-65.624077945629324,-9.8427344587632888],[-65.625902155179176,-9.8428198213979385],[-65.628237491821096,-9.8435156721712929],[-65.629660268531666,-9.8441101088733944],[-65.63179560471616,-9.8452954038471034],[-65.633627687350042,-9.8464920584650031],[-65.635155093728486,-9.8475916604395479],[-65.636681728218775,-9.8485918657458456],[-65.643801784713048,-9.8526660572945843],[-65.645632301335581,-9.8536548167969613],[-65.647463040713262,-9.8546525974961696],[-65.648986949839468,-9.8552461461084704],[-65.650912544854805,-9.8551317824372404],[-65.652221808908337,-9.8539108222902314],[-65.653125948035722,-9.8526930125647141],[-65.653926866639154,-9.8510784382598899],[-65.65472012672069,-9.8484609702881585],[-65.655113493497822,-9.8465423582013614],[-65.655594897528999,-9.8426171557651401],[-65.655770195337993,-9.8384865172946547],[-65.65604870273495,-9.8345538598279632],[-65.656536978626491,-9.8317309520038521],[-65.656627527559749,-9.8300225176909066],[-65.656819064071442,-9.828304262688448],[-65.657601644223064,-9.8239791583664555],[-65.659116896129945,-9.8232625990839892],[-65.66053444962472,-9.8231521791296359],[-65.661960369597466,-9.8241530641062127],[-65.663387951259438,-9.8255424571825642],[-65.665735217827034,-9.828045076537137],[-65.667575169133727,-9.8305425964903179],[-65.668801619902922,-9.8320509858303922],[-65.669825054316959,-9.833750700751466],[-65.670467051756361,-9.834224920752888],[-65.671047569346058,-9.834653727840589],[-65.672972294282317,-9.8345392770633566],[-65.674586496445954,-9.8334152736475176],[-65.675389738672834,-9.8323066538225135],[-65.676388586950623,-9.8300761022633196],[-65.677086002005126,-9.8282635442135415],[-65.677174153369208,-9.8263563696611982],[-65.676857731021926,-9.8244433282357591],[-65.675529001188863,-9.8226375993345982],[-65.674508269530634,-9.8215432562080878],[-65.672980559984637,-9.8203444454784403],[-65.671555065630628,-9.8193436077777392],[-65.670232423888535,-9.8185497758564679],[-65.669214009705684,-9.8176541724199069],[-65.667884999327498,-9.8159477885196793],[-65.667368992453987,-9.8145422675495979],[-65.667554313533003,-9.811721733956233],[-65.669168959348099,-9.8108055925348481],[-65.670686348192646,-9.8104955843193125],[-65.672611725176523,-9.810480556550317],[-65.679911834792279,-9.8111372803743393],[-65.681533924958728,-9.811323355366369],[-65.683866721058905,-9.8116032392722445],[-65.685381907991371,-9.8108956265803045],[-65.686784994869868,-9.8086619044999566],[-65.687579041543188,-9.8061438291219361],[-65.688679456170178,-9.8039215179573489],[-65.689778720614811,-9.801699215791416],[-65.691189544511872,-9.8004773941439112],[-65.693819961684198,-9.7999507415951257],[-65.696361640698512,-9.8012499090338565],[-65.698708374137652,-9.8037432515955061],[-65.701265652203119,-9.8073552859484607],[-65.702697607348057,-9.8092504327735242],[-65.70525190942368,-9.81235646188901],[-65.707188343475366,-9.8140578479391252],[-65.708924828609724,-9.8161493169686196],[-65.712600524578022,-9.8202583206679037],[-65.713730599237294,-9.8225623685985397],[-65.714055405555087,-9.8255775508926035],[-65.713455397634561,-9.8268924218760958],[-65.712761243457578,-9.8307921132181946],[-65.714492608087824,-9.8321968854068018],[-65.717155345018398,-9.8323564142600617],[-65.719735908036682,-9.8309986674552761],[-65.720975645116027,-9.8299587848679835],[-65.722785435581159,-9.827830138751267],[-65.725814054973682,-9.8261977358400259],[-65.728446365239336,-9.825878568634721],[-65.731080729074506,-9.8258484887468285],[-65.733107746289022,-9.8259407027941279],[-65.734422268629146,-9.8254242222212724],[-65.734676490608535,-9.8236061394325702],[-65.733884200708644,-9.820901955882789],[-65.727863493804591,-9.8146977477202881],[-65.726741474668756,-9.8136044075828295],[-65.72479941336826,-9.811198462420009],[-65.72294224991083,-9.806280049617726],[-65.722623502120712,-9.804068970328558],[-65.722711847767869,-9.8021618491371214],[-65.7233081069935,-9.8005488509246561],[-65.724716944728414,-9.7991191299929028],[-65.726629691666858,-9.7972968860859169],[-65.728746678513119,-9.7956717832790332],[-65.730259023632925,-9.7946568414932926],[-65.731669630941042,-9.7934348987565158],[-65.732675899327887,-9.7924239830945226],[-65.733368712873357,-9.7901054770362634],[-65.731912458792124,-9.7845785647278376],[-65.730280635300801,-9.7829742688230681],[-65.727232586493471,-9.7816974473501546],[-65.725002834421844,-9.7816157722152184],[-65.722677292511889,-9.7822215149102476],[-65.720658791237213,-9.7833488503443391],[-65.717836190791502,-9.7854854549676134],[-65.71551294455378,-9.7865067606760476],[-65.714098180967255,-9.7870239294999237],[-65.712175274997151,-9.7874457240628203],[-65.708733598972628,-9.7877710828171871],[-65.707105040004421,-9.7866726004029942],[-65.705880269052898,-9.7858781227129725],[-65.70266614915306,-9.7829489112896795],[-65.701843848523538,-9.7815458769159136],[-65.70156390821694,-9.779659698939156],[-65.701774032379546,-9.7773540393482676],[-65.703190524524757,-9.7770356905443236],[-65.704515050909208,-9.7781366027468835],[-65.706548506501576,-9.7793313072671708],[-65.708275355111653,-9.7799140165528229],[-65.709791929683945,-9.7794051089661593],[-65.709983383567931,-9.7777953214203421],[-65.70956478385034,-9.7757837613058314],[-65.708739171486798,-9.773576633171615],[-65.708623757220494,-9.7714632896605735],[-65.708608218467361,-9.7691503822915706],[-65.708897522603195,-9.7670338482600982],[-65.710721639891517,-9.7671188549556973],[-65.712042134893068,-9.7676144121190305],[-65.713459165402412,-9.7674948046292229],[-65.716390359686329,-9.7664687409293833],[-65.71780889183168,-9.7664665628213925],[-65.719128515423677,-9.7668536748772681],[-65.720247707867827,-9.7676579862617245],[-65.721369285749972,-9.7686520124944991],[-65.72361308542429,-9.7709472390666861],[-65.724837840742964,-9.7722566606922214],[-65.726162957884242,-9.7733394000531462],[-65.727891801553255,-9.7744369957354706],[-65.730023771697404,-9.7750344434012959],[-65.732049743865332,-9.7750183318205472],[-65.733870353478324,-9.7745972639381762],[-65.735992500334362,-9.7738756278693586],[-65.738016536224961,-9.7735523058462377],[-65.740752074822296,-9.7735395225325306],[-65.743592247761967,-9.7740228077365714],[-65.746232589019371,-9.7749052052990351],[-65.749280810244727,-9.7761908872954564],[-65.752026740443,-9.7777861477312058],[-65.7531466637638,-9.778581279074217],[-65.756204937132054,-9.7812672165560457],[-65.758035774440998,-9.7823638022840669],[-65.759867191231137,-9.7834603702359573],[-65.76079655520607,-9.7859736294819299],[-65.760815670711906,-9.7886929792703086],[-65.760528067842358,-9.7910082282015196],[-65.75994759078884,-9.7949250132187444],[-65.759963255070943,-9.7972558908440419],[-65.76088762043139,-9.7990463869721225],[-65.762313074223187,-9.7999474187284363],[-65.763938665446517,-9.8005396419062549],[-65.765356860119596,-9.8005372297297413],[-65.76718041973777,-9.8005225020649505],[-65.769404052773496,-9.7997998133781152],[-65.772125045752716,-9.7976546229257337],[-65.773131415976309,-9.7967429982443832],[-65.774739523835251,-9.7948146031472447],[-65.7763439149889,-9.7924887048746996],[-65.777844578773511,-9.789856462876628],[-65.77854278763391,-9.7882516514047779],[-65.779242803147838,-9.7869359379642447],[-65.780752831756388,-9.7855142762717833],[-65.783579666038918,-9.7841813109556028],[-65.785397287329204,-9.7832540506085479],[-65.786807600558461,-9.7822397445937099],[-65.788221403792647,-9.7816319681467689],[-65.790138383218448,-9.7805051189897654],[-65.792261451354648,-9.7798825273920897],[-65.79387760843565,-9.7791737049645917],[-65.795279518665552,-9.7768403843015221],[-65.795669779197738,-9.7747321329260899],[-65.795655424497568,-9.7728078692763347],[-65.795645264568009,-9.7714075810616237],[-65.795123025029852,-9.7691893061739279],[-65.794297545849986,-9.7670909451148873],[-65.793579783117877,-9.7658861357439264],[-65.792653082907634,-9.7637795535656551],[-65.791107545022044,-9.76006981552365],[-65.790687114577963,-9.7580584915741042],[-65.790978280937793,-9.7562491906447804],[-65.792488393731446,-9.7549269060017423],[-65.794917230004216,-9.7546993850617127],[-65.798565968595881,-9.7548684851630014],[-65.799888843555948,-9.7556708376388315],[-65.801722600242385,-9.7571646874887961],[-65.802541130439977,-9.7582692754310756],[-65.803160168138561,-9.7598723892958219],[-65.803785240188688,-9.7622885647613202],[-65.80380029798954,-9.7642941221418482],[-65.803614617264088,-9.7667169085464138],[-65.803032260296732,-9.7702451532146597],[-65.802644053509141,-9.7725611786447644],[-65.801751576695608,-9.7752788428502413],[-65.800660191626719,-9.7784137235119033],[-65.799868943564377,-9.7811395989494372],[-65.799577446358342,-9.7828495202952013],[-65.799090492468224,-9.7855638800098745],[-65.799714557544405,-9.7877813018764641],[-65.802986307789695,-9.7919827618284216],[-65.803401191901457,-9.793289383832871],[-65.80403128816738,-9.7963108137512904],[-65.804661728128337,-9.7994225819570602],[-65.804981670010989,-9.8017328123177663],[-65.80550252021095,-9.8036438736697278],[-65.80632533155881,-9.8053446620982641],[-65.807244246532434,-9.8063489973092715],[-65.808563930144317,-9.8066363109185204],[-65.81007983553809,-9.8061179343457638],[-65.81159974901999,-9.8061144870392241],[-65.813021701785203,-9.8065997016208826],[-65.814349511102307,-9.808097547372256],[-65.815878481558968,-9.8092955909970101],[-65.817305854352412,-9.810494461337953],[-65.819335439143572,-9.8108842928760964],[-65.819622456493562,-9.8085691052969537],[-65.819808887315901,-9.8064444707225675],[-65.8205097088819,-9.8052280788215853],[-65.821829460338108,-9.8055243727060883],[-65.823763435573539,-9.8067190372210575],[-65.825897828951497,-9.807713274707794],[-65.827923777783383,-9.8075881257614697],[-65.828416840198201,-9.8057681367985765],[-65.829011988388913,-9.8040557175406207],[-65.829603594938646,-9.801837402112028],[-65.830100347010102,-9.8004239320093802],[-65.831609162988514,-9.7989027181624238],[-65.832614488810009,-9.7978915898944479],[-65.835517465809062,-9.7930341930679674],[-65.835909311201988,-9.791215046414834],[-65.835787553572857,-9.7884967141999937],[-65.833246150056596,-9.7873161545345511],[-65.83081189065831,-9.7869297126387664],[-65.829287449911419,-9.7863460238860398],[-65.827965303346048,-9.7856522458001223],[-65.82664351243892,-9.7849494236957071],[-65.824704636682156,-9.7830500975755967],[-65.823780090543494,-9.7813501998538754],[-65.822957153611185,-9.7796494610620357],[-65.822541752687869,-9.7782344690731406],[-65.822428163941424,-9.7765278914361602],[-65.823636932141369,-9.7756145057336994],[-65.825362877689372,-9.776205612066633],[-65.826895974285435,-9.7779998742811927],[-65.828020812975808,-9.7793005972073388],[-65.830056132243499,-9.7806028397825457],[-65.83167523620267,-9.7804810686873793],[-65.832580490267901,-9.7794707805763323],[-65.833279134914903,-9.7780556504719698],[-65.833977348073972,-9.7766405240103609],[-65.834983272382772,-9.7755209905708966],[-65.836901431428316,-9.7747010869882729],[-65.838822776134691,-9.7742786594888003],[-65.841663370055471,-9.774770115237061],[-65.842891488353473,-9.7763680533790307],[-65.843619105332948,-9.7788735610179174],[-65.843637629082423,-9.7813939763755684],[-65.843250135693495,-9.783809345788427],[-65.843871464857614,-9.7856200876350954],[-65.846816176771711,-9.7864990818256956],[-65.849855922959932,-9.7865822424075759],[-65.852187728282615,-9.7867525729487284],[-65.853512630177931,-9.7878527586414066],[-65.854745760759101,-9.7901642852565942],[-65.855572943820789,-9.7923617408120549],[-65.857321667397684,-9.7958795328333963],[-65.858749210627707,-9.797078202797195],[-65.86027730164011,-9.798167614153158],[-65.861499338951432,-9.7990608218827333],[-65.863945073534921,-9.800856238875042],[-65.865372582109671,-9.8020458344522012],[-65.866118464275985,-9.8035392550058305],[-65.866210597334941,-9.8057699112143837],[-65.865309459116247,-9.8070874055300692],[-65.864412460726896,-9.80910952694245],[-65.865635818568137,-9.8102014449095805],[-65.867764865699996,-9.8102920121319244],[-65.869179584802282,-9.8097742394876946],[-65.871206374484359,-9.8098566090973236],[-65.872836804534757,-9.8110534856425033],[-65.874771973491079,-9.8123381301366521],[-65.876197524080339,-9.8132385824235939],[-65.878332168994007,-9.8142324325036157],[-65.882391529109327,-9.8150022623282211],[-65.8858377897389,-9.8150725645451757],[-65.889480198820706,-9.8144365259905157],[-65.892008450354353,-9.8137195381100923],[-65.893719932758358,-9.8123861071897522],[-65.895527726841578,-9.8102568728586448],[-65.896222595280562,-9.8083358042580926],[-65.89405868531378,-9.8036203470567784],[-65.893237343706971,-9.8022179996123668],[-65.892311788146742,-9.8004280697455783],[-65.892194526683909,-9.7984054604054904],[-65.89226994910797,-9.7949899983435671],[-65.891956198406717,-9.7936827270972344],[-65.890109428174867,-9.7906809727047062],[-65.887253701277587,-9.788283939890789],[-65.886331482938999,-9.7867739981917339],[-65.886315607559936,-9.7847685888030469],[-65.888732280471856,-9.7828420731560186],[-65.891857718980305,-9.7808011662595504],[-65.893350480053186,-9.7772563131001107],[-65.893627421370354,-9.7738391535600044],[-65.894223752916901,-9.7723254610102117],[-65.896948182228925,-9.7708931940517232],[-65.899884866813068,-9.7706696595345193],[-65.904243064471132,-9.7709309422757542],[-65.906977690904057,-9.7709078008560368],[-65.908496671927594,-9.7708949372037637],[-65.91012016832002,-9.7711883303267086],[-65.911140698745783,-9.7720830585973886],[-65.912369285700265,-9.7737890579563214],[-65.913698888903184,-9.7753767525391595],[-65.917055323809564,-9.777064652828642],[-65.919387182238836,-9.7772435634640829],[-65.920707580101521,-9.7777291814508089],[-65.92254815751221,-9.7799358006861326],[-65.923165906270754,-9.7812404238842419],[-65.923993956723905,-9.7834466210162532],[-65.925121554501118,-9.7851443708324268],[-65.925498972689468,-9.7852277082276373],[-65.9277606194849,-9.7857271005685789],[-65.929169389347635,-9.7845045571311289],[-65.930276615944365,-9.7835917315712777],[-65.93401862093458,-9.7827557415264437],[-65.935737766120496,-9.78234354979611],[-65.937050318381182,-9.781826429715295],[-65.938157509179064,-9.780913587169664],[-65.939560208358785,-9.7788870802679071],[-65.939142706187852,-9.7772826800137409],[-65.938214878814051,-9.7752761363694276],[-65.938190404474597,-9.7722500930750016],[-65.939502556020443,-9.7716426431379091],[-65.941524010101546,-9.7710200793012518],[-65.943447552445548,-9.7708048547850694],[-65.944872049026117,-9.7715966240058378],[-65.945291954924812,-9.7735081314585273],[-65.945609466607777,-9.7752127445511405],[-65.947147886679659,-9.7775121173526713],[-65.947060429152828,-9.7792292376076944],[-65.945749091493667,-9.7800444853269255],[-65.946166758839354,-9.7815494971128487],[-65.947588045787938,-9.7819347591665746],[-65.949114710482775,-9.7828340178171516],[-65.950847464875437,-9.7841289672019229],[-65.95247470616988,-9.7849099044039463],[-65.954200867766133,-9.7854009083215487],[-65.956740215034472,-9.7861829925921597],[-65.95967809254438,-9.7861666723173357],[-65.960580051715795,-9.7849484058072562],[-65.96148011832247,-9.7835314200601147],[-65.96186759080922,-9.7812155211705658],[-65.963978005971228,-9.7791738085343809],[-65.966510439185527,-9.7790615827310603],[-65.968544169496624,-9.7799382905270136],[-65.969970588605747,-9.7810370431704428],[-65.972211045356005,-9.7824268319878342],[-65.974560601295082,-9.7848273845080485],[-65.976393710862055,-9.7860219350673106],[-65.978324440552854,-9.7867007267785198],[-65.97914593073034,-9.7868432106014893],[-65.980556241212867,-9.7870878226915465],[-65.982585866538784,-9.7874766619723914],[-65.984717594054302,-9.7879549307737648],[-65.988060760546205,-9.7879348302140556],[-65.989583800819844,-9.7883190072572006],[-65.991416962670485,-9.789513455032818],[-65.992539322979724,-9.7905063357786162],[-65.99427922744502,-9.7926048913190016],[-65.995001064753069,-9.7942064804443021],[-65.995020480523351,-9.7965187957390185],[-65.994936718099837,-9.7987326488572535],[-65.995050520467998,-9.800249221228853],[-65.995670769009678,-9.8017523271611253],[-65.996702912236628,-9.8040648047214063],[-65.997028648583239,-9.8066725247943509],[-65.997046966785661,-9.8089848441168783],[-65.996757764329914,-9.8107036724358068],[-65.995866025459975,-9.8132317307354242],[-65.995468973045377,-9.813974844083873],[-65.995167741500097,-9.8145386214949326],[-65.994708716072694,-9.81505178201337],[-65.994263753705752,-9.815549220946707],[-65.991632103205859,-9.8158884282311192],[-65.989006431806501,-9.8170134511935316],[-65.987491795420965,-9.8176228872930551],[-65.985470645797477,-9.8183541760218418],[-65.984669234157934,-9.819463229981011],[-65.984782001412214,-9.8208804594872845],[-65.987023264133143,-9.8223694120086407],[-65.990970022503745,-9.8217296493791082],[-65.992691171870717,-9.8215068105470209],[-65.994553980470869,-9.8213315388866249],[-65.995020260876117,-9.8212876665634212],[-65.995861194984741,-9.8206367105819368],[-65.996731714790144,-9.8199628527034974],[-65.998645915387556,-9.8186362545610564],[-66.000265059314131,-9.8183239474464585],[-66.001680787820021,-9.8180043874891112],[-66.00264493668044,-9.8181624653874451],[-66.003406414705694,-9.8182873142056906],[-66.004027188434463,-9.8199981390785638],[-66.003437484474773,-9.8222254595091272],[-66.002534225997124,-9.8232360731415724],[-66.002346931200577,-9.825143699053001],[-66.004074027682407,-9.8256343590105644],[-66.005587292261453,-9.8248261319293988],[-66.006485294238246,-9.8231019473589072],[-66.007080792590045,-9.8215881863263803],[-66.007779517198969,-9.8202722435864302],[-66.011102591816552,-9.8178221197683797],[-66.012731010165453,-9.8186117014089973],[-66.013955817093859,-9.8197119557679002],[-66.016396215482814,-9.8206930746829926],[-66.019030598395091,-9.8206788328004677],[-66.020123868021926,-9.8180496151748002],[-66.020513983259548,-9.8162215129833044],[-66.020500250629027,-9.8146137713360417],[-66.021291644012308,-9.8128182553757028],[-66.022797743451008,-9.8134101456856797],[-66.024718356978042,-9.8142241822029064],[-66.026234871993836,-9.8148340271579855],[-66.027446091455886,-9.8155459302253121],[-66.028758176452357,-9.8165550182083621],[-66.031078061355743,-9.8184855432608629],[-66.032791952160323,-9.8200872107111081],[-66.034806686820161,-9.8222100950542881],[-66.035609896090875,-9.8236211083506078],[-66.036211022226041,-9.8249345540299373],[-66.036913162215853,-9.8263554921884406],[-66.038017400866238,-9.8283690126746137],[-66.039427203668026,-9.8298830006573326],[-66.040638547812307,-9.8306941912838965],[-66.044282750975071,-9.8313120540897216],[-66.047730419358231,-9.8304231654439036],[-66.049054336830068,-9.8291196600537205],[-66.050686383069376,-9.8267114093458758],[-66.051710149125142,-9.824606673870278],[-66.052124724724933,-9.8226880382777608],[-66.052435841359966,-9.8212851911474672],[-66.052646079104591,-9.8198832460356584],[-66.052858526001899,-9.8176593073681033],[-66.052967614436909,-9.8161498745914741],[-66.053281201646882,-9.8141418174398041],[-66.05360115761448,-9.810923325022145],[-66.054116152578104,-9.8092205814101021],[-66.054729190998444,-9.8080047269079387],[-66.056153352259798,-9.806908082236248],[-66.057473160224902,-9.8061194772528211],[-66.058792425303352,-9.8057102446669546],[-66.060514964574395,-9.8054148237753793],[-66.062135588113961,-9.8053190249290765],[-66.064163052914409,-9.8052286066734382],[-66.065986591192939,-9.8049322552157037],[-66.067304767436212,-9.8046404270401126],[-66.068825589394976,-9.8044461345642162],[-66.070951682992245,-9.8044541507916279],[-66.072572846296396,-9.8044666896866488],[-66.074293882733912,-9.8044783231367205],[-66.077331412476212,-9.8046858533779755],[-66.079052924952009,-9.8047968152083058],[-66.080876250338861,-9.8046991041591127],[-66.082193657048265,-9.8044975535078152],[-66.083916047529328,-9.8043013794907665],[-66.085234181933174,-9.8041178762931622],[-66.086551578582998,-9.8039163102010889],[-66.087972998240446,-9.8035150873986368],[-66.089493206529141,-9.8032123237878181],[-66.091113198913206,-9.8032247859298991],[-66.093644059215592,-9.8035451364268056],[-66.095564126668876,-9.8045484208747666],[-66.098192528216657,-9.8054639837086484],[-66.100519199721191,-9.8060751592645943],[-66.103147762338267,-9.8070990618598444],[-66.104154981195052,-9.8082099218439112],[-66.105162049618968,-9.8095194880467034],[-66.105559323493765,-9.8112320094783172],[-66.104035740775885,-9.8121400449387011],[-66.102515440283298,-9.8123254630969541],[-66.100388079953007,-9.812426059667871],[-66.098359455040793,-9.8131128490023229],[-66.097541963998424,-9.8145112383502919],[-66.09814372109804,-9.8157341785093877],[-66.099355872759588,-9.8164457692230371],[-66.101276840161631,-9.8171509195847761],[-66.102996288385157,-9.8177585322349046],[-66.10420845372596,-9.8184701000821519],[-66.105012552681387,-9.8195827919414],[-66.106015289371783,-9.8220033507431026],[-66.10651391472328,-9.8235162327165426],[-66.106608673975472,-9.8249153693045628],[-66.106805834937234,-9.8262322831338338],[-66.107706454685911,-9.8285453693304703],[-66.108505018343294,-9.8308684114021503],[-66.109310008252066,-9.832071393429203],[-66.110622692666141,-9.8330890972508769],[-66.112747680062398,-9.8335032549002221],[-66.11457402320633,-9.8329085207097933],[-66.115913110569636,-9.8320777705632167],[-66.116199442416416,-9.8319001344879666],[-66.117316997583202,-9.8311041245221986],[-66.118334087664437,-9.8302006449294481],[-66.119558043219115,-9.8283920579646633],[-66.120582585872057,-9.8257814336980118],[-66.120492380703297,-9.8234700309639038],[-66.120093512473659,-9.82216401618183],[-66.119697339616096,-9.8202437893221486],[-66.118997438115173,-9.8182360127900097],[-66.118195734251174,-9.8164188367517795],[-66.117695083491412,-9.8151047103303881],[-66.116791675102149,-9.8132884542753231],[-66.116291171490275,-9.8118659350754456],[-66.116306049781372,-9.808957438116181],[-66.116514592114925,-9.8075555495689741],[-66.117737083858572,-9.8059457104118906],[-66.11905914476182,-9.8048407630488441],[-66.120684591555687,-9.8037420772405994],[-66.122105646515081,-9.8031420197364696],[-66.124433798644475,-9.8032562426840855],[-66.125851351601284,-9.8034600612504619],[-66.128174876535866,-9.8045768610152209],[-66.129183425664678,-9.8056876117473166],[-66.129073395899468,-9.807594386624146],[-66.130078201353001,-9.8093103136637296],[-66.131496713776983,-9.8091257125939251],[-66.133015509955214,-9.8092292123125731],[-66.134429263744096,-9.8101375189239093],[-66.135641347364754,-9.8110386355952528],[-66.137361839855373,-9.8112576782540373],[-66.138979668184277,-9.8117576462580018],[-66.140398027974697,-9.8118620310056031],[-66.141718881924021,-9.8108654054710769],[-66.142333540076152,-9.8091617448587272],[-66.143352105699989,-9.8080504807998068],[-66.144875679590598,-9.8071603694747296],[-66.146697976437338,-9.807071346632199],[-66.147707130735682,-9.8080736325021576],[-66.148715314084313,-9.8091843054127139],[-66.150030814939214,-9.8093979824521398],[-66.151752997466303,-9.8091924371158257],[-66.153477915341227,-9.8084901052075679],[-66.155000667714773,-9.8077896325131064],[-66.156622057608047,-9.8075037092975208],[-66.158040422484532,-9.8074002914240737],[-66.159659783084294,-9.807611124172297],[-66.16066844258944,-9.8088301272370018],[-66.162481362610208,-9.811044214029323],[-66.163799539039019,-9.8105442963010319],[-66.164008867165649,-9.8091424309980084],[-66.164522104011837,-9.8075300217693666],[-66.165540148223158,-9.8063284016276953],[-66.167063373203177,-9.8053208007389117],[-66.169192082543191,-9.8049307754898223],[-66.171215604461395,-9.805336506284732],[-66.172427894678492,-9.806255527933331],[-66.173843745053148,-9.8066578459029188],[-66.175463087902358,-9.8068686011415025],[-66.177179047940342,-9.8081803152812199],[-66.178692782524763,-9.8093945490240344],[-66.181220617525184,-9.8104096692558755],[-66.182940811657772,-9.8109174867160505],[-66.184357306251911,-9.8112203968178733],[-66.186077755618442,-9.8115294978143197],[-66.187695619316571,-9.8122279046549465],[-66.189916851832436,-9.8138689840312168],[-66.191126500518976,-9.8152666106598758],[-66.191929609227145,-9.8167764082816689],[-66.192831944030843,-9.8188903876642257],[-66.192826698955969,-9.8202993582630711],[-66.192615320882339,-9.8223244021265259],[-66.194738305768169,-9.8233341330397934],[-66.1965612523083,-9.8233441589027848],[-66.198586217137176,-9.8234425966284107],[-66.200812837250908,-9.8240539250230654],[-66.202431768984013,-9.8243638697350093],[-66.203850166933876,-9.8243686190886024],[-66.205268097418639,-9.8242649895335603],[-66.207497987582769,-9.823982126551698],[-66.20942201849283,-9.8240904771041642],[-66.21114238859542,-9.8244897373991193],[-66.212149790538263,-9.8258078698611371],[-66.212548620044004,-9.8273123557235067],[-66.213042449251759,-9.8303422477399067],[-66.213136802286215,-9.8319489436461822],[-66.212015932270049,-9.8336574038549429],[-66.21049574003672,-9.8337530049709585],[-66.209077692307687,-9.8338476380625366],[-66.207554323274735,-9.8348463984086152],[-66.206738666000206,-9.8360552517887072],[-66.205720885779897,-9.8371666603620156],[-66.20439956815153,-9.838154481910351],[-66.203076331908562,-9.839657111670931],[-66.202868611128508,-9.8409686255666315],[-66.20306447081947,-9.8426737293315796],[-66.204583486012211,-9.8427768514555964],[-66.206409873074051,-9.8419919933945721],[-66.207528286120066,-9.8409880087683632],[-66.208444530746362,-9.8397782037544061],[-66.210171971642296,-9.8386781657291067],[-66.211993750050055,-9.8388867836535496],[-66.212900162592234,-9.8400974742239669],[-66.213400743438626,-9.8417184000681459],[-66.212683633882875,-9.8437210974484515],[-66.211564010040888,-9.8449237989942731],[-66.209732939912669,-9.8468376550574135],[-66.210031229131744,-9.8481353640207203],[-66.211748418439413,-9.8492571229048167],[-66.213569571770734,-9.8498540687301102],[-66.214884209774254,-9.8502751600840952],[-66.216502547436619,-9.8510726916863405],[-66.217915260443817,-9.8522966298378947],[-66.219127278769804,-9.8530979856236058],[-66.220443084541614,-9.8536093511089575],[-66.223075270686934,-9.85381924185765],[-66.225508234597157,-9.853525248871847],[-66.22702927704853,-9.8532308579851815],[-66.229668044661764,-9.8518240442721776],[-66.230790475841047,-9.8499168339251355],[-66.231808439766553,-9.8487150500091616],[-66.232926733515967,-9.847412969274103],[-66.236684259412698,-9.8451014121176854],[-66.238308810466947,-9.8440112591745788],[-66.239225506287255,-9.8430091146606173],[-66.240447678369264,-9.8413899457161733],[-66.242073369997797,-9.8402004305875721],[-66.244205068450015,-9.8391957470029752],[-66.245421948949343,-9.838488763333487],[-66.247655975160455,-9.8372844059798012],[-66.24938561015631,-9.8353894556192927],[-66.250608974812565,-9.8333728952762272],[-66.251829482318726,-9.8321781878089496],[-66.253451921884107,-9.8316750337544363],[-66.254459623941443,-9.8329929780225598],[-66.254958792278615,-9.8348034482836511],[-66.255458538070286,-9.8366139104679178],[-66.25605815546345,-9.8387304701668086],[-66.256152270598875,-9.8404364319483193],[-66.255843850992846,-9.8417579076991046],[-66.256038318446997,-9.8437609333604428],[-66.257756812225637,-9.8446746913181755],[-66.258875138886424,-9.8435802722153767],[-66.259693824011606,-9.8413598468986834],[-66.2605097102375,-9.8400515780274986],[-66.262032317963872,-9.8391429370404353],[-66.263449847578727,-9.839454476409685],[-66.264052533571771,-9.8406678803843874],[-66.263842763333173,-9.8425754198386244],[-66.26383685570454,-9.8439843039071206],[-66.264541362093837,-9.8453954084396287],[-66.265853033345991,-9.8467103764185708],[-66.266455775877262,-9.8480140775749305],[-66.267160216475474,-9.8492264907721392],[-66.268371918119385,-9.850136009802668],[-66.271409286249821,-9.8507480195042376],[-66.27282792041018,-9.8504544223827679],[-66.274147621374141,-9.8496470131012757],[-66.275570219703184,-9.8486399318375106],[-66.277294766417754,-9.847855711079319],[-66.278912597271756,-9.8485535656541288],[-66.280630290305851,-9.8498735729874625],[-66.282452360901402,-9.8503888205608519],[-66.286500828774081,-9.8511986378677534],[-66.288121290253059,-9.8514087517484654],[-66.289842311750022,-9.8517172228648064],[-66.291261388315775,-9.851414516805221],[-66.291875485458604,-9.8497108040160697],[-66.291273152334156,-9.8482988081813119],[-66.290469639646915,-9.8465817098091293],[-66.289667356494476,-9.8444672430037485],[-66.290381998509474,-9.8429612385385212],[-66.291798875424035,-9.8432636206675284],[-66.292603325942764,-9.8447730012821921],[-66.294122014521008,-9.8450834166542336],[-66.295741779763148,-9.8452844777862651],[-66.296242972738014,-9.8466974408682404],[-66.297049373520224,-9.847809433716634],[-66.29877022630842,-9.8481178640753342],[-66.300186751687477,-9.8486279094902898],[-66.30028228004619,-9.8501350988919967],[-66.299771152245739,-9.8514404671051921],[-66.298750427743471,-9.8533558303244035],[-66.298340299162817,-9.8546602201706719],[-66.298639283569969,-9.8560661015139317],[-66.299140502762612,-9.8575783874624676],[-66.30035197662545,-9.858686430003047],[-66.30217299570819,-9.8592918620584555],[-66.303795601057459,-9.8589961503984114],[-66.305216594942351,-9.8581966787917281],[-66.306535123421156,-9.8575968723166056],[-66.30826012667012,-9.8570111692737896],[-66.310388359469187,-9.8567014813696687],[-66.312417139155286,-9.8560044372819675],[-66.313736889345421,-9.8552149566278899],[-66.314854780488076,-9.8544003484640257],[-66.31688565226159,-9.8529988862171649],[-66.319118875666732,-9.8517038087645119],[-66.32043899815875,-9.8506975774523653],[-66.32215904583461,-9.8514122543620033],[-66.322153583447175,-9.8529113614087009],[-66.322654462013986,-9.8544235835038876],[-66.323868051371051,-9.8551251303315439],[-66.325187898906961,-9.854335613453884],[-66.32620630640929,-9.8529349732123137],[-66.32681951924161,-9.8515202339631855],[-66.327636498844242,-9.849408161972292],[-66.328655372801734,-9.8478991528779716],[-66.330279405300416,-9.8467002867765814],[-66.331699611622923,-9.8462077797347547],[-66.333827201000133,-9.846304344019245],[-66.334633127533209,-9.8474162119343305],[-66.33442300318211,-9.8496307036662643],[-66.335127354192366,-9.8510415634256674],[-66.336744110959842,-9.8521545016320715],[-66.338263304753809,-9.8521576585423531],[-66.340496962105249,-9.8508624630357531],[-66.342323214109513,-9.8500588946023981],[-66.344147872685596,-9.8497519987179203],[-66.346474154055443,-9.8507676057486719],[-66.347585269658055,-9.8516777583891439],[-66.349201389550274,-9.8529802630332028],[-66.350515804013185,-9.8536897349307537],[-66.352338165025913,-9.8543038918987236],[-66.354969391611689,-9.8547113950488097],[-66.357097316600004,-9.8547265179312831],[-66.358618103885533,-9.8544225389607618],[-66.360138740295554,-9.8539198929728968],[-66.363381199846913,-9.8537253032905028],[-66.365205015553897,-9.8537343537234392],[-66.367027701617133,-9.8540413971984435],[-66.369759968487301,-9.854962490831781],[-66.370057832910845,-9.856765544677387],[-66.370050715659715,-9.8586709508028321],[-66.370550030374261,-9.8607970857276541],[-66.372574308440903,-9.8616077659265216],[-66.374091076785533,-9.8624144400336036],[-66.37469210225396,-9.8645214883131871],[-66.374381526416016,-9.8662402703008638],[-66.374275097671273,-9.8680563547023894],[-66.374270038418956,-9.8695553825891693],[-66.374364215320441,-9.8715681333071075],[-66.375170485635749,-9.872779166159944],[-66.376179776509673,-9.8740875055556785],[-66.376577527339066,-9.8763049201629087],[-66.376572122937262,-9.8780206668316737],[-66.376970765816054,-9.8799310508197209],[-66.378587505064559,-9.8812423552668065],[-66.380412540920076,-9.8808539453540334],[-66.382135599542607,-9.8806381119553066],[-66.384161087776818,-9.8808526884416779],[-66.3864894283372,-9.8814615428719321],[-66.391452652411772,-9.8818815045391375],[-66.392971196628423,-9.8822907182831159],[-66.397426565707804,-9.8830046181225271],[-66.399858005292117,-9.8830073402949097],[-66.401278373737398,-9.8827041458828262],[-66.402583469475474,-9.8822420741693122],[-66.403509429571955,-9.8819142361754757],[-66.405537639955071,-9.8815055994103318],[-66.407767160526419,-9.8810136623058611],[-66.41111479908443,-9.879806156880818],[-66.412635796457096,-9.8795109398486716],[-66.417399020371533,-9.8790295677974314],[-66.419427146575629,-9.8785215336379792],[-66.420847427657975,-9.8780286481494954],[-66.422972898627791,-9.8785309247241457],[-66.423676691934475,-9.8805464413729851],[-66.423063989754723,-9.881952205739708],[-66.42265414089303,-9.8832656276293278],[-66.423562426685635,-9.8844664179110282],[-66.424978123657468,-9.8853821621980842],[-66.426391516837384,-9.8872911683974394],[-66.426996011116103,-9.8886033664226147],[-66.428815449076581,-9.8899213298284963],[-66.430128007601013,-9.8912353808302669],[-66.430629198931967,-9.8933522345568008],[-66.430927569988967,-9.89495645973102],[-66.431733635035926,-9.8967722465338284],[-66.433047568844529,-9.8975806095794496],[-66.435274168991214,-9.8984880600784777],[-66.437296975022662,-9.8995962081000926],[-66.438612635771563,-9.9004045235702165],[-66.439927732830711,-9.9012128374685062],[-66.441039399848648,-9.9020232123230016],[-66.442553782584298,-9.9039400980817618],[-66.44295234065288,-9.9061572673979867],[-66.442438227501782,-9.9085643112321122],[-66.441521583466113,-9.9099731923890886],[-66.440303826366403,-9.9107801680800662],[-66.438175451809798,-9.9107747251783849],[-66.436354429089647,-9.9098632034361458],[-66.433724164834643,-9.908246558223766],[-66.431899598161692,-9.9086443117786303],[-66.432300174909528,-9.9100488430410678],[-66.433614966100038,-9.9110648543939988],[-66.435232652734101,-9.9120777808620346],[-66.436851392514257,-9.9130816561029746],[-66.438470908122554,-9.9135888951915945],[-66.440394720448012,-9.9142013808626643],[-66.442926413962766,-9.9147083394892093],[-66.444242785222571,-9.9149116344320305],[-66.445661854733714,-9.9149062020482575],[-66.447080910516718,-9.9148104705304263],[-66.448299410516654,-9.9140215218654362],[-66.449415996187668,-9.9132155518353784],[-66.450433431763372,-9.9121035955649859],[-66.451451504184035,-9.9103956988609525],[-66.450949491383312,-9.9087936078020107],[-66.449941159665173,-9.9072779419716426],[-66.449236539588128,-9.9054612066398704],[-66.448634414793958,-9.9037517744563388],[-66.447028823257313,-9.8983053877591374],[-66.44652596868093,-9.8970012529902647],[-66.445823754506591,-9.8945795059154875],[-66.445017891249734,-9.8930707723260412],[-66.444415065900102,-9.8912529720530529],[-66.443814987212761,-9.8889565842002867],[-66.443920516487935,-9.8874385787599408],[-66.444836720299065,-9.8857227199533213],[-66.447273700685969,-9.88402752016151],[-66.448695275948467,-9.8832184831249492],[-66.450115820532289,-9.88242751141496],[-66.452044379466258,-9.8812160176122461],[-66.454475780994528,-9.8811190259788759],[-66.456500346764585,-9.8816311237825971],[-66.457816940977636,-9.8822407195369806],[-66.460040285637547,-9.8840509726577466],[-66.461152547085931,-9.8848612779166842],[-66.462467428848583,-9.8854618365618308],[-66.464491701777433,-9.886271839106314],[-66.466313553121438,-9.8868852547767574],[-66.468036062434862,-9.8870843340499164],[-66.471483662009121,-9.8858933129732236],[-66.473713453111202,-9.8854822185473381],[-66.475636146700083,-9.8862028948124134],[-66.477458126250042,-9.8870058521663395],[-66.478772456491868,-9.8876063398316205],[-66.479073485369213,-9.8890298392913678],[-66.477347980509251,-9.8900226894069192],[-66.475521810215071,-9.8908179269552647],[-66.474201487638481,-9.892140686641028],[-66.474094504870493,-9.893839252923442],[-66.475915488295982,-9.8946512450856403],[-66.478044548876142,-9.8943585157512075],[-66.479362639776753,-9.8940560479966848],[-66.480986088494546,-9.8934524797488734],[-66.483016285542703,-9.8921494895776618],[-66.483931319592841,-9.8911468897877057],[-66.484846849942926,-9.8895393415122044],[-66.485662300516026,-9.8879328229668317],[-66.486475305518127,-9.8868138951218612],[-66.487897697226003,-9.8857157840012633],[-66.489318775057598,-9.8846086544896252],[-66.491045107527896,-9.883417118489831],[-66.493275630606774,-9.8826086272702582],[-66.495504155409151,-9.8825134285957006],[-66.496923602760205,-9.8825168497911022],[-66.498646340328776,-9.8824178179328328],[-66.501180156456201,-9.882012451254127],[-66.502700160343011,-9.8820148103299061],[-66.50442203043167,-9.8820241050153754],[-66.50654972129081,-9.8821375397828319],[-66.507967564127568,-9.8822402479377729],[-66.509486831946504,-9.8826398495332342],[-66.510191992950467,-9.8840500661135593],[-66.510187577731983,-9.8856572323688283],[-66.510385584070946,-9.8873706470084244],[-66.510482926213626,-9.8888864709034578],[-66.511391008397766,-9.8903938923892269],[-66.512397107071024,-9.8930198565445835],[-66.512491624406493,-9.89562818306797],[-66.512633318251858,-9.89619894559155],[-66.512992412002404,-9.8976454251800874],[-66.514307521865476,-9.8987513380842529],[-66.516332386265447,-9.8992630041644247],[-66.517853032067421,-9.8991659456704042],[-66.519272550994572,-9.898257350801714],[-66.520188020009812,-9.8972546784806354],[-66.521606165258333,-9.8975559331058776],[-66.523125047346525,-9.8978651611356554],[-66.523736168318578,-9.8966579915683042],[-66.522827459508335,-9.8953402366121281],[-66.521817565663696,-9.8942402167580781],[-66.520901400839762,-9.8927881359027197],[-66.520606464126047,-9.8923206742143179],[-66.520003208127207,-9.8906114955683506],[-66.520514705730704,-9.8888004462353365],[-66.522540556481317,-9.888806477258413],[-66.523398393393393,-9.8889976989759703],[-66.523856292164112,-9.8890997698803176],[-66.525984025004789,-9.8896193512240416],[-66.528311472338203,-9.8904257520813417],[-66.530541806944314,-9.8903302871605661],[-66.533379257714728,-9.8900298480288029],[-66.535102157608947,-9.8900299314136646],[-66.536418498777721,-9.8902328776946433],[-66.537327097732259,-9.8914512699936381],[-66.537323278132988,-9.8928597584863951],[-66.53751963537303,-9.8953676345775534],[-66.538629538717373,-9.8971797947944538],[-66.539539591215373,-9.8981905010575701],[-66.541055850664293,-9.899510858238159],[-66.542371278238477,-9.9002193708652158],[-66.544294804628521,-9.9010208211216764],[-66.546778668025297,-9.9016592568817714],[-66.547028535126344,-9.9017234810628452],[-66.548852412433291,-9.9018307555360821],[-66.550777314335789,-9.9018466756607495],[-66.552804133268125,-9.9017351173695261],[-66.55452793067542,-9.9014371350056649],[-66.557064703403285,-9.9001374836002469],[-66.558484201653812,-9.8997343431989293],[-66.561224994332463,-9.8976290066498223],[-66.562342704532966,-9.8960192396558],[-66.563259071953667,-9.8942129692302956],[-66.564580376389415,-9.8927003706044729],[-66.566301250919196,-9.8932058919358496],[-66.567006599374565,-9.8948235468873804],[-66.567915125008597,-9.8963307178770492],[-66.568824738037677,-9.8973413196859497],[-66.568619835194625,-9.8987428549557421],[-66.568410436683848,-9.9012639382326597],[-66.569320063818225,-9.902671774866576],[-66.570431189216151,-9.9039781694082762],[-66.572255183696939,-9.9041846182453241],[-66.573574375514852,-9.9030873036057301],[-66.574692045957363,-9.9017844679272002],[-66.575911145497798,-9.9004625033310845],[-66.577231730835479,-9.8991665493235246],[-66.578348168776529,-9.8982609616504078],[-66.580175293150205,-9.896851309857766],[-66.581594106489547,-9.8967550484903768],[-66.583518327538798,-9.8971590045875928],[-66.584732618260887,-9.8978593656358385],[-66.586452490198837,-9.8993849450844777],[-66.587563475303796,-9.9005829284654965],[-66.588370015092039,-9.9024973496103144],[-66.586343508233597,-9.902491753009258],[-66.584620520269652,-9.9025009845796035],[-66.583199508418431,-9.9034910710190047],[-66.583601709942172,-9.9052111750362997],[-66.584510323250413,-9.9062217198467692],[-66.586634639345277,-9.9081312024381987],[-66.58916490497154,-9.9093411950848918],[-66.590988556021728,-9.909646839367781],[-66.592510660503365,-9.9086466168567426],[-66.593527090863063,-9.9074350928638637],[-66.594644098463505,-9.9061322194424406],[-66.596265160260941,-9.9062413772504101],[-66.5971742531666,-9.907549790936514],[-66.598691934251576,-9.9088517226035151],[-66.599803313168479,-9.910157969891543],[-66.600002546107078,-9.9116815686192581],[-66.599998678076133,-9.913189274152046],[-66.599993676995837,-9.9157081197677712],[-66.600089553568239,-9.9184245044979775],[-66.601199538701621,-9.9202272840645946],[-66.602617638112974,-9.9206364715357154],[-66.60383648329389,-9.9194317855575491],[-66.603850347764705,-9.9194210849655633],[-66.605663107454291,-9.9180219979056687],[-66.60759159929944,-9.9167194520599082],[-66.6088084901765,-9.9161106176458134],[-66.610532396024496,-9.9154241401797663],[-66.612662395178461,-9.9148055372758108],[-66.614690872253902,-9.9145130099996663],[-66.616513560916303,-9.914520590684333],[-66.618946215837013,-9.9143230186934943],[-66.621379428013142,-9.9138184811920951],[-66.622697413956701,-9.9134251903343511],[-66.624016035464308,-9.9129145283631601],[-66.625537253972482,-9.9124197446785729],[-66.627362668852243,-9.9118133589273612],[-66.629794513158345,-9.9115073938187948],[-66.631821791932168,-9.911521726933529],[-66.633544262609291,-9.91172890455681],[-66.635469068943166,-9.9117262614245192],[-66.636989042421362,-9.9118362948050844],[-66.638508176709593,-9.9119282748110891],[-66.639825708520902,-9.9123293557807983],[-66.64114074475043,-9.9132359997818185],[-66.642355160780369,-9.9140534454011799],[-66.643872329125657,-9.9151655276156703],[-66.645593520113835,-9.9159684627196043],[-66.647012337465469,-9.916160781480869],[-66.647719200818131,-9.9175794917482563],[-66.647209141514338,-9.9189842596516087],[-66.646418915137303,-9.9199269851227996],[-66.646193515657842,-9.9201958825385077],[-66.644874620013525,-9.921293421076939],[-66.644668711575491,-9.9230108701145241],[-66.645577024631621,-9.9246169853226434],[-66.64902157320671,-9.9251214144761093],[-66.650640895312563,-9.9260337317234644],[-66.652260426607199,-9.9274425445918837],[-66.654587420605878,-9.9289610390480902],[-66.656004215425526,-9.9303720189419096],[-66.655393559556842,-9.9317778836879143],[-66.653669976826961,-9.9319680784321349],[-66.651033890950714,-9.9325743783035136],[-66.64981534836005,-9.9337882179466419],[-66.648798843431734,-9.935496380629786],[-66.647882826732996,-9.9372034564700016],[-66.648993998950402,-9.9390149789100519],[-66.650311081418749,-9.9393257066831779],[-66.652540776353646,-9.9393196075236006],[-66.654060772288005,-9.9396281199420287],[-66.655071585638098,-9.9406372566809296],[-66.656203408391661,-9.9427912756983119],[-66.656283734733506,-9.942944148104857],[-66.656076697603851,-9.9452664345470225],[-66.654354398193902,-9.9449601356020594],[-66.653036894743309,-9.9447487391872755],[-66.65252705995772,-9.946261847244557],[-66.651966365529347,-9.946515182295343],[-66.650295703393056,-9.9472700271019221],[-66.648875019680247,-9.9477729040424379],[-66.648280342185444,-9.9479883027371443],[-66.646948155943676,-9.9484708351688482],[-66.645730015822437,-9.949377745674667],[-66.645525176851095,-9.95078825179246],[-66.645154067850285,-9.9525255484206809],[-66.647951142382396,-9.9541111667335258],[-66.648530586733443,-9.9543028794391262],[-66.649774085916022,-9.9547142987450457],[-66.651498090528492,-9.9543254743537659],[-66.651800204817107,-9.9544954390718203],[-66.652914933868487,-9.9551225679963409],[-66.653520992730989,-9.956641622145753],[-66.654834202723805,-9.9588481020387576],[-66.655438475708081,-9.9609629744286963],[-66.655738687140683,-9.9624763132657677],[-66.655937813966659,-9.9643879548802943],[-66.656137192139965,-9.9663988939475416],[-66.656944821848242,-9.9678074078745453],[-66.658565384237136,-9.9683133603344913],[-66.660393024228483,-9.96711087996988],[-66.660294671192844,-9.9656043842139752],[-66.661007097125946,-9.9641973896734726],[-66.662932262117351,-9.9640951776410134],[-66.664555059412294,-9.9639962502384947],[-66.666684532667603,-9.9633952899130804],[-66.667901816993208,-9.9620820870563307],[-66.668310251934656,-9.960470778111187],[-66.668211336376601,-9.9589733296088525],[-66.667911597220609,-9.9565572878212265],[-66.668625886693349,-9.9544371198931003],[-66.670043845551845,-9.954845941813744],[-66.670950712732576,-9.9575622799977168],[-66.671860274514927,-9.9592765574502664],[-66.672875526272435,-9.9581641525014106],[-66.673181943666464,-9.9567525599788951],[-66.674199239140989,-9.9551526631186675],[-66.676227020494991,-9.9546520767236188],[-66.678050424275227,-9.9551557306645009],[-66.679671301608039,-9.9555622884633976],[-66.681494960991643,-9.9561652157280491],[-66.682910994051156,-9.9575760074557707],[-66.683515888057684,-9.9593748109127773],[-66.684622971182307,-9.9637047289707539],[-66.683504139363208,-9.9661272296997367],[-66.683704093958397,-9.9677408936413485],[-66.685424562366222,-9.9686518255913938],[-66.68663830538236,-9.970362688815726],[-66.687142341861886,-9.9716660864293658],[-66.687343280806886,-9.9731804317347041],[-66.687439276748307,-9.9758965304964136],[-66.690481181625557,-9.9752944139944475],[-66.691900736915557,-9.9752968671820668],[-66.694028583554029,-9.9755081733940187],[-66.695344759562033,-9.9769199618473863],[-66.695240974270462,-9.9784195873896806],[-66.694022207586613,-9.9798321863934234],[-66.693309080848962,-9.981645437677571],[-66.693606529989836,-9.9852620008117015],[-66.695431211039477,-9.9853682881464465],[-66.697763875501778,-9.9845662689148753],[-66.700299903412997,-9.9839605880048339],[-66.708408733366355,-9.9841779910656214],[-66.710536856683746,-9.9842718152383441],[-66.712157639710199,-9.9852829495066544],[-66.71296604571404,-9.9867995399670804],[-66.713064444241581,-9.9884052275057229],[-66.714177772289815,-9.9895122276242319],[-66.716407230516381,-9.9898215224216642],[-66.718332083009784,-9.9905223298227384],[-66.719649482433283,-9.9913291563228199],[-66.72147163359142,-9.9928434869074181],[-66.723193224982481,-9.9941513034616491],[-66.725320886180441,-9.9944526280593209],[-66.726842155321151,-9.9946523595575627],[-66.730085054694996,-9.995564090170717],[-66.731707976103621,-9.995166906127281],[-66.732217861611844,-9.9933558995952581],[-66.734247387113214,-9.9917536395479374],[-66.736478067895234,-9.9921530396710523],[-66.73779302072063,-9.9931493617267506],[-66.739717728167818,-9.9946624152453296],[-66.740627147345549,-9.9957715622752517],[-66.740522840047106,-9.9983001650786605],[-66.739102231645916,-9.9989027477977857],[-66.737985802930552,-9.9997998102869587],[-66.73920105532261,-10.000607668372083],[-66.741330697606543,-10.000511679431668],[-66.742648847229873,-9.9999012042002278],[-66.744271968546514,-9.9990977603269471],[-66.745894615351801,-9.9990976763388062],[-66.747414121674694,-9.999911122907065],[-66.749136217721343,-10.001110431345126],[-66.751060582146863,-10.002217196575998],[-66.751970221095632,-10.00403937861023],[-66.752170700735519,-10.005643840820312],[-66.752472588212242,-10.007057610116249],[-66.753078210404908,-10.008973453652175],[-66.75439386659184,-10.010881328938353],[-66.755506313186515,-10.012186704342923],[-66.757025444667931,-10.013794404088969],[-66.758341818188228,-10.014709337639488],[-66.759862155052815,-10.014908887391869],[-66.761383894412404,-10.014503647692379],[-66.763615761215704,-10.013602992338008],[-66.765644863230648,-10.012298423899836],[-66.767672509983186,-10.012302678300216],[-66.769089254632831,-10.013812165151023],[-66.769595159790526,-10.01512430212],[-66.770201335034415,-10.016823436309835],[-66.771010118467757,-10.017951627797117],[-66.773038504009719,-10.017838487333279],[-66.774458668989723,-10.016829576837949],[-66.775981249647089,-10.016036136372861],[-66.77757177583635,-10.015918889229056],[-66.779912510949544,-10.016975587233446],[-66.78092446901843,-10.018769382245637],[-66.780791283850022,-10.020449755283664],[-66.780173597007945,-10.022126581611928],[-66.780160410946962,-10.023805598860292],[-66.781361781263683,-10.024820991706349],[-66.783545158043239,-10.025834286574366],[-66.786839402038083,-10.027322383973797],[-66.787653005531297,-10.028423371793053],[-66.787654363058095,-10.030039027846612],[-66.787048237335682,-10.031851120860722],[-66.786035047192854,-10.033054055069613],[-66.785428188950391,-10.034279460751577],[-66.785532166333155,-10.036489680444845],[-66.787054720669119,-10.037699961203543],[-66.788778992355162,-10.037292272007278],[-66.790400523281562,-10.036280995370362],[-66.792023157176743,-10.03576613465566],[-66.793239711619947,-10.035165621378326],[-66.795572344702123,-10.034750991830947],[-66.798109725964196,-10.036057983489229],[-66.800647064076884,-10.037157351571636],[-66.802574815457263,-10.037767212576284],[-66.804604194727858,-10.038159278960165],[-66.805923752418892,-10.038866307556361],[-66.8072444133403,-10.040268310650731],[-66.808057112942947,-10.04157681754242],[-66.808669755060691,-10.043790192758706],[-66.810293048808546,-10.044295154985662],[-66.812018830417287,-10.044889194630002],[-66.813136175176794,-10.045896342710023],[-66.814660583811644,-10.047909720790813],[-66.815473779590377,-10.049127927793108],[-66.81689578692766,-10.050727269926085],[-66.818418062032663,-10.051729750160803],[-66.820448845214116,-10.052735417051167],[-66.821971295296919,-10.053629562500248],[-66.822785303526871,-10.054937984470939],[-66.822482507082782,-10.056259217165916],[-66.820658477867198,-10.057670107138392],[-66.818024298335615,-10.060281684270649],[-66.819750092855259,-10.061191549701562],[-66.821170481052548,-10.061292589282175],[-66.822490677450901,-10.062396630132753],[-66.823508251891951,-10.064713586256573],[-66.824828919026459,-10.066214736081122],[-66.826756431367244,-10.06621063253499],[-66.828785985229956,-10.066512217061756],[-66.8324413230647,-10.068527994678163],[-66.833355823723252,-10.069934485947044],[-66.834576444673303,-10.071635288992809],[-66.835693752511077,-10.073346299864568],[-66.836812449844331,-10.074750416251504],[-66.837828251008659,-10.075758587019038],[-66.839554303325031,-10.07666829586708],[-66.84178666944689,-10.076660561667779],[-66.844525726310053,-10.076240805717305],[-66.846351213633852,-10.076138465058705],[-66.848786112283847,-10.076335927824573],[-66.850716812451481,-10.078037437253329],[-66.85122670409703,-10.07986369810402],[-66.851127103110798,-10.081462357516614],[-66.849606546919517,-10.082174934878253],[-66.84960919934332,-10.083889743226564],[-66.850523977088358,-10.084899020468981],[-66.852250379802115,-10.085989136902356],[-66.853874431854592,-10.086394495248555],[-66.854992611659611,-10.08770825667699],[-66.854589489681416,-10.089527044110184],[-66.854490524298228,-10.091333276384773],[-66.85428969090475,-10.092653319001386],[-66.854291927365807,-10.094052232988815],[-66.85348287774849,-10.095965991048672],[-66.855010354233229,-10.099702822999291],[-66.85673632228378,-10.100386744020796],[-66.858463549884277,-10.101603135797234],[-66.863131840038193,-10.102496459673262],[-66.866887594018806,-10.10318374203996],[-66.86881473918794,-10.10257462406679],[-66.868100842958086,-10.100462010249316],[-66.86647541286834,-10.099370847861223],[-66.867386707416529,-10.098250116018733],[-66.870026880765352,-10.099455793196171],[-66.871753004589664,-10.099751536933866],[-66.873882963657707,-10.099645445210342],[-66.876216681874894,-10.099347430334944],[-66.880072570186655,-10.099636287654675],[-66.882811500187302,-10.099234212048714],[-66.88554751441751,-10.097198606172583],[-66.88696791267455,-10.097001468888209],[-66.8891003319128,-10.097499937324415],[-66.890725594195885,-10.099403220105216],[-66.887688752712791,-10.103545234261503],[-66.88830093964134,-10.105054269496861],[-66.888810977371691,-10.106862326972077],[-66.888712264150968,-10.108587273278147],[-66.886483692798379,-10.110589906467794],[-66.886689933221248,-10.112708383696202],[-66.887303380507262,-10.11553506297281],[-66.888625864619257,-10.117342604183989],[-66.890655060284303,-10.117336822261336],[-66.892678117221919,-10.113703038736674],[-66.8932854592789,-10.112495574065122],[-66.894909987781716,-10.113388007029187],[-66.895217172040304,-10.114810345984438],[-66.895220958131915,-10.116813851937479],[-66.895223729137911,-10.118429294628129],[-66.89532874236653,-10.120548934352314],[-66.895736998614723,-10.122150579931315],[-66.896956522295511,-10.122966524099809],[-66.898783665586393,-10.123459430772812],[-66.900303960354051,-10.122051677199977],[-66.899691047183921,-10.119631185115793],[-66.899180067350699,-10.118121009409435],[-66.899380694209015,-10.116214380549138],[-66.900798303908857,-10.114789796430728],[-66.902626229108876,-10.115381961330343],[-66.903950113377562,-10.117911386454182],[-66.903953146720823,-10.120131479320321],[-66.903856816828238,-10.122442992994934],[-66.903757947720521,-10.124655262869965],[-66.903457906722679,-10.12677063232087],[-66.903358484055843,-10.128278966289884],[-66.904477871182678,-10.12998951402318],[-66.90579648014392,-10.129585876307146],[-66.907114248526852,-10.128568552656589],[-66.907923885993512,-10.127466980233976],[-66.909341722034981,-10.125861855538403],[-66.911270218431412,-10.125848091231376],[-66.91350478202088,-10.127049045890203],[-66.912999670402371,-10.128354593991048],[-66.912088238225635,-10.129574700162948],[-66.912497960497035,-10.131383843761967],[-66.912297730160901,-10.133001656071087],[-66.911691716825203,-10.134407674082809],[-66.911999340629393,-10.136127776444198],[-66.910987005215532,-10.137331033054295],[-66.912003254707543,-10.13863663185424],[-66.914946329073246,-10.138231766185697],[-66.916270246194244,-10.140932541156019],[-66.917593143099339,-10.14285718453732],[-66.919724567831906,-10.142741654982046],[-66.921144050455439,-10.14214722727354],[-66.923375363935804,-10.141425834932306],[-66.924798199140469,-10.142627270417393],[-66.923888050692483,-10.144244479151951],[-66.922976978957195,-10.145762427697207],[-66.92369026208911,-10.146963265023146],[-66.925212471985049,-10.146972249305861],[-66.926429071770315,-10.146353132864931],[-66.928456247385839,-10.144939227787802],[-66.930893338452506,-10.145334390058281],[-66.932417112929045,-10.146236761863804],[-66.933230887628326,-10.147337097720367],[-66.933233628203993,-10.148853199204666],[-66.931511907903541,-10.15088619666534],[-66.929686692743189,-10.151286964723113],[-66.927555176383692,-10.151790640238175],[-66.92613601003535,-10.152294856235471],[-66.924215378095994,-10.156739798469403],[-66.924323296969987,-10.160366442377892],[-66.924834205629452,-10.161768214445374],[-66.926562289276774,-10.162974998062396],[-66.927676888679116,-10.162068281763823],[-66.928791092259189,-10.161053272820084],[-66.931022673501218,-10.160142266952732],[-66.934168431584908,-10.160041586007026],[-66.935995346235075,-10.159631732108892],[-66.937312909556454,-10.158912090463332],[-66.940055745248799,-10.159817890349814],[-66.941477484316181,-10.160730428671513],[-66.942697979647278,-10.16161829048076],[-66.945034800881558,-10.162925966254363],[-66.947977612211844,-10.162908791768871],[-66.948286398149378,-10.164836326575596],[-66.947883306685583,-10.166646044833158],[-66.947482577252856,-10.16897012987846],[-66.947688233305655,-10.170574019108756],[-66.949922077016822,-10.170673588561726],[-66.951240709721901,-10.170368996067396],[-66.953169020877965,-10.170354890055478],[-66.955199872377193,-10.170655394970368],[-66.95723088504451,-10.171352955565169],[-66.958756590530527,-10.172363400566553],[-66.960383398074782,-10.173859932751384],[-66.960836090783687,-10.174709793145439],[-66.961300459170616,-10.175581572815645],[-66.961406093899086,-10.177691991172878],[-66.961307943083511,-10.179100964851159],[-66.960499245090318,-10.180915558973652],[-66.960096278072854,-10.182228934441525],[-66.961214982295019,-10.18353302100445],[-66.962434365743547,-10.184330527130555],[-66.96345432661974,-10.186348707786749],[-66.964270010367215,-10.188252026926364],[-66.964779907262141,-10.189870250367846],[-66.965189426143183,-10.191588948476124],[-66.965498293074859,-10.193895435695367],[-66.965807442363769,-10.195714607303671],[-66.96591270438563,-10.197527213547971],[-66.966017675893852,-10.199240555883875],[-66.967140305474402,-10.20215085940589],[-66.968666768140736,-10.203657515661803],[-66.969581565120677,-10.20466619743928],[-66.970902680566326,-10.205561670851978],[-66.972526007735382,-10.204756932325211],[-66.972218239748997,-10.203343856724757],[-66.971098545022357,-10.20144426479203],[-66.971400132943927,-10.200132109548633],[-66.973226022092433,-10.199712969386951],[-66.97413576419882,-10.197996397563713],[-66.975860804556646,-10.197497250432605],[-66.978303581192108,-10.200418578720758],[-66.978916335019164,-10.202324272710314],[-66.980442706929182,-10.203930119315771],[-66.981561439890811,-10.204837016426154],[-66.98359440175517,-10.206138900961435],[-66.985118508887524,-10.206436248932391],[-66.986946478371465,-10.206729899023401],[-66.988975482244996,-10.206226981352074],[-66.989072655174084,-10.20430368460319],[-66.987847178615084,-10.200889435343527],[-66.990791480585415,-10.201088304855489],[-66.993840978700518,-10.202883110282528],[-66.99546807734896,-10.204289105760267],[-66.99526996627776,-10.206006067622184],[-66.992632089381573,-10.207012744257213],[-66.990705090903418,-10.208019788749198],[-66.98989734172585,-10.209545640529768],[-66.99192887058183,-10.210549675052562],[-66.993553714991151,-10.210538932456586],[-66.994973101704659,-10.209727550437265],[-66.997105123585641,-10.210026456033461],[-66.999754390123996,-10.213748128025429],[-67.001583880652106,-10.215052332158677],[-67.003515914912612,-10.216057481275868],[-67.005040836875423,-10.217049537971036],[-67.006565139601605,-10.21754528059239],[-67.006967277663932,-10.216231912349599],[-67.006860317530823,-10.213724593248912],[-67.008382131679468,-10.213218718753581],[-67.009905261006963,-10.21340765556846],[-67.010924562765922,-10.214920217583028],[-67.010727984172718,-10.217945591508908],[-67.009409962550308,-10.218647516175281],[-67.008194830695516,-10.219871561448883],[-67.009009689080301,-10.221377600068195],[-67.009419376243386,-10.22307808939604],[-67.008814665594571,-10.224890247062547],[-67.009021311062213,-10.226412743033165],[-67.0117646730248,-10.227001811468369],[-67.012884677755096,-10.228314591594199],[-67.013808449957651,-10.232941487390235],[-67.011577497577662,-10.233961437331629],[-67.009036801901516,-10.23265702770766],[-67.005280465273017,-10.232775176896666],[-67.004273385557553,-10.236198508157543],[-67.006203699566925,-10.236996063491574],[-67.008742368459423,-10.236983035750541],[-67.009152551633008,-10.238602297468958],[-67.009467677936811,-10.243642741271572],[-67.010181323103154,-10.244843182998295],[-67.011301001134314,-10.245749881295808],[-67.012115605162137,-10.246849814768495],[-67.014491539374944,-10.244555701718639],[-67.01627128505794,-10.243811959159984],[-67.020132054058365,-10.244414247883583],[-67.021252448445523,-10.246124000165025],[-67.021358530595478,-10.248333496089742],[-67.020460394956046,-10.254787447827823],[-67.020464030687833,-10.256204120989821],[-67.021587770006761,-10.25911396234801],[-67.022706997583157,-10.260020595946173],[-67.023625245957135,-10.261832063681084],[-67.023933089220179,-10.26333521950221],[-67.024752152503709,-10.26615854705426],[-67.026279562350567,-10.267664705405707],[-67.027805980592404,-10.269062580172317],[-67.028825600678204,-10.27068326579473],[-67.030655458227841,-10.271472791585609],[-67.031870918828815,-10.270257642729916],[-67.031968356833261,-10.268451727467721],[-67.033287436306523,-10.268146677346181],[-67.035319586576463,-10.268644925432454],[-67.036742217859285,-10.26863635760202],[-67.038064256678581,-10.269540400906919],[-67.038981934703372,-10.271153272587753],[-67.040301860608281,-10.270938416340755],[-67.0420273560797,-10.270736578990807],[-67.043956210570741,-10.270730728732929],[-67.045380949082926,-10.271534200810265],[-67.046704581547431,-10.273142000749999],[-67.047928870551914,-10.275256332827951],[-67.048643218409495,-10.276555857461972],[-67.050776736883734,-10.276863230299398],[-67.052094707546985,-10.276143036890687],[-67.053718047216364,-10.275437091979597],[-67.055342938076876,-10.275317637500962],[-67.056361380299336,-10.276432886429518],[-67.057281350870028,-10.278857731727328],[-67.058603220460327,-10.279554119992667],[-67.062162751246888,-10.281558067384253],[-67.064197110986072,-10.282750844875693],[-67.065419016627686,-10.284170296263426],[-67.065831506393408,-10.286276579059859],[-67.065834901026165,-10.287693178856443],[-67.064516448172867,-10.288494649420613],[-67.06218142999478,-10.288911772980896],[-67.063100325892549,-10.290921515988543],[-67.06442247553025,-10.291220832017871],[-67.066454040960707,-10.291511284704995],[-67.067270136166428,-10.293125266667403],[-67.068797543785195,-10.294333335657825],[-67.070828199162577,-10.294118467134865],[-67.072962920081636,-10.29482264345512],[-67.074793878659023,-10.295918597637638],[-67.076116216316848,-10.296822398260701],[-67.07906538897646,-10.298129890416419],[-67.080590690110114,-10.298823590753386],[-67.082420772993657,-10.299522481103111],[-67.084250633664908,-10.30002285478389],[-67.085774269292529,-10.300012750959525],[-67.08851583386479,-10.299698605287745],[-67.090346304789136,-10.300496689528927],[-67.09187446566466,-10.302408381130022],[-67.092893561483606,-10.303613654609535],[-67.094416231927028,-10.303206508323626],[-67.09593886221046,-10.302907631290623],[-67.097160098941515,-10.303704310566673],[-67.098990033528821,-10.304610609643191],[-67.101224550606503,-10.304501236895987],[-67.101830019296301,-10.302887541045266],[-67.100809927191904,-10.301177041975052],[-67.101517176221989,-10.299959069522913],[-67.103140221875947,-10.299451376481613],[-67.104459984489267,-10.299146003776002],[-67.107300802923362,-10.298036452819645],[-67.111261003877303,-10.297508246237783],[-67.112385013680296,-10.299821903610791],[-67.11401253888414,-10.300929166581398],[-67.117059429032167,-10.300917694170664],[-67.118281896563019,-10.302120279460667],[-67.11919936591471,-10.3032274700779],[-67.120520966148945,-10.303625772077737],[-67.123265936280063,-10.304520314328045],[-67.124486851129348,-10.305217617432902],[-67.126318568562453,-10.306520697987935],[-67.128150217179439,-10.30752601965429],[-67.130080518749196,-10.307808272235661],[-67.131706819402041,-10.307913925291302],[-67.133432802376603,-10.307910032720599],[-67.13566599883103,-10.307493669218957],[-67.137491482586995,-10.306387753086369],[-67.139727647496898,-10.306783346509349],[-67.141050825103548,-10.30767776040534],[-67.143697300192059,-10.309583852587934],[-67.145324257459436,-10.310384144042473],[-67.147867977177498,-10.311686998536914],[-67.149495789788432,-10.312685740543145],[-67.150211356056104,-10.314192348999711],[-67.150420707001558,-10.316210668887095],[-67.151138449407597,-10.318330758084471],[-67.151987914872166,-10.319549354545188],[-67.152260524295173,-10.319940425038396],[-67.153182845141544,-10.322752599602495],[-67.152376284843456,-10.324666615059698],[-67.15105640653718,-10.324972208724319],[-67.149328884246586,-10.324777760010193],[-67.1490871722728,-10.324779059604396],[-67.146891005985651,-10.324790867563195],[-67.143645928694241,-10.326717979923558],[-67.141722198887521,-10.328835727132002],[-67.140812901532513,-10.330453317472518],[-67.141152386894248,-10.330649618958148],[-67.142034211495059,-10.331159518643574],[-67.143760266594086,-10.331038231400555],[-67.145690398134832,-10.331040640456365],[-67.146710219664897,-10.332444112972325],[-67.147628967154617,-10.333650380283984],[-67.148742036564954,-10.332138442073358],[-67.149446630607542,-10.330216702547546],[-67.151275284540247,-10.330211355283836],[-67.151688188178639,-10.332425551988024],[-67.151998635632708,-10.33424407755507],[-67.152918475448132,-10.336352532273963],[-67.154041669228604,-10.338061395125635],[-67.1552674985669,-10.340283201199327],[-67.156490000163501,-10.341386283123086],[-67.15750310158262,-10.340471068221177],[-67.157612713948424,-10.340320621675403],[-67.158312621778521,-10.339359975359571],[-67.15963342333572,-10.339649784585049],[-67.161160879551744,-10.340658708463025],[-67.162483390412376,-10.34145372177403],[-67.164315086844169,-10.342359472484702],[-67.165942137982597,-10.342564114301354],[-67.168278544252644,-10.342750601647992],[-67.1707008492358,-10.342742480330855],[-67.171123374007266,-10.342741063722372],[-67.173053951664087,-10.342725230888902],[-67.174982714459361,-10.344387671740208],[-67.175498182688102,-10.344831964549769],[-67.175683484773401,-10.345472410591299],[-67.175909088053743,-10.346252146704501],[-67.176827655448051,-10.347647736988904],[-67.178254208570081,-10.348856328643819],[-67.179577801478615,-10.349966996942214],[-67.18100398448513,-10.35125677069243],[-67.183140692501183,-10.352059191681462],[-67.184666766117118,-10.352860465737535],[-67.186089596357135,-10.352860115471572],[-67.187305361556923,-10.3520504671975],[-67.189743115487488,-10.351829471794531],[-67.191876651041184,-10.351819900081239],[-67.196138639172148,-10.350194900864892],[-67.198575896289981,-10.349982873996282],[-67.200503244894264,-10.348866248013962],[-67.20064728433141,-10.348684540417253],[-67.201616021383586,-10.347462466206196],[-67.202626715962651,-10.345942726178748],[-67.203433881209378,-10.344127910621808],[-67.203444921080063,-10.34410553306725],[-67.204038612937268,-10.342902133830876],[-67.204645288055758,-10.341694375825455],[-67.20514405847149,-10.338972373194963],[-67.205238961715679,-10.33695930355384],[-67.206555693556425,-10.335742338198258],[-67.208282137426124,-10.335539502746258],[-67.211023111511793,-10.335025771131939],[-67.214883629772601,-10.335002679146271],[-67.216609986650838,-10.335007299648851],[-67.218031990806878,-10.334997826875508],[-67.22158959388787,-10.335583036278706],[-67.222406796578582,-10.336889536032231],[-67.223926720977886,-10.335778136243221],[-67.22493698989706,-10.334068934618927],[-67.22594960055693,-10.333144571558762],[-67.227272671435117,-10.333749809320523],[-67.228695597640979,-10.334047008459891],[-67.229503372159968,-10.332430658693681],[-67.230410353834884,-10.330605523400095],[-67.231015797163707,-10.329298542804452],[-67.231622272072002,-10.328090785015206],[-67.232836622794025,-10.32707356987828],[-67.237408875965059,-10.327257471204803],[-67.23903422651955,-10.327254284421599],[-67.241268707578854,-10.327234106761694],[-67.243199734874963,-10.327434392854741],[-67.244623221644645,-10.327731519022677],[-67.246353728529812,-10.328737298653834],[-67.247780775712727,-10.330134951500156],[-67.249307073391037,-10.330836658989085],[-67.251138158892218,-10.331543383118628],[-67.252360434434593,-10.33263696634765],[-67.252364009216308,-10.333665122878415],[-67.25236604862414,-10.33425168471183],[-67.252779118019532,-10.336158757478131],[-67.254914975180839,-10.336653960212288],[-67.256746134979551,-10.337360633364312],[-67.258071045639724,-10.338669337471686],[-67.259904412174876,-10.340070580982626],[-67.26102598828561,-10.341165430228727],[-67.262756075831646,-10.342062825066193],[-67.264383406295508,-10.342663864583983],[-67.267225787786685,-10.342049096594508],[-67.268953014543342,-10.342242848914168],[-67.272719767696515,-10.344249977209472],[-67.274549774326317,-10.34463177735131],[-67.275670307739119,-10.345446914330012],[-67.276892949394153,-10.34634188500894],[-67.278007045872414,-10.345434102388992],[-67.279119460012453,-10.344111379750927],[-67.280945404313172,-10.343302439786839],[-67.282058316906728,-10.342187187580521],[-67.282866129286106,-10.340769258435728],[-67.285401798409055,-10.339653236723393],[-67.287534619248277,-10.339643068218493],[-67.289158572761721,-10.339026207946915],[-67.290372479638506,-10.337611922024053],[-67.291281623534417,-10.33630089837186],[-67.292496053664991,-10.335094082152352],[-67.293915063369241,-10.334173218974286],[-67.295537464409051,-10.333466155411372],[-67.296528483951761,-10.333427882697322],[-67.298382226512388,-10.333356292021449],[-67.298648363230086,-10.333459750831025],[-67.301433957083361,-10.334542631188071],[-67.302558430599788,-10.336250651163937],[-67.303172909105285,-10.337667753242442],[-67.30480160009904,-10.338656433924484],[-67.306833764239457,-10.338656497003171],[-67.308659389351078,-10.337838421978404],[-67.308146274262526,-10.336528239845677],[-67.308240963058154,-10.334912299954965],[-67.310575751773797,-10.334303950774313],[-67.312201576679684,-10.334291351642833],[-67.314031769037967,-10.334790193718902],[-67.314848572949074,-10.33589786505695],[-67.315666293673075,-10.337303195797404],[-67.3180025214333,-10.337091672074337],[-67.319321175558741,-10.33668622363092],[-67.320842073044901,-10.33587215613494],[-67.322158959780381,-10.334844314517852],[-67.324085596868656,-10.333943645254578],[-67.325402033351054,-10.33292482386679],[-67.328550965247018,-10.332819660745486],[-67.330485599013628,-10.333912348671845],[-67.332116282131949,-10.335324791993003],[-67.334151154865538,-10.336208640759082],[-67.335473534505297,-10.336407443008227],[-67.336698565020185,-10.338014700442955],[-67.335789593094887,-10.339524225096284],[-67.336610860576855,-10.341443568755778],[-67.338137399720722,-10.34244241859551],[-67.338855104868571,-10.344056447217724],[-67.339168764900762,-10.346271219491314],[-67.339786039212754,-10.348283475554581],[-67.340807284616119,-10.349478492621756],[-67.340712334337013,-10.351202624077132],[-67.34000881520268,-10.353115321383541],[-67.338182539968784,-10.353825344054883],[-67.335848894960634,-10.354442935259783],[-67.333821398751923,-10.355660771340695],[-67.331996225290482,-10.356578221832081],[-67.330781854426448,-10.357884383590658],[-67.329469452204421,-10.360012706265991],[-67.328864731015926,-10.361229524685427],[-67.328772549454357,-10.363639187062915],[-67.328784567242906,-10.366769080914651],[-67.328897855555226,-10.369789373847368],[-67.32900747866023,-10.371898661789714],[-67.329419417617203,-10.373210108935723],[-67.329732047627715,-10.375127246661975],[-67.330351435476189,-10.377644629940619],[-67.330559899880768,-10.379049002298018],[-67.330568187335587,-10.381060419643518],[-67.33047360850486,-10.382983013981288],[-67.330275534704924,-10.38440186014185],[-67.329773029372177,-10.385806751392295],[-67.327745304518487,-10.387033659099643],[-67.325711636612141,-10.386627954598339],[-67.325005863517788,-10.38804459340389],[-67.323690010053724,-10.389361166650758],[-67.323399886201742,-10.393000270275536],[-67.326754967516194,-10.393586693516511],[-67.329603041429095,-10.394279108653393],[-67.330930784313978,-10.396083376726267],[-67.332257027786284,-10.397382517480196],[-67.334393588083401,-10.398075414301275],[-67.336834165740413,-10.398376332127668],[-67.338354835530083,-10.397661309364878],[-67.339878707705111,-10.397550592222785],[-67.341207296092591,-10.39936379764822],[-67.342832537684728,-10.399350919772473],[-67.344252340131618,-10.39842976804789],[-67.345569293380663,-10.39732057704822],[-67.347395431911309,-10.3965112013056],[-67.351352765503748,-10.395285195110034],[-67.353382612055384,-10.394770707474322],[-67.356027517892414,-10.395059701530556],[-67.360302906059815,-10.397148655981141],[-67.362234235578796,-10.397248802018566],[-67.363658371354859,-10.39754522169244],[-67.366307012674611,-10.399241171478991],[-67.367533868485907,-10.40105558296068],[-67.366524616133631,-10.402774023403879],[-67.365200720238136,-10.402070372599042],[-67.363471217414485,-10.40147142675562],[-67.36286601809212,-10.402688294671577],[-67.363280262218325,-10.404594910451749],[-67.363591697113065,-10.406214278938819],[-67.364006494346597,-10.408220101735537],[-67.365635166197421,-10.408919615808543],[-67.367466115441005,-10.409210479706474],[-67.368273149833044,-10.407900668340972],[-67.369283956088282,-10.406579072917225],[-67.370294435176845,-10.405275521715907],[-67.370797168985291,-10.40376238443406],[-67.372112296398768,-10.402346461826255],[-67.3733280220805,-10.401527195917254],[-67.37443867784981,-10.399608937533401],[-67.374836621795851,-10.397592118245655],[-67.375337058772857,-10.39567312701945],[-67.377061105178939,-10.394865000165737],[-67.378481837913284,-10.394448836884578],[-67.379904400134251,-10.394447552365079],[-67.380924474955236,-10.395344685370219],[-67.381742377683111,-10.396650449003516],[-67.383373717914537,-10.397845928122592],[-67.385003446137546,-10.398743766069344],[-67.387037856021664,-10.399446669444842],[-67.388972476128799,-10.400042679764169],[-67.390496304601925,-10.400030938814439],[-67.392121745955137,-10.399828393669338],[-67.393439452455311,-10.399115920212751],[-67.39506245373866,-10.398498495339368],[-67.396381257868825,-10.397885214706378],[-67.398311505736672,-10.397885934937506],[-67.399935015455412,-10.397268484499193],[-67.401355887602904,-10.396762029656315],[-67.402675311514486,-10.396356170441891],[-67.403899539365568,-10.397457860544421],[-67.405430640070449,-10.399150631653583],[-67.406542113630849,-10.397836633268298],[-67.407650134173025,-10.395314077537591],[-67.408860516089646,-10.39338540693177],[-67.409056561367095,-10.391678055484874],[-67.410061459722897,-10.388958490276025],[-67.412395283230694,-10.38834031000863],[-67.41292110479759,-10.388403074873736],[-67.414022250027699,-10.388534513438117],[-67.415447886874688,-10.389218508854356],[-67.417076239549942,-10.389728351653446],[-67.418199079515318,-10.390930578349128],[-67.418955535766031,-10.392136900975629],[-67.419017790310818,-10.392236178449991],[-67.42055091894224,-10.394244502032961],[-67.422081733274695,-10.395747762918063],[-67.423308549315209,-10.397363414331096],[-67.424739123605434,-10.39926487361123],[-67.426980895809379,-10.400758327591291],[-67.42840737403975,-10.401550450227944],[-67.429428401119196,-10.402654791584268],[-67.430551570742011,-10.403865951733565],[-67.431369806916734,-10.405171492309137],[-67.432290739503458,-10.406583844211127],[-67.433516858492794,-10.407982968334636],[-67.433929406214645,-10.40948348199106],[-67.433529794412152,-10.411004201144976],[-67.432418438182992,-10.4124174763121],[-67.431613188495248,-10.414142206317479],[-67.430297145341171,-10.415350860266415],[-67.428878046562772,-10.416164087269806],[-67.427050962581518,-10.416775484065852],[-67.426752161530032,-10.418096401088292],[-67.427267887732171,-10.419703740844341],[-67.427479586862887,-10.42162191683741],[-67.427282678248787,-10.423239065901214],[-67.425864485285786,-10.424142476255838],[-67.425373311536305,-10.42798240942949],[-67.425176238891368,-10.429590545847191],[-67.424982833668139,-10.431712728459786],[-67.424788664531263,-10.433825903170714],[-67.425204261338934,-10.435939695665354],[-67.425515557569213,-10.437351423649375],[-67.425928252412575,-10.438761752273081],[-67.426749552042224,-10.44057230852161],[-67.427774927337737,-10.442686695941973],[-67.429406755349476,-10.443971957992176],[-67.43103486713045,-10.444274169411187],[-67.432762025482418,-10.444268352184224],[-67.43428693254782,-10.444166110300728],[-67.435709116478108,-10.444155472536806],[-67.437639539230929,-10.4439393801199],[-67.439368383523288,-10.444032713968284],[-67.440693393996924,-10.444835112756834],[-67.441714737703933,-10.445840126351584],[-67.443040297102357,-10.447039339121034],[-67.443960237696444,-10.448244162358662],[-67.444373527270216,-10.449645400632676],[-67.444586513381353,-10.451761914314773],[-67.444999518265604,-10.453280399583321],[-67.445820900027513,-10.454982617797441],[-67.446743139485193,-10.456584222194806],[-67.447154896149357,-10.457895278778267],[-67.446246926930598,-10.459414047390567],[-67.447170601728601,-10.461331288315989],[-67.448701435125599,-10.462726009501353],[-67.449926460817153,-10.463935569123976],[-67.451559309860784,-10.465130432641502],[-67.453391627963185,-10.46582646929852],[-67.455632064756401,-10.466823454994767],[-67.457264577007834,-10.468126505152668],[-67.45859094952516,-10.469127165015607],[-67.460324900513399,-10.470428776589699],[-67.462059466220978,-10.471829571029787],[-67.46237164442357,-10.473439582349158],[-67.462379540366783,-10.475053836008613],[-67.463096720657461,-10.476351556229531],[-67.465032042754899,-10.477064089085786],[-67.466555887997686,-10.476952628166998],[-67.468684684387256,-10.475732426462514],[-67.469900475737973,-10.474813571650429],[-67.47152439255666,-10.474096441718302],[-67.472943162243553,-10.473183763295594],[-67.474461414936002,-10.47166544107597],[-67.47557342935869,-10.470450412991966],[-67.478619238421402,-10.469632209376812],[-67.480655514856892,-10.470216976205279],[-67.481981596474725,-10.471127322659584],[-67.48331048629035,-10.472822235049932],[-67.48413143430497,-10.474443088340252],[-67.485359508252657,-10.476139394775487],[-67.486990510279895,-10.477144632314207],[-67.488722947328711,-10.4780492302894],[-67.490355033472099,-10.479243814668223],[-67.491477052128971,-10.48004873822515],[-67.49341608787023,-10.481653834391125],[-67.494946029836797,-10.482642392229707],[-67.497086162547305,-10.48374861288886],[-67.498718759529879,-10.484934103467367],[-67.500653559359193,-10.485637352670324],[-67.507374347534551,-10.488022667899145],[-67.509204447205718,-10.48801488434907],[-67.514186993635576,-10.486564751334811],[-67.516220005720129,-10.48717631776907],[-67.518151654447138,-10.488375480460434],[-67.520186078619815,-10.489681388666725],[-67.521609759220837,-10.490581089411307],[-67.522932147536324,-10.491392033754096],[-67.524864322564667,-10.493105156482102],[-67.526289290084264,-10.495014827391003],[-67.527205990757068,-10.497130089068833],[-67.528224633907712,-10.498946302009756],[-67.529141032917437,-10.500457345285383],[-67.530259711541476,-10.501866312763468],[-67.531378970737478,-10.503275263892931],[-67.532497948216189,-10.504278402109321],[-67.534023917248987,-10.505086372381811],[-67.53605626921933,-10.504868105711466],[-67.53747832335182,-10.504469131243582],[-67.539003360525271,-10.504059668855689],[-67.540426015413118,-10.503759872203204],[-67.542560345630932,-10.503152349786831],[-67.544999354654749,-10.503045475092676],[-67.5463210081287,-10.502837272684644],[-67.548149832824549,-10.502234071918338],[-67.55079320925438,-10.502241473981201],[-67.553538049176836,-10.502635168199504],[-67.555672661982555,-10.50323593833582],[-67.557807848991558,-10.503836682430006],[-67.56238354759671,-10.504736169023488],[-67.563909430331535,-10.505435751910568],[-67.566145855951106,-10.506341575956299],[-67.568789755009448,-10.50743091061662],[-67.570011024845087,-10.508053658515848],[-67.57265552487678,-10.5098463057289],[-67.574486925865131,-10.510956240054156],[-67.575807969387085,-10.511352086907493],[-67.577130656952704,-10.512063513929604],[-67.578962494398866,-10.513768554198919],[-67.579979809881479,-10.514872097812997],[-67.580897957104526,-10.51709521866178],[-67.580899867845858,-10.519214280853532],[-67.579986888419342,-10.520922680637455],[-67.580192258994373,-10.52303881918931],[-67.581211760748772,-10.525251452956638],[-67.582332952410923,-10.527570822301072],[-67.583860087704011,-10.529379362105715],[-67.585791856693675,-10.530190149055727],[-67.587013425320208,-10.53097508791808],[-67.588844532623398,-10.532084870719643],[-67.590166915190935,-10.532291230578551],[-67.59138830779051,-10.533193371624066],[-67.592405727245989,-10.53419763924245],[-67.593727624537053,-10.534503176178475],[-67.595963584047581,-10.534497934204694],[-67.597896488029505,-10.534794623933749],[-67.602676267263462,-10.536402694470098],[-67.604609404618088,-10.537501855517348],[-67.606846996809281,-10.538506417820656],[-67.609899936953127,-10.540112298764086],[-67.611120716851303,-10.541320915083134],[-67.612953936270401,-10.543737933790851],[-67.614075215258708,-10.545750485379187],[-67.614890843763931,-10.547253497615714],[-67.615705883461146,-10.549072107465975],[-67.616419921110435,-10.550378211459929],[-67.616929740765102,-10.551678262849236],[-67.617746022252732,-10.553911619655651],[-67.618461693460802,-10.556317755000237],[-67.618768175637626,-10.557629770817016],[-67.619481208073353,-10.559035055197057],[-67.620296497879337,-10.560547049774868],[-67.620400820761859,-10.562060374671205],[-67.620401363583653,-10.563575210354941],[-67.62050816103158,-10.56690090021425],[-67.620509762404481,-10.5685058893323],[-67.620511453764891,-10.570020707841593],[-67.620716896041245,-10.571830115323507],[-67.621126273002801,-10.573248821398238],[-67.621636424971655,-10.574657039086389],[-67.622146477057811,-10.575966069529557],[-67.623266883804831,-10.576968635863068],[-67.624284766924404,-10.578071877041396],[-67.625507414762581,-10.579586898258071],[-67.626831054033119,-10.580694676626024],[-67.628255541205533,-10.581701786861231],[-67.630087838411043,-10.582901295298086],[-67.632021907260139,-10.584207500009995],[-67.633853578220453,-10.585118447021102],[-67.636500623953111,-10.587027313984322],[-67.637824419039532,-10.588324365129381],[-67.64087806952233,-10.59054279904251],[-67.643219938875234,-10.592753596827777],[-67.644340161711,-10.593954402983286],[-67.645562704408917,-10.595261898494869],[-67.646887100218009,-10.596775270595401],[-67.647804575171278,-10.598177396143967],[-67.648520145702662,-10.600393976005648],[-67.648724423151918,-10.601716410358279],[-67.648828315263245,-10.60331983396253],[-67.649136235254105,-10.604631725753393],[-67.649545689140439,-10.606447050396525],[-67.65036135551901,-10.608049013691641],[-67.651762543512518,-10.609732516599649],[-67.651690408470415,-10.612285260474835],[-67.652404496205918,-10.613789521545243],[-67.653626051435367,-10.614907606341717],[-67.6554593944565,-10.616106828437182],[-67.657393254023248,-10.617313567600547],[-67.659124611291929,-10.618829836592795],[-67.660652691610665,-10.620331057650105],[-67.661671299450518,-10.621731593803986],[-67.662690232763964,-10.622744412366956],[-67.664116535644041,-10.623949564251916],[-67.666152623429355,-10.625154703411965],[-67.668391639907441,-10.626257639956066],[-67.670224433119131,-10.627168209435808],[-67.671954692339739,-10.628053233516141],[-67.673582115358727,-10.62846190504024],[-67.675412391229941,-10.627956917345728],[-67.676428576685737,-10.627040228346516],[-67.677137739428872,-10.625524002820612],[-67.67764423869744,-10.624218156319557],[-67.679572572555173,-10.621692073144914],[-67.681096225722456,-10.620271967423093],[-67.682517767803461,-10.619069762793174],[-67.683737031536282,-10.618159074353855],[-67.685771475785259,-10.618155931903402],[-67.687196049422994,-10.618856072835115],[-67.688011580472732,-10.620061136571735],[-67.696275976875313,-10.647149965372421],[-67.714498250851193,-10.706878472578296],[-67.718401933499365,-10.719673864497338],[-67.720438560811033,-10.719976718307464],[-67.722167065505857,-10.718868747970589],[-67.726134737767723,-10.718646549630591],[-67.727358175167126,-10.719962374681472],[-67.728886971190377,-10.721156370968004],[-67.731126302905466,-10.721465096351949],[-67.732247632732594,-10.722566059962446],[-67.733672130560478,-10.722265018999849],[-67.734381760605061,-10.720748683992099],[-67.735599695919802,-10.719224655500796],[-67.737023011921053,-10.718617097889251],[-67.738868673109437,-10.719327956863992],[-67.739365289767022,-10.719519229460559],[-67.740589807382491,-10.721132470514306],[-67.741406535003591,-10.722544529480672],[-67.742325267756314,-10.724252545187255],[-67.743751614605912,-10.72515048008205],[-67.745074567340851,-10.724850926773229],[-67.747006075516197,-10.723829915542694],[-67.749040615254842,-10.723835082325081],[-67.750463159950641,-10.72251526548979],[-67.752088826036413,-10.721102207735953],[-67.753714596009786,-10.720184986973152],[-67.754526068397126,-10.71887445232818],[-67.75492899505042,-10.716866936563008],[-67.755232393497238,-10.715455942853112],[-67.755430148524965,-10.713126997702886],[-67.755631418357154,-10.711717557569045],[-67.756644320049702,-10.709799947576755],[-67.759389099684938,-10.708279734988764],[-67.761217782599715,-10.706962758631619],[-67.762539116404469,-10.706248495963052],[-67.764268786467937,-10.706041882906334],[-67.765895793591199,-10.705746672051362],[-67.765893009989043,-10.704232170164971],[-67.767008035761535,-10.702412175558493],[-67.768630809720833,-10.699980442351261],[-67.769544998126605,-10.698983881816787],[-67.770253791534401,-10.69726022509343],[-67.771167013077786,-10.695939137062339],[-67.773099744446142,-10.695945771483991],[-67.774729541340832,-10.696741316904706],[-67.775951774957548,-10.697651241765868],[-67.777275038709547,-10.69795561313515],[-67.778801662756734,-10.697634842496711],[-67.780225004020508,-10.697739344608124],[-67.781650874551133,-10.69773562172594],[-67.784192293003969,-10.697732893860916],[-67.785820083331316,-10.697726069119426],[-67.787242692817131,-10.696613539533757],[-67.788461978181715,-10.695792589740506],[-67.790087219407951,-10.694685974171477],[-67.791306645335851,-10.693874032186102],[-67.793033944893978,-10.692765849896773],[-67.793947264505391,-10.69176025750869],[-67.795674060373642,-10.69053488492483],[-67.797707837573171,-10.690035007559118],[-67.799030127681078,-10.689717288240161],[-67.800556783850539,-10.690126628539133],[-67.802491304440309,-10.690619860221148],[-67.804522354437836,-10.688893988707264],[-67.806451077637746,-10.686980373764129],[-67.808584276477802,-10.685559427041994],[-67.809496622311258,-10.684148176299743],[-67.810308484075733,-10.68303594864301],[-67.811426068949118,-10.68221651542467],[-67.812948799329718,-10.681102401180169],[-67.814168736721911,-10.680506758219622],[-67.815998434760502,-10.679694422454304],[-67.817319836354443,-10.679484839275233],[-67.818334180514285,-10.678072021496007],[-67.818026218417742,-10.676760630233218],[-67.81843040274174,-10.675456338770744],[-67.819952540353654,-10.674134890660696],[-67.821272375005378,-10.672618227965245],[-67.822695784463235,-10.672614402564193],[-67.824020254618461,-10.67331521620855],[-67.825446408081689,-10.674023473527654],[-67.826770317506828,-10.674724278770555],[-67.828397751188675,-10.674618128569136],[-67.828902735142151,-10.672798474034778],[-67.82889872240537,-10.67118496283382],[-67.829200013040122,-10.669575772810788],[-67.830315353932406,-10.668260557874703],[-67.831635234084331,-10.667347843175946],[-67.833259885128314,-10.665727321538384],[-67.833357175640742,-10.664013104446383],[-67.834372065517414,-10.662996907516742],[-67.836811392308675,-10.662094010423289],[-67.838337373490617,-10.662088555482967],[-67.839762045172904,-10.662183809473447],[-67.841491669784716,-10.662175203405297],[-67.842915004415147,-10.661873838029635],[-67.844438171742979,-10.660858808427292],[-67.846369510178363,-10.660243121337999],[-67.847590006650535,-10.659629371803703],[-67.849319187648405,-10.659629749134922],[-67.851356541401401,-10.660436630546656],[-67.852578959955395,-10.661436356105185],[-67.854004757267433,-10.661738849999381],[-67.856445171130702,-10.661520876514771],[-67.857970769284179,-10.66110970139232],[-67.860207927225872,-10.660705548665987],[-67.862038235070884,-10.660505981728704],[-67.863463360473361,-10.660889565811942],[-67.865701250417487,-10.660999159082394],[-67.867733611740448,-10.659976167696584],[-67.869967623560512,-10.658553435434271],[-67.871185880633334,-10.657651207239269],[-67.872809225831702,-10.656129760407737],[-67.873722665576338,-10.654925782332896],[-67.875142825097782,-10.653695924210069],[-67.877177009982745,-10.653393978431552],[-67.879313997492432,-10.653892650051375],[-67.881147207259744,-10.654495169187953],[-67.885523520787387,-10.655382674072428],[-67.887454668027374,-10.654766783243872],[-67.888469772240683,-10.653867671793535],[-67.890094643489704,-10.653049217421881],[-67.891518619856299,-10.652846806369269],[-67.893858926011376,-10.652828434333514],[-67.895892188770517,-10.652625539182736],[-67.8979266514404,-10.652720059119417],[-67.899760588715878,-10.653619889277593],[-67.900678662304585,-10.654624110317627],[-67.902002305073665,-10.65521639889829],[-67.903631210293781,-10.65572279900573],[-67.905261483985385,-10.656328314518021],[-67.906173680911024,-10.65521444835997],[-67.907188559669123,-10.654306288504131],[-67.909119632358511,-10.653690285178527],[-67.910645571453529,-10.653684492699881],[-67.912170478382677,-10.653480415478953],[-67.913897084884582,-10.652561129036542],[-67.915422280256337,-10.652050582623815],[-67.918369460331348,-10.651238392207574],[-67.919793049742509,-10.651135014369913],[-67.920814253335493,-10.652245696586931],[-67.922341125994706,-10.652636416106532],[-67.923666410286103,-10.653832455773113],[-67.924686832437203,-10.654843982554041],[-67.925301185632748,-10.656150284586715],[-67.925304936256452,-10.657565293245568],[-67.927344834403129,-10.65927286910221],[-67.92887310048161,-10.660168250717561],[-67.930705642970565,-10.660463983422176],[-67.932129127816722,-10.660468690808045],[-67.934165867395166,-10.661166784278976],[-67.935591110078576,-10.661667163750451],[-67.938138081486045,-10.662663653169488],[-67.939768313904608,-10.663665513494436],[-67.941602557071405,-10.664565009672401],[-67.943028419830569,-10.665065333023335],[-67.9456734730025,-10.665158903658778],[-67.947198779908888,-10.665143903627495],[-67.949132666828746,-10.665338769347954],[-67.950659530452981,-10.66554904853507],[-67.952389975618019,-10.66592735392345],[-67.953916166333954,-10.665930330908395],[-67.95574495346699,-10.665306645475425],[-67.956963548809824,-10.664611464648658],[-67.958488241491978,-10.663902438596381],[-67.96052176127165,-10.663681075995839],[-67.961946582237317,-10.663983037521518],[-67.963879400338953,-10.663573977613225],[-67.966418755153313,-10.66265061438753],[-67.967739842734034,-10.662350342091884],[-67.969062597575544,-10.662050038911502],[-67.970586016776736,-10.661539267984267],[-67.972418242885965,-10.661726586716895],[-67.974150973644385,-10.662825735554691],[-67.975376359465827,-10.664545755163431],[-67.976397241494226,-10.665448864430516],[-67.977926446580454,-10.666551200717834],[-67.979149459080872,-10.667144667004436],[-67.98077783058892,-10.667434287659091],[-67.982105486525029,-10.669044485030781],[-67.982924422074973,-10.670662743413459],[-67.983945065963496,-10.671664949508909],[-67.985169346797193,-10.672663915999692],[-67.986798563424315,-10.673368045839823],[-67.988225018998321,-10.673859089002917],[-67.990056142448623,-10.673956160484636],[-67.991275304826331,-10.673350977534199],[-67.992289211463287,-10.672235353922133],[-67.993098490964826,-10.670816565835366],[-67.994821635803419,-10.668905594755245],[-67.996444400244513,-10.667482882119828],[-67.99796765336157,-10.666566436204562],[-67.999695240113738,-10.666052284699447],[-68.001831180846295,-10.665648783184395],[-68.003149098866004,-10.664420165567435],[-68.004773654210453,-10.663321845363498],[-68.006502722884932,-10.663312324507672],[-68.007824415761377,-10.663102008269732],[-68.009958462739633,-10.662292950506185],[-68.011379886139594,-10.661477223431859],[-68.013210884307455,-10.6613759238179],[-68.014739965702688,-10.662261742471344],[-68.015863396678355,-10.663577589935869],[-68.017594019240562,-10.6640726530851],[-68.018709122525934,-10.663063525634243],[-68.020231444287901,-10.661849629031167],[-68.021957629166252,-10.660929866462595],[-68.023787790828351,-10.660531127535648],[-68.025417573388495,-10.661117879680376],[-68.026644009705706,-10.662729414105115],[-68.027964575913359,-10.662320776115848],[-68.029285182404521,-10.661803991331453],[-68.030811927162631,-10.661806588385559],[-68.032541077826977,-10.661887042602643],[-68.034273798764389,-10.662796512674333],[-68.035397208148538,-10.664103240019415],[-68.036420477628837,-10.666015351461738],[-68.037646973687288,-10.66731139657918],[-68.039277206553436,-10.668114321805945],[-68.041004548627427,-10.667708110025728],[-68.042531473159954,-10.667999006593107],[-68.043056005679489,-10.672334203671028],[-68.04255323208622,-10.674252752605867],[-68.04388445261327,-10.676772648232259],[-68.045718988233432,-10.677770481649475],[-68.046942278690778,-10.678363597789598],[-68.048575391533177,-10.679869294508649],[-68.050713110240565,-10.6803665680888],[-68.052443900016044,-10.680464859084054],[-68.054276673704067,-10.680750738498602],[-68.056008196887205,-10.681362651089444],[-68.058250286099394,-10.682561073984516],[-68.059574859769953,-10.683053361444422],[-68.062119601188783,-10.683444845973668],[-68.064053850564278,-10.683837154038201],[-68.065383175181239,-10.68554586775673],[-68.066505258250118,-10.686546021605466],[-68.067933006665896,-10.687451113613804],[-68.071093965102023,-10.689355449023594],[-68.072726928683437,-10.690752806443356],[-68.07334542094469,-10.692968576738679],[-68.074166584675993,-10.69499182290582],[-68.075086103076956,-10.695986187217216],[-68.076411840467074,-10.696892861912545],[-68.078042465645069,-10.697389080354185],[-68.080790990905939,-10.697885177411024],[-68.087817943892105,-10.699465187604915],[-68.08874032154165,-10.701378567143536],[-68.089050259010492,-10.702779254339816],[-68.089564486350525,-10.704293761974498],[-68.090485051871838,-10.705306050653974],[-68.091913542552504,-10.706598422781497],[-68.094258099323724,-10.707704661853313],[-68.096907985447672,-10.708697770423271],[-68.097929893377227,-10.709807489407808],[-68.099053166528449,-10.710906538528491],[-68.100994608547353,-10.713109589876069],[-68.102017370334579,-10.714426518495202],[-68.103652263834647,-10.716427285729822],[-68.10467498188433,-10.717627055097694],[-68.105903207772997,-10.719445208357115],[-68.107331744040209,-10.720647341437484],[-68.109571514740139,-10.720944132676266],[-68.112221822747358,-10.722027136564861],[-68.114366587647964,-10.724145606211778],[-68.117128309896827,-10.727758726417733],[-68.117743378444345,-10.728974101268079],[-68.117957282329257,-10.731493584683335],[-68.117761240909033,-10.733506178697155],[-68.11838036024011,-10.735721663597076],[-68.119202319115459,-10.737834698566473],[-68.119412362009939,-10.739444159900984],[-68.119420330257583,-10.741552522042923],[-68.118411985266277,-10.743974915647925],[-68.1176048523551,-10.74599754107561],[-68.116706495812593,-10.750247306098856],[-68.116507467935492,-10.751755358223363],[-68.114172619099293,-10.753181328941309],[-68.113159620204897,-10.75449549663864],[-68.112250584694664,-10.756312560788899],[-68.110930175940837,-10.757028052878752],[-68.109711820386167,-10.757931094459821],[-68.108188899268782,-10.758848139959468],[-68.108484029062026,-10.761486421658844],[-68.108504827625268,-10.761672348222703],[-68.109425355565691,-10.762774583179066],[-68.110550200306534,-10.764071695650841],[-68.111676489653178,-10.765882388865634],[-68.112502497135779,-10.768914454567266],[-68.113026171666036,-10.772843541916984],[-68.11374595430118,-10.774760006193389],[-68.114261089254114,-10.776463572973057],[-68.114579250122063,-10.779585058035821],[-68.114587258762697,-10.781810572171366],[-68.114596105827275,-10.784324415161166],[-68.114807716027997,-10.786537566924778],[-68.11532222590688,-10.787961798728304],[-68.11614212594958,-10.789660329457774],[-68.117573846938114,-10.791267677499832],[-68.119513826706338,-10.79257829294545],[-68.121350171838174,-10.793674342967904],[-68.122879646347883,-10.794369962265534],[-68.125122428380507,-10.795270050838894],[-68.126550024300911,-10.795868210075867],[-68.127876342552497,-10.796567148944632],[-68.132470611898441,-10.799978280227208],[-68.134211280602983,-10.802490435551931],[-68.135848934699766,-10.804797033760565],[-68.136568997164716,-10.806515112221746],[-68.137389125864047,-10.808213506822256],[-68.138818931532398,-10.80921700178493],[-68.140451386369932,-10.810217126189912],[-68.142391685377731,-10.811635617203649],[-68.143111890415184,-10.813632974377413],[-68.143729666845672,-10.815343695278102],[-68.144448639282871,-10.816755391363358],[-68.145979911409768,-10.817856252965157],[-68.148019618860076,-10.818858551305766],[-68.149552701807067,-10.820265702759343],[-68.150676876445857,-10.82147240482692],[-68.152110640905391,-10.82348486801493],[-68.15344066878248,-10.825282797823718],[-68.154874847023336,-10.8273943367833],[-68.15640932162745,-10.828999620484012],[-68.157841297336461,-10.830507485895396],[-68.158862737581387,-10.831409494106197],[-68.160496183500811,-10.83260763402501],[-68.162132283585549,-10.834319289656662],[-68.164278003742197,-10.836121531379717],[-68.165911681847604,-10.837328627461943],[-68.16877429489341,-10.840127960853238],[-68.170109409164411,-10.842952792799792],[-68.17133601207405,-10.844049511669311],[-68.173480180913145,-10.845662450611542],[-68.175725618704291,-10.846760103949975],[-68.176848846492589,-10.847660298582241],[-68.178278812423002,-10.848456237217249],[-68.180730547138296,-10.850460371871634],[-68.182061181268296,-10.852267047155351],[-68.182780718464244,-10.853579416189859],[-68.184015537618393,-10.856892313771539],[-68.184432182798446,-10.859011626539655],[-68.184845014118139,-10.860320120353492],[-68.185666738730504,-10.862036191193681],[-68.186282465165334,-10.863242161835444],[-68.187204945367682,-10.864451982012099],[-68.188737917441927,-10.865957860004698],[-68.190271853207264,-10.867454697490587],[-68.191704767996157,-10.869061337075152],[-68.192932166646699,-10.870157872830305],[-68.196496268359567,-10.869953684515622],[-68.198124703815097,-10.869935251047991],[-68.199549772949467,-10.869830141897069],[-68.201179494313976,-10.869820680275723],[-68.203623430224866,-10.869905587172013],[-68.204750087699836,-10.871120877785927],[-68.20546763161974,-10.87232504834634],[-68.205985913295024,-10.874433528734755],[-68.20650314574408,-10.876352823478328],[-68.207121873114886,-10.8779640772064],[-68.20804472190747,-10.879669290745028],[-68.209276065652489,-10.881675601972233],[-68.210402752137043,-10.883188152387277],[-68.211426345336235,-10.884495221304917],[-68.212046608218714,-10.88661094661569],[-68.212461028678774,-10.888225625000644],[-68.21369655983591,-10.891240869877606],[-68.21413357277072,-10.897999513362549],[-68.213935705779932,-10.8995074341031],[-68.214451407662636,-10.90102127689272],[-68.214762679895955,-10.902322358280685],[-68.215175774079171,-10.903630720526166],[-68.215691130439154,-10.905045458097163],[-68.216310566525692,-10.90695394085202],[-68.217131211520041,-10.908273396203299],[-68.218360403782583,-10.909973310098906],[-68.218876139647023,-10.911379014846432],[-68.219191405777622,-10.91359896022766],[-68.219301560591873,-10.915407960277491],[-68.21982070465873,-10.917732548253582],[-68.221048610891671,-10.91893693807549],[-68.22451304852774,-10.919112253419428],[-68.226554155801523,-10.920221688274864],[-68.228797269369124,-10.920507826432925],[-68.229109223540775,-10.922025064726938],[-68.228810007827235,-10.923435593924467],[-68.229020743453532,-10.925134738945701],[-68.230552206579262,-10.925937484265262],[-68.232691798054816,-10.92602713632408],[-68.23381667160038,-10.927134092688902],[-68.234332764682165,-10.92854872835386],[-68.234849464369688,-10.930152541715529],[-68.235671109137513,-10.931670064626076],[-68.236596551198318,-10.933474099700277],[-68.236807520443278,-10.935182221360208],[-68.236712771660166,-10.936805473162508],[-68.236722354272729,-10.938823342358774],[-68.236422020204543,-10.940125780520646],[-68.236430629967685,-10.942152676182445],[-68.236846077114137,-10.943965409529142],[-68.237875757869176,-10.94647935407022],[-68.23839133298361,-10.947785859325677],[-68.238706901958551,-10.950005696815424],[-68.238715359219498,-10.951915470173788],[-68.238723213826233,-10.953636063771285],[-68.238123026785559,-10.956159860275136],[-68.238130348144978,-10.957772355749626],[-68.239358236462238,-10.959174763742737],[-68.241196271872411,-10.959873015680785],[-68.242120182039287,-10.961379708770892],[-68.243147843295105,-10.963497227570656],[-68.24417480027472,-10.965200335659176],[-68.245199012027911,-10.966507087898378],[-68.245514279087502,-10.968519685730882],[-68.245726897626696,-10.970543051808761],[-68.246546741130487,-10.971745188392219],[-68.247978640633505,-10.972846721014378],[-68.250122658778594,-10.973737812751494],[-68.251960560357077,-10.974742251447879],[-68.253085442131919,-10.975641818084625],[-68.255843044829646,-10.97703580502224],[-68.257475886040538,-10.977638324716906],[-68.260232007539742,-10.978635894196032],[-68.262577744893576,-10.97922610010221],[-68.264925867884301,-10.980221633566316],[-68.26594911678751,-10.981122877468579],[-68.267381792961999,-10.98244045990532],[-68.268816324915576,-10.98413636067545],[-68.269942533062249,-10.985441190805091],[-68.271376457221663,-10.986947896134382],[-68.273010226289784,-10.987748465839161],[-68.274844333922829,-10.987734789903186],[-68.277494438717838,-10.987824104821243],[-68.279742143545491,-10.989217579950321],[-68.281786595201481,-10.990623555693446],[-68.283420462270044,-10.991424045461486],[-68.28424625579737,-10.993427632722387],[-68.284254960950875,-10.995355286016036],[-68.284468254617707,-10.997468570942999],[-68.285389842996551,-10.998470549917613],[-68.286516509503144,-10.999468967476901],[-68.28845668962191,-11.000372191125734],[-68.290702900041254,-11.001261077389358],[-68.292235977457324,-11.002261414649695],[-68.294279731611482,-11.003568159453096],[-68.295814788369796,-11.004766615297854],[-68.297549115155448,-11.005367048939149],[-68.298871495076071,-11.004749513858144],[-68.299680001633476,-11.003438270720949],[-68.300999251840324,-11.002118146633904],[-68.303755885958481,-11.003115140586658],[-68.305083916116757,-11.004010858767799],[-68.30651270211888,-11.004409365930258],[-68.306715908082765,-11.004421467003283],[-68.309672664117613,-11.004597544121054],[-68.310999455274839,-11.005087883670285],[-68.312939984506897,-11.005999900920358],[-68.315187210590693,-11.007086710184296],[-68.316718742301589,-11.007582451274061],[-68.318149862131065,-11.008485293759918],[-68.319275220298948,-11.009384457083627],[-68.320503253279412,-11.010380906916851],[-68.322035503733218,-11.011281952872821],[-68.322095072858929,-11.01131541457363],[-68.32346630159617,-11.012085673415413],[-68.330317164126484,-11.014587110164598],[-68.332032471229411,-11.015196627722901],[-68.33295226898116,-11.016711837757839],[-68.333464683567399,-11.018017993334695],[-68.333978464386348,-11.020125812076628],[-68.334798090842753,-11.02173283843041],[-68.335818603093117,-11.022642740304605],[-68.337245755220238,-11.023140155340684],[-68.337962823331623,-11.024658883706422],[-68.340511746966456,-11.025460865684693],[-68.342244495320472,-11.025448453534182],[-68.343873047795853,-11.024744275421028],[-68.343664869220504,-11.023027476977518],[-68.343356038485638,-11.021519620175184],[-68.34935991681391,-11.017766072810332],[-68.35129788756899,-11.018470623050518],[-68.352409247517869,-11.018143784774622],[-68.353741129313278,-11.017752093540935],[-68.355268210064821,-11.017247833495389],[-68.357405953189755,-11.016336493770496],[-68.35974959665981,-11.016322259786818],[-68.361176834932621,-11.016720473499845],[-68.362401693034315,-11.017428494537626],[-68.3635098388919,-11.017729940675281],[-68.364236445631434,-11.017927597683922],[-68.366174013340867,-11.018424873974084],[-68.368110442847637,-11.018922154844063],[-68.370252032861572,-11.019523886935815],[-68.371781287104454,-11.019722077131178],[-68.3738205912843,-11.020712893265966],[-68.375455397854523,-11.022233252851322],[-68.37749485277368,-11.02312494913383],[-68.379432937959166,-11.023838276009883],[-68.382083264098981,-11.024331821375995],[-68.383611922813259,-11.024331791149564],[-68.384936936927659,-11.024515499413098],[-68.386466566392698,-11.025118908206366],[-68.388508168001749,-11.026523866571381],[-68.390142487003914,-11.028134175554783],[-68.391367438422321,-11.028941100123518],[-68.392796312906569,-11.029744399612582],[-68.394225508985585,-11.03104306397654],[-68.394943741932821,-11.032759646509021],[-68.395051067578436,-11.035081525490227],[-68.395054752556803,-11.03678376688481],[-68.395060024423287,-11.038702145996524],[-68.395167419554298,-11.041132105158169],[-68.395579635943079,-11.042836095017151],[-68.395889186168858,-11.044541906576967],[-68.395893019306584,-11.046054998025454],[-68.395796003192856,-11.04818235145774],[-68.395800914006145,-11.049992651705395],[-68.39560075736722,-11.051509370308906],[-68.394687456384133,-11.05302976294513],[-68.394487017784911,-11.054429399323226],[-68.394694465898624,-11.05585781059807],[-68.396127993380503,-11.058372258892973],[-68.397760684675518,-11.059369988740627],[-68.398884179564391,-11.060169613373262],[-68.400211457490627,-11.061280841154883],[-68.402150840734862,-11.062381152226294],[-68.40347555613755,-11.062582714610585],[-68.40500566037889,-11.062879683049516],[-68.406538375467335,-11.064383500705048],[-68.407559640919203,-11.065383044957059],[-68.409600123299072,-11.066085183639416],[-68.41153526286746,-11.065771429638971],[-68.413468905752836,-11.064457952597593],[-68.414994585052455,-11.063349904371478],[-68.41723107682202,-11.061022267842532],[-68.417941317877933,-11.059712627375234],[-68.41814046548842,-11.057988809678307],[-68.418951174219842,-11.056479232411903],[-68.420171626195611,-11.055466703663512],[-68.42169705008547,-11.054142501010006],[-68.423429323974233,-11.05404849278375],[-68.42842454317821,-11.054733708319532],[-68.430056743579541,-11.055226869550324],[-68.431788724358341,-11.055024739414648],[-68.433519040344549,-11.054309266392693],[-68.434636780323444,-11.053091398206732],[-68.435547445254826,-11.050580324744431],[-68.435848592970103,-11.048962794078136],[-68.436354372145615,-11.04753973935766],[-68.43726353484152,-11.044524347457752],[-68.438587069443429,-11.044005295487636],[-68.439912569202534,-11.044206707971398],[-68.441951919591816,-11.044710539139487],[-68.443583758642376,-11.045203647725884],[-68.444606692891398,-11.046617294766918],[-68.445222408368409,-11.048020227153529],[-68.445328636893407,-11.049738508863754],[-68.445637934548188,-11.051038859828282],[-68.446457812642052,-11.052663273796782],[-68.447989976880478,-11.053968680266166],[-68.449724121932491,-11.054766099196456],[-68.451053405328878,-11.056273258492638],[-68.452178033428709,-11.057576944261768],[-68.45360758463022,-11.058478868994257],[-68.456358462527248,-11.058375348180562],[-68.457680227156175,-11.057054692296447],[-68.459615822329567,-11.056848739935504],[-68.461145812782377,-11.057442607617929],[-68.462474672848032,-11.058661500084725],[-68.464211542117312,-11.060152213461777],[-68.465844751032591,-11.061158457407657],[-68.467986722738203,-11.061768257107985],[-68.47002498363571,-11.061749497759422],[-68.471452235004335,-11.061750758882908],[-68.474101817706128,-11.06172994352886],[-68.477159842249307,-11.061935875575614],[-68.478892726201309,-11.062219762242137],[-68.481542337457313,-11.06200975850652],[-68.483273400596886,-11.061600212590122],[-68.486941874281285,-11.061290683823074],[-68.48898022149308,-11.061379862428282],[-68.491224258705131,-11.061987624056144],[-68.493163194914757,-11.062979126787809],[-68.495103733388248,-11.064186714327718],[-68.496430142510519,-11.064684981150037],[-68.498368908451255,-11.06547831638602],[-68.500409667101167,-11.066179728356474],[-68.501737499173828,-11.067389366175007],[-68.502658364986019,-11.068498320186563],[-68.504189700636232,-11.069298998620411],[-68.506536960467258,-11.070391016368546],[-68.50806716781284,-11.070786445750514],[-68.510479749378192,-11.071859221710838],[-68.511947847409488,-11.073300368098842],[-68.51348403476743,-11.075820892162085],[-68.514102383677937,-11.077835812856733],[-68.514722114085828,-11.080454054513552],[-68.515136557589415,-11.082463675530505],[-68.515447019477506,-11.084286079121227],[-68.515758719349037,-11.086288562607194],[-68.516172627617038,-11.088199127386929],[-68.517297956135849,-11.08961943357798],[-68.519239678185158,-11.091123886397099],[-68.520772126660972,-11.092329616128325],[-68.521899285915367,-11.094146080159192],[-68.522515583078984,-11.095746740233437],[-68.523641817713496,-11.097455142110562],[-68.525073427324173,-11.098662669425153],[-68.526809892249446,-11.099972668767862],[-68.527832686996874,-11.100872472994411],[-68.529058340589415,-11.101768557881769],[-68.530693334157149,-11.102873259866612],[-68.532121644903384,-11.103477453194159],[-68.535182926208279,-11.104375891620293],[-68.536917007986858,-11.10476733625859],[-68.539466598336276,-11.105062766454921],[-68.541506303430026,-11.10526847597356],[-68.543240437855388,-11.105749924726183],[-68.544465413224543,-11.106357772947433],[-68.546817466152334,-11.108565772578288],[-68.547739424406529,-11.110169691383533],[-68.548867252247362,-11.111985931995605],[-68.549688286411993,-11.113501642883307],[-68.5512218063717,-11.115013244625743],[-68.552551001499467,-11.116204422331748],[-68.553678668652651,-11.118110669982968],[-68.554805911267522,-11.120034923724518],[-68.555727918118293,-11.121134518768713],[-68.557056548860999,-11.122334669989414],[-68.558796094471916,-11.124148553136308],[-68.560328470600837,-11.125254874450889],[-68.5627778244301,-11.125957064998602],[-68.564205425997216,-11.1260387708042],[-68.565734194082211,-11.126046565225067],[-68.567669299860938,-11.125425536595287],[-68.569300725843959,-11.125521462631127],[-68.578168765644648,-11.127507819726532],[-68.709734892803795,-11.156977388659584],[-68.718589299785094,-11.15896060375394],[-68.721341547352381,-11.158746174482189],[-68.721332068301763,-11.156432769343155],[-68.721122344885885,-11.154915375800783],[-68.72070738560933,-11.153401886424774],[-68.720160292033654,-11.152470361009478],[-68.719886478815056,-11.152004144655393],[-68.71886117579038,-11.150682302574182],[-68.717836305390165,-11.149378448967241],[-68.717012474124999,-11.147368583693208],[-68.717204972466277,-11.144547192924904],[-68.718316498174033,-11.142014421497379],[-68.718923121238049,-11.140805586248064],[-68.719629914020857,-11.139189745039573],[-68.721652832969369,-11.135244312675752],[-68.722256914346303,-11.133423378036412],[-68.723066918086545,-11.132003634511875],[-68.72397849125889,-11.13059996695182],[-68.725399481900297,-11.129078593201655],[-68.727022622804498,-11.127049254382712],[-68.727935469443992,-11.125942638769004],[-68.728542294507463,-11.124724812436398],[-68.728634472216186,-11.122409502115602],[-68.728525827537794,-11.120791175601312],[-68.728517201175521,-11.118684830876816],[-68.72881477394975,-11.116662691483782],[-68.729725439600259,-11.115043007501129],[-68.731351541588083,-11.113823831842126],[-68.733079420474382,-11.112701742763761],[-68.734094870095589,-11.111791236672616],[-68.735516609239312,-11.110467914072672],[-68.736733827474779,-11.108950433625409],[-68.738966490933137,-11.106630471625465],[-68.740900480854691,-11.105909542075381],[-68.743041105547206,-11.106003851760136],[-68.746002203428077,-11.106901702244784],[-68.748244342564362,-11.106886014823033],[-68.749873256292915,-11.106467907769968],[-68.751197493868858,-11.106064601120806],[-68.753846785385861,-11.105942096688864],[-68.755373853838989,-11.10553490877146],[-68.756693934830139,-11.104213482844443],[-68.757498711295,-11.101794668671062],[-68.758203310570195,-11.099674826036903],[-68.760238068420563,-11.098663838851564],[-68.761866915670907,-11.098137676907697],[-68.763897279974174,-11.096226594103143],[-68.76470769485104,-11.095103928292701],[-68.766021140044472,-11.092468393071783],[-68.766316308601517,-11.090050327001677],[-68.766409416958197,-11.08803218837221],[-68.766810170046142,-11.086422256909827],[-68.768126359784787,-11.0842997785129],[-68.769344636511391,-11.083178345872795],[-68.770866289403159,-11.081556039071813],[-68.771060919808008,-11.079337944603537],[-68.771054828490094,-11.077933819181681],[-68.770741937178457,-11.076418524562712],[-68.770226575368611,-11.075114124385607],[-68.769201064097501,-11.073711426605826],[-68.768479823678774,-11.071888849506593],[-68.768267586807553,-11.069966553472],[-68.768463916830569,-11.06815349402649],[-68.769272758015802,-11.066733839386586],[-68.770388098883188,-11.065425367579223],[-68.770687501917735,-11.063907402333314],[-68.770375124681834,-11.062401091016454],[-68.769856482218984,-11.060385616334827],[-68.769239455824732,-11.058975115721012],[-68.768012051990354,-11.057972297476454],[-68.766885110694602,-11.056670505642217],[-68.766774270898793,-11.054647251731353],[-68.766460167738501,-11.052636864231943],[-68.765639867755169,-11.051536261010995],[-68.760334348340507,-11.050151805064047],[-68.758502031809144,-11.049153097729004],[-68.758291549909586,-11.049038374200904],[-68.757165222049196,-11.047844517746853],[-68.756243637464877,-11.04684480690014],[-68.755930607914593,-11.045122405968016],[-68.75653610573687,-11.043616626609037],[-68.758673207267634,-11.042999968782738],[-68.75805012285042,-11.04027526248251],[-68.757736213784597,-11.038363845224524],[-68.758134528957441,-11.03633990149325],[-68.757314362847012,-11.035131214918579],[-68.755884351489954,-11.034240141120279],[-68.754347766882574,-11.032423890534972],[-68.754341910145797,-11.031010719728386],[-68.755664988989281,-11.030607581210688],[-68.757291722144487,-11.029892624930028],[-68.757282234391994,-11.0276693721367],[-68.756358441391342,-11.026165574458332],[-68.755437817983704,-11.025165808953545],[-68.754310649775164,-11.023854884774494],[-68.754202001897681,-11.022146600065582],[-68.755216824394324,-11.021137195312292],[-68.757356238545754,-11.02112369764717],[-68.759396202755738,-11.02151714593623],[-68.761337188249513,-11.02272260553093],[-68.763074977954716,-11.024012912269313],[-68.763999633970798,-11.025732699141145],[-68.76436444215642,-11.026560566196224],[-68.764617239061977,-11.027134243646458],[-68.764742912700399,-11.027394808401311],[-68.765438965888563,-11.028837966492745],[-68.767070608314441,-11.029041043731752],[-68.768491476227211,-11.027618825613217],[-68.768525416664829,-11.027322032463246],[-68.768687486980241,-11.025904803851517],[-68.76857553626229,-11.023584519838153],[-68.768067898909862,-11.022897382794554],[-68.767755762640888,-11.022474875679904],[-68.766020338168289,-11.02177866398506],[-68.763162481263578,-11.020788657310277],[-68.763257432804608,-11.019076541550419],[-68.76396273109583,-11.017154823783187],[-68.764157085692545,-11.015044754444659],[-68.763027722842253,-11.013031774854255],[-68.763833992143816,-11.011009133272296],[-68.765160445289723,-11.011398082151288],[-68.766284613590017,-11.012303949014665],[-68.767104976008284,-11.013413602379785],[-68.768435750124979,-11.01491864425509],[-68.769661260180726,-11.015507510333578],[-68.771566164210185,-11.016399365212123],[-68.771601410114044,-11.016415866952286],[-68.772828216352423,-11.01741875937347],[-68.774664920616203,-11.018013996538912],[-68.776193662981086,-11.018002968213352],[-68.778740346434802,-11.017990594520199],[-68.781391163668275,-11.018282267054019],[-68.783630862266762,-11.017861623615318],[-68.78443728239148,-11.01594700161553],[-68.784429120466655,-11.014029869132685],[-68.78554273707357,-11.012415456986218],[-68.786869248281221,-11.012804291309294],[-68.788404127910837,-11.014305313984266],[-68.789428568262394,-11.015419980746344],[-68.790960396610217,-11.016317951408439],[-68.79229448429453,-11.018425841122053],[-68.792302915202754,-11.020243929849528],[-68.791903570141585,-11.022159800049621],[-68.791606397875228,-11.024073725448943],[-68.792021884504265,-11.025785045005932],[-68.793348872112233,-11.026380836145393],[-68.794873562466989,-11.025568662093974],[-68.795782855036919,-11.023751086361131],[-68.795773572805672,-11.021635985379135],[-68.795558030339578,-11.019119762298374],[-68.795246793706667,-11.017811520182136],[-68.795036111139893,-11.016294333109272],[-68.795129511034474,-11.014384300814299],[-68.795326831762793,-11.012868342017498],[-68.796339488939111,-11.011642893902604],[-68.798375902560736,-11.011235047871878],[-68.801634565245251,-11.010911903455678],[-68.802854448934227,-11.010204561160435],[-68.802945850576862,-11.00788054056261],[-68.801920865057184,-11.006576919803251],[-68.800489451116221,-11.00538004715952],[-68.799160373894324,-11.004379237788328],[-68.798439053178924,-11.0025657436899],[-68.799967121277632,-11.002545644502391],[-68.802411793302099,-11.002544077941025],[-68.805374612588821,-11.004242811318932],[-68.806604631660264,-11.005848540865202],[-68.807525928273435,-11.006857081726537],[-68.809870713079761,-11.007046362818585],[-68.812111438487364,-11.006922578084925],[-68.813945225518921,-11.006923562025293],[-68.81537222974589,-11.007013314473454],[-68.816598435363289,-11.007817965825495],[-68.816911233004475,-11.009225124410875],[-68.815590282012522,-11.010132456822305],[-68.813452027268681,-11.010452341533266],[-68.812026947187519,-11.010767593334663],[-68.810094766647637,-11.011479564580782],[-68.810409525585442,-11.01348977045501],[-68.811634931841297,-11.014186439605112],[-68.813063304131788,-11.014591192606872],[-68.814592743635444,-11.014777983241686],[-68.816019535194698,-11.014876718929656],[-68.817343822556836,-11.01507641718058],[-68.819181351336624,-11.015869346145791],[-68.820409445693087,-11.016970949647998],[-68.822551105338789,-11.017470001930064],[-68.824788629972034,-11.016536079550917],[-68.826109407947172,-11.015628709501868],[-68.827537110721607,-11.015934385068874],[-68.829275552912236,-11.017422187179079],[-68.830403013945499,-11.018732672450938],[-68.832035635042303,-11.01922340116522],[-68.833357141485124,-11.018514003759151],[-68.834368760697373,-11.01700049441115],[-68.834871239859012,-11.015487753730383],[-68.835272743203177,-11.014174964814401],[-68.835265049637599,-11.012464999257588],[-68.834443145777755,-11.011049665630651],[-68.833315485868468,-11.009640187027514],[-68.833511138833785,-11.007926318432112],[-68.834524201988643,-11.006718819679463],[-68.836153216213063,-11.006399571734335],[-68.838497270742039,-11.006498629161115],[-68.839520955370403,-11.007586057724836],[-68.840240996761622,-11.00889531873014],[-68.840858319487779,-11.01020654655747],[-68.841476270425403,-11.011715769423574],[-68.842195876207029,-11.013016024412593],[-68.843524663739231,-11.014025557857451],[-68.845256531045322,-11.013920280136574],[-68.846987412890883,-11.01359900181086],[-68.848310401256697,-11.013294557585652],[-68.850444871233833,-11.012074467217985],[-68.850030725548777,-11.01066037164037],[-68.848600928352766,-11.010165834652582],[-68.847272925036464,-11.009354317921066],[-68.84675738328184,-11.008059162034442],[-68.84685186027707,-11.00643727102613],[-68.847252918363608,-11.005133507107928],[-68.848370008021732,-11.004320013240999],[-68.850305641708303,-11.00430982467077],[-68.85203809060971,-11.004411533458381],[-68.855507643850501,-11.005595861453514],[-68.85683691534382,-11.006299311018495],[-68.857757661703261,-11.007397625293436],[-68.858483591714105,-11.00950771154794],[-68.85920524730949,-11.011320865429298],[-68.859925753492632,-11.012837027876458],[-68.860949125504931,-11.013825337079879],[-68.862179186238279,-11.015340667285727],[-68.863818060926235,-11.017037107209831],[-68.863826006450495,-11.018656984317488],[-68.863425043756763,-11.020176746013249],[-68.863025964188523,-11.021885476677085],[-68.862729860259151,-11.02379922698259],[-68.862947862151771,-11.026828082889892],[-68.864376782819988,-11.027223514766774],[-68.8664134603967,-11.027013194929452],[-68.86926297636353,-11.026283157330283],[-68.871603849450366,-11.025679928789941],[-68.873132123759149,-11.025659394470722],[-68.875575489223593,-11.025252160003049],[-68.876792289135722,-11.024130633572952],[-68.877296114399996,-11.022806895361271],[-68.877389772390586,-11.021104090911024],[-68.879630268121502,-11.020790766104653],[-68.881667346966822,-11.020778359199824],[-68.883704620154333,-11.020567937544968],[-68.886048000761548,-11.020549573079393],[-68.887782103984193,-11.020848984910515],[-68.889111640094995,-11.021948204439184],[-68.889322899484796,-11.023456075227045],[-68.889228991950688,-11.025077856607879],[-68.888727933644134,-11.02678852808009],[-68.887102851734369,-11.02781000051101],[-68.885676403185585,-11.027810639211793],[-68.884348862385536,-11.027215364583014],[-68.88424002530769,-11.025804494137674],[-68.884028931645389,-11.02440460291723],[-68.882601406062065,-11.024099243471994],[-68.88077371380939,-11.025520602883319],[-68.880576378687465,-11.026838409761524],[-68.880796196798656,-11.030164123372799],[-68.882023824690009,-11.031067342220865],[-68.883556216459567,-11.031856649781332],[-68.886306620172263,-11.031551358853847],[-68.887730805613501,-11.031127761024891],[-68.891085811674714,-11.02960474288875],[-68.892402742794786,-11.028283236800348],[-68.893005180775447,-11.026561602379275],[-68.893097316786964,-11.024543876104417],[-68.893293651438,-11.023028114721683],[-68.894307069211266,-11.021919497400006],[-68.895931930620861,-11.020790022050392],[-68.897861051739255,-11.019573644581726],[-68.900407211167533,-11.019263249748576],[-68.902040157735883,-11.01985252535485],[-68.903474019548014,-11.021165620846659],[-68.905212542249217,-11.022553779873306],[-68.907156165958213,-11.023955932982119],[-68.908182950862681,-11.025465887634823],[-68.909310903950313,-11.026973865807008],[-68.909829299083015,-11.028682682369663],[-68.910652406060876,-11.030097582499536],[-68.911577583533926,-11.031798472013463],[-68.913110606596263,-11.032704566663881],[-68.914741277977498,-11.032690807572351],[-68.916064952978445,-11.032485034405738],[-68.917691548717301,-11.031868382244681],[-68.919009726434922,-11.030546788065635],[-68.9199219473943,-11.029530083765565],[-68.921442338592328,-11.028015562894723],[-68.923574609445438,-11.026489112786805],[-68.925612707941809,-11.026476366768179],[-68.926434576133374,-11.027891212902716],[-68.927562734398578,-11.029192085253896],[-68.929087278823317,-11.028379401051666],[-68.929892076673354,-11.026455866854917],[-68.930800616680074,-11.02484528147636],[-68.932323512560572,-11.023816649223477],[-68.934056509200616,-11.023800811544561],[-68.935786597166668,-11.023398060105706],[-68.93638934684725,-11.02168546133305],[-68.936481286252786,-11.019757864074904],[-68.936676718232945,-11.018251202887086],[-68.937280580374477,-11.016736567762393],[-68.938806864700098,-11.016328801844281],[-68.940742789314641,-11.016407973037985],[-68.941970261845938,-11.01721189622765],[-68.942793632410542,-11.018914608838998],[-68.943920646793174,-11.020116434131808],[-68.946479877377669,-11.022217122239567],[-68.94842190050673,-11.023429964200375],[-68.950362004655176,-11.02412088913195],[-68.95218727023564,-11.022294373015029],[-68.951564665433011,-11.020074853043184],[-68.951454557534987,-11.018466215621515],[-68.951950180855249,-11.015837851123138],[-68.953272550016891,-11.015434014597929],[-68.95500486355138,-11.015418093451046],[-68.956735651118152,-11.015312204569454],[-68.958565829502447,-11.014493458586287],[-68.960798995887956,-11.012865923953257],[-68.960893551438289,-11.011451274823514],[-68.960274115765401,-11.01004161629146],[-68.958736549055914,-11.008334979773679],[-68.95760803108135,-11.006836288934608],[-68.957193183507286,-11.005422606539639],[-68.957287174423243,-11.003899977151889],[-68.958606633628676,-11.002992275115503],[-68.960034638526452,-11.003396258481018],[-68.961872866248314,-11.004089155311874],[-68.96350683045182,-11.004786038727559],[-68.965745993749522,-11.004454202180511],[-68.966965154464503,-11.003755408571578],[-68.968081960938889,-11.002941637903575],[-68.969298163367625,-11.001819965759353],[-68.97112576079428,-11.000596318090288],[-68.972857158676334,-11.000499368496889],[-68.975001032758826,-11.001186181995138],[-68.978580063962966,-11.003680474326131],[-68.980014488255449,-11.005083043881712],[-68.981753650409928,-11.006488608119525],[-68.983592880918195,-11.007379279889904],[-68.985837400567505,-11.007974015432751],[-68.988183009871022,-11.008359779416708],[-68.990022905070418,-11.00936736014944],[-68.990237655149315,-11.011477721162407],[-68.989643019088817,-11.014413865978554],[-68.988836790285802,-11.016130418485886],[-68.987724249099415,-11.017646046069785],[-68.987940925606836,-11.020062317923305],[-68.989271729978668,-11.02106190027223],[-68.991211384596227,-11.021761525918066],[-68.992640373902589,-11.022147269290883],[-68.995288503922495,-11.022041048910125],[-68.996815833173173,-11.021821952534594],[-68.997624076034469,-11.020609249947086],[-68.998124088469012,-11.018889737475376],[-68.998419101300158,-11.016877333671346],[-68.998817710602452,-11.015357784592425],[-69.000036238611415,-11.014541909439401],[-69.001363552967803,-11.01494762506394],[-69.002387006466108,-11.01583622892457],[-69.003109973044616,-11.017648561109525],[-69.003931415056456,-11.018757094626039],[-69.005564684341323,-11.019246716117038],[-69.007169104277068,-11.017622367694003],[-69.009595227900149,-11.017232495219162],[-69.010729085257935,-11.018343819806375],[-69.011861573529018,-11.019113241854654],[-69.01368568012208,-11.019014173467497],[-69.015423068171515,-11.018673868279166],[-69.017936854495417,-11.016770559176223],[-69.0188001391071,-11.015295823792655],[-69.018682031698347,-11.012319884628766],[-69.017631728426181,-11.01121593862365],[-69.016396570016525,-11.010637516419365],[-69.01454907406702,-11.009972217579616],[-69.012997397098502,-11.008779177906433],[-69.011755805128416,-11.007804945318412],[-69.011518210691122,-11.006091035959969],[-69.012601381171464,-11.0040541045488],[-69.013701462829999,-11.002916631865901],[-69.015221166661036,-11.002391720971048],[-69.017770408577292,-11.002440311217129],[-69.020324257335687,-11.002695737286842],[-69.021862454459608,-11.003169185346508],[-69.023611781314344,-11.004034345141065],[-69.025144430967316,-11.004219952966821],[-69.027271544512075,-11.003458020540222],[-69.027422727332294,-11.003128136156704],[-69.028249452988177,-11.001324201801992],[-69.028223089187065,-10.99991208997568],[-69.027992388622522,-10.998513020949702],[-69.02786488480217,-10.997192887074903],[-69.027828750704828,-10.995277097772316],[-69.02965124382996,-10.994638181928963],[-69.031001705664323,-10.995925099104909],[-69.032659078016195,-10.997295900504923],[-69.034405134269377,-10.997981111855893],[-69.035812483839777,-10.996945493448152],[-69.036812208423612,-10.995917953402852],[-69.037813467821593,-10.994980358311125],[-69.038895694724772,-10.992943462545213],[-69.039176802359634,-10.991624255158968],[-69.040559475482837,-10.989284493154344],[-69.041979870001285,-10.98895042058075],[-69.043439900202998,-10.990630981735876],[-69.044583168156805,-10.991831951996915],[-69.046133520664171,-10.992907867769986],[-69.047665695483488,-10.993075396555753],[-69.050111766560804,-10.993035823155026],[-69.051622665049251,-10.992088086736373],[-69.051693590863181,-10.990476160276216],[-69.050853543171172,-10.989179235334291],[-69.050007754895546,-10.987585506335563],[-69.050586106865865,-10.985864533824952],[-69.052725693257912,-10.985813058439476],[-69.053762001317011,-10.986701203324287],[-69.055125207392962,-10.988698506032335],[-69.055868319207718,-10.990195275955898],[-69.056505118421626,-10.991487217384019],[-69.057762376274979,-10.993288655315212],[-69.059427308349143,-10.99506397534833],[-69.060563767653662,-10.99585110837927],[-69.062406765310016,-10.996219298025039],[-69.063727665910392,-10.996004060542361],[-69.064824950594584,-10.994758604715912],[-69.065400991126751,-10.992929721055646],[-69.065883783341235,-10.991516562411846],[-69.067469216475331,-10.989163750108219],[-69.068568384720209,-10.988026228570902],[-69.069864867135777,-10.986497905753595],[-69.070851326397303,-10.98475983043511],[-69.070925447174034,-10.983336827310723],[-69.070998163674403,-10.981823882459423],[-69.071678340633355,-10.980100910020496],[-69.072954206899681,-10.977556352134854],[-69.074266947146839,-10.976918420101981],[-69.07530961396327,-10.978112242261034],[-69.075444728571313,-10.979818968717836],[-69.07587794594599,-10.981123889521143],[-69.076833778250318,-10.983129148185412],[-69.077793954093181,-10.985332242383947],[-69.078736123911938,-10.986618003095657],[-69.080574408510017,-10.986788261406048],[-69.082789159318338,-10.985331565837669],[-69.08427215717478,-10.982980793717502],[-69.084856913101305,-10.981556627423743],[-69.086989136042803,-10.981118211736884],[-69.088532910340973,-10.981888099461571],[-69.089786656703097,-10.983473472517232],[-69.091242498830809,-10.984964828050238],[-69.092796324286269,-10.986238290224378],[-69.094251164369666,-10.987630673317881],[-69.096427747033204,-10.989503416483956],[-69.098501176916784,-10.991270235706281],[-69.099737715572644,-10.991956207972805],[-69.101169594388068,-10.992233415551539],[-69.103210414779028,-10.992291495130758],[-69.104831204293134,-10.991764210909594],[-69.106225941638741,-10.99010789830055],[-69.106900581751745,-10.988079172528046],[-69.107483963690754,-10.9866640364707],[-69.108372095367145,-10.985125841460956],[-69.109469598803116,-10.983898326764233],[-69.111787637458804,-10.982538390224192],[-69.112848347747388,-10.983073319679704],[-69.113331743932065,-10.983317102417345],[-69.114682290138205,-10.98460347938618],[-69.115455310412926,-10.986118861487],[-69.115755229786714,-10.986706805251856],[-69.115954236669779,-10.98709692628546],[-69.116604443379572,-10.989108042916541],[-69.118174275228,-10.991190648643453],[-69.119820822647057,-10.991967237905783],[-69.121348858693125,-10.991927539254448],[-69.122240912033192,-10.990605161970166],[-69.122311118855919,-10.988984434125996],[-69.122274164420674,-10.987077981030325],[-69.121719219429508,-10.984768106001184],[-69.121485475345025,-10.983252439617956],[-69.121446186132175,-10.981238075672024],[-69.121812497204417,-10.979107614924715],[-69.123623430406553,-10.977865767407252],[-69.125453453000659,-10.977622106603405],[-69.127184775536023,-10.97758732990178],[-69.12965241423376,-10.978653261056422],[-69.131409110354696,-10.979823419282525],[-69.132345650389368,-10.980830135726421],[-69.133758292607865,-10.982223128947226],[-69.134840053715493,-10.983289843413047],[-69.136494784289994,-10.984479991154899],[-69.138013627931002,-10.98393663956665],[-69.138493321996805,-10.982406664045641],[-69.138131998551671,-10.979598204876822],[-69.138383258410556,-10.977788453404855],[-69.138400026777504,-10.977667675748819],[-69.138569393580838,-10.977735234387751],[-69.139838452116521,-10.978241448507617],[-69.140985301240221,-10.979540756146207],[-69.142754352995667,-10.981412251817233],[-69.144305042413976,-10.982496491276891],[-69.146562931380345,-10.983260599397568],[-69.14870096551374,-10.983118527303986],[-69.150119361139843,-10.982694100240735],[-69.15080306460851,-10.981169018769322],[-69.149541170414409,-10.97917042401491],[-69.147880341705275,-10.977683621911808],[-69.146030195640662,-10.976920283261165],[-69.144893313700322,-10.976124568050921],[-69.144865796143563,-10.974721769774192],[-69.146906056159878,-10.974779619483741],[-69.148947213797442,-10.974936390385949],[-69.150276211402684,-10.975116501277057],[-69.152012377425535,-10.975279398201621],[-69.154458112150564,-10.975239058715033],[-69.155768288804211,-10.974501963219723],[-69.155529569715554,-10.972689652416364],[-69.154585044441546,-10.971296382360038],[-69.153439634196445,-10.970114056729926],[-69.153100334954559,-10.968402715490072],[-69.15501820879058,-10.967455481431102],[-69.156456562314588,-10.968029184511408],[-69.157295613393501,-10.969226673026697],[-69.158146838771245,-10.971026617940083],[-69.159101072152396,-10.972923427561],[-69.160048803334803,-10.974415556627434],[-69.161404706302108,-10.976007379976068],[-69.163450915804049,-10.976361843531265],[-69.165586353691992,-10.976120782146097],[-69.167820292866679,-10.975670819226025],[-69.169127161535187,-10.97473584793272],[-69.169800931600719,-10.972716234076131],[-69.169977867895454,-10.971390324157028],[-69.171370462538903,-10.969644034237888],[-69.173301355664364,-10.969317128344755],[-69.178265958645,-10.967804398041721],[-69.180788944681808,-10.966538954533064],[-69.182600398740988,-10.965386859357181],[-69.183599867922737,-10.96435914982635],[-69.18427940574287,-10.96263629285977],[-69.184755169681239,-10.960908570016386],[-69.186376443406743,-10.960470949234718],[-69.188212163634944,-10.960532706542381],[-69.191267252905561,-10.960371842779807],[-69.192687679013773,-10.960037211647034],[-69.194202099144775,-10.95930488613925],[-69.195726637819689,-10.959067079145768],[-69.196164271682278,-10.959058200737445],[-69.197559980423932,-10.959029885579298],[-69.199404394570649,-10.959505170575994],[-69.200845482373893,-10.96018651926812],[-69.202896363141235,-10.960837482671309],[-69.204642539191468,-10.96151260826997],[-69.20640172828314,-10.962799106629518],[-69.207849649397929,-10.963876039429351],[-69.209404244126972,-10.965157671068027],[-69.210854859155063,-10.966342460459316],[-69.213209932170003,-10.966888186867038],[-69.215330330347228,-10.965837606287892],[-69.216114654954595,-10.964301527373152],[-69.217091784328204,-10.962176868993254],[-69.217975776369997,-10.960530829781135],[-69.219080862910403,-10.959707801525269],[-69.220498693153104,-10.959274167929038],[-69.222023324469603,-10.959045230600907],[-69.223335468355799,-10.958406864369579],[-69.22463223269051,-10.95697728515529],[-69.226013792504375,-10.954718479032408],[-69.227196322923476,-10.952688596909752],[-69.228704393516068,-10.951641482062485],[-69.230979835952837,-10.953313045832999],[-69.231211876775035,-10.954720447759939],[-69.231652231909777,-10.956330472145623],[-69.232187804120201,-10.957623744390673],[-69.233026566890203,-10.958820881489089],[-69.234282345692918,-10.960414249626353],[-69.235518963885909,-10.961090566558937],[-69.237257644378303,-10.961360867433257],[-69.238679118481969,-10.961124958884454],[-69.241731707180122,-10.960756771959609],[-69.246395710341574,-10.959555114275474],[-69.248117643342823,-10.95900722070968],[-69.249436306569123,-10.958692426948858],[-69.250858438053683,-10.958456458824685],[-69.252174781956967,-10.958024779358311],[-69.254296678336289,-10.957081926796036],[-69.255606452121356,-10.956344573474098],[-69.255164385271598,-10.954644746970985],[-69.253729710253936,-10.954260386512146],[-69.251587911707588,-10.954205281279769],[-69.249951655574534,-10.953932953580988],[-69.24829102693451,-10.952455889823909],[-69.247949243503285,-10.950646046819543],[-69.249141025917709,-10.949101662918054],[-69.250767423723005,-10.94887053766837],[-69.252499446988622,-10.948835115576173],[-69.254133310846157,-10.949008556598699],[-69.255563718946576,-10.94917715735545],[-69.257806528726462,-10.949230184938131],[-69.259936820224596,-10.948691894198305],[-69.260828561514359,-10.947450446449011],[-69.262240945344104,-10.94671998790858],[-69.264386275931486,-10.946981832761139],[-69.266338862598957,-10.94774227648611],[-69.268386474060833,-10.948212949248216],[-69.26992310442148,-10.948586159640683],[-69.272284860838681,-10.949437090080664],[-69.273939416578742,-10.950617295598931],[-69.274778390328663,-10.951814232569745],[-69.27522503117217,-10.953720735711556],[-69.274243506487096,-10.955557638839025],[-69.273038717244503,-10.956481761726764],[-69.271628765500509,-10.957320158004791],[-69.271254270854058,-10.958946738488407],[-69.272008191776195,-10.960945874094023],[-69.273340962270424,-10.961332210851424],[-69.274760611015097,-10.960988257826443],[-69.275761237679831,-10.960059323161431],[-69.276955567468292,-10.95863175104563],[-69.277745916323283,-10.95740135187765],[-69.278732048364475,-10.955771206331974],[-69.279815876703651,-10.953932200105839],[-69.280503963680928,-10.952694914554229],[-69.281494425930703,-10.951271541868266],[-69.282591191991457,-10.950034852671081],[-69.284532236593634,-10.950300729997764],[-69.285777508839772,-10.951390328482091],[-69.286222221140804,-10.953188894512493],[-69.285843784999713,-10.954617669799291],[-69.286181864480909,-10.956220568240269],[-69.287727325255844,-10.956998182454925],[-69.289866875071823,-10.956945138126002],[-69.291286821914412,-10.956619108732184],[-69.293305430533962,-10.955660190352376],[-69.294155129148351,-10.955029834542415],[-69.295113464446217,-10.95431888572756],[-69.296742560974508,-10.954276320463919],[-69.298583393000229,-10.954544150468848],[-69.3000112226581,-10.954613636916804],[-69.301959277164826,-10.955185006044474],[-69.303999409430332,-10.95524183939591],[-69.305825503503968,-10.954799452767702],[-69.309944188627867,-10.951890539617978],[-69.312284281842153,-10.95164435842554],[-69.314011789660753,-10.951410819024943],[-69.31563999684397,-10.951269254629437],[-69.317870922190821,-10.950710532824701],[-69.319378081353534,-10.94968114013966],[-69.320371995002688,-10.948446525830548],[-69.32124743809112,-10.94640498942573],[-69.321815693601309,-10.944279878110535],[-69.32260340719381,-10.942950611136894],[-69.323811375014145,-10.942224179969799],[-69.325343693353773,-10.942399328730858],[-69.326381643648801,-10.943286146395224],[-69.326923672120074,-10.944884668671591],[-69.32698234691577,-10.947707238032649],[-69.32701307573808,-10.949217416076579],[-69.327058864414312,-10.951437724488301],[-69.327093988791319,-10.953154648793884],[-69.327439453005354,-10.955062989576788],[-69.328891775384591,-10.956336875814884],[-69.330624291528409,-10.956300972355109],[-69.332747526409719,-10.955447602087361],[-69.334055283741577,-10.954620125663439],[-69.334431637499506,-10.953092535093731],[-69.334882510823604,-10.950259443241691],[-69.33575858733991,-10.948226894416621],[-69.337078333482509,-10.947992701199098],[-69.338515336541889,-10.948466499357835],[-69.339257186395457,-10.949862974463088],[-69.340002474536334,-10.951367285449351],[-69.340872523400208,-10.954065032683673],[-69.341326236029374,-10.956285807117183],[-69.341985255150348,-10.958592240610699],[-69.343303345930337,-10.958259112713336],[-69.344896432995711,-10.956409501715484],[-69.346376467231948,-10.95405865446304],[-69.347154513867679,-10.95223497450371],[-69.347224955550928,-10.950713759466964],[-69.346517883364697,-10.946079258300642],[-69.345872964148612,-10.944473972097569],[-69.345938223250641,-10.942674090925891],[-69.346831699248298,-10.941531470632356],[-69.34866482772884,-10.941493421947769],[-69.350089594559336,-10.941373916029079],[-69.351510337784077,-10.941038666474412],[-69.352928167784853,-10.940613547207931],[-69.355062836904722,-10.940362371987931],[-69.357220454507456,-10.941216777789634],[-69.357659986888677,-10.942736356194303],[-69.356674674021406,-10.944357498091222],[-69.356312794654286,-10.946586160527772],[-69.357260876227713,-10.948077176556808],[-69.358997226517488,-10.948247882108831],[-69.360516900466962,-10.947811602802005],[-69.361918618060031,-10.946577451998678],[-69.363118024444816,-10.945437435409815],[-69.365342250895083,-10.94457283108602],[-69.36736971302895,-10.944036037127319],[-69.368988498047827,-10.943489761875526],[-69.37092036941209,-10.943251685886025],[-69.372453154294703,-10.943426565630659],[-69.373999714819661,-10.944293546973313],[-69.374438665236198,-10.945795079919208],[-69.374366527207314,-10.947217347190701],[-69.373576251165389,-10.948438779720391],[-69.37320232363146,-10.950056179543196],[-69.372945556357706,-10.952399505237281],[-69.372564536081143,-10.953711322014726],[-69.372409004301403,-10.956034555126507],[-69.373066873925268,-10.958250892649232],[-69.37481972767398,-10.959212435439781],[-69.376653382932091,-10.95916515505121],[-69.377740589511632,-10.957541851120823],[-69.378461676166467,-10.952985777435458],[-69.378408916593287,-10.950451105104491],[-69.378468683571271,-10.948444618201052],[-69.378425256547473,-10.946332379850674],[-69.379822147101834,-10.944891471713788],[-69.381346226369772,-10.944652845501309],[-69.382676283951355,-10.94492181745909],[-69.384119703573219,-10.945691967517575],[-69.385660412133689,-10.946271242442378],[-69.38748971825521,-10.946026207324678],[-69.387944537335216,-10.943409037900835],[-69.387683600040248,-10.940680935722355],[-69.387955852753862,-10.939065690381256],[-69.389250913493925,-10.937626908124003],[-69.391189003537477,-10.937685333107311],[-69.39313483900338,-10.938139225220539],[-69.39468850821919,-10.939419557654674],[-69.395025923393007,-10.940923130797898],[-69.394554562421149,-10.942758330947186],[-69.393664773060323,-10.944080757104814],[-69.392162150664888,-10.945326081197209],[-69.392310295476591,-10.947543977317196],[-69.393449663649847,-10.948428323622977],[-69.394865557907508,-10.947886165232262],[-69.396470106348374,-10.946647685464654],[-69.398174783551156,-10.945299207266146],[-69.398966754625121,-10.944176642806269],[-69.399527347825426,-10.941737133782851],[-69.399990821585391,-10.939515463054477],[-69.4001663361189,-10.938198995046093],[-69.400523452753021,-10.93576375230333],[-69.401413054011471,-10.934441339829846],[-69.402514599952781,-10.933510129977947],[-69.404012881638323,-10.932067083660058],[-69.405434646309061,-10.931830521597135],[-69.406893107248095,-10.933319580136015],[-69.407748347514087,-10.935216888632112],[-69.408182826252926,-10.936511573338919],[-69.408923770496926,-10.937817817751295],[-69.410071015430731,-10.939097558676792],[-69.411109463521541,-10.939983941633955],[-69.412557002058747,-10.940960646527913],[-69.414495175546676,-10.941018904348539],[-69.414863999189038,-10.939194883137191],[-69.414711344317823,-10.936779368785892],[-69.414661009472297,-10.934361708037841],[-69.414722036972478,-10.932436245742736],[-69.417525490392563,-10.930066663376408],[-69.419242401472616,-10.929311346883594],[-69.420669108088248,-10.929281424931048],[-69.422196976827138,-10.929249373956281],[-69.423932608414304,-10.929419756574362],[-69.425590829050748,-10.930697686600581],[-69.426226839538231,-10.931889170373722],[-69.427054263203615,-10.937320526440317],[-69.427700339499836,-10.938925384432935],[-69.428746514649561,-10.940216123023617],[-69.430080781689071,-10.940691581841008],[-69.432422432740793,-10.940543431385834],[-69.433629822284502,-10.939807727383311],[-69.434617521092491,-10.938972357049522],[-69.43523240138336,-10.938452307060913],[-69.437048761068354,-10.937505980045842],[-69.439190061663908,-10.937568803661691],[-69.440934792390408,-10.938134471728119],[-69.443184780975969,-10.93849167935025],[-69.445832829766516,-10.938435883007685],[-69.44829139155047,-10.93898645288732],[-69.451580143745844,-10.940328666197615],[-69.452837110293046,-10.941911512624529],[-69.453106161982873,-10.942773221122764],[-69.453274959412738,-10.943313839098209],[-69.453714436972518,-10.944824018749841],[-69.45447043350083,-10.946830999175347],[-69.454729323869458,-10.949441869536315],[-69.454761324840035,-10.950960647514648],[-69.454696298639703,-10.95267927434827],[-69.455651440538873,-10.95446624857226],[-69.457175194483398,-10.954236239274337],[-69.458377359824965,-10.95320385235749],[-69.459565006182061,-10.951560399634616],[-69.460352463457809,-10.950231097194319],[-69.461967247338293,-10.949486680736584],[-69.462403075720829,-10.95079909986498],[-69.461613384584439,-10.952011571184244],[-69.461235778976231,-10.953440095941573],[-69.462585417201922,-10.954616300131534],[-69.46525189192937,-10.955369026307835],[-69.467387389166788,-10.955117024499714],[-69.469204239910709,-10.95427837881607],[-69.470606894190553,-10.953133831930984],[-69.471911293314463,-10.952198149149922],[-69.473518435527694,-10.951058258186436],[-69.47696122550002,-10.949969361483966],[-69.478814123607151,-10.950847101957436],[-69.479360337219362,-10.952552692894869],[-69.478273866761469,-10.954194020658122],[-69.477801297317001,-10.955912233792446],[-69.477945569198823,-10.957914048007638],[-69.479192339112899,-10.959011398567554],[-69.480720129657129,-10.958969979397182],[-69.48263242908223,-10.957823560134159],[-69.484436618062148,-10.956373760323743],[-69.486148438201042,-10.955429379777115],[-69.488078079716558,-10.955082718132644],[-69.49032413395048,-10.955232776881701],[-69.491652680420884,-10.955411313513423],[-69.493282143521981,-10.955367679717881],[-69.495001266177667,-10.954728778041101],[-69.496103069457035,-10.953797336074274],[-69.497397271006605,-10.952367343114361],[-69.498593790984273,-10.951119231912685],[-69.499994428737182,-10.949884759040174],[-69.500129562362361,-10.949733471952129],[-69.50128777782038,-10.948436806939185],[-69.502123516056884,-10.944598245570603],[-69.502091315419591,-10.943178500087356],[-69.503157603529417,-10.940638604756145],[-69.504789954019827,-10.94069378239675],[-69.505830234271457,-10.941678529744593],[-69.506479014549598,-10.94339080192384],[-69.507232879636376,-10.945280630952197],[-69.508907825905624,-10.947366594154914],[-69.511274358185347,-10.948412946547137],[-69.513003082067712,-10.94818731473822],[-69.515219777199434,-10.947025315687995],[-69.516930196922601,-10.945981983895138],[-69.518233008643904,-10.944947342164085],[-69.520229252749289,-10.942980952735923],[-69.522345191392674,-10.941830076455062],[-69.523882218827794,-10.942201817388309],[-69.525516163107056,-10.942364716932559],[-69.527442718896907,-10.941928042164477],[-69.528754757814397,-10.941279741301514],[-69.530577073822371,-10.940737403641492],[-69.53261933240168,-10.940900534390664],[-69.534669242938435,-10.941459025360587],[-69.536000651806489,-10.941736207017755],[-69.538241607980979,-10.941679298566044],[-69.539669971505077,-10.94175662018921],[-69.541164557034904,-10.941840489005983],[-69.542221435529996,-10.941899795848599],[-69.543857780616804,-10.942161422011395],[-69.545818242566213,-10.943243116259168],[-69.546857683915505,-10.94421866931998],[-69.547714573551445,-10.946124024593814],[-69.547959940405292,-10.948024498928532],[-69.548298411681913,-10.94953643594306],[-69.548330975845545,-10.951045939549601],[-69.548155771252027,-10.952362133085956],[-69.54737352151318,-10.953898096972466],[-69.546081538567876,-10.955444991694833],[-69.546528206405753,-10.957242270116524],[-69.547675972066941,-10.958422223222613],[-69.549216742729016,-10.959000441940589],[-69.550549907003358,-10.959367362667081],[-69.552078726627883,-10.959343538579049],[-69.553810156626355,-10.959297378114002],[-69.555427389671252,-10.958660374727174],[-69.556623311347096,-10.957421153044038],[-69.557304404945967,-10.95589634777906],[-69.557873696609875,-10.95396044566229],[-69.558868591511555,-10.952842406267564],[-69.56130254240918,-10.952268758327023],[-69.563257067086056,-10.95313465647024],[-69.565000887258748,-10.953609548690281],[-69.566630864949275,-10.953574503352911],[-69.568416293137204,-10.953087400664685],[-69.569063074482301,-10.952910944992027],[-69.570772579236177,-10.951867409841725],[-69.57311615953131,-10.951807992875274],[-69.574833356663191,-10.952079745971389],[-69.575366133459738,-10.95216405996274],[-69.577435897482474,-10.953512757087367],[-69.541769198226405,-11.01052563967994],[-69.508861984992677,-11.062964555728854],[-69.504415361677616,-11.070050421829478],[-69.500472611115583,-11.07623172067332],[-69.487205403469829,-11.097031559261154],[-69.471515787805743,-11.123396341223099],[-69.434755795537626,-11.183702479538738],[-69.385736388505222,-11.264120645001867],[-69.374440717306186,-11.282651614887016],[-69.311542874629595,-11.387191963347277],[-69.303462768325801,-11.400621631085414],[-69.263754397358639,-11.465228517797584],[-69.260764642713809,-11.470095341616627],[-69.209158311262968,-11.556098291200328],[-69.198351950523204,-11.573922504684447],[-69.157354181419976,-11.641544991706269],[-69.152343490863075,-11.649802101428975],[-69.129678033052016,-11.686475516464498],[-69.107714997560493,-11.722012390360419],[-69.090793816042947,-11.747383485654325],[-69.06549129260469,-11.788507532736389],[-69.064034214285869,-11.790875713820412],[-69.063245359551559,-11.792157834922534],[-69.0189285065955,-11.864185763359785],[-69.017392196661547,-11.866682719136065],[-69.012170329421053,-11.875169790189659],[-69.009897454482143,-11.878863880869062],[-68.98366410103597,-11.921676121648431],[-68.980926325525843,-11.92662932837743],[-68.969783018720761,-11.948210143392657],[-68.956806089464237,-11.972106880998524],[-68.946565817054477,-11.991158591741851],[-68.936016174945166,-12.010379111276052],[-68.935559781151539,-12.011215339377998],[-68.877600557902667,-12.117411199025923],[-68.871333639249315,-12.12889376860528],[-68.86572673138437,-12.139167032588432],[-68.859383590913467,-12.150789259688906],[-68.848528882528797,-12.170677812770293],[-68.789879119244631,-12.278138915265572],[-68.771151243448344,-12.31245308923269],[-68.77066674850397,-12.313340805703263],[-68.762126304610035,-12.328989044762636],[-68.732704578844618,-12.382897038777116],[-68.665444170858052,-12.506135005851149],[-68.665355178454035,-12.509152903567838],[-68.665879837024306,-12.512995198908868],[-68.666192978117181,-12.514609172203336],[-68.666917391368884,-12.516628641701288],[-68.667398105737618,-12.517439168270414],[-68.635341718426787,-12.517246718426804],[-68.634040969403259,-12.518451960217533],[-68.634140010174747,-12.52095083311184],[-68.633232068646407,-12.522666658551316],[-68.634909355633738,-12.524220729260435],[-68.633716697308557,-12.52812269669829],[-68.624999685833984,-12.526298907666217],[-68.624885290692418,-12.529182732922607],[-68.626499939984399,-12.532603910290788],[-68.628261218426758,-12.532673716748263],[-68.629108962689486,-12.532640135418887],[-68.630280267254932,-12.53390430341824],[-68.631609081219722,-12.532673106640914],[-68.632858276165962,-12.531324870923129],[-68.634330058636692,-12.535973330212698],[-68.635899966717773,-12.535102223919978],[-68.637777267254819,-12.533076133435259],[-68.640645077191436,-12.535733278363182],[-68.642406355633739,-12.540758351880129],[-68.63666524479396,-12.545726431195362],[-68.628301180462927,-12.547058829541299],[-68.628195225140644,-12.549733718426808],[-68.628278301434591,-12.551831521954568],[-68.625049816327135,-12.553355188977264],[-68.624832618085009,-12.558834284100556],[-68.628245355633737,-12.563793745648411],[-68.627444081219721,-12.565993081219744],[-68.626178718426786,-12.568059718426809],[-68.62413302824126,-12.566720634320347],[-68.621956571698263,-12.567150709210466],[-68.619999957196285,-12.565908479657196],[-68.618196479657172,-12.565212957196309],[-68.617500957196285,-12.564242479657196],[-68.612804350262707,-12.563300931378308],[-68.610193598919864,-12.566943577740631],[-68.608410865033136,-12.566591291546899],[-68.60725338956928,-12.563590274823241],[-68.604823433392596,-12.561848672345263],[-68.59987047965717,-12.561047957196308],[-68.596295555218717,-12.555795898297333],[-68.592681888959021,-12.556509978192366],[-68.589749509320313,-12.558749377484332],[-68.590107845746104,-12.560562718426809],[-68.589786827557646,-12.562187231122095],[-68.586227257489156,-12.560724498578111],[-68.585013957196281,-12.557578479657195],[-68.580897053998058,-12.556753131421146],[-68.580015957196281,-12.553413505078368],[-68.578697718426781,-12.550566718426808],[-68.576661281537156,-12.551862281537126],[-68.574903155316463,-12.552603155316433],[-68.574067104779317,-12.553647099957573],[-68.570642368451104,-12.552667902966505],[-68.566573155316462,-12.550196281537126],[-68.565461844647473,-12.548808566784942],[-68.561027177167034,-12.547540611035402],[-68.560001281537154,-12.545106155316432],[-68.559538718426779,-12.544735718426807],[-68.551120354535101,-12.545594419201905],[-68.549990232220694,-12.54934820679955],[-68.549027991131766,-12.550177190259035],[-68.549235427655276,-12.55275837681296],[-68.546210718426778,-12.552515350689987],[-68.543964607953058,-12.552695840802301],[-68.544163909710903,-12.555176232525923],[-68.541347755536094,-12.556940154767119],[-68.539974098675827,-12.558534517987312],[-68.537884074017597,-12.557368399334905],[-68.537047718426777,-12.556397718426808],[-68.534683958905305,-12.556934663800291],[-68.532723887127815,-12.556690849621873],[-68.528501231976577,-12.560072242901811],[-68.527081817059582,-12.565036839520531],[-68.524505841839868,-12.565357247601469],[-68.523257155316458,-12.564357281537127],[-68.521641590863226,-12.562339859662131],[-68.516593155316457,-12.563432155316434],[-68.51585228153715,-12.566023281537127],[-68.513749037884679,-12.569601256512726],[-68.516318708661174,-12.573972777875042],[-68.514927155316457,-12.577593155316436],[-68.514175706341689,-12.582756087689404],[-68.510854281537149,-12.585182281537129],[-68.508195331707952,-12.586302743817384],[-68.508363314618123,-12.587653318280275],[-68.507350027874963,-12.591201855572706],[-68.507788288373092,-12.594725734356928],[-68.506597155316456,-12.596752155316437],[-68.505431646771513,-12.600828638897951],[-68.498586648236312,-12.601824893475623],[-68.495810049359363,-12.608414155316439],[-68.488271155316454,-12.607673281537132],[-68.485818218426743,-12.606231394330052],[-68.482670165814397,-12.608081900982938],[-68.480403718426771,-12.607210718426643],[-68.478344605877965,-12.605937780133274],[-68.475536789837918,-12.605070766644531],[-68.474156218426742,-12.605153029461917],[-68.472784493573215,-12.60507127506736],[-68.469181605877964,-12.600106780133274],[-68.467468830975577,-12.599320656720238],[-68.466682605877963,-12.597607780133274],[-68.464969830975576,-12.596821656720238],[-68.462758394940408,-12.595619948468311],[-68.460907430707039,-12.597691466534627],[-68.458091479901384,-12.596681077801804],[-68.456686605877962,-12.595108780133273],[-68.454973830975575,-12.594322656720237],[-68.453560110394562,-12.5927404956484],[-68.447239804242145,-12.588720802899445],[-68.448365045697187,-12.58345430479153],[-68.447427005536156,-12.582616169720723],[-68.44761563041402,-12.579451084942832],[-68.446544790204086,-12.577480488812455],[-68.443311830975574,-12.575996656720235],[-68.442525605877961,-12.574283780133271],[-68.441458324627888,-12.572319742657612],[-68.439979830975574,-12.570998656720235],[-68.437501472943381,-12.566741784710985],[-68.436432564740244,-12.569070615582575],[-68.433238550702185,-12.570536551190401],[-68.433407245404339,-12.573365924359393],[-68.433096497357383,-12.574283780133271],[-68.43003060587796,-12.572617780133271],[-68.428317830975573,-12.571831656720235],[-68.426698605877959,-12.570951780133271],[-68.423189166302734,-12.570165656720235],[-68.420988407147433,-12.57262876206687],[-68.418222485150409,-12.573450780133271],[-68.418494186322278,-12.56889271842681],[-68.415822830975571,-12.567666656720235],[-68.415036605877958,-12.56678678013327],[-68.414156830975571,-12.566000656720234],[-68.413042164715762,-12.563572174969693],[-68.408654272137653,-12.562551261883812],[-68.407369284222682,-12.559751631451604],[-68.40332783097557,-12.558503656720234],[-68.401878520794924,-12.556881635296918],[-68.400238552044868,-12.556004656720233],[-68.398168355877942,-12.562708669598578],[-68.396665457928748,-12.562619085492145],[-68.39491099235255,-12.565377737042525],[-68.395181371625029,-12.569913987408711],[-68.394164830975569,-12.571784780133271],[-68.393378605877956,-12.573440815045331],[-68.405111378338802,-12.574288915204136],[-68.406745246014623,-12.577848739483841],[-68.406583872601573,-12.580554718426811],[-68.406709351361314,-12.58265979240133],[-68.40416083097557,-12.583446780133272],[-68.40326712528713,-12.588234648968751],[-68.398965664593788,-12.586691229718269],[-68.396411653241159,-12.586843451519997],[-68.393378605877956,-12.588491656720237],[-68.391665830975569,-12.589277780133273],[-68.389877301068395,-12.590249630414064],[-68.387524218426734,-12.590109407391651],[-68.386555266156165,-12.59016716422758],[-68.383382605877955,-12.595155656720237],[-68.381669830975568,-12.595941780133273],[-68.380881267132736,-12.596824300519017],[-68.379294072674838,-12.596729683026354],[-68.37337145487686,-12.59213994657614],[-68.370887605877954,-12.593489656720237],[-68.367378166302785,-12.594275780133273],[-68.365889605877953,-12.592609780133273],[-68.365009830975566,-12.591823656720237],[-68.36383059501361,-12.589254341839762],[-68.362510830975566,-12.586825656720237],[-68.361724605877953,-12.583823521466343],[-68.367233469159203,-12.582541787457558],[-68.373701522992178,-12.578543194256838],[-68.375005830975567,-12.576326521466342],[-68.369057690350473,-12.574942594464289],[-68.370620073773466,-12.566151048199686],[-68.372907976605518,-12.564106781598184],[-68.371425720624018,-12.561379194684093],[-68.367508830975567,-12.560169656720234],[-68.365514796551793,-12.557937934613335],[-68.364223605877953,-12.555124780133269],[-68.362510830975566,-12.554338656720233],[-68.360938482464803,-12.552578928967478],[-68.358703557293836,-12.550582047375769],[-68.355584281415076,-12.549340656720233],[-68.35247242850977,-12.553628542523484],[-68.352563029461919,-12.555148218426723],[-68.352330171795813,-12.559055905621619],[-68.342183475262686,-12.554589919293505],[-68.339693220135757,-12.549164310254184],[-68.333185204266613,-12.549552211468722],[-68.32923760587795,-12.546794780133268],[-68.326691830975562,-12.546008656720232],[-68.325905605877949,-12.545371552044912],[-68.332944923626883,-12.543197866406501],[-68.331405520916974,-12.537450146069602],[-68.327409520672859,-12.537688316754441],[-68.323798193158211,-12.535725880810844],[-68.326321699139555,-12.531082073590369],[-68.32923760587795,-12.530181656720231],[-68.332148733441386,-12.528599749859893],[-68.333355830975563,-12.525969780133266],[-68.334388946209913,-12.525046636761772],[-68.337496630047838,-12.525231855206584],[-68.339186830975564,-12.524084471936249],[-68.337473547650404,-12.520931690991404],[-68.337643564252005,-12.518079718426804],[-68.337512391156224,-12.515880077801796],[-68.333404436200226,-12.513994667920144],[-68.33506860587795,-12.509356656720229],[-68.337301904095739,-12.501249600140568],[-68.341756603436522,-12.493051790082063],[-68.341556488202173,-12.489693453778273],[-68.339832324627878,-12.486520742657603],[-68.336580858807565,-12.483615512799304],[-68.336905842694364,-12.478161889660896],[-68.32676778934956,-12.475369199200657],[-68.325855983807628,-12.473382536908218],[-68.320860830975562,-12.470205656720225],[-68.320074605877949,-12.469325780133261],[-68.31696031254296,-12.467896400128438],[-68.314239030072315,-12.469375173413312],[-68.313129549725602,-12.469309027600389],[-68.310228997357456,-12.466062823956577],[-68.308215439496109,-12.465138612896965],[-68.305202118939405,-12.461766142437966],[-68.304247605877947,-12.457663780133259],[-68.301963872113163,-12.456615590161391],[-68.300915605877947,-12.454331780133259],[-68.297743860760704,-12.451497831158747],[-68.296117009320312,-12.447953157879851],[-68.294204830975559,-12.445215656720222],[-68.293418605877946,-12.443502780133258],[-68.292536288861299,-12.441879004651128],[-68.292636651532121,-12.440194218426711],[-68.290872830975559,-12.439384656720222],[-68.288327971234423,-12.437607083325361],[-68.288451009564426,-12.435542428967551],[-68.293418605877946,-12.434386656720221],[-68.295037830975559,-12.433506780133257],[-68.296750605877946,-12.432720656720221],[-68.298774535565428,-12.429538336407745],[-68.302568488568397,-12.427797064404501],[-68.30336783097556,-12.423291471936238],[-68.300561540204058,-12.420784082959244],[-68.301789686444351,-12.415035727093709],[-68.301700407391479,-12.413538218426709],[-68.301756333905303,-12.412599924054177],[-68.298276077801745,-12.409490359051802],[-68.295547880780191,-12.406436974774465],[-68.295920249676783,-12.400190466198922],[-68.294202187176779,-12.39773097065455],[-68.294254249676783,-12.396857169720704],[-68.293371830975559,-12.396068656720217],[-68.291752605877946,-12.394022763165481],[-68.295084605877946,-12.391903656720217],[-68.296706169720665,-12.390088841351599],[-68.299736471600511,-12.390269458569549],[-68.30086883097556,-12.392736656720217],[-68.306503884808535,-12.393522780133253],[-68.307628007733342,-12.389882548779497],[-68.309292889203164,-12.386818690991504],[-68.309135176434552,-12.384172375470257],[-68.307530187176781,-12.382738267132765],[-68.307727353558505,-12.379429578320583],[-68.30586683097556,-12.378575656720216],[-68.305080605877947,-12.377695780133251],[-68.301683527752971,-12.3752303868838],[-68.302594418133822,-12.373554218426705],[-68.30170183097556,-12.371911656720215],[-68.300830190838894,-12.370012697369646],[-68.300960652142578,-12.367825131787299],[-68.299984480267597,-12.365104561108694],[-68.297542728680639,-12.365250097149953],[-68.295084605877946,-12.36423719172393],[-68.297357256024384,-12.362206677960501],[-68.29836983097556,-12.36090519172393],[-68.296654005536141,-12.3593721697207],[-68.29682656425183,-12.356477718426788],[-68.296701390545934,-12.354378465893831],[-68.297592859173847,-12.351893828839309],[-68.295037830975559,-12.346088656720212],[-68.294644718426753,-12.335652718426786],[-68.294151954998995,-12.335992942288499],[-68.292119992230482,-12.338935935254199],[-68.290021121014604,-12.338465428036727],[-68.2876063158389,-12.340337008816789],[-68.285290043011742,-12.339817769269075],[-68.284648718426752,-12.342316718426787],[-68.285506631146461,-12.344652921429656],[-68.283771892376933,-12.346666504712175],[-68.275871204632836,-12.347700230053931],[-68.273944790448297,-12.348775061383321],[-68.26982727714261,-12.348444230633731],[-68.270219372845702,-12.353323335949881],[-68.26888364433006,-12.354873669751214],[-68.267541204632835,-12.356030230053932],[-68.266770232220665,-12.357758206799531],[-68.260877204632834,-12.360195230053932],[-68.259043425091818,-12.362323793164251],[-68.251776232220664,-12.364511790905908],[-68.252547204632833,-12.366921206799532],[-68.254427657391545,-12.368541296216108],[-68.251387695477547,-12.369456559033495],[-68.248866223187463,-12.373975828076368],[-68.25026825004295,-12.37909884925557],[-68.248941063031282,-12.380639319653483],[-68.243032477704048,-12.382256409375259],[-68.239239744915949,-12.37956723380762],[-68.236706477215819,-12.381749791424795],[-68.234217137250027,-12.3885283645144],[-68.234416744061548,-12.391011883038573],[-68.232375324627981,-12.394670620984186],[-68.232679869915955,-12.398460226971736],[-68.224713900677671,-12.39628008436307],[-68.223839718426746,-12.397294718426792],[-68.224389221844774,-12.398724327221942],[-68.224204460980502,-12.400210218426707],[-68.22454581608298,-12.40295481208517],[-68.223368512127877,-12.406017678448734],[-68.223566085248024,-12.407605966015808],[-68.21741711759671,-12.409364041394326],[-68.215910762372062,-12.414632522351326],[-68.214109521893533,-12.416074943402293],[-68.214311975873045,-12.417703218426709],[-68.214202868329096,-12.418580883374261],[-68.217175718426745,-12.418952718426794],[-68.220900830975552,-12.416846780133255],[-68.222613605877939,-12.416060656720219],[-68.225162126263683,-12.41467578913597],[-68.228954655682628,-12.41331496995258],[-68.230896830975553,-12.415050191723765],[-68.23011060587794,-12.41772665672022],[-68.228397830975553,-12.418512780133256],[-68.224279605877939,-12.42189165672022],[-68.222467383465698,-12.422723411084178],[-68.222652957806645,-12.425835670727793],[-68.221670176434543,-12.431365887768834],[-68.222618893475556,-12.435443667828565],[-68.225654686322287,-12.438156078320503],[-68.223399830975552,-12.440170780133258],[-68.222451520672905,-12.443241755841314],[-68.220067830975552,-12.444335780133258],[-68.215469044598592,-12.446834780133258],[-68.214236830975551,-12.446048656720222],[-68.211259710126001,-12.442716656720222],[-68.207063899701211,-12.443872428967552],[-68.205120605877937,-12.447448471936241],[-68.207035733075202,-12.449733756390629],[-68.209238830975551,-12.451702191723768],[-68.208149992596702,-12.454255237073028],[-68.204136705975543,-12.455189006482215],[-68.20507383097555,-12.460209656720224],[-68.206807044476534,-12.461005135113794],[-68.205194225506887,-12.463973078930906],[-68.20498363676171,-12.467506439801298],[-68.206609166302769,-12.469325780133261],[-68.208783792523377,-12.467633926831297],[-68.211992855877895,-12.464042300702147],[-68.218481653363199,-12.464429057965333],[-68.223180497357362,-12.461875656720224],[-68.225162634686569,-12.463536648755166],[-68.225056170941286,-12.465322941601812],[-68.226778605877939,-12.468492780133261],[-68.227925607831082,-12.470991780133261],[-68.231059322918952,-12.470175532666303],[-68.232909270306664,-12.468104980603187],[-68.235050645672857,-12.470018226636],[-68.235152228558604,-12.471723527722361],[-68.232806873944355,-12.474348464062757],[-68.228765420697243,-12.476203393994354],[-68.231691495892619,-12.480392442395214],[-68.23182327909575,-12.482602988690473],[-68.23011060587794,-12.483533656720226],[-68.225945605877939,-12.484502710675258],[-68.227999125775398,-12.491725391125783],[-68.233601132122942,-12.488681209301944],[-68.235778910565386,-12.493426116406511],[-68.23677460587794,-12.494315780133263],[-68.237652753827035,-12.499020547253679],[-68.240892830975554,-12.500507607831025],[-68.239165210125975,-12.503478780133264],[-68.235061830975553,-12.502692656720228],[-68.229672955487331,-12.499361241406518],[-68.220947605877939,-12.502055552044908],[-68.22285286967184,-12.50476552210722],[-68.226778605877939,-12.505977780133264],[-68.228397830975553,-12.506857656720229],[-68.231117486493133,-12.508105911084272],[-68.230771250531291,-12.513914718426804],[-68.23344260587794,-12.515140780133265],[-68.234228830975553,-12.516020656720229],[-68.23510860587794,-12.516806780133265],[-68.236101860760698,-12.518970831158697],[-68.239273605877941,-12.521804780133266],[-68.240059830975554,-12.52601665672023],[-68.241031630414,-12.527805084942827],[-68.240891407391643,-12.53015821842672],[-68.241039053387681,-12.532635025769309],[-68.23760760587794,-12.534209916394332],[-68.238964891522414,-12.540198730847408],[-68.246287502484279,-12.544177876874016],[-68.253206730755835,-12.539344656720232],[-68.253956146039116,-12.541930012341481],[-68.251231609662057,-12.545830479931908],[-68.254660718426749,-12.546034865918159],[-68.257608554120168,-12.545859180401806],[-68.257526494671765,-12.547235887799332],[-68.258681529706053,-12.553423978589137],[-68.260908218426721,-12.553556702374522],[-68.265868188397462,-12.553261054486313],[-68.26593224967678,-12.554334970654565],[-68.261764605877943,-12.560301287396499],[-68.262550830975556,-12.561002656720234],[-68.267354613446287,-12.561899311261243],[-68.266712983807622,-12.572664300824215],[-68.272596453045935,-12.573451136029291],[-68.272349054486256,-12.577601188397466],[-68.273819718426751,-12.577688891339335],[-68.275548559491256,-12.577585834027332],[-68.280179986615224,-12.578663385418906],[-68.280041187176778,-12.580991555340745],[-68.284267502972682,-12.585959710919326],[-68.283288280560555,-12.588688772259786],[-68.283425351361302,-12.590989385663136],[-68.279395693524464,-12.592838875470193],[-68.279167208294893,-12.596673553143546],[-68.280662479901423,-12.598347077801805],[-68.283382440472678,-12.599323046307632],[-68.284648718426752,-12.599247545514174],[-68.289974447796794,-12.599565004742715],[-68.291218965252881,-12.596853433148397],[-68.292978718426752,-12.596748545514174],[-68.294248250287012,-12.596824249676786],[-68.297954754559555,-12.593951863934535],[-68.299249605877947,-12.595108780133273],[-68.300045491009769,-12.599372515851087],[-68.302141718426753,-12.599247545514174],[-68.303391218426725,-12.599322029461916],[-68.305744301068387,-12.599181806439447],[-68.309248147992093,-12.60108579917619],[-68.311721218426726,-12.600938407391652],[-68.312970718426755,-12.601012891339337],[-68.314325563641603,-12.600932102948263],[-68.315862830975561,-12.602652656720238],[-68.316742605877948,-12.603438780133274],[-68.317528830975562,-12.605151656720238],[-68.318411147992094,-12.606775406781253],[-68.318312005536143,-12.608439169720725],[-68.319241605877949,-12.609269780133275],[-68.320539304364274,-12.616222005047803],[-68.321743147992095,-12.618437406781254],[-68.321639429730453,-12.620178602520923],[-68.324192830975562,-12.624877497357431],[-68.323406605877949,-12.627642656720241],[-68.320197237469756,-12.629683771100076],[-68.319183645672865,-12.633468521649377],[-68.322518391156223,-12.634999077801808],[-68.322665630414008,-12.637469351910624],[-68.320925502362286,-12.640671704083502],[-68.320763315472618,-12.643391969708489],[-68.325581130414093,-12.644421271771535],[-68.32840003007226,-12.644253288861307],[-68.331470497357373,-12.645921780133278],[-68.33423560587795,-12.645135656720242],[-68.336840357831079,-12.644201022992149],[-68.338793718426757,-12.650526718426647],[-68.342526355633822,-12.655957081219753],[-68.344128802777334,-12.657441879315456],[-68.345057081219693,-12.66009035563377],[-68.34606192814357,-12.665353345623998],[-68.347524355633823,-12.668452081219755],[-68.350055081219693,-12.669253355633771],[-68.350856355633823,-12.672617081219755],[-68.351722301434563,-12.674253541852011],[-68.351622650555612,-12.676766218426735],[-68.35191916276267,-12.684247355633772],[-68.350856355633823,-12.683446081219756],[-68.349312682171842,-12.681780081219756],[-68.346158630169953,-12.684425303631883],[-68.348357355633823,-12.690698377301317],[-68.345858355633823,-12.690110081219757],[-68.345057081219693,-12.689245355633773],[-68.342526355633822,-12.688444081219757],[-68.339377896283224,-12.686778081219757],[-68.339193440472684,-12.688420642926246],[-68.339243265912103,-12.689677718426651],[-68.339193237103473,-12.690938047833527],[-68.340060199750042,-12.695081389019947],[-68.339999494061544,-12.696611996014667],[-68.342431077191407,-12.699236322247543],[-68.344193474164058,-12.699306179547307],[-68.345888962689457,-12.697476264020054],[-68.34920621842673,-12.697607742169453],[-68.351524829998993,-12.697515819317914],[-68.353675356976566,-12.699508430157721],[-68.355891572186408,-12.705199817242715],[-68.359255806195279,-12.708316957745581],[-68.35912046403223,-12.711732491620126],[-68.360912451214858,-12.711803518292527],[-68.363251298016507,-12.709279249676797],[-68.368381081219695,-12.710903355633775],[-68.369182355633825,-12.713434081219759],[-68.37088750419332,-12.7159120325137],[-68.369984545208922,-12.718488211102567],[-68.370111955975574,-12.721703934796381],[-68.367510457928745,-12.724114418377894],[-68.367549301434565,-12.725095521954586],[-68.364216081219695,-12.726668582257332],[-68.365085484295889,-12.729481736737341],[-68.367516355633825,-12.734075540570359],[-68.365000069256837,-12.737660989361871],[-68.360736740277332,-12.739673021954616],[-68.360980376507712,-12.7458182272768],[-68.356861744671846,-12.745981481854471],[-68.352498256390675,-12.743163751568773],[-68.352581942792028,-12.741053440838868],[-68.347830222821301,-12.735925081219762],[-68.346405723675787,-12.736927284344688],[-68.345057081219693,-12.742589081219762],[-68.344192355633822,-12.744223355633778],[-68.343303835858364,-12.748877051678676],[-68.337587027630832,-12.750238760602087],[-68.337488800335905,-12.752716813580605],[-68.338361355633822,-12.760915081219764],[-68.339258010174831,-12.762609603741737],[-68.339193745526359,-12.764231218426744],[-68.339227199750042,-12.76507687815581],[-68.338354644452068,-12.767566421490756],[-68.339584010907174,-12.76988981223775],[-68.338262111493179,-12.773661445477558],[-68.339384404095654,-12.778372898358441],[-68.34281961393458,-12.776555134137254],[-68.344656444012742,-12.780026441998587],[-68.345858355633823,-12.782573081219766],[-68.350720301678678,-12.788326546734879],[-68.351288718426758,-12.791303718426661],[-68.347887166180669,-12.791768620282255],[-68.346723081219693,-12.794235081219767],[-68.343418434369141,-12.798544625836428],[-68.343340950726599,-12.800497325482468],[-68.346691355633823,-12.802078469708533],[-68.345890081219693,-12.807563081219769],[-68.344901300457991,-12.809431738568378],[-68.345084942792028,-12.814064996014679],[-68.342156325482392,-12.817225759198266],[-68.338201609173836,-12.812957549359339],[-68.334210184735298,-12.815069588726999],[-68.331055522626002,-12.812898826520041],[-68.320898962689455,-12.812496257306179],[-68.318903504681657,-12.81464988566313],[-68.310039355633819,-12.815861355633785],[-68.306340986126884,-12.819852830914499],[-68.304208355633818,-12.820859355633786],[-68.303407081219689,-12.82339008121977],[-68.302542355633818,-12.825024355633786],[-68.300321259564441,-12.83072814823629],[-68.297544355633818,-12.832521355633787],[-68.296132363690447,-12.836980986676281],[-68.295061218426724,-12.839250738812495],[-68.293395218426724,-12.839184694684093],[-68.29021452506737,-12.839310783551298],[-68.289214355633817,-12.838384081219772],[-68.288413081219687,-12.837519355633788],[-68.28238715189849,-12.835611498883338],[-68.280884355633816,-12.834219081219771],[-68.279408912518477,-12.832626700848664],[-68.276318718426751,-12.832504221783722],[-68.273610248211867,-12.832611549847684],[-68.271721355633815,-12.831720081219771],[-68.267428538128854,-12.828428195782749],[-68.265297432904219,-12.830728300763155],[-68.263108774212867,-12.831886386334418],[-68.259226355633814,-12.830054081219771],[-68.256179682538118,-12.825900419049219],[-68.254660718426749,-12.825840221783722],[-68.252994718426748,-12.825906215069836],[-68.251209035687452,-12.825835442608877],[-68.246349021649394,-12.826763314312984],[-68.245065355633812,-12.829189355633787],[-68.242706578656225,-12.834187355633787],[-68.240067355633812,-12.833386081219771],[-68.237293908978529,-12.831918518658711],[-68.23287622282129,-12.836686355633788],[-68.230071355633811,-12.835052081219771],[-68.229209985638647,-12.834122430035677],[-68.226740474164046,-12.83422030143447],[-68.225938081219681,-12.833354355633787],[-68.22424035563381,-12.832553081219771],[-68.223439081219681,-12.831688355633787],[-68.22090835563381,-12.830887081219771],[-68.219353496869132,-12.827592501141623],[-68.215840294964778,-12.827453244122523],[-68.215996889203154,-12.831405825055128],[-68.214051866742125,-12.835527202374465],[-68.208843176312485,-12.838589331524872],[-68.205135655194283,-12.842590771893526],[-68.201452029950076,-12.839765974530224],[-68.193299266156146,-12.840089128094746],[-68.184688718426742,-12.839617718426666],[-68.182615675091768,-12.841403706219694],[-68.181065290448259,-12.851578162640635],[-68.178589474530213,-12.852959496686083],[-68.174371293499973,-12.854508559430201],[-68.172841347455119,-12.851080060772972],[-68.170142232220655,-12.849166255475154],[-68.164249204632824,-12.847562181378407],[-68.163027362835976,-12.84614403751857],[-68.160781557416044,-12.84489097855851],[-68.158403968792982,-12.847650748639126],[-68.154792946332066,-12.845636021405312],[-68.151048717083995,-12.847011051007371],[-68.148652926922864,-12.844230181378407],[-68.146756204632823,-12.845001255475097],[-68.144954557416042,-12.846006458294823],[-68.142007535199127,-12.84258584019193],[-68.140092204632822,-12.841731181378407],[-68.139149181927735,-12.840636597821288],[-68.130788269818311,-12.837566181378406],[-68.12829496415435,-12.838381488263167],[-68.128624828900342,-12.842486596051288],[-68.126378718426736,-12.842667086163544],[-68.120771424481461,-12.84221652183254],[-68.121120609295872,-12.846562672894549],[-68.119020822918912,-12.847734282513727],[-68.116768306317397,-12.846729181378407],[-68.113547752606394,-12.844445803509757],[-68.113377329266598,-12.846568519757341],[-68.114335197918933,-12.849177339093274],[-68.114076715741191,-12.852394384686477],[-68.115611746014679,-12.853716741681126],[-68.117153690838848,-12.855506695172267],[-68.119245545819297,-12.857308901654335],[-68.120100306317397,-12.859224181378409],[-68.12182813053613,-12.859995255475098],[-68.122669875409144,-12.863700336163561],[-68.125106034344697,-12.865059553814945],[-68.127441627240216,-12.864871894940393],[-68.131205278241225,-12.866971732159698],[-68.135260052166984,-12.866645934796395],[-68.137531278729455,-12.869282158124008],[-68.140895411053748,-12.872180473431683],[-68.141002179852592,-12.873509592450091],[-68.134708718426737,-12.87876871842667],[-68.133104135907161,-12.875930600384663],[-68.128395123456073,-12.874584245831556],[-68.122494774579138,-12.872037250714357],[-68.120169045086925,-12.869132732647927],[-68.118650487713865,-12.869321611737291],[-68.11601238322163,-12.864978155316351],[-68.113578664715817,-12.863029319684131],[-68.109138302899453,-12.864297275433557],[-68.106234394940373,-12.860670949444852],[-68.104068716961933,-12.860940311871616],[-68.100279339764654,-12.858712707989696],[-68.097611136639614,-12.8543200362368],[-68.09676817155173,-12.850423229291039],[-68.094726548749009,-12.846950243634296],[-68.091338215497103,-12.844236943402336],[-68.092016451581003,-12.838784718426666],[-68.091637168133786,-12.835735198162979],[-68.088477218426704,-12.836128259869611],[-68.085954627606384,-12.835814461285622],[-68.081694654217699,-12.83745193876365],[-68.080193383221626,-12.834418535504426],[-68.084450509442433,-12.831009458600079],[-68.086692857586911,-12.828209065533599],[-68.084257308758822,-12.822566690411634],[-68.084634151776299,-12.819536591900771],[-68.083111527020492,-12.821438042523482],[-68.07893046085843,-12.81983091788959],[-68.07541014103407,-12.82026877164941],[-68.073529383221626,-12.81916315531646],[-68.071771053631721,-12.818422281537153],[-68.070197383221625,-12.81749715531646],[-68.068439053631721,-12.816756281537153],[-68.067698383221625,-12.815831155316459],[-68.066746005536118,-12.815068622723629],[-68.067970287762648,-12.81188391282376],[-68.066773053631721,-12.810925281537152],[-68.066032383221625,-12.810000155316459],[-68.06433567448147,-12.808641496930193],[-68.063533383221625,-12.805835155316458],[-68.060042348553736,-12.803039693951632],[-68.060210128094752,-12.801690746441864],[-68.058320422039969,-12.797313174847659],[-68.055650591961921,-12.79764527665435],[-68.053907718426728,-12.795468718426662],[-68.05261205363189,-12.795839155316457],[-68.049405735760786,-12.798181408551272],[-68.048539383221623,-12.799263281537151],[-68.044493964276398,-12.800004155316458],[-68.043541383221623,-12.796672155316458],[-68.041064957196227,-12.795628617413513],[-68.039599479168942,-12.788855814923295],[-68.041042383221736,-12.785102281537149],[-68.041783053631718,-12.782200305584979],[-68.038497218426812,-12.782609026715249],[-68.036869045086917,-12.782406471051274],[-68.035429801678731,-12.784203745831576],[-68.032743091961891,-12.785010155316456],[-68.030213383221621,-12.780845155316456],[-68.029076549725573,-12.779934875042954],[-68.024682759442328,-12.780481378766126],[-68.020479119305662,-12.778010392865269],[-68.019247922528336,-12.773704000470218],[-68.019390077557659,-12.772561218426745],[-68.019230839520503,-12.771281619793911],[-68.011450749676783,-12.769057168133713],[-68.008555383221619,-12.767111484723159],[-68.01031635661036,-12.764115704754886],[-68.010123359295847,-12.762565218426744],[-68.010429023114284,-12.760107705731457],[-68.008463053631715,-12.759279281537147],[-68.006802137860291,-12.757204967145071],[-68.006426718426724,-12.724663718426655],[-68.00595652897357,-12.72502657981596],[-68.00517213419829,-12.733246252057086],[-68.002261718426723,-12.735492718426656],[-68.001868605877974,-12.736765656720252],[-67.998697674237349,-12.740857392987323],[-67.997617580731401,-12.746935791546832],[-67.997706249676753,-12.748425267132802],[-67.996383943524449,-12.749606841839864],[-67.994811493329053,-12.751366595013621],[-67.991872605877973,-12.753992497357444],[-67.993135121502917,-12.759771028119189],[-67.99509417643452,-12.761521375470238],[-67.99533110148343,-12.765496225323773],[-67.991676761395468,-12.773458432232928],[-67.989407568524371,-12.773323140912112],[-67.987734857342787,-12.777985022564906],[-67.990992830975529,-12.783980497357447],[-67.990206605877972,-12.785079656720256],[-67.988343337811557,-12.785934823956495],[-67.986874605877972,-12.787578656720257],[-67.984375605877972,-12.789811497357448],[-67.985161830975642,-12.793409656720257],[-67.988116987957937,-12.796050150799829],[-67.986836779217754,-12.800196186627488],[-67.984839897625875,-12.801980344098126],[-67.986586838543928,-12.805195152630915],[-67.985208605877972,-12.806737656720259],[-67.984326187176748,-12.807526169720745],[-67.984475053387655,-12.810024051190453],[-67.982512337811556,-12.810924823956498],[-67.981043605877971,-12.812568656720259],[-67.97856148551665,-12.814786498883336],[-67.978259482342821,-12.819852830914499],[-67.981853218426807,-12.820067029461939],[-67.983490136639602,-12.819969463116706],[-67.983700013592738,-12.823493646954603],[-67.98252820060452,-12.828978716046436],[-67.984141324627956,-12.830784176434577],[-67.986018218426693,-12.83089602946194],[-67.98687297892485,-12.830845085492172],[-67.988915821942328,-12.83405714854149],[-67.995594057782228,-12.835845780133297],[-68.002924498456082,-12.834175916119648],[-68.006779970623995,-12.829860677167005],[-68.010175218426809,-12.83006302946194],[-68.012610970623996,-12.82991787473776],[-68.01536621574121,-12.833001561016999],[-68.018528605877975,-12.835012780133297],[-68.019314830975532,-12.837558656720262],[-68.020194605877975,-12.839177780133298],[-68.020980830975532,-12.843389656720262],[-68.023332998456056,-12.846757042950685],[-68.023528029461886,-12.850030218426753],[-68.023396246258812,-12.85224084098536],[-68.024443190594752,-12.856149595868146],[-68.024258328045903,-12.859249602520947],[-68.026162473309512,-12.862753449444824],[-68.025950155926637,-12.866313222882354],[-68.028793663251008,-12.870383757916557],[-68.027644830975532,-12.872497780133301],[-68.025734177899437,-12.877467562665061],[-68.022927887127935,-12.874326678814953],[-68.019813288739215,-12.874141053631831],[-68.015469730633754,-12.879002186200239],[-68.012105394940363,-12.877173948468283],[-68.011031605877918,-12.878375656720266],[-68.005908940594736,-12.879567552411118],[-68.006319136151376,-12.886450580975577],[-68.00515383097553,-12.887491780133303],[-68.003619410809506,-12.892460952557599],[-68.00265483097553,-12.893322780133303],[-68.002261718426723,-12.893762718426672],[-67.999940259686525,-12.894166711224614],[-67.99786894498925,-12.896753465008771],[-67.996014218426694,-12.896522793561076],[-67.992943141034232,-12.896904771649417],[-67.988384825116157,-12.89422528153716],[-67.981928871747016,-12.899012641949753],[-67.980913042889654,-12.906229145062525],[-67.981077365155215,-12.907550891949711],[-67.976517218915035,-12.908537537335349],[-67.976998186932633,-12.912405160809612],[-67.971999983563478,-12.913832405438427],[-67.971070383221729,-12.911626155316355],[-67.969450954754848,-12.910329422833456],[-67.968426787762724,-12.902140255963332],[-67.960971681805631,-12.898998812848163],[-67.957281142010743,-12.894390366437051],[-67.94685603312405,-12.89568709891995],[-67.934418383221725,-12.894133155316354],[-67.933122718426716,-12.893762718426672],[-67.930253383221611,-12.89505828153716],[-67.925996053631877,-12.895799155316354],[-67.924883014325189,-12.897189132550295],[-67.9193782184268,-12.897873876446795],[-67.9152132184268,-12.897355793561076],[-67.911881218426799,-12.897770259869617],[-67.908965718426714,-12.897407601849636],[-67.907299718426714,-12.897614835003935],[-67.904032796551803,-12.897208503460945],[-67.902672053631875,-12.898298155316354],[-67.900835426922868,-12.900591854168908],[-67.896870542157274,-12.898261294659619],[-67.896100383221722,-12.899223281537161],[-67.89016647843647,-12.902469002179203],[-67.890456076092732,-12.904798494000488],[-67.887839732098655,-12.908380282147448],[-67.886893862225577,-12.912752006878918],[-67.88445160221579,-12.914707706219701],[-67.883538271405257,-12.916875570416551],[-67.880181053631873,-12.918290155316356],[-67.87880505802633,-12.921556009503433],[-67.877682053631872,-12.922455155316356],[-67.876629211590853,-12.924954155316357],[-67.873517053631872,-12.922547281537163],[-67.871515901288035,-12.920048281537163],[-67.870185053631872,-12.920789155316356],[-67.868804177166965,-12.92251372562896],[-67.862278874920946,-12.923649288067907],[-67.861022053631871,-12.925787155316357],[-67.860235218426794,-12.927654643292442],[-67.856070218426794,-12.92713656040678],[-67.855283383221717,-12.93254328153705],[-67.85352505363187,-12.933284155316358],[-67.847391643719732,-12.93818962235747],[-67.845195053631869,-12.939115155316358],[-67.843621383221716,-12.940040281537165],[-67.841863053631869,-12.940781155316358],[-67.841122383221716,-12.942539281537051],[-67.839734592206071,-12.943650592206041],[-67.837584370282116,-12.94633567496976],[-67.834458383221715,-12.947537281537052],[-67.831023071698269,-12.94828054490381],[-67.83132629508691,-12.950718940899947],[-67.824462383221714,-12.951717991803207],[-67.825353953534204,-12.95470670469382],[-67.826961383221715,-12.95744115531636],[-67.827949147137701,-12.959785340558028],[-67.831194105145528,-12.961152743817422],[-67.830705409100631,-12.965082649090846],[-67.832676259442394,-12.964837487591808],[-67.833056966473634,-12.967899718426679],[-67.832642703534134,-12.971231718426679],[-67.83284017496976,-12.972820794049312],[-67.82973859220607,-12.975304592206044],[-67.827748218426791,-12.977790068158242],[-67.825571761883793,-12.975072141278304],[-67.824398118573242,-12.974926173077677],[-67.820507666913045,-12.9760370770083],[-67.817370901288143,-12.974193281537055],[-67.816426251629878,-12.975599070721671],[-67.816974738202134,-12.980008215375051],[-67.816030698651332,-12.981614221478537],[-67.816138077557639,-12.982477218426766],[-67.81565751627835,-12.986340723675823],[-67.819898372967714,-12.987553210492194],[-67.820464349286169,-12.992103595013646],[-67.819229491864235,-12.993645438153294],[-67.815850716961961,-12.99322517582425],[-67.812347683514645,-12.995284288373],[-67.807802383221713,-12.994718922162008],[-67.808942470624061,-12.999025772137657],[-67.813676294110394,-12.999614525799757],[-67.819834718426705,-12.997247309002944],[-67.821500718426705,-12.997887718426682],[-67.821137907879915,-13.000023806195316],[-67.818531528973551,-13.00324863065822],[-67.817805907879915,-13.010852806195317],[-67.816824448407203,-13.011610356244148],[-67.814473907879915,-13.017589714032226],[-67.816140517987265,-13.021248121502879],[-67.819471907879915,-13.023240630658222],[-67.820560542889609,-13.024650995648472],[-67.823529528973552,-13.026942762494173],[-67.822780723797734,-13.031828502728501],[-67.819001718426705,-13.031207718426685],[-67.816106148602501,-13.029099187176712],[-67.81442021842679,-13.029199651532224],[-67.811393678875902,-13.029019263104544],[-67.803788079754895,-13.024886497113187],[-67.799275115155297,-13.021733970379898],[-67.797738051190379,-13.025083053387732],[-67.79207666105367,-13.02474556229879],[-67.79036856364155,-13.026657333905234],[-67.789013718426702,-13.026576596356392],[-67.787750999432603,-13.02665184293852],[-67.782948843915051,-13.025625845624063],[-67.780286945233286,-13.027485249676715],[-67.779017718426701,-13.027409596356392],[-67.777745644452182,-13.027485351361349],[-67.776762151288096,-13.024300285565346],[-67.773579830975621,-13.023317605877935],[-67.772400493329144,-13.020748341839806],[-67.770238069256891,-13.016768916180695],[-67.770297046307576,-13.015780440472611],[-67.768815908856425,-13.011652351971634],[-67.76524983097562,-13.010822605877934],[-67.761883054852547,-13.005528805462916],[-67.762010567303719,-13.003389057049731],[-67.759546953534198,-12.997466032513728],[-67.755956267987187,-12.996661605877932],[-67.753556308758846,-12.999347705487253],[-67.750036395672794,-13.000779830975603],[-67.746829060956031,-12.99903685575589],[-67.747099948651339,-12.994491453778323],[-67.748653688885781,-12.991632083661102],[-67.746625285077187,-12.989819657879934],[-67.742365718426697,-12.990073564251929],[-67.73726176310447,-12.989769324017573],[-67.735308605877947,-12.990830605877932],[-67.732176721112296,-12.991797829510688],[-67.729314097088889,-12.99024225895414],[-67.729569732098639,-12.985955135785161],[-67.728597830975616,-12.984166605877931],[-67.727689177655293,-12.981224057782242],[-67.727875260418955,-12.97810137547026],[-67.730688465741252,-12.975587885418975],[-67.724045616131775,-12.973536653424276],[-67.725575765545898,-12.969272205914592],[-67.723159943524422,-12.967113595013643],[-67.721587493329139,-12.965353841839885],[-67.719503773114184,-12.963492048199726],[-67.718648605877945,-12.96162878013331],[-67.716935830975615,-12.959176656720217],[-67.7159208155947,-12.956965169842761],[-67.710418460125936,-12.955684961102577],[-67.708571664959891,-12.94970484068017],[-67.70865504630757,-12.948307440472604],[-67.707770390545875,-12.945841996380807],[-67.707993689862349,-12.942094919964802],[-67.711010467694337,-12.93939961790187],[-67.709438830975614,-12.935019656720215],[-67.708652605877944,-12.931640780133307],[-67.707628642254917,-12.930725924054229],[-67.707852348309586,-12.926975542889693],[-67.702639590497029,-12.92497169590473],[-67.701003079022428,-12.923140051739779],[-67.701548718426693,-12.915420718426674],[-67.70107852897354,-12.915783579815866],[-67.69979262589743,-12.917449579815866],[-67.696407749920922,-12.91659634458648],[-67.694414528973539,-12.915057857037652],[-67.693015349286156,-12.913245177044871],[-67.691969218426777,-12.913399788434049],[-67.690509638104459,-12.913184064618179],[-67.689438289471639,-12.917031402020541],[-67.685358907879902,-12.920055857037653],[-67.682752528973538,-12.921614579815866],[-67.681650268231465,-12.925573210980417],[-67.679441679364288,-12.925899567608894],[-67.677861907879901,-12.924946579815867],[-67.676088528973537,-12.92422085703754],[-67.673941764325093,-12.92143947898586],[-67.671097443524445,-12.92185979215725],[-67.66739571842669,-12.921251718426674],[-67.667786593915082,-12.923669828350967],[-67.669546957196303,-12.924931479657232],[-67.670247767254921,-12.928427090130867],[-67.672019112469741,-12.928077040997607],[-67.672899700848518,-12.93253331644911],[-67.671745580975596,-12.934351131512642],[-67.675042194745117,-12.936713874188456],[-67.674146963788132,-12.941243718426676],[-67.674674503338906,-12.943912836712798],[-67.67405971842669,-12.945408718426677],[-67.671946306317352,-12.944190181378417],[-67.670590037518593,-12.942616002545435],[-67.667893972821332,-12.94239936356837],[-67.665641862958012,-12.943655828961425],[-67.663616306317351,-12.940025181378417],[-67.662545161053686,-12.937624662884673],[-67.659451306317351,-12.936693181378416],[-67.655926715741259,-12.934194181378416],[-67.65445330631735,-12.935798255475106],[-67.65342527531152,-12.938102173626987],[-67.651116425457985,-12.939132390851057],[-67.651250445721701,-12.940800272015679],[-67.65028830631735,-12.941629255475107],[-67.64880147453033,-12.944961255475107],[-67.64778930631735,-12.944190181378417],[-67.647018130536082,-12.943295255475107],[-67.640514792157262,-12.942444308148424],[-67.636598512616217,-12.940696757123021],[-67.635294306317348,-12.938359181378416],[-67.634439545819362,-12.936443901654343],[-67.632795306317348,-12.935027181378416],[-67.631974711834971,-12.934074803692909],[-67.626131306317347,-12.934965255475106],[-67.623145237225629,-12.936631255475106],[-67.619991388592723,-12.935776494977063],[-67.615811949383783,-12.933158676556616],[-67.616243295331003,-12.927789477032718],[-67.614311491864214,-12.925547179730472],[-67.609628103924706,-12.925923514325234],[-67.606972306317346,-12.922532181378415],[-67.606026843182633,-12.919391958478059],[-67.599319525555643,-12.918853030255377],[-67.592059653973593,-12.921910380230884],[-67.586980306317344,-12.917534181378414],[-67.585758464520552,-12.916116037518577],[-67.58371013053619,-12.914973255475104],[-67.581982306317343,-12.914202181378414],[-67.579930718426681,-12.912921718426674],[-67.579468053631842,-12.914125155316356],[-67.57872738322169,-12.916716281537163],[-67.577792698651422,-12.918306221478531],[-67.577994847577088,-12.919932157757842],[-67.576982475995067,-12.920058094098124],[-67.573760091961844,-12.917704096295324],[-67.569757177166935,-12.916559585614266],[-67.568731383221689,-12.914125155316356],[-67.566943971844751,-12.91269384330468],[-67.567124360272487,-12.911243973858859],[-67.565929566571242,-12.908408906353998],[-67.560263092206071,-12.907182844647366],[-67.557886113690472,-12.905785698651414],[-67.55215883195217,-12.906498100750923],[-67.551921703534106,-12.904591718426673],[-67.552363217938421,-12.901040689862327],[-67.549526218426763,-12.900687793561076],[-67.547643630292043,-12.900921973126515],[-67.543710674481417,-12.897772496930202],[-67.542840661297873,-12.894729331952135],[-67.540409383221686,-12.893300155316354],[-67.538651053631838,-12.89255928153716],[-67.537077383221686,-12.889968155316353],[-67.535380674481416,-12.888609496930201],[-67.534392707196275,-12.885154306073218],[-67.531162391766543,-12.884752499493686],[-67.529260890301714,-12.887127037579546],[-67.524490053631837,-12.884229281537159],[-67.523749383221684,-12.883304155316353],[-67.520325053631836,-12.882563281537159],[-67.517895809247079,-12.881629461285627],[-67.516324172528357,-12.881824949872112],[-67.5151619178896,-12.878801460858369],[-67.515474292889678,-12.876290258710014],[-67.513753383221683,-12.874141155316352],[-67.512791243817333,-12.873370793011759],[-67.514269940838915,-12.870855218426755],[-67.512087383221683,-12.867141952130339],[-67.512906350750939,-12.864749517560085],[-67.515327053631836,-12.862811053753887],[-67.512690982831089,-12.859464665387236],[-67.5103186818057,-12.857564943402338],[-67.510603601971638,-12.855274752667526],[-67.507922383221683,-12.85331615531635],[-67.504590383221682,-12.852363472577167],[-67.505331053631835,-12.849984155316349],[-67.506607805096735,-12.847812274579155],[-67.506054844403309,-12.843366218426752],[-67.506262077557608,-12.841700218426752],[-67.506051590497009,-12.840007729596152],[-67.511060979168974,-12.839135987774853],[-67.511260077557608,-12.837535218426751],[-67.51115635929591,-12.836702218426751],[-67.511265365155282,-12.835825544903798],[-67.507629328290079,-12.835038862225531],[-67.506256383221682,-12.833324155316461],[-67.504984309246993,-12.832305580975572],[-67.503695559002949,-12.822000815777812],[-67.499564318280306,-12.820821173077661],[-67.497995732098616,-12.821016254925837],[-67.494862423749055,-12.819174442303677],[-67.485801718426671,-12.818792718426664],[-67.487020306317334,-12.833452582928714],[-67.486242215985385,-12.846850592755288],[-67.484073690838898,-12.848718741681125],[-67.482917130536066,-12.850061181378408],[-67.480448025799831,-12.852188473431681],[-67.480290007977544,-12.85415586649799],[-67.481371931805597,-12.861256245831555],[-67.487098196698241,-12.865368064801316],[-67.48874813053618,-12.868325255475099],[-67.490628888348681,-12.874571891156222],[-67.49365441105374,-12.877178473431684],[-67.493749994549717,-12.878369148907666],[-67.492795583172835,-12.881856370404307],[-67.492915774335017,-12.883350218426756],[-67.492848662518554,-12.884183218426756],[-67.492974141278296,-12.885743974896513],[-67.483589672284211,-12.887174015851031],[-67.48172538737208,-12.890515370831565],[-67.48208677433496,-12.895012218426757],[-67.482019662518553,-12.895845218426757],[-67.482160190594755,-12.897592108502465],[-67.479004104901378,-12.900311204754871],[-67.477086130536179,-12.903373181378413],[-67.476191306317332,-12.904144255475103],[-67.474944246746986,-12.906938954205543],[-67.471773518475572,-12.905169846051308],[-67.462431960370111,-12.906873876080567],[-67.456949331708017,-12.911597327740765],[-67.459597808026388,-12.914979000653375],[-67.459495309979502,-12.916253718426674],[-67.459654548016658,-12.918236415020942],[-67.457894388104535,-12.919218433758829],[-67.453762130536177,-12.916639255475104],[-67.45203430631733,-12.915868181378414],[-67.451263130536063,-12.914973255475104],[-67.44786930631733,-12.914202181378414],[-67.446754233319325,-12.911703181378414],[-67.444537306317329,-12.912474255475104],[-67.443119009930683,-12.914120325299336],[-67.442069218426752,-12.914204672650328],[-67.440770299725614,-12.91410034428128],[-67.436944316082986,-12.916813085248066],[-67.430089352459959,-12.918370384442369],[-67.427939130536174,-12.920866181378415],[-67.427044306317327,-12.921637255475105],[-67.426273130536174,-12.922532181378415],[-67.422146160565433,-12.923774766827648],[-67.421275130536173,-12.934194181378416],[-67.419547306317327,-12.936631255475106],[-67.419161718426665,-12.939577718426676],[-67.418664074139656,-12.943556889874458],[-67.413859478192421,-12.945581429669403],[-67.41270108756737,-12.947027892682058],[-67.413446435467677,-12.953019605145471],[-67.415459383221673,-12.95577515531636],[-67.416305602215857,-12.957783730633821],[-67.418420844647358,-12.959477592206042],[-67.420361596356486,-12.961900989728008],[-67.422250285565326,-12.966383245587451],[-67.427121383221674,-12.967437155316361],[-67.427862053631827,-12.970028281537054],[-67.429630144940461,-12.972448526837411],[-67.42944955314357,-12.973899565655756],[-67.427570015545939,-12.977097138653789],[-67.429628924725534,-12.982453678448621],[-67.429522359295902,-12.983310218426766],[-67.429629128094746,-12.984168639569361],[-67.427853308758813,-12.988282797284228],[-67.428153074872114,-12.990694043500014],[-67.427029053631827,-12.991594155316363],[-67.426274147381889,-12.992536974652296],[-67.419681123211888,-12.991039465985352],[-67.419161718426665,-12.990390718426681],[-67.41724252384671,-12.990983336102488],[-67.417053187176805,-12.994160267132827],[-67.418815584149399,-12.995734954388695],[-67.421242998211881,-13.001023873944348],[-67.423766605877915,-13.003278830975603],[-67.424945943524392,-13.005848095013562],[-67.427153108807659,-13.009909783490286],[-67.42694729923727,-13.013362178021453],[-67.432089081219772,-13.011985063885732],[-67.434548830975586,-13.013321605877934],[-67.439593605877917,-13.014107830975604],[-67.440650515301797,-13.018650284100602],[-67.442118840497017,-13.01996221842677],[-67.441212830975587,-13.020771830975605],[-67.440033493329111,-13.022091595013649],[-67.437873102948117,-13.024021873211893],[-67.438012207440465,-13.026356347577178],[-67.436261605877917,-13.028315605877935],[-67.433794534832941,-13.029447965252928],[-67.433688782879813,-13.031220225628886],[-67.437646549725628,-13.035649707196285],[-67.440424368817332,-13.03581535136135],[-67.446033289715842,-13.029156638958966],[-67.450029493329112,-13.027922595013649],[-67.451891337811503,-13.025838773114174],[-67.453754605877918,-13.024983605877935],[-67.458284450116196,-13.022183314496147],[-67.460371830975589,-13.023317605877935],[-67.465260011639657,-13.024230021527387],[-67.46791560587792,-13.026602830975605],[-67.469320479901342,-13.028175077801734],[-67.47203383097559,-13.029148605877936],[-67.477830054852518,-13.030230529705989],[-67.477958990887714,-13.032393665570282],[-67.476245605877921,-13.035546497357473],[-67.477864830975591,-13.037478605877936],[-67.478744605877921,-13.038264830975606],[-67.479568657635696,-13.040933135785167],[-67.48231800504783,-13.043389733319316],[-67.485143209149442,-13.0507391890078],[-67.490330952557599,-13.052341127728425],[-67.491913774579132,-13.054112574627879],[-67.495404605877923,-13.054924830975608],[-67.496214218426758,-13.055830840497038],[-67.497726267987332,-13.054138605877938],[-67.499712981122059,-13.054985943402357],[-67.501820088788008,-13.057344110272481],[-67.502944516766547,-13.053145452679701],[-67.502718166913098,-13.049346110394538],[-67.5040809435244,-13.047820841839894],[-67.505400605877924,-13.046641605877937],[-67.506210421795913,-13.040587306561576],[-67.507899605877924,-13.037478605877936],[-67.508685830975594,-13.035765830975606],[-67.510329663739185,-13.034296997357387],[-67.51186347379786,-13.030955235638658],[-67.514516830975595,-13.029101830975605],[-67.518128463543974,-13.028261509686502],[-67.521514763104449,-13.026421324017576],[-67.526265466229404,-13.026704413861353],[-67.530135580975582,-13.022372956219726],[-67.534426873211885,-13.022628692914111],[-67.536726571454153,-13.020054853070349],[-67.538718368817342,-13.019936187176711],[-67.540685965252919,-13.022138471600613],[-67.542885605877927,-13.024103830975605],[-67.543671830975597,-13.024983605877935],[-67.546101685467761,-13.027154673138682],[-67.546220046307553,-13.02914301322653],[-67.543659222088763,-13.034961506024331],[-67.546170830975598,-13.03855727579986],[-67.545380945233433,-13.039147351361351],[-67.538280718426677,-13.038704718426686],[-67.537887605877927,-13.040810605877937],[-67.534109007245092,-13.043213819012749],[-67.531920551922724,-13.048475487103474],[-67.532597364422884,-13.059831924969671],[-67.530390605877926,-13.063301605877939],[-67.528788260418935,-13.06473332462798],[-67.528369523358435,-13.071757796429722],[-67.534848457440319,-13.076811112835969],[-67.536567943524403,-13.078735595013654],[-67.538767584149412,-13.080700954388703],[-67.540938549725524,-13.085431117230485],[-67.543201234784135,-13.087963673138688],[-67.545754127606358,-13.089350854046927],[-67.550588822186512,-13.089062679974631],[-67.558437040692411,-13.094544698529262],[-67.570858624432674,-13.092655195843747],[-67.578477849286116,-13.09691354227931],[-67.579628918622063,-13.099421490521536],[-67.582036605877931,-13.101572830975613],[-67.5831195465517,-13.106227238812437],[-67.58560939494032,-13.108451792157268],[-67.589533605877932,-13.113234830975614],[-67.590467680340851,-13.123187208294951],[-67.592027928387722,-13.123280147992205],[-67.59445595255761,-13.121960790692356],[-67.594578990887726,-13.124023665570292],[-67.592644340252832,-13.12758384574613],[-67.600315830975603,-13.130774605877946],[-67.602984237469741,-13.13159865763572],[-67.605191199383796,-13.134068779217728],[-67.607859605877934,-13.134892830975616],[-67.612563940838811,-13.138178869549847],[-67.613790460125927,-13.131607605877946],[-67.616189605877935,-13.132393830975616],[-67.617808830975605,-13.133273605877946],[-67.620477237469743,-13.134097657635721],[-67.621973830975605,-13.135772605877946],[-67.623673183514654,-13.13729106156643],[-67.624472830975606,-13.143269605877947],[-67.626185605877936,-13.144055830975617],[-67.629251395672782,-13.145721830975617],[-67.632016605877936,-13.144935605877947],[-67.635500522625932,-13.143685597455033],[-67.637800830975607,-13.144935605877947],[-67.642845605877937,-13.145721830975617],[-67.649389007977561,-13.147119790448244],[-67.653594885174755,-13.144834429730508],[-67.659333555584908,-13.145176394940336],[-67.66695583097561,-13.140723830975617],[-67.673666605877941,-13.139937605877947],[-67.676139371258785,-13.138210493451197],[-67.677784830975611,-13.139104605877947],[-67.685328605877942,-13.139890830975617],[-67.687780830975612,-13.141603605877947],[-67.689493605877942,-13.142389830975617],[-67.690279830975612,-13.143269605877947],[-67.696019924969676,-13.145904151410093],[-67.701108830975613,-13.151599605877948],[-67.705025720624064,-13.152809143841807],[-67.706162147381804,-13.15490028703033],[-67.705006603924801,-13.159214661664066],[-67.709045718426694,-13.158973872601507],[-67.712377718426694,-13.159172564251946],[-67.715602746258753,-13.15898027872953],[-67.719683754803725,-13.159929809247103],[-67.725407986004882,-13.166658989056657],[-67.725166586834973,-13.17070928886136],[-67.726981249676726,-13.174048406781196],[-67.726839704754923,-13.17642030106839],[-67.728470725262696,-13.179421521161146],[-67.726029685467779,-13.18160255350972],[-67.729477605877946,-13.186538830975621],[-67.730263830975616,-13.189084605877952],[-67.732730902020478,-13.190216965252944],[-67.732835840497046,-13.191976718426702],[-67.732736596356403,-13.193642718426702],[-67.732853330243131,-13.195600553143606],[-67.731976605877946,-13.196581605877952],[-67.730164383465819,-13.197413385663083],[-67.730511941327165,-13.203243267132848],[-67.726145605877946,-13.207144497357433],[-67.727107541913028,-13.208489479168918],[-67.728644605877946,-13.209862830975624],[-67.729430830975616,-13.210742605877954],[-67.732103304852558,-13.213130464642632],[-67.736005348553761,-13.218716709881846],[-67.731096830975616,-13.219858830975625],[-67.72888966569235,-13.222328952557632],[-67.725312605877946,-13.223433552044924],[-67.72763589494042,-13.229128803143453],[-67.730792387372105,-13.228940585003954],[-67.733070731854525,-13.233904520672866],[-67.738250543866116,-13.235504018963923],[-67.740326942791967,-13.240905401654288],[-67.750296504803714,-13.239846458539091],[-67.752754830975618,-13.241563605877957],[-67.754467605877949,-13.242349830975627],[-67.755253830975619,-13.243229605877957],[-67.759307791424817,-13.244481546307668],[-67.760487535809546,-13.248885708416992],[-67.758632605877949,-13.249893605877958],[-67.755716699139668,-13.250794124432616],[-67.754338669842753,-13.253329730877965],[-67.757752830975619,-13.256380166302733],[-67.756966605877949,-13.258223605877959],[-67.755311791180702,-13.259702201214793],[-67.755252407391595,-13.260699218426794],[-67.755302029461859,-13.261532218426794],[-67.754906273114273,-13.268172830975629],[-67.759877835126019,-13.267123954632837],[-67.762753068036091,-13.263905841351573],[-67.767110658612296,-13.264165543744127],[-67.770496551434576,-13.259499848919972],[-67.7748494645204,-13.261865235394566],[-67.778010431073255,-13.259657256634739],[-67.783584372479538,-13.259989460125951],[-67.785241830975622,-13.255677830975628],[-67.786954605877952,-13.254891605877958],[-67.787740830975622,-13.254011830975628],[-67.789384663739213,-13.252542997357409],[-67.791348802899392,-13.248263602215786],[-67.794122961346716,-13.248098263104509],[-67.796117605877953,-13.249013830975628],[-67.796903830975623,-13.249893605877958],[-67.798616605877953,-13.250679830975628],[-67.80005076505762,-13.253804292767597],[-67.803450893719742,-13.251956684125048],[-67.806684666424815,-13.253440872113288],[-67.807732830975624,-13.255724605877958],[-67.808612605877954,-13.256510830975628],[-67.809398830975624,-13.257390605877958],[-67.811598471600462,-13.259355965252951],[-67.813563830975625,-13.261555605877959],[-67.817951723553676,-13.262576620648474],[-67.819462552899438,-13.265868353558631],[-67.825143873211914,-13.265529743939453],[-67.826451943524432,-13.266993595013673],[-67.827821431317375,-13.268217267132854],[-67.827678259442393,-13.270620988690382],[-67.829390830975626,-13.27155160587796],[-67.831819261883822,-13.272666272137712],[-67.832722830975626,-13.27654960587796],[-67.836973449383777,-13.281730333050746],[-67.836868510907209,-13.283490492962869],[-67.841885830975627,-13.287378605877961],[-67.847763605877958,-13.289830830975632],[-67.851033171551705,-13.292114564740189],[-67.855973211346623,-13.293640036664101],[-67.856096249676739,-13.295704945233297],[-67.853594605877959,-13.299286275799716],[-67.854380830975629,-13.301539605877963],[-67.856346190350507,-13.302441649701166],[-67.858641007733297,-13.305726976483413],[-67.858544407391605,-13.307347218426798],[-67.858684732098652,-13.309700301068403],[-67.857698391766576,-13.311515167279254],[-67.859428249676739,-13.313991491620129],[-67.859375983807581,-13.314867097455078],[-67.86359060587796,-13.315653830975634],[-67.865079267987198,-13.317319830975634],[-67.86608960587796,-13.316533605877964],[-67.867618941815408,-13.313201605877964],[-67.87108760587796,-13.313987830975634],[-67.873040763104484,-13.315049112835993],[-67.876916368817376,-13.314818187176741],[-67.877704830975517,-13.315700605877964],[-67.880937790204143,-13.317184488812529],[-67.882214745038084,-13.319534520916932],[-67.880502376874006,-13.32507999064353],[-67.875886304120115,-13.324804933880841],[-67.876088046307586,-13.328188996380845],[-67.874419605877961,-13.332838726727573],[-67.875205830975631,-13.334026605877966],[-67.876808176434622,-13.33545832462795],[-67.877091266278342,-13.340209332806694],[-67.876478718426711,-13.341916718426717],[-67.875099468915039,-13.34141022758206],[-67.871897218426795,-13.341667591229509],[-67.869375034344671,-13.341464933880843],[-67.867440790448256,-13.342544112225596],[-67.863150718426709,-13.342199401532241],[-67.861039340008801,-13.342369011395476],[-67.860266130536104,-13.340636204632858],[-67.859363781659169,-13.339018708172887],[-67.860393032879927,-13.332383383221725],[-67.85937517033102,-13.332301628827167],[-67.858326599042016,-13.333518894818383],[-67.853543153485305,-13.333134527142477],[-67.851933283368169,-13.335704909710955],[-67.848976092694329,-13.335467272870062],[-67.84604330631737,-13.337304204632858],[-67.841940130536102,-13.340698232220745],[-67.840212306317369,-13.341469204632858],[-67.838608130536102,-13.342364232220746],[-67.836880306317369,-13.343135204632858],[-67.83533388737203,-13.344930038983421],[-67.832286400799774,-13.343229669598657],[-67.831080218426791,-13.343132764203119],[-67.830247218426791,-13.343199672650371],[-67.829414218426791,-13.343132764203119],[-67.828581218426791,-13.343199672650371],[-67.826954672040074,-13.34306900797759],[-67.821053306317367,-13.343968204632858],[-67.819483499920864,-13.347485982342789],[-67.815192411053715,-13.352466695965859],[-67.811057306317366,-13.351527232220747],[-67.80962192692283,-13.349861232220746],[-67.805974704754817,-13.350650507855448],[-67.802722628827155,-13.354803000653249],[-67.802793808026308,-13.355688164837943],[-67.801889628827155,-13.356467272015664],[-67.802090150799813,-13.35896220463286],[-67.797359174481358,-13.357928275921779],[-67.795955927411171,-13.352801034833021],[-67.796129808026308,-13.350636272015663],[-67.795230306317364,-13.349861232220746],[-67.794412355633824,-13.345377247723604],[-67.792731306317364,-13.342364232220746],[-67.791960130536097,-13.340636204632858],[-67.788394662762698,-13.339562720623974],[-67.786529767743161,-13.333369011761761],[-67.783630130536096,-13.330870926922842],[-67.784401306317363,-13.328974204632857],[-67.786900306317364,-13.325449715741172],[-67.781425609051723,-13.322372232220744],[-67.779403306317363,-13.323976204632856],[-67.778607319500907,-13.324900212323143],[-67.775300130536095,-13.322310204632856],[-67.771906306317362,-13.321539232220744],[-67.769469130536095,-13.320644204632856],[-67.764723104901407,-13.319215333050749],[-67.762805130536094,-13.318145204632856],[-67.75962972477447,-13.316728230145543],[-67.753067816083046,-13.311109039105474],[-67.751846991131856,-13.312526115277365],[-67.748255695477496,-13.311444903241181],[-67.74691630631736,-13.309044232220742],[-67.746145130536092,-13.307316204632855],[-67.74270066740138,-13.306279225384799],[-67.742838755047842,-13.304559840985405],[-67.739709717450182,-13.302814018597701],[-67.737983926922823,-13.304817204632855],[-67.736177805584987,-13.30350801578993],[-67.736084662518579,-13.302349218426798],[-67.736294742840812,-13.299737043500045],[-67.735316130536091,-13.296487204632854],[-67.734421306317358,-13.295716232220741],[-67.733650130536091,-13.294821204632854],[-67.732755306317358,-13.294050232220741],[-67.731568850750875,-13.29267321976954],[-67.727658468915024,-13.294109209271539],[-67.726099034344657,-13.293983933880838],[-67.723955116864204,-13.295180049481473],[-67.717761306317357,-13.294050232220741],[-67.71486451627834,-13.292986408246122],[-67.711128218426779,-13.293286581097675],[-67.710138217450208,-13.291067823773403],[-67.705314098065458,-13.292387994549756],[-67.704464218426779,-13.292319764203114],[-67.702486860272472,-13.292478595501905],[-67.703007485272508,-13.285999152997078],[-67.701996130536088,-13.284825204632853],[-67.699435306317355,-13.28405423222074],[-67.696449237225636,-13.28238823222074],[-67.695270306317354,-13.283992204632852],[-67.694175570233369,-13.286445344891604],[-67.691969218426777,-13.286622581097674],[-67.690910275311523,-13.28424926322657],[-67.687017179852546,-13.282512084027303],[-67.686870754071265,-13.280691218426796],[-67.687267730633721,-13.275750466839895],[-67.684888718426691,-13.275559401532234],[-67.68263172770412,-13.275740705121109],[-67.679480522870165,-13.273982477215782],[-67.678224718426691,-13.27444371842671],[-67.67761806828031,-13.275122666302764],[-67.674499605877941,-13.27400383097563],[-67.67195383097561,-13.27321760587796],[-67.66781059147354,-13.271730977459981],[-67.665343927167044,-13.276270074994102],[-67.664268917889615,-13.280890723553682],[-67.6604539161807,-13.28264173185454],[-67.659505605877939,-13.285712605877961],[-67.657092020916991,-13.286820459271439],[-67.647784018719733,-13.298754058758789],[-67.640870484784159,-13.301927125775364],[-67.635550958172871,-13.305642985028328],[-67.634472491620159,-13.305707249676743],[-67.629990845868178,-13.302576788495173],[-67.627807678143597,-13.305020167035195],[-67.620375756268515,-13.303699487835956],[-67.619338777020459,-13.308156830975634],[-67.616849538739189,-13.307328610150364],[-67.615356605877935,-13.305657830975633],[-67.612810830975604,-13.304871605877963],[-67.611560720868169,-13.303472426190467],[-67.605638408124037,-13.302207165082052],[-67.602819508465814,-13.302375147992223],[-67.601026402752836,-13.30140080643946],[-67.59731247550684,-13.301622173749024],[-67.595317830975603,-13.300706605877963],[-67.594279224774368,-13.297343083661133],[-67.590962680829136,-13.293631393475607],[-67.587029928387722,-13.291494288861372],[-67.586158084881788,-13.291546249676742],[-67.582854759930626,-13.288986340619147],[-67.580370605877931,-13.289877605877962],[-67.575325830975601,-13.290663830975632],[-67.571425617596731,-13.291708334881832],[-67.56783350846581,-13.291494288861372],[-67.565411382001002,-13.292810392254921],[-67.553735146161102,-13.293506321454061],[-67.553666407391574,-13.292353218426797],[-67.553717249676708,-13.291501406781208],[-67.55220825065328,-13.288724604535105],[-67.553811612957986,-13.287292072308617],[-67.553666407391574,-13.284856218426796],[-67.553804901776346,-13.282533946209981],[-67.552179168866246,-13.280714605877961],[-67.547003830975598,-13.283999830975631],[-67.545160696454047,-13.286062502484413],[-67.536614718426677,-13.286571840497061],[-67.533919873944342,-13.286411280560515],[-67.531043014081035,-13.28744348063384],[-67.527011830975596,-13.284879605877961],[-67.523673119793841,-13.280599092206103],[-67.519599839276339,-13.282812561932644],[-67.516229605877925,-13.27816883097563],[-67.513683830975594,-13.27654960587796],[-67.508913604413124,-13.27321760587796],[-67.497856830975593,-13.27400383097563],[-67.495404605877923,-13.27488360587796],[-67.491585943524399,-13.276062841839803],[-67.485913368084994,-13.278098261883827],[-67.482029830975591,-13.279001830975631],[-67.481243605877921,-13.280714605877961],[-67.477849171551782,-13.281762872113291],[-67.474579605877921,-13.284046605877961],[-67.47203383097559,-13.285665830975631],[-67.466627465741226,-13.290101515301785],[-67.459047491131855,-13.289649730755912],[-67.454739522625914,-13.296423550091845],[-67.45176036808499,-13.297492458294869],[-67.449149718426668,-13.296934718426712],[-67.449512528973685,-13.299903806195346],[-67.45074962345609,-13.300858624310592],[-67.452484565594659,-13.303734975750956],[-67.448546118817433,-13.304831745526315],[-67.448801753827127,-13.306561705121112],[-67.445807956708052,-13.307787004193358],[-67.447223405926763,-13.311245601483449],[-67.451214728680668,-13.312409381390637],[-67.452140058270516,-13.312272615643565],[-67.453817243573212,-13.316538893475638],[-67.452742030926743,-13.317368842938379],[-67.453677528973515,-13.320728806195348],[-67.454629296551786,-13.323149915814497],[-67.45431468449118,-13.32527878397849],[-67.456522053143601,-13.330329863324209],[-67.455133041913086,-13.332632510418989],[-67.455820226239268,-13.337282240765603],[-67.454227032391657,-13.341334981000045],[-67.455985565350545,-13.342692368329153],[-67.454980718426668,-13.345248718426717],[-67.4572297777529,-13.347765919964843],[-67.460465787518558,-13.349524351239211],[-67.478010036542003,-13.350702366986297],[-67.477668579754891,-13.356431072308624],[-67.47962743131734,-13.358181267132863],[-67.479134057782233,-13.36645910294817],[-67.491132837079135,-13.362905837323297],[-67.495357830975593,-13.364210552044938],[-67.494350543622033,-13.368228414471673],[-67.492905605877922,-13.36984560587797],[-67.489523983807658,-13.372299864666957],[-67.489966718426672,-13.37940171842672],[-67.490596145916982,-13.381492454876991],[-67.497849306317335,-13.384244852826214],[-67.497078130536181,-13.38651323222075],[-67.495350306317334,-13.388950204632863],[-67.494579130536067,-13.391511232220751],[-67.491933704754899,-13.393790491864252],[-67.492116126873896,-13.396061718426722],[-67.49192211271378,-13.398477642132775],[-67.496315496258831,-13.399800355023444],[-67.496129210126014,-13.402116831219757],[-67.498699999432574,-13.405696839886673],[-67.501290718915072,-13.404251393719733],[-67.51162390495017,-13.406136320599558],[-67.51285062760644,-13.411535567914086],[-67.521365896893542,-13.413392938275422],[-67.523734130536184,-13.412336232220753],[-67.525183339032196,-13.409088528729512],[-67.528849474530318,-13.408793948529308],[-67.527297361249055,-13.411575733319353],[-67.529317426922887,-13.413920376141562],[-67.530367218426761,-13.414004672650378],[-67.531583162518587,-13.413906953778337],[-67.53856909586807,-13.415494046551657],[-67.539578416913116,-13.41730321842681],[-67.538586992352521,-13.419080461346653],[-67.542445718426677,-13.421816488080083],[-67.547437210614248,-13.418277356610361],[-67.550224384686487,-13.421512552899458],[-67.551209098065442,-13.421433442303737],[-67.556171508465809,-13.422791541424829],[-67.560032064862298,-13.418310505780312],[-67.565384130536188,-13.417334232220753],[-67.566991560223641,-13.415468523724599],[-67.571534013348582,-13.413800388348648],[-67.574716943768522,-13.415220718426724],[-67.574480628827132,-13.418163164837779],[-67.575827746014625,-13.419323792523471],[-67.576984306317343,-13.420666232220753],[-67.580378130536189,-13.421437204632866],[-67.58297596793841,-13.422391209271439],[-67.585761718426681,-13.422167401532249],[-67.587844218426767,-13.422334672650379],[-67.591124359295918,-13.422071106244175],[-67.591314509442384,-13.424438933148394],[-67.589541130536077,-13.426497232220754],[-67.588610309979515,-13.427299218426811],[-67.589796155438421,-13.428320944989252],[-67.589474425457979,-13.43232609684469],[-67.591207130536077,-13.433099204632811],[-67.592910753827141,-13.435819063519546],[-67.596451003827156,-13.434753205853553],[-67.600308306317345,-13.429767204632867],[-67.602036130536078,-13.428996232220754],[-67.602807306317345,-13.426435204632867],[-67.605368130536078,-13.425664232220754],[-67.607521199627968,-13.423165232220754],[-67.613476661541995,-13.426382633709977],[-67.617224754803715,-13.429073919232394],[-67.616767377606436,-13.434765204632811],[-67.62036213053608,-13.433161232220755],[-67.621133306317347,-13.432266204632867],[-67.622874552899418,-13.430766052166973],[-67.622738498944273,-13.429073004071313],[-67.624496218426771,-13.428931764203128],[-67.626162218426771,-13.429065581097689],[-67.628561364178722,-13.428872888836963],[-67.630296306317348,-13.431982199627953],[-67.628692130536081,-13.435660232220755],[-67.626558584881877,-13.438669383709964],[-67.628630306317348,-13.439825232220755],[-67.630358130536081,-13.440596204632868],[-67.631962306317348,-13.441491232220756],[-67.637490896405211,-13.442333688885697],[-67.638688130536082,-13.445594204632869],[-67.63981377872949,-13.450548785321246],[-67.641156218426772,-13.450656672650382],[-67.643252344159123,-13.450488283001846],[-67.645352130536082,-13.451425204632812],[-67.646770426922842,-13.453071376141565],[-67.653337013104476,-13.453598915692396],[-67.654515130536083,-13.451487232220757],[-67.65528630631735,-13.449759204632812],[-67.660346130536084,-13.448988232220756],[-67.662484150311514,-13.44779526884173],[-67.666115306317351,-13.449821232220756],[-67.668188858075212,-13.45074646012597],[-67.671116560223652,-13.454823909710967],[-67.67322671842669,-13.454654401532252],[-67.676894277508723,-13.454949083417034],[-67.677898107586884,-13.453783879925822],[-67.684236920331102,-13.454933220624071],[-67.685336130536086,-13.453986232220757],[-67.686771509930622,-13.452320232220757],[-67.687009248456036,-13.453973521649459],[-67.685778458416905,-13.45617967008684],[-67.688451339032213,-13.462169908123997],[-67.690303218426777,-13.462318672650383],[-67.695232276288095,-13.461922611249008],[-67.696103306317355,-13.464815232220644],[-67.699380600018571,-13.46580197929103],[-67.699501604657257,-13.46730792777737],[-67.696998130536088,-13.470838721112329],[-67.698891700604463,-13.471594745892617],[-67.702410596844743,-13.471312062787149],[-67.703621456708049,-13.474025617230438],[-67.705097509930624,-13.472312232220759],[-67.708808793377955,-13.473820926190399],[-67.712319148114261,-13.477895426922885],[-67.715795946942308,-13.479172178387671],[-67.71699013053609,-13.478143232220646],[-67.719077104657174,-13.474811232220645],[-67.722133336102502,-13.477170212567387],[-67.721863465252909,-13.480529565716779],[-67.72282113053609,-13.482246204632816],[-67.723601051190371,-13.48483682243068],[-67.72664019962798,-13.483141232220646],[-67.727819130536091,-13.483912204632816],[-67.728691380780219,-13.48963602909572],[-67.734266135663006,-13.494438794720736],[-67.737105372235362,-13.498393002606406],[-67.741949218426782,-13.498003855755826],[-67.74309520353421,-13.500572204632817],[-67.745312130536092,-13.499801232220648],[-67.748298199627982,-13.498135232220648],[-67.751143130536093,-13.498906204632817],[-67.75441330631736,-13.501467232220648],[-67.759379377362336,-13.5029624021426],[-67.760891426922853,-13.504717376141571],[-67.761968266522445,-13.504803808026338],[-67.76340750993063,-13.503133232220648],[-67.767021989666944,-13.504154145306643],[-67.766783437665083,-13.507122317914082],[-67.768636130536095,-13.509735204632818],[-67.771203462567314,-13.51383400797755],[-67.777025107586894,-13.514895899945316],[-67.776590914471683,-13.520298197796876],[-67.779403306317363,-13.52229223222065],[-67.785296130536096,-13.52306320463282],[-67.789703749920932,-13.524681819623083],[-67.791512718426702,-13.524827126873959],[-67.796896306317365,-13.524394560711869],[-67.796125130536097,-13.527290232220651],[-67.79472778117082,-13.528494075848641],[-67.797729306317365,-13.530622232220651],[-67.800290130536098,-13.53139320463282],[-67.803465129559527,-13.532559119915959],[-67.807999041180608,-13.531318364789058],[-67.80768930997948,-13.535172718426736],[-67.807790994549748,-13.536439098065387],[-67.806702766278249,-13.540415879925831],[-67.808558306317366,-13.541451232220652],[-67.809838718426704,-13.541836718426737],[-67.811960265301764,-13.541181564740214],[-67.815298976483405,-13.538849429120148],[-67.81691921842679,-13.538946029461897],[-67.818732661053673,-13.53883793876372],[-67.821453943524432,-13.541883595013701],[-67.823213493329035,-13.54345584183983],[-67.825143873211914,-13.545616333905286],[-67.826082218426791,-13.545560407391633],[-67.827534070721697,-13.545646940960921],[-67.83242123454005,-13.549060695355479],[-67.842384288739311,-13.548466857464859],[-67.843798517743153,-13.550049781170856],[-67.84247966886619,-13.553725068280244],[-67.843598605877958,-13.554724830975545],[-67.844384830975628,-13.557270605877932],[-67.846933453045892,-13.558057644452049],[-67.846840309979541,-13.559619621136733],[-67.847111604413044,-13.560555830975545],[-67.852147431073263,-13.557038256634769],[-67.857395575116243,-13.557351038373042],[-67.861413945965751,-13.571939011883842],[-67.863150718426709,-13.57349071842674],[-67.863681511883783,-13.576721847333033],[-67.861591893963862,-13.579428995648414],[-67.860181528973555,-13.580517630658221],[-67.859455907879919,-13.58229080619526],[-67.85753264591699,-13.583775299237345],[-67.857875933026321,-13.58609807987699],[-67.856956907879919,-13.587288806195261],[-67.856016528973555,-13.588014630658222],[-67.854639313153314,-13.591379576458962],[-67.851173292889655,-13.59279807621482],[-67.850887559247099,-13.594732218426714],[-67.851141770672882,-13.596452416302782],[-67.850292907879918,-13.601449806195262],[-67.849352528973554,-13.602175630658223],[-67.846961111249072,-13.605273756146516],[-67.843628907879918,-13.606637651288054],[-67.861121907879919,-13.606447806195263],[-67.862317718426709,-13.605977718426743],[-67.862952433514636,-13.608828547039991],[-67.859752826825172,-13.609154649457082],[-67.856454789471684,-13.607265756878917],[-67.84361365519436,-13.608068963299843],[-67.844369781659168,-13.608931756878917],[-67.847589725262708,-13.610917961590872],[-67.848534781659225,-13.613096756878917],[-67.854085538983441,-13.615504139081111],[-67.857465127362332,-13.618311345013694],[-67.857863527508812,-13.622221218426716],[-67.857690867108431,-13.623916198529344],[-67.859447569745157,-13.62635723832426],[-67.859356460370066,-13.627251757489205],[-67.860273655194362,-13.628013679974572],[-67.863528781659227,-13.632255756878919],[-67.868959754559626,-13.633223590619082],[-67.870269655194363,-13.635510679974573],[-67.871025781659171,-13.63725375687892],[-67.87194297648341,-13.638015679364287],[-67.871851257000912,-13.638916502972677],[-67.873601655194364,-13.639675679974573],[-67.874357781659171,-13.64391775687892],[-67.875440518963842,-13.64481715690323],[-67.87753888175672,-13.64965571549709],[-67.880353103924733,-13.651391572796854],[-67.879946162274393,-13.655382590497084],[-67.882704051190387,-13.656418959637733],[-67.885047473797897,-13.656180102582084],[-67.887685781659172,-13.658078756878922],[-67.891267722332998,-13.658873015057623],[-67.892683781659173,-13.660577756878922],[-67.898400081463876,-13.662255247235294],[-67.90075692643461,-13.666370218426721],[-67.899347781659174,-13.668830679974576],[-67.89826382413969,-13.671329679974576],[-67.896372694500997,-13.670319443768506],[-67.893960533123959,-13.666408756878923],[-67.889351781659173,-13.667164679974576],[-67.887366492108356,-13.669554470745993],[-67.880191018719756,-13.668823053631741],[-67.878972634198192,-13.672974529583996],[-67.875572708905167,-13.671027270062552],[-67.871935655194363,-13.673905756878924],[-67.868460890057634,-13.674925449750049],[-67.868682562420872,-13.677100279339868],[-67.86769378165917,-13.678826679974577],[-67.86731571842671,-13.680114718426751],[-67.867780416912979,-13.68138028458884],[-67.866097130536104,-13.682830509930682],[-67.869372593915045,-13.685564706341836],[-67.870260096844675,-13.685493425458048],[-67.871033306317372,-13.687226232220667],[-67.872893117108276,-13.690559859173845],[-67.870570234784168,-13.692561113202203],[-67.876971278485314,-13.697855828778302],[-67.880258130536106,-13.696389232220668],[-67.883106315350574,-13.69480010575586],[-67.884485971600554,-13.697272871136761],[-67.88421569401271,-13.700637816937501],[-67.890850815594717,-13.700104684735379],[-67.895202305096689,-13.702046351605418],[-67.896111975262727,-13.704084822186474],[-67.899802718426713,-13.703788309979529],[-67.901066454266584,-13.703889791180643],[-67.90600181657129,-13.702813358319304],[-67.906852306317376,-13.704719232220668],[-67.912102890790095,-13.705676999188483],[-67.911804141522452,-13.709395908978536],[-67.913637107586908,-13.711523556927716],[-67.920984427899441,-13.710191387372106],[-67.921111126873939,-13.711768718426754],[-67.920874811932549,-13.714711164837809],[-67.923117566815336,-13.716643476727484],[-67.921782855145523,-13.71819274284087],[-67.918509425458012,-13.71965334000879],[-67.918632057049763,-13.72118043888571],[-67.917292464520415,-13.722735399334852],[-67.915244130536109,-13.72387823222067],[-67.912791091961878,-13.724972764935558],[-67.912636734784201,-13.726894704998983],[-67.919895589520479,-13.730944598065435],[-67.922395199627942,-13.728043232220671],[-67.927118244549831,-13.729033334881876],[-67.931071130536111,-13.733812204632841],[-67.93216200260639,-13.736256600018578],[-67.937786379559611,-13.737534368329079],[-67.940681746014661,-13.74002879252339],[-67.942499866131868,-13.742139154095753],[-67.948307275311549,-13.744342963788085],[-67.951750518231393,-13.748339675824241],[-67.956894130536114,-13.751305204632843],[-67.959422415692359,-13.753097801922877],[-67.961056486737334,-13.752966527142519],[-67.963629309735381,-13.757429056195292],[-67.967640562664997,-13.760273173626899],[-67.972004050946282,-13.761586938275343],[-67.971804545819282,-13.764069668744185],[-67.976103159344689,-13.763724347943366],[-67.978494170331032,-13.766499726605446],[-67.984771972333021,-13.765995269452162],[-67.98919606461817,-13.767327337323252],[-67.989450682782206,-13.770495218426731],[-67.989182845623986,-13.773827218426732],[-67.989457190594749,-13.777240159344728],[-67.987653306317384,-13.778794204632845],[-67.986204911297818,-13.780475355633826],[-67.983488306317383,-13.781293204632846],[-67.983102718426721,-13.781740718426761],[-67.981799528973568,-13.782103630658241],[-67.980055841961814,-13.783155455853432],[-67.97647146085842,-13.782625780926764],[-67.973576907879931,-13.786375806195281],[-67.968471528973566,-13.787101630658242],[-67.967480104413141,-13.789524265545936],[-67.964413907879873,-13.791373806195281],[-67.958475528973565,-13.792099630658242],[-67.957749907879872,-13.793872806195282],[-67.956264092938454,-13.796335809857453],[-67.958305105633769,-13.801322319500969],[-67.961565519696308,-13.802230261029251],[-67.962037946209989,-13.805427630658244],[-67.960141528973566,-13.804701806195283],[-67.959118785565465,-13.802202806195282],[-67.954513288006865,-13.803266630169958],[-67.952966258954064,-13.807046042279296],[-67.950615718426718,-13.807393396771488],[-67.948497425458015,-13.80708041166406],[-67.946087907879871,-13.808866806195283],[-67.944314528973564,-13.809592630658244],[-67.943166306805551,-13.812398413006804],[-67.93966551041882,-13.811881143597645],[-67.93773675748929,-13.813044618451158],[-67.936060995770561,-13.812796914837918],[-67.93442590787987,-13.815530806195284],[-67.93115715568257,-13.816868670086876],[-67.930623718426716,-13.817559718426764],[-67.928816376874011,-13.821529077313471],[-67.928252434247099,-13.825345299237313],[-67.929552573163107,-13.826348824261686],[-67.929170645916997,-13.828933137616218],[-67.931339374432639,-13.830607069012729],[-67.932027168866227,-13.835261781903341],[-67.928957718426716,-13.835715396771491],[-67.926042218426687,-13.8352845592471],[-67.923126718426715,-13.835715396771491],[-67.916344764325117,-13.834713193646451],[-67.914414181073255,-13.837214329022515],[-67.9101792220888,-13.835979573285158],[-67.907983242108344,-13.838824402508806],[-67.90266452897356,-13.839580528973613],[-67.901938907879924,-13.84135390787992],[-67.90099852897356,-13.842079528973613],[-67.900635718426713,-13.842549718426767],[-67.898159292401374,-13.841941441327151],[-67.896470718426713,-13.842319911297864],[-67.893722794598659,-13.841703906170949],[-67.893138718426712,-13.842549718426767],[-67.890023306561488,-13.842133015057641],[-67.885468041180616,-13.83965760587796],[-67.883484581952189,-13.840464574627958],[-67.88367839274315,-13.843717667401279],[-67.881184883709977,-13.843866330243202],[-67.88010682389546,-13.842902970624039],[-67.880305515545899,-13.839570970624038],[-67.87844082389546,-13.837904970624038],[-67.878632194256795,-13.834693568524415],[-67.876050219647482,-13.833767018719698],[-67.873204882001005,-13.836951576092815],[-67.871040830975517,-13.837944830975573],[-67.869719745038083,-13.839423324627887],[-67.867668767254827,-13.840537990887697],[-67.86379539860252,-13.840306963543981],[-67.860613281659141,-13.842036211346681],[-67.856298398602519,-13.842293473309553],[-67.852981041180612,-13.84049060587796],[-67.847656430340805,-13.841653877362319],[-67.846050830975628,-13.844608830975574],[-67.8447718424502,-13.848750646893563],[-67.838573354412972,-13.849120168622051],[-67.831924810467797,-13.847938797284144],[-67.830371883709972,-13.848031330243202],[-67.828626773114195,-13.846472099041989],[-67.827410829022483,-13.843822605877961],[-67.824392830975626,-13.844608830975574],[-67.822554984051806,-13.846665503094755],[-67.81862609562404,-13.844166706463909],[-67.817711747967792,-13.839267950604381],[-67.81525321842679,-13.837932018719698],[-67.813610605877955,-13.83882460587796],[-67.809398830975624,-13.839610830975573],[-67.808439538739208,-13.843733733563454],[-67.805562475506861,-13.843905173749079],[-67.803567830975624,-13.84298960587796],[-67.802779368817369,-13.842107187176794],[-67.801155669598643,-13.842203990887697],[-67.799449605877953,-13.841276830975573],[-67.797733983807575,-13.840489385663091],[-67.797974569500923,-13.836454846966774],[-67.795020225995074,-13.834849450970751],[-67.791905830975622,-13.836278830975573],[-67.790414321698279,-13.83952846647361],[-67.786669278973648,-13.836912529217727],[-67.783575830975622,-13.83549260587796],[-67.782396493329145,-13.834172841839859],[-67.781076830975621,-13.832993605877959],[-67.780242204022443,-13.826753833905286],[-67.774428693768471,-13.828839791180656],[-67.770967757733445,-13.826422240521538],[-67.767244475506857,-13.826200263104454],[-67.76524983097562,-13.827115830975572],[-67.762877123211922,-13.828405089642615],[-67.761471842450192,-13.823853688275335],[-67.760275218426784,-13.823782407391491],[-67.757344262372101,-13.823957101483415],[-67.755253830975619,-13.822997605877958],[-67.752276913494995,-13.821380007733353],[-67.749422830975618,-13.820498605877958],[-67.746357041180602,-13.818832605877958],[-67.745257830975618,-13.819618830975571],[-67.744387004315399,-13.821515858319344],[-67.741092830975617,-13.820498605877958],[-67.739284269208042,-13.819515926190434],[-67.735261830975617,-13.820451830975571],[-67.734300098309575,-13.822547346600629],[-67.731411239666954,-13.820977540204069],[-67.726978605877946,-13.822164605877958],[-67.722766830975615,-13.822950830975572],[-67.720708531903256,-13.824069259564453],[-67.715598272137697,-13.822880261883768],[-67.713740495038053,-13.818832605877958],[-67.709617592450115,-13.82006237907126],[-67.708652605877944,-13.822164605877958],[-67.707772830975614,-13.822950830975572],[-67.706284168866262,-13.824616830975572],[-67.703227123944373,-13.823313031415069],[-67.701166791180697,-13.82147223563868],[-67.7010825963564,-13.820058718426765],[-67.701250375897416,-13.817243581097557],[-67.699489605877943,-13.816286830975571],[-67.696943830975613,-13.815500605877958],[-67.695465133954144,-13.813845791180654],[-67.693635218426778,-13.813736785321282],[-67.690325385663073,-13.813934053387698],[-67.68914747160062,-13.811367433148462],[-67.687782051190482,-13.8112860854921],[-67.686904716717663,-13.813197653729503],[-67.682806218426776,-13.81295340739149],[-67.679813438153303,-13.813131762127966],[-67.676873330487354,-13.812076784710825],[-67.673754461346732,-13.812262664105447],[-67.670967490643591,-13.810316014691409],[-67.665868212811517,-13.810619949872091],[-67.662790830975609,-13.809669605877957],[-67.661171605877939,-13.80545783097557],[-67.658864382977583,-13.802154709393562],[-67.655956611004854,-13.79222104203518],[-67.653805168866199,-13.794628830975569],[-67.64858671671783,-13.79368407963284],[-67.648709144940483,-13.79163106815821],[-67.646177605877938,-13.788797830975568],[-67.643033518963819,-13.787354723553733],[-67.641289018475618,-13.779856401654342],[-67.639553466229415,-13.777914022992206],[-67.637824218426772,-13.778017029461921],[-67.636574718426687,-13.777942596356468],[-67.633835946210013,-13.778105800091794],[-67.631914921307668,-13.776389364544968],[-67.632061957196299,-13.773922090130839],[-67.628443410077182,-13.771117833050766],[-67.622398262372087,-13.77147810148341],[-67.620007048016589,-13.770380619916068],[-67.617117579266562,-13.767146643841841],[-67.611584718426684,-13.766746718426759],[-67.610391144940479,-13.767852538128864],[-67.613683081219733,-13.772145355633825],[-67.614484355633806,-13.774676081219695],[-67.618619867108407,-13.780686147748042],[-67.612901736981428,-13.785984320599596],[-67.616777749432515,-13.787813524334922],[-67.619291798748975,-13.790143016156264],[-67.621104834637663,-13.793569277752908],[-67.621183741864286,-13.79555893974026],[-67.619049992840871,-13.797535992840778],[-67.617848081219734,-13.798833081219698],[-67.615316135418936,-13.799634762372079],[-67.615429412030323,-13.802495556073211],[-67.614516081219733,-13.806330081219699],[-67.613210654706052,-13.807539720868135],[-67.614083718426684,-13.813394718426764],[-67.61952913053608,-13.814613204632849],[-67.620668607831078,-13.818397497601609],[-67.625147609784221,-13.815898599286186],[-67.626964306317348,-13.81800723222068],[-67.628754158124025,-13.819549278729482],[-67.630681690838912,-13.821786644330075],[-67.632160997967787,-13.823061158734333],[-67.636023384686496,-13.822750817425685],[-67.636964170330998,-13.82384280802637],[-67.640188384686496,-13.823583817425686],[-67.642633491864217,-13.826421833783229],[-67.644517706952172,-13.826270425458063],[-67.645290306317349,-13.828836232220681],[-67.646309185711914,-13.831610695721679],[-67.647851130536083,-13.832939204632851],[-67.649204755536175,-13.834510332928744],[-67.652016130536083,-13.836271204632851],[-67.653430969647445,-13.840970557049786],[-67.659254648358399,-13.847771221112282],[-67.663632575848681,-13.845328554364301],[-67.667107340985297,-13.853360821942374],[-67.669645997967791,-13.855548057049816],[-67.671618475262733,-13.855389632489221],[-67.672779306317352,-13.857991130536163],[-67.674645624920856,-13.85959917033108],[-67.674015790692351,-13.867438847333062],[-67.677006130536085,-13.871257306317432],[-67.677777306317353,-13.875484130536165],[-67.67893895084859,-13.878647537518589],[-67.681749715741148,-13.879587306317433],[-67.685881566571254,-13.876657570477562],[-67.691938306317354,-13.878984926922897],[-67.690272306317354,-13.880420306317433],[-67.689181434247075,-13.881686279217718],[-67.690334130536087,-13.883752306317433],[-67.691105306317354,-13.886313130536166],[-67.692749545819368,-13.887729799969748],[-67.693687891034187,-13.889832636883796],[-67.695336808026411,-13.891253170331083],[-67.695140353436557,-13.893698277508804],[-67.696165130536087,-13.894581306317434],[-67.697719277508725,-13.896385190594685],[-67.699882718426693,-13.896211309979435],[-67.702244037518597,-13.896401053387706],[-67.704161198407235,-13.898626318524407],[-67.706932306317356,-13.897080306317434],[-67.710006637616232,-13.896154569989221],[-67.712551599042001,-13.89635915934474],[-67.714429306317356,-13.901307130536168],[-67.71865613053609,-13.902078306317435],[-67.720125065838829,-13.903783149823198],[-67.724771237225639,-13.904577306317435],[-67.728390191082951,-13.900376716717744],[-67.736458454999024,-13.901470435956014],[-67.738237731610297,-13.903535446210014],[-67.735817028729514,-13.914633096844739],[-67.738648130536092,-13.917072306317436],[-67.739419306317359,-13.917967130536169],[-67.740314130536092,-13.918738306317437],[-67.741868277508729,-13.920542190594688],[-67.745094728924812,-13.920282894940328],[-67.74691630631736,-13.92129913053617],[-67.752268371991136,-13.922275505780306],[-67.75358030631736,-13.92379813053617],[-67.756974130536094,-13.924569306317437],[-67.761720562909204,-13.927217375897499],[-67.763607218426785,-13.927065662518601],[-67.764998873456022,-13.92717751554585],[-67.7681887184267,-13.926682718426775],[-67.770044665204125,-13.930657161542001],[-67.765682803875961,-13.93366885514547],[-67.763269422284168,-13.937896899579073],[-67.757253559735261,-13.939440878094672],[-67.758965317792047,-13.943516192303719],[-67.757019481854513,-13.946334481854535],[-67.755693718426699,-13.946674718426777],[-67.756811841961792,-13.949864970135707],[-67.75436653141503,-13.952130502362309],[-67.745265355633819,-13.96206935563373],[-67.744864718426697,-13.964167718426779],[-67.745235053631859,-13.964630383221674],[-67.752398934979453,-13.965672853436558],[-67.754382800946246,-13.96815029630767],[-67.75689705363186,-13.969628383221675],[-67.761062053631861,-13.971383255536182],[-67.759081644940409,-13.973372205731494],[-67.751188685223667,-13.971883746991239],[-67.750687176922838,-13.975915133465833],[-67.752534378827136,-13.980298958661137],[-67.753747882489165,-13.981270656415006],[-67.750120997235342,-13.982055457928766],[-67.750647113202206,-13.986284112469775],[-67.749862718426698,-13.988324718426782],[-67.7519319994326,-13.988766842938446],[-67.753674466229427,-13.988662921307593],[-67.755946302899417,-13.991205645672892],[-67.756961928387739,-13.991266249676812],[-67.760032395672795,-13.989597605877975],[-67.76529660587795,-13.990383830975588],[-67.769606608075208,-13.99130468644438],[-67.771293758465845,-13.991204018719714],[-67.774631046063462,-13.994939096356404],[-67.781946844159222,-13.997105587811518],[-67.783445267987361,-13.995428605877976],[-67.787318433270514,-13.996296382000992],[-67.791119605877952,-13.998713830975589],[-67.791905830975622,-13.999593605877976],[-67.794451605877953,-14.001212830975589],[-67.797736830975623,-14.003758605877977],[-67.800405237469761,-14.004582657635694],[-67.801901830975623,-14.006257605877977],[-67.807779605877954,-14.01120883097559],[-67.809864953045803,-14.014487751629872],[-67.81398175455962,-14.016377050946232],[-67.815229830975625,-14.020418605877978],[-67.819270572430639,-14.021666478924828],[-67.819568101483412,-14.02665817448144],[-67.818607385663086,-14.028751453045857],[-67.814458248456049,-14.028504156170925],[-67.814365652952688,-14.03005808210321],[-67.814354288395748,-14.030060206629969],[-67.810178706107536,-14.03061164508415],[-67.807070293675395,-14.031376264838514],[-67.805428377278133,-14.031814381039339],[-67.803965165056525,-14.032312051795145],[-67.801217713805386,-14.033412003025944],[-67.79976566839332,-14.03443224907511],[-67.798668333772184,-14.035490551988573],[-67.79693911633683,-14.037309505952464],[-67.795841292845239,-14.038313728753849],[-67.793806956932258,-14.039687993033908],[-67.79229013915068,-14.040421041137449],[-67.789487018699447,-14.041684257137774],[-67.78675456038934,-14.043486909100693],[-67.785424403660215,-14.044666958170183],[-67.784327780421165,-14.045770286348784],[-67.782413604601516,-14.047214238652884],[-67.781249050301255,-14.047922270929689],[-67.778701473015417,-14.05005475801056],[-67.777603481541121,-14.051058941767167],[-67.77563087399102,-14.052549087581212],[-67.774235960831845,-14.053505022387981],[-67.772894966769286,-14.05421650333875],[-67.768928177830162,-14.056223608873495],[-67.767645739216562,-14.056933918460288],[-67.765543549263782,-14.057903723535048],[-67.761976622312204,-14.059307935191327],[-67.759633384036363,-14.06005707216832],[-67.757996558596631,-14.060720213564139],[-67.756357080542841,-14.061275223743735],[-67.753778708190282,-14.06208301476704],[-67.750092276813291,-14.063498447027428],[-67.748635719706272,-14.064275197786799],[-67.747114988164526,-14.064881920480047],[-67.744772649905542,-14.065685013110908],[-67.742958946619126,-14.066360552765275],[-67.741029667487055,-14.067155534119252],[-67.737400598694535,-14.06845250291758],[-67.732763325105054,-14.069534734217257],[-67.729656446015838,-14.070397711656994],[-67.728020826828924,-14.071195894281686],[-67.726742289826404,-14.072032178245365],[-67.724997460562236,-14.073166029194681],[-67.72359437121645,-14.073770343208992],[-67.721609552129337,-14.074737572511594],[-67.71893065128728,-14.076358375882421],[-67.709879297746852,-14.080645410412899],[-67.707655402938542,-14.081436904864006],[-67.705725262218834,-14.082231690031449],[-67.704022669973313,-14.082625375938107],[-67.701848572993754,-14.083010176769278],[-67.700030208653288,-14.08351426829995],[-67.696802603600929,-14.084334175950175],[-67.692392754823913,-14.08500567135178],[-67.691934494127793,-14.085048019875273],[-67.692819301434497,-14.085353762372108],[-67.692750969403335,-14.087076298993111],[-67.694916444012733,-14.091168492840723],[-67.696169604657257,-14.093823883709945],[-67.698617355633814,-14.096091652997075],[-67.697085375897416,-14.097918517987353],[-67.694484081219741,-14.097815409833004],[-67.69608520646392,-14.102938481854437],[-67.704548006512653,-14.102037963299779],[-67.706233529950225,-14.10021882633697],[-67.711128218426779,-14.100412840497086],[-67.712807844159215,-14.100346135418988],[-67.715958642254918,-14.102013355633744],[-67.719635352948217,-14.101175271405225],[-67.72279021842678,-14.099506017499039],[-67.725954642254919,-14.101180355633744],[-67.726971081219745,-14.100379081219728],[-67.729967928875965,-14.096293395184546],[-67.73280106437403,-14.096181135418988],[-67.734003992840712,-14.097479444012663],[-67.735301081219745,-14.098681355633744],[-67.736906883954134,-14.100414467450207],[-67.740840246502955,-14.100258686688505],[-67.741944134198263,-14.103745043866184],[-67.743627827313503,-14.103678135418988],[-67.746270812665045,-14.104604481854437],[-67.751513465741198,-14.104396841961886],[-67.7535500043154,-14.108712131756874],[-67.754980299481417,-14.108655391766604],[-67.759681177166954,-14.109552859784174],[-67.763158992840715,-14.113306444012665],[-67.764456081219748,-14.114508355633745],[-67.766035445965827,-14.117854794842799],[-67.768621081219749,-14.118673355633746],[-67.769422355633822,-14.11953808121973],[-67.7703202303897,-14.120370064374015],[-67.770254135418952,-14.122036471112324],[-67.777491636395439,-14.126291156903278],[-67.77862379240139,-14.12952147233301],[-67.777752355633822,-14.131168355633747],[-67.77695108121975,-14.132866081219731],[-67.775857565350577,-14.134932718426796],[-67.77695108121975,-14.136999355633748],[-67.777752355633822,-14.138697081219732],[-67.781074187176728,-14.141775073163103],[-67.781117301434506,-14.142859844159148],[-67.780051647137611,-14.144873808758803],[-67.78278208121975,-14.146162355633749],[-67.784100726727559,-14.150327355633749],[-67.787780081219751,-14.149526081219733],[-67.790006159833013,-14.14834816715728],[-67.791080355633824,-14.152858081219733],[-67.797707749188476,-14.154436835858405],[-67.802065543133665,-14.15798318693254],[-67.806105064374037,-14.157823135418994],[-67.808054357586968,-14.1599269891787],[-67.813265691815388,-14.161576923016639],[-67.815270301434509,-14.164489982586929],[-67.81502666520413,-14.170638441815413],[-67.816173057049753,-14.173067482831016],[-67.818601081219754,-14.175317355633752],[-67.819410083661126,-14.176190419354441],[-67.823429471356405,-14.17478168131737],[-67.824455061932611,-14.178021351727466],[-67.826931081219755,-14.180315355633752],[-67.830581557293954,-14.185968407635755],[-67.836927081219756,-14.186979355633753],[-67.838563592694356,-14.187845301434606],[-67.841009716717679,-14.187748294354549],[-67.841925081219756,-14.189478355633753],[-67.842726355633829,-14.192842081219737],[-67.844424081219756,-14.195309355633754],[-67.845225355633829,-14.197007081219738],[-67.846923081219757,-14.199474355633754],[-67.850677885663117,-14.205289086102596],[-67.859008089032159,-14.205619154217686],[-67.864164513592812,-14.202070972821332],[-67.870755707440424,-14.200343962079103],[-67.874380355633832,-14.202838081219738],[-67.882501902264607,-14.204601088299796],[-67.883825835370146,-14.219857231122091],[-67.882710355633833,-14.221965355633756],[-67.882309718426711,-14.224896718426805],[-67.878827632000934,-14.225502758465836],[-67.876570844647404,-14.228320844647499],[-67.875183053631872,-14.229432053631797],[-67.87342248698144,-14.231630880780244],[-67.868602028241185,-14.234558786297896],[-67.86731571842671,-14.239057718426807],[-67.864186274090855,-14.241322437176734],[-67.859534204999022,-14.240103442547877],[-67.858553355633831,-14.241957355633758],[-67.857583894940433,-14.248042973797908],[-67.845986362958001,-14.258744868084932],[-67.842726355633829,-14.26028335563376],[-67.838593081219756,-14.263647081219744],[-67.835556779950196,-14.265080020184485],[-67.834100656903274,-14.269679416668964],[-67.830438182049818,-14.271407850995104],[-67.82819644401269,-14.276157944012709],[-67.826899355633827,-14.278609355633762],[-67.825980127118157,-14.282468691815438],[-67.821801094647469,-14.284440965741226],[-67.822060593670926,-14.290987011639686],[-67.819499769452193,-14.295826180340839],[-67.821104351971655,-14.301949218426785],[-67.820235355633827,-14.305265355633765],[-67.819834718426705,-14.314860718426814],[-67.820398661053673,-14.318495738446302],[-67.8194491305361,-14.32780313053604],[-67.818554306317367,-14.329407306317421],[-67.818168718426705,-14.337351718426703],[-67.8211151305361,-14.336966130536041],[-67.82402554630761,-14.33490274723539],[-67.832454790448253,-14.334225324627937],[-67.834381306317368,-14.335300130536041],[-67.836961247235365,-14.336451403241199],[-67.838857867840829,-14.339850718426703],[-67.836974669598646,-14.343226036053636],[-67.836381848553685,-14.350603251629934],[-67.837944130291987,-14.354856920575173],[-67.837650465252921,-14.358511464032176],[-67.838608130536102,-14.360228306317424],[-67.839445604657158,-14.363913965252948],[-67.841107130536102,-14.366892306317425],[-67.842038764569338,-14.369986161053703],[-67.844439130536102,-14.371057306317425],[-67.84604330631737,-14.373618130536045],[-67.84955305094627,-14.374674836590771],[-67.849265080243185,-14.37825820084862],[-67.850434452801778,-14.385932132001017],[-67.855151600018587,-14.388037002606495],[-67.856039306317371,-14.391944130536046],[-67.857539560467785,-14.397426149090791],[-67.85270730631737,-14.400212306317428],[-67.851936130536103,-14.401107130536047],[-67.850362053387641,-14.40246339933492],[-67.850083437665091,-14.405929216229538],[-67.851958094403358,-14.408573218426795],[-67.85020830631737,-14.411041306317429],[-67.849437130536103,-14.412769130536049],[-67.84749271818265,-14.415511563397388],[-67.848663107586901,-14.418698967938496],[-67.848414997235352,-14.421788145184564],[-67.850655718426708,-14.421968126874049],[-67.853209831463857,-14.42176292741118],[-67.856039306317371,-14.424200509930699],[-67.854435130536103,-14.42859613053605],[-67.853092690838821,-14.431002190838853],[-67.851434622235331,-14.434718355145549],[-67.845376662274418,-14.439937620770479],[-67.844439130536102,-14.446089130536052],[-67.843544306317369,-14.447693306317433],[-67.842773130536102,-14.451920130536053],[-67.841713984051637,-14.454804718426715],[-67.842777197918963,-14.457700288250919],[-67.842708662518589,-14.4585532184268],[-67.842920369793944,-14.46118705216702],[-67.837745031903353,-14.465645920575184],[-67.835847597821328,-14.471948126874054],[-67.834443130536101,-14.473578130536055],[-67.828550306317368,-14.474349306317436],[-67.827779130536101,-14.483574130536056],[-67.824385306317367,-14.484345306317437],[-67.823069507977493,-14.485872608563511],[-67.816599928875974,-14.490376828290039],[-67.815172277508736,-14.492034083417025],[-67.812196986981462,-14.491794921307644],[-67.809648161542043,-14.492932161542001],[-67.80837283366111,-14.495790311444352],[-67.803773437176744,-14.499051742352492],[-67.799009718426703,-14.501177356610356],[-67.795225628827154,-14.506009000653364],[-67.795294774334991,-14.506867218426805],[-67.795227662518585,-14.507700218426805],[-67.795395035321235,-14.50978271842672],[-67.795003142987355,-14.514660934002961],[-67.801204884930655,-14.520003848065471],[-67.800228306317365,-14.522663306317327],[-67.799457130536098,-14.52522413053606],[-67.798503329266566,-14.527821967938507],[-67.798693682782186,-14.530191218426808],[-67.798392493084918,-14.533939718426723],[-67.798628604657267,-14.536878402508762],[-67.797729306317365,-14.538490306317328],[-67.797343718426703,-14.543102718426724],[-67.797572510061229,-14.543260677325748],[-67.799793909832999,-14.544794342938417],[-67.799158584637723,-14.547628291913099],[-67.801321008709863,-14.549121428143565],[-67.803702664715786,-14.552570772137642],[-67.805673718426704,-14.553931718426725],[-67.804964570233381,-14.554785462079053],[-67.799514480633832,-14.554229857586961],[-67.794866478924803,-14.557158779950157],[-67.790785470379831,-14.554821458416939],[-67.788635655194355,-14.556052655194378],[-67.785149704754929,-14.557564704754896],[-67.780683718426701,-14.56012247843654],[-67.777806655194354,-14.558474781659186],[-67.776518718426701,-14.558096718426725],[-67.774467130536095,-14.559864199627953],[-67.775536445477485,-14.566119631024378],[-67.776908170331012,-14.567711808026388],[-67.778541021161118,-14.567580634930607],[-67.781069306317363,-14.569373130536064],[-67.784013684735328,-14.570259819989303],[-67.786189937909171,-14.573734178387724],[-67.790960774579105,-14.57335082755759],[-67.792022971600545,-14.575254972821313],[-67.791776894940426,-14.578319339032191],[-67.798237119061525,-14.579787054120061],[-67.801123130536098,-14.583472306317333],[-67.801894306317365,-14.585200130536066],[-67.802789130536098,-14.586804306317333],[-67.80379296061426,-14.593390822674735],[-67.811057306317366,-14.601860130536068],[-67.811504718426704,-14.60224571842673],[-67.810308907879914,-14.604381907879883],[-67.80603652897355,-14.605940528973576],[-67.804276572430638,-14.607002319256765],[-67.800675718426703,-14.60641071842673],[-67.798607454266573,-14.606861791180677],[-67.797056967938431,-14.60673732926665],[-67.794459130536097,-14.607691130536068],[-67.786393307049821,-14.608920293621964],[-67.78112197892483,-14.611861418133799],[-67.769082729168929,-14.610677402997112],[-67.766484485028286,-14.612127221600588],[-67.758699107586892,-14.610429089276408],[-67.754554851239277,-14.612741193036072],[-67.750882614667034,-14.611392652264669],[-67.746145130536092,-14.612689130536069],[-67.741918306317359,-14.613460306317336],[-67.738256034833,-14.614462509442433],[-67.733910646405263,-14.614113324627965],[-67.73122597037991,-14.615611138348584],[-67.717765983807567,-14.61428761198141],[-67.71699013053609,-14.615188130536069],[-67.713376464276337,-14.616009131756869],[-67.706397852215844,-14.620957306317337],[-67.702767306317355,-14.620186130536069],[-67.70029291398339,-14.61927747721586],[-67.698664130536088,-14.620186130536069],[-67.693896344403356,-14.621995505780262],[-67.689257494305593,-14.624583784832964],[-67.676187569745139,-14.627621306317337],[-67.671946306317352,-14.62685013053607],[-67.668616340008782,-14.625627475262604],[-67.660731718426689,-14.626402718426732],[-67.660347757489262,-14.626864976483375],[-67.658149540448221,-14.626640863690454],[-67.653393346356495,-14.628428071698238],[-67.648449035809563,-14.629309270184592],[-67.644910819500979,-14.633568836834854],[-67.641429953290071,-14.633213957684518],[-67.640203027264704,-14.637394210370132],[-67.637565126141624,-14.638538365155171],[-67.63619665519434,-14.640185655194387],[-67.632802220868143,-14.643005368329113],[-67.630365655194339,-14.647259647381873],[-67.631121781659203,-14.651847655194388],[-67.634390940594699,-14.654563243329108],[-67.634762902752925,-14.658213922772461],[-67.633697655194339,-14.661843655194389],[-67.631281019696303,-14.665201686444334],[-67.631070532635704,-14.667267103436529],[-67.633697655194339,-14.673428781659197],[-67.634453781659204,-14.67600465519439],[-67.636221262860374,-14.678460744305596],[-67.635286781659204,-14.680092781659198],[-67.634530655194339,-14.682668655194391],[-67.630743718426686,-14.683046718426738],[-67.629910718426686,-14.683046718426738],[-67.629448053631847,-14.683417053631842],[-67.628704332684606,-14.837407353436561],[-67.624075854413036,-14.837983091473632],[-67.619516318280319,-14.836681122235404],[-67.618153745038057,-14.83685073209864],[-67.612880383221693,-14.835856053631858],[-67.606641017987329,-14.835075726239268],[-67.603264683514624,-14.833091046795914],[-67.599597937909152,-14.833547203778323],[-67.592438937420923,-14.83199834440336],[-67.590932378827119,-14.830791958661109],[-67.589417075360359,-14.827195782147385],[-67.575968884198176,-14.825515546307656],[-67.573073770539679,-14.830636609149281],[-67.572896383221689,-14.830950383221705],[-67.57243371842668,-14.831320718426753],[-67.570297528973526,-14.8366815289736],[-67.569958841332038,-14.837898070681547],[-67.569879952513872,-14.837958956535658],[-67.569382718426766,-14.838342718426645],[-67.568226158123991,-14.842183954754773],[-67.565988690838878,-14.846194394207998],[-67.564371906170948,-14.849817618817326],[-67.55566913053616,-14.861281130536156],[-67.551442306317426,-14.866217306317424],[-67.544007130536158,-14.875442130536157],[-67.538947306317425,-14.881211306317425],[-67.537343130536158,-14.883772130536158],[-67.535697060711868,-14.885190426922861],[-67.535610832196255,-14.886263402508746],[-67.538309133954101,-14.89109952067281],[-67.534844130536158,-14.895523612957959],[-67.536034246747079,-14.899242421063491],[-67.538114306317425,-14.901034509930696],[-67.537343130536158,-14.90376413053616],[-67.534874025799809,-14.905891371747032],[-67.53458849552635,-14.909445450848636],[-67.539265985760778,-14.9130637945986],[-67.538884465252977,-14.917812464032181],[-67.539842130536158,-14.919529306317429],[-67.541197789227567,-14.924031492352583],[-67.543112306317425,-14.927088130536163],[-67.545673130536159,-14.92785930631743],[-67.546701161541989,-14.930163071942331],[-67.54961442448149,-14.931463007489299],[-67.553587850751001,-14.933951839032261],[-67.555261985516495,-14.936952347333033],[-67.555671774334996,-14.942051218426741],[-67.555592257000967,-14.943040812665004],[-67.558939306317427,-14.945414130536165],[-67.561243275311483,-14.946442364911036],[-67.562528161542048,-14.949322071942333],[-67.564832130536161,-14.950350306317432],[-67.565988690838878,-14.95169254264556],[-67.567927815594771,-14.953363423504925],[-67.570666181073193,-14.960579367352523],[-67.572329130536161,-14.962012306317433],[-67.573129591473673,-14.967264517743217],[-67.578160130536162,-14.969509306317434],[-67.578931306317429,-14.972070130536167],[-67.580945474286125,-14.977554996258732],[-67.577037736249054,-14.98227926139549],[-67.578160130536162,-14.985336306317436],[-67.578959777997113,-14.98972013151274],[-67.583748714520539,-14.993115582684595],[-67.588025364178748,-14.992771888836899],[-67.589238867840834,-14.994946718426661],[-67.58809430631743,-14.996998306317437],[-67.587323130536163,-14.99872613053617],[-67.58392930631743,-15.001163306317437],[-67.582168332928632,-15.003974681317345],[-67.578623812176772,-15.007028472333047],[-67.577069055096729,-15.012708572430711],[-67.579687839520545,-15.017401925458046],[-67.57681769083888,-15.019874894208044],[-67.575661130536162,-15.021217130536172],[-67.572075935956093,-15.02346273258695],[-67.569830130536161,-15.027048130536173],[-67.565768035321298,-15.029592278485268],[-67.564832130536161,-15.033712130536173],[-67.563489690838878,-15.036118394208017],[-67.56233313053616,-15.038710130536174],[-67.56054327872954,-15.040252482098538],[-67.556938967450151,-15.044435785321298],[-67.552934425702176,-15.046222993329081],[-67.550671130536159,-15.054537130536175],[-67.548943306317426,-15.056974306317329],[-67.548557718426821,-15.058254718426667],[-67.55151938322166,-15.058625257000983],[-67.555909309491255,-15.061831981610396],[-67.55818338322166,-15.062790257000984],[-67.559477014325239,-15.064405821454102],[-67.560590053631813,-15.067047179852523],[-67.561792778729455,-15.069093073407259],[-67.566351704754936,-15.068526080243203],[-67.569268424969721,-15.070240888836906],[-67.572344383221662,-15.071120257000985],[-67.573558293622114,-15.075366197918925],[-67.57206739445212,-15.081929326825161],[-67.574843383221662,-15.083615257000986],[-67.580458608563504,-15.088487981610399],[-67.57871492155175,-15.091454323895505],[-67.579111414704812,-15.09199711750432],[-67.580588589330716,-15.092900759983934],[-67.584210394407648,-15.095298214002639],[-67.586210202648545,-15.096921369988138],[-67.588881092589816,-15.099220690125037],[-67.591432752815592,-15.101089597024213],[-67.593736906644494,-15.102155640117417],[-67.592807182782224,-15.103265596844722],[-67.591873718426768,-15.104069718426672],[-67.590599407391551,-15.108196891766625],[-67.588101830975575,-15.112792627606439],[-67.586118981854497,-15.117113001629775],[-67.576734309491258,-15.129435137860355],[-67.575630218426738,-15.129501029461949],[-67.574380718426767,-15.129426596356495],[-67.569799218426738,-15.12969951774312],[-67.565915040503967,-15.129468094205549],[-67.565614491620067,-15.129450187176815],[-67.562033161053762,-15.131951627606441],[-67.557515518963896,-15.130375923504914],[-67.551371533856468,-15.125334809247079],[-67.544519824139627,-15.127885871747083],[-67.542030789227567,-15.130671622235297],[-67.535508130780272,-15.13572656559478],[-67.532360993329007,-15.137436493329119],[-67.528479896649401,-15.139218007000977],[-67.527102680829159,-15.146596646161186],[-67.524589038251008,-15.147962473309462],[-67.515700993329006,-15.14743249332912],[-67.510795119549698,-15.149684196454132],[-67.512467017254778,-15.157510247723678],[-67.510287510174805,-15.160937017743208],[-67.507062482342803,-15.163818758465823],[-67.507505013592777,-15.171242545575126],[-67.506514605877896,-15.178646809247084],[-67.505634830975566,-15.182764627606446],[-67.504731465252974,-15.188561868329032],[-67.500070041180663,-15.191094627606446],[-67.496471830975565,-15.190308809247085],[-67.492353605877895,-15.186929627606446],[-67.489784443524456,-15.185750493329124],[-67.485941783612247,-15.18366229899317],[-67.483210536053718,-15.183499603680673],[-67.477168438885712,-15.190427170086878],[-67.475038147137639,-15.195068867352518],[-67.469641340252963,-15.199659722332967],[-67.465657542157203,-15.199422593915074],[-67.463191894696251,-15.200306842938517],[-67.459507049237345,-15.200087204266651],[-67.456146780926645,-15.201629555829129],[-67.449870605877891,-15.206968809247087],[-67.448597718426811,-15.207361718426682],[-67.447487933026366,-15.209892444012723],[-67.44881817057518,-15.214626064129789],[-67.444940531170857,-15.222030734540056],[-67.442650187909237,-15.224900273114258],[-67.441336423260793,-15.228635350750949],[-67.438926905682592,-15.230177702313483],[-67.43860171842681,-15.230685718426685],[-67.433911415936507,-15.234403306317347],[-67.428750720624066,-15.233594303875975],[-67.425042487713824,-15.23152563297748],[-67.420786581708001,-15.23342469401274],[-67.419890130536146,-15.23446513053608],[-67.417633139813461,-15.235472214520541],[-67.416496306317413,-15.238568306317347],[-67.415600668622005,-15.245413304852548],[-67.407798004803681,-15.250945352215865],[-67.404152002850594,-15.252572305340777],[-67.403184982586936,-15.258919049481449],[-67.400731130536144,-15.260288130536082],[-67.396734113446314,-15.261491669110399],[-67.394900130536143,-15.263620130536083],[-67.390812614178742,-15.265444351727524],[-67.389902130536143,-15.269451130536083],[-67.387891419842788,-15.274225424481415],[-67.386570130536143,-15.278614130536084],[-67.38560961808497,-15.280335853680697],[-67.387420416913073,-15.283581218426775],[-67.385857118329056,-15.286383238446319],[-67.387984359540098,-15.28821600114162],[-67.386395843182584,-15.295209052411167],[-67.383395944989275,-15.298690732098635],[-67.377828308026324,-15.29824331998924],[-67.376512306317409,-15.299377306317353],[-67.374934975262647,-15.302912268719638],[-67.37001933976461,-15.302517325848669],[-67.366578130536141,-15.304437130536087],[-67.364017306317407,-15.305208306317354],[-67.36286074601469,-15.306550542645482],[-67.359946059491165,-15.309061744793951],[-67.358598942303672,-15.313536272625925],[-67.351971345379866,-15.3147450987978],[-67.349856306317406,-15.318536306317355],[-67.348613110760766,-15.321322463543993],[-67.341662360272437,-15.323874746258753],[-67.337257384686552,-15.323520883954131],[-67.335174681317426,-15.325938129559518],[-67.330782924725611,-15.328688900555676],[-67.328376050946304,-15.330762859051788],[-67.327369983807614,-15.341711033368085],[-67.320701306317403,-15.343526306317358],[-67.318264130536193,-15.344421130536091],[-67.313309651532279,-15.345546982098654],[-67.313034493085013,-15.348971718426696],[-67.313310668377881,-15.35240906364163],[-67.310177766766515,-15.360664630536178],[-67.309101130536135,-15.361914130536093],[-67.308206306317402,-15.36268530631736],[-67.30703917081928,-15.364039744793956],[-67.301292162274422,-15.367626769696301],[-67.297377306317401,-15.36851630631736],[-67.29160813053619,-15.371077130536094],[-67.288278164227563,-15.372079740399386],[-67.2865483063174,-15.375180306317361],[-67.285615858807603,-15.37727012760638],[-67.278306568524442,-15.381348085614263],[-67.274059000653324,-15.381006832196306],[-67.270783130536131,-15.383572130536095],[-67.267179836102514,-15.385829121258837],[-67.259892306317397,-15.394339306317363],[-67.258443097821328,-15.397586704754929],[-67.254925218426706,-15.397869387860283],[-67.250889967938463,-15.397545217450215],[-67.247459130536129,-15.400232130536097],[-67.240817907879944,-15.404856338055652],[-67.236748084637725,-15.410596228680674],[-67.235183362469684,-15.414102719403274],[-67.229071306317394,-15.416830306317365],[-67.227638570721695,-15.420041098309582],[-67.224520718426788,-15.420609718426704],[-67.220788081219723,-15.422708081219753],[-67.215792318280307,-15.424289886395457],[-67.214109235272417,-15.426895858563455],[-67.204128081219721,-15.436036081219754],[-67.20232155314352,-15.43688860465727],[-67.200049716473643,-15.43934082975494],[-67.190368328534134,-15.442406009442323],[-67.183430593670892,-15.447494712079106],[-67.180428051678746,-15.450735195965819],[-67.177440355633735,-15.452664355633829],[-67.172607694745125,-15.455989847821343],[-67.170375718426783,-15.456078110028216],[-67.164769441327167,-15.455856030926782],[-67.158486351727561,-15.462637171551705],[-67.151401377606476,-15.4648803331728],[-67.146651081219716,-15.468523081219757],[-67.144120355633731,-15.47015735563383],[-67.143108390790076,-15.476510200848622],[-67.140820081219715,-15.480834642254933],[-67.141621355633845,-15.483517081219759],[-67.143319081219715,-15.485984355633832],[-67.144120355633731,-15.489348081219759],[-67.145326131268575,-15.491627035809586],[-67.142454355633731,-15.493481355633833],[-67.135545499188481,-15.499473423993209],[-67.12972751481351,-15.50131554166893],[-67.128293355633843,-15.502644355633834],[-67.126659081219714,-15.505175081219761],[-67.124635151532232,-15.506130102704105],[-67.121661081219713,-15.509340081219761],[-67.114965355633842,-15.513473355633835],[-67.112281899823131,-15.515319947430669],[-67.109134355633728,-15.516805355633835],[-67.106241429608417,-15.521285171063482],[-67.09830535563384,-15.530133355633836],[-67.096627763592835,-15.532731193036113],[-67.0901059186221,-15.53580898161033],[-67.088709992840791,-15.538447492840817],[-67.086729990887648,-15.542642591473566],[-67.081984575360366,-15.544145082684565],[-67.079178081219709,-15.548491081219765],[-67.076647355633838,-15.550125355633838],[-67.075846081219709,-15.550990081219766],[-67.073297052411078,-15.552193213055659],[-67.073462594891623,-15.556373262372119],[-67.069967492840817,-15.558022992840733],[-67.067516081219708,-15.559320081219767],[-67.063319355633837,-15.560121355633839],[-67.058353081219707,-15.564318081219767],[-67.055017623944366,-15.565892158368172],[-67.054188081219706,-15.567650081219767],[-67.049295426434583,-15.57218358610254],[-67.04832962638568,-15.575233716473633],[-67.046576177655197,-15.576858229168863],[-67.045025081219705,-15.580145081219769],[-67.041661355633835,-15.582612355633842],[-67.039194081219705,-15.586809081219769],[-67.036565331707948,-15.589244630047858],[-67.039826762616258,-15.591350720868206],[-67.040828355633835,-15.59347308121977],[-67.044160355633835,-15.598315300457955],[-67.043010913250953,-15.6021235909854],[-67.037496355633834,-15.603437355633844],[-67.035029081219704,-15.605135081219771],[-67.031902687420938,-15.606610727704151],[-67.030399992840785,-15.608002992840738],[-67.027914008465814,-15.61068583854393],[-67.024168355633833,-15.613433355633845],[-67.023367081219703,-15.615131081219772],[-67.017764058026387,-15.616465589520487],[-67.0142892928896,-15.621515245282239],[-67.012696912518606,-15.624889546063514],[-67.011705081219702,-15.625960081219773],[-67.011272718426767,-15.626360718426724],[-67.010902383221719,-15.625898257000927],[-67.006645053631871,-15.625157179852579],[-67.003376504803725,-15.622769626141576],[-66.997528218426794,-15.623496874188504],[-66.995748941815464,-15.623275608563517],[-66.993096804852541,-15.626587678387693],[-66.987132598065443,-15.627625674481465],[-66.983648274579082,-15.629674008465827],[-66.979363083417013,-15.629140774579128],[-66.974270313397426,-15.631339194989266],[-66.969335764569394,-15.632750170086922],[-66.965828053631867,-15.634228257000927],[-66.964254383221714,-15.63515317985258],[-66.960291938885746,-15.636822840497075],[-66.958331053631866,-15.638393257000928],[-66.956757383221714,-15.642650179852581],[-66.953520559979438,-15.643575916180623],[-66.949589231122047,-15.648484840497076],[-66.946761383221713,-15.650147179852581],[-66.94483751115132,-15.650957809247018],[-66.940838053631865,-15.653387257000929],[-66.935932383221711,-15.657644179852582],[-66.933759598122549,-15.658785962197612],[-66.932293256575861,-15.660337268897251],[-66.930491898409855,-15.662228087256096],[-66.927651635700045,-15.665360001540478],[-66.92535242286516,-15.668761951184933],[-66.924037418126659,-15.670986931178504],[-66.923125155755486,-15.67267690239828],[-66.922040914256968,-15.674609039565269],[-66.920956146331321,-15.676541184806752],[-66.91986751374094,-15.678297454729318],[-66.918718432216963,-15.680005174861378],[-66.917050338286344,-15.682462000539999],[-66.914826450443911,-15.686507698211301],[-66.914085836354502,-15.687905875988122],[-66.910997494843798,-15.693176001574614],[-66.909570019793648,-15.695696199033421],[-66.905776258440312,-15.701326227069671],[-66.903645130737743,-15.704314573009867],[-66.902392376983471,-15.70592439353112],[-66.903602994305686,-15.706981126629898],[-66.905929130536151,-15.705943130536127],[-66.908248962323285,-15.704648889325199],[-66.9132894664736,-15.702797823407252],[-66.920923130536153,-15.711712306317395],[-66.921694306317363,-15.713440130536128],[-66.922711558758749,-15.715263538251008],[-66.920923130536153,-15.719271130536129],[-66.920028306317363,-15.720875306317396],[-66.918814599286122,-15.726217813641597],[-66.915108400067425,-15.731444807293997],[-66.914002275311532,-15.735118874188515],[-66.911698306317362,-15.738368306317398],[-66.910860832196306,-15.742054168622019],[-66.909199306317362,-15.745032306317398],[-66.908315057293919,-15.747968956708007],[-66.906700306317362,-15.750863306317399],[-66.905929130536151,-15.752591130536132],[-66.904314379559594,-15.755485480145524],[-66.903815718426756,-15.757141718426737],[-66.903437655194296,-15.757596858563488],[-66.902072641522352,-15.758730844891659],[-66.899713762860358,-15.761570691571308],[-66.89212768717681,-15.764860390790034],[-66.890763080243119,-15.768006918133779],[-66.884630077069289,-15.767381761395484],[-66.878060440350566,-15.768552354168946],[-66.876781655194293,-15.770091858563489],[-66.875871781659214,-15.770847578290045],[-66.875493718426753,-15.772135718426739],[-66.87624699772357,-15.772808870282233],[-66.877735659832979,-15.783939263348657],[-66.880884830975504,-15.785384404461922],[-66.87957493034088,-15.790413316571346],[-66.872114943524423,-15.797078943524468],[-66.870935605877946,-15.798398809247033],[-66.867800873944361,-15.799366439618154],[-66.864271605877946,-15.804229809247033],[-66.862071965252937,-15.806195168622025],[-66.859713493329025,-15.808834493329073],[-66.857880934002935,-15.810472021649389],[-66.857388170575121,-15.81874223112203],[-66.858893305585013,-15.82293732975478],[-66.858526175195266,-15.823737259126233],[-66.856460197186493,-15.828238756512633],[-66.850603572674743,-15.832489171551742],[-66.848444605877944,-15.835883809247036],[-66.845140264080953,-15.837400129559569],[-66.841796265301753,-15.842008067547795],[-66.835157483075193,-15.846230417645529],[-66.831784605877942,-15.850877809247038],[-66.825768946698247,-15.851814934247045],[-66.822820297528267,-15.858239772137722],[-66.820090676922803,-15.859219197918947],[-66.817085583072242,-15.856890236295385],[-66.816790605877941,-15.8566616276064],[-66.815077830975497,-15.855875809247038],[-66.812012041180651,-15.854209809247038],[-66.805614454754902,-15.857955868817328],[-66.799331161786029,-15.862344574871997],[-66.795583271893463,-15.859726807293896],[-66.793419830975495,-15.8616596276064],[-66.790990993329103,-15.865478900067387],[-66.787178838788066,-15.867227874676701],[-66.788830806317435,-15.871832152020545],[-66.785342212079058,-15.875736839520528],[-66.782590830975494,-15.877486627606402],[-66.780138605877937,-15.879199809247041],[-66.772852499676787,-15.883272072918942],[-66.775432440594784,-15.888019522137654],[-66.770928830975492,-15.893313627606403],[-66.770142605877936,-15.896692809247043],[-66.765173484295872,-15.898227026043969],[-66.762890665692396,-15.900782155926663],[-66.759609711346684,-15.90179493424705],[-66.755981605877935,-15.905855809247043],[-66.755101830975491,-15.906641627606405],[-66.754708718426741,-15.907081718426753],[-66.752657130536136,-15.905801306317414],[-66.750929306317346,-15.905030130536147],[-66.748877718426741,-15.903885569012743],[-66.745398275799744,-15.905826524090799],[-66.739834706219767,-15.906674980145453],[-66.737595408612265,-15.9092740377626],[-66.730207414471693,-15.914512013348656],[-66.725939306317343,-15.915797306317415],[-66.721233751141597,-15.919482355145476],[-66.715974218426766,-15.919060160809522],[-66.714283610760788,-15.919196011395513],[-66.71102787418846,-15.916887364911133],[-66.707613306317342,-15.915859130536148],[-66.706099223065394,-15.909195130536148],[-66.702615306317341,-15.909966306317415],[-66.702229718426736,-15.910413718426753],[-66.701444510174838,-15.913021724286182],[-66.69934513053613,-15.914193130536148],[-66.693316252362308,-15.916686436200223],[-66.69018213053613,-15.921690130536149],[-66.687845012372065,-15.922733007489285],[-66.684289306317339,-15.924960306317416],[-66.682828505780265,-15.926655591473605],[-66.678026146893615,-15.92774646354394],[-66.676025604657241,-15.931332268231472],[-66.675151320721682,-15.935180825848647],[-66.669890161053729,-15.938911429364282],[-66.660044247479505,-15.93712584830962],[-66.657001641766612,-15.942579395184623],[-66.655687877118169,-15.949825030926775],[-66.657020351727567,-15.954692874676709],[-66.654864232098589,-15.95719512858301],[-66.651551755536161,-15.959270307293991],[-66.647489050213835,-15.963986030926776],[-66.644305306317335,-15.96494430631742],[-66.643194266285604,-15.968634358035217],[-66.643148746014674,-15.968785542645549],[-66.637979509198146,-15.970341723309616],[-66.636808306317334,-15.972441306317421],[-66.635769293377905,-15.977014671551785],[-66.634309306317334,-15.978272306317422],[-66.629460782635761,-15.983899937176716],[-66.625146306317333,-15.986602306317423],[-66.622926125409151,-15.990146623700241],[-66.620210130536123,-15.991662130536156],[-66.610597277997101,-15.994453982098605],[-66.608486306317332,-15.997431306317424],[-66.606568535321287,-16.00049323209862],[-66.601517659344779,-16.004844518231437],[-66.59855213053612,-16.009988130536158],[-66.595780615887691,-16.010822757489223],[-66.59272113053612,-16.016306402997031],[-66.59349230631733,-16.019151130536159],[-66.59497242692288,-16.02180387760643],[-66.593253957684567,-16.025654875653288],[-66.59016030631733,-16.026586306317427],[-66.588556130536119,-16.03081313053616],[-66.587213894207991,-16.031969894208032],[-66.585638596844774,-16.033797776043968],[-66.579331306317329,-16.039081306317428],[-66.576894130536118,-16.043308130536161],[-66.575166306317328,-16.044079306317428],[-66.572853185711949,-16.046763778973684],[-66.56972089420799,-16.049462894208034],[-66.56779295475485,-16.051699954754895],[-66.565108482098594,-16.05401348209864],[-66.562920636883746,-16.056552342450175],[-66.560817799969698,-16.05749109440336],[-66.558562436200191,-16.060108861981405],[-66.555236130536116,-16.062467130536163],[-66.550454108563486,-16.063339177411137],[-66.548375675946318,-16.06881631510646],[-66.544407130536115,-16.071630130536164],[-66.539738588543855,-16.073035818036146],[-66.537743130536114,-16.078294130536165],[-66.533511832196325,-16.083235187176797],[-66.533617990887706,-16.08455871354397],[-66.532654834637754,-16.087756489911158],[-66.528518306317324,-16.090727306317433],[-66.522150818524381,-16.098151093426679],[-66.51698483561421,-16.101129231122059],[-66.516470718426717,-16.102836718426772],[-66.511858306317322,-16.104888306317434],[-66.510397709149402,-16.106583591473679],[-66.506860306317321,-16.107387306317435],[-66.506474718426716,-16.108667718426773],[-66.506930672040085,-16.110758353192409],[-66.506027306317321,-16.113218306317435],[-66.504522374676753,-16.118216306317436],[-66.501111874188439,-16.120352495770533],[-66.50025813053611,-16.124109130536169],[-66.497378423504813,-16.125394423504929],[-66.49609313053611,-16.12827413053617],[-66.49519830631732,-16.12987830631738],[-66.493913013348617,-16.132758013348678],[-66.49103330631732,-16.134043306317437],[-66.488047033856446,-16.135709306317437],[-66.485202306317319,-16.13493813053617],[-66.483303652020425,-16.133878984051705],[-66.478770147137709,-16.135119535809622],[-66.474283823895405,-16.13160613053617],[-66.467709306317317,-16.132377306317437],[-66.466070557782245,-16.133291653973686],[-66.463515021161129,-16.131480041668908],[-66.459205629071221,-16.131825769208035],[-66.455544984539983,-16.125981753583005],[-66.450838209149367,-16.123044289715835],[-66.445547764325227,-16.124492277997035],[-66.444144923993122,-16.122863697918945],[-66.440904846844774,-16.120565626629855],[-66.42955969596585,-16.123040222332975],[-66.424947283856454,-16.117686733075232],[-66.421706799969684,-16.119133094403367],[-66.41973249235258,-16.121424657879913],[-66.415916067059527,-16.122826277997035],[-66.41260969157122,-16.120981313153322],[-66.408188446454005,-16.122605012372105],[-66.405716291180624,-16.120475330731495],[-66.403568306317311,-16.117445130536169],[-66.402070914384808,-16.115054770595066],[-66.401964130536101,-16.114884306317435],[-66.400236306317311,-16.112447130536168],[-66.396409712567333,-16.105810788739291],[-66.394019718426819,-16.105617994793931],[-66.388500279950222,-16.106062152997026],[-66.386522718426704,-16.105335718426772],[-66.382326806317394,-16.107600437176814],[-66.380735646161156,-16.113023071942393],[-66.376553969891631,-16.114594708661173],[-66.368952844891623,-16.113819465497045],[-66.361448930340828,-16.115207256512747],[-66.357321350262737,-16.113995989911132],[-66.351382971356429,-16.106623451825158],[-66.343693990887743,-16.107571965497016],[-66.340329858563507,-16.111621451825158],[-66.339874718426699,-16.111999718426773],[-66.338741952313512,-16.112906744793918],[-66.339561936688426,-16.119496718426774],[-66.339354500165086,-16.121162718426774],[-66.339707142254838,-16.123995243817433],[-66.338073681317383,-16.124198612958025],[-66.333673179852553,-16.123198850262725],[-66.329030669110409,-16.122391068036166],[-66.325863804852474,-16.118436758465805],[-66.320253257001013,-16.117460586590823],[-66.31682119938381,-16.114715103192339],[-66.310257257001012,-16.113295586590823],[-66.307423104657289,-16.111629586590823],[-66.305462626141548,-16.112720458661101],[-66.30386943229388,-16.116500684247001],[-66.301734869793961,-16.116766691083001],[-66.299428257001011,-16.115794586590823],[-66.29868717985255,-16.114868850262724],[-66.297392531903256,-16.113832481122074],[-66.299001995282197,-16.111093505536189],[-66.29618817985255,-16.109037850262723],[-66.294059718426809,-16.108667718426773],[-66.292541364422846,-16.109975788739291],[-66.29194223893461,-16.117433741864204],[-66.293504113934603,-16.121688224286117],[-66.292669486981367,-16.132078760418949],[-66.2952783063173,-16.13660413053617],[-66.296302880047847,-16.137486752606435],[-66.295989691571208,-16.141388186200231],[-66.300276306317301,-16.144934130536171],[-66.302004130536091,-16.145705306317438],[-66.303006740399439,-16.15120196745022],[-66.308935764325213,-16.158772180340861],[-66.307741580731488,-16.162738692059577],[-66.304936713543896,-16.165154717450207],[-66.302542245282211,-16.169447433270534],[-66.305502079754945,-16.179278297528356],[-66.308668130536091,-16.180691306317385],[-66.31514543766508,-16.18450163053609],[-66.321552379071306,-16.183986699872094],[-66.326099306317303,-16.187904402997049],[-66.324931967450198,-16.192210947918966],[-66.322154758465842,-16.198805802411073],[-66.326078825726199,-16.200557155765523],[-66.326222954754826,-16.200621482098654],[-66.331899800946189,-16.203788346356475],[-66.336928306317304,-16.199850306317387],[-66.339489130536094,-16.198246130536177],[-66.340924509930574,-16.196580130536177],[-66.349293150067354,-16.197516442059623],[-66.347819130536095,-16.202411130536177],[-66.346263763348645,-16.205198914715766],[-66.345965624188523,-16.20890836784082],[-66.350779344512375,-16.211594190231779],[-66.350794421063483,-16.211602602215862],[-66.353619218426786,-16.211375642254893],[-66.354729613934524,-16.2162630094424],[-66.359929356122109,-16.218452888348679],[-66.363522482098574,-16.216448482098656],[-66.366978130536097,-16.214906130536178],[-66.371442083172894,-16.211740893231479],[-66.374127776043906,-16.215529253583043],[-66.375308130536098,-16.219842306317389],[-66.376212309735365,-16.223821833661134],[-66.379415373700169,-16.227539421551796],[-66.382115709149389,-16.227323036786117],[-66.385354972821233,-16.229129768231473],[-66.392979281903365,-16.228517220379842],[-66.392736865887741,-16.231535218426757],[-66.392805604657269,-16.232390995770515],[-66.39021142789943,-16.237040827801763],[-66.390519735516648,-16.240873929364227],[-66.388946065106495,-16.244401163739269],[-66.387803130536099,-16.245727130536181],[-66.38626118571193,-16.247055537762719],[-66.385242306317309,-16.249830306317392],[-66.384085542645437,-16.25367154264552],[-66.38145679313385,-16.255936261395561],[-66.380956911786143,-16.262158543622093],[-66.381957081219753,-16.267642189129901],[-66.383638130536099,-16.270655306317394],[-66.384409306317309,-16.272383130536184],[-66.386152179852559,-16.273160814129881],[-66.384471130536099,-16.279303375653228],[-66.385242306317309,-16.280713130536185],[-66.391135130536099,-16.287315306317396],[-66.392271964032261,-16.292318187176761],[-66.395685718426819,-16.295259718426792],[-66.3953001305361,-16.295707130536186],[-66.392018972821234,-16.298533961590863],[-66.396686701336876,-16.302554976239207],[-66.400236306317311,-16.307561924481433],[-66.3994651305361,-16.312367130536188],[-66.39857030631731,-16.314804306317399],[-66.3977991305361,-16.319864130536018],[-66.39523830631731,-16.323134306317399],[-66.3944671305361,-16.326528130536019],[-66.39190630631731,-16.3297983063174],[-66.390156924969688,-16.333718449872038],[-66.386137130536099,-16.335512165692364],[-66.386970944012717,-16.339308660809593],[-66.38940730631731,-16.343675402997064],[-66.386970130536099,-16.345687130536021],[-66.382743306317309,-16.348124306317402],[-66.379965283856507,-16.350093733075141],[-66.376912306317308,-16.351456306317402],[-66.373470893719741,-16.353376111004877],[-66.367842449383829,-16.352923818036174],[-66.364417306317307,-16.353955306317403],[-66.361980130536097,-16.355683130536022],[-66.355484113446266,-16.357158777020516],[-66.352848042645519,-16.358629542645531],[-66.350256306317306,-16.359786306317403],[-66.347361956707971,-16.361401057293961],[-66.344425306317305,-16.362285306317403],[-66.341988130536095,-16.366512130536023],[-66.340260306317305,-16.368949306317404],[-66.339868995815607,-16.369826235555252],[-66.338869668133782,-16.372065735028286],[-66.335324130536094,-16.374842130536024],[-66.332763306317304,-16.376446306317405],[-66.329493130536093,-16.379007130536024],[-66.326932306317303,-16.379778306317405],[-66.322174281903358,-16.381525653973654],[-66.318196381512678,-16.381205957684472],[-66.316165130536092,-16.382339130536025],[-66.30905371842681,-16.3827247184268],[-66.308736055829058,-16.389071462567415],[-66.307515840985388,-16.391794982098645],[-66.308201194989238,-16.393995436200157],[-66.306872381024448,-16.398035974286131],[-66.306237055829058,-16.401566462567416],[-66.305206381024448,-16.403033974286132],[-66.304571055829058,-16.405731462567417],[-66.30405571842681,-16.406881718426803],[-66.304981048016543,-16.407622795575151],[-66.306858145184549,-16.409966421551815],[-66.30866731705953,-16.409741902020471],[-66.310257257001012,-16.410676586590853],[-66.315277627606463,-16.412791625653313],[-66.324262882977507,-16.418612050458023],[-66.330938271649472,-16.420056784832923],[-66.331915257001015,-16.425670586590854],[-66.332840179852553,-16.427243850262641],[-66.333924544110403,-16.434693668622117],[-66.335582536416439,-16.435167380709515],[-66.335709718426813,-16.435203718426806],[-66.335294438641483,-16.438376277020495],[-66.333596306317304,-16.441420306317411],[-66.331992130536094,-16.445647130536031],[-66.327765306317303,-16.453082306317413],[-66.326994130536093,-16.455643130536032],[-66.323924069989175,-16.460561409833019],[-66.325449745282185,-16.463295504559539],[-66.32515241959868,-16.466995195965865],[-66.326402733075156,-16.470400408856449],[-66.325328130536093,-16.473969130536034],[-66.324433306317303,-16.475573306317415],[-66.322347552411088,-16.480247542645543],[-66.318664130536092,-16.483132130536035],[-66.313950033856429,-16.485849955731396],[-66.312000130536092,-16.488963130536035],[-66.308411885418991,-16.493301401043993],[-66.306230954754824,-16.498187954754826],[-66.304225735028297,-16.499915778973673],[-66.30033813053609,-16.504879612958064],[-66.301109306317301,-16.508122130536037],[-66.302466591961888,-16.510555238934614],[-66.300024535321313,-16.514454232098672],[-66.2971700460634,-16.516913371747023],[-66.296758833661045,-16.522030139325125],[-66.301313488934511,-16.528246727215787],[-66.29783913053609,-16.53227913053604],[-66.293128694501036,-16.533697020184547],[-66.2919463063173,-16.534716306317421],[-66.290789542645427,-16.536058542645549],[-66.287948475750966,-16.538506293622106],[-66.287010130536089,-16.540609130536041],[-66.283811133954146,-16.542036781903278],[-66.282783306317299,-16.543879306317422],[-66.28189905729397,-16.546815956707974],[-66.2802798321963,-16.549718441082973],[-66.280350197918892,-16.550591301434622],[-66.279343927411162,-16.554267402020514],[-66.279676639325203,-16.558409624676756],[-66.279065718426807,-16.563485718426705],[-66.278603257001009,-16.563115586590868],[-66.277398091473628,-16.561609841473683],[-66.274718906415046,-16.561277129559528],[-66.271172962079106,-16.562289907879858],[-66.261020774579094,-16.563552423504916],[-66.2582891202822,-16.56194662077047],[-66.256942409833016,-16.563025290692394],[-66.2530653805361,-16.56787361100487],[-66.254004945965846,-16.575429181317418],[-66.248599800946351,-16.576656717450248],[-66.246116257001006,-16.575610586590869],[-66.243755548016622,-16.574222795575167],[-66.241118257001006,-16.573111586590869],[-66.238956036297907,-16.571840122723643],[-66.23778910416894,-16.575922148114216],[-66.231955257001005,-16.577183850262657],[-66.226166151043913,-16.579682850262657],[-66.222106902997041,-16.578792093426728],[-66.221111207684544,-16.574189443036119],[-66.216128257001003,-16.573111586590869],[-66.213659762372117,-16.571660344403369],[-66.211173371258838,-16.573651735028307],[-66.210282207684543,-16.577771993817407],[-66.205299257001002,-16.578849850262657],[-66.200965053875962,-16.580515850262657],[-66.197802257001001,-16.57977558659087],[-66.197060773114288,-16.578016036786153],[-66.192896179852539,-16.574684850262656],[-66.190305257001,-16.573944586590869],[-66.18594664957908,-16.570279874676771],[-66.181944344891576,-16.572710542645552],[-66.171834864911148,-16.580797313153369],[-66.168255974774468,-16.580352341473656],[-66.165191475202334,-16.581015243111608],[-66.163649257000998,-16.581348850262657],[-66.162908179852536,-16.58227458659087],[-66.162445718426795,-16.582644718426707],[-66.161737993817439,-16.578577335614284],[-66.156561842450117,-16.57639559147367],[-66.151154257000996,-16.573111586590869],[-66.147081179852535,-16.569686850262656],[-66.143749179852534,-16.567662920575174],[-66.144573638348675,-16.562500598309612],[-66.146526388836946,-16.560061795575166],[-66.148612142743161,-16.558391728192362],[-66.15144141422752,-16.554517952801802],[-66.147727080243214,-16.549879509442405],[-66.145785718426794,-16.549324718426703],[-66.138134971356408,-16.550281366864169],[-66.136900113934587,-16.554600113934612],[-66.133446092450185,-16.555587674481444],[-66.131418908856404,-16.558119213543932],[-66.127089179852533,-16.559783586590868],[-66.122826969403263,-16.560524663739216],[-66.117068368817286,-16.56513626237205],[-66.116167036786123,-16.570314040692381],[-66.114099586102498,-16.572896015301808],[-66.110401521649351,-16.573951907879859],[-66.108782296551794,-16.573750979168949],[-66.10126617985253,-16.58060858659087],[-66.09834905289938,-16.582380338543942],[-66.094510257000991,-16.587179850262658],[-66.093658140301727,-16.590159614911101],[-66.08951225700099,-16.591344850262658],[-66.087606281414992,-16.593725082684557],[-66.083580385907283,-16.595421994793981],[-66.080349257000989,-16.598008850262659],[-66.079397082684523,-16.600267874676774],[-66.077017257000989,-16.602173850262659],[-66.076183036786119,-16.606966040692384],[-66.074224591961865,-16.60941216471582],[-66.06649819157127,-16.60845063541899],[-66.064706509442374,-16.610688509442411],[-66.062158294110304,-16.612728708661166],[-66.059524257000987,-16.61633485026266],[-66.058737218426756,-16.618202592450245],[-66.056568083172863,-16.617932518231498],[-66.052027257000987,-16.620499850262661],[-66.050453179852525,-16.623091586590874],[-66.047862257000986,-16.624664850262661],[-66.047491718426784,-16.625960718426711],[-66.048710306317446,-16.629278889325235],[-66.047833378582936,-16.629803581708018],[-66.045490972821312,-16.629615668622023],[-66.042169954754911,-16.631467954754839],[-66.038526799969759,-16.633094094403305],[-66.035818736493184,-16.636237367840863],[-66.033140364911162,-16.637432364911092],[-66.032112130536177,-16.643068130536051],[-66.029824227704012,-16.645039184247025],[-66.028718306317444,-16.652169306317433],[-66.027762471356482,-16.660508254559545],[-66.026266487957912,-16.662244213543943],[-66.022085218426753,-16.660709183270455],[-66.017951130536176,-16.662227130536053],[-66.015351259442298,-16.663009694989285],[-66.009723628583004,-16.670946785809519],[-66.00943443766505,-16.674546419598585],[-66.011365224286124,-16.677269125653368],[-66.00858760856346,-16.679662373700182],[-66.009027699383751,-16.685139511395505],[-66.007183954754908,-16.687278954754845],[-66.002864394208018,-16.689206894207928],[-66.000458130536174,-16.690549130536056],[-65.997511718426779,-16.691767718426718],[-65.99599214420806,-16.695905060223652],[-65.996461926922905,-16.701751516278364],[-65.995229509930709,-16.705107920575188],[-65.995723290204069,-16.711256989911135],[-65.991793791668897,-16.713010031903309],[-65.990030581219685,-16.720770598309514],[-65.988024954754906,-16.723097954754849],[-65.981969028485366,-16.724921769208038],[-65.976362954754904,-16.731427954754849],[-65.974573306317268,-16.732970306317441],[-65.97265553532128,-16.736032232098637],[-65.970408306317438,-16.737968306317327],[-65.970022718426776,-16.738415718426722],[-65.970462809247067,-16.739641627606488],[-65.971354786297866,-16.746311321942358],[-65.97308017008686,-16.753726974286167],[-65.975571035321309,-16.757292442059565],[-65.974627809247067,-16.766344809247073],[-65.973476739911121,-16.768462288739272],[-65.973841990887706,-16.774587767254786],[-65.972724680829117,-16.776643422528366],[-65.973794809247067,-16.779625627606492],[-65.974580627606429,-16.783837809247075],[-65.976025768719694,-16.787864518231459],[-65.970679600750941,-16.794763612957979],[-65.972867852704155,-16.797212177411154],[-65.979276827801812,-16.800153708661185],[-65.980411627606429,-16.803829809247077],[-65.981983264325152,-16.806721718426729],[-65.980411627606429,-16.809613627606495],[-65.979463113934571,-16.813690772137647],[-65.976191717938434,-16.819711312176707],[-65.976686718426777,-16.826713718426731],[-65.967856430340873,-16.825979962567374],[-65.964274286297893,-16.827295354168996],[-65.952165280926749,-16.8261044244814],[-65.947917306317265,-16.828765306317337],[-65.945938524579162,-16.831061750653362],[-65.941253306317265,-16.833763306317337],[-65.937983130536168,-16.83632413053607],[-65.934818299969663,-16.837276711590789],[-65.929653130536167,-16.841322130536071],[-65.927925306317263,-16.842093306317338],[-65.926508636883852,-16.843737342450197],[-65.923329570477563,-16.845156045575209],[-65.921323130536166,-16.849652130536072],[-65.915430306317432,-16.852089306317339],[-65.911245782879917,-16.854423984051778],[-65.907621744793914,-16.855514856122113],[-65.904724954754897,-16.858876954754862],[-65.900923578778304,-16.860573053387725],[-65.897511858075177,-16.865325383465859],[-65.89543830631743,-16.86625030631734],[-65.893001130536163,-16.867978130536073],[-65.890600561200131,-16.869049479168893],[-65.889590630047849,-16.872405069989213],[-65.883809252118169,-16.876013652020561],[-65.875498775555627,-16.875345787762683],[-65.871572124188447,-16.880421068036185],[-65.867363196454107,-16.881377716473594],[-65.864617306317427,-16.883743306317342],[-65.861562701825221,-16.887288437176778],[-65.85884813053616,-16.888803130536076],[-65.85485111344633,-16.890006262372083],[-65.852245954754892,-16.893029954754866],[-65.842667268231367,-16.894777302411114],[-65.840293543622067,-16.897532547528328],[-65.838023130536158,-16.898799130536077],[-65.830066516278293,-16.901818755536169],[-65.828860130536157,-16.907129130536077],[-65.826890703778304,-16.909907152997107],[-65.825444749188534,-16.913147230145455],[-65.823800306317423,-16.914564306317345],[-65.822755395672914,-16.915777199872082],[-65.815903889325227,-16.915226476239184],[-65.812971306317422,-16.917063306317345],[-65.811800306805651,-16.920951724286112],[-65.809701130536155,-16.922123130536079],[-65.807140306317422,-16.922894306317346],[-65.802893958661173,-16.924682327801804],[-65.800173693036129,-16.924464316083004],[-65.794432175458041,-16.925504752606457],[-65.788889552899434,-16.925059780926745],[-65.785544130536152,-16.926288130536079],[-65.783430718426814,-16.926673718426741],[-65.784446343915079,-16.931144585614163],[-65.778062179852498,-16.932967586590848],[-65.77442512614158,-16.93375421842677],[-65.775051909833053,-16.938794519208045],[-65.773640121258836,-16.942468179364312],[-65.773974460125999,-16.945157532879932],[-65.770473257000958,-16.949534850262694],[-65.769362048016603,-16.952172141278311],[-65.764179388836908,-16.955320295575234],[-65.762857082684604,-16.95845787467681],[-65.760466681805667,-16.96037279850492],[-65.760713978680712,-16.962360121746997],[-65.757421432293825,-16.966471432293929],[-65.752147257000956,-16.968693850262696],[-65.749740179852495,-16.970452586590852],[-65.741452887372077,-16.971261182293915],[-65.736434143719748,-16.974098588543995],[-65.733821257000955,-16.976190850262697],[-65.732497730633781,-16.977843834637667],[-65.729361778485327,-16.979164920575215],[-65.72433490006739,-16.982218711590804],[-65.723454718426808,-16.983317718426747],[-65.723069130536146,-16.985431130536085],[-65.721726894208018,-16.989086894207958],[-65.720409875653331,-16.993460957684533],[-65.717433364911187,-16.994789364911128],[-65.716405130536145,-16.997093130536086],[-65.71538869157132,-16.998914504559593],[-65.715742147137746,-17.003309718426749],[-65.715474106610372,-17.006641718426749],[-65.715608330243185,-17.008311785809553],[-65.71248010612203,-17.011942331708042],[-65.708894301434611,-17.012924197918949],[-65.706794718426806,-17.012754994793852],[-65.704235521161138,-17.012960804364297],[-65.698079130536144,-17.009526306317355],[-65.703779567547883,-17.012706999676709],[-65.704295718426806,-17.01330571842675],[-65.70142617985249,-17.015869796551783],[-65.7011561056338,-17.02039435319233],[-65.702189627606401,-17.023741809247099],[-65.703509493329079,-17.024920536786112],[-65.704688627606401,-17.026240809247099],[-65.710566809247041,-17.02702662760646],[-65.712641581219771,-17.030289482098624],[-65.717205184735406,-17.031698423504849],[-65.721962395672847,-17.037022627606461],[-65.731784718426809,-17.039128718426753],[-65.733231486493139,-17.042415977215853],[-65.732090178876035,-17.045596670575208],[-65.732383437176793,-17.050517390301763],[-65.731328764813384,-17.053933991864312],[-65.728012627606404,-17.058680627606464],[-65.724412993817396,-17.065121735028356],[-65.716418146161175,-17.07164744401274],[-65.715505018719682,-17.076539692059612],[-65.708900809247041,-17.082440651043896],[-65.710529389325245,-17.087076653973611],[-65.720358626629832,-17.095649883465796],[-65.725323274090783,-17.097182473309545],[-65.725611651532176,-17.102020218426787],[-65.72546278532127,-17.104519218426788],[-65.725661273602555,-17.107851218426788],[-65.725487596356459,-17.11076671842676],[-65.725735706708008,-17.11493171842676],[-65.725324087567287,-17.121842201825245],[-65.729678627606404,-17.124534809247109],[-65.735612125653347,-17.12532794889546],[-65.737175627606405,-17.13536380924711],[-65.738055809247044,-17.136149627606471],[-65.741153527997085,-17.141020725262706],[-65.743006627606405,-17.142027809247111],[-65.744719809247044,-17.142813627606472],[-65.746590805340759,-17.145755972333006],[-65.750858710125897,-17.147073804364311],[-65.753835627606406,-17.148691809247111],[-65.760474409833023,-17.149930734051793],[-65.760696895672822,-17.153666218426793],[-65.760444717938412,-17.157895483075208],[-65.767996627606408,-17.163376688153335],[-65.765890943524369,-17.170279850262716],[-65.763208504559486,-17.176123865887746],[-65.761047504071314,-17.178055059247129],[-65.761382249676785,-17.183673741864311],[-65.756698251629928,-17.191032450848638],[-65.758124682782238,-17.199057397137722],[-65.757214809247046,-17.202003809247117],[-65.756334627606407,-17.204455627606478],[-65.754770718914983,-17.209520332684576],[-65.750999441571309,-17.219330860028379],[-65.745018761883841,-17.226024145184567],[-65.735595449383823,-17.232863042645533],[-65.731391809247043,-17.23865580924712],[-65.730951718426752,-17.239048718426773],[-65.732117023602541,-17.24222209049708],[-65.731157527997084,-17.254167993817362],[-65.732353745282239,-17.256311504559619],[-65.732066181317407,-17.259887547528365],[-65.733003306317414,-17.261987130536113],[-65.735293242840839,-17.265216632489285],[-65.735667035321285,-17.269869718426776],[-65.735353440106508,-17.273773592450198],[-65.743079027020542,-17.282741358075157],[-65.749194743817441,-17.287132504559622],[-65.752274159344722,-17.290706920575246],[-65.760044080731461,-17.292123996747023],[-65.759623106610377,-17.297358718426779],[-65.759870403485365,-17.3004328463565],[-65.754751602215833,-17.304108946942392],[-65.753774616864291,-17.307353091473658],[-65.750496306317416,-17.309406306317385],[-65.749142681317437,-17.310977129559603],[-65.744830035321286,-17.313678685223579],[-65.743848575848631,-17.317999059247029],[-65.740791841393786,-17.31970428729511],[-65.739729130536148,-17.320297130536119],[-65.734930839032188,-17.322438200848637],[-65.733836306317414,-17.324400306317386],[-65.732963445965765,-17.327298723309582],[-65.730455090985345,-17.331303468426711],[-65.726401130536146,-17.33279213053612],[-65.719785125653345,-17.333657669598665],[-65.714884742840866,-17.337495652020493],[-65.71262571842675,-17.338175718426783],[-65.709694355633701,-17.336109487958026],[-65.708181695965777,-17.332903576825117],[-65.704991647626002,-17.328744271161156],[-65.69362371940332,-17.327779487958026],[-65.687683713543947,-17.330921947918966],[-65.682932196942431,-17.327652585614203],[-65.67901327360255,-17.32780795963771],[-65.670575081219681,-17.330278487958026],[-65.663146413251013,-17.331293706707982],[-65.657679444012729,-17.333209444012709],[-65.653883355633695,-17.334410948895481],[-65.651412827313379,-17.335277301434587],[-65.649297381512724,-17.335193513348543],[-65.643301245770544,-17.327568797528329],[-65.640860816082977,-17.322396713543924],[-65.63973537125878,-17.317672855145531],[-65.63719163004788,-17.315316213543838],[-65.633149465008671,-17.310953538739284],[-65.632179394207981,-17.303855142254918],[-65.628246641766623,-17.298139655926775],[-65.623222610516564,-17.291966182293947],[-65.621769741375999,-17.284356922528218],[-65.618064355633692,-17.281964487958021],[-65.608933081219675,-17.273601948895475],[-65.606386492840841,-17.272400444012703],[-65.603935081219674,-17.271102948895475],[-65.598651957684581,-17.270095051434623],[-65.596529597333017,-17.26780430143458],[-65.587243355633689,-17.264471487958019],[-65.586413202801793,-17.256671061200166],[-65.582245355633688,-17.252809487958018],[-65.580642806805656,-17.251079223309603],[-65.578480992840809,-17.249076444012701],[-65.574975315594713,-17.245292964520559],[-65.573114081219671,-17.238615948895472],[-65.572008566571299,-17.235462100262737],[-65.566615216961907,-17.233753799481462],[-65.563149806805711,-17.231920223309601],[-65.558905492840836,-17.229917444012699],[-65.556166517254837,-17.228467828778321],[-65.552995992352578,-17.220326555340819],[-65.5507951315127,-17.222701906903353],[-65.547163772137708,-17.220202906903353],[-65.547291894696343,-17.216974218426799],[-65.547207699872047,-17.214850231122],[-65.543663382489285,-17.209062345379834],[-65.539245391278371,-17.207663165692338],[-65.538128081219668,-17.205295948895468],[-65.536438897137714,-17.202103866864206],[-65.535623793622108,-17.19190205729393],[-65.53306663004787,-17.189533213543996],[-65.531864718426789,-17.185736718426767],[-65.519090289227563,-17.186533111981419],[-65.515474792645534,-17.185235616864304],[-65.513145809247021,-17.187842809247115],[-65.509806487958031,-17.189375399090864],[-65.508237698407243,-17.192793627606477],[-65.503935627606495,-17.190341809247116],[-65.502447372235281,-17.188675809247115],[-65.499770627606381,-17.189461627606477],[-65.490985894207995,-17.193446035809586],[-65.483127303876017,-17.191118679364308],[-65.481491809247018,-17.192007809247116],[-65.478945627606493,-17.192793627606477],[-65.476198517254829,-17.194286357098633],[-65.469645963543996,-17.196227312176745],[-65.463951627606491,-17.195339809247116],[-65.460658267743156,-17.194457187176738],[-65.458144218426696,-17.194607680340823],[-65.451032399579105,-17.194183859051805],[-65.449123983563481,-17.195888905926779],[-65.44689871842678,-17.199064718426769],[-65.446513130536118,-17.199512130536107],[-65.444723482098652,-17.200310964520554],[-65.438942917645534,-17.205291068036104],[-65.43940171842678,-17.207394718426769],[-65.437337928387649,-17.206119187176739],[-65.431071718426779,-17.206561718426769],[-65.433553635418889,-17.203237039715873],[-65.434403718426779,-17.198231718426769],[-65.429868179852576,-17.195269850262719],[-65.428110257001038,-17.194529586590761],[-65.424870179852576,-17.191937850262718],[-65.421846487469679,-17.191073938153295],[-65.420526215008806,-17.187639440106466],[-65.421373044110339,-17.180830641278362],[-65.415615257000923,-17.178702586590873],[-65.414794052411196,-17.171213721356423],[-65.412375179852575,-17.169446850262716],[-65.411079718426777,-17.169076718426766],[-65.40841680289941,-17.168053364911145],[-65.400618003094735,-17.170279850262716],[-65.391039723309575,-17.169062889325176],[-65.383958003094733,-17.167040586590872],[-65.381462257001033,-17.167780850262716],[-65.379425718426774,-17.169076718426766],[-65.379025081219652,-17.17367448795801],[-65.378156694989173,-17.174479016278326],[-65.379894280926806,-17.187806202801767],[-65.375436022625934,-17.191312286786172],[-65.36973273844626,-17.197467863934605],[-65.36153208121965,-17.201163487958013],[-65.356615022137703,-17.20271966862208],[-65.35228366618071,-17.205700246747085],[-65.345529777020488,-17.206989607098649],[-65.340838457684526,-17.209472337567433],[-65.333162492840813,-17.210694992840786],[-65.329520558270531,-17.212622118817364],[-65.310687355633831,-17.213625948895469],[-65.306554081219645,-17.215324487958014],[-65.303190355633831,-17.21612494889547],[-65.299057081219644,-17.217823487958015],[-65.296401893719747,-17.218663809247118],[-65.292259068818453,-17.221840838093158],[-65.289894081219643,-17.223654487958015],[-65.285697355633829,-17.22528794889547],[-65.284061861004886,-17.22705319303617],[-65.279984716473621,-17.226892124676738],[-65.278232081219642,-17.227819487958016],[-65.271712473309549,-17.230562530926704],[-65.270286855633742,-17.235065123700167],[-65.262373355633827,-17.236949948895472],[-65.253371830731396,-17.23930903092679],[-65.241889609051782,-17.240409664715855],[-65.238216355633824,-17.242780948895472],[-65.234916081219637,-17.245312487958017],[-65.231696340985366,-17.246831248700175],[-65.229053355633823,-17.250277948895473],[-65.227212051434606,-17.254179382489269],[-65.223556694500985,-17.25590476627832],[-65.224939604657266,-17.261181788739293],[-65.222487786297904,-17.263453828778324],[-65.219937944012656,-17.267402444012703],[-65.217358816571277,-17.271150130536114],[-65.217652074872092,-17.278542192059604],[-65.212296958661113,-17.283504399090873],[-65.214924081219635,-17.286929948895477],[-65.216125992840773,-17.290726444012705],[-65.217938418622055,-17.295897714520493],[-65.219890355633822,-17.306121487958023],[-65.222770469403258,-17.310825009442397],[-65.219922081219636,-17.312785487958024],[-65.216566490399316,-17.314368513348541],[-65.215757081219635,-17.319449487958025],[-65.214892355633822,-17.32191594889548],[-65.214091081219635,-17.328612487958026],[-65.211720203778327,-17.33537654557523],[-65.211473313641648,-17.341607776043929],[-65.213134432782283,-17.347946385418993],[-65.213407760907273,-17.354851174481439],[-65.212425081219635,-17.356934487958029],[-65.210650075360377,-17.359514022137716],[-65.209038171551697,-17.364603944989256],[-65.206994718426756,-17.366497718426785],[-65.204738947918941,-17.365801382489281],[-65.200699630047836,-17.362671124676751],[-65.193776944500996,-17.363596861004908],[-65.184596048016601,-17.366890627606494],[-65.178471382977477,-17.366020207684585],[-65.17437674870024,-17.36316002409086],[-65.169900187176722,-17.361105182293954],[-65.1699978043643,-17.359462773114274],[-65.167662313153301,-17.356119384442422],[-65.164071627606461,-17.346112809247018],[-65.163210155926777,-17.343321771161129],[-65.158354107586888,-17.338983500653342],[-65.157090371747074,-17.3348892731143],[-65.154257846356472,-17.328718239911097],[-65.151112945965792,-17.32700993912988],[-65.146025870282244,-17.328834567059516],[-65.140771218426778,-17.328521378583048],[-65.139591270672838,-17.331092777997071],[-65.132024718426749,-17.331511718426782],[-65.131572018719623,-17.335950046551716],[-65.127056410321302,-17.336975840497075],[-65.125808130536086,-17.341122130536121],[-65.116583306317352,-17.346058306317389],[-65.114146130536085,-17.350285130536122],[-65.111585306317352,-17.353555306317389],[-65.110634352215868,-17.355685801434618],[-65.107420306317351,-17.36021930631739],[-65.105952794598636,-17.363508192059612],[-65.101651130536084,-17.364446130536123],[-65.096174424098479,-17.365445439345251],[-65.093537108563453,-17.365926657879868],[-65.091676687665029,-17.367529206708014],[-65.090822130536083,-17.369444130536124],[-65.085500773602575,-17.370414608075237],[-65.080764306317349,-17.376879306317392],[-65.07990974918846,-17.378794230145502],[-65.078265306317348,-17.380211306317392],[-65.076171010907274,-17.382641974286173],[-65.071601306317348,-17.384376306317392],[-65.06833113053608,-17.386937130536126],[-65.062791355145464,-17.389409285809506],[-65.064904767254802,-17.393196832684566],[-65.06564706461819,-17.402436299481451],[-65.064104306317347,-17.405201306317394],[-65.06333313053608,-17.408595130536128],[-65.054555718426741,-17.40898071842679],[-65.054120508465815,-17.423899878582972],[-65.054183959637669,-17.426994343426713],[-65.049190840497033,-17.431791414715804],[-65.045900327801803,-17.436810565106498],[-65.043318353192433,-17.438560353192372],[-65.03747108366116,-17.441876083661157],[-65.034563718426739,-17.443966718426793],[-65.032424681805594,-17.443594146161161],[-65.026604257000997,-17.441930586590786],[-65.02381077848537,-17.440288177411105],[-65.018736718426737,-17.438968718426793],[-65.017456306317342,-17.438583130536131],[-65.014186130536075,-17.436022306317398],[-65.009959306317342,-17.43525113053613],[-65.005132136395503,-17.43321825260648],[-64.999241345868143,-17.426380982098578],[-64.997526130536073,-17.421861306317396],[-64.99663130631734,-17.420257130536129],[-64.994816033368124,-17.413587436200203],[-65.001243718426736,-17.402316718426789],[-65.000410718426735,-17.402316718426789],[-65.000410718426735,-17.396485718426788],[-64.997526130536073,-17.394372306317393],[-64.99496530631734,-17.393601130536126],[-64.99071082389554,-17.390269130536126],[-64.979580430829117,-17.391067964520516],[-64.974140306317338,-17.392706306317393],[-64.971245956708003,-17.394321057293951],[-64.967542197918931,-17.395436333661166],[-64.964820712079131,-17.39978111198144],[-64.95901533659088,-17.403404336590768],[-64.95340885612211,-17.405092300458023],[-64.952158542645464,-17.406543542645522],[-64.950816306317336,-17.407700306317395],[-64.949432989422803,-17.409305295575166],[-64.942452953778286,-17.413179070965839],[-64.942603853680566,-17.415055761395479],[-64.940591719403301,-17.422408776043937],[-64.941179049481491,-17.429721116864243],[-64.938431939129828,-17.434645090497099],[-64.938251754071246,-17.436886218426707],[-64.93890456901272,-17.445008781903368],[-64.937018116864294,-17.451901368817403],[-64.93868533707905,-17.454890081708015],[-64.933006050457891,-17.461522356122089],[-64.931719130536067,-17.464406130536133],[-64.930824306317334,-17.466010306317401],[-64.929790784344789,-17.470560080731445],[-64.926630021161088,-17.472800395184493],[-64.924776108075207,-17.472651528973643],[-64.917778175946296,-17.473717996747041],[-64.914373369793907,-17.475618277997114],[-64.907420178876009,-17.473064775067428],[-64.899389944989309,-17.472418874676748],[-64.897627954754853,-17.474463954754924],[-64.892754009930684,-17.476639191083052],[-64.890408350262589,-17.479947600262733],[-64.888403130536062,-17.485231130536135],[-64.886613482098596,-17.48677348209867],[-64.884409367352589,-17.489331052411103],[-64.879840069500972,-17.491065384442436],[-64.878407130536061,-17.492728130536136],[-64.874565894207933,-17.49513439420798],[-64.872036388836875,-17.500802698895484],[-64.866337172040005,-17.502096940106412],[-64.862953109540001,-17.506025218426714],[-64.857967718426721,-17.5064417184268],[-64.857589858563415,-17.517725451825243],[-64.856456685711976,-17.519703826825207],[-64.856761332684584,-17.522693353192381],[-64.855170579266598,-17.532751990887675],[-64.856218743817408,-17.543033521161135],[-64.85425745182522,-17.546458257489292],[-64.853075063641597,-17.551790596356454],[-64.849513663251003,-17.556077617840856],[-64.844255757489293,-17.555541536786166],[-64.841150310711953,-17.559280275067351],[-64.838315344891555,-17.56050943815336],[-64.834557489911106,-17.56266189713773],[-64.827301278973664,-17.564690707684576],[-64.821495903485413,-17.564098496747079],[-64.823992463055617,-17.567567974286078],[-64.821770858563525,-17.571447444012733],[-64.822526578290024,-17.574369451825248],[-64.825935858563412,-17.578457985028308],[-64.826844918622101,-17.582557093426715],[-64.829274366376012,-17.586799373700217],[-64.828948569012709,-17.589995523114226],[-64.832889862958041,-17.593269766278354],[-64.835098858563526,-17.59844998502831],[-64.835854578290025,-17.601025451825251],[-64.84373635270407,-17.605805440106394],[-64.845954296551781,-17.611006809247044],[-64.839430621258828,-17.614601562176802],[-64.838362119793999,-17.62412899967677],[-64.832123974774447,-17.626833809247046],[-64.827549389325213,-17.630634371747078],[-64.827146718426718,-17.635556718426812],[-64.824136448407273,-17.639050600262692],[-64.822534306317436,-17.637670130536151],[-64.821512579754938,-17.635380194012725],[-64.817154785809521,-17.631625999676771],[-64.816633754071233,-17.625144218426726],[-64.816943688641572,-17.621289152997122],[-64.815932130536055,-17.620115306317416],[-64.813371306317322,-17.618511130536149],[-64.810401303387607,-17.614375415692393],[-64.808119908368212,-17.614191569989202],[-64.805936130536054,-17.617678130536149],[-64.802883152997083,-17.619040703778296],[-64.800105130536053,-17.621010130536149],[-64.795537866376037,-17.623643354168962],[-64.79065049918853,-17.629960813153275],[-64.78294565592671,-17.627852281903301],[-64.780934335125892,-17.63018695963774],[-64.775772419598695,-17.628773950848654],[-64.774220306317432,-17.630111306317417],[-64.773063542645446,-17.631453542645545],[-64.770971687664996,-17.63325620670804],[-64.76948424577057,-17.636589020184601],[-64.765886238934513,-17.639140896161166],[-64.763422218426797,-17.639338570965776],[-64.759673718426711,-17.63903758463772],[-64.753171600262647,-17.639559836590877],[-64.749975857586946,-17.638385989911114],[-64.745898306317429,-17.640940306317418],[-64.736132926922778,-17.649050667645554],[-64.731173973797866,-17.649449271161075],[-64.729321687664992,-17.647853230145529],[-64.728081542645555,-17.645074394207995],[-64.726739306317427,-17.642668130536151],[-64.725726527997097,-17.638210278973588],[-64.71913980827054,-17.632762426434567],[-64.714037276532167,-17.631603222332956],[-64.709246306317425,-17.62600813053615],[-64.708295352215828,-17.623877635418921],[-64.705081306317425,-17.619344130536149],[-64.703629657391616,-17.616091037762658],[-64.700978130536043,-17.615117306317416],[-64.69530453825098,-17.613409005536141],[-64.694081882977514,-17.609348130536148],[-64.689910375165084,-17.61072941373925],[-64.685984130536042,-17.613513130536148],[-64.683423306317422,-17.614284306317415],[-64.679943660321328,-17.616225261395527],[-64.673883259930676,-17.618450933270481],[-64.668191364422853,-17.619318912762651],[-64.66435704264552,-17.621457542645544],[-64.660377108563409,-17.623233361981477],[-64.65760030631742,-17.626779306317417],[-64.655890785321333,-17.630609967450141],[-64.653049718426701,-17.633057718426755],[-64.651679417157197,-17.635411919598596],[-64.645945627606466,-17.637615627606408],[-64.644467133954095,-17.639270238934614],[-64.639698127606493,-17.639554955731455],[-64.635239055829061,-17.637131609051778],[-64.626474659344751,-17.638497436200225],[-64.622621627606463,-17.640947627606408],[-64.619061155430643,-17.644058561666668],[-64.616397718426697,-17.646385718426757],[-64.610952306317415,-17.646000130536152],[-64.607396600262632,-17.643215600262749],[-64.603740836590759,-17.644557836590877],[-64.597525468915023,-17.644058361981479],[-64.588743175946263,-17.650936306317419],[-64.586795306317413,-17.650165130536152],[-64.581411718426693,-17.645552718426813],[-64.583537332684557,-17.64308544401274],[-64.587690130536032,-17.641835130536151],[-64.590633288739298,-17.640754020184602],[-64.593011894207905,-17.637993894208023],[-64.59489224528221,-17.636373448895483],[-64.601093783856413,-17.634964507489315],[-64.603307765283091,-17.633133301368161],[-64.607455170575236,-17.629702941082996],[-64.609308270184556,-17.626744326825246],[-64.609733718426696,-17.618896718426811],[-64.60075009000883,-17.611435511395484],[-64.596577361981474,-17.613763681317323],[-64.589513944989278,-17.613195874676762],[-64.587441613446288,-17.615601324872102],[-64.580219161786147,-17.616919156903293],[-64.576830218426778,-17.616646642254864],[-64.568843505536108,-17.61728847526274],[-64.564739516278337,-17.615781103192376],[-64.561836218426777,-17.616014570965774],[-64.554540960614304,-17.615428867840762],[-64.55202284391504,-17.621071954754882],[-64.550821339032268,-17.625062870770478],[-64.545978306317409,-17.625946306317417],[-64.541890586590853,-17.62914733659079],[-64.536137680340801,-17.627034737957956],[-64.535596718426802,-17.620562718426811],[-64.534763718426802,-17.620562718426811],[-64.534763718426802,-17.619729718426811],[-64.534228450848616,-17.617951458661082],[-64.528946547528278,-17.616012130536149],[-64.525843541180677,-17.617137168622037],[-64.524320306317406,-17.618449306317416],[-64.524167113839667,-17.61866264745629],[-64.521448734051717,-17.622448357098676],[-64.517721384442325,-17.625659149090779],[-64.516349456219757,-17.631698399090794],[-64.514324306317405,-17.633443306317417],[-64.513360336590836,-17.63560308659072],[-64.510159306317405,-17.637608306317418],[-64.504273396649467,-17.64247696354397],[-64.501860218426771,-17.642670570965777],[-64.499681728192343,-17.642495673504925],[-64.495227130536193,-17.647666130536152],[-64.492989663250967,-17.649594069989291],[-64.491062130536022,-17.651831130536152],[-64.487612176434595,-17.653991724286186],[-64.485147749188513,-17.65951523014553],[-64.481713251141628,-17.662474657879898],[-64.479400130536021,-17.665159130536153],[-64.477197236004884,-17.666141810223621],[-64.474269940594695,-17.671219530926749],[-64.472674306317401,-17.672594306317421],[-64.472288718426796,-17.673041718426759],[-64.467239876141548,-17.669388395184512],[-64.464359355633746,-17.66847648795806],[-64.459416265301741,-17.665074528973662],[-64.456677696454165,-17.666958540692406],[-64.453193983075209,-17.668603390301712],[-64.445820631512674,-17.670359686200129],[-64.441706067059613,-17.668917392254855],[-64.439388065594699,-17.65587573600493],[-64.43683537614163,-17.653510959637742],[-64.440234081219728,-17.647651487958058],[-64.44188787907126,-17.644147030926717],[-64.445346781415026,-17.640941933270483],[-64.447759146161104,-17.635830046551746],[-64.446815920086976,-17.612238412762679],[-64.446926146161104,-17.609462017254884],[-64.446005290692426,-17.604174419598678],[-64.446125685223592,-17.601144219403295],[-64.445200355633744,-17.598504487958053],[-64.44431447965718,-17.593863604168973],[-64.442300718426793,-17.590574718426808],[-64.438460702313535,-17.589841776043954],[-64.434371355633743,-17.586842487958052],[-64.426906081219727,-17.580978948895506],[-64.424027187665047,-17.580067855145558],[-64.417743081219726,-17.572648948895505],[-64.415592655926787,-17.570656744793894],[-64.413546355633741,-17.56768348795805],[-64.412683257000992,-17.565854792645553],[-64.407731218426761,-17.566050840497098],[-64.404456161786129,-17.565920684247033],[-64.397570896161142,-17.572007115887686],[-64.390398880047769,-17.571723212567349],[-64.388411556805693,-17.572774224286093],[-64.370202290692419,-17.572052670575204],[-64.36856435563385,-17.575147948895506],[-64.367735829754906,-17.577765716473664],[-64.366065355633737,-17.579312948895506],[-64.364746710125928,-17.582107240887694],[-64.361229237469786,-17.587554279950155],[-64.358607809247076,-17.589983320965871],[-64.35856713541898,-17.591005047528313],[-64.36023435563385,-17.594155642254862],[-64.35943308121972,-17.596838487958053],[-64.358568355633849,-17.599304948895508],[-64.358167718426785,-17.601403718426809],[-64.35772030631739,-17.601789306317414],[-64.356918218426756,-17.603586276043927],[-64.354002718426784,-17.603351994793911],[-64.347755218426755,-17.60385472330961],[-64.34245948600477,-17.603428461590795],[-64.336990076336917,-17.608140931317337],[-64.333042681317352,-17.614443747723612],[-64.325166601239289,-17.619076496747084],[-64.316636892743134,-17.622313319989303],[-64.310441861981417,-17.626762223309527],[-64.308573306317442,-17.630111306317417],[-64.307802130536174,-17.63267213053615],[-64.306907306317441,-17.634276306317417],[-64.3057493224307,-17.64062467741104],[-64.299034073407199,-17.646375143231467],[-64.294161755536152,-17.64942730729399],[-64.292808130536173,-17.650998130536152],[-64.289310994793937,-17.654011247723645],[-64.286766440106362,-17.660716735028359],[-64.28434675407135,-17.66179621842673],[-64.285000789227524,-17.66993505143455],[-64.279640792157238,-17.671402563153265],[-64.273649130536171,-17.670095306317421],[-64.269036718426776,-17.669709718426759],[-64.265145453290074,-17.67331504655175],[-64.259613405926757,-17.679285151043985],[-64.255225513348591,-17.681356262372105],[-64.255487046063479,-17.687956811200195],[-64.252809081219709,-17.695597796551795],[-64.253950795575236,-17.700869124676785],[-64.25864008121971,-17.701763948895518],[-64.26360635563384,-17.705961487958064],[-64.26530408121971,-17.706761948895519],[-64.26693835563384,-17.707627487958064],[-64.272801081219711,-17.709260948895519],[-64.275252492840764,-17.710558444012747],[-64.280695057782168,-17.713127402997088],[-64.285108168133831,-17.719960606122129],[-64.287763355633729,-17.721788487958008],[-64.289982112958,-17.722835432293834],[-64.294891444012649,-17.729237492840866],[-64.296806367840702,-17.73329511393456],[-64.30109135563373,-17.73678248795801],[-64.305550834149358,-17.738193869793918],[-64.307787081219715,-17.739248948895522],[-64.308588355633844,-17.744279487958011],[-64.309984688153293,-17.746917592450245],[-64.306858497723681,-17.750994736981397],[-64.307301435711906,-17.762178412762694],[-64.303590355633844,-17.766737948895525],[-64.302255033856397,-17.769568033856501],[-64.295260355633843,-17.779232948895526],[-64.292155722332893,-17.787658125653365],[-64.285760576336941,-17.793583488934587],[-64.283439320965726,-17.796956976239244],[-64.285196023602566,-17.802504886395525],[-64.289120234539951,-17.807327175458056],[-64.286097355633729,-17.811719948895529],[-64.281964081219712,-17.819249487958018],[-64.280234630047914,-17.820851223309546],[-64.279032718426777,-17.822148718426774],[-64.275923611004828,-17.827812142254913],[-64.269469081219711,-17.83341048795802],[-64.267896593551711,-17.834295462285922],[-64.26360635563384,-17.836709948895532],[-64.262771321942296,-17.837611280926751],[-64.251976081219709,-17.84257348795802],[-64.246641708661173,-17.843843324872125],[-64.242610525555563,-17.846618093426741],[-64.239881718426773,-17.847138718426777],[-64.239488809247064,-17.847578809247068],[-64.238608627606425,-17.848364627606429],[-64.237822809247064,-17.849244809247068],[-64.230143997235302,-17.852768789715867],[-64.224320318524406,-17.857722861981415],[-64.221064378583037,-17.85921721842675],[-64.213326182782282,-17.865253214520465],[-64.211213584149448,-17.867617177411148],[-64.209453627606422,-17.869189627606431],[-64.2082744933291,-17.870509900067418],[-64.206723193524397,-17.871896064129885],[-64.203824776532201,-17.878210269207955],[-64.200290627606421,-17.882517627606433],[-64.195420750165056,-17.888761873700219],[-64.191174809247059,-17.891727809247072],[-64.188217821942374,-17.893608567059573],[-64.186569718426767,-17.895452718426782],[-64.184093902508778,-17.894990663739293],[-64.17624588737209,-17.892174407879907],[-64.172848809247057,-17.893393809247073],[-64.170302627606418,-17.894179627606434],[-64.167237041180726,-17.895845627606434],[-64.166137627606417,-17.895059809247073],[-64.164172268231482,-17.892860168622065],[-64.161165658856476,-17.890173255536183],[-64.160313948895521,-17.886511797528271],[-64.156974627606417,-17.881731809247071],[-64.1560033365908,-17.878585281903327],[-64.152023809247055,-17.877519627606432],[-64.138997202313476,-17.876161935223649],[-64.1350298771182,-17.87400622233298],[-64.129729670575216,-17.874321851239301],[-64.126789766278307,-17.873267585614258],[-64.119947208172846,-17.873675137372118],[-64.117590788646055,-17.871837019076736],[-64.11373387418854,-17.868828444012649],[-64.113632596356467,-17.867130718426779],[-64.113742008954148,-17.865293074872113],[-64.108133088055638,-17.863561183270519],[-64.106810781903334,-17.859279042645483],[-64.104990628094754,-17.859170850262615],[-64.099497627606411,-17.86002662760643],[-64.095819493329088,-17.862877049481426],[-64.088715809247049,-17.86673780924707],[-64.083670627606409,-17.867523627606431],[-64.077689947918941,-17.869669578778314],[-64.075340627606408,-17.86757080924707],[-64.073635173993182,-17.865661579754885],[-64.069514508465772,-17.865907249676809],[-64.066532710126012,-17.864286804364212],[-64.063678627606407,-17.86340580924707],[-64.057960700848639,-17.858541219403321],[-64.053251485028341,-17.855982022137653],[-64.049435873211962,-17.855755062176797],[-64.047065809247044,-17.858407809247069],[-64.044519627606405,-17.86002662760643],[-64.042066995770483,-17.863883319989213],[-64.038122041180657,-17.861739809247069],[-64.031615855633788,-17.862711100262686],[-64.029478852704074,-17.866644259442296],[-64.027906809247042,-17.87006980924707],[-64.026521865399445,-17.872618431317335],[-64.025360627606403,-17.875853627606432],[-64.025007793497309,-17.878492943623996],[-64.024967718426808,-17.87879271842678],[-64.023611246258724,-17.879961684247064],[-64.023788584149429,-17.88216945963768],[-64.015319886395503,-17.889174306317386],[-64.002430350262671,-17.887674255536183],[-63.995427130536143,-17.881677306317386],[-63.99369930631741,-17.880906130536175],[-63.989501360516556,-17.87743421256738],[-63.985627178387688,-17.879595619793918],[-63.983321303667708,-17.879410363795557],[-63.972454145672828,-17.878537286786127],[-63.966788281415063,-17.882554234051781],[-63.954995718426801,-17.882957718426781],[-63.955481363934609,-17.872211693036149],[-63.955011581219765,-17.860359339520528],[-63.952897355633809,-17.858400487958022],[-63.951164650555711,-17.855716828778327],[-63.947954265301803,-17.852741944989305],[-63.947098081219679,-17.850037948895533],[-63.946058864911095,-17.84707282682524],[-63.93931311051665,-17.841528984051763],[-63.937327414227582,-17.839386286786123],[-63.932905355633807,-17.83590948795802],[-63.932104081219677,-17.833377948895532],[-63.931239355633807,-17.831744487958019],[-63.930438081219677,-17.828379948895531],[-63.929573355633806,-17.825913487958019],[-63.928772081219677,-17.823098045575193],[-63.933259217938485,-17.815361883465869],[-63.936269081219677,-17.813418487958018],[-63.937164312176776,-17.812452077801652],[-63.937011785321261,-17.808611654950198],[-63.937976975262586,-17.804928233075202],[-63.942933081219678,-17.802589487958016],[-63.944484381024381,-17.799302229168973],[-63.945465027020532,-17.79839357584865],[-63.945399135418995,-17.796732456708014],[-63.946269555340848,-17.791734456708014],[-63.944567355633808,-17.789261487958015],[-63.9441667184268,-17.78216471842677],[-63.934556306317404,-17.781779130536165],[-63.923969722333027,-17.780632942059583],[-63.917624605145534,-17.776134416668981],[-63.908733306317401,-17.775115130536165],[-63.907129130536134,-17.774220306317432],[-63.905401306317401,-17.773449130536164],[-63.904630130536134,-17.772554306317431],[-63.903447742352512,-17.771535020184615],[-63.896770319989287,-17.769524919598609],[-63.888988603192388,-17.764007108075191],[-63.88763579166897,-17.760976094403304],[-63.883114895672804,-17.757081168622051],[-63.880011889325203,-17.755956130536163],[-63.875434456707922,-17.757637586590818],[-63.872976130536131,-17.75589430631743],[-63.870246509930666,-17.755123130536163],[-63.867519736493136,-17.758288367840862],[-63.86384607633687,-17.759927523114243],[-63.859910069989269,-17.765408728192426],[-63.852984130536129,-17.75922630631743],[-63.847234884930685,-17.755911389325149],[-63.84670571842679,-17.753009718426767],[-63.846288404950144,-17.75061077604397],[-63.843253730633762,-17.746821602215846],[-63.841079714520504,-17.745905627606419],[-63.837080257000935,-17.743476586590816],[-63.832174179852586,-17.739218850262603],[-63.829583257000934,-17.737645586590816],[-63.826374091961895,-17.735301147137648],[-63.822592646161127,-17.734220036786098],[-63.821873126141497,-17.728436218426737],[-63.822863533856435,-17.720473096356386],[-63.819587257000933,-17.715987586590813],[-63.81826901823149,-17.712858955731463],[-63.810516179852584,-17.714321586590813],[-63.805888718426786,-17.714691718426764],[-63.802439577801806,-17.72067402506741],[-63.799672130536123,-17.722636130536159],[-63.797382194012698,-17.723657857098601],[-63.794674130536123,-17.72680113053616],[-63.792758799969704,-17.727656094403301],[-63.789986065106405,-17.730874207684622],[-63.788395718426784,-17.731001923504834],[-63.786682130047893,-17.730864445965778],[-63.783627525555687,-17.731784487958009],[-63.781692264813444,-17.734030496747096],[-63.777119306317388,-17.735069306317428],[-63.775515130536121,-17.735964130536161],[-63.763877128094748,-17.736788182293992],[-63.759626306317386,-17.738401306317428],[-63.754242718426781,-17.743013718426766],[-63.75213662760649,-17.740121809247057],[-63.750967255047897,-17.736333448895493],[-63.752800831219758,-17.729488043622041],[-63.754682809247015,-17.726793809247056],[-63.75713462760649,-17.721040902997117],[-63.75296962760649,-17.715964809247055],[-63.752183809247128,-17.712585627606416],[-63.750470627606489,-17.710133809247054],[-63.749684809247015,-17.708420627606415],[-63.747804864911188,-17.704961725262706],[-63.742973627606489,-17.703469809247053],[-63.733926954754907,-17.695579086590726],[-63.736968543622083,-17.689981554364294],[-63.732144627606488,-17.684310809247052],[-63.729074973797822,-17.679483639325213],[-63.73144381754787,-17.675124218426731],[-63.729645627606487,-17.67181580924705],[-63.728551908368104,-17.669432322918851],[-63.725480627606487,-17.66848380924705],[-63.724510963543992,-17.66739863151264],[-63.724717993329136,-17.663923459637658],[-63.728026809247012,-17.661819809247049],[-63.73291498991108,-17.657809369793995],[-63.731153813153355,-17.651234038739233],[-63.732373214520521,-17.648990470379886],[-63.732142187176748,-17.645117508465773],[-63.73371626432521,-17.642220718426813],[-63.730952884442331,-17.637135676434525],[-63.732230856122101,-17.629944543622116],[-63.732094192059549,-17.627652166668952],[-63.734947867840845,-17.625837300458045],[-63.73327698698148,-17.621181774090871],[-63.731370197918977,-17.619477540692401],[-63.730525809247126,-17.617443035809515],[-63.733857809247127,-17.612672809247044],[-63.734712773114268,-17.610809134442434],[-63.736678539227569,-17.60905283854396],[-63.735339963543993,-17.606589631512634],[-63.73562061295803,-17.601883669598635],[-63.733614579754942,-17.600090767254869],[-63.733865944012678,-17.595872077801801],[-63.737930479657109,-17.594006776043955],[-63.738957087079086,-17.58850686100493],[-63.73878259635643,-17.585576718426807],[-63.738865164227548,-17.584188113934545],[-63.737134492840823,-17.581003353192386],[-63.738572719403294,-17.57563278092681],[-63.737142627606488,-17.574354809247041],[-63.736356809247013,-17.568476627606401],[-63.73436948600488,-17.564820050457968],[-63.737189809247127,-17.563525809247039],[-63.738314440594706,-17.553924345379869],[-63.739688809247014,-17.552696809247038],[-63.740474627606488,-17.550983627606399],[-63.741895364422874,-17.549364809247038],[-63.746373552899342,-17.552492626629828],[-63.750833438153336,-17.549036978192419],[-63.753306406903278,-17.550380841473668],[-63.75463562760649,-17.545855471356447],[-63.752082124676747,-17.543573669598629],[-63.752257428876021,-17.540632138348656],[-63.756471237469725,-17.539330575848624],[-63.759427818036102,-17.536022166668943],[-63.764678809247016,-17.535203809247037],[-63.765464627606491,-17.533490627606398],[-63.768010809247016,-17.530205809247036],[-63.768796627606491,-17.526826627606397],[-63.770368264325214,-17.523934718426801],[-63.768749445965852,-17.520955767254861],[-63.768854791180615,-17.519188896161154],[-63.771001962567425,-17.517270718426801],[-63.769629627606491,-17.516044809247035],[-63.768620103192291,-17.510634376629923],[-63.768962930841042,-17.504878820535282],[-63.767183305349988,-17.501116064734902],[-63.765598221550192,-17.498686129885016],[-63.764224410609188,-17.49696039416591],[-63.761372998040372,-17.494024471535909],[-63.759154799608439,-17.492202412849679],[-63.750917574891957,-17.486624384752304],[-63.74880574982916,-17.485009699030115],[-63.746482625616068,-17.483386720740214],[-63.742575709636242,-17.480653197889922],[-63.738773592999451,-17.478425375179086],[-63.737084633914037,-17.477206729480599],[-63.7342327656159,-17.474568661406295],[-63.730114362814277,-17.468794155216699],[-63.729374379576143,-17.466153002241981],[-63.728568680800947,-17.464398411640104],[-63.726755345379843,-17.46666271452051],[-63.720922718426777,-17.465937906903321],[-63.71887804508691,-17.466191711590852],[-63.717496761883808,-17.464467141278362],[-63.715623732098663,-17.464234486981468],[-63.713581092450227,-17.465435178387679],[-63.709790291668924,-17.464963361981461],[-63.708592040692395,-17.46645934537986],[-63.706391179852574,-17.467753586590788],[-63.703800257000921,-17.468493850262746],[-63.702502761883807,-17.470114295575172],[-63.701347218426804,-17.470258280926714],[-63.700085923016616,-17.470101279950143],[-63.697803714520489,-17.47106280924703],[-63.69380425700092,-17.473491850262747],[-63.686448395184584,-17.478948651043936],[-63.683067179852571,-17.48024858659079],[-63.679643257001032,-17.480988850262747],[-63.676755008465818,-17.483099008465842],[-63.669647257001031,-17.485986850262748],[-63.668042267743147,-17.487991256512714],[-63.665482257000917,-17.48691258659079],[-63.663166695965856,-17.485551640301708],[-63.662242179852569,-17.48774558659079],[-63.659928245770516,-17.491681999676757],[-63.658353761883802,-17.497189236004886],[-63.65598410465725,-17.500147850262749],[-63.652443854657179,-17.498935770184573],[-63.650949091473649,-17.497068841473663],[-63.648558283856346,-17.496771922528239],[-63.645490257000915,-17.497648850262578],[-63.643060809247118,-17.498582721356456],[-63.642180627606479,-17.498473715497084],[-63.639751179852567,-17.499407586590792],[-63.636327257001028,-17.500147850262749],[-63.634945973797812,-17.501872420575239],[-63.632624718426769,-17.502276718426799],[-63.632182593915047,-17.503509135418994],[-63.632425823407232,-17.507591160809511],[-63.628899809247116,-17.509833915692411],[-63.630384810711917,-17.516846897137725],[-63.633006645672879,-17.519188896161154],[-63.633122159344737,-17.521131478192387],[-63.631195440106467,-17.529412669598685],[-63.629248383954064,-17.529297155926713],[-63.627720268231485,-17.532625902020527],[-63.626377218426796,-17.532706436200215],[-63.625523068036102,-17.532655187176772],[-63.624734809247116,-17.533537809247036],[-63.621459345868175,-17.53504111393454],[-63.620176493329041,-17.536476900067385],[-63.617237809247115,-17.539102802411094],[-63.619689627606476,-17.541034809247037],[-63.622319597332989,-17.542242008465848],[-63.624367117840791,-17.546009218426718],[-63.622651495770526,-17.549166320965867],[-63.624687627606477,-17.554841133465857],[-63.623901809247116,-17.561026809247039],[-63.623021627606477,-17.5618126276064],[-63.622165850262718,-17.569120901043959],[-63.618854187176737,-17.570143441082905],[-63.618979462567438,-17.572248718426806],[-63.618854187176737,-17.574352368817415],[-63.619880794598657,-17.575269156903289],[-63.619663596356418,-17.578912718426807],[-63.619787651532249,-17.580995218426722],[-63.619638785321342,-17.583494218426722],[-63.619746164227536,-17.585299322918843],[-63.617237809247115,-17.589915802411099],[-63.618080570965844,-17.591986913739163],[-63.620058539227557,-17.593754598309602],[-63.618856627606476,-17.595965627606404],[-63.618070809247115,-17.603509809247043],[-63.616774127606448,-17.609577530926742],[-63.619689627606476,-17.613751479168968],[-63.618850526532242,-17.617046059247059],[-63.615571809247115,-17.619336809247045],[-63.613858627606476,-17.620122627606406],[-63.607082367840803,-17.626142354168962],[-63.602347934247121,-17.628315150067294],[-63.598031627606474,-17.635949627606408],[-63.596412809247113,-17.640161809247047],[-63.59465285270403,-17.641734259442273],[-63.592910792645512,-17.643684162762668],[-63.588877982586894,-17.642603865887679],[-63.588082809247112,-17.643493809247047],[-63.585864865399401,-17.645475438153369],[-63.584701187176734,-17.647616508465774],[-63.584852087079071,-17.650148861004823],[-63.583695730145507,-17.656345111981466],[-63.579100807782197,-17.658841671551784],[-63.575080199872104,-17.654342332684621],[-63.573921809247111,-17.659320809247049],[-63.5717038653994,-17.661302438153371],[-63.56980480436431,-17.664796319989307],[-63.568885982586892,-17.667772830731451],[-63.567210627606471,-17.669269627606411],[-63.56559180924711,-17.67181580924705],[-63.564019359051713,-17.673220683270472],[-63.563043593915097,-17.675940135418955],[-63.563390541668923,-17.681764627606412],[-63.55971362760647,-17.680978809247051],[-63.557224389325199,-17.680085611981497],[-63.553685359540054,-17.684961590497096],[-63.550550627606469,-17.685929627606413],[-63.548661735028361,-17.690843839520539],[-63.544607774579106,-17.691786658856472],[-63.543100809247107,-17.693473809247052],[-63.539328718426759,-17.693866718426762],[-63.539776130536097,-17.695085306317424],[-63.540847885907226,-17.699801843426769],[-63.543307839032252,-17.70192094987209],[-63.545107655926699,-17.706822959637748],[-63.544551644696298,-17.713745645184588],[-63.545545306317365,-17.715972130536159],[-63.549710306317365,-17.721007550457898],[-63.548106130536098,-17.72513513053616],[-63.546080980633747,-17.726880037762669],[-63.544740777997049,-17.732779369793946],[-63.537215306317364,-17.739234306317428],[-63.535672954754887,-17.741023954754894],[-63.531418472332973,-17.744689480145553],[-63.528880832196307,-17.749238441082923],[-63.529071999188488,-17.751615419598636],[-63.527094437665085,-17.754404017254899],[-63.527608961590829,-17.760806891278378],[-63.526136806436512,-17.763106447827568],[-63.525864395342126,-17.762682133822466],[-63.525127076497824,-17.761052560529095],[-63.524071592578991,-17.758420514163902],[-63.523226456549139,-17.75680024678428],[-63.52248707452793,-17.75557740393765],[-63.521642204228783,-17.754255401947887],[-63.520479964129947,-17.752739872368181],[-63.519213745980664,-17.750813341941864],[-63.5183693642158,-17.748474478906019],[-63.518053316374221,-17.747155640222672],[-63.511829715265378,-17.730214801342811],[-63.511831010235255,-17.727977734921637],[-63.511832770403714,-17.726454719546041],[-63.511728271424772,-17.724326379724346],[-63.511624521291026,-17.722907571129781],[-63.511625846221875,-17.720571077813474],[-63.511627289969738,-17.719147487187115],[-63.511522876075333,-17.716612406047602],[-63.509305128670292,-17.713675834856758],[-63.507087511632278,-17.711638582618491],[-63.50476363413901,-17.709515697480128],[-63.50339045379269,-17.708294324930819],[-63.498111727290109,-17.701799330699316],[-63.491564783298031,-17.695704915641102],[-63.490931810175312,-17.694088499237353],[-63.490510684564299,-17.692467056679106],[-63.490407268983404,-17.689624632650577],[-63.490409505581169,-17.687188697826684],[-63.490095551702154,-17.683935511852724],[-63.489991525686662,-17.682218405273943],[-63.489886952904897,-17.680288889979408],[-63.489889110170566,-17.678160269035175],[-63.489890898157057,-17.676230500158852],[-63.489893212237348,-17.674504100695287],[-63.489788481769608,-17.67308075210741],[-63.489472595107941,-17.670546142356216],[-63.489476683034468,-17.666993916361207],[-63.490111504586594,-17.665266013606185],[-63.49095850886988,-17.663343271420558],[-63.490958997131543,-17.661824764901951],[-63.490328604310832,-17.65978803154303],[-63.48958958433542,-17.658574077391677],[-63.488113213726365,-17.656439914518955],[-63.485578913311599,-17.653797541282927],[-63.484310989155517,-17.652277491171276],[-63.483890689355121,-17.650452650734735],[-63.484103431858387,-17.647817359052965],[-63.484423574663992,-17.646293580385532],[-63.484635412381408,-17.644462737796914],[-63.484637653155005,-17.642338627121092],[-63.484005057492482,-17.641115359257299],[-63.482949846368513,-17.639802689377916],[-63.479781076468328,-17.637970680693513],[-63.476401911971323,-17.636550367730365],[-63.473761941569478,-17.63553052980194],[-63.471122119576137,-17.633606778628405],[-63.472606324050105,-17.628731498271804],[-63.473137107024399,-17.626606174335336],[-63.471132350903815,-17.624170275702511],[-63.468807709736154,-17.623258113831014],[-63.466379609174567,-17.622545010163606],[-63.465113105692922,-17.621933218989909],[-63.464162942404357,-17.620719632008672],[-63.462897283581356,-17.618991533606447],[-63.462475565308068,-17.617672811030957],[-63.461949395475074,-17.616150947072015],[-63.461740784559652,-17.613923348498076],[-63.461741361785585,-17.612092990722374],[-63.461320985429552,-17.609856823057783],[-63.460795797945821,-17.607629925368315],[-63.460480581965896,-17.605393520949747],[-63.460484076171895,-17.603056981662405],[-63.461231455430038,-17.59595985610207],[-63.461337575947937,-17.593930406514914],[-63.461340136454396,-17.592307933365703],[-63.461341562847622,-17.59058151606348],[-63.461448608321973,-17.589058237259849],[-63.462086154205167,-17.586015256657447],[-63.46208635389803,-17.584392787598233],[-63.461350674394964,-17.582157313676532],[-63.459450242257788,-17.581442937900874],[-63.458077918416279,-17.581147685915141],[-63.456492272184107,-17.581042708347638],[-63.454381022649102,-17.580943386758349],[-63.452267937940348,-17.580938954374915],[-63.450789090025125,-17.581543247463003],[-63.449096674917257,-17.582871097817133],[-63.446876748689704,-17.584285936630181],[-63.444975595032872,-17.585401787959711],[-63.442968289813052,-17.585193657171942],[-63.440963795738583,-17.583774294924297],[-63.439696800586773,-17.582665196093444],[-63.437872903354616,-17.581976522890216],[-63.437268592775695,-17.581748345285291],[-63.435050989381523,-17.581237772941051],[-63.432517274975169,-17.580524457388037],[-63.429559753066371,-17.580426624761515],[-63.427024673576568,-17.581335716462434],[-63.425964156807595,-17.584985064197724],[-63.424167165711822,-17.585594329327193],[-63.422477195451734,-17.585597758084305],[-63.420259227846998,-17.585597716761981],[-63.41645676831439,-17.585492350337404],[-63.413816511102766,-17.585895308070576],[-63.412653234559173,-17.587217283662198],[-63.412016749740189,-17.588533694947955],[-63.410958983492606,-17.590461056669028],[-63.409900426579554,-17.591475488918888],[-63.407472198940127,-17.591371770929584],[-63.397652248938812,-17.588737759361436],[-63.395115404950332,-17.589641930421919],[-63.392261554209824,-17.591066398814689],[-63.390252402177225,-17.593298235070051],[-63.388770778013281,-17.595018376527776],[-63.38718317469619,-17.597357866148457],[-63.386652678076757,-17.598768910673073],[-63.385698115452954,-17.601513968977201],[-63.384954863692826,-17.60434902313699],[-63.38442186216156,-17.60688540570959],[-63.382938329126716,-17.610544345456674],[-63.381985426096037,-17.61165786541585],[-63.380716227117944,-17.613382079293046],[-63.379120932641797,-17.620480481918378],[-63.379220726504798,-17.624945499821877],[-63.379425853739292,-17.628601347124004],[-63.379315044495115,-17.632759421467426],[-63.379206129879208,-17.634589986437504],[-63.379098292794993,-17.636519976453769],[-63.379095291849694,-17.638137936035662],[-63.379516173735681,-17.639461365012778],[-63.380356082263916,-17.642501412549791],[-63.380672038969237,-17.644231776708068],[-63.380985332986086,-17.645953105967124],[-63.381300538021435,-17.648189644648198],[-63.380869865656166,-17.652949376369236],[-63.377167530069528,-17.656097077030267],[-63.374947044228463,-17.656914560999212],[-63.373045160988681,-17.657211719883549],[-63.363880363803446,-17.655694445603103],[-63.362986116375964,-17.656974742840873],[-63.363175249676715,-17.660148928387684],[-63.361970897626009,-17.662364838543965],[-63.363172809247089,-17.663438627606411],[-63.363958627606451,-17.66598480924705],[-63.365682791180689,-17.670129472333031],[-63.364005809247089,-17.673215802411107],[-63.364791627606451,-17.675147809247051],[-63.366384007977558,-17.67807795182523],[-63.366534501141643,-17.680601356122111],[-63.365278493329129,-17.686000400067371],[-63.363958627606451,-17.688428627606413],[-63.362779493329128,-17.693497400067372],[-63.361019943524411,-17.696735036786094],[-63.359539009442358,-17.699962098309527],[-63.355376449872097,-17.70187295475489],[-63.352222601239191,-17.706387749676708],[-63.352351130536192,-17.708549156903302],[-63.349855791180687,-17.710778896161173],[-63.349771596356391,-17.712192718426763],[-63.349854164227509,-17.713581322918856],[-63.34808444596581,-17.716837669598647],[-63.34829717008688,-17.720407204754792],[-63.347257953778296,-17.725272608075215],[-63.347348249676713,-17.726788928387691],[-63.346465627606449,-17.728412627606417],[-63.345679809247088,-17.730125809247056],[-63.341764546551701,-17.733623758465797],[-63.34246494987201,-17.74537442741115],[-63.340783493817355,-17.750819026043985],[-63.338135627606448,-17.75423562760642],[-63.33721151823147,-17.756249795575116],[-63.334803627606448,-17.75840062760642],[-63.332168370282261,-17.762031986981413],[-63.330638627606447,-17.763398627606421],[-63.328112376141632,-17.766880307294002],[-63.324150338543973,-17.768698427411152],[-63.322355809247085,-17.77260880924706],[-63.320737804364285,-17.775585319989204],[-63.320249718426737,-17.77716671842677],[-63.31403028336814,-17.771609860028377],[-63.313192809247084,-17.760769471356468],[-63.316584599774444,-17.757738457684582],[-63.316377569989299,-17.754266539715843],[-63.319023809247085,-17.753449809247059],[-63.319809627606446,-17.753069915692436],[-63.315564500165067,-17.750369986981411],[-63.316682623700217,-17.746196038739242],[-63.315507963543951,-17.744034631512648],[-63.315825626141645,-17.73870798698141],[-63.318190809247085,-17.737622809247057],[-63.318976627606446,-17.732577627606418],[-63.320211078290072,-17.730306401043947],[-63.317379773114226,-17.727777302411141],[-63.316456883954118,-17.725766388348575],[-63.312752718426736,-17.725986840497114],[-63.309485796551769,-17.72579241959869],[-63.307224738446337,-17.723261694012706],[-63.307372791180683,-17.720774896161174],[-63.309090446942378,-17.719240679364304],[-63.310646627606445,-17.709253627606415],[-63.314286121747102,-17.704043310223653],[-63.315644627606446,-17.70070480241111],[-63.31396439176666,-17.697611964520547],[-63.315691809247085,-17.695139809247053],[-63.316477627606446,-17.692593627606414],[-63.318131425457977,-17.687985282879879],[-63.31635275895411,-17.681344873700198],[-63.312705943524406,-17.678086900067399],[-63.31109200602441,-17.676280168622043],[-63.312799493329123,-17.674754900067398],[-63.314162473309523,-17.67322963151264],[-63.31384196354395,-17.667855805340764],[-63.315213891766632,-17.665330774090819],[-63.312312627606445,-17.663485809247049],[-63.311526809247084,-17.662605627606411],[-63.310646627606445,-17.661819809247049],[-63.309860809247084,-17.66010662760641],[-63.307576973797893,-17.65905886979391],[-63.306528809247084,-17.65677462760641],[-63.302266192059506,-17.654293524090804],[-63.30232073331598,-17.653378486609313],[-63.30078096177823,-17.652694764837179],[-63.29888094481521,-17.651572100865906],[-63.292763396122155,-17.645886092006776],[-63.291498871769988,-17.643958018323929],[-63.290447333098996,-17.641622895105399],[-63.287076694380119,-17.636845869843626],[-63.28538798608605,-17.635424502722117],[-63.283806969457771,-17.633496798212718],[-63.282861930377862,-17.630551361523317],[-63.281911740436726,-17.629540256007203],[-63.279591472545917,-17.628625847805381],[-63.276869749334594,-17.627910787389737],[-63.275561096293131,-17.635925481820095],[-63.275029754788079,-17.637643559439084],[-63.274599932575597,-17.64119640609465],[-63.274595683782195,-17.643221129112135],[-63.274592337817012,-17.645259408932361],[-63.274479634284035,-17.648093252755416],[-63.273632189237787,-17.649617393093365],[-63.272258243586748,-17.650025893400993],[-63.269721313756349,-17.650024578801606],[-63.267926289850948,-17.649918359743879],[-63.265285256050561,-17.649609794809521],[-63.263278441737782,-17.649508314153877],[-63.260744754348309,-17.648386054090167],[-63.259054547493292,-17.647773447501152],[-63.255994285624297,-17.646254045587625],[-63.253357062464715,-17.644720541019126],[-63.250823049811004,-17.643706619186673],[-63.24786614724303,-17.642995953576587],[-63.245225539582691,-17.642687118034644],[-63.242584714308236,-17.642676532149949],[-63.240786513780733,-17.64328414463705],[-63.23888303682412,-17.644298608755321],[-63.236977664319909,-17.64571980874797],[-63.235813573986434,-17.646525540135372],[-63.233696411882761,-17.648249742529003],[-63.232214448166133,-17.649571013193906],[-63.229992936686756,-17.650784587570797],[-63.228407314131005,-17.650885683156559],[-63.226612296155338,-17.650774568599729],[-63.225133921106533,-17.650369346105208],[-63.223802163440894,-17.649353834102556],[-63.221009564997473,-17.651788148402488],[-63.220584449206797,-17.653103742524536],[-63.220369668294722,-17.654423643395205],[-63.220049240079561,-17.655847597860202],[-63.219191092923893,-17.661524907389264],[-63.21833916854132,-17.664567357641261],[-63.2184411048583,-17.666198781957121],[-63.218649156766446,-17.66760864635495],[-63.21885634408477,-17.669845572462236],[-63.219170077146885,-17.671169460268572],[-63.219902721751851,-17.673803569619452],[-63.220004673288486,-17.67543047195619],[-63.220315665513624,-17.678268377748111],[-63.220628735625155,-17.680306336500678],[-63.221469922084395,-17.681923450271825],[-63.222628276906846,-17.683653223172485],[-63.223576296891338,-17.684867986840459],[-63.226842416355112,-17.689338869075016],[-63.227790255233515,-17.690860933934573],[-63.22915809756995,-17.69350789426835],[-63.229578303149992,-17.694818090712317],[-63.229997885886121,-17.696349739531456],[-63.230099047628471,-17.698478291191805],[-63.230200867508813,-17.699897288926422],[-63.230196789347076,-17.701727667928935],[-63.230192056551687,-17.703756902749717],[-63.230186434143491,-17.706292315518795],[-63.229865148992019,-17.708516220462911],[-63.229014930575431,-17.710248063589233],[-63.227635600814722,-17.712373648638902],[-63.227315893018556,-17.713689139707924],[-63.227102273024514,-17.715009038816731],[-63.225932208058623,-17.71825973259007],[-63.223172462114405,-17.723324347403832],[-63.222958138646561,-17.724843096936297],[-63.22295428409609,-17.726673471613253],[-63.223054683609519,-17.728702594226661],[-63.223260321959685,-17.731545106109138],[-63.223678983674517,-17.733275618288815],[-63.224309028789776,-17.734798017626701],[-63.22536045799535,-17.737034048017279],[-63.225991704493083,-17.738551920455564],[-63.227045116513295,-17.740679472296392],[-63.227252345518878,-17.742003447340494],[-63.227037383257539,-17.743725573113863],[-63.225871913817912,-17.744947032617802],[-63.223965671006169,-17.746359065266461],[-63.222799959744918,-17.748190629018609],[-63.223005639110568,-17.750522440602538],[-63.224267931500549,-17.753056538077146],[-63.225321792697628,-17.754479065449743],[-63.226270443583644,-17.755901696467447],[-63.227007656354658,-17.757225116599216],[-63.227638037389852,-17.758941835133044],[-63.228159836228315,-17.762095839881169],[-63.227732453092415,-17.763922132960261],[-63.226776294681883,-17.766051778972496],[-63.225714349514874,-17.767973637063676],[-63.225074611198636,-17.770514211593365],[-63.225069827691698,-17.772543432722728],[-63.225384961788393,-17.773858254515631],[-63.227492438204081,-17.77649990965989],[-63.228332543508316,-17.779034414650027],[-63.229387125482788,-17.780664806702077],[-63.230442077786677,-17.781581126031369],[-63.233820238983185,-17.783914032936252],[-63.235086722811388,-17.784929524461347],[-63.236247516119874,-17.786053588939751],[-63.237935102369022,-17.787882092564189],[-63.239305552277131,-17.78950304091677],[-63.240256075623677,-17.790523367742026],[-63.242260501165049,-17.792455425029232],[-63.243419514051084,-17.793972634861063],[-63.244791250472758,-17.795602580232639],[-63.246057206619412,-17.79702474444656],[-63.248273275178747,-17.79905140236815],[-63.25049028965509,-17.801087071971267],[-63.252070279145983,-17.803625118256321],[-63.253018119091735,-17.80565320735343],[-63.254175418172451,-17.807988361084938],[-63.255754327580746,-17.811647183858497],[-63.257019412480076,-17.813376592068835],[-63.25881256558597,-17.815304205483926],[-63.259550986323859,-17.81672691537392],[-63.260074382883488,-17.818750961973763],[-63.261127588276167,-17.821388994893255],[-63.261864717607693,-17.822915642017165],[-63.263130090640345,-17.824536541828593],[-63.264501330484848,-17.826365192938056],[-63.266294370357116,-17.828703996313379],[-63.272946722408733,-17.833779859454069],[-63.275377536410701,-17.83490204471741],[-63.277490341120938,-17.835916150669732],[-63.279709777365838,-17.836627295073583],[-63.281189075333145,-17.836937173946637],[-63.284466895622757,-17.837452523740694],[-63.286686246062686,-17.838873128759019],[-63.288691851466581,-17.840700742721708],[-63.291650001504138,-17.842328170254689],[-63.29376240077147,-17.843540949899136],[-63.295135646430253,-17.844257612040394],[-63.297566902251731,-17.845677793927791],[-63.299677411730102,-17.847713033944387],[-63.300308819720101,-17.849434009653066],[-63.300833681042832,-17.851471489958556],[-63.301359278439634,-17.853594834951991],[-63.302202704774402,-17.854709906130836],[-63.303469672649328,-17.856032253169985],[-63.304630921527007,-17.857255319005333],[-63.305475263188043,-17.858365854487658],[-63.306425433456639,-17.859995957002411],[-63.306948454590099,-17.861924955742381],[-63.30715762688078,-17.864559429747715],[-63.307259324660833,-17.866190765159899],[-63.307573710772203,-17.868214971953364],[-63.308058619687699,-17.87081740369257],[-63.306108768443892,-17.871005547337006],[-63.304293080257025,-17.870800294368792],[-63.301806955724146,-17.870003953264643],[-63.29955327796506,-17.869216288162079],[-63.297815633401342,-17.868346519334523],[-63.295718843363204,-17.866943955910187],[-63.294403739310894,-17.865788843501718],[-63.293448104007837,-17.864393696352977],[-63.292255102310037,-17.862827137753698],[-63.290728449097742,-17.860989870028163],[-63.289424970282994,-17.859866341936197],[-63.287528944571307,-17.858698418579309],[-63.285776248522268,-17.858113279682527],[-63.283865418339303,-17.858287589193708],[-63.282300678997274,-17.858972105994724],[-63.280615730773775,-17.859543785800895],[-63.278815005265756,-17.859184615880565],[-63.277078401525671,-17.858079651211597],[-63.275221197493238,-17.856974827285001],[-63.273120548155305,-17.856385505945752],[-63.271077291701829,-17.85655082197178],[-63.269092234449147,-17.857005282130331],[-63.267345944929843,-17.857811932336688],[-63.265839349582507,-17.858790003350805],[-63.264390418062874,-17.860111462681232],[-63.263542955427226,-17.861314664057261],[-63.262213444515908,-17.862644998099199],[-63.260283574477114,-17.864080002830065],[-63.25835236363389,-17.86586298100957],[-63.257144068041498,-17.867021398031454],[-63.255572394739318,-17.868858147246215],[-63.25436185738846,-17.870590508460623],[-63.253814174784281,-17.871974084393344],[-63.25410504084806,-17.873831194690922],[-63.255598563743092,-17.87534339541952],[-63.256735046713516,-17.87649898540235],[-63.256785999066949,-17.878238876019338],[-63.25569603027094,-17.87973157328247],[-63.255088389520949,-17.881065510677786],[-63.255024199225033,-17.881817322442714],[-63.253266838055708,-17.881887183270521],[-63.251543081219722,-17.880025948895536],[-63.250678355633795,-17.879225487958024],[-63.249877081219722,-17.877526948895536],[-63.248978596356494,-17.875830036786112],[-63.24694571842673,-17.8759105709658],[-63.24527971842673,-17.875843865887703],[-63.243779260907274,-17.875904063153371],[-63.239881081219778,-17.871695948895535],[-63.239016355633794,-17.870895487958023],[-63.238215081219778,-17.866697948895535],[-63.234018355633793,-17.865064487958023],[-63.232384081219777,-17.864198948895535],[-63.229020355633793,-17.863398487958023],[-63.227691134930694,-17.857818038739254],[-63.226521355633793,-17.856734487958022],[-63.224454718426728,-17.853802718426778],[-63.224014627606437,-17.85419562760643],[-63.221782041180631,-17.85669462760643],[-63.218183627606436,-17.855908809247069],[-63.217051268231444,-17.853441534833053],[-63.215685847821305,-17.853360187176804],[-63.214631175457896,-17.85565825846578],[-63.207479089520518,-17.853091739911122],[-63.206128718426726,-17.856034084637656],[-63.198599992840855,-17.8555858590517],[-63.197358627606434,-17.85669462760643],[-63.196226268231442,-17.857962837567413],[-63.194857187176808,-17.856739368817273],[-63.194961312176702,-17.854988767254895],[-63.193144005536169,-17.853365068036169],[-63.193295312176701,-17.850823767254894],[-63.191527627606433,-17.849244809247068],[-63.189952736981411,-17.847482005536165],[-63.18687210123926,-17.849156953778333],[-63.185743809247072,-17.846698627606429],[-63.184030627606433,-17.845912809247068],[-63.181574741864267,-17.844197187176803],[-63.179316530926769,-17.84433222428612],[-63.177785568036143,-17.839374898114272],[-63.168203627606431,-17.840867627606428],[-63.165554947918849,-17.845032627606429],[-63.16320562760643,-17.844246809247068],[-63.160753809247069,-17.842533627606429],[-63.153733506512708,-17.839835325848583],[-63.15172096549702,-17.837582809247067],[-63.145069981122106,-17.838786754559578],[-63.143356799481467,-17.842518985028335],[-63.140714627606428,-17.844199627606429],[-63.139928809247067,-17.845079809247068],[-63.136881526043965,-17.847802515301737],[-63.133217627606427,-17.85252962760643],[-63.130039374676699,-17.85752762760643],[-63.126752929364272,-17.856553896161188],[-63.12536839225487,-17.852070826825241],[-63.118829667645457,-17.853468379559615],[-63.113665718426716,-17.852969718426777],[-63.113280130536168,-17.855083130536173],[-63.109886306317321,-17.85585430631744],[-63.109115130536168,-17.857582130536173],[-63.10700659928608,-17.859398623700145],[-63.108531867840838,-17.862132718426778],[-63.107387306317435,-17.864184306317441],[-63.106616130536167,-17.865912130536174],[-63.105721306317434,-17.866683306317384],[-63.104950130536167,-17.867578130536174],[-63.103222306317434,-17.868349306317384],[-63.10138954362202,-17.870476547528369],[-63.099119130536167,-17.871743130536174],[-63.096558306317434,-17.872514306317385],[-63.094152042645533,-17.873856542645512],[-63.09068663248928,-17.875402961590851],[-63.09090789811421,-17.878161460614251],[-63.084939420575097,-17.879243384442361],[-63.083180684247054,-17.879102652997119],[-63.081626130536165,-17.880906130536175],[-63.080731306317432,-17.881677306317386],[-63.079541190106397,-17.884343069012743],[-63.076697276043944,-17.884114482098653],[-63.075670668622024,-17.885954566083001],[-63.075917152020509,-17.889030320965787],[-63.072433845379862,-17.891757907879935],[-63.065106048504902,-17.886563046551771],[-63.063300130536163,-17.887570130536176],[-63.062019718426711,-17.887955718426781],[-63.061404730145455,-17.886013949872108],[-63.057438218426739,-17.885856948895537],[-63.056157806317401,-17.885907384442362],[-63.054802554364244,-17.883034998700225],[-63.049118793622029,-17.884224301434585],[-63.04785871842671,-17.884173865887703],[-63.040395884442432,-17.884469971356395],[-63.038295487957953,-17.883357948895537],[-63.036596948895522,-17.882557487958024],[-63.034859362958059,-17.881637445965794],[-63.031229630536131,-17.885555962567423],[-63.029227664715734,-17.883395368817276],[-63.028283218426736,-17.883357948895537],[-63.023561800457969,-17.883545048504914],[-63.020087442059548,-17.881706591473687],[-63.013272948895519,-17.880891487958024],[-63.011520720379792,-17.879964124676803],[-63.008305861004885,-17.880091027020455],[-63.006853805340825,-17.878523457684594],[-63.002476487958063,-17.880058487958024],[-62.999944948895518,-17.880858948895536],[-62.997476047528323,-17.882558301434585],[-62.993365550457952,-17.882395606122088],[-62.990608678387673,-17.886663917645478],[-62.988715718426818,-17.886739570965801],[-62.986677959637746,-17.886658223309553],[-62.984964777997106,-17.887564436200137],[-62.981955728192304,-17.885494138348577],[-62.980728192059473,-17.886818478192424],[-62.974985861004882,-17.886591518231455],[-62.971771815106479,-17.890060182293951],[-62.969297219403302,-17.889961751629869],[-62.96437080534082,-17.891687948895537],[-62.958565836590765,-17.890633683270494],[-62.950380635418981,-17.888921315106472],[-62.94515079459859,-17.891687948895537],[-62.935657523114287,-17.890794751629869],[-62.932232786786187,-17.887098314129787],[-62.930469169598666,-17.890835425458022],[-62.928520893231337,-17.890912705731466],[-62.925753445965768,-17.890036591473688],[-62.92379622135644,-17.885889487958025],[-62.92247594889551,-17.886689948895537],[-62.92090349870017,-17.890021948895537],[-62.918140118817405,-17.889167798504843],[-62.915844487958054,-17.886689948895537],[-62.909204078778373,-17.885632429364307],[-62.909130865887676,-17.883790718426781],[-62.909246379559534,-17.880894741864211],[-62.90497074674704,-17.880725538739284],[-62.902892314129929,-17.891613922528279],[-62.898351487958053,-17.890021948895537],[-62.89408724381741,-17.889208472333053],[-62.894249939129907,-17.88510692350485],[-62.890878892254932,-17.883322969403366],[-62.889156762372124,-17.883391301434585],[-62.887977221356437,-17.880891487958024],[-62.882147848309614,-17.881742384442362],[-62.877493948895506,-17.895019948895538],[-62.876677218426721,-17.89845037955962],[-62.870949529950224,-17.898223419598651],[-62.86903053873931,-17.900295344403332],[-62.865522014325222,-17.899065367840763],[-62.860868928387674,-17.899250027020457],[-62.860833948895504,-17.898368218426754],[-62.860949462567419,-17.895441329754874],[-62.855868487958048,-17.893353948895538],[-62.85083794889556,-17.892553487958025],[-62.848371487958048,-17.890854948895537],[-62.843427990887676,-17.888522711590838],[-62.841268210614203,-17.885177695965808],[-62.835259872723611,-17.882838137372119],[-62.836676948895558,-17.878359948895536],[-62.838407213543917,-17.875846306317385],[-62.838281124676769,-17.872647716473637],[-62.840841948895559,-17.867806717450208],[-62.840039861004868,-17.866697135418974],[-62.837824764325205,-17.866784990887709],[-62.833960750653318,-17.864961176434576],[-62.831086737957946,-17.861859390301731],[-62.826543471356501,-17.85945556705957],[-62.818992781903262,-17.857477192059605],[-62.818240406180678,-17.857506942608438],[-62.818131438507919,-17.857530327051109],[-62.816654053615537,-17.857641765691369],[-62.816536405462728,-17.857574322449523],[-62.811957023114303,-17.85775540104396],[-62.810421992840816,-17.856333444012648],[-62.809220487958044,-17.855035948895534],[-62.80748859635645,-17.854219218426749],[-62.807534096660049,-17.853074828437684],[-62.803610965170947,-17.852493630044023],[-62.799601375874715,-17.852941049206777],[-62.797910797215536,-17.853052103855305],[-62.792027893985448,-17.853747571646181],[-62.791847849323517,-17.870174614288374],[-62.791749451825183,-17.879152275067383],[-62.790040337567348,-17.879365405926762],[-62.782501850262747,-17.87842258659083],[-62.78111243229398,-17.875124752606439],[-62.779653055340816,-17.874943347333044],[-62.777503850262747,-17.876663850262617],[-62.775426231122083,-17.879258840497016],[-62.771092027996986,-17.881806649090834],[-62.764475209637624,-17.880843492840768],[-62.758892319989172,-17.878697541668998],[-62.754188798504856,-17.878112652020548],[-62.752522798504856,-17.880192711590837],[-62.750870627606389,-17.879987715497123],[-62.749644718426794,-17.88045871842678],[-62.745904353192429,-17.878368083661087],[-62.744222083661043,-17.877551353192416],[-62.743405353192429,-17.876702083661087],[-62.737816769208052,-17.874497562176714],[-62.736741353192429,-17.87334242545802],[-62.74225916471579,-17.871551963543993],[-62.743389083661043,-17.869156275067382],[-62.741717389325174,-17.86754965885649],[-62.742918080731499,-17.865219048504912],[-62.74840335319243,-17.862557353192415],[-62.749220083661044,-17.861708083661085],[-62.754671190106478,-17.860891353192414],[-62.756168800457942,-17.863977683270491],[-62.761521476239295,-17.865873083661086],[-62.763381083661045,-17.84808235123927],[-62.759216083661045,-17.846730353192413],[-62.758399353192431,-17.84583227506738],[-62.760099519207984,-17.844198814129868],[-62.760031187176764,-17.840866000653364],[-62.757558218426709,-17.840916436200246],[-62.756733353192431,-17.839217083661083],[-62.755884083661044,-17.838400353192412],[-62.75506735319243,-17.831720083661082],[-62.754113145184533,-17.829867797528266],[-62.75250327506734,-17.828404353192411],[-62.749660987958009,-17.831362967450161],[-62.74840335319243,-17.830054083661082],[-62.747537000653324,-17.829221083661082],[-62.747604519207982,-17.825889083661082],[-62.745038000653324,-17.823422622723569],[-62.746714575848614,-17.820167902997014],[-62.747856696942392,-17.815482277997035],[-62.745151887372117,-17.811491361981496],[-62.746754436200149,-17.808379814129864],[-62.746708881512689,-17.806158209637658],[-62.742832665692276,-17.804899761395518],[-62.739547847332915,-17.797160345379893],[-62.737149718426792,-17.793826718426772],[-62.73595472135645,-17.790717611004936],[-62.741668580731471,-17.78908415006731],[-62.743123076825214,-17.780725678387739],[-62.747155480145523,-17.781227593426763],[-62.74999695377835,-17.779557526043959],[-62.751146396161118,-17.776829125653364],[-62.746801617840788,-17.774190207684626],[-62.745858798504855,-17.774307348309605],[-62.744469380536088,-17.772573016278329],[-62.742147718426793,-17.772168718426769],[-62.742600824872113,-17.769503769208029],[-62.745556185223677,-17.768294129559592],[-62.746312718426793,-17.763838718426769],[-62.745857985028294,-17.763460451825154],[-62.745101451825178,-17.761717985028326],[-62.744191985028294,-17.760128451825153],[-62.743435451825178,-17.757552985028326],[-62.741526222332993,-17.755965892254892],[-62.743435451825178,-17.752631451825152],[-62.744191985028294,-17.750888985028325],[-62.747523985028295,-17.749911186200222],[-62.746719456707979,-17.745633112957989],[-62.743079149090875,-17.746004058270501],[-62.740019663739304,-17.743462757489283],[-62.740306820965827,-17.740644061200214],[-62.738437451825178,-17.738393985028324],[-62.7363728483096,-17.73749834733303],[-62.731897913739203,-17.733780759442368],[-62.731553813153312,-17.73040564518459],[-62.732529985028293,-17.729230985028323],[-62.734159378583058,-17.727876546551784],[-62.730940451825177,-17.726480620770474],[-62.731696985028293,-17.725065985028323],[-62.735105451825177,-17.72430945182515],[-62.735861985028293,-17.722566985028323],[-62.738437451825178,-17.720977451825149],[-62.739394913739204,-17.718771303387712],[-62.743358985028294,-17.713263253583023],[-62.742539000653323,-17.711608642254873],[-62.738491141278359,-17.713927050457983],[-62.738229201825106,-17.711359718426763],[-62.738545644208045,-17.708260372723657],[-62.737604451825177,-17.70090898502832],[-62.735854663739303,-17.698477503582978],[-62.736106027996982,-17.696012669598645],[-62.734650718426792,-17.695864616864299],[-62.728579742840793,-17.696482859051684],[-62.727357087567441,-17.693663349286112],[-62.725032985028292,-17.692655451825146],[-62.724178834637712,-17.687864074872095],[-62.721932012372122,-17.682683042645465],[-62.719240218426705,-17.682408901043971],[-62.716034307293967,-17.682735918622029],[-62.715036985028291,-17.680993451825145],[-62.714280451825175,-17.675918985028318],[-62.7115276471377,-17.674724801434536],[-62.712806432293974,-17.671321215497017],[-62.710647465497061,-17.668722971356488],[-62.708372985028291,-17.666832451825144],[-62.707149516278321,-17.665360872723625],[-62.70587398502829,-17.667588985028317],[-62.704958823895538,-17.670705413739256],[-62.696602792645422,-17.667279863934539],[-62.69587147721586,-17.660108254559589],[-62.69754398502829,-17.655657724286186],[-62.696649160809557,-17.654004739911102],[-62.695044985028289,-17.652671451825142],[-62.693836158856413,-17.648553633465781],[-62.692421523114263,-17.648408834637735],[-62.690355292645506,-17.650897259442274],[-62.687586218426702,-17.651179535809604],[-62.685060373700082,-17.650921663739268],[-62.683407389325168,-17.651868550457891],[-62.682612622723582,-17.650911088543978],[-62.679264353192423,-17.651847400067368],[-62.673426845379822,-17.650767916668997],[-62.668876257489273,-17.654547328778278],[-62.66615924577053,-17.660811911786084],[-62.663116029950231,-17.66112265983304],[-62.663890459637685,-17.653521534833033],[-62.659380545575232,-17.652520958661171],[-62.659179616864208,-17.650550718426814],[-62.659346379559622,-17.648913190106498],[-62.654304451825169,-17.646763985028315],[-62.651728985028285,-17.646007451825142],[-62.650838228192356,-17.641009451825141],[-62.646730985028285,-17.641765985028314],[-62.645141451825168,-17.642675451825141],[-62.643398985028284,-17.643431985028315],[-62.641671974286055,-17.644420359051765],[-62.639346244793956,-17.644183637372066],[-62.635077119793948,-17.647256138348666],[-62.630487485028368,-17.647723887372081],[-62.625075425458022,-17.645696703778299],[-62.622163992840797,-17.640976912762653],[-62.61886371842678,-17.640554718426813],[-62.618209683270436,-17.642620948895512],[-62.612547072918971,-17.640628744793901],[-62.612660146161033,-17.63778971159087],[-62.607815893231475,-17.637597731122014],[-62.605102948895535,-17.638455948895512],[-62.604302487958023,-17.643486487958057],[-62.602509585614257,-17.646091239911129],[-62.602734918621991,-17.651783948895513],[-62.599312622723573,-17.650741885418938],[-62.598471487958022,-17.638455948895512],[-62.598038718426778,-17.638055718426756],[-62.59842430631744,-17.673489130536154],[-62.598527617840773,-17.674773610028353],[-62.59758805241114,-17.683449337567367],[-62.597720649090832,-17.685093373700226],[-62.596105084637713,-17.686485232098619],[-62.599926797528269,-17.689777371747084],[-62.60029042155179,-17.694310063153353],[-62.598356787762725,-17.695976063153353],[-62.598555276043896,-17.698448218426734],[-62.598384445965735,-17.700575459637662],[-62.598871718426778,-17.705528718426763],[-62.598469047528283,-17.70860528678611],[-62.59675830631744,-17.710079306317425],[-62.594666858075243,-17.713417814129855],[-62.589493147137603,-17.714244306317426],[-62.588490130536172,-17.710912306317425],[-62.586820876629872,-17.709474079754898],[-62.585991130536172,-17.707123132489301],[-62.588559276043895,-17.702520482098635],[-62.590125218426692,-17.702646570965783],[-62.591387734051807,-17.702544886395515],[-62.590890699872034,-17.696355956708032],[-62.584263306317382,-17.695147130536157],[-62.581939203778347,-17.693850448895489],[-62.574752951825246,-17.695418018231464],[-62.572663130536171,-17.694252306317424],[-62.570102306317438,-17.693481130536156],[-62.567476403973615,-17.69251716080953],[-62.562219718426775,-17.693033718426761],[-62.558888531903335,-17.695324468426747],[-62.557313641278313,-17.6972906412783],[-62.55360174772369,-17.700263084637641],[-62.549153657879913,-17.697648570965782],[-62.542383092450109,-17.696801741864306],[-62.542747529950191,-17.693866718426762],[-62.542588088543994,-17.692579798504937],[-62.543538229168917,-17.691818384442342],[-62.54211789909084,-17.684283964520546],[-62.539176367840867,-17.681928136395527],[-62.53520985612198,-17.6807941500673],[-62.534730718426772,-17.67803971842676],[-62.529641609051794,-17.673967454754859],[-62.528512503583045,-17.672557699872073],[-62.525197586590821,-17.673504586590809],[-62.522235718426771,-17.673874718426816],[-62.521160302411147,-17.672670773114305],[-62.517733939129869,-17.671098322918851],[-62.515926394208066,-17.669075206708044],[-62.516337199872112,-17.662184246747074],[-62.517774612958021,-17.660899767254875],[-62.517628187176797,-17.658443068036149],[-62.519305575848591,-17.65694383073145],[-62.520149151043995,-17.654213803387677],[-62.526952255536173,-17.652630777997103],[-62.528549923504841,-17.650842756512702],[-62.528287170575197,-17.64642720573147],[-62.529873449872127,-17.642006774090873],[-62.531769663739283,-17.640312302411132],[-62.532624627606367,-17.638448627606408],[-62.533504809247006,-17.637662809247047],[-62.534290627606367,-17.636782627606408],[-62.535170809247006,-17.635996809247047],[-62.536426003583017,-17.633261901043966],[-62.534290627606367,-17.629332809247046],[-62.533375466473615,-17.627338164715809],[-62.533513757489231,-17.625008367840849],[-62.540397396161097,-17.620630236981469],[-62.54005817643457,-17.614937527997085],[-62.538455627606368,-17.613505809247044],[-62.537669809247006,-17.612327895184592],[-62.543674893231469,-17.612685824872074],[-62.545119627606368,-17.610829471356453],[-62.5434511871768,-17.609338368817419],[-62.543564260418975,-17.607440527997085],[-62.545166809247007,-17.606008809247044],[-62.546042923504842,-17.605027756512698],[-62.545951000653304,-17.603486218426724],[-62.546002249676803,-17.602634508465769],[-62.544720210614173,-17.600275426434621],[-62.54174776725489,-17.601890990887682],[-62.539781594403337,-17.601773850262589],[-62.538502809247007,-17.597631627606404],[-62.537182536786133,-17.596452900067391],[-62.535819963543986,-17.594927631512633],[-62.536006249676802,-17.591805508465768],[-62.535123627606367,-17.590181809247042],[-62.534337809247006,-17.588338471356451],[-62.536003809247006,-17.586849809247042],[-62.536875042645477,-17.584950341473586],[-62.536787187176799,-17.583473068036142],[-62.538109900067411,-17.582291900067389],[-62.539426105145481,-17.580818694012692],[-62.53925934245018,-17.578031723309607],[-62.535956627606367,-17.57268880924704],[-62.534453322918978,-17.569412939129904],[-62.533457627606367,-17.56852380924704],[-62.532671809247006,-17.5626456276064],[-62.524050584637678,-17.561747549481481],[-62.524367840497121,-17.556421718426805],[-62.524236057293933,-17.554209875653328],[-62.527278459637671,-17.554391280926723],[-62.528459627606367,-17.551816627606399],[-62.529862874676724,-17.549234652997086],[-62.527626627606367,-17.546032809247038],[-62.526840809247005,-17.538358471356446],[-62.528979439129898,-17.536446801434522],[-62.536093291668919,-17.528336440106386],[-62.535756512372018,-17.52268277799709],[-62.543503249676803,-17.521874995770474],[-62.543452000653303,-17.521019218426716],[-62.543597612958024,-17.518583669598684],[-62.542620627606368,-17.517710809247035],[-62.541123017254904,-17.514447141278367],[-62.540050041668906,-17.508699929364241],[-62.541535449872129,-17.50456177409086],[-62.542689773114262,-17.503529472333014],[-62.538578462567386,-17.498519270184602],[-62.534290627606367,-17.497718809247033],[-62.533504809247006,-17.496005627606394],[-62.531705399090811,-17.495179948895498],[-62.530591747705046,-17.492753442027777],[-62.477566680328835,-17.483122028778268],[-62.458170596353455,-17.479574949305345],[-62.457567585614242,-17.481255670575194],[-62.457744923504833,-17.484230554364274],[-62.456575957684606,-17.488594042645559],[-62.456894840497114,-17.493946718426798],[-62.4566385953799,-17.498247569012733],[-62.45765462760636,-17.499384809247033],[-62.460978492840866,-17.500910077801791],[-62.461036249676795,-17.501878928387669],[-62.460061704754878,-17.503671830731435],[-62.460203249676795,-17.506046368817408],[-62.45865032291897,-17.507433346356436],[-62.458485187176791,-17.510212995770473],[-62.46348562760636,-17.511376267254832],[-62.462184878583003,-17.514966139325225],[-62.459271005536152,-17.516549978192415],[-62.456035809246998,-17.517710809247035],[-62.45182118717679,-17.5184974410829],[-62.451913923504833,-17.520061756512689],[-62.449882672528361,-17.522335423504899],[-62.442079805340768,-17.520519743817431],[-62.437662627606358,-17.517710809247035],[-62.436184540692409,-17.516056197918999],[-62.435082279950166,-17.515990306317406],[-62.433443124676785,-17.517824695965771],[-62.425607718426761,-17.517270718426801],[-62.422190303387708,-17.518496627606396],[-62.41921948698149,-17.517678270184604],[-62.417379402997028,-17.515619361004894],[-62.413947345379825,-17.518016676434513],[-62.412672627606355,-17.516877809247035],[-62.411183965497116,-17.515211809247035],[-62.41100500065329,-17.51768477799709],[-62.411154680340871,-17.52019109928608],[-62.406841627606354,-17.520995627606396],[-62.405344830731451,-17.522670575848622],[-62.402674187176785,-17.5234954410829],[-62.402749840497108,-17.524767718426801],[-62.402539963543973,-17.528287631512626],[-62.405175627606354,-17.533138392254841],[-62.404389809246993,-17.534370809247037],[-62.401488138348668,-17.536215774090863],[-62.40291416276267,-17.538838422528329],[-62.401843627606354,-17.541820627606398],[-62.401057809246993,-17.545199809247038],[-62.400177627606354,-17.545985627606399],[-62.399391809246993,-17.550197809247038],[-62.397789260418961,-17.551629527997079],[-62.397652596356465,-17.553922718426804],[-62.397728249676788,-17.555194182293974],[-62.39364785123928,-17.557067618817428],[-62.393511187176784,-17.559359182293974],[-62.397642834637736,-17.561255396161073],[-62.397772990887631,-17.563438767254866],[-62.396664222332959,-17.565479779950238],[-62.397678627606354,-17.56769080924704],[-62.39933323893456,-17.569168896161159],[-62.39947885123928,-17.571611766278352],[-62.398501865887738,-17.574336099286086],[-62.399617955731458,-17.576390127606487],[-62.39929581901265,-17.581798933270477],[-62.401721606122067,-17.581943732098523],[-62.403596669598642,-17.580924445965877],[-62.405615718426759,-17.5810448404971],[-62.406887995770489,-17.580969187176777],[-62.407674627606355,-17.583517809247041],[-62.410269617840868,-17.58686526530181],[-62.410081704754873,-17.590012606122116],[-62.411103431317429,-17.591891736981495],[-62.408489731122074,-17.594227228192381],[-62.409631038739292,-17.601731549481485],[-62.407674627606355,-17.602629627606404],[-62.406888809246993,-17.603509809247043],[-62.405910196942386,-17.604383483075196],[-62.409341441083029,-17.616840249676784],[-62.411006627606355,-17.616741005536142],[-62.410220809246994,-17.621002809247045],[-62.409340627606355,-17.623454627606407],[-62.40851657584858,-17.626122830731447],[-62.40640153678612,-17.628012536786173],[-62.404829900067398,-17.629772900067394],[-62.402723809246993,-17.631654471356455],[-62.404419094403352,-17.632712804364189],[-62.410108549481492,-17.632373584637719],[-62.411006627606355,-17.634330809247047],[-62.412672627606355,-17.637396802411104],[-62.411886809246994,-17.638495809247047],[-62.410999306317422,-17.639288135418951],[-62.412183728192417,-17.645952948895513],[-62.406008627606354,-17.646778627606409],[-62.404389809246993,-17.649324809247048],[-62.402017711590815,-17.651443915692425],[-62.403556809246993,-17.65427562760641],[-62.404480918621971,-17.656289795575105],[-62.406891249676789,-17.658443068036149],[-62.406792819012651,-17.660100933270485],[-62.408531218426674,-17.660205058270492],[-62.411009068036151,-17.660057005536146],[-62.412232536786121,-17.661426900067397],[-62.414332933270487,-17.663302777020533],[-62.412718182293929,-17.666820249676789],[-62.410866709637673,-17.666709616864296],[-62.406822917645457,-17.66928182975488],[-62.407734011395519,-17.670959218426731],[-62.406841627606354,-17.672601627606412],[-62.406055809246993,-17.674314809247051],[-62.405175627606354,-17.675933627606412],[-62.404389809246993,-17.677646809247051],[-62.401890809246993,-17.678793811200194],[-62.403022355145481,-17.680740460614231],[-62.406252670575213,-17.681898851239282],[-62.409334933270486,-17.681715819012709],[-62.409480545575207,-17.684160316083023],[-62.408114718426759,-17.686369718426761],[-62.400376929364313,-17.68731904557518],[-62.398740214520558,-17.683544514325149],[-62.391016254559588,-17.684331959637746],[-62.388577451825142,-17.683415985028319],[-62.378016899090824,-17.68262284537991],[-62.376531490887714,-17.679197295575193],[-62.375211218426671,-17.679331519208006],[-62.370301073895519,-17.678831231122047],[-62.368585451825254,-17.674252985028318],[-62.365089943036139,-17.671769441082915],[-62.365342934247053,-17.669293218426731],[-62.365172917645566,-17.66762721842673],[-62.365345374676792,-17.665931933270485],[-62.357679985028369,-17.665166451825144],[-62.349468752606413,-17.664159367840853],[-62.347305718426753,-17.664379819989279],[-62.344426824872073,-17.664086968426659],[-62.343584063153287,-17.657501062176777],[-62.33990308170803,-17.657876074872092],[-62.336375847333045,-17.656550921551741],[-62.338804074872087,-17.652311081708035],[-62.337598502606454,-17.649101916668997],[-62.334810718426752,-17.649385819989277],[-62.332840478192395,-17.649184891278367],[-62.33193345182525,-17.645097985028315],[-62.331023985028366,-17.644341451825142],[-62.329584131512718,-17.642608746747044],[-62.332014799481385,-17.639231192059583],[-62.331598299481414,-17.635140218426727],[-62.331940773114241,-17.631781373700221],[-62.331002021161169,-17.630142218426727],[-62.33193345182525,-17.62851445182514],[-62.332689985028367,-17.624272985028313],[-62.333621415692392,-17.622645218426726],[-62.332689985028367,-17.621017451825253],[-62.331855358075188,-17.613578208661181],[-62.326858985028366,-17.612687451825252],[-62.326102451825136,-17.60907398893454],[-62.329806210614151,-17.605997420575193],[-62.325345918621963,-17.60406297330951],[-62.324436451825136,-17.600863569989201],[-62.327102214520551,-17.601135271161183],[-62.329357985028366,-17.597944816082986],[-62.326858985028366,-17.596860451825137],[-62.325856781903326,-17.593445477215823],[-62.326318836590815,-17.588908718426808],[-62.325979616864288,-17.585576718426807],[-62.326181359051759,-17.583593462567364],[-62.3251140778018,-17.581728974286079],[-62.32529060221583,-17.579999523114225],[-62.323352901043961,-17.57839046647365],[-62.321877254559581,-17.578540959637735],[-62.319438451825135,-17.577624985028308],[-62.316862985028365,-17.576868451825248],[-62.315962466473593,-17.57479327311421],[-62.311740523114224,-17.575223602215829],[-62.309695443036162,-17.572761208661177],[-62.311825938153277,-17.565141373700214],[-62.314440451825135,-17.564373451825247],[-62.315725744793895,-17.562827032879909],[-62.313530985028365,-17.561874451825247],[-62.311941451825248,-17.560964985028306],[-62.310198985028364,-17.560208451825247],[-62.307776451825134,-17.554300985028306],[-62.305074082684598,-17.553507845379897],[-62.303611451825248,-17.550135985028305],[-62.302701985028364,-17.548546451825246],[-62.301945451825247,-17.545970985028305],[-62.300871662762688,-17.545078601239311],[-62.301371950848647,-17.540174151043971],[-62.302800415692388,-17.537679218426717],[-62.300937554364282,-17.53442612565334],[-62.293721203778375,-17.53314001920802],[-62.292583150067401,-17.530515743817432],[-62.293037883465786,-17.526053824872065],[-62.290206985028362,-17.525222451825243],[-62.288617451825246,-17.522646985028302],[-62.287707985028362,-17.521890451825243],[-62.286951451825246,-17.520147985028302],[-62.284988532879879,-17.519296275067347],[-62.28264246647359,-17.51647188444241],[-62.278200884442356,-17.51331640885644],[-62.276246913739271,-17.510963834637721],[-62.275251218426661,-17.511065519207989],[-62.2729759244815,-17.510833678387712],[-62.271719103192424,-17.507935261395517],[-62.274341751629834,-17.503355388348666],[-62.275212985028361,-17.49862420866117],[-62.270123875653269,-17.497717182293968],[-62.270298773114234,-17.495996679364282],[-62.265660329754894,-17.492436905926809],[-62.263357377606496,-17.489664577801705],[-62.265898678387714,-17.485227063153332],[-62.267792451825244,-17.484405451825239],[-62.26854898502836,-17.483351999676756],[-62.263694156903341,-17.481246722333026],[-62.262794451825243,-17.480163985028298],[-62.259243626629939,-17.479121921551723],[-62.255297451825243,-17.475998985028298],[-62.2520777115908,-17.474012475262725],[-62.251132451825242,-17.471833985028297],[-62.249389985028358,-17.471077451825238],[-62.249071937957694,-17.441278835209459],[-62.247883197415888,-17.441060555262027],[-62.248518751629831,-17.506934685223598],[-62.249947216473686,-17.50912781803612],[-62.247283080731449,-17.510967088543964],[-62.248075406903297,-17.514501644207996],[-62.246399645184511,-17.519906382489296],[-62.247034156903339,-17.522736467450159],[-62.246092151043968,-17.526406873700182],[-62.242778861004922,-17.528694369793982],[-62.242347718426743,-17.531431718426802],[-62.241947487958043,-17.533530487958046],[-62.241081135418938,-17.535166389325241],[-62.241115301434547,-17.536028674481486],[-62.238654534833017,-17.537190319012723],[-62.243636265301802,-17.538767650067371],[-62.24354759635645,-17.541020980145561],[-62.251908508465874,-17.542617021161163],[-62.252007752606403,-17.545132290692379],[-62.2510779488955,-17.545992948895503],[-62.250277487958044,-17.546858487958048],[-62.248616368817409,-17.548396772137721],[-62.248546409832954,-17.550159575848625],[-62.249610437176784,-17.551145509442335],[-62.2519109488955,-17.556021487958049],[-62.254368461590786,-17.558297595379884],[-62.254444928387613,-17.560231229168949],[-62.249444487958044,-17.562591938153332],[-62.250244948895499,-17.563518487958049],[-62.2535769488955,-17.565090938153332],[-62.252473061200192,-17.567515098309514],[-62.248611487958044,-17.56873775358298],[-62.249453436200213,-17.572008742840865],[-62.254141501629931,-17.576352707684578],[-62.252016700848571,-17.57832132096587],[-62.251878409832955,-17.581809508465767],[-62.252760218426658,-17.581844487958051],[-62.255051781903319,-17.581754192059577],[-62.258579829754865,-17.582678301434612],[-62.260266980145559,-17.582611596356458],[-62.261073948895501,-17.586842487958052],[-62.262632569989307,-17.588285595379887],[-62.262825363934553,-17.593160760418925],[-62.256217493817417,-17.595733786786184],[-62.2560759488955,-17.599321218426724],[-62.256171939129842,-17.60175758073143],[-62.25274150846576,-17.605973016278369],[-62.253659110028252,-17.613899531903314],[-62.253511057293906,-17.617647218426725],[-62.253755913739269,-17.623836148114208],[-62.251942674481484,-17.628493301434617],[-62.247662974286015,-17.62832409830952],[-62.243414999676702,-17.631066327801705],[-62.241914948895499,-17.636789948895512],[-62.241114487958043,-17.640154487958057],[-62.239540410809525,-17.644644878582994],[-62.241238136395509,-17.647854043622033],[-62.241016057293905,-17.653466218426729],[-62.241176312176776,-17.657514077801807],[-62.239526581707935,-17.659294777997104],[-62.236083948895498,-17.660113948895514],[-62.233617487958043,-17.663478487958059],[-62.231180312176775,-17.66573588541894],[-62.234006329754891,-17.669843128583011],[-62.231918948895498,-17.671775948895515],[-62.231118487958042,-17.676806487958061],[-62.230145569989304,-17.67770781998928],[-62.231085948895497,-17.682637487958061],[-62.231951487958042,-17.683437948895516],[-62.232751948895498,-17.684303487958061],[-62.236611895184581,-17.685222716473675],[-62.237749948895498,-17.687635487958062],[-62.24186776725486,-17.688938677411045],[-62.242003617840851,-17.692362600262697],[-62.241081948895498,-17.696765948895518],[-62.239880444012726,-17.703061444012747],[-62.238323449872098,-17.707504652997102],[-62.241914948895499,-17.709199938153347],[-62.241057544598618,-17.710191566082983],[-62.237963893231438,-17.710068731122021],[-62.235250948895498,-17.710926948895519],[-62.233369377606493,-17.713842448895491],[-62.227740933270468,-17.715623962567406],[-62.22784993912984,-17.718363751629852],[-62.226087948895497,-17.72092294889552],[-62.225287487958042,-17.723454487958008],[-62.222788487958042,-17.724633215497022],[-62.223588948895497,-17.727619487958066],[-62.226087948895497,-17.728798215497022],[-62.224753033856473,-17.73099704264547],[-62.220186176434538,-17.730816450848579],[-62.220383037762588,-17.735781911786091],[-62.219456487958041,-17.73678248795801],[-62.217790487958041,-17.738325652997105],[-62.219075780926744,-17.742532953778323],[-62.221939218426655,-17.742646840497116],[-62.229310943036126,-17.742354802411114],[-62.229962537762674,-17.758800044598615],[-62.228586948895497,-17.760073948895524],[-62.228186718426741,-17.761339718426768],[-62.224986501629928,-17.759907186200223],[-62.222739679364281,-17.760135773114314],[-62.221977451825239,-17.759218985028326],[-62.218542953778297,-17.758211087567418],[-62.214331585614218,-17.755180073895531],[-62.215320773114229,-17.753453063153358],[-62.214818858075205,-17.748529089520559],[-62.212730663739251,-17.746794757489283],[-62.212903934247038,-17.745096218426738],[-62.212659077801788,-17.742698089520559],[-62.208572985028354,-17.739303451825151],[-62.206983451825238,-17.736727985028324],[-62.205240985028354,-17.734305451825151],[-62.204393342450146,-17.729552308270513],[-62.201908985028354,-17.72847445182515],[-62.201152451825237,-17.725065985028323],[-62.198399647137649,-17.721241018231467],[-62.195167704754851,-17.718555732098537],[-62.193193397137634,-17.716178753582994],[-62.191798284833055,-17.71296308073147],[-62.189240714520508,-17.710838279950167],[-62.187824451825236,-17.707572985028321],[-62.186914985028352,-17.705983451825148],[-62.183659451825235,-17.69840998502832],[-62.178762322918999,-17.69538873307522],[-62.180352669598676,-17.692613151043986],[-62.178569528973583,-17.690135301434623],[-62.179514788739255,-17.686752865887684],[-62.17657244401272,-17.685991451825146],[-62.171005823895484,-17.689180279950165],[-62.172496926434519,-17.691784218426733],[-62.170024771161138,-17.696100525067379],[-62.165531940106405,-17.69757698502832],[-62.161030974286177,-17.69499907780181],[-62.159330808270568,-17.695172348309598],[-62.159668401043859,-17.691863939129917],[-62.158246444012718,-17.689323451825146],[-62.15587760026267,-17.692176314129767],[-62.153633218426648,-17.690891021161178],[-62.151065886395486,-17.692360973309519],[-62.151212312176767,-17.693799199872103],[-62.147037550458037,-17.69507798502832],[-62.140940543622094,-17.692478113934555],[-62.141249664715815,-17.689440592450239],[-62.140146590497011,-17.686505569012638],[-62.136140218426647,-17.686913934247059],[-62.134437611981468,-17.686739850262597],[-62.13367945182523,-17.689323451825146],[-62.131096663739243,-17.690917052411123],[-62.131348027997092,-17.693388394208],[-62.129924444012715,-17.69424498502832],[-62.125517841473652,-17.691720767254878],[-62.124445679364271,-17.691829773114307],[-62.122927732098674,-17.690002704754875],[-62.121107985028345,-17.688490451825146],[-62.120215601239238,-17.687416662762701],[-62.117814218426645,-17.687661519208007],[-62.116410971356459,-17.687518347333025],[-62.115353451825229,-17.685081985028319],[-62.113706161786183,-17.683712903973685],[-62.112854451825228,-17.681749985028318],[-62.111866077801778,-17.680022974286089],[-62.112100359051738,-17.677722462567374],[-62.110960678387698,-17.675732698895501],[-62.111365789715819,-17.6717596793643],[-62.109445985028344,-17.670164451825144],[-62.108360807293991,-17.667663824872079],[-62.102781985028344,-17.666832451825144],[-62.101181063153263,-17.66591566373927],[-62.09880083073142,-17.666158893231454],[-62.093695451825226,-17.661757985028316],[-62.091050839520506,-17.660981928387685],[-62.092036773114216,-17.660162757489275],[-62.091874077801776,-17.658563462567372],[-62.092862451825226,-17.656836451825143],[-62.093618985028343,-17.654888988934545],[-62.091542992840857,-17.653164418622111],[-62.093702773114217,-17.650163503582974],[-62.0936124772158,-17.649282508465774],[-62.094324269208016,-17.646840451825142],[-62.097783985028343,-17.651005451825142],[-62.100126797528333,-17.652952101239237],[-62.101493438153341,-17.65130643815337],[-62.103253801434619,-17.649844620770466],[-62.105280985028344,-17.651005451825142],[-62.107643320965849,-17.652030432293998],[-62.111727786786162,-17.651613932293913],[-62.113610985028345,-17.647814183270555],[-62.111111985028344,-17.644341451825142],[-62.110196823895478,-17.641225023114146],[-62.107779985028344,-17.640176451825141],[-62.106262851239308,-17.638351010418944],[-62.105357451825228,-17.634268985028314],[-62.103614985028344,-17.63351245182514],[-62.101782222333043,-17.628619390301708],[-62.09374751432523,-17.62759196940334],[-62.091407955731427,-17.62783031803616],[-62.09024387077045,-17.623862992840827],[-62.090395177411096,-17.622375144208036],[-62.093117883465766,-17.620113679364295],[-62.092781917645539,-17.616814218426725],[-62.093357859051764,-17.61116136979399],[-62.09477086784085,-17.609987523114228],[-62.094304745770557,-17.605414157879864],[-62.102137711590785,-17.606212991864254],[-62.101809880536109,-17.602995692059551],[-62.09794342643454,-17.600610578778287],[-62.097405718426728,-17.596405718426809],[-62.100801983075087,-17.597913090497116],[-62.103230210614299,-17.592471745770467],[-62.10195630631739,-17.590189130536146],[-62.101044399090767,-17.586176250653352],[-62.102027078778349,-17.583502353192387],[-62.101019181317326,-17.578883433270505],[-62.103684130536124,-17.577694130536145],[-62.105288306317391,-17.575133306317412],[-62.108085038739262,-17.572723788739268],[-62.103622306317391,-17.571030130536144],[-62.102851130536123,-17.569302306317411],[-62.10112330631739,-17.568531130536144],[-62.100243124676751,-17.566558449871991],[-62.10042127604396,-17.56433521842672],[-62.100205704754842,-17.561647491864278],[-62.103658912762739,-17.558671794598581],[-62.104455306317391,-17.554308306317409],[-62.105350130536124,-17.553537130536142],[-62.106593936200113,-17.552094023114307],[-62.105064600262665,-17.547929836590868],[-62.105412768231417,-17.543591566082966],[-62.104455306317391,-17.541875130536141],[-62.103684130536124,-17.538481306317408],[-62.102072633465866,-17.537092701825202],[-62.105302948895485,-17.531303189129915],[-62.106376737958044,-17.525420126629911],[-62.109852723309587,-17.522425719403373],[-62.108620306317391,-17.520217130536139],[-62.107021011395489,-17.516632952801785],[-62.105989523114204,-17.507635088543964],[-62.106185570965863,-17.505192218426714],[-62.10610666373924,-17.504204657879882],[-62.102769782879875,-17.502715182293969],[-62.103236718426729,-17.501443718426799],[-62.098859401043853,-17.500871030926703],[-62.095354130536123,-17.498751924481496],[-62.098186655926725,-17.494756941082983],[-62.09612530631739,-17.491062130536136],[-62.095354130536123,-17.488501306317403],[-62.09445930631739,-17.487730130536136],[-62.093688130536123,-17.485169306317403],[-62.09279330631739,-17.484398130536135],[-62.092022130536122,-17.482670306317402],[-62.091099648114209,-17.481016508465871],[-62.094260004559544,-17.47960594010641],[-62.09612530631739,-17.472185406903293],[-62.092932410809624,-17.470760195965852],[-62.086962306317389,-17.469404130536134],[-62.08514581315336,-17.46729559928616],[-62.082859130536121,-17.468571130536134],[-62.077794425458023,-17.469343119793962],[-62.077914819989303,-17.470843984051726],[-62.074010132489263,-17.471841306317401],[-62.069208993817426,-17.469162527997071],[-62.064863402020535,-17.469511509442327],[-62.059566042645542,-17.468061894208006],[-62.053747244793897,-17.466739994793897],[-62.05464288248919,-17.455597806317428],[-62.057937462567338,-17.453534016278354],[-62.057786969403367,-17.451663020184583],[-62.056141306317386,-17.450245130536132],[-62.055368503583054,-17.447679425458034],[-62.051223027020512,-17.448012137372075],[-62.049986542645513,-17.443904894208003],[-62.048370978192395,-17.439503986004809],[-62.045312306317385,-17.438583130536131],[-62.042875130536117,-17.437688306317398],[-62.040314306317384,-17.436917130536131],[-62.037686777020497,-17.435952347333],[-62.037912923504905,-17.433137718426792],[-62.037651797528326,-17.429881371747115],[-62.036149306317384,-17.42858713053613],[-62.035378130536117,-17.424360306317396],[-62.034483306317384,-17.422756130536129],[-62.033662508465852,-17.420916046551724],[-62.030318306317383,-17.419424130536129],[-62.029547130536116,-17.415197306317395],[-62.028652306317383,-17.413593130536128],[-62.027792461590877,-17.41166681803611],[-62.024212351239214,-17.411953975262747],[-62.02455401139548,-17.40770274674702],[-62.022821306317383,-17.406929130536128],[-62.020609463543849,-17.405695086590868],[-62.020266421547547,-17.404184411055098],[-61.994125258788472,-17.400200438105685],[-61.939315454621976,-17.391757613060406],[-61.94073338639555,-17.392718508465862],[-61.942051218426798,-17.392745353192367],[-61.943641565106475,-17.392713627606497],[-61.945391353192349,-17.394395083661152],[-61.946208083661134,-17.395245166668929],[-61.948306853192378,-17.395202052411094],[-61.949540083661134,-17.397743353192368],[-61.95205535319235,-17.398560083661152],[-61.953654648114309,-17.400224456707974],[-61.954546218426799,-17.400242353192368],[-61.956169917645525,-17.400209814129937],[-61.957857068036105,-17.401831072918981],[-61.958703083661135,-17.403574353192369],[-61.960758738934601,-17.405549474286147],[-61.956644987958043,-17.409829987958062],[-61.954512052411189,-17.411879948895489],[-61.955927501629901,-17.413239268231337],[-61.95455435319235,-17.41606935319237],[-61.95262234635635,-17.417007291668938],[-61.953949126629823,-17.420881880536115],[-61.952004917645525,-17.422749622723529],[-61.952056166668967,-17.425232353192371],[-61.94842968815334,-17.426409453778376],[-61.950564250653315,-17.430553303387683],[-61.949379828778376,-17.43401383268457],[-61.95141270670797,-17.438204863934516],[-61.957037083661135,-17.439575571942328],[-61.956211404950238,-17.442759519207982],[-61.95038935319235,-17.442640751629824],[-61.951206083661134,-17.446057353192373],[-61.953626989911072,-17.447232013348639],[-61.953730301434518,-17.452296718426794],[-61.953704270184573,-17.453554353192374],[-61.954555166668968,-17.454371083661158],[-61.954521000653244,-17.456045218426709],[-61.95455435319235,-17.457711218426709],[-61.954489275067431,-17.460932585614216],[-61.95620977799706,-17.4627230475283],[-61.958294718426714,-17.461649258465854],[-61.960369083661135,-17.462717353192375],[-61.962051353192351,-17.463534083661159],[-61.964236351239208,-17.466866083661159],[-61.965383353192351,-17.466049353192375],[-61.966966378583038,-17.464402063153329],[-61.969123718426715,-17.464358135418991],[-61.970789718426715,-17.4643923014346],[-61.974528456708015,-17.464315834637716],[-61.974546353192352,-17.46520821842671],[-61.974497544598592,-17.467629938153323],[-61.980282989911075,-17.46774789225492],[-61.982872285809606,-17.466861202801795],[-61.983698777997063,-17.4677210475283],[-61.985391622723682,-17.466849000653326],[-61.987040539715792,-17.466883166668936],[-61.990879335614295,-17.465898860028346],[-61.992933363934526,-17.466895368817404],[-61.995371353192354,-17.469432602215818],[-61.999468021161135,-17.46934881412983],[-61.999537166668972,-17.47274507877836],[-61.997586449872131,-17.474619328778374],[-61.997879301434523,-17.488948718426798],[-61.997819104168968,-17.491907332684605],[-62.000659764325121,-17.491849575848619],[-62.002504729168948,-17.497534963543956],[-62.006133648114201,-17.499296140301794],[-62.00951608366114,-17.504285192059626],[-62.00869691276273,-17.504368166668939],[-62.007033353192355,-17.50433400065333],[-62.006200353192355,-17.505200353192379],[-62.004534353192355,-17.506801275067346],[-62.005351083661139,-17.507699353192379],[-62.006200353192355,-17.508516083661164],[-62.008089245770464,-17.512409382489295],[-62.010365353192356,-17.513514083661164],[-62.011453784833009,-17.514646443036156],[-62.017082229168977,-17.516866420575241],[-62.018679083661141,-17.51852835319238],[-62.02035484537987,-17.520139036786077],[-62.021178083661141,-17.525192353192381],[-62.022554486004879,-17.527864623700225],[-62.017862353192356,-17.530140731122117],[-62.018679083661141,-17.531856353192381],[-62.019529166668974,-17.532673083661166],[-62.019483611981457,-17.534897128583054],[-62.024340067059541,-17.541023420575243],[-62.025358539715796,-17.541002270184606],[-62.027009083661142,-17.541852353192382],[-62.033125613934601,-17.543046536786164],[-62.038849235028295,-17.547667083661167],[-62.042852353192359,-17.546850353192383],[-62.044485814129928,-17.545151000653334],[-62.046507303387671,-17.546192250653348],[-62.049509845379873,-17.545164829754924],[-62.051262073895487,-17.546066975262647],[-62.05531318717675,-17.545984000653334],[-62.055364436200193,-17.548508218426718],[-62.055314814129929,-17.550964917645558],[-62.056164083661145,-17.551848353192383],[-62.060329083661145,-17.553869028973679],[-62.05951235319236,-17.555180353192384],[-62.058654135418919,-17.556005218426719],[-62.05951235319236,-17.556830083661168],[-62.060329083661145,-17.557679353192384],[-62.063626917645536,-17.559279461590791],[-62.064538824872045,-17.561049586590798],[-62.061178353192361,-17.564278275067352],[-62.06220740104385,-17.569611427411189],[-62.06527339420802,-17.572557026043967],[-62.065344166668979,-17.57602324967678],[-62.063661897137706,-17.57598827018461],[-62.058809509442426,-17.578488083661171],[-62.056997083661145,-17.577671353192386],[-62.055836252606468,-17.576463340497014],[-62.049630239911096,-17.574339353192386],[-62.047782834637701,-17.575178861004929],[-62.047917871747018,-17.581803814129842],[-62.045875232098581,-17.583767546551769],[-62.047834083661144,-17.587569736004923],[-62.047017353192359,-17.590166353192387],[-62.045345658856434,-17.591772969403337],[-62.044518353192359,-17.595164353192388],[-62.044093718426723,-17.595572718426808],[-62.042882451825221,-17.59879571256738],[-62.044471985028338,-17.601025451825251],[-62.046101378583046,-17.602379890301791],[-62.043122427411106,-17.60367169108298],[-62.042589600262659,-17.60890071842681],[-62.042955664715805,-17.612493844403332],[-62.041949394208018,-17.615172622723549],[-62.04503816471572,-17.617077784833043],[-62.046383654950148,-17.624355146161179],[-62.045965527996998,-17.628464016278372],[-62.049357725262723,-17.629459711590869],[-62.050322508465854,-17.637002266278273],[-62.052735279950241,-17.639006672528353],[-62.050001998700168,-17.642297998700201],[-62.048226992840853,-17.643772018231459],[-62.050782122723604,-17.647323656903325],[-62.049546451825222,-17.650172451825142],[-62.048404330731444,-17.651121778973675],[-62.050302985028338,-17.660168451825143],[-62.052801985028339,-17.661252816082992],[-62.052045451825222,-17.662667451825143],[-62.049546451825222,-17.664743444012743],[-62.050472188153321,-17.666281728192416],[-62.052849166668977,-17.66825603580952],[-62.053634985028339,-17.672663451825144],[-62.057948851239303,-17.673620100262667],[-62.057668201825209,-17.67637371842676],[-62.057965934247022,-17.679289218426732],[-62.057721077801773,-17.681688974286089],[-62.059444834637702,-17.684698837567396],[-62.053845675458035,-17.686341246747077],[-62.053630917645535,-17.688452218426733],[-62.053903432293964,-17.691126115887698],[-62.052840218426809,-17.69357793424706],[-62.049693691083064,-17.693256611004927],[-62.041972985028337,-17.69424498502832],[-62.041216451825221,-17.698486451825147],[-62.039674913739304,-17.699767677411046],[-62.039469917645533,-17.701780218426734],[-62.039562653973576,-17.702692939129918],[-62.037051451825221,-17.708482451825148],[-62.035438327801785,-17.711300334637656],[-62.035303290692298,-17.712627114911129],[-62.03628678385644,-17.71614621452045],[-62.036029725262722,-17.718667991864265],[-62.03944225944241,-17.721502144208046],[-62.039596819989299,-17.723021718426764],[-62.039299901043933,-17.725937218426736],[-62.039690369793959,-17.729768693036135],[-62.039095718426722,-17.731351718426765],[-62.032988136395488,-17.730587863934545],[-62.031219638348659,-17.728380088543986],[-62.028683218426806,-17.72869490397369],[-62.025351218426806,-17.728280844403344],[-62.023110090497084,-17.728559866864259],[-62.021972850262728,-17.727649586590815],[-62.02123258659077,-17.726723850262601],[-62.020306850262727,-17.725983586590814],[-62.01956658659077,-17.725057850262601],[-62.016974850262727,-17.724317586590814],[-62.014987527020423,-17.723148620770473],[-62.012915602215799,-17.724807299481483],[-62.011698641278372,-17.727695141278218],[-62.010216486981449,-17.730217732098538],[-62.010678541668938,-17.733936133465875],[-62.008644850262726,-17.736719850262602],[-62.007834627606485,-17.740467536786184],[-62.002603159833029,-17.741118318036172],[-61.996140088543996,-17.739650806317343],[-61.994113718426718,-17.742180718426766],[-61.99283330631738,-17.742566306317428],[-61.990224486981447,-17.746731306317429],[-61.983709353192353,-17.745171871747061],[-61.982571299481378,-17.743851599286188],[-61.976316478192359,-17.744354327801716],[-61.97207013053611,-17.742566306317428],[-61.969455616864252,-17.741778861004832],[-61.970927195965828,-17.740511464520523],[-61.972841306317378,-17.737081033856498],[-61.971934279950233,-17.736674295575199],[-61.967229944989185,-17.7370525621767],[-61.965177543622076,-17.734669889325232],[-61.961525033856503,-17.73263213053616],[-61.958680306317376,-17.733403306317427],[-61.956082062176733,-17.734852921551749],[-61.95078388932518,-17.728703038739241],[-61.947049218426798,-17.728402865887688],[-61.943371490887671,-17.728698157879876],[-61.938688306317374,-17.72763413053616],[-61.933739928387752,-17.726279692059563],[-61.929147039715872,-17.731610403973605],[-61.924141718426711,-17.730518718426765],[-61.924519985028326,-17.720900985028322],[-61.926185985028326,-17.717991992840837],[-61.925056066082959,-17.708645960614263],[-61.922305701825223,-17.706361718426763],[-61.924483378583034,-17.704552546551781],[-61.922020985028325,-17.703484451825148],[-61.921128601239218,-17.702410662762702],[-61.917061218426795,-17.702825535809609],[-61.914092842450202,-17.70252292252826],[-61.911300177411192,-17.704842144208044],[-61.91118791764552,-17.705945218426734],[-61.911335970379923,-17.707398901043973],[-61.909661835614202,-17.709414695965791],[-61.907481718426709,-17.7091926168643],[-61.903115789715798,-17.709637588543956],[-61.89536498502838,-17.708482451825148],[-61.893980447918977,-17.706816451825148],[-61.892032985028379,-17.707572985028321],[-61.887213949872034,-17.711591559246983],[-61.886278451825206,-17.708405985028321],[-61.882440469403264,-17.701927457684576],[-61.884612451825205,-17.700985451825147],[-61.885368985028379,-17.70007598502832],[-61.887867985028322,-17.697999992840835],[-61.886795822918884,-17.695036497723663],[-61.884844292645539,-17.692687177411131],[-61.882908218426792,-17.692489502606406],[-61.881215373700172,-17.692662773114307],[-61.87838284830957,-17.691039887372085],[-61.875185885418887,-17.690101948895517],[-61.873783451825204,-17.688413985028319],[-61.871600080731412,-17.687466284833022],[-61.869618451825204,-17.685081985028319],[-61.867151990887749,-17.683032837567396],[-61.866286451825204,-17.680083985028318],[-61.865831718426705,-17.67970571842676],[-61.864489482098577,-17.680862482098689],[-61.862947130536099,-17.682652130536155],[-61.861219306317366,-17.683423306317422],[-61.859676954754832,-17.685212954754888],[-61.856654889325171,-17.687816893231457],[-61.855388306317366,-17.690087306317423],[-61.85433160026264,-17.693597457684575],[-61.851366478192347,-17.693359109051755],[-61.845288994793975,-17.695918306317424],[-61.841227306317364,-17.693481130536156],[-61.8403446842471,-17.692456150067301],[-61.837260794598649,-17.692704260418964],[-61.836229306317364,-17.691815130536156],[-61.834176091473637,-17.688536819989281],[-61.831231306317363,-17.687650130536156],[-61.830460130536096,-17.685089306317423],[-61.827899306317363,-17.684318130536155],[-61.825462130536096,-17.682590306317422],[-61.823734306317363,-17.681819130536155],[-61.822614149090839,-17.678099915692428],[-61.815662178387754,-17.677541057293979],[-61.811042444989255,-17.680204379559598],[-61.81143535416885,-17.685089306317423],[-61.808160297528275,-17.684152181317415],[-61.806303130536094,-17.679258306317422],[-61.803231443036168,-17.67833338346577],[-61.802664449872111,-17.671274033856491],[-61.805408306317361,-17.667403512372061],[-61.804558223309584,-17.666697414715827],[-61.801354752606471,-17.666955286786106],[-61.800086542645488,-17.665482894208026],[-61.798406713543898,-17.66403571940333],[-61.796119217450212,-17.659934984051745],[-61.797280861981449,-17.651053446942342],[-61.799191718426698,-17.650900513348574],[-61.801106642254922,-17.65105426041896],[-61.802785657879838,-17.649607899090825],[-61.804301164715866,-17.645479505536173],[-61.802129995770542,-17.644268238934615],[-61.801262016278315,-17.644337384442338],[-61.795594525067429,-17.64330996354397],[-61.792975130536092,-17.645167130536151],[-61.788995603192348,-17.646071716473671],[-61.785354482098569,-17.649208482098686],[-61.78276681315333,-17.652211837567393],[-61.780480130536091,-17.650936306317419],[-61.778752306317358,-17.650165130536152],[-61.777117218426781,-17.649253223309529],[-61.775482130536091,-17.650165130536152],[-61.773754306317358,-17.650936306317419],[-61.771255306317357,-17.652330605145551],[-61.764205718426695,-17.653049718426757],[-61.763698109051802,-17.653375109051751],[-61.763047327801758,-17.663553327801708],[-61.761199109051802,-17.664204109051752],[-61.75961445670805,-17.666678704754872],[-61.75706746159085,-17.664934611004924],[-61.752094679364291,-17.663330435223656],[-61.750552327801756,-17.664386327801708],[-61.747241478192336,-17.665189229168959],[-61.746002553387655,-17.666998401043941],[-61.746502841473614,-17.668777474286173],[-61.745046718426693,-17.669709718426759],[-61.742796642254916,-17.669298912762656],[-61.741329130536087,-17.667596306317421],[-61.740366787762696,-17.666767373700225],[-61.740630354168843,-17.663490690106414],[-61.738581206708034,-17.662576342450166],[-61.736443390301758,-17.66009605241112],[-61.735481861004928,-17.655863533856461],[-61.733778441083018,-17.656000197918956],[-61.731722785809552,-17.654854009442431],[-61.732168570965825,-17.649301218426729],[-61.731858636395543,-17.645442899090824],[-61.729605306317353,-17.643501130536151],[-61.728501418621988,-17.641026534833031],[-61.723559548504852,-17.644530178387697],[-61.719410818036181,-17.641588647137723],[-61.715366212567403,-17.6419132242861],[-61.715615136395456,-17.638814692059555],[-61.723052752606463,-17.639411783856474],[-61.725986149090829,-17.636007384442337],[-61.729667130536086,-17.63517113053615],[-61.731458405926787,-17.63417136784085],[-61.731224938153332,-17.631268069989289],[-61.72762855827051,-17.629663080731461],[-61.731560903973616,-17.622613492840856],[-61.730392751629893,-17.618343554364287],[-61.732166130536086,-17.613513130536148],[-61.733065835614184,-17.60761217155175],[-61.732901513348679,-17.605568718426809],[-61.733120338543984,-17.602839504559483],[-61.73198309830957,-17.600800932293907],[-61.732474438153304,-17.594685215497122],[-61.729358009442308,-17.590706501629825],[-61.729734649090858,-17.586020063153342],[-61.728096307293924,-17.584608681317434],[-61.726335130536086,-17.581797306317412],[-61.723774306317353,-17.581026130536145],[-61.722955948895446,-17.578309118817401],[-61.72046752409085,-17.576164794598583],[-61.719671130536085,-17.571801306317411],[-61.718776306317352,-17.570197130536144],[-61.718004317059524,-17.566798425458046],[-61.716420478192333,-17.566925327801812],[-61.711237005536077,-17.56474277018458],[-61.709675130536084,-17.562354402997073],[-61.71135007877831,-17.559352674481488],[-61.710038754559605,-17.552122494793991],[-61.708780306317351,-17.551038130536142],[-61.707843181317287,-17.54995051237205],[-61.701559074872023,-17.55045568131743],[-61.697774781903263,-17.548343896161157],[-61.696167352215866,-17.544742635418913],[-61.697758512372104,-17.538928718426803],[-61.696099020184533,-17.532865877606412],[-61.694322387372097,-17.529681116864253],[-61.694840571942393,-17.523235128583053],[-61.693782238934602,-17.519370301434606],[-61.694185723309545,-17.514355218426715],[-61.693750513348675,-17.5089407184268],[-61.693917276043976,-17.506858218426714],[-61.693766782879834,-17.504983154950253],[-61.696428478192331,-17.497734265301801],[-61.694865789715777,-17.49638796159087],[-61.697180130536083,-17.494394130536136],[-61.698130271161119,-17.493291056317389],[-61.697948865887724,-17.491031218426713],[-61.698017197918944,-17.490178694989197],[-61.697565718426688,-17.488948718426798],[-61.695414886395554,-17.488600550458045],[-61.694718550457992,-17.486797886395493],[-61.692915886395554,-17.486101550458045],[-61.691156336590836,-17.484985460614212],[-61.688663844403266,-17.48547761393462],[-61.687221550457991,-17.483465886395493],[-61.685473389325182,-17.482212319012717],[-61.684525689129885,-17.477481952801782],[-61.682952425457984,-17.477792700848624],[-61.680158133465795,-17.476019321942431],[-61.676740718426686,-17.475620718426796],[-61.676332353192436,-17.51936135319238],[-61.674045670575197,-17.520470935223614],[-61.672939342450206,-17.535172083661166],[-61.669652083661106,-17.533522353192382],[-61.666417700848683,-17.531856353192381],[-61.661377400067408,-17.534280513348563],[-61.659780545575131,-17.537379045575165],[-61.659647135418879,-17.543926718426803],[-61.659672353192434,-17.545176218426718],[-61.659655270184601,-17.546017353192383],[-61.66273671940337,-17.55056224674712],[-61.658823083661105,-17.551832083661168],[-61.658006353192434,-17.552681353192384],[-61.655535824872118,-17.55388041764553],[-61.657581718426684,-17.557254718426805],[-61.654015437176724,-17.558892246747121],[-61.652532469403354,-17.556899229168948],[-61.65127320768454,-17.557610207684604],[-61.65041661686422,-17.55976592057516],[-61.646716925458009,-17.565143000653336],[-61.643070923504922,-17.566131374676786],[-61.643935649090849,-17.571156219403292],[-61.641399229168996,-17.57272622916895],[-61.638778207684538,-17.573437207684606],[-61.637715807293944,-17.577354910809618],[-61.635090718426682,-17.577806390301703],[-61.632989508465812,-17.577445206708035],[-61.632125596356502,-17.580631594403314],[-61.630104107098646,-17.583348606122115],[-61.628809052411157,-17.583571498700223],[-61.625586058270528,-17.581576854168986],[-61.618788648114275,-17.582909328778271],[-61.618075229168994,-17.525956207684601],[-61.61759771842668,-17.525600718426801],[-61.605825899090746,-17.525139477215816],[-61.604550367840773,-17.518608073895564],[-61.598014083661099,-17.51769535319238],[-61.592199353192427,-17.515180083661164],[-61.586587178387731,-17.512965800458062],[-61.583444718426676,-17.5072747184268],[-61.580498306317338,-17.507660306317405],[-61.578092042645551,-17.509002542645533],[-61.571704624676784,-17.511852964520529],[-61.568836306317337,-17.514324306317405],[-61.567679542645465,-17.515666542645533],[-61.564995069989209,-17.517980069989278],[-61.561661443036144,-17.52184896452053],[-61.554181526043976,-17.522827576825136],[-61.55280349674706,-17.528893671551771],[-61.551343306317335,-17.530151306317407],[-61.548506713543986,-17.533443445965872],[-61.544293718426673,-17.533781852215839],[-61.540302802411134,-17.533461342450153],[-61.533899928387711,-17.540892450848673],[-61.528122617840779,-17.54194671647366],[-61.523090451825226,-17.544191911786186],[-61.520584130536179,-17.548539130536142],[-61.519689306317332,-17.549310306317409],[-61.518918130536179,-17.556036130536143],[-61.515462482098542,-17.557578482098677],[-61.510626363934477,-17.560275970379905],[-61.506794889325249,-17.559968476239249],[-61.50386230631733,-17.56180530631741],[-61.50344980671764,-17.562158527793997],[-61.503111488443267,-17.558377452302807],[-61.502462359052231,-17.554324146834574],[-61.50213862760063,-17.55241045552151],[-61.5010596948905,-17.546745362762351],[-61.500413860571769,-17.543505358376706],[-61.499769086261665,-17.540775920303076],[-61.499441858039063,-17.537944998790408],[-61.499008761745586,-17.535316584395275],[-61.498573419742513,-17.532182110447081],[-61.498352372680245,-17.529749606377436],[-61.498121992589347,-17.525401300631302],[-61.498426800857487,-17.522868912181423],[-61.498629205240434,-17.52104058091237],[-61.499142557750986,-17.517705543058071],[-61.499653295496785,-17.514257525534902],[-61.500265648774644,-17.509698795397071],[-61.50098568256152,-17.505845729591442],[-61.501282221293252,-17.501393009285664],[-61.501373975984734,-17.498352931011937],[-61.501886859842216,-17.495410955195723],[-61.501983376135229,-17.493283597154459],[-61.502180948273349,-17.49025336039017],[-61.502272902966638,-17.487113877045033],[-61.502252105749164,-17.482455397271849],[-61.502135948857699,-17.479928804646818],[-61.502011780018108,-17.475671657561406],[-61.501787592181643,-17.472335470229609],[-61.501558851420327,-17.468484165706116],[-61.501549901355077,-17.466369551173955],[-61.501535600946852,-17.463125329731497],[-61.501526523260338,-17.46109656021514],[-61.501520546758798,-17.459474457803083],[-61.501720441845009,-17.457149077124143],[-61.50171234236899,-17.455427555948063],[-61.50170231405815,-17.453299375740187],[-61.501904710311692,-17.451380656154527],[-61.501898686126879,-17.449763069978246],[-61.502099383188352,-17.447835299643145],[-61.502094688570594,-17.446412008614061],[-61.502491880570403,-17.441354571937211],[-61.502271022756076,-17.438822655052718],[-61.502681772339827,-17.436390434969496],[-61.502883256287305,-17.434363263734724],[-61.502877846842409,-17.432953519924752],[-61.502869718413592,-17.431231994008613],[-61.502864649354194,-17.42987053020488],[-61.502250809247073,-17.428532627606387],[-61.500351341473674,-17.427661394207973],[-61.497645718426668,-17.427822462567349],[-61.495458279950185,-17.427692306317397],[-61.493305007489198,-17.430101823895484],[-61.491900133465776,-17.431031627606501],[-61.486225320965787,-17.42899549577055],[-61.483924809247071,-17.430245809247026],[-61.481589318036072,-17.431317157879846],[-61.479759809247071,-17.436076809247027],[-61.478046627606432,-17.436862627606388],[-61.476422928387706,-17.437745249676766],[-61.472488955731478,-17.437510968426807],[-61.468615180340862,-17.435405691082963],[-61.467264809247069,-17.431031627606501],[-61.464272028973596,-17.42717005436424],[-61.46305262760643,-17.426080809247026],[-61.461712018231367,-17.424579944989262],[-61.459311448895505,-17.422748809247025],[-61.453098928387703,-17.427562963543949],[-61.452232575848655,-17.430367830731427],[-61.450117536786024,-17.432257536786153],[-61.448938809247068,-17.433577809247026],[-61.444726627606428,-17.435196627606388],[-61.442274809247067,-17.438575809247027],[-61.440561627606428,-17.439361627606502],[-61.437286570965796,-17.443027152997104],[-61.435230915692387,-17.444359627606502],[-61.433111809247066,-17.441027627606502],[-61.432116113934569,-17.440138497723638],[-61.430439538739279,-17.436485174481447],[-61.430709612957969,-17.431951669598675],[-61.429732627606427,-17.431078809247026],[-61.428946809247066,-17.429032915692403],[-61.432788045575194,-17.426590045575153],[-61.434730627606427,-17.423534627606386],[-61.435610809247066,-17.422748809247025],[-61.436473907879815,-17.419039356122084],[-61.436313652997114,-17.416360577801811],[-61.43233493912993,-17.414534322918996],[-61.431274979168961,-17.413347460614204],[-61.42585478483295,-17.413670410809573],[-61.4197756744814,-17.41187018717676],[-61.418094218426745,-17.411971058270467],[-61.41601171842666,-17.41184659635644],[-61.413096218426745,-17.412020680340845],[-61.410180718426659,-17.41184659635644],[-61.408098218426744,-17.411971058270467],[-61.407288809247063,-17.410206627606385],[-61.406408627606424,-17.409420809247024],[-61.404789809247063,-17.406874627606499],[-61.403808756512717,-17.40599851334855],[-61.401455368817324,-17.406138431317402],[-61.399919525067389,-17.404419555340837],[-61.397488857098608,-17.403589809247023],[-61.396459809247062,-17.406921809247024],[-61.395438896161181,-17.40976572330959],[-61.392927694012712,-17.412010105145555],[-61.390605218426742,-17.411871000653321],[-61.389655077801706,-17.411927944012689],[-61.388129809247062,-17.415251809247025],[-61.386370259442344,-17.416824259442421],[-61.384797809247061,-17.418583809247025],[-61.383712631512708,-17.419553473309577],[-61.379797368817322,-17.419320005536122],[-61.377545665692423,-17.421840155926702],[-61.374754627606421,-17.4227016276065],[-61.369452387372064,-17.424604349286085],[-61.36580557194236,-17.423295465497063],[-61.363305758465856,-17.426093011395551],[-61.362283218426739,-17.426032000653322],[-61.361450218426739,-17.426082436200204],[-61.35285177116117,-17.425569945965833],[-61.347312809247057,-17.428579809247026],[-61.344766627606418,-17.429365627606501],[-61.343905155926734,-17.430330410809574],[-61.338404427411035,-17.432028949872063],[-61.335313216473594,-17.431844290692368],[-61.333150182293991,-17.435246249676766],[-61.331878718426651,-17.435170596356443],[-61.329585527997097,-17.435307260418995],[-61.327024703778363,-17.438173138348645],[-61.322978471356464,-17.439361627606502],[-61.32188271842665,-17.438135718426793],[-61.32021671842665,-17.438135718426793],[-61.32021671842665,-17.418143718426791],[-61.31938371842665,-17.418143718426791],[-61.31938371842665,-17.444799718426793],[-61.316965252606394,-17.444408436200206],[-61.315420460614291,-17.442253536786154],[-61.311061853192314,-17.44139206510647],[-61.309338096356441,-17.444107449871979],[-61.309901022137637,-17.446955431317406],[-61.305222718426648,-17.447879540692384],[-61.303556718426648,-17.447550896161147],[-61.30097311686427,-17.448060945965835],[-61.299739886395514,-17.446117550458041],[-61.299043550458066,-17.439316886395488],[-61.298558718426648,-17.438968718426793],[-61.243125985028314,-17.439346985028294],[-61.240665218426727,-17.439597535809582],[-61.238166218426727,-17.439342917645547],[-61.237333218426727,-17.439427519207982],[-61.235667218426727,-17.439257502606495],[-61.233242244793985,-17.439504799481483],[-61.229935462567369,-17.437124567059527],[-61.226618105145519,-17.4390248483096],[-61.220101344403304,-17.437112364911172],[-61.218090430340851,-17.430260451825234],[-61.214803985028311,-17.431016985028293],[-61.2136000397158,-17.433791753582966],[-61.212201673504921,-17.43547565006736],[-61.208078974286082,-17.437836359051744],[-61.203042740887668,-17.437323055340812],[-61.200322475262737,-17.441733725262736],[-61.19814398502831,-17.442678985028294],[-61.197316679364235,-17.443673866864231],[-61.194850218426723,-17.443422502606495],[-61.193151679364234,-17.443595773114282],[-61.192389451825193,-17.442678985028294],[-61.189813985028309,-17.441089451825235],[-61.188745890301789,-17.43862705827047],[-61.185508253582896,-17.442524424481462],[-61.178374877606473,-17.4441123307314],[-61.177987662762746,-17.440315835614285],[-61.181483985028308,-17.437411724286164],[-61.179919669598576,-17.434521442059577],[-61.177357218426721,-17.434259502606494],[-61.174060197919005,-17.434596281903282],[-61.173230451825191,-17.432682985028293],[-61.170564689129833,-17.431900420575232],[-61.170811986004878,-17.429470566082955],[-61.167183880536129,-17.432082639325188],[-61.164835373700214,-17.431842663739303],[-61.163096974286077,-17.432838359051743],[-61.161508254559465,-17.432676477215807],[-61.160280718426804,-17.433137718426792],[-61.158167306317409,-17.43191913053613],[-61.157396130536142,-17.43074040299706],[-61.159062130536142,-17.42775413053613],[-61.159942312176781,-17.425781449871977],[-61.159757652997087,-17.423477684247018],[-61.161706742840806,-17.421797855145542],[-61.16316530631741,-17.418529306317396],[-61.164893130536143,-17.416092130536128],[-61.165665933270532,-17.413526425458031],[-61.166944718426805,-17.413628923504916],[-61.169359116864257,-17.413435316083053],[-61.170662306317411,-17.407700306317395],[-61.172454395184559,-17.40517202116115],[-61.171604312176783,-17.394590318036137],[-61.173608718426806,-17.393986718426788],[-61.173128767254923,-17.391916420575228],[-61.173877165692375,-17.386854969403373],[-61.204899907879792,-17.386126907879941],[-61.205262718426809,-17.385656718426787],[-61.179632512372052,-17.385252420575227],[-61.162346948895504,-17.384423487958031],[-61.157624717450233,-17.381924487958031],[-61.152350948895503,-17.382724948895486],[-61.150284718426803,-17.383819074872122],[-61.146785955731445,-17.381967602215866],[-61.142014102215796,-17.38177887565331],[-61.139022948895558,-17.382724948895486],[-61.137326850262639,-17.383623027020519],[-61.135723487958046,-17.381891948895486],[-61.134024948895558,-17.381091487958031],[-61.130876794598692,-17.379425487958031],[-61.128474598309595,-17.380465924481484],[-61.127125854168867,-17.383322854168966],[-61.124861948895557,-17.384390948895486],[-61.123226047528306,-17.385257301434592],[-61.120830359051809,-17.385162124676754],[-61.119431992840816,-17.386457992840803],[-61.118230487958044,-17.387755487958032],[-61.116606788739205,-17.389259606122096],[-61.115698948895556,-17.392720948895487],[-61.114774026043847,-17.396606112957954],[-61.097372948895554,-17.397718948895488],[-61.084595672528224,-17.399384948895488],[-61.070856866864233,-17.398483616864269],[-61.069396676434621,-17.390834496747118],[-61.061986718426795,-17.389821718426788],[-61.045008649090846,-17.390290280926706],[-61.040328718426792,-17.388391626629925],[-61.033813584637699,-17.391033798504907],[-61.027239880536115,-17.389349088543952],[-61.022616893231486,-17.38944345182523],[-61.013881781903365,-17.388167107098582],[-61.004805010418977,-17.390492836590852],[-61.001602353192368,-17.389397083661152],[-60.993106403973627,-17.388211034833034],[-60.987557680340728,-17.384449519207976],[-60.983862869793938,-17.383502632489297],[-60.977549478192429,-17.383631161786184],[-60.973280353192365,-17.381900083661151],[-60.964964182293954,-17.380546458661058],[-60.960460776043988,-17.379004107098581],[-60.954105083661148,-17.381067083661151],[-60.953696718426784,-17.381491718426787],[-60.948251306317388,-17.380273130536125],[-60.945356956708054,-17.378658379559567],[-60.942420306317388,-17.377774130536125],[-60.941627980145427,-17.375143347332994],[-60.938286218426697,-17.375411794598676],[-60.933288218426696,-17.375009937176742],[-60.92912321842681,-17.375344276043904],[-60.92306525846584,-17.374857817059535],[-60.919477013348683,-17.376859782879933],[-60.913935611004888,-17.374824464520486],[-60.906632218426807,-17.375411794598676],[-60.902440373700244,-17.375075015301775],[-60.900131727215864,-17.377753793622105],[-60.894674112958,-17.378585980145544],[-60.890615678387746,-17.383295195965843],[-60.886366076825254,-17.384856257489275],[-60.883339130536172,-17.382710306317392],[-60.881611306317382,-17.381939130536125],[-60.874538127606456,-17.377778197918985],[-60.871229718426775,-17.378992718426787],[-60.87084413053617,-17.380273130536125],[-60.86994930631738,-17.382710306317392],[-60.869130948895531,-17.385427318036136],[-60.866774307293952,-17.387457755536104],[-60.865251728064948,-17.389888917766768],[-60.865102476916888,-17.389844979344787],[-60.86644403849516,-17.387703092043296],[-60.868802131756865,-17.385671486004981],[-60.869620397035987,-17.382953743085011],[-60.870515706484241,-17.380515693768643],[-60.870901385093475,-17.379234718426858],[-60.869627950136589,-17.376341499432669],[-60.868674174094906,-17.368199663902089],[-60.864651385093453,-17.367959897463322],[-60.86275850687889,-17.368072710777028],[-60.853008153383655,-17.365461270754338],[-60.84771245076729,-17.36463602457917],[-60.848084053143566,-17.35840138509343],[-60.847935051068418,-17.355901385093432],[-60.848368744000481,-17.348624875490657],[-60.847080673321841,-17.346254473472356],[-60.847218460187037,-17.343942766929445],[-60.845948255007158,-17.342521156415103],[-60.844187848513059,-17.340948280438511],[-60.843008153383664,-17.339627937420914],[-60.842121668601749,-17.338835904543316],[-60.843026324058314,-17.332888740643568],[-60.840402944033087,-17.330544787193048],[-60.842174820050218,-17.328008166099323],[-60.843794616803279,-17.325461270754317],[-60.846542813723033,-17.323005775555771],[-60.846148361310043,-17.316387631838268],[-60.849312372947452,-17.314375353599303],[-60.850508153383657,-17.312174832766004],[-60.85175665293599,-17.308131711428132],[-60.855461283469822,-17.306431373700264],[-60.854457280580903,-17.299873756512682],[-60.846069053753808,-17.298758389894942],[-60.843863815411567,-17.2988898189314],[-60.840777407432313,-17.296733904624773],[-60.832154805605285,-17.291403399253682],[-60.828401385093457,-17.290901385093491],[-60.822135503237178,-17.290500587567408],[-60.816333946332065,-17.28880218261952],[-60.812968823854874,-17.28800058756741],[-60.810500612998624,-17.286302182619522],[-60.807968823854878,-17.284667254234137],[-60.801985522056327,-17.280079038088275],[-60.797816973472379,-17.278833920900809],[-60.795500612998751,-17.281333920900806],[-60.792467013145199,-17.282135515952803],[-60.787596356813708,-17.278783922935304],[-60.78268714660868,-17.278978472495851],[-60.778833946332043,-17.277968849286196],[-60.77287457540109,-17.27683105224844],[-60.765424471641325,-17.273770902101944],[-60.76144004577867,-17.273928830568764],[-60.75801119242584,-17.271569364016045],[-60.754635490521537,-17.270500587567369],[-60.752998400474269,-17.269634346112355],[-60.752151385093441,-17.269667915448281],[-60.750234626873976,-17.2695919266788],[-60.74553237671131,-17.267103726809012],[-60.742135490521548,-17.265500587567487],[-60.738833946332079,-17.26296884928621],[-60.736465960288797,-17.261851295575298],[-60.735367022300466,-17.258380200807949],[-60.730334393923215,-17.255421572471448],[-60.728833946332088,-17.253802157188204],[-60.727968823854781,-17.25300061299879],[-60.72633394633209,-17.250468823854931],[-60.722004036053761,-17.245345024212952],[-60.719246782935159,-17.244043780669926],[-60.718802157188179,-17.243833946332074],[-60.710228904828114,-17.238408938194084],[-60.707167279665327,-17.236302157188163],[-60.704233141685279,-17.234407447918954],[-60.701990837201208,-17.235593971356479],[-60.697978284303986,-17.235434923911782],[-60.696111040855158,-17.242133583172915],[-60.686988472088899,-17.238386431480251],[-60.678066022341056,-17.23337046061431],[-60.667176002606368,-17.220796938682327],[-60.666734718426767,-17.217568051760054],[-60.665635704144506,-17.216621193036246],[-60.667664614463547,-17.21298471842681],[-60.665666501467172,-17.209403480633853],[-60.659558408205385,-17.20557769531473],[-60.658015719199909,-17.203787050987046],[-60.65161539469625,-17.198272880658294],[-60.650515719199916,-17.194620384320388],[-60.646450879518795,-17.189706316734089],[-60.633447492067717,-17.188511578981831],[-60.631341245119472,-17.189686734621432],[-60.628583295290355,-17.189465126141613],[-60.622638140464574,-17.186961387738336],[-60.621196566367871,-17.180615918581452],[-60.622199653729467,-17.178818051760175],[-60.620839408978497,-17.176380027875098],[-60.61968238586644,-17.173787050987073],[-60.618787050986953,-17.173015719199896],[-60.618015719199889,-17.171287050987075],[-60.616368151450899,-17.168334093833664],[-60.613787050986957,-17.167182385866624],[-60.612902524416313,-17.164244458620544],[-60.609670712892921,-17.158452018841842],[-60.605453743084922,-17.157182385866633],[-60.604682360435277,-17.154620384320367],[-60.598090054933948,-17.153615847373771],[-60.597028094077814,-17.1489413427758],[-60.592953743084934,-17.148015719199975],[-60.590571032310208,-17.146686322634139],[-60.58968236043512,-17.144131263836982],[-60.592427263999639,-17.142906440838942],[-60.594234718426776,-17.143051679079463],[-60.599222307945013,-17.142650906984784],[-60.597829790855201,-17.137562787477975],[-60.593601834719095,-17.13392020935288],[-60.589369300946316,-17.132958676760154],[-60.591359911704728,-17.126312812909248],[-60.589527432863633,-17.121961616620126],[-60.584961443687178,-17.119924186810636],[-60.581921587730108,-17.117768831992919],[-60.578493599042019,-17.118044278566799],[-60.576056719566111,-17.114153694256913],[-60.576416318361623,-17.1096783677188],[-60.575453743085006,-17.10884905253323],[-60.574682360435247,-17.107953717653743],[-60.572578885500377,-17.107015098675845],[-60.568628283286841,-17.102429679974648],[-60.569112393801163,-17.096404594525495],[-60.567120409751567,-17.095515719199966],[-60.564627021893614,-17.094124549969763],[-60.561796719973017,-17.090839408978638],[-60.560174659833081,-17.089441932782336],[-60.556996457521848,-17.089697314048522],[-60.555348457440402,-17.0933905767846],[-60.552745765790007,-17.095632906699961],[-60.54923471842676,-17.095350797121512],[-60.54526778930898,-17.095669553225036],[-60.543849027101942,-17.09884905253324],[-60.542033892417692,-17.101409045005653],[-60.54048471842674,-17.101284584149482],[-60.536506904706016,-17.101604204917692],[-60.534269254152719,-17.099006955568768],[-60.528618263348619,-17.098015719199964],[-60.526796719973049,-17.100130027874968],[-60.524944760744461,-17.101725537722075],[-60.523608599448835,-17.100174659833101],[-60.523915046795878,-17.096360725506941],[-60.520169573570001,-17.092182385866636],[-60.517244361981511,-17.095577695314887],[-60.513787076418339,-17.097120384320419],[-60.510154569094141,-17.099147082114996],[-60.507776995445056,-17.097820559287754],[-60.505941159670215,-17.093706281130324],[-60.507542162681375,-17.086366269533642],[-60.504620409751624,-17.08384905253331],[-60.503543546144897,-17.080272417808374],[-60.498818051760111,-17.080652107342871],[-60.497630053306352,-17.075422742311957],[-60.496153867189832,-17.072777020876345],[-60.492125139976224,-17.070979306642982],[-60.488811643068686,-17.072196093345497],[-60.486754961753491,-17.071048581545313],[-60.481705879315484,-17.071454287315191],[-60.481034513199802,-17.069949718426756],[-60.480552718426736,-17.069949718426756],[-60.480122389325231,-17.068404926434596],[-60.478181434247062,-17.066906502606457],[-60.478603856838276,-17.064049507065931],[-60.477862395388456,-17.063718654159118],[-60.475239089520528,-17.062645512372114],[-60.473944641947412,-17.057996382914155],[-60.473751728737795,-17.057910302434095],[-60.471752528973582,-17.057091907879908],[-60.471051844673411,-17.054575100146792],[-60.470694763176141,-17.054520688650769],[-60.470655687266515,-17.054432767853996],[-60.465921528973581,-17.053759907879908],[-60.462397548504896,-17.05091111295792],[-60.452774120770471,-17.052492511395542],[-60.449339622723642,-17.051142140301749],[-60.448243056317324,-17.051304022137685],[-60.44485492643463,-17.050360389325249],[-60.443300372723627,-17.048347034833057],[-60.438578141278356,-17.051631853192418],[-60.437706907879885,-17.053759907879908],[-60.435981524090778,-17.055091569012745],[-60.435207907879885,-17.058757907879908],[-60.433970610028325,-17.060808682293953],[-60.434737718426732,-17.064118718426755],[-60.433624882489198,-17.063565554364288],[-60.432238718426731,-17.063285718426755],[-60.432238718426731,-17.061619718426755],[-60.429739718426731,-17.061619718426755],[-60.429345182293901,-17.056580231121984],[-60.426770528973691,-17.054592907879908],[-60.42490034635648,-17.051465090497118],[-60.42177252897369,-17.049594907879907],[-60.420911870770567,-17.04650451041897],[-60.417942681317413,-17.044212946942366],[-60.416766394208025,-17.037048658856406],[-60.416993354168994,-17.035512001629854],[-60.415941528973576,-17.033767907879906],[-60.415215907879883,-17.031994528973598],[-60.413223703778272,-17.029308429364278],[-60.413745955731429,-17.02577875455961],[-60.411108664715812,-17.019743571942399],[-60.410029994794002,-17.013396827801728],[-60.407533435223627,-17.011891082684599],[-60.403880111981493,-17.01243123112198],[-60.401054907879882,-17.010336528973596],[-60.399222728610937,-17.010025351534978],[-60.39923471842684,-17.010068051760186],[-60.398917871710182,-17.009979089304124],[-60.398218686525752,-17.009782775982956],[-60.398944597917023,-17.009056864591685],[-60.399311627606494,-17.007867627606458],[-60.400607495770544,-17.005483327801755],[-60.403523809247076,-17.004582809247097],[-60.40470253678609,-17.002013036786138],[-60.408802458661171,-16.99672299870025],[-60.407641627606495,-16.994586809247096],[-60.406086260418931,-16.991197865887727],[-60.405189809247076,-16.984904811200238],[-60.407688809247077,-16.983757809247095],[-60.408474627606495,-16.981211627606456],[-60.409550857098679,-16.97923162565337],[-60.415138627606495,-16.980425809247095],[-60.420457137372068,-16.981418250653292],[-60.422513606122038,-16.983719575848681],[-60.42580574577056,-16.984736421551702],[-60.429581090497095,-16.982099944012646],[-60.432666607098611,-16.98377651920805],[-60.434702738934618,-16.980575488934562],[-60.436994302411108,-16.979523663739258],[-60.438552923504915,-16.977778756512748],[-60.438460187176759,-16.97621850846582],[-60.439345249676762,-16.974589928387729],[-60.439252513348663,-16.973041882489213],[-60.44026935905174,-16.969247014325163],[-60.442775680340844,-16.967007513348676],[-60.445150218426818,-16.967149058270422],[-60.446835741864277,-16.967048187176715],[-60.451031653973587,-16.969979143231456],[-60.45093159635644,-16.971655718426746],[-60.451152048504923,-16.975352155926771],[-60.453898345379912,-16.977046627606455],[-60.459287627606443,-16.973714627606455],[-60.462095748700222,-16.972847461590845],[-60.465141404950145,-16.973029680340858],[-60.465951627606444,-16.969617959637674],[-60.459245326825226,-16.961928979168988],[-60.459460084637726,-16.958327718426744],[-60.459240445965861,-16.954642669598627],[-60.460167809247082,-16.952936809247092],[-60.460953627606443,-16.951223627606453],[-60.471829809247083,-16.950437809247092],[-60.473535669598618,-16.949510445965871],[-60.47515774186428,-16.949607249676717],[-60.478633727215822,-16.947179022137675],[-60.483491809247084,-16.946272809247091],[-60.483884718426737,-16.945832718426743],[-60.482778390301803,-16.94527304655179],[-60.482218718426736,-16.944166718426743],[-60.480223260418938,-16.940970569012734],[-60.479334130536131,-16.937055306317347],[-60.475940306317341,-16.93461813053608],[-60.47350313053613,-16.93254051139553],[-60.476835130536131,-16.93045313053608],[-60.479272306317341,-16.923558916668981],[-60.476711482098608,-16.921351954754869],[-60.470492453778377,-16.911423473309526],[-60.468876889325145,-16.910461130536078],[-60.464030195965847,-16.912241017254871],[-60.461013011395494,-16.911998601239247],[-60.456682062176696,-16.908607217450196],[-60.453035246747049,-16.908900069012645],[-60.451845130536128,-16.906234306317344],[-60.450950306317338,-16.904630130536077],[-60.450179130536128,-16.900403306317344],[-60.448535094403326,-16.898986230145454],[-60.447514181317331,-16.896699547528328],[-60.447784255536135,-16.893343956708009],[-60.441190214520532,-16.888609523114269],[-60.439350130536127,-16.889636130536076],[-60.437488082684581,-16.890407306317343],[-60.43773293912983,-16.887364090497101],[-60.440183130536127,-16.882972130536075],[-60.440954306317337,-16.878276743817423],[-60.435956306317337,-16.877141130536074],[-60.435185130536127,-16.875757406903347],[-60.437753276043964,-16.874611218426764],[-60.437592207684588,-16.872604371747059],[-60.434513198895502,-16.869951624676787],[-60.433519130536126,-16.868580916668975],[-60.435534111981497,-16.866844144208017],[-60.441840995770463,-16.86798789225486],[-60.443310134442356,-16.866282845379885],[-60.448029925458059,-16.865210683270561],[-60.446785306317338,-16.862980130536073],[-60.446014130536128,-16.85875330631734],[-60.444266782879879,-16.856289285809623],[-60.44566352213775,-16.853786218426762],[-60.444106527997121,-16.850995993817435],[-60.444432732098676,-16.846936745770506],[-60.448932884442343,-16.844928272137736],[-60.450950306317338,-16.843590916668973],[-60.449284306317338,-16.842155130536071],[-60.447510927411145,-16.840097034833036],[-60.44777205338761,-16.836847195965788],[-60.450118119793899,-16.834825706708045],[-60.450950306317338,-16.832530889325142],[-60.449160657879872,-16.827656537762664],[-60.447187163739272,-16.825956371747054],[-60.443903158856472,-16.824491300457964],[-60.443067718426732,-16.821715718426731],[-60.440025316082995,-16.822911528973577],[-60.435933528973578,-16.822185907879884],[-60.434374907879885,-16.821245528973577],[-60.430935528973578,-16.820519907879884],[-60.428747277020534,-16.819199635418954],[-60.421471542645463,-16.820598001629833],[-60.41854058659078,-16.820165232098645],[-60.41724471842673,-16.823381718426731],[-60.41515408366115,-16.823838078778294],[-60.411006980145544,-16.822314437176772],[-60.406379925458054,-16.825595188153272],[-60.40258098991103,-16.825290134442355],[-60.402962510418945,-16.820544312176708],[-60.395784393231452,-16.817575936200228],[-60.393535130536122,-16.818831130536068],[-60.391638916668967,-16.819602306317336],[-60.389140730145527,-16.816702262372075],[-60.384767480145456,-16.815386057293892],[-60.381278479168884,-16.813439407879912],[-60.378541130536121,-16.809437916668969],[-60.38025431217676,-16.807961456708028],[-60.37731684830959,-16.80665013248921],[-60.367814628583062,-16.800719888348681],[-60.365213130536119,-16.802171130536067],[-60.363085889325134,-16.802942306317334],[-60.355605972333024,-16.800195195965784],[-60.353998542645456,-16.798329894207939],[-60.352062468426709,-16.79666145377837],[-60.346825306317328,-16.794674130536066],[-60.343940718426722,-16.792629050458061],[-60.338904485028308,-16.796200212567385],[-60.336021524090768,-16.794591969403314],[-60.333559130536116,-16.790047889325137],[-60.337591533856369,-16.78657353092666],[-60.340161306317327,-16.782123814129932],[-60.333557503583052,-16.771808931317423],[-60.330096974286164,-16.769641016278285],[-60.330229570965855,-16.767987218426811],[-60.330096160809603,-16.76632121842681],[-60.330397147137717,-16.762572718426725],[-60.330014813153355,-16.757816320965787],[-60.331823985028336,-16.749520486981396],[-60.333559130536116,-16.748026130536061],[-60.334894045575254,-16.745034163739263],[-60.339390130536117,-16.743028130536061],[-60.340161306317327,-16.739517165692405],[-60.336829306317327,-16.73803013053606],[-60.336058130536117,-16.737135306317327],[-60.335163306317327,-16.73636413053606],[-60.334392130536116,-16.732137306317327],[-60.331165069012684,-16.729356843426729],[-60.325628547528311,-16.729801815106498],[-60.323001831707984,-16.732849911786104],[-60.319367218426805,-16.730821914715818],[-60.31561871842672,-16.732913362957959],[-60.312734130536114,-16.73130430631744],[-60.310173306317324,-16.73053313053606],[-60.305656070965767,-16.72887445182522],[-60.303953464520532,-16.734528927411191],[-60.299406130536113,-16.73130430631744],[-60.292680306317322,-16.728867130536059],[-60.292294718426717,-16.728419718426721],[-60.292657528973677,-16.727116528973681],[-60.295856932293987,-16.722801035809596],[-60.294982444989273,-16.716883807293982],[-60.296253095379882,-16.712527640301801],[-60.293077282879892,-16.71122770475489],[-60.291878218426803,-16.711405042645538],[-60.290455447918987,-16.711194352215841],[-60.288962718426717,-16.709260718426719],[-60.288549472333045,-16.705293393231443],[-60.285926823895466,-16.702949767254779],[-60.286096840497066,-16.700097718426719],[-60.286021187176743,-16.698829508465849],[-60.287045354168981,-16.696945496747048],[-60.283524627606482,-16.694706809247123],[-60.282674544598592,-16.68744978483295],[-60.282832359051724,-16.6847986647158],[-60.280767755536147,-16.681842490887675],[-60.274961973309587,-16.680491306317435],[-60.27190980924712,-16.678832627606482],[-60.268590011395474,-16.677308986004903],[-60.266911809247119,-16.674591974286159],[-60.27190980924712,-16.673048809247121],[-60.272794058270563,-16.666432804364263],[-60.271860187176742,-16.664713928387698],[-60.271949669598598,-16.663211437176756],[-60.278573809247121,-16.661386809247119],[-60.280033186200171,-16.659753348309607],[-60.277753011395475,-16.653399282879889],[-60.279406809247121,-16.647225809247118],[-60.28064003971582,-16.641924382489265],[-60.283054438153329,-16.63748198698147],[-60.28255496354393,-16.62910480534083],[-60.283571809247121,-16.627233809247116],[-60.284452804364264,-16.624379319989259],[-60.286287194012687,-16.621004205731424],[-60.283524627606482,-16.619736809247115],[-60.283131718426716,-16.61929671842671],[-60.282668850262723,-16.618926586590874],[-60.281928586590766,-16.613264789715799],[-60.28400295182513,-16.607867372723604],[-60.28256879264552,-16.605427756512711],[-60.285325664715799,-16.600738064129928],[-60.283965531903277,-16.595974345379886],[-60.280330105145538,-16.591429451825206],[-60.282171816082894,-16.586638888348659],[-60.281726844403295,-16.583061218426792],[-60.281985529950134,-16.580978718426707],[-60.281652004559533,-16.578297499676751],[-60.279336850262723,-16.576443586590869],[-60.278596586590766,-16.572498225262734],[-60.283293600262652,-16.570519036786152],[-60.284334850262724,-16.562189850262655],[-60.284797718426717,-16.559320718426704],[-60.287167375653326,-16.559891778973679],[-60.29014388639547,-16.558002886395514],[-60.297082027997078,-16.556611027997064],[-60.300139886395471,-16.554670886395513],[-60.304887335614296,-16.553974550457951],[-60.312613736004892,-16.555836598309611],[-60.314369218426805,-16.55549005729398],[-60.316035218426805,-16.555819515301778],[-60.319869946942333,-16.55506135514554],[-60.321797886395473,-16.553837886395513],[-60.325004611004886,-16.553141550458065],[-60.327628886395473,-16.554807550458065],[-60.332405620770544,-16.555580353192397],[-60.335905196942349,-16.557801957684489],[-60.337043250653323,-16.554851478192404],[-60.341209064129941,-16.551865205731417],[-60.344195336590872,-16.552454976239233],[-60.346663424481392,-16.550888220379875],[-60.351516625653346,-16.552882864911169],[-60.357211775067356,-16.551757826825224],[-60.3601435445986,-16.553996514325206],[-60.364366301434529,-16.553161887372084],[-60.367612886395477,-16.555640550457952],[-60.369763718426725,-16.555988718426704],[-60.370207063153373,-16.555473787762651],[-60.373083516278371,-16.555704815106481],[-60.377596096949276,-16.550467660785898],[-60.339059325275514,-16.532626116366885],[-60.334544870102718,-16.532175198782454],[-60.329492699525019,-16.531852728027786],[-60.326346539281417,-16.531428304364852],[-60.319834740429712,-16.530377787649059],[-60.314005167492155,-16.529083041475758],[-60.307284281507805,-16.527893969739694],[-60.300743237140125,-16.526070322608064],[-60.256868529756957,-16.514539492702568],[-60.250685779182845,-16.512777838502927],[-60.246942023759573,-16.511721215656621],[-60.242063683999675,-16.510888770624888],[-60.237840449429882,-16.510232014634198],[-60.234868537600107,-16.509293838515816],[-60.232908939878939,-16.508585871777427],[-60.231303950199333,-16.508117425888884],[-60.229223642702891,-16.507588435615787],[-60.227320314396309,-16.507120492346417],[-60.225833509772428,-16.506816143595756],[-60.223273641185301,-16.506808992661774],[-60.221368396877722,-16.506679630504152],[-60.219822733178205,-16.506320267141803],[-60.217803388538698,-16.505624915766646],[-60.216617840878826,-16.504918155706321],[-60.215312664540022,-16.504110445464789],[-60.214124993444841,-16.503349460195125],[-60.21234858271248,-16.501957434990004],[-60.211401590801472,-16.500856498915311],[-60.20956367503095,-16.499635214734326],[-60.207776584060355,-16.499918229072989],[-60.206348808713244,-16.499908047861823],[-60.204151046035804,-16.498857978428703],[-60.202612336659001,-16.497460056090461],[-60.20077823223005,-16.495376320733442],[-60.199656618992719,-16.494101406006223],[-60.198177979609625,-16.492478501943765],[-60.197351206434803,-16.491324956682433],[-60.197123476720606,-16.489764081452108],[-60.197072564761982,-16.488151408174701],[-60.196843520025993,-16.486762099338819],[-60.195364486119615,-16.485252064430142],[-60.193163350132465,-16.485014628379872],[-60.190780159133396,-16.485230758179796],[-60.188222841715572,-16.484871055046881],[-60.18661746212365,-16.484573884432564],[-60.184712493451968,-16.48456613881109],[-60.181378001620146,-16.484597684521134],[-60.179531986633947,-16.484879671338319],[-60.177564915058724,-16.485159996364359],[-60.174587198876566,-16.485313676519354],[-60.171849487835573,-16.48529448491098],[-60.169351033857026,-16.484994055176344],[-60.166854825683345,-16.484341436247576],[-60.165427980288996,-16.483879477565551],[-60.163468609049403,-16.483116748645671],[-60.161154370999895,-16.482064694492806],[-60.159789797086432,-16.481188149569505],[-60.158249609400002,-16.480083433853451],[-60.156827220263551,-16.479043534152595],[-60.155583670351746,-16.478173138221734],[-60.13429727967457,-16.465066685947477],[-60.129078860151424,-16.461983114367627],[-60.123799957357619,-16.459006962751801],[-60.119651809029108,-16.456335322876271],[-60.115739259828331,-16.453833940884181],[-60.110760740344915,-16.450626897094935],[-60.10216414757906,-16.445441497571778],[-60.093098579615912,-16.439508798973009],[-60.081897327691422,-16.432466801485077],[-60.07016298348185,-16.425123355641176],[-60.05937282289176,-16.419120082899212],[-60.051902284301093,-16.415091154601839],[-60.044848564832591,-16.411009215706656],[-60.039039047018377,-16.407861256549324],[-60.034062249904309,-16.404711454732194],[-60.030613279174077,-16.40235984841263],[-60.02775043394314,-16.400296462289134],[-60.025330665824015,-16.398392862909589],[-59.993131524469561,-16.402760597222141],[-59.99327130924712,-16.402560530926792],[-59.991141627606453,-16.400657809247093],[-59.990109325848607,-16.399501859051725],[-59.990748718426801,-16.397718718426802],[-59.993970899090868,-16.39363506608305],[-59.992670963543901,-16.391242631512682],[-59.992940224286144,-16.386720515301761],[-59.998005742840803,-16.382194331707979],[-60.001930767254919,-16.382428612958051],[-60.003335641278341,-16.380856162762711],[-60.006652185223686,-16.375641777997089],[-60.021594122723684,-16.374638761395545],[-60.024461627606456,-16.375667809247091],[-60.029116340497069,-16.376750546551705],[-60.031125627606457,-16.378999809247091],[-60.032252292645524,-16.380006079754935],[-60.039318150067402,-16.377913818036177],[-60.040417156903345,-16.379143794598576],[-60.049100205731406,-16.378626423504898],[-60.0550450924502,-16.383504028973618],[-60.058530026043911,-16.388982793622006],[-60.064374041668941,-16.38989307389545],[-60.06611162760646,-16.388948627606453],[-60.069602255536097,-16.38813677799709],[-60.072289168622092,-16.385130168622084],[-60.0744888092471,-16.383164809247091],[-60.077248121747118,-16.379361806317377],[-60.084244833661046,-16.378056176434598],[-60.08737671842681,-16.378242462567414],[-60.089480368817362,-16.37811718717677],[-60.091061767254928,-16.379887312176663],[-60.09618992350488,-16.379581444989242],[-60.100264627606464,-16.378119627606452],[-60.10289052995023,-16.377309404950211],[-60.104567918622081,-16.373653641278338],[-60.107677839520477,-16.370874805340804],[-60.109883174481467,-16.367406954754927],[-60.112806809247104,-16.36650480924709],[-60.114664789715789,-16.363582801434575],[-60.120696718426814,-16.361066718426798],[-60.121129487957944,-16.359630118817392],[-60.123664280926789,-16.3574467477236],[-60.131973130536096,-16.355683130536022],[-60.132744306317306,-16.352289306317402],[-60.1336431979189,-16.350676995770527],[-60.133544767254932,-16.349447832684575],[-60.131509448895542,-16.345800203778367],[-60.133349532879834,-16.337366078778359],[-60.126653807293962,-16.336489964520467],[-60.123643130536095,-16.3322973063174],[-60.120426644208067,-16.33028232487203],[-60.113760203778327,-16.330818405926777],[-60.112814130536094,-16.3256333063174],[-60.111915238934614,-16.323184741864225],[-60.112432610028293,-16.316745261395454],[-60.114777049481461,-16.314725399090833],[-60.116084306317305,-16.308973306317398],[-60.117002721356414,-16.307327643231474],[-60.115601914715796,-16.306121257489167],[-60.116990519208059,-16.302340218426764],[-60.11603793815334,-16.299746855145486],[-60.113535684247097,-16.299947783856396],[-60.111348245770557,-16.297408923504861],[-60.110058071942433,-16.293125969403263],[-60.106600796551731,-16.28824917741116],[-60.107396822171893,-16.283859533240104],[-60.117009307741,-16.283671435372469],[-60.197464136499207,-16.282936176870578],[-60.199344923073795,-16.221216981780344],[-60.201993735643157,-16.116944053985321],[-60.202586099236441,-16.093625119719832],[-60.203470250959072,-16.052293828843005],[-60.204170107469224,-16.01957775505997],[-60.210612970750844,-15.9617585097659],[-60.211218031145449,-15.956328604792589],[-60.21301012013555,-15.940246122769224],[-60.213607843331545,-15.934882062943075],[-60.213778185194997,-15.933353388881244],[-60.21856267748376,-15.890416619751477],[-60.235875487584849,-15.735048801095331],[-60.240635772369956,-15.692329273824498],[-60.252187164196926,-15.588665308232635],[-60.262854242972082,-15.49293730387916],[-60.290812465839736,-15.461936592034192],[-60.434712617681782,-15.302376838797557],[-60.460020011674374,-15.274315426152441],[-60.48393872846674,-15.247793810294127],[-60.590465899090475,-15.129674066567986],[-60.591009770681296,-15.129071009408619],[-60.597807299046451,-15.121533755731662],[-60.599453412993569,-15.119708507239409],[-60.601333873366286,-15.117623410113254],[-60.598880744978771,-15.117628066490227],[-60.597924043547437,-15.117629882441861],[-60.563803874190739,-15.117694647241819],[-60.270530559405245,-15.118251320550314],[-60.279526606979402,-14.950788077140032],[-60.283904819458201,-14.869286767148367],[-60.295433285636761,-14.654682039694649],[-60.296248981563224,-14.639497695197406],[-60.306322992786477,-14.636851350254062],[-60.31092923937382,-14.636137208393393],[-60.314304679311874,-14.634568636249639],[-60.319403412813415,-14.630603746755583],[-60.322827765466741,-14.62701226361753],[-60.324959382853251,-14.625022626996724],[-60.328372811598513,-14.621837380700129],[-60.329672709349381,-14.61982453027008],[-60.332834323249926,-14.609726196803308],[-60.336383663833317,-14.60084714136957],[-60.339835325061188,-14.59603616179777],[-60.343314888483292,-14.590005986562801],[-60.346804359942553,-14.583569359329715],[-60.35125425274515,-14.571863858056759],[-60.352135809539902,-14.569841504629778],[-60.35347430869416,-14.566207455323763],[-60.35444309242564,-14.560536760144657],[-60.355363661059471,-14.556897922458461],[-60.355858720877166,-14.553651684530053],[-60.3563531784215,-14.550405435699417],[-60.35726298094886,-14.547172938846472],[-60.358213655753957,-14.542314957016856],[-60.359113407687516,-14.539479780079546],[-60.360045675904928,-14.535425506662648],[-60.361769451921873,-14.533024212410055],[-60.363107365568396,-14.529399065144389],[-60.364880898779916,-14.524956826808364],[-60.367515268020327,-14.519313865452489],[-60.369250027837381,-14.516506115895993],[-60.37099384333834,-14.513273892267421],[-60.373172776607703,-14.509260672143625],[-60.375749958358142,-14.506055853082842],[-60.378762994300303,-14.502051944326752],[-60.391810766956382,-14.479127397630407],[-60.393563097006279,-14.475506564454918],[-60.397883023799693,-14.469077878059863],[-60.40006152352538,-14.465064246766758],[-60.406054514104881,-14.45825648380827],[-60.408631621487416,-14.455060157715479],[-60.410373489996857,-14.451845507470182],[-60.411253775074044,-14.449831774783718],[-60.413413285243109,-14.446612677808332],[-60.416056239112834,-14.440571425933683],[-60.41821557506654,-14.437352256085831],[-60.421320849085419,-14.42928347012554],[-60.422287901349819,-14.423612057594653],[-60.422344200735154,-14.421216723986561],[-60.422392973113915,-14.41914163706457],[-60.420116515496318,-14.409748861226547],[-60.417761967807849,-14.40360727736595],[-60.419280722390283,-14.392241807410016],[-60.419375235882342,-14.38817777690457],[-60.419423540147818,-14.38615480602806],[-60.421184479159422,-14.382118113208492],[-60.423266598521138,-14.382159037135807],[-60.429093732836293,-14.382277109821985],[-60.429557233873481,-14.380249633516996],[-60.430024672925242,-14.378231231368773],[-60.430912644170633,-14.375801882157248],[-60.43137658093292,-14.373783435076234],[-60.433079625181165,-14.372185036873304],[-60.43557732659275,-14.372239411618523],[-60.43730113719414,-14.369837211315826],[-60.438587203417171,-14.368234214485483],[-60.44070638034043,-14.366649314296751],[-60.44322328675662,-14.365881745573347],[-60.448720227211936,-14.36232800005007],[-60.451320949818012,-14.357911624577696],[-60.45223164299756,-14.354678388930154],[-60.453120885684768,-14.352257947934959],[-60.455277520237132,-14.349038174794316],[-60.457454803558164,-14.345014590598964],[-60.462117753056589,-14.341460438988463],[-60.465475560346135,-14.340295119432653],[-60.468813521270249,-14.339960645675887],[-60.471349096092979,-14.33837986957991],[-60.473459237993382,-14.33719198596259],[-60.4764096744737,-14.335633664038255],[-60.481053864304329,-14.332882877745647],[-60.481942791144718,-14.330453226291752],[-60.483305366377465,-14.325598502094351],[-60.485053549057966,-14.321976490172858],[-60.48560301430058,-14.316300001149216],[-60.485678367156709,-14.313039549279836],[-60.486151949720579,-14.310614464816467],[-60.486643888044512,-14.307376516724446],[-60.487948159304494,-14.30496027192828],[-60.488846033701975,-14.302124127947707],[-60.491031825961272,-14.297702654562784],[-60.491532908502734,-14.294049211700951],[-60.492451124568959,-14.290418262023309],[-60.493829131894643,-14.288699739592914],[-60.496308330750708,-14.285607913617753],[-60.498056580855462,-14.281976682992592],[-60.498569420822662,-14.277925824820386],[-60.498632810542915,-14.275089803496996],[-60.498699160181388,-14.27228998302661],[-60.498700445192185,-14.272235758170609],[-60.497934001255317,-14.269372888092107],[-60.496317520156651,-14.267314085046394],[-60.49305553182927,-14.264406710512901],[-60.491420328844697,-14.263151714818093],[-60.490208620844555,-14.261503707137535],[-60.488999924120435,-14.259846693782833],[-60.488640398814027,-14.257412731945863],[-60.488698272600857,-14.254974165305953],[-60.490437733733131,-14.251749403042311],[-60.496346482352294,-14.248207377867459],[-60.498083953286994,-14.245896130995106],[-60.499351544624517,-14.244209935009962],[-60.500751881560859,-14.237720173401954],[-60.501232408074372,-14.23488853641561],[-60.501288941944381,-14.232449927079472],[-60.50133575975201,-14.23041774907739],[-60.501410595900893,-14.227208470700248],[-60.501449279364977,-14.225549566463485],[-60.501516756014041,-14.222695501409419],[-60.502016619694189,-14.219050987615219],[-60.502527317671763,-14.215000048353772],[-60.502574193669261,-14.212958831955802],[-60.503888204997907,-14.207225087095935],[-60.50396419782237,-14.206893489142828],[-60.505295941531813,-14.203266729603797],[-60.507413009649269,-14.201680881773086],[-60.512848429213761,-14.200563422624043],[-60.515257718426767,-14.200755736619271],[-60.519490870024015,-14.201093634739493],[-60.519674101405087,-14.200294393034596],[-60.520416532197487,-14.19705596493975],[-60.520152901651215,-14.190539530454316],[-60.519386174119632,-14.187685745678266],[-60.517428535295778,-14.182353185230397],[-60.516230562326768,-14.180307975982032],[-60.512648975354352,-14.173323244569417],[-60.51187337355708,-14.170866867756786],[-60.509993750443641,-14.162300865329769],[-60.510079047502757,-14.158642909394246],[-60.509852403470518,-14.150509764546371],[-60.508679098370578,-14.147236157206464],[-60.508879199687101,-14.138700933876692],[-60.510739709784445,-14.13021013454761],[-60.51082489372078,-14.12655216559358],[-60.509229065095212,-14.123671671430031],[-60.507621777129089,-14.121206625975674],[-60.506065245430477,-14.116700377109282],[-60.504911990470816,-14.112613911629751],[-60.500436687160231,-14.108465614151896],[-60.497583229579334,-14.105978458925051],[-60.493938854686121,-14.101829742482494],[-60.488621515474506,-14.098069959826887],[-60.486998119635871,-14.096417733821625],[-60.484126255178865,-14.094734302293944],[-60.481688992162731,-14.092251387772137],[-60.48048104557455,-14.090594470365545],[-60.476835863997337,-14.086463637140128],[-60.474420490220609,-14.083167843037074],[-60.469151335653464,-14.077375604820986],[-60.463979736487317,-14.067510007357328],[-60.463245352372667,-14.063436951599328],[-60.462461910013928,-14.061386983893613],[-60.459242962361827,-14.056853984652093],[-60.45723240852368,-14.053968916460462],[-60.453994194066922,-14.050248725699589],[-60.447561172048438,-14.041173591545146],[-60.447212346842662,-14.038333245435012],[-60.446062169170261,-14.034237703672318],[-60.444911919471394,-14.030151194999405],[-60.442167740051275,-14.023193026116928],[-60.442182383202919,-14.022573528874091],[-60.442292626378958,-14.017909550430261],[-60.442398488490198,-14.013447950827072],[-60.442959045720272,-14.007356053504395],[-60.443461633978984,-14.003711711357141],[-60.445200773586521,-14.000496052586868],[-60.44777848228324,-13.996891773408379],[-60.450725012431917,-13.995314956938159],[-60.452434839712851,-13.993318488826105],[-60.455862951676465,-13.988919062530215],[-60.458837651785814,-13.986140899631721],[-60.460537164045093,-13.984541737721088],[-60.463936596970655,-13.981352404616189],[-60.466480080536996,-13.975160077191333],[-60.466582032856024,-13.974911865585057],[-60.468753828637716,-13.970887426149318],[-60.469643584777714,-13.968466603670038],[-60.470134840127798,-13.965219495521524],[-60.471881191380533,-13.961597073163261],[-60.472778695256466,-13.95877880829147],[-60.473657524661007,-13.956764374578938],[-60.475366261045906,-13.954767650732151],[-60.476679367976487,-13.951944670796706],[-60.47755803061267,-13.949939244855045],[-60.478426644378374,-13.948322175444957],[-60.478909094935545,-13.94549049669746],[-60.478956182547222,-13.943458309046605],[-60.479429058341395,-13.941024027725177],[-60.480336573231398,-13.937799271699703],[-60.480914213023482,-13.930903205234699],[-60.480962413284942,-13.928871023556042],[-60.481019092406882,-13.926432392897311],[-60.479425669908665,-13.923561000201857],[-60.478711544410999,-13.918666086384746],[-60.478796465123764,-13.915017176717356],[-60.478855449114974,-13.912578571455526],[-60.478912115684466,-13.910139941457317],[-60.479838806093596,-13.906093253872143],[-60.480310272711847,-13.9036679706943],[-60.483341787856261,-13.898450630937816],[-60.485831178104377,-13.898485511622368],[-60.489983314028223,-13.898573736576623],[-60.490116052171459,-13.892892582403476],[-60.488929684944367,-13.890432018866932],[-60.487401980863069,-13.884706563614543],[-60.486649107759831,-13.881446444430424],[-60.486330449739398,-13.877368711568124],[-60.486377254577462,-13.875345532079905],[-60.486425309095239,-13.87331333090998],[-60.487312604284909,-13.870892313349259],[-60.489426316052231,-13.869306091970998],[-60.495265997540116,-13.868210033654975],[-60.499010811243863,-13.86786920402875],[-60.50151393288877,-13.867922224074903],[-60.502330502461859,-13.86793952030024],[-60.504406374365146,-13.867978938989268],[-60.507734497819285,-13.867642723060726],[-60.508612562348276,-13.865628039810645],[-60.508660504081888,-13.863586766142589],[-60.507471707993318,-13.861126255675856],[-60.505851152753337,-13.859483435538152],[-60.504238077536115,-13.857416071075761],[-60.504118562752467,-13.856176691776113],[-60.503570082940769,-13.850488905676514],[-60.505663687835181,-13.849724413866454],[-60.509004674299831,-13.848972689299956],[-60.511549587683703,-13.846586576679215],[-60.508683155961307,-13.844903926568634],[-60.506628922878349,-13.844051706261382],[-60.503308305349321,-13.843990527183678],[-60.501272677620307,-13.842325367715148],[-60.500084611639124,-13.839864855107521],[-60.498897144780869,-13.837404346499454],[-60.498733522308498,-13.836285367541279],[-60.498181385432986,-13.832509421996406],[-60.499097633139229,-13.828868974776015],[-60.499174114094046,-13.825626438078928],[-60.497591064257961,-13.82234878191548],[-60.496402526269492,-13.81988826585382],[-60.496036873225705,-13.81784275242336],[-60.497395860830125,-13.812996255170674],[-60.502846363954689,-13.810667110026884],[-60.516576259828412,-13.809307710527719],[-60.518649230338326,-13.80935593068466],[-60.523222557587246,-13.809032042386491],[-60.524911737985917,-13.807847617112202],[-60.527004899682936,-13.807082864168478],[-60.529927004595038,-13.806326493500251],[-60.535368895652709,-13.804393981116334],[-60.540346178447237,-13.80448942941922],[-60.544494525343282,-13.804576427981601],[-60.550274018586663,-13.805908468780501],[-60.554818931790066,-13.806803369302543],[-60.556864798292906,-13.808061640506139],[-60.560164974105021,-13.808934933914941],[-60.563068732615648,-13.808991096729073],[-60.565991882433195,-13.808243326826187],[-60.566463262936622,-13.805817687722197],[-60.566519951448583,-13.803378871287975],[-60.565792698531141,-13.798890374810753],[-60.565839838875206,-13.7968670614639],[-60.567518253031324,-13.796079715935662],[-60.570422353399692,-13.796144805248275],[-60.573325977792592,-13.796200820904119],[-60.575428467078666,-13.795020104366756],[-60.577925691407188,-13.794656420998194],[-60.579406170350467,-13.802404935116897],[-60.581433325956084,-13.804475966096561],[-60.583489930159544,-13.805327572728459],[-60.585979493398327,-13.80537935065297],[-60.587656103057952,-13.804600883720468],[-60.589759685954789,-13.803429091205885],[-60.592719372600357,-13.801036986189786],[-60.595283504809402,-13.797836826116566],[-60.597384683754342,-13.796664928666644],[-60.602004155966995,-13.794316136700843],[-60.604530669482131,-13.792732740118481],[-60.607055810693168,-13.791167368636309],[-60.610881402131497,-13.787175249056361],[-60.611352253817131,-13.784749436497862],[-60.6130959051481,-13.781125376994737],[-60.619051407521397,-13.774732499322624],[-60.619512784855772,-13.772713138776339],[-60.619568765304507,-13.770283246187603],[-60.62252706506797,-13.767899686843293],[-60.625025066852061,-13.767544510698087],[-60.627927307952746,-13.767599814730659],[-60.630849938225651,-13.766842118456964],[-60.633338124255488,-13.76688430648619],[-60.635411008441736,-13.76692244992546],[-60.637042379630714,-13.768176056576749],[-60.640360452417212,-13.768244272945083],[-60.64413977771693,-13.766283966473395],[-60.646683185232746,-13.763887034051322],[-60.647171025400382,-13.760648076058374],[-60.647561086598046,-13.759498357457176],[-60.648949261657833,-13.755406664416341],[-60.650682799523793,-13.752188699676537],[-60.651567826394057,-13.749766709260541],[-60.655372281820576,-13.746586642777004],[-60.661243467065844,-13.743859963400212],[-60.665787995700612,-13.74475269123144],[-60.667301828427867,-13.745078849027323],[-60.667850328420286,-13.745197024269203],[-60.670320344762786,-13.74606085268465],[-60.673168197143809,-13.748545592886046],[-60.674789879847765,-13.750205463751058],[-60.676817637626243,-13.752275780387095],[-60.678025319360529,-13.753922667200584],[-60.681306452019953,-13.755607298543964],[-60.683273052171558,-13.755644302432984],[-60.6842098266888,-13.755661928944448],[-60.686697328105481,-13.755712589787947],[-60.687033212257063,-13.75551546359037],[-60.690060957357048,-13.753738517949159],[-60.69214294093149,-13.753378690364116],[-60.695479452930897,-13.752624074247422],[-60.70215972009521,-13.75072623485562],[-60.706395578194702,-13.746736128530813],[-60.708083060522597,-13.745541176372285],[-60.711464001270315,-13.742771788642301],[-60.714393069490825,-13.741606467767724],[-60.716936641838402,-13.739217695256571],[-60.718630876209261,-13.73761611172489],[-60.72117147526626,-13.735227254416827],[-60.722884942254666,-13.732830669558155],[-60.72503936039584,-13.729218342905199],[-60.725923542529756,-13.726795946422556],[-60.727276096546404,-13.721938241298744],[-60.732791867614878,-13.7163600713302],[-60.73571139546209,-13.715600953428861],[-60.74112951245769,-13.714485337985025],[-60.742805175688432,-13.713696589010794],[-60.749077487923273,-13.711377846804226],[-60.752402411669152,-13.711037887755822],[-60.756584513313783,-13.709485881644298],[-60.758261172473283,-13.708706059790984],[-60.759541414116882,-13.707100332817447],[-60.761242894167879,-13.705109897675413],[-60.762866111514938,-13.703205050801046],[-60.762946741020187,-13.703110432010988],[-60.765073127818937,-13.700708182552091],[-60.767181333983785,-13.699118980511116],[-60.769955438579132,-13.698835204920442],[-60.77050725090885,-13.698778757564412],[-60.775076538283088,-13.698449769540559],[-60.777166481446159,-13.697682582721427],[-60.781320530184644,-13.697349711816969],[-60.787548155599211,-13.697062588370613],[-60.792521246616957,-13.697152572524715],[-60.795810585670608,-13.698429138703773],[-60.799524216130465,-13.699302846431976],[-60.80159725733256,-13.699348545982104],[-60.802876024858051,-13.697742530365247],[-60.806395231228521,-13.688466747828954],[-60.806440134564241,-13.686443040493032],[-60.806068751746125,-13.684406576658375],[-60.806162501419863,-13.680170027555221],[-60.806167712441152,-13.679934541426064],[-60.807868126759217,-13.677934651138287],[-60.810770243317677,-13.677987645958467],[-60.814165426217016,-13.67439435145161],[-60.817984585109798,-13.670407164282722],[-60.824236751476292,-13.668899325191376],[-60.827147831589627,-13.668536521281794],[-60.830047563597645,-13.668589253281084],[-60.834192218019894,-13.66866196351873],[-60.837921031683607,-13.668739982559941],[-60.84082309820127,-13.66879260960684],[-60.843309481506367,-13.66883251824072],[-60.846334747314472,-13.663193212423323],[-60.848502172849408,-13.658766263078064],[-60.849824224563747,-13.655145173847473],[-60.85365809362429,-13.650335111917457],[-60.859546673385694,-13.646383243159278],[-60.865806388538317,-13.64446764737238],[-60.871651608434604,-13.642530222120172],[-60.874156579807163,-13.641765687668681],[-60.876650365527382,-13.641407676386848],[-60.879551600431626,-13.641459797333141],[-60.882865609242174,-13.641524472075503],[-60.88699233473028,-13.642400344106136],[-60.902245641275215,-13.646326265330856],[-60.906406012550349,-13.645584542629308],[-60.907568360048629,-13.645048914999961],[-60.908081194840236,-13.644812592829396],[-60.911009609226312,-13.643635581084425],[-60.913520440821401,-13.642464027230858],[-60.916025421367294,-13.641690014642961],[-60.91978753588279,-13.640131362752754],[-60.920711978547445,-13.639386451827534],[-60.922739734971287,-13.637752496611597],[-60.92444066568072,-13.635751625735963],[-60.927426708076382,-13.631746337002312],[-60.929557854442578,-13.62894475607834],[-60.930463517327439,-13.625301462373216],[-60.931334663373491,-13.623284513346846],[-60.932646558127658,-13.620060311177951],[-60.934769921809334,-13.617665256992382],[-60.936900840172427,-13.614863579593873],[-60.938583397215211,-13.613675741671898],[-60.941518241844221,-13.612100722411355],[-60.943616457614951,-13.61091631413467],[-60.946134389736244,-13.60933775402458],[-60.951174779433586,-13.606180580896591],[-60.954133892741311,-13.603385590639107],[-60.959232070632027,-13.59739106399843],[-60.960104083463364,-13.595364933714905],[-60.961405464060363,-13.592556118895573],[-60.963949770061276,-13.589757545247664],[-60.968186660316974,-13.585364262734117],[-60.969919256572837,-13.581736549544814],[-60.970418805744316,-13.577682983362536],[-60.970892777615461,-13.574858253128639],[-60.971789398665692,-13.571621279631245],[-60.972651273775966,-13.570010700476473],[-60.977232154307615,-13.568873391311854],[-60.980130398339384,-13.568924197709237],[-60.981770917969754,-13.569759979595517],[-60.986276255772111,-13.57227291595899],[-60.989987313135146,-13.573152622374153],[-60.996199606826053,-13.573257291264497],[-61.004600230751521,-13.567722131025732],[-61.006754589282139,-13.563699827774201],[-61.009688515292169,-13.562114812994764],[-61.01301032699638,-13.561770992328888],[-61.017971037074915,-13.562262667362006],[-61.020008894285809,-13.563923796211213],[-61.022045701516618,-13.565575866128199],[-61.023667973191891,-13.56723364663867],[-61.026052868145428,-13.568452528013324],[-61.026128994572161,-13.568491435003068],[-61.028182402887296,-13.569339266757822],[-61.029277149466282,-13.570227148938045],[-61.030219316972079,-13.570991283537978],[-61.032670685346147,-13.572655624574338],[-61.038436094398435,-13.574382428525723],[-61.040548912154918,-13.572392872785599],[-61.041410361967564,-13.570781992122079],[-61.041452596834631,-13.568748891902658],[-61.041933773502649,-13.565508244473676],[-61.041974767250508,-13.563484170382765],[-61.042472454704352,-13.55943027416032],[-61.041295757819967,-13.556167459466963],[-61.039664850267684,-13.554916404730022],[-61.035184238571333,-13.551184536518406],[-61.033154924582391,-13.54911691262879],[-61.033205694093851,-13.546686238765801],[-61.033255304557485,-13.544255555137113],[-61.034977950466953,-13.54104285505008],[-61.037089378902522,-13.539044240978853],[-61.038779505501452,-13.537448956170522],[-61.040236184947673,-13.535731040976884],[-61.040477009800099,-13.535447027445855],[-61.041396927068604,-13.530998809125776],[-61.04104235969379,-13.528149190076078],[-61.038996045920669,-13.526894870074614],[-61.033280018053802,-13.526099025051678],[-61.029084393275127,-13.525514866405786],[-61.025813312145146,-13.52342830307532],[-61.025110745709185,-13.517331473864033],[-61.025152968563816,-13.515307422908393],[-61.026460554402604,-13.512082420935428],[-61.029004432671627,-13.509273913710956],[-61.037741233543102,-13.507391043955408],[-61.041905773023643,-13.506249054222735],[-61.044011219996264,-13.50569757305982],[-61.044819884986964,-13.505485758886664],[-61.049000858786997,-13.503530390771573],[-61.051079508715304,-13.503149064373133],[-61.05651076791554,-13.500814752396707],[-61.059003048475176,-13.500454668074099],[-61.061901849888216,-13.500495387237038],[-61.063970734848169,-13.500529603111261],[-61.066870626994046,-13.500579311187096],[-61.071837690142729,-13.500663123758954],[-61.07890759626531,-13.499154405902004],[-61.08307131201849,-13.498011681356445],[-61.085555742544614,-13.498048924398688],[-61.089264534342362,-13.498927042193259],[-61.091709579323151,-13.500997421984152],[-61.093945008173534,-13.502141204007501],[-61.094166382288222,-13.502254472534332],[-61.095765299554387,-13.50512268645133],[-61.095634226262405,-13.511610813197592],[-61.093954242091456,-13.512799934720192],[-61.091031650184902,-13.513970444091228],[-61.084326114084945,-13.517913420738523],[-61.080517084929113,-13.521905745721142],[-61.079639708813261,-13.524330092952937],[-61.079599013140808,-13.526363260514415],[-61.080385454493126,-13.528402836742941],[-61.082405444012693,-13.53087673486425],[-61.086099559960303,-13.532559204702352],[-61.091052139179567,-13.533456006792733],[-61.094364617373628,-13.533508627115395],[-61.10099739841769,-13.533216133533529],[-61.1030840887409,-13.532436796404284],[-61.10479009760644,-13.530027720517069],[-61.106064241472666,-13.528419694043919],[-61.107761678849101,-13.526426264762733],[-61.109035782399246,-13.524818217536335],[-61.109895939200044,-13.523216042818206],[-61.112803463168234,-13.52285860936513],[-61.114897304459134,-13.52167250724051],[-61.118235432070378,-13.520513909855651],[-61.121140037694659,-13.520156351687149],[-61.125330473160204,-13.517783991953081],[-61.126613326796871,-13.515778231046625],[-61.129129871958185,-13.51418847883258],[-61.131198890632334,-13.51423119454455],[-61.133570257661404,-13.519942971554144],[-61.133521630314533,-13.52238285441166],[-61.133447309110579,-13.526033629304891],[-61.134641947223656,-13.528491913857522],[-61.136257720529727,-13.530546656241143],[-61.137011692396015,-13.534212705818561],[-61.136972116927495,-13.536236912541767],[-61.136931961201299,-13.538261114518036],[-61.136890505843496,-13.54030338225607],[-61.137232978573934,-13.543957297053112],[-61.138020549805731,-13.545996766637984],[-61.139644842562518,-13.547644858155195],[-61.141665715878446,-13.55010933953514],[-61.144515474367154,-13.55259810582794],[-61.14822722131828,-13.553466462683673],[-61.153228454996167,-13.551931248264623],[-61.154909725847858,-13.55073270099706],[-61.157426380084303,-13.549160767014257],[-61.160355900286731,-13.547573798259691],[-61.16372470678391,-13.544797024409206],[-61.165007511330998,-13.542782010277506],[-61.166289068418848,-13.540776015504548],[-61.169227786267982,-13.538800351489385],[-61.170096684340251,-13.536773201028552],[-61.17137924821418,-13.534776215801401],[-61.17223913215355,-13.533164740768086],[-61.173098426226943,-13.531553256840539],[-61.17396661203145,-13.529535117622572],[-61.176499062429173,-13.527140591525892],[-61.181898095482609,-13.526412037945136],[-61.183967356860478,-13.526445295105077],[-61.189349703556729,-13.52653893110795],[-61.192239021690909,-13.526984834189534],[-61.194302317749987,-13.527424683655454],[-61.200513646091679,-13.527524125793263],[-61.205082603114647,-13.526789031287649],[-61.209645654214285,-13.526451492666411],[-61.212137030426618,-13.526089882942472],[-61.215855282197197,-13.526550539468815],[-61.21755080544591,-13.524547200135657],[-61.219221553192654,-13.523763844636846],[-61.222559461974413,-13.522594758465516],[-61.227938960593121,-13.522687535684668],[-61.230838324435297,-13.522726340145368],[-61.232049888646998,-13.524370943121028],[-61.233259159751753,-13.526015525625269],[-61.235188098401295,-13.533350397962067],[-61.235547386955602,-13.536191021680906],[-61.23421926868042,-13.540646519538655],[-61.233750702932696,-13.543481232118268],[-61.23246083820851,-13.545894306335413],[-61.23366492510155,-13.547936549784424],[-61.236969085773296,-13.548393977585249],[-61.238680495679944,-13.545577151031523],[-61.239977363973424,-13.542757357736321],[-61.242079052847203,-13.54117250218826],[-61.243749864643576,-13.540388988451696],[-61.2458193220167,-13.540421750588564],[-61.248305010434649,-13.54045744381267],[-61.250788970886617,-13.540493100190417],[-61.254507524590963,-13.540962257187402],[-61.256991432560653,-13.541006890790413],[-61.259476054780009,-13.541033427821787],[-61.264867145426535,-13.540718808086524],[-61.269021302452643,-13.539970603687379],[-61.270709526312885,-13.538373549636219],[-61.272826814473262,-13.535966005912371],[-61.274099338327289,-13.534366019929905],[-61.275787488484127,-13.532768922043715],[-61.277473884404856,-13.531171797797697],[-61.280426355088537,-13.528372285969226],[-61.282972354753497,-13.525172212152711],[-61.28507370184218,-13.523577901850956],[-61.287150555068024,-13.523212656934334],[-61.28965762639956,-13.522027848857533],[-61.291742719782235,-13.521237803095119],[-61.293821280890143,-13.520872511109928],[-61.295906224484384,-13.520100504254799],[-61.297984326017172,-13.51971709529721],[-61.301303911770503,-13.519369304654276],[-61.309024151892174,-13.527195465309546],[-61.311508060290691,-13.52723050380007],[-61.31355436744667,-13.52848276762478],[-61.316031363445916,-13.528924460080191],[-61.318085795513582,-13.529770001504176],[-61.320983659740023,-13.529807762949076],[-61.328542986597483,-13.524254885113407],[-61.33022043389775,-13.523055006144318],[-61.331946083979801,-13.519433030614323],[-61.333625789460825,-13.518233138003097],[-61.336937953289691,-13.518282526760004],[-61.340248328753603,-13.518340898747908],[-61.342287282005316,-13.519999637079991],[-61.34432754490706,-13.521640292702386],[-61.345538219633511,-13.523284428424461],[-61.347593831062568,-13.524138780962062],[-61.350069795517015,-13.524571092897986],[-61.352554247166495,-13.524614764290163],[-61.356279294131753,-13.524666656101033],[-61.359178248761793,-13.524713015412715],[-61.362068046241518,-13.525166033782341],[-61.367022278998093,-13.526048448934887],[-61.369483422015378,-13.527303024788011],[-61.371530729613596,-13.528545815610357],[-61.373163492364881,-13.529794904160553],[-61.374376209942909,-13.531429899891293],[-61.377175582502616,-13.536754189461476],[-61.378802303120722,-13.538391887766693],[-61.381241435900677,-13.540866491344673],[-61.385765630224398,-13.54255927313551],[-61.388233865686971,-13.543406980825068],[-61.39196100742123,-13.54345838737953],[-61.394031178514183,-13.543498971734778],[-61.397758333120635,-13.543550292245584],[-61.3998274181086,-13.543581782658521],[-61.40396854348927,-13.543635692275984],[-61.406867801958924,-13.543681526570424],[-61.40935815136163,-13.54331793313122],[-61.412264247381984,-13.542947947739208],[-61.415576254465407,-13.543005372378559],[-61.420129571858126,-13.54307069670665],[-61.423511887071641,-13.543466104137792],[-61.427980984310238,-13.543988561137496],[-61.432528706410721,-13.544469430882145],[-61.438725020064282,-13.545367415982184],[-61.446140794508153,-13.547502272772761],[-61.44818867381349,-13.548753537448874],[-61.45187844007711,-13.550837668360032],[-61.45433920935551,-13.552091478368936],[-61.457224673072005,-13.552950192579942],[-61.45927941802023,-13.553785610551813],[-61.464633060902941,-13.55549126497317],[-61.471215425281628,-13.558017974810241],[-61.474505481752544,-13.559285782532982],[-61.476960445696591,-13.56093708710506],[-61.479837209650839,-13.562193238527129],[-61.490967149815447,-13.565199438148397],[-61.49344995768098,-13.56523270669868],[-61.497583809592072,-13.565700876409949],[-61.500061734638564,-13.566140826358435],[-61.502952534001736,-13.566583261372216],[-61.510370885689611,-13.568716348526607],[-61.519464544972266,-13.569666084537744],[-61.521971252203286,-13.568478878484541],[-61.525153167524365,-13.56624709840338],[-61.528246291295432,-13.564909659575164],[-61.532393992903565,-13.564563778516856],[-61.536549410906446,-13.563811090792171],[-61.539875618089695,-13.563053418567335],[-61.541973558081111,-13.561456788508679],[-61.54365982268979,-13.559848665681159],[-61.544707686728088,-13.558208060965683],[-61.544936760525445,-13.557849407993103],[-61.546220857032324,-13.555434359704236],[-61.547498436062369,-13.553417008399265],[-61.548356026447493,-13.551803960534301],[-61.550474528737254,-13.548996048009428],[-61.552126615294696,-13.548888238156906],[-61.555057804437354,-13.547441002354219],[-61.560454292669817,-13.546695149033724],[-61.56588436658825,-13.543933511698526],[-61.567569142251841,-13.542334229321],[-61.570082388956735,-13.540748776710984],[-61.572194676339336,-13.538338357450868],[-61.576053950884443,-13.530685895193756],[-61.578571775796547,-13.528693575102295],[-61.581475915683257,-13.528321568963179],[-61.582208579940527,-13.528191977400979],[-61.583554950740904,-13.527953835177527],[-61.588107787009506,-13.528016076273616],[-61.593937677284828,-13.526060588229768],[-61.595614534931144,-13.52486783351992],[-61.598154344420834,-13.521664078547872],[-61.599052347580653,-13.519972532034672],[-61.600293082602832,-13.517635389924067],[-61.601997940483216,-13.514815564041783],[-61.604115543537034,-13.511998054397452],[-61.605392343562983,-13.509989368498111],[-61.606256393419642,-13.507969306567588],[-61.609200483134487,-13.505174480768005],[-61.611697974291758,-13.504393007986664],[-61.615424294053071,-13.504450068493554],[-61.617873438355161,-13.506506801892897],[-61.620279527581602,-13.511004059653487],[-61.622314254794105,-13.513058443582509],[-61.624749576933141,-13.515928640982622],[-61.627648244148475,-13.51597188615716],[-61.63593910409179,-13.515276543804589],[-61.638009974795239,-13.515297014552175],[-61.64047156764957,-13.516549061169997],[-61.642114009247337,-13.517380740961187],[-61.645426098726261,-13.517426055910676],[-61.650441360196567,-13.514651110273917],[-61.654580707077855,-13.514709861374968],[-61.661142601948313,-13.518451966384134],[-61.662336042412221,-13.521306063149552],[-61.663075213519448,-13.526589476482059],[-61.665007930408194,-13.534726978940057],[-61.667036867169372,-13.53719686130421],[-61.669914584602452,-13.538450900462578],[-61.672799242305189,-13.539298141812196],[-61.676939633104837,-13.539356567235302],[-61.681492303267987,-13.539417130813888],[-61.683563423232499,-13.539437245135559],[-61.687288677471543,-13.539493281413684],[-61.690200940659849,-13.5387132467431],[-61.693525408008725,-13.537944402704284],[-61.698941460702429,-13.535993260868565],[-61.703121819846956,-13.533610604077012],[-61.709370813318799,-13.531256791917428],[-61.713102243837056,-13.530905655067443],[-61.715178420014013,-13.530518716916845],[-61.719318159721922,-13.530576425774029],[-61.722630544766218,-13.530620738728317],[-61.724693025752856,-13.53105631454406],[-61.729573504388554,-13.536388177943934],[-61.734468285087644,-13.540924489288614],[-61.738188052438829,-13.541377516485909],[-61.742321326904516,-13.541823562168076],[-61.748937966704943,-13.54231833676721],[-61.751001769184541,-13.542753714632454],[-61.75592922073389,-13.545255732103328],[-61.763341495519569,-13.547779204630558],[-61.76745023117212,-13.549861037204892],[-61.775270053810402,-13.552802078863522],[-61.778555370044216,-13.554463780403921],[-61.780179015534543,-13.556514980738541],[-61.781802110733224,-13.55856616973864],[-61.78381969677929,-13.561839762797376],[-61.785450780047654,-13.563475111741923],[-61.789157629648344,-13.564740994025556],[-61.792883447651775,-13.564795494916439],[-61.795787937488058,-13.564421012256105],[-61.799113137483175,-13.56365077107165],[-61.805427881641208,-13.55723568380796],[-61.809166389857921,-13.556476347608964],[-61.812032498303495,-13.558533382634039],[-61.815305425535314,-13.561008215799291],[-61.817149947590849,-13.561554762287074],[-61.818189816194376,-13.561862883586684],[-61.820674154696292,-13.561883867689119],[-61.823591814918871,-13.560713549263141],[-61.828338575720636,-13.559134972060406],[-61.830667015763368,-13.558360628771823],[-61.832751614540598,-13.55758401433468],[-61.835669263217653,-13.556395464597642],[-61.837652094646671,-13.555655256723298],[-61.837749789311545,-13.55561878647211],[-61.841075400188458,-13.554838927612479],[-61.844401526019738,-13.554068065853698],[-61.851463734385334,-13.552528122004219],[-61.855209259238165,-13.55136128306026],[-61.859807444820149,-13.548580063888039],[-61.863138296888621,-13.547402132339016],[-61.866455958179927,-13.547037755728979],[-61.86853271953612,-13.546649539981786],[-61.871876609848243,-13.544666923181467],[-61.876454226270596,-13.543105776173888],[-61.883084057355745,-13.542774380748369],[-61.885543179320962,-13.544430967433641],[-61.889669831462584,-13.545290450013056],[-61.892165940376799,-13.544506135855784],[-61.893834567436443,-13.543709028855631],[-61.894687543544592,-13.542103610800098],[-61.897228100526604,-13.538480634744928],[-61.898079878490591,-13.536875196061146],[-61.899792934276434,-13.533230391023892],[-61.901485717046853,-13.530824069368293],[-61.902345727685542,-13.528802770665379],[-61.904922117210106,-13.522756914010131],[-61.907072592703003,-13.517504719642204],[-61.907109901036563,-13.515063860744533],[-61.907160176640105,-13.511818424604712],[-61.907271948273262,-13.504522964587693],[-61.907365574202515,-13.498405256148772],[-61.907383737043972,-13.497218459183159],[-61.907426905783382,-13.494379824669068],[-61.907476530949964,-13.491143420668095],[-61.90751847058101,-13.488365922408093],[-61.907543964815829,-13.48667753864072],[-61.90758827433541,-13.483838906590563],[-61.907650347935373,-13.479779836649982],[-61.90773779035942,-13.474102563241956],[-61.907786849520278,-13.470857110183488],[-61.908262770142187,-13.466808907477457],[-61.908295210710889,-13.464783896029871],[-61.908338373589515,-13.461936212215221],[-61.907981737128864,-13.458282122245521],[-61.908011286788508,-13.456257096825198],[-61.909297185526896,-13.45343298305238],[-61.915589076978051,-13.44782820310229],[-61.918509722633246,-13.446240762142281],[-61.921430909013054,-13.444653286692358],[-61.924753621850812,-13.443872164460799],[-61.928074502963057,-13.443109070744242],[-61.932625241370033,-13.443164932495563],[-61.939615282931982,-13.446088139488495],[-61.943753449004362,-13.446123951133416],[-61.943819345449015,-13.446084025413256],[-61.948346900542504,-13.443340844065233],[-61.950878534021172,-13.440123971305582],[-61.9521503945316,-13.438122265099992],[-61.955113251496471,-13.433695672490728],[-61.958903708095534,-13.42927252247506],[-61.963100858636153,-13.425266898069992],[-61.964793392664035,-13.422850988308596],[-61.967322852848724,-13.419633905839476],[-61.969427946214125,-13.417228721166168],[-61.975814262152255,-13.4051311466676],[-61.977516950975883,-13.401901472365182],[-61.978368815686622,-13.400295672683058],[-61.980071432876969,-13.39706597497235],[-61.981342809547584,-13.39506408040512],[-61.984724720894292,-13.390231923584111],[-61.988890816946423,-13.38824182873509],[-61.993852106128656,-13.388298190665523],[-61.996328976846883,-13.388742213114369],[-62.003316671362143,-13.391663602902156],[-62.010341850415955,-13.392143839306925],[-62.014477424821735,-13.392187459386093],[-62.018228936699643,-13.390204258080985],[-62.021141981267647,-13.38902235186896],[-62.024043574080054,-13.388654075335523],[-62.027765349371464,-13.38868680160158],[-62.030240616247909,-13.389121448890023],[-62.034364738582383,-13.389987449576836],[-62.037673324740354,-13.39001841908356],[-62.045141287229626,-13.388483207011859],[-62.049760336429017,-13.383663897356314],[-62.050610513557615,-13.38205780932185],[-62.052737131086701,-13.378024494588715],[-62.053659239934575,-13.371536361820063],[-62.054137502031892,-13.367080821440766],[-62.057504532111182,-13.363070263204861],[-62.059590188029802,-13.361875689433646],[-62.062070368278512,-13.361894129565997],[-62.06327710306158,-13.361036360772061],[-62.063740474715928,-13.360706987863637],[-62.069974136024427,-13.358750403474573],[-62.072902920870376,-13.356338291470649],[-62.076630386040733,-13.355981510303025],[-62.080765434570822,-13.356024006757366],[-62.086164077393903,-13.354461730531398],[-62.089907757995263,-13.352875179472619],[-62.092826186713864,-13.351294591717362],[-62.094909853201898,-13.350099701755425],[-62.097418947712129,-13.348101655923699],[-62.099929766925754,-13.346094547258758],[-62.102042356225297,-13.342874415322797],[-62.104143778103946,-13.340458910242148],[-62.107521339565324,-13.335633911657453],[-62.109209508763172,-13.33321686885381],[-62.110057953637352,-13.3316105333314],[-62.112178174833105,-13.327974417098574],[-62.113072140779821,-13.323122339978056],[-62.114365436555261,-13.319483240003876],[-62.115231022928754,-13.316656340491534],[-62.116500324437368,-13.31464460755285],[-62.118193794110596,-13.311820638271286],[-62.121948821204569,-13.309428902644413],[-62.125283999061764,-13.307442496808051],[-62.130726083134391,-13.302624385073841],[-62.137035441478133,-13.294997233221522],[-62.138296662401842,-13.293383171221478],[-62.140392325665402,-13.291383202083807],[-62.144157249631121,-13.288177395938533],[-62.147928688930392,-13.284573720147364],[-62.149608870072541,-13.28256319896991],[-62.150056547839029,-13.2801325415615],[-62.150085106323388,-13.278107322191943],[-62.147662353913177,-13.274021273589085],[-62.146043160771285,-13.27157449195073],[-62.144417382252698,-13.26952550872187],[-62.142000270068081,-13.265041603836607],[-62.140801438740539,-13.262189370761746],[-62.139639384261329,-13.256498202242199],[-62.138475333363147,-13.251213893716852],[-62.137733526758041,-13.24513538135335],[-62.137795790944836,-13.24066000866145],[-62.137857982409969,-13.236202717235187],[-62.138718597739455,-13.233782540833488],[-62.140042182953664,-13.227711146864067],[-62.140524460743222,-13.222857463135767],[-62.140559132705391,-13.220425388674414],[-62.14189468552172,-13.213549308875201],[-62.142353250991846,-13.210304940468632],[-62.142805125840766,-13.207476461640226],[-62.143275761699158,-13.203427424938468],[-62.143406504192058,-13.194096906002869],[-62.142676783255695,-13.187204678246019],[-62.142805881884897,-13.184844978051899],[-62.143230705706969,-13.177079931581716],[-62.145318674208283,-13.175477649568279],[-62.154088002065407,-13.168671909493469],[-62.161958019268468,-13.167134142850671],[-62.166501090484303,-13.167185465025341],[-62.171044776496274,-13.167227667306747],[-62.173908153894672,-13.169289598155729],[-62.176340721574491,-13.172561673564758],[-62.181270279377145,-13.174639359889511],[-62.181296783332812,-13.172614098455938],[-62.181341280920037,-13.169368261253283],[-62.182190393145447,-13.167752565210549],[-62.183870602118816,-13.165741738937129],[-62.185945670473643,-13.164952819757389],[-62.189271785862559,-13.163372262183771],[-62.190947110189029,-13.161759205693784],[-62.195560768057021,-13.156547925501059],[-62.196855496066007,-13.152501363832641],[-62.19693803885508,-13.14642555110089],[-62.196575450798946,-13.142771508256317],[-62.198735649566459,-13.135906659463785],[-62.204124734336972,-13.134341503011512],[-62.213322287685799,-13.13556199437852],[-62.217315864334466,-13.136091931595445],[-62.219739175874224,-13.140177354898526],[-62.220915931095419,-13.144638641314259],[-62.224622340918415,-13.145491034302438],[-62.227959806518356,-13.143096214668105],[-62.231312639705891,-13.139480744277762],[-62.235066378512442,-13.136680216510115],[-62.237570397844763,-13.134680555248224],[-62.240884646281017,-13.133894935677574],[-62.249594960324202,-13.132000718426696],[-62.252923083983433,-13.13127695700814],[-62.253311000580482,-13.131192597442407],[-62.253420220775411,-13.131244737410327],[-62.261106131240808,-13.134913867699709],[-62.261549202057836,-13.134918082017748],[-62.265236523676094,-13.13495315439377],[-62.272271214004945,-13.133807303707442],[-62.272583898959397,-13.133849348827368],[-62.275570128186303,-13.134250891543957],[-62.282144739442515,-13.136747343885759],[-62.285039659145355,-13.136375876464172],[-62.287715218181972,-13.135237613651952],[-62.288776513380697,-13.134786106942101],[-62.305827913262306,-13.125629291391988],[-62.308305270829635,-13.125654242739245],[-62.312022175318987,-13.125691627549486],[-62.314949245624689,-13.122887599226715],[-62.316625216489342,-13.120875815145439],[-62.318738173548013,-13.117237643645183],[-62.320002438002632,-13.115224711310418],[-62.324977079076291,-13.113655835196255],[-62.328693818866384,-13.113692970774594],[-62.331567225987499,-13.114930392469375],[-62.333600736113738,-13.117386222776304],[-62.336031048031828,-13.12105473016328],[-62.338044041251408,-13.125129003566371],[-62.339250368670548,-13.127573557048549],[-62.341561704487503,-13.131569725856593],[-62.342078794924021,-13.132463745954567],[-62.345356169381887,-13.134515876949649],[-62.350311111442295,-13.134565005114553],[-62.352788560572833,-13.13459857551419],[-62.354863499961937,-13.133799208787252],[-62.356138407528363,-13.130972331524276],[-62.357847157500203,-13.126528028767098],[-62.357888119403526,-13.123291063653028],[-62.35793875289113,-13.119240333543644],[-62.357180328558911,-13.113966835599456],[-62.357221313144919,-13.110720825740657],[-62.357254427547616,-13.110696091498028],[-62.360973274275523,-13.107918361868258],[-62.363440256790852,-13.108756539615968],[-62.366738511577239,-13.109189909828615],[-62.370866275237063,-13.109227477824163],[-62.37480051868971,-13.110322208219827],[-62.375391539473469,-13.110486663832319],[-62.379923671526058,-13.111338893092295],[-62.381971755658924,-13.112573710002948],[-62.38568852872902,-13.112610024212302],[-62.389408095699821,-13.112230352591666],[-62.392727259666856,-13.111053940974728],[-62.396814035398677,-13.114337133653009],[-62.398847658854493,-13.11678343652494],[-62.401285722855846,-13.120053535228124],[-62.402503925115354,-13.121684053573517],[-62.405750859140937,-13.126167705410637],[-62.4081935714363,-13.129030857470752],[-62.411879253270342,-13.13149907679599],[-62.413106387557491,-13.132479125113036],[-62.413923234257823,-13.133131498078626],[-62.417202409931065,-13.135182745617669],[-62.419265942901404,-13.135205663591591],[-62.423395318542759,-13.135251455359196],[-62.425873437825146,-13.135266240743761],[-62.427769636451444,-13.135282482071091],[-62.428763215299796,-13.135290992276225],[-62.433723844410224,-13.134931631086715],[-62.435786806133535,-13.134954415392826],[-62.440319638475444,-13.135805610372643],[-62.443185668642798,-13.137855604148797],[-62.444813246180161,-13.139893754240859],[-62.446439676029172,-13.141940934437798],[-62.450548173780874,-13.143595765195471],[-62.453026945457225,-13.14361933633586],[-62.460100347759862,-13.139222248295198],[-62.461775877161472,-13.137209475586133],[-62.463447578359933,-13.135603583575403],[-62.465525986545401,-13.134405459359641],[-62.469698706749512,-13.13079752907197],[-62.471433917458398,-13.123920075222884],[-62.47187577037073,-13.121488647137426],[-62.471934396353106,-13.116633071590172],[-62.472404678734165,-13.111769328432899],[-62.472444710615775,-13.108532277488791],[-62.473722517969748,-13.10529785584896],[-62.477883629074938,-13.102494501649403],[-62.480351003642909,-13.103331577263134],[-62.483240459836111,-13.103346661253454],[-62.484085654126773,-13.101738892859487],[-62.484123797214238,-13.098501827969017],[-62.484610249028776,-13.092426410036126],[-62.485881762324595,-13.089589763959225],[-62.488780839296339,-13.088809076246378],[-62.490845189745016,-13.088822366524937],[-62.494148355996856,-13.088856256364124],[-62.495823261008354,-13.086843230620445],[-62.495847147792688,-13.08481779775758],[-62.496706302166842,-13.081989294204789],[-62.497207239922545,-13.081186753341967],[-62.497968989597609,-13.079966371698845],[-62.501309370929619,-13.076763083440824],[-62.506688968156595,-13.075589301269702],[-62.512482389333798,-13.074425262451655],[-62.515371507049167,-13.074449016980566],[-62.519902419449977,-13.075298783873961],[-62.520781735783601,-13.076177384459129],[-62.521534534439354,-13.076929570349421],[-62.522330901711825,-13.079372547930006],[-62.523512693150963,-13.084239619772802],[-62.523891510947806,-13.087079651614147],[-62.524261193975008,-13.090742519846685],[-62.525869791243849,-13.094398725026906],[-62.528328748861099,-13.096040099792617],[-62.532029158558146,-13.097285944287648],[-62.534506370628833,-13.097299670552218],[-62.538221282096231,-13.097342819658536],[-62.540706992060166,-13.096542688514262],[-62.543207670027243,-13.094548966349578],[-62.544891862886573,-13.091721813696097],[-62.550342538853215,-13.084461728298777],[-62.554497080170677,-13.082073032206836],[-62.557387443939831,-13.082105365174243],[-62.561526562676192,-13.084736410539222],[-62.561895334232133,-13.084970821474144],[-62.565999538698122,-13.087030715757351],[-62.568059122922193,-13.087450289281378],[-62.570525532968531,-13.088286508181795],[-62.574653706202071,-13.088311765582773],[-62.577571560540036,-13.085911510254789],[-62.578833609049639,-13.083897213663306],[-62.582171343246841,-13.080674759928513],[-62.585070051955483,-13.079892977810459],[-62.589203398918585,-13.079520139972772],[-62.593765529250959,-13.07752934702728],[-62.597077505737047,-13.076739068831216],[-62.602039239799353,-13.075978556307234],[-62.604111806014885,-13.075177130816485],[-62.607431965183991,-13.0735909942033],[-62.609513899186538,-13.071984759399641],[-62.613242029852302,-13.070797063984571],[-62.619454736542991,-13.068817448524499],[-62.621940469874176,-13.068034603227716],[-62.625668501290704,-13.066837682541802],[-62.628149518329565,-13.066461681400881],[-62.632711706004045,-13.064461141953984],[-62.636866311300082,-13.062071086803655],[-62.639354871325281,-13.060872119490227],[-62.639790297702177,-13.058847240011914],[-62.639831047287373,-13.055203168306207],[-62.639852021128434,-13.053177676392181],[-62.63699456756882,-13.05031601631805],[-62.631222028497291,-13.049864301043158],[-62.627109072573319,-13.048619249167245],[-62.62134070922184,-13.047760409226044],[-62.615598831661828,-13.044469052381373],[-62.615648167995346,-13.040011178556881],[-62.616909078776644,-13.038005714301164],[-62.619403328958583,-13.036400028588162],[-62.622707692477206,-13.036016303502038],[-62.626432272391583,-13.035235306003983],[-62.632230146880715,-13.033263762048705],[-62.638051809622652,-13.029257552289494],[-62.645901165546718,-13.028500419354827],[-62.648807792178729,-13.026904081464409],[-62.6574991357258,-13.024538229188011],[-62.658775844939441,-13.020895868316529],[-62.660873743357001,-13.017679641260713],[-62.666250836942083,-13.016502478307473],[-62.669973852836904,-13.015720841858069],[-62.672456614627663,-13.014928444842496],[-62.675761770661666,-13.014553078168149],[-62.680296839055472,-13.014984077331178],[-62.683583638281618,-13.015012376149571],[-62.685247978122391,-13.015026705850801],[-62.687315204627907,-13.014631500785242],[-62.68897493133386,-13.013828841360635],[-62.690642041195019,-13.012230432832951],[-62.691906219906798,-13.009808626365498],[-62.691935899221789,-13.006969290593133],[-62.691958740991879,-13.004943778904249],[-62.691567225627466,-13.002917741218027],[-62.690376753129897,-12.998449185534128],[-62.689989256554838,-12.996016233227692],[-62.691648838143863,-12.995222594980817],[-62.69410342272505,-12.997260282034404],[-62.697751455275238,-13.003368605575531],[-62.699762218947058,-13.008245063309914],[-62.701374658103134,-13.011900264360122],[-62.704227312830312,-13.015168142157904],[-62.705865401033009,-13.016399931614103],[-62.708748821872007,-13.016819380343463],[-62.712862840842547,-13.018072182367007],[-62.714919833575948,-13.018490579374372],[-62.716978562561621,-13.018908962263424],[-62.720676065336249,-13.020559027582635],[-62.720629194172943,-13.0250169765946],[-62.720191124613564,-13.027439885177444],[-62.723050453677388,-13.030300652150629],[-62.726333183282804,-13.031950162139765],[-62.728396556782855,-13.031961544934461],[-62.731697940815934,-13.031992382925125],[-62.735833116499123,-13.031201221389438],[-62.742438066696138,-13.030846707994272],[-62.749040827977524,-13.030898941662883],[-62.751515720906752,-13.030910572517655],[-62.755605713311354,-13.034586102200649],[-62.756813645722218,-13.037435763308793],[-62.757610652238668,-13.040275957963104],[-62.758402635415393,-13.0435230624729],[-62.759999471539686,-13.048796523264798],[-62.764122047243006,-13.049234698308339],[-62.766577933801386,-13.04925729853187],[-62.767424250094166,-13.049265086732532],[-62.769486046230895,-13.049276143827171],[-62.773229160612289,-13.046458461145164],[-62.776546755624963,-13.044870117584367],[-62.780318978855178,-13.039222013110134],[-62.780370611528781,-13.038889902547055],[-62.780760349780167,-13.03638303661819],[-62.783039010826144,-13.036401792952461],[-62.783235295751979,-13.036403408631884],[-62.785282765440002,-13.038041999754739],[-62.786504311061776,-13.039670784679799],[-62.786780233539105,-13.039945651608321],[-62.78813971964297,-13.041299936962218],[-62.789777257308003,-13.042522162391549],[-62.79040275943089,-13.042614900216222],[-62.79266113077,-13.042949729528061],[-62.799296538700446,-13.039754410410751],[-62.802200913808633,-13.038156336496684],[-62.806344177563801,-13.036559260710931],[-62.810887218627954,-13.036192243568735],[-62.815866850445957,-13.033383976557786],[-62.818775701253401,-13.031378797607715],[-62.820862652021219,-13.028966030664662],[-62.822953351660487,-13.026137286247604],[-62.825869327770874,-13.023318190109535],[-62.82754057071719,-13.021311972513558],[-62.830039729427938,-13.018890392780577],[-62.831297396402761,-13.016874801365361],[-62.833799943228598,-13.014055308224101],[-62.835911464457411,-13.009209949676745],[-62.836757266569862,-13.00718499173729],[-62.837608834056141,-13.004355235552339],[-62.838883108961852,-13.000720973847251],[-62.84098980662003,-12.996273441571361],[-62.841834081961736,-12.994248462984501],[-62.843091527979198,-12.992232807769426],[-62.844344349681307,-12.990615021538758],[-62.845196925300741,-12.987785235838317],[-62.846066175361841,-12.983336813649771],[-62.846506398378722,-12.980506743158571],[-62.846954093468241,-12.976862832338554],[-62.846973080995099,-12.974837277902168],[-62.847021411030255,-12.969981373431381],[-62.84747742205883,-12.965523619441285],[-62.850375747176884,-12.96432285826512],[-62.854516908928531,-12.962724984369061],[-62.85658258390572,-12.962346506029348],[-62.85864511911069,-12.962356846460011],[-62.861944488214306,-12.962367931174128],[-62.864002153202819,-12.962794191700993],[-62.867287562509205,-12.964432891384604],[-62.871811545773653,-12.965674384926274],[-62.876349529925506,-12.965704082465606],[-62.878018546582553,-12.963688478650113],[-62.87802194167341,-12.963328388225648],[-62.878045232465922,-12.960858118135889],[-62.878504075709486,-12.955993378951462],[-62.877706809633423,-12.953153520576677],[-62.876920054901461,-12.949101937920432],[-62.876966647562313,-12.944236968175289],[-62.876969378851925,-12.943941744671406],[-62.876985387273692,-12.942211403657552],[-62.882374647853624,-12.939411082232141],[-62.88282007730686,-12.939414247129889],[-62.886497615423025,-12.939440377040853],[-62.889813094237184,-12.937832462101369],[-62.891901663741294,-12.935021211386982],[-62.895971626222604,-12.932898201686612],[-62.897288018266181,-12.932211533666646],[-62.903088777989296,-12.929410974454925],[-62.904348763263727,-12.926988082292269],[-62.905631450670967,-12.922132688858824],[-62.906917729979625,-12.916870363736507],[-62.909868713487697,-12.910008174645668],[-62.911533455162498,-12.908399265831861],[-62.914021974775096,-12.90679068617419],[-62.916515237435249,-12.904784201852578],[-62.920674987444215,-12.900761799850955],[-62.922764062801889,-12.897932204249571],[-62.923602572999073,-12.896322902775808],[-62.923629887759773,-12.89348347613543],[-62.92367744417902,-12.888211544227318],[-62.923742323624026,-12.881339040809223],[-62.924188137913632,-12.877685914401468],[-62.925461235670241,-12.87364425010577],[-62.934569012305701,-12.86965050963056],[-62.937457488838845,-12.869262611554859],[-62.943674198918643,-12.865656449535209],[-62.949908586800404,-12.860024551262313],[-62.952407085215327,-12.85720386134841],[-62.954063504670614,-12.856399481604228],[-62.958623286912882,-12.853597339577561],[-62.961512408570798,-12.85320917561404],[-62.963572622187485,-12.853218682276918],[-62.971787495984074,-12.856502918168019],[-62.974246290587018,-12.858140125687896],[-62.975880319671603,-12.859768124660548],[-62.977505516640861,-12.862616893196503],[-62.980747027736754,-12.868712281315084],[-62.984067148182703,-12.866298345124505],[-62.986141521472973,-12.864689011873907],[-62.987797594395431,-12.863893462508599],[-62.991515105889562,-12.86309814783192],[-62.998526888184131,-12.862737147746884],[-63.002233311482541,-12.863162461827017],[-63.003871902101935,-12.864383359802162],[-63.005914802327425,-12.86642716912138],[-63.010021263434965,-12.868064135392899],[-63.01211629918447,-12.864429005153227],[-63.014630333769219,-12.859582129817682],[-63.016303318655616,-12.856760806818443],[-63.020031299822108,-12.854753348821532],[-63.028275098267272,-12.854798487141124],[-63.03115351837414,-12.85563034029235],[-63.035740568163305,-12.856407819385481],[-63.042282082503561,-12.855683962967817],[-63.04394533625242,-12.854074203689322],[-63.045627346855554,-12.850040952538848],[-63.046508499709716,-12.843557156954944],[-63.044913992164084,-12.837073584956272],[-63.044944758510269,-12.833429315748276],[-63.044969262794211,-12.830589859589452],[-63.04703756682386,-12.82979389833946],[-63.048699467903191,-12.828175063461856],[-63.04995582355042,-12.825751447975961],[-63.051216428216492,-12.822929940102199],[-63.051237740399699,-12.820488367198436],[-63.051301920636377,-12.812801931356262],[-63.052147584015984,-12.810378348527081],[-63.058807722376457,-12.802302219160367],[-63.073665726917113,-12.799550682354152],[-63.076168127850224,-12.795923988250877],[-63.077833850753223,-12.793898036847622],[-63.078266048462751,-12.791483498189564],[-63.078281721313886,-12.789457891453878],[-63.078718418751805,-12.786618335220169],[-63.079558068678296,-12.784601591573676],[-63.082889002850663,-12.780567718533291],[-63.085397214536954,-12.776118029608881],[-63.086673362689623,-12.771270734276527],[-63.087926015538812,-12.769253860497258],[-63.090015092298984,-12.76561808928659],[-63.092509379177898,-12.762796052847932],[-63.096664009747428,-12.758770823371265],[-63.098732017618147,-12.757558482589786],[-63.101616505354457,-12.757575713775623],[-63.104911787299898,-12.757592784793019],[-63.110685661668583,-12.75681321941056],[-63.116050861079543,-12.755626744183473],[-63.120597855845858,-12.753617564309536],[-63.122191822163984,-12.752074703572362],[-63.12350448758167,-12.750804124695549],[-63.124753458475766,-12.749194007371386],[-63.127259192848555,-12.744743918257484],[-63.127694986784604,-12.741913318437071],[-63.128298700623532,-12.73692150937211],[-63.128576516392059,-12.734624389144017],[-63.128587909671012,-12.733289415923991],[-63.128590929196776,-12.732935612071799],[-63.128593803942181,-12.732598772418953],[-63.128621644336192,-12.728963514343206],[-63.125789819804368,-12.722462790095847],[-63.123345978569262,-12.719208288990274],[-63.123287611309536,-12.718910178211615],[-63.12294941254595,-12.717182828028911],[-63.124632853838364,-12.71274211003464],[-63.127107097697603,-12.712352294676577],[-63.129578335379563,-12.712360345798743],[-63.130732337262941,-12.712233270539969],[-63.135141821924776,-12.711747711189844],[-63.136585287633011,-12.711588761034761],[-63.14196544137792,-12.708367103477656],[-63.143216775539827,-12.706349964414585],[-63.143235769008641,-12.703917411359953],[-63.142852984019783,-12.700273290084283],[-63.141218917075207,-12.698646303808289],[-63.139998257501475,-12.696612192078021],[-63.139602747739559,-12.69458675281561],[-63.138814727418946,-12.690128938400733],[-63.138840590403049,-12.686891558625632],[-63.140095116026941,-12.684476541326092],[-63.143388875637982,-12.684484099261056],[-63.146679671881373,-12.684907592546551],[-63.148732019553279,-12.685720484714011],[-63.154496783358297,-12.685753843296766],[-63.156559178394616,-12.685363960780364],[-63.159041663243499,-12.683753051100837],[-63.163605272437508,-12.679319624668381],[-63.165264885499255,-12.677709094340344],[-63.166113173666361,-12.674471267593901],[-63.168605448018582,-12.671648511218677],[-63.172773817651034,-12.665189528284316],[-63.174023550134336,-12.663172243147585],[-63.176936757067438,-12.659137414556426],[-63.182319117245413,-12.655110121897906],[-63.184426304534554,-12.648652187854282],[-63.186566751618841,-12.638124889809887],[-63.186586808688332,-12.635294435131868],[-63.188661217570257,-12.633276569724444],[-63.191143004916285,-12.631674405969648],[-63.195262463517793,-12.631282915918234],[-63.197732628903282,-12.63129034341074],[-63.200201930928358,-12.631297748644215],[-63.204716144376221,-12.632949554057461],[-63.206762795409475,-12.634575873779909],[-63.208788227230855,-12.639041674118857],[-63.208294038671454,-12.649965881410594],[-63.20826474718632,-12.654017133078071],[-63.209069354618009,-12.656449115896123],[-63.211552378027193,-12.654837720168075],[-63.212798891570174,-12.65322718994662],[-63.213636765883109,-12.65121001652102],[-63.214884393214277,-12.64959043281192],[-63.216548918167518,-12.64716571891762],[-63.217799369958243,-12.645148230782297],[-63.219872465139701,-12.643139170463428],[-63.222352156353054,-12.641934609545899],[-63.226891723634424,-12.640330562526515],[-63.229361972305355,-12.640337696281108],[-63.234301620650569,-12.64036998175078],[-63.237573012214284,-12.64321587716023],[-63.239614299994059,-12.645646763554794],[-63.241233678429069,-12.64929877376602],[-63.241609894708063,-12.654163549618374],[-63.240307936603472,-12.663460726756227],[-63.239458088172285,-12.667105711669535],[-63.240677372048992,-12.669139365193416],[-63.242313022047597,-12.670765737809973],[-63.246012486487473,-12.671585552919282],[-63.249303268919732,-12.672007778397415],[-63.258760775583767,-12.67366342329575],[-63.261227206774663,-12.674484119727197],[-63.264920077547515,-12.67612657818313],[-63.273143528426942,-12.677773788750358],[-63.281789064765405,-12.67781070096504],[-63.286314111661284,-12.67863818731837],[-63.286370415004797,-12.678765058335898],[-63.289555240578181,-12.685941578176141],[-63.289536898285348,-12.68877201073559],[-63.288653598342705,-12.697282223206571],[-63.287378459299759,-12.70294432374601],[-63.289017648662139,-12.704163464767021],[-63.290672729803532,-12.702959096889174],[-63.298509173561854,-12.701359512974761],[-63.303870847071039,-12.700169265118404],[-63.31005374079632,-12.699384948350598],[-63.317882536180264,-12.698598660494213],[-63.325707361391892,-12.69863504454986],[-63.332297871487924,-12.698256673163485],[-63.345491432480003,-12.695862677944888],[-63.351264024927161,-12.694680023427964],[-63.358690892451079,-12.692681302324161],[-63.366545235593094,-12.687851427470321],[-63.371095676918969,-12.684617214822936],[-63.374824414535226,-12.680986134525085],[-63.379784440330468,-12.678176245200291],[-63.388459240211205,-12.673751560968469],[-63.397105991267722,-12.673775688097578],[-63.40409726008636,-12.675013647315666],[-63.409041223360475,-12.674635750923073],[-63.413578716862844,-12.673426427177844],[-63.418542887399155,-12.669395050855371],[-63.424751586395757,-12.664149976867918],[-63.431366773242189,-12.659717987369731],[-63.434669634357647,-12.658103283393871],[-63.43533323483183,-12.65787639721907],[-63.441684040685402,-12.655705045474178],[-63.444986782176272,-12.654090216887312],[-63.449950926131351,-12.650049232545314],[-63.451612643005319,-12.647632149034905],[-63.454939491666153,-12.641975057530772],[-63.457014454430691,-12.639141305234318],[-63.458673834055162,-12.637122064452342],[-63.4611497211028,-12.635924361371735],[-63.466924413535764,-12.633916355851568],[-63.472687866640229,-12.633924775424873],[-63.474746842326283,-12.63393033489757],[-63.477217999469701,-12.633537296320526],[-63.480927937500439,-12.632735186638797],[-63.482578893458879,-12.631927542401911],[-63.483827596174251,-12.629510980486884],[-63.485078405807997,-12.626678444395679],[-63.485510200796341,-12.623440402286747],[-63.48551895338062,-12.621711394740657],[-63.485522514668048,-12.621007889074747],[-63.482268146328011,-12.614520834943562],[-63.481465854054591,-12.610868951082921],[-63.481492899727129,-12.606021998904623],[-63.481518913406717,-12.601563884576592],[-63.482360673640301,-12.598325137457039],[-63.483196825844857,-12.596307167321811],[-63.48775647677428,-12.590647564122094],[-63.496609826174279,-12.588300893988844],[-63.496823090418957,-12.588244366135712],[-63.497244925622169,-12.588245465958948],[-63.505053480610911,-12.588265824690382],[-63.507933389268658,-12.58826965970303],[-63.510403092843831,-12.58828325455022],[-63.512461389825944,-12.588279494629319],[-63.516569437512658,-12.589519836525994],[-63.520268780137883,-12.590335867560384],[-63.526441748024695,-12.590351443062673],[-63.530138763990237,-12.591574261547009],[-63.532191783213136,-12.592384200726485],[-63.53795192415663,-12.592807215709684],[-63.540011176986468,-12.592405363445891],[-63.543305137467314,-12.591603854617972],[-63.543307774722621,-12.59160321290301],[-63.547433283018051,-12.5895967235233],[-63.549910544169904,-12.588380136846467],[-63.554876153752161,-12.583125565457181],[-63.557355102798738,-12.581104113206948],[-63.560667196469069,-12.577480416712888],[-63.561911426440588,-12.575461402393955],[-63.565218995152577,-12.572624373414044],[-63.56687334981666,-12.571011426302448],[-63.57100524318173,-12.567783820506577],[-63.573412625437129,-12.565165801836258],[-63.574729124650275,-12.563734114154784],[-63.578040466772904,-12.560110218441309],[-63.579282747056311,-12.558489009990808],[-63.582203771487116,-12.55039881074083],[-63.585105227907491,-12.546359727890319],[-63.586358258994437,-12.542721957660319],[-63.588032510146775,-12.537057743511753],[-63.589697007858319,-12.533410050124758],[-63.590118237392232,-12.531383608499766],[-63.590558535610228,-12.53067076776523],[-63.592606967482709,-12.527354366242946],[-63.595511396954635,-12.522501337275287],[-63.598816512865028,-12.51967297375171],[-63.603349681898067,-12.518053637849391],[-63.606643985109997,-12.517259798802513],[-63.610352048228208,-12.516058098763381],[-63.6124130880998,-12.515248796190349],[-63.615713452564819,-12.513234081816449],[-63.620250006702292,-12.510809669916398],[-63.624372210340368,-12.509190903476053],[-63.630155584589488,-12.503951292201748],[-63.632627402539015,-12.503140914495873],[-63.636328787198693,-12.503150592872259],[-63.639619495475017,-12.503152118748858],[-63.644570400331077,-12.499921574257485],[-63.649523650570529,-12.496284022158022],[-63.651593640954445,-12.493466958213844],[-63.663547480348711,-12.487814332126106],[-63.673019415183205,-12.484997510520543],[-63.675906824446201,-12.482974046382537],[-63.686203531373394,-12.479756907004344],[-63.6899048364225,-12.479765866331149],[-63.69813192029028,-12.479374657576784],[-63.701010242307007,-12.479376480994006],[-63.703834119937312,-12.478118700969162],[-63.709083203829266,-12.475780712666733],[-63.71007562962069,-12.475338677458467],[-63.710283148961707,-12.475135442619035],[-63.712139990464038,-12.473316937979803],[-63.714613049337629,-12.472107961082997],[-63.719147064459207,-12.469691005549123],[-63.721208863292986,-12.468473988982794],[-63.723679473923482,-12.467671850864804],[-63.727793521370643,-12.467272317446884],[-63.731083144120419,-12.467272753487975],[-63.733961601216549,-12.467274232407703],[-63.741376093610711,-12.46445145109783],[-63.746382614076026,-12.468361706829057],[-63.7491642605587,-12.470534263433194],[-63.752037817684197,-12.47175628807679],[-63.756973909283317,-12.471354088424107],[-63.762739510692029,-12.469330937815471],[-63.767678693843322,-12.468123764480822],[-63.774260781968792,-12.46772575232535],[-63.776728344995661,-12.467727918571256],[-63.781251732330759,-12.46773333994031],[-63.78659632502206,-12.468143270913231],[-63.790292617328134,-12.469362553164274],[-63.798105105130333,-12.469774271873462],[-63.803450828380619,-12.469776957986198],[-63.81126878470684,-12.468569705310188],[-63.815387263115838,-12.466948122103361],[-63.817862165812187,-12.464933459381712],[-63.819102954402638,-12.462904330813615],[-63.821581077908434,-12.460084863674467],[-63.826101588568633,-12.460894314354903],[-63.830198564733109,-12.464942087906081],[-63.831838121481212,-12.466555749875567],[-63.83470797444653,-12.468988551359928],[-63.83757816789614,-12.471421317769909],[-63.845386792730665,-12.473052375984821],[-63.849909163265011,-12.473454504375923],[-63.853193317732064,-12.475081066722112],[-63.854421621183178,-12.476695842966876],[-63.856470991423805,-12.478714977411244],[-63.858110821166974,-12.480337504911404],[-63.860157687849437,-12.483170413160735],[-63.861839115422185,-12.485498461744612],[-63.862203737379502,-12.486003305155691],[-63.867541379443423,-12.488843973812436],[-63.872063061327083,-12.489652611983615],[-63.8765873039805,-12.489656412251804],[-63.879878950434829,-12.489257159523504],[-63.888521446503944,-12.487638142079277],[-63.890170213733086,-12.486430241934954],[-63.894295137683855,-12.48278201377849],[-63.898828413196497,-12.479955236823741],[-63.90335948070117,-12.477526249526761],[-63.908555532711091,-12.474609471847828],[-63.909127525094959,-12.47428838679815],[-63.91143764591493,-12.473961673070733],[-63.911930329180848,-12.473891994296764],[-63.914887894739422,-12.473473714326644],[-63.918173303558206,-12.474692563989151],[-63.918989024494863,-12.477122176426917],[-63.919387338533056,-12.481578595974838],[-63.920611289479325,-12.484811587398781],[-63.923476438231489,-12.489259773598576],[-63.929642080734141,-12.490884766889621],[-63.934985118841041,-12.492096464555573],[-63.937038731845576,-12.493319225661253],[-63.939908322411384,-12.49655556504797],[-63.940309930396552,-12.499791239210197],[-63.940714143844673,-12.50221312164706],[-63.940702843946951,-12.506263979825576],[-63.94069589987879,-12.508696303136162],[-63.940675908432581,-12.515577335656985],[-63.94190177514804,-12.518412340270288],[-63.946423266352497,-12.519626572071616],[-63.948224318732514,-12.519629174635668],[-63.95012607110607,-12.519631922713586],[-63.955062509350569,-12.519623909953623],[-63.960404564325017,-12.521648833026745],[-63.964924814443236,-12.523676523148424],[-63.967386075578588,-12.526100173082341],[-63.972310239614387,-12.530965472784203],[-63.976005422423384,-12.533791558292137],[-63.978468292818889,-12.535817242197197],[-63.98422431710901,-12.537433297783537],[-63.993687941557369,-12.537028563311253],[-63.996160074206159,-12.535808013731184],[-64.002347785971722,-12.529329661456416],[-64.004412264494078,-12.52650108004002],[-64.008538070197801,-12.521639570552793],[-64.011012275448365,-12.519207285759194],[-64.013073722548427,-12.517590264148794],[-64.015958309329505,-12.515563311152505],[-64.018015994928362,-12.515157872714838],[-64.022133103693932,-12.513533181098751],[-64.025014066324161,-12.513133676201846],[-64.027482916804672,-12.5127266372196],[-64.030362811571251,-12.512724918903984],[-64.036942996194568,-12.513532060706552],[-64.039187565006955,-12.524898130287511],[-64.045767554752217,-12.524113685931468],[-64.049060236006824,-12.523314516399864],[-64.05193685022607,-12.523330654737435],[-64.054811843683524,-12.523735562304125],[-64.060148878721975,-12.524971835708129],[-64.066721467038406,-12.525805373661001],[-64.068777022255915,-12.525806431263447],[-64.071243255926277,-12.525814914686123],[-64.073714650579518,-12.524611772212211],[-64.073951475237209,-12.524380402512293],[-64.076604472894303,-12.521788513314732],[-64.07671935158595,-12.521022121707233],[-64.077028932404971,-12.518956811437818],[-64.078700586941977,-12.5128833065707],[-64.078701044122511,-12.512782631422738],[-64.078717134213719,-12.509239452294707],[-64.079139762992781,-12.506814629870689],[-64.082850554585548,-12.503988100495519],[-64.085729578437679,-12.503597010438],[-64.090918469743713,-12.504124714799559],[-64.093944689709986,-12.504432477938337],[-64.099693200439447,-12.505666349520425],[-64.10256687918428,-12.506486676016664],[-64.105435871655459,-12.508111690868304],[-64.108307513218676,-12.509329790301649],[-64.109945612758565,-12.510552838634908],[-64.111585165063786,-12.511775869817484],[-64.115283692729179,-12.511788017042363],[-64.121446797772876,-12.512205982012574],[-64.123906779721892,-12.513425584518586],[-64.150577372792554,-12.524427163395387],[-64.155098484150471,-12.524444341629419],[-64.157566025505162,-12.524045164818972],[-64.160865437854113,-12.521210305180091],[-64.162936044580704,-12.517584972365626],[-64.16296338026973,-12.510704331190652],[-64.163819202990226,-12.50220176407862],[-64.166291831668559,-12.500590952697621],[-64.168757752193414,-12.500598563480821],[-64.169864487976781,-12.501418146389369],[-64.170396579950477,-12.501812182160222],[-64.1720330180205,-12.503848567733996],[-64.172430559133943,-12.507074653580105],[-64.172137183933103,-12.512434501379914],[-64.171987036112512,-12.515177642122183],[-64.172383570839202,-12.518819632573297],[-64.173197422190299,-12.520850469206721],[-64.174828706783046,-12.524089349628525],[-64.176708009236961,-12.525441751511551],[-64.179337406423599,-12.527333943850635],[-64.181795930414921,-12.529366711143894],[-64.182685309728868,-12.530073406448139],[-64.18384433698543,-12.530994362340209],[-64.185230732021637,-12.531778423315927],[-64.186716057528827,-12.532618433367816],[-64.191232359942944,-12.53384655171476],[-64.197809355826678,-12.533854056876123],[-64.199864353342377,-12.533863151601736],[-64.204797344313533,-12.533877677414637],[-64.20932360147782,-12.532673335213474],[-64.212637661734448,-12.525805408876693],[-64.213879412722861,-12.523376854174614],[-64.214710814391367,-12.520950112827109],[-64.214713677688962,-12.520177434750224],[-64.214761841924485,-12.50718002596949],[-64.213540358205591,-12.504346464104344],[-64.213140512798873,-12.50110240869401],[-64.211510864751972,-12.497465958986254],[-64.210297316312108,-12.492191187263302],[-64.214012485593742,-12.487753613800464],[-64.221808725387916,-12.491001062998009],[-64.224272361083194,-12.491415040701156],[-64.227141977560336,-12.493445566780167],[-64.231251825799689,-12.493454307308298],[-64.235927068656167,-12.493460736850523],[-64.237415703848512,-12.493462784068981],[-64.243728028900364,-12.487613862191665],[-64.245014788025571,-12.486421567191712],[-64.245250162761522,-12.486203471888984],[-64.248544718308381,-12.484181383307998],[-64.249657207013627,-12.483601287416491],[-64.251872305798031,-12.482446246742427],[-64.254719249122218,-12.48096173717596],[-64.256778650570084,-12.479749856443675],[-64.26500521376289,-12.477334311322409],[-64.271573678981269,-12.479374433096609],[-64.274435025601804,-12.483836534171871],[-64.277299126309799,-12.48747584184099],[-64.277293064099069,-12.489501076030308],[-64.278107877796401,-12.491531532304919],[-64.2809739368343,-12.494772969883513],[-64.284250924079856,-12.498012447514725],[-64.285889348393482,-12.499641209714127],[-64.288348573121198,-12.501663913976017],[-64.291219966988592,-12.503295887576257],[-64.293677202057324,-12.506132238266673],[-64.296134779049794,-12.508968559438813],[-64.300878083811824,-12.510474029082616],[-64.317897525133958,-12.515482797058894],[-64.320370027299646,-12.513463804547882],[-64.322017867772445,-12.512253415249461],[-64.323672550978245,-12.508620013428526],[-64.323679388017183,-12.506594810535887],[-64.323685364019184,-12.504569611521617],[-64.322461831996577,-12.501320775091415],[-64.321651269826305,-12.497681179592917],[-64.320013218328995,-12.495645809247947],[-64.31796325508941,-12.494028288915615],[-64.31673500050897,-12.492406809961039],[-64.315511675497476,-12.489573809567446],[-64.315110660939808,-12.486339060798457],[-64.314709903055416,-12.483095267556337],[-64.31471318506857,-12.481892320152781],[-64.314716538457844,-12.480663211501565],[-64.319679624107721,-12.470549693296107],[-64.323794160735019,-12.468540900846733],[-64.325852808959439,-12.467328534641183],[-64.329144165252444,-12.466119240038836],[-64.33407785379444,-12.464910986763982],[-64.336132164336561,-12.464910053989513],[-64.341063610886863,-12.464922211713485],[-64.34804848734251,-12.464933260373527],[-64.358320636111955,-12.464945988159911],[-64.362839268176458,-12.465357584446849],[-64.366123635395297,-12.466579874102194],[-64.369410932418759,-12.466581596762239],[-64.371463348027191,-12.467385035116763],[-64.375570939342765,-12.467798463310316],[-64.378036941399728,-12.46780418946372],[-64.382557752017249,-12.467410809063722],[-64.389962078693031,-12.464579864433006],[-64.391642290361119,-12.463965631815881],[-64.396541966899065,-12.462168795733191],[-64.401578403161409,-12.460099958912053],[-64.406822339993028,-12.459340873758322],[-64.417506129483968,-12.458951478388428],[-64.421616004174496,-12.45895737273031],[-64.427781545143489,-12.457741090148374],[-64.435182818946373,-12.45573169158979],[-64.438059746784461,-12.455318868956226],[-64.441348475313532,-12.454515113082266],[-64.443406227898379,-12.452904135530048],[-64.442591286079391,-12.450467460812376],[-64.439304383683179,-12.45005977943606],[-64.435608894737925,-12.449256404448647],[-64.433555132008451,-12.448842210242503],[-64.433148976680911,-12.446819232486462],[-64.443009892267867,-12.446830956829274],[-64.445475581122196,-12.446827048920966],[-64.449176566535243,-12.445216435288103],[-64.452473691564705,-12.440353315678522],[-64.456176977211271,-12.437928960272131],[-64.465630457978818,-12.43632380326892],[-64.470148898525053,-12.436326820771853],[-64.475911411517359,-12.4314774080907],[-64.480436364970785,-12.42864152928496],[-64.486611068041725,-12.422578291826255],[-64.487435786254878,-12.420955603366053],[-64.489909050856284,-12.41650339231262],[-64.491560579980046,-12.412055614826556],[-64.495682996440337,-12.404773832927049],[-64.505955666394414,-12.40275615889874],[-64.510886969039461,-12.401535857733393],[-64.515408740313944,-12.399919948045294],[-64.519521772751148,-12.396688004529096],[-64.522811909642712,-12.394256099134452],[-64.5277435373157,-12.392637742741726],[-64.532675721399244,-12.39102834052693],[-64.53473063516202,-12.390212335109027],[-64.539662955301992,-12.388196003778774],[-64.542956062775204,-12.383747896433988],[-64.545014207467659,-12.38132264396944],[-64.546660725209961,-12.378881605111303],[-64.549129634583437,-12.375649448948593],[-64.54954554515956,-12.37200390875762],[-64.549551532495173,-12.368776517187712],[-64.549145153900838,-12.365940165870597],[-64.548328189658434,-12.363106112141395],[-64.543814067272592,-12.361070179334774],[-64.540950721279955,-12.353790660697939],[-64.539313554105036,-12.350554317127092],[-64.537679201326057,-12.345699733012509],[-64.534402805736818,-12.340429338533681],[-64.532770652852264,-12.334372331931206],[-64.532362829578801,-12.33234051827111],[-64.531149142314405,-12.321408443885218],[-64.530743115726864,-12.318978838324028],[-64.530335448850337,-12.316965094920874],[-64.530338818275879,-12.314533228768425],[-64.530344498417833,-12.311296760290418],[-64.530349916145781,-12.308467107417357],[-64.530766096278796,-12.304821560585708],[-64.531181449643839,-12.301989647845517],[-64.531598460317127,-12.297937281061763],[-64.532423775292614,-12.295112148315809],[-64.532429406726123,-12.291866638357135],[-64.533254701468934,-12.289041505156888],[-64.533257196836814,-12.287596823543879],[-64.533262384207603,-12.284593619384111],[-64.533266336815473,-12.282161747690395],[-64.533681082333374,-12.279329837110595],[-64.534095842683541,-12.27690474135153],[-64.534510577789376,-12.274072830478019],[-64.535338000984552,-12.270018199109302],[-64.536573697701613,-12.267597615208444],[-64.537397725180199,-12.26517025979274],[-64.539043465180839,-12.262331550821045],[-64.540279934129956,-12.259504138035084],[-64.541514373142888,-12.257481321697639],[-64.54233690328806,-12.255858554860367],[-64.544804362886907,-12.253033355905075],[-64.54727028310657,-12.250199108407116],[-64.549735693333673,-12.248585286526009],[-64.55178703615212,-12.248591960703664],[-64.554249554148726,-12.248578247766204],[-64.558351994465625,-12.249396097751628],[-64.560402999327664,-12.249791439498608],[-64.562864305489029,-12.250609357013332],[-64.565325859117365,-12.25141820907146],[-64.570658062783309,-12.253440346218326],[-64.575988514399171,-12.256673764991433],[-64.578858336051667,-12.259107405980046],[-64.58337288967175,-12.259099864094026],[-64.585426007880528,-12.257885847585726],[-64.587479015207521,-12.257485431008206],[-64.591176023816445,-12.254255096135296],[-64.591999843768804,-12.252225403078228],[-64.593233364598291,-12.250609212889515],[-64.594055543693401,-12.248986331039248],[-64.596112576920461,-12.245349476170816],[-64.596525648129841,-12.243322126412977],[-64.597139382610692,-12.241313198471687],[-64.598996245033618,-12.235235158340402],[-64.601258046690532,-12.234203335757229],[-64.604334540609784,-12.232799854645975],[-64.607206768749847,-12.232801409083379],[-64.609669055935967,-12.232398495292671],[-64.611721026832811,-12.232395692727209],[-64.614593527968793,-12.232397168940849],[-64.618697225213566,-12.232400516470818],[-64.621569662789739,-12.232392880149405],[-64.624851396541374,-12.233205471360066],[-64.628133796831719,-12.233602177489445],[-64.630184769258278,-12.234006041107875],[-64.632237361616944,-12.234012120329396],[-64.635519604442095,-12.234001938439633],[-64.637981423413464,-12.234005575462618],[-64.640855334260095,-12.233202212342235],[-64.642497696419014,-12.23238799414446],[-64.646602041553137,-12.230763736303061],[-64.648654507596518,-12.229956104833548],[-64.651938891715133,-12.228336618797073],[-64.654811478347426,-12.227524089955523],[-64.656864174946861,-12.22671640172598],[-64.658916943394445,-12.225501905075646],[-64.663842117577701,-12.223881574959876],[-64.666714967080679,-12.222662137521979],[-64.670408987728536,-12.222260385148388],[-64.674102200562174,-12.22103596672639],[-64.67615442433555,-12.220634941399567],[-64.682311432726067,-12.218202366443165],[-64.685183779499027,-12.217389546160064],[-64.687236279936826,-12.216581652888976],[-64.69257082227233,-12.214958375718936],[-64.695443786117721,-12.213340917218204],[-64.698316282683152,-12.212934757310109],[-64.700778088238735,-12.212522029988179],[-64.704471877023536,-12.211713059477233],[-64.707754962464833,-12.210897513843349],[-64.708161903295604,-12.21083077811744],[-64.710217067915266,-12.210493744100575],[-64.712267391465502,-12.210499262260441],[-64.715961618781705,-12.208867535514401],[-64.718013071982,-12.208466222109564],[-64.72252743958353,-12.205229359004647],[-64.726221516754549,-12.203597512194676],[-64.728273204335153,-12.201984822705697],[-64.731145465093846,-12.2011715622574],[-64.732786986403369,-12.19995008674033],[-64.737301589015203,-12.195908498986341],[-64.738942759908355,-12.193882476375336],[-64.740174186828597,-12.191858996837084],[-64.741816708095769,-12.188621655770589],[-64.74304809276282,-12.186598168871456],[-64.743741555405052,-12.184881801102222],[-64.743868258494842,-12.184568202234175],[-64.744279271087066,-12.181736266480641],[-64.744279495572414,-12.181076854047888],[-64.744280511261536,-12.178093326117335],[-64.744280686355808,-12.176068468793915],[-64.744282470829603,-12.171214225349559],[-64.7442828696216,-12.167571287721103],[-64.743873404191959,-12.16515123858369],[-64.743463603965949,-12.162722150034938],[-64.74305410125038,-12.160293057683418],[-64.742644038034484,-12.157059446424398],[-64.741414921252158,-12.154228659823104],[-64.740595537967749,-12.152208883073513],[-64.739775020515367,-12.150189109071334],[-64.738544786820171,-12.14775604888797],[-64.737725508355993,-12.145745296383268],[-64.736495635360086,-12.144125782262165],[-64.736086202670151,-12.142094406511717],[-64.735675974748006,-12.14007207359947],[-64.734036568874899,-12.136439242018241],[-64.732396543918014,-12.134008666669786],[-64.731166763435738,-12.132389116014849],[-64.730757744789344,-12.130366760412755],[-64.729527816810673,-12.127544928842099],[-64.727889105839495,-12.123902993481124],[-64.728300412642341,-12.119055218980975],[-64.729121133119975,-12.117432079582159],[-64.72953229881017,-12.115006929228457],[-64.73076260452018,-12.113381269287572],[-64.732813297307302,-12.111352811801169],[-64.735684648493304,-12.109735105608877],[-64.738144323482743,-12.108924441133865],[-64.74142461495029,-12.108515462541959],[-64.744705485248915,-12.108513223776015],[-64.753316652725971,-12.108504909605585],[-64.757007417861928,-12.108906750081587],[-64.761107449190604,-12.112542120860383],[-64.763157673979947,-12.114563165008235],[-64.766028043649897,-12.116985817322757],[-64.766847287749272,-12.119819065925753],[-64.767207638654497,-12.12058728266237],[-64.769307814685021,-12.125064558430836],[-64.769717637443193,-12.128713917885307],[-64.769717733950984,-12.131950041385835],[-64.76971776761809,-12.134381653532046],[-64.76971766213012,-12.138820023715255],[-64.76971689577897,-12.144080986272115],[-64.769717298292733,-12.146919369110037],[-64.770537864254038,-12.149752575838647],[-64.771767254842473,-12.152980929734952],[-64.772176861036769,-12.156621230856388],[-64.772997857253301,-12.159861192411711],[-64.774638156345134,-12.163086921187698],[-64.775048155597631,-12.165109151942033],[-64.775458529558421,-12.167538151883662],[-64.777099157010525,-12.169968385393645],[-64.778330277306736,-12.171985394071953],[-64.779560556262311,-12.174002399905305],[-64.779757644662595,-12.174119260630675],[-64.781611888973487,-12.175218708060584],[-64.784073217044011,-12.175212071538056],[-64.786944624339299,-12.174000561987668],[-64.789816147326462,-12.173593526277557],[-64.791867588990101,-12.171564632708851],[-64.792687439786221,-12.169941345169718],[-64.793097818689205,-12.166702638805987],[-64.793097828868042,-12.164586875700763],[-64.793097832257445,-12.163882368319605],[-64.792686451126599,-12.161453420810858],[-64.79186679793122,-12.159018042577316],[-64.791456404076769,-12.156995854011029],[-64.78940468334082,-12.152959329881924],[-64.788174014168987,-12.150526554111138],[-64.787353646019312,-12.148100194824963],[-64.785713125115194,-12.14528131959554],[-64.785302723242182,-12.142852339279898],[-64.784071774598033,-12.140012762125764],[-64.783661689181656,-12.137583773500523],[-64.783661845938468,-12.134763483605809],[-64.783661373558004,-12.131934157798923],[-64.783661994376359,-12.129095785137167],[-64.784071918358734,-12.125857080269839],[-64.784071046812812,-12.123841301312495],[-64.784891250172166,-12.121404497525475],[-64.786942452730273,-12.117766672840332],[-64.790632434757413,-12.114931953662165],[-64.794322085630768,-12.112494928914202],[-64.797602959159121,-12.11128078691678],[-64.811544381201941,-12.105596030360971],[-64.816875023689022,-12.105588778804474],[-64.82056501335245,-12.105583006168672],[-64.82425585671831,-12.105577178965461],[-64.829176546619465,-12.105563309745094],[-64.832457535470269,-12.106373564479952],[-64.834507543588018,-12.106766966895862],[-64.836558508090263,-12.107982911113254],[-64.84066009627827,-12.109592186244015],[-64.844351749855093,-12.111610843577353],[-64.848454326328181,-12.116058261968874],[-64.850916667732463,-12.120091571953196],[-64.853790387166384,-12.126562684576754],[-64.856254752553752,-12.13262969528995],[-64.857486552829243,-12.136671042577575],[-64.859539585059053,-12.13990246118459],[-64.860360707964219,-12.14151500471371],[-64.863642752579324,-12.143536036853106],[-64.869797563514794,-12.146360429549759],[-64.873897817113061,-12.145130873076653],[-64.876357734340104,-12.143107774052794],[-64.877278981425945,-12.142426378213486],[-64.877997925786246,-12.141894614582213],[-64.879636658288803,-12.13864769423418],[-64.880454605613181,-12.136219775720008],[-64.880451962790346,-12.131772632141633],[-64.880449498400935,-12.127723199861123],[-64.880036767562274,-12.124490018888935],[-64.879214922709366,-12.12165728655367],[-64.87880318890393,-12.119228560081524],[-64.877981379809455,-12.116811611330547],[-64.877159656828894,-12.113572110604821],[-64.876747514197575,-12.112962461413076],[-64.875517194710824,-12.11114254950985],[-64.875105873168309,-12.108722845232478],[-64.873463671769343,-12.105488792225117],[-64.871410741265436,-12.101452984060813],[-64.870179242090103,-12.099834149972367],[-64.868128108550025,-12.09780495482994],[-64.865666923627771,-12.096203292698249],[-64.863616441211263,-12.095394322256936],[-64.861565169919629,-12.094594379199805],[-64.858694479850044,-12.092570516247747],[-64.856232734647961,-12.090155241699449],[-64.85336155470776,-12.088131314206123],[-64.850079559202527,-12.084898807333445],[-64.85007720027977,-12.07963805647006],[-64.850075261624397,-12.075199861140618],[-64.851303123214507,-12.071955798537601],[-64.853351468301014,-12.067910903248503],[-64.854170008222297,-12.065889804030405],[-64.856218113008595,-12.063047100340953],[-64.858265951360011,-12.060213427897793],[-64.859494788220843,-12.058189619603581],[-64.861132439097048,-12.055349596667668],[-64.862771059118529,-12.051307364867625],[-64.863588934017798,-12.048065981977174],[-64.863631855225265,-12.047959986935439],[-64.864237123498071,-12.046465261143851],[-64.864407355044648,-12.046044869898026],[-64.865635618253464,-12.043614293821292],[-64.866864814881353,-12.041997224545185],[-64.868502789105833,-12.040784207845206],[-64.870961521047093,-12.039963471201531],[-64.878747697802908,-12.036712025901295],[-64.883256371734944,-12.035904680739634],[-64.887354287623793,-12.035081930244303],[-64.890223641264072,-12.035071804445238],[-64.894732336371646,-12.035068747631044],[-64.896781289018406,-12.035055011332474],[-64.901700560068207,-12.035049087660695],[-64.904159872177445,-12.035041576049537],[-64.906619243701471,-12.035043081262188],[-64.911947069209532,-12.035034221876174],[-64.914817243277469,-12.035023837853203],[-64.917685977927931,-12.035013434103234],[-64.920555568551265,-12.035002995078571],[-64.923015476828255,-12.035411098189172],[-64.925885266325508,-12.036205054389768],[-64.928755769552083,-12.037017051275427],[-64.932037034304983,-12.039028363071395],[-64.935317185798851,-12.040226150174931],[-64.94228865021455,-12.04305262715053],[-64.944111312073346,-12.044116454441735],[-64.9443396096284,-12.044249704154709],[-64.946302316676054,-12.045058708149156],[-64.951310894655876,-12.046262448163759],[-64.955000918088103,-12.046652706807834],[-64.95786852940239,-12.045033004647507],[-64.961555231151976,-12.043000853801175],[-64.963193208993516,-12.041778302495004],[-64.96523972787088,-12.039350769480336],[-64.966467958784392,-12.037733355805699],[-64.968103449422983,-12.034495197086301],[-64.969331069980626,-12.03287778033598],[-64.970968320917223,-12.031248466283159],[-64.973422160671191,-12.026793417271165],[-64.975894818423512,-12.023088425562889],[-64.977522310229631,-12.021630887131778],[-64.979336464439598,-12.02039799935892],[-64.981303402385208,-12.019426149680044],[-64.983385961392571,-12.01873367181463],[-64.985545128519732,-12.018320836118392],[-64.987740588475674,-12.018206000061127],[-64.989932469929784,-12.018389442099647],[-64.992078188523692,-12.018853384080501],[-64.994998988235125,-12.020242805664225],[-64.998084552894625,-12.022977755829857],[-64.99836488734195,-12.024476155997888],[-64.99870450996201,-12.025802406015146],[-64.999448236274986,-12.027577719392525],[-65.000296986682997,-12.030924971774198],[-65.001099692722505,-12.032600436495386],[-65.003699067262744,-12.035483349014498],[-65.005962278887068,-12.0365338222216],[-65.007767830335581,-12.036602343439711],[-65.009982927352496,-12.036216021100699],[-65.01144240587837,-12.035771793584956],[-65.013546433387035,-12.03468124374109],[-65.015187214122307,-12.033377063910905],[-65.016361231065787,-12.032121398790935],[-65.017359196004918,-12.031038715239333],[-65.018714607362313,-12.028859838731762],[-65.019717642735088,-12.027144430661508],[-65.020721121769213,-12.025257289415492],[-65.021491497019554,-12.023353736066781],[-65.02191101205824,-12.021805184670143],[-65.022565949729199,-12.019812072569607],[-65.023543693625072,-12.018602984895438],[-65.024963591749781,-12.013630795119127],[-65.025475536328656,-12.012325615779048],[-65.026090173050989,-12.010902203221349],[-65.027422445744492,-12.009184426488048],[-65.028857164691146,-12.0081708985511],[-65.031111916999862,-12.006862258966123],[-65.032445197649452,-12.006256166331013],[-65.033880694331685,-12.005739716804783],[-65.035725642820523,-12.00573549846672],[-65.038289272286192,-12.005735134210568],[-65.040341161592153,-12.005937275233919],[-65.044443448961488,-12.00764302411136],[-65.047213200021304,-12.008852205338712],[-65.048160345613667,-12.00920530337936],[-65.048854186544759,-12.009463968863713],[-65.050905292801872,-12.010172170392764],[-65.052956165288549,-12.010464601195622],[-65.054494742582278,-12.010462475999702],[-65.056544998540915,-12.010366243608757],[-65.061261187608636,-12.008840647086458],[-65.062900620423704,-12.007717016119614],[-65.064744555185769,-12.005597694279402],[-65.066076863197679,-12.003771316965128],[-65.066690866629756,-12.002257473776808],[-65.068060891523942,-12.000376587457311],[-65.067508734095611,-11.999015865450872],[-65.0667881416461,-11.996391035692682],[-65.065659396654496,-11.994573568551743],[-65.064838091475849,-11.993467865839136],[-65.063196310644287,-11.992051798792033],[-65.060837530187825,-11.990541513124924],[-65.059297905586163,-11.989124674386233],[-65.05796288495344,-11.986603684813247],[-65.057653941386889,-11.984075242706069],[-65.057653076441738,-11.982656258138377],[-65.05847138184231,-11.979920798247065],[-65.059906408500808,-11.979521742824204],[-65.062161323285011,-11.979207104427644],[-65.064109677214162,-11.979211013445195],[-65.065750687892319,-11.979199070516131],[-65.068621006923593,-11.979205272197191],[-65.070979396744519,-11.979188067399605],[-65.072413557446566,-11.978183406018218],[-65.072411326302642,-11.97605947226856],[-65.072205879001274,-11.974641992788065],[-65.071384256863553,-11.973030171783137],[-65.070049882146463,-11.97120517150762],[-65.068921151859627,-11.969794416500235],[-65.067895477618777,-11.968889038901636],[-65.06440705329311,-11.965660693870973],[-65.063380541185609,-11.96444800411092],[-65.061636741551922,-11.963132057503572],[-65.059995365446696,-11.961318256034644],[-65.059071571735103,-11.960104799914973],[-65.058148359789584,-11.958584037405785],[-65.057223980145181,-11.956367339058886],[-65.056401775643167,-11.954041437825651],[-65.055683291431933,-11.952121500246335],[-65.054963581779703,-11.949496588991053],[-65.053422946996591,-11.946055123970098],[-65.052089347477761,-11.94364250670651],[-65.051267979740771,-11.941415990161886],[-65.050445541066097,-11.938077775426677],[-65.049419080708276,-11.935147743182085],[-65.048463538216481,-11.933077967685847],[-65.048391852455438,-11.93292269104154],[-65.047672804697925,-11.931102137744233],[-65.047262050789357,-11.929586665770387],[-65.04623477107765,-11.925644332091508],[-65.045515385462124,-11.922919944246303],[-65.045206080164917,-11.921195856831503],[-65.045102417586577,-11.918774347312649],[-65.045203394234704,-11.916450790406827],[-65.045327583696974,-11.915402072845779],[-65.045406926665521,-11.914732061373002],[-65.045713109252915,-11.912506453729748],[-65.046735414912234,-11.908965162729771],[-65.04745209176491,-11.907143332223654],[-65.048681190012303,-11.905625123979007],[-65.050319736451172,-11.904718571925571],[-65.051857139821493,-11.903903121375038],[-65.053393493671365,-11.903295550552684],[-65.055135009828348,-11.902279775717773],[-65.056467214542636,-11.901872500787192],[-65.058516434214823,-11.901360630830084],[-65.060259377847785,-11.901158256010376],[-65.063538432350981,-11.900745932118355],[-65.065177673390451,-11.900752155407986],[-65.067022382836001,-11.900738805272454],[-65.068661788287386,-11.900537129715076],[-65.07101929435953,-11.900339274821249],[-65.073684189637845,-11.900636264873185],[-65.07716873748484,-11.900520551319687],[-65.079935477667448,-11.900021388056985],[-65.081471912128904,-11.899820390349248],[-65.083419112367437,-11.899101217216639],[-65.084853083509017,-11.898394818386919],[-65.08720849002674,-11.896669417323892],[-65.089154766303693,-11.89545312476389],[-65.091101226060914,-11.894643531603379],[-65.092739613090487,-11.893330054894818],[-65.095094604642213,-11.891297312815198],[-65.096631266591828,-11.889885147374969],[-65.098369823945632,-11.887151945414928],[-65.098676748204866,-11.885839181633969],[-65.099392416811554,-11.883709996130847],[-65.100926190927453,-11.880372746484511],[-65.101845658863397,-11.877744972449022],[-65.101843119969942,-11.875214354725358],[-65.101328184865963,-11.871774663628059],[-65.10101929304841,-11.870059713280398],[-65.100709229033498,-11.868037478480858],[-65.100297179913355,-11.865609280681042],[-65.100090842527038,-11.863992992138151],[-65.099884578517276,-11.862575538471162],[-65.099734726787858,-11.861696577560792],[-65.099575251206147,-11.860761167584485],[-65.098958838907322,-11.858641753897246],[-65.098342886586181,-11.85722729897617],[-65.097111028362576,-11.854705674175989],[-65.096972128753066,-11.854473040792129],[-65.096084803340375,-11.852986920607805],[-65.09557169702083,-11.85167112083974],[-65.094544025007622,-11.849147982988029],[-65.094030454708275,-11.847425469189034],[-65.093516736490812,-11.845910829429044],[-65.092077373404493,-11.840561768600878],[-65.091460432088127,-11.83812599110837],[-65.090536504146314,-11.832088647021692],[-65.089914415831856,-11.828023653382047],[-65.090220023402878,-11.825996899713857],[-65.089808899836214,-11.824083819278087],[-65.089293694751007,-11.821249609660697],[-65.089088007476164,-11.819127155497426],[-65.089185248756337,-11.813775900989583],[-65.090196978896813,-11.799614901456835],[-65.091117285298481,-11.797294465022446],[-65.092036418312432,-11.794359446587919],[-65.09264860916835,-11.791932791270256],[-65.09367010601153,-11.788698771693078],[-65.094486125444462,-11.785665083323295],[-65.095201064236676,-11.783029805192143],[-65.095813806178853,-11.781714828688166],[-65.097039774018981,-11.777774351070036],[-65.097959108453551,-11.775146623305034],[-65.09867482589442,-11.773424182974679],[-65.09959443511633,-11.771600839150381],[-65.10153815948479,-11.768974686009471],[-65.102662547271507,-11.766752171555481],[-65.103480353167299,-11.764622270772747],[-65.104502642241926,-11.763006046383907],[-65.10603440662544,-11.75885545487165],[-65.107055033583435,-11.755115302730701],[-65.107564806684422,-11.752888228621373],[-65.108277562451974,-11.748038646595546],[-65.108274108309502,-11.744794020987456],[-65.108578414645081,-11.741465807807629],[-65.108677309298514,-11.73883502092383],[-65.109085666002898,-11.736310433523442],[-65.109389637665288,-11.733777569581775],[-65.11000092075443,-11.730645955175419],[-65.110819083999218,-11.72892276353133],[-65.111841117860308,-11.727405957791518],[-65.113988143824372,-11.724272170452878],[-65.115522521539731,-11.722751615145114],[-65.117160022231872,-11.721646047757304],[-65.119001999820171,-11.720828192123804],[-65.120537059353239,-11.720012574179066],[-65.124631607819936,-11.719096840066527],[-65.127089443768398,-11.719196289473871],[-65.129444655697,-11.719594723748969],[-65.130776179957991,-11.720100089802429],[-65.132312921248285,-11.720495482615036],[-65.133746467751735,-11.721000081825025],[-65.135898539707682,-11.722005494578355],[-65.13712764156395,-11.722719454148034],[-65.138357540061747,-11.723424363596621],[-65.140305974391026,-11.726247852395716],[-65.1417409196888,-11.727457346452297],[-65.143790794893164,-11.729068978356054],[-65.145021075937223,-11.730081135015041],[-65.146455673563764,-11.731390017114904],[-65.15290920185555,-11.733294218508888],[-65.154855030969827,-11.733695464485265],[-65.156391551183958,-11.733900917752464],[-65.157927838572562,-11.733889457758892],[-65.159873194212253,-11.733893009987696],[-65.162125771551302,-11.733785799155044],[-65.164071051745736,-11.733780285738476],[-65.16601690260984,-11.733774754812089],[-65.168679520070839,-11.733772873683961],[-65.17093218458632,-11.73386442274375],[-65.173594970530417,-11.734070361010652],[-65.180456878414077,-11.735365305607274],[-65.187625620720155,-11.734841194715955],[-65.189467479128439,-11.734438635671893],[-65.191003128392708,-11.734128762083799],[-65.193255435186529,-11.734030347067176],[-65.194790953233337,-11.733521628820029],[-65.196326586456223,-11.733211728582546],[-65.198374694321046,-11.733205201228429],[-65.201651551851342,-11.733297755608589],[-65.203290153191404,-11.733402761098205],[-65.205353599400667,-11.73357739276247],[-65.20554327065571,-11.733593444844075],[-65.208308244008322,-11.733897688365232],[-65.20963999065043,-11.73439361175673],[-65.211485226694208,-11.735409773540312],[-65.212715729709601,-11.736511964845761],[-65.213946436766662,-11.738129282423586],[-65.214768299349828,-11.73993951241755],[-65.214771105156444,-11.741656606017386],[-65.214774052651194,-11.743482147707596],[-65.213651269766672,-11.745903753482935],[-65.211913706352902,-11.748230655596785],[-65.209869967749739,-11.750876206895896],[-65.208642164402931,-11.751780312395852],[-65.207109986089733,-11.754412900654074],[-65.20588507485968,-11.756943724226517],[-65.204351367979086,-11.759169630546182],[-65.203331039632644,-11.76169888687599],[-65.203128412126034,-11.763010872138295],[-65.203951962203973,-11.766050216494307],[-65.204772981829137,-11.767254963965968],[-65.207028825795248,-11.768774076720376],[-65.20907767240476,-11.76906565853136],[-65.21081851314301,-11.769061351120399],[-65.213686450142632,-11.769057417923875],[-65.215836185076,-11.768751704642966],[-65.217679617815406,-11.76843929491605],[-65.219931292033607,-11.767726084919047],[-65.221467770544791,-11.76732564195413],[-65.223002450580111,-11.766807719276301],[-65.225766216485397,-11.76580132324375],[-65.2271985569256,-11.76497690024803],[-65.229348565300597,-11.764065588086737],[-65.231599923803344,-11.762855245575111],[-65.234875066028735,-11.761528509677589],[-65.237638646187406,-11.760512978777854],[-65.239787427398596,-11.759601609017864],[-65.242448058281411,-11.758279569434819],[-65.244494564674312,-11.7573599274304],[-65.246336514317136,-11.756450902942959],[-65.252066179311498,-11.753098610921938],[-65.253805096302472,-11.751982495005961],[-65.255236716101535,-11.750769362612687],[-65.25902160627362,-11.748028607680794],[-65.260963948734457,-11.746612639469561],[-65.26270325616855,-11.745288624132229],[-65.265567801337056,-11.744073258825949],[-65.268125955113703,-11.742643383901509],[-65.271396989476727,-11.739310088676632],[-65.272418961118888,-11.738398339358525],[-65.273953453055071,-11.737274700678654],[-65.27620352939897,-11.7358562326325],[-65.279885462012885,-11.733423342209278],[-65.281112076827924,-11.732311140241336],[-65.282543106218668,-11.731088875798946],[-65.283872073847306,-11.729668597268869],[-65.2857097202413,-11.726635698541941],[-65.286320525816734,-11.72521205294322],[-65.287034164642819,-11.722992333748437],[-65.287439223096612,-11.720865424998351],[-65.287843083067969,-11.717834821439851],[-65.287324662528761,-11.714305433352024],[-65.286810513392766,-11.712990085946444],[-65.285576113057516,-11.710153159987385],[-65.284242506210489,-11.708645455757392],[-65.283318010743301,-11.707640593939402],[-65.281884544526349,-11.706730109050113],[-65.280449224541542,-11.705819629864379],[-65.278194449314128,-11.704716771063488],[-65.276350487963327,-11.704116742425697],[-65.274812871508459,-11.70341488691048],[-65.272455228384501,-11.702005520100556],[-65.269892497261026,-11.699784391772255],[-65.263125977168613,-11.694758403061087],[-65.261690595127277,-11.69354054288118],[-65.260357928510928,-11.692231500480943],[-65.259228754450817,-11.690821455106061],[-65.258202723697025,-11.689302153451365],[-65.256970926581971,-11.687793484105384],[-65.255432215241967,-11.686079336169541],[-65.254303487816742,-11.684163172353976],[-65.253378931561258,-11.682643055653386],[-65.252249734242866,-11.680735919369113],[-65.25029902900377,-11.677289768996673],[-65.249887416059948,-11.675883142176076],[-65.248039141897948,-11.672752476430901],[-65.24670503586907,-11.670431173209181],[-65.246083964364459,-11.666495707822264],[-65.245567800011088,-11.663770427216036],[-65.245563808569671,-11.661538240846767],[-65.245558078758449,-11.658203514713875],[-65.245554817864445,-11.65627859083088],[-65.245552571588121,-11.654877823505217],[-65.245753995960399,-11.652951319409567],[-65.247793535489848,-11.648398839895606],[-65.248713125674897,-11.647388595503799],[-65.250655647504345,-11.646063174159735],[-65.254330385737319,-11.640196658929426],[-65.255350361251146,-11.638272860097629],[-65.256472877884505,-11.636456712919426],[-65.258004907953534,-11.634230713689306],[-65.258513129897722,-11.632708515382092],[-65.258510467920019,-11.63099145672885],[-65.25819980313878,-11.629068927114247],[-65.257480764010268,-11.627357415743461],[-65.256966899852728,-11.625743722773223],[-65.256554444767175,-11.624219615745346],[-65.255833040001562,-11.621595348843869],[-65.254805893574428,-11.61917226082403],[-65.254289976696953,-11.616953074294031],[-65.253980743068382,-11.615437197864139],[-65.253362079115277,-11.612613301229374],[-65.253458334931111,-11.609368167736079],[-65.254069381630643,-11.607447544039303],[-65.25478260524585,-11.605733989276757],[-65.255803579241046,-11.604216877965712],[-65.256516936585456,-11.602792514041823],[-65.257843545267633,-11.600468720190179],[-65.259272244957913,-11.598342954562384],[-65.259986722789847,-11.597027025905504],[-65.260699967967525,-11.595412876320381],[-65.261412115230996,-11.593283610773994],[-65.26171592491562,-11.591365360985208],[-65.261713070485655,-11.58944044604425],[-65.261505301764601,-11.587535189898176],[-65.260988500839346,-11.584999712710669],[-65.26026866778227,-11.58277306834799],[-65.259139022395175,-11.580459210889842],[-65.257805708376452,-11.578535519994205],[-65.25688245267753,-11.577232232093309],[-65.255960352258739,-11.576218124434035],[-65.253296464860171,-11.574205242818607],[-65.251657777695357,-11.573404488828317],[-65.248687364984619,-11.571592732291151],[-65.247150596814834,-11.570384484121519],[-65.245921546933232,-11.569481136720924],[-65.24450433063123,-11.567484853477765],[-65.244485786414657,-11.567458732194211],[-65.242433709856641,-11.563723930193589],[-65.240894156039133,-11.561205234755505],[-65.240172982220372,-11.558065731009208],[-65.23996603027831,-11.556657477003341],[-65.23986098561312,-11.554841760846443],[-65.239340529001026,-11.549685373757143],[-65.239337196268423,-11.547362784237748],[-65.239434991113114,-11.544533327717488],[-65.240249275379995,-11.542303911647423],[-65.240861115560904,-11.540789995432192],[-65.242083484971715,-11.537852546243244],[-65.243103592880459,-11.536037277678588],[-65.244941768962121,-11.534414580140776],[-65.246475197889765,-11.533697942735955],[-65.249951423103596,-11.532378998950037],[-65.252917034140864,-11.53176884731505],[-65.255371081068517,-11.531054146576537],[-65.259154660481045,-11.530338246347583],[-65.261404864159772,-11.530031744879466],[-65.264473128622626,-11.529917744332238],[-65.267950705632018,-11.529909000210182],[-65.270406766405813,-11.529908108810503],[-65.275316664277796,-11.530096062456948],[-65.27777214198511,-11.530095112974209],[-65.279204251019394,-11.530084008088409],[-65.282577433152312,-11.529072771767517],[-65.287995804150682,-11.527431058834964],[-65.290654988352514,-11.526931376481173],[-65.294335676543881,-11.526107400198782],[-65.296993942813288,-11.525390780959697],[-65.302105504676774,-11.523561451183241],[-65.304966391474977,-11.522038882688776],[-65.308543490131001,-11.520619113454245],[-65.310077228603234,-11.520100994149288],[-65.311917467090268,-11.519598532110535],[-65.315292052996085,-11.519382203345685],[-65.317132949611505,-11.519069482197835],[-65.319587509435621,-11.518869390603697],[-65.323065228442317,-11.518751567066147],[-65.328176866610363,-11.517328491271769],[-65.329709293186568,-11.516710882520442],[-65.334100125689417,-11.512862502335224],[-65.33552841307278,-11.511242602640664],[-65.336241233672922,-11.509718748858063],[-65.336748864490062,-11.50799771281919],[-65.337052958172478,-11.506684952152284],[-65.337558359292871,-11.50376203069294],[-65.337757442362829,-11.501230127121858],[-65.338057323763508,-11.497893142334362],[-65.338153371186138,-11.495172282714691],[-65.338353030658141,-11.492640375024166],[-65.338752449600406,-11.487992255284041],[-65.338949705456798,-11.484656085812162],[-65.339251903489242,-11.482638466950732],[-65.339961612755701,-11.479704892309428],[-65.340874684198866,-11.476363046006611],[-65.34158570870062,-11.474242779283259],[-65.342396655704476,-11.470702933255666],[-65.342900148165484,-11.467165527699194],[-65.344420753775694,-11.460800554751927],[-65.345435204660305,-11.457051249360632],[-65.34593955096733,-11.453920498567868],[-65.346445538117678,-11.451395203810478],[-65.348566018269139,-11.439359380383166],[-65.34866243757989,-11.436737932930953],[-65.349165851741702,-11.432793878585017],[-65.349871528065478,-11.428450599930841],[-65.350271920966463,-11.424615806682823],[-65.351078500024585,-11.419449378434138],[-65.351585369134796,-11.417231335048825],[-65.352190196938466,-11.413494328118361],[-65.35289600444753,-11.408943207035236],[-65.353399072712875,-11.405505224309366],[-65.353592875221352,-11.400659949747251],[-65.354402970047829,-11.397318939702302],[-65.355722140415025,-11.392564150409839],[-65.356941891495865,-11.389626549717036],[-65.357653177125371,-11.387705104231031],[-65.358568549229801,-11.385384420040509],[-65.359277270791836,-11.382658719336177],[-65.359883561147456,-11.379427771160408],[-65.360181384583086,-11.375376922468206],[-65.360172971181612,-11.371744195697431],[-65.360167109004465,-11.368915723328655],[-65.360159659610758,-11.36568060689882],[-65.360357810485311,-11.363058363208154],[-65.36035411626915,-11.361232957974721],[-65.359221746183096,-11.357907345140006],[-65.358503667835919,-11.35659365472435],[-65.357479771656358,-11.355589632617125],[-65.355943519602249,-11.354481214083705],[-65.354101625094074,-11.353474604604287],[-65.352567656582266,-11.352980651873509],[-65.350523065953041,-11.352472643172803],[-65.348374703194509,-11.351676256180156],[-65.347045124687497,-11.351171624014228],[-65.341829621826605,-11.349974578804449],[-65.337537257627957,-11.34998114911383],[-65.335493989469114,-11.350096566753507],[-65.331201925040602,-11.350410300239673],[-65.326397955838615,-11.350321301843451],[-65.324965962506951,-11.349817360529698],[-65.322101669963843,-11.34841182684886],[-65.319441936966598,-11.347212521602671],[-65.318928278700525,-11.345689252712361],[-65.317693688120528,-11.3416592784925],[-65.317689517459655,-11.340041675653879],[-65.317891212278653,-11.338223658598395],[-65.319111919029353,-11.335494021306033],[-65.321354961333668,-11.332955252707222],[-65.323191921880039,-11.332046300300874],[-65.325132994485273,-11.331742009043637],[-65.328300150816062,-11.331021484209373],[-65.330445150198443,-11.330814977487137],[-65.33351105819861,-11.330800075544801],[-65.336576233662129,-11.330694777920485],[-65.339130858027147,-11.330385598260818],[-65.343932737239243,-11.329959363346916],[-65.346589512432331,-11.329866205837789],[-65.350062872912588,-11.32934186699282],[-65.353536590713531,-11.328934966048791],[-65.355784216630184,-11.328619030632808],[-65.365384268386947,-11.325967671620958],[-65.366812757587127,-11.32494423764399],[-65.368240456723072,-11.323631628045746],[-65.370581878770452,-11.319682068373538],[-65.371497197852761,-11.317768050966038],[-65.372718468316918,-11.315743163930733],[-65.373327704493249,-11.314120750090581],[-65.374750794190788,-11.310883334395498],[-65.377493998953241,-11.304210509145435],[-65.378000680287641,-11.302489505069047],[-65.378508194234428,-11.300976339217073],[-65.379215740037978,-11.297645202402407],[-65.38033007612114,-11.293398125181739],[-65.381139225491552,-11.290057146074503],[-65.38127310621735,-11.289467347771676],[-65.381644752555133,-11.287830096570303],[-65.382455653554814,-11.285004197375031],[-65.383775666082727,-11.281568791966208],[-65.384177511173959,-11.278330457257596],[-65.38447601868711,-11.275400192469363],[-65.385080149393445,-11.271464425063982],[-65.385886290337112,-11.266605309924557],[-65.386786065830336,-11.258320544247056],[-65.386779937881784,-11.256007198127179],[-65.386767354800099,-11.250847342143175],[-65.386757720355661,-11.246609205012419],[-65.386651516010602,-11.244983441054387],[-65.386221126731641,-11.242791314424835],[-65.385721501822559,-11.240246545952175],[-65.38489729683721,-11.237523991051546],[-65.38428005505375,-11.235504655720774],[-65.383603796066211,-11.233413617999474],[-65.383560028651004,-11.233278286243888],[-65.383045004592418,-11.231673824894244],[-65.381609227786953,-11.229344668564408],[-65.379870337038938,-11.227939644563719],[-65.378335770412889,-11.227039052711234],[-65.377047150270585,-11.226407089135705],[-65.374654379574054,-11.22523362934345],[-65.37291628704611,-11.224434012323456],[-65.371076571478397,-11.223924360887395],[-65.36954426097202,-11.22393641512997],[-65.369460319238442,-11.22394162307063],[-65.36454107417967,-11.224246824487125],[-65.362600253957794,-11.224253012049587],[-65.360965727664905,-11.224057975985659],[-65.358922510575724,-11.22406494165665],[-65.356674993208117,-11.223974085383475],[-65.35422360427691,-11.223767324893061],[-65.352180708842582,-11.223476022950422],[-65.349728087914684,-11.22307945793267],[-65.347274286616994,-11.222176811225609],[-65.346148591892643,-11.221064993259461],[-65.345124257200098,-11.219355940932076],[-65.345043986634892,-11.219164874386649],[-65.34440525304484,-11.217644508608316],[-65.343274466058404,-11.215268664795531],[-65.342866825470082,-11.214412190162363],[-65.342658236881732,-11.212805227108277],[-65.342654327701041,-11.210573121853315],[-65.343464056485573,-11.207539443824544],[-65.343970027012915,-11.205529304284653],[-65.344681344357525,-11.203607939859921],[-65.345802229182539,-11.202189463787931],[-65.347840936867271,-11.200863256397895],[-65.349269644028823,-11.200156297802607],[-65.350492857772622,-11.199450933322453],[-65.353044859464546,-11.19883462000098],[-65.356516994549793,-11.198726212011479],[-65.357947690246988,-11.199022298417901],[-65.360911443224268,-11.200020308340072],[-65.362854687122422,-11.201333527209101],[-65.364183321303642,-11.201829189734951],[-65.365819284799954,-11.202539321441122],[-65.367249655896728,-11.202934765548264],[-65.36898614194547,-11.203020547307915],[-65.371537933413379,-11.202720367710185],[-65.374700509845582,-11.200987548537228],[-65.375922226959005,-11.199468791485288],[-65.376532098049267,-11.198153657158969],[-65.377242940312783,-11.196539513794505],[-65.377643509174163,-11.193301191377259],[-65.378046430789425,-11.190478543162158],[-65.378345928919657,-11.18784648185391],[-65.378752073937619,-11.186433547390891],[-65.379564215311063,-11.184511357825386],[-65.380885687431146,-11.181880289446383],[-65.382411264251743,-11.179347016158829],[-65.383627757396368,-11.17551488242384],[-65.385150130104876,-11.171671301807407],[-65.386472424008502,-11.169347470919888],[-65.387182381466118,-11.167724296036226],[-65.387792071514696,-11.166309756618546],[-65.388189852584503,-11.161959948966683],[-65.388080277367408,-11.158734697142563],[-65.387973968729682,-11.157009517604308],[-65.387661476261144,-11.154291920306264],[-65.387145113143902,-11.151964506811908],[-65.386730689940862,-11.149139266673103],[-65.386522503376966,-11.14763176738262],[-65.385393372315264,-11.14500191683419],[-65.384267249220557,-11.143700439321947],[-65.382629749676369,-11.141887875490738],[-65.381298468564978,-11.140371109755506],[-65.379558872321354,-11.138658727453162],[-65.378330199383299,-11.137150174646763],[-65.376487149527293,-11.13494155236134],[-65.375157467363692,-11.133722949253126],[-65.373213799051882,-11.132012110857659],[-65.371883635102051,-11.130712159876282],[-65.369632302102389,-11.128389185751246],[-65.365949480273912,-11.124974837308343],[-65.362983815258588,-11.12275676085045],[-65.360938798627615,-11.121245413997201],[-65.357361146046685,-11.119239868437603],[-65.355418901686221,-11.118025896074698],[-65.352353108847865,-11.116630824954314],[-65.349286335943987,-11.114820022572644],[-65.346220740343313,-11.113009172290845],[-65.344483066128817,-11.112109830052361],[-65.342236052987403,-11.111395137952911],[-65.34060202331591,-11.111109490465196],[-65.337844032601083,-11.110407729472456],[-65.33600630289294,-11.110015175153421],[-65.332636824178337,-11.109616279883539],[-65.329470081349598,-11.108818160164446],[-65.326917036199006,-11.108214129307726],[-65.323954753182591,-11.107215565083891],[-65.321299245001512,-11.106413446229965],[-65.318950085468032,-11.105717413855643],[-65.316090150567504,-11.105115619100729],[-65.314149091501747,-11.104208584277387],[-65.312616874759385,-11.103406876394729],[-65.31067364014234,-11.101794927392007],[-65.30954871086567,-11.100493061149905],[-65.308319298280537,-11.098161734433518],[-65.30688456177046,-11.095343941414171],[-65.306167368130332,-11.094038967387007],[-65.305449786789438,-11.092517098891165],[-65.304732354179123,-11.091013300556767],[-65.304117140343863,-11.089490651915753],[-65.303705520050585,-11.087785716953476],[-65.303598930640817,-11.08535549395782],[-65.303697635587412,-11.083646702413546],[-65.303791953463701,-11.080003965773585],[-65.303889856953617,-11.077987912664582],[-65.304091646837662,-11.076576573253817],[-65.305715808462139,-11.071919149072585],[-65.306834856245359,-11.070302062597705],[-65.308055636704466,-11.067979298875116],[-65.31019332274218,-11.065242924716586],[-65.312328594009443,-11.061702246453194],[-65.314159473154348,-11.058471132706302],[-65.316806758579105,-11.055532058030394],[-65.318334940445823,-11.054119706795859],[-65.31935308642403,-11.053108856155177],[-65.322511775850671,-11.050970181298567],[-65.325058587093281,-11.048546943697602],[-65.325769963540438,-11.047023291843061],[-65.326174975881543,-11.045511005911806],[-65.326476439675105,-11.043384979988161],[-65.325858371932952,-11.040461634254029],[-65.324629709497174,-11.038546047491309],[-65.323196859108862,-11.036433183399538],[-65.321764832135614,-11.034717938825963],[-65.320026063056332,-11.032905598069135],[-65.318799112134286,-11.031496044704397],[-65.313993545356823,-11.026661301227819],[-65.312050862395097,-11.024841397405055],[-65.31010797188253,-11.022732285144969],[-65.308779635636768,-11.02173011456938],[-65.306940882037509,-11.020424508404403],[-65.305313497010843,-11.019189597723994],[-65.302950891762009,-11.014435641770945],[-65.300695397641789,-11.01193114519981],[-65.298749581511004,-11.010219591949863],[-65.296703961952744,-11.008816038574992],[-65.286578765024217,-11.002719058595517],[-65.284738184665514,-11.001521737836981],[-65.283511468448637,-11.000816900550149],[-65.281465116538016,-10.999413222938131],[-65.27900789644832,-10.997199202804438],[-65.27777073266526,-10.994379644199341],[-65.277557480180064,-10.992266454241019],[-65.278359993684262,-10.989431779035272],[-65.279067517229066,-10.988016691157554],[-65.279977730005157,-10.986401276326148],[-65.2819044910446,-10.984172813022269],[-65.283122358608637,-10.982952759961734],[-65.285155177264812,-10.981428417992731],[-65.288708744421058,-10.978175651878757],[-65.291227195822785,-10.976160690161237],[-65.294295575099568,-10.973705742341338],[-65.296937475864411,-10.971679750421231],[-65.301806598340363,-10.966410774016822],[-65.304028000622566,-10.961848390235559],[-65.304123517536084,-10.960437851326958],[-65.304109021314503,-10.957311039823651],[-65.303896992735474,-10.955595528827985],[-65.30026418999887,-10.941786433883578],[-65.29994179278043,-10.938463081564066],[-65.298872690333098,-10.927969600000836],[-65.298745027824509,-10.922421592533794],[-65.298729445399829,-10.919095948428662],[-65.299103832945264,-10.911926515258131],[-65.299697766900408,-10.908189661733729],[-65.300695401856103,-10.903546072602751],[-65.30581482585194,-10.886969641338396],[-65.307121489641929,-10.883019639047973],[-65.308029203775561,-10.881106008255131],[-65.30984937190874,-10.878073996079308],[-65.310963539754482,-10.876655880533633],[-65.312585178059351,-10.87462848335673],[-65.314107012346369,-10.873397109699738],[-65.315629198856811,-10.871876534137471],[-65.319485879959757,-10.868738933800671],[-65.327909467188476,-10.861527480189864],[-65.329829224553464,-10.857979541119789],[-65.332054054583011,-10.854637167941462],[-65.334788501905791,-10.85109214614323],[-65.335690437572225,-10.849877650825931],[-65.336144718740115,-10.849265941619194],[-65.337420623713399,-10.847547880483432],[-65.342788158884048,-10.840856175113856],[-65.345121183726803,-10.838723923504801],[-65.348575182176887,-10.836583213107758],[-65.351927954364783,-10.834750499508743],[-65.355788773714949,-10.832407840346207],[-65.358123692828826,-10.830781583046246],[-65.360662003862728,-10.828846512666757],[-65.362489936157317,-10.827730145779299],[-65.364419966405364,-10.826612996578262],[-65.367264362807362,-10.824874380631456],[-65.370606421897207,-10.820926932292593],[-65.371919081435863,-10.818594445027315],[-65.373428057532294,-10.814751284604711],[-65.374535354038699,-10.812131172643092],[-65.375139385283774,-10.810707770896215],[-65.377364881694405,-10.807573077966538],[-65.379491021371962,-10.805035574317458],[-65.380096354145849,-10.803820010173808],[-65.380798825310535,-10.801600603202985],[-65.379546672625793,-10.795952998270479],[-65.378012096919008,-10.79465431178653],[-65.376069229076506,-10.793150866480516],[-65.373203905466823,-10.790642260151799],[-65.371767945606223,-10.788628858597065],[-65.371047177374976,-10.787224545801394],[-65.370828034451279,-10.784099394783823],[-65.370820683863769,-10.782689674007599],[-65.371413821469105,-10.7791607410079],[-65.371711635493398,-10.777640265156492],[-65.372510480206699,-10.774398960511689],[-65.374706282707564,-10.765517014417242],[-65.375593432721587,-10.759762755145061],[-65.375774960676267,-10.755324207870274],[-65.375551227849712,-10.751286356313358],[-65.374923319051049,-10.748064891490344],[-65.373262549977426,-10.741814785199722],[-65.372534816140671,-10.739100133051465],[-65.371907243624662,-10.735670793798761],[-65.371179230127211,-10.732748282057401],[-65.370655855742029,-10.730032075128975],[-65.369825055639865,-10.726902476281339],[-65.369304364910874,-10.724493501752136],[-65.368987445638538,-10.722272769057611],[-65.368978659583092,-10.720555791971492],[-65.370068737585996,-10.71460119736264],[-65.371018288059531,-10.700975194867169],[-65.371413304039152,-10.698559327871578],[-65.372208187139506,-10.694712598693684],[-65.372702253685929,-10.691681468067998],[-65.37349637618496,-10.687644968698123],[-65.374194234513254,-10.684811122903682],[-65.375294169181416,-10.680781363583208],[-65.375319614921409,-10.680720326500875],[-65.375604970074335,-10.680035840770756],[-65.376099160616491,-10.678850418427544],[-65.378020256179582,-10.676224260788388],[-65.381464783175034,-10.672972105966721],[-65.388061492762859,-10.668900881031448],[-65.390091107909996,-10.667575185728481],[-65.3925260377315,-10.666056638874977],[-65.39435409060593,-10.665030667222709],[-65.395570204226146,-10.664117765483525],[-65.397700407512161,-10.662592459765108],[-65.402069253815114,-10.660851344574212],[-65.409195140116765,-10.660806202559399],[-65.412657873797627,-10.661096105656668],[-65.415203907059151,-10.661383931695184],[-65.421106707455806,-10.660841791028986],[-65.425779769502299,-10.659098049644456],[-65.427402814543882,-10.658073487780825],[-65.42861674239748,-10.656555039134389],[-65.429624932420779,-10.654739955396053],[-65.430126552762204,-10.653326375506992],[-65.43041990946665,-10.651001685129188],[-65.430302959686742,-10.648174087145321],[-65.429168041505193,-10.645363332021759],[-65.428751606438937,-10.643748948493055],[-65.428436731044542,-10.642034380940572],[-65.428318771634565,-10.63890857147328],[-65.428915944917378,-10.636391782149587],[-65.429921280766735,-10.63396223367198],[-65.431835218202195,-10.630314799111488],[-65.432840091621699,-10.627885253142551],[-65.43333885045547,-10.626074084830407],[-65.434040634938185,-10.623945074883693],[-65.434440032716964,-10.622532284531758],[-65.434833431769562,-10.620008024694357],[-65.435029319340345,-10.618596795453129],[-65.435121268232479,-10.616779711235722],[-65.435112809215013,-10.615171241164205],[-65.434596161847196,-10.613657032770789],[-65.433976849894634,-10.612044204818517],[-65.431727355422709,-10.610145639743678],[-65.429279926836216,-10.609360085834112],[-65.427751573520482,-10.608956072581918],[-65.426120625369549,-10.608462466391245],[-65.424894642047946,-10.607667547919846],[-65.423357912336996,-10.605655025403109],[-65.42294301116118,-10.604239410779712],[-65.422526090593408,-10.602435227778869],[-65.422103661027279,-10.59960992640174],[-65.421891381770422,-10.597894549905504],[-65.421871299827217,-10.594063097496758],[-65.42267270220384,-10.591743577338605],[-65.423780256296254,-10.589412690331073],[-65.425996416633211,-10.585166598493743],[-65.427305306013807,-10.582544998609933],[-65.428406008626609,-10.579102637885796],[-65.429102475182219,-10.576070012850778],[-65.429394410225825,-10.573645934419574],[-65.429588532255423,-10.57183710178532],[-65.429982691692203,-10.569511649750098],[-65.430582366316742,-10.567392478175179],[-65.431185500068693,-10.566176956740833],[-65.433816452025155,-10.563238030556022],[-65.436246589636539,-10.561104894368668],[-65.438375769804736,-10.559778313045229],[-65.439692058776757,-10.558566374126144],[-65.441415204271948,-10.557233844260224],[-65.443435644706369,-10.554597750272592],[-65.444447048988025,-10.553487535735144],[-65.445151923880815,-10.552081455376424],[-65.445851443369349,-10.549753674688645],[-65.445841742442269,-10.547928340106125],[-65.445830980582173,-10.546021683335709],[-65.445719548565592,-10.544305566800006],[-65.444377169730728,-10.540484277224834],[-65.443043984934036,-10.538678088003735],[-65.440182087600704,-10.536169653139268],[-65.438750019501128,-10.534870247030938],[-65.437520817761197,-10.533162633448399],[-65.43649611219837,-10.531751667960577],[-65.435569279299841,-10.52984293111291],[-65.434641501210933,-10.527626946352939],[-65.434629049314253,-10.525214226631078],[-65.435227889504915,-10.523086036098562],[-65.438855556018609,-10.516515839972556],[-65.440571513680595,-10.514080935289883],[-65.441884762097402,-10.512462398670664],[-65.443907788608499,-10.510332395085925],[-65.445120836595891,-10.508913422820683],[-65.446840698869892,-10.507192371670158],[-65.447852604296088,-10.506181579148517],[-65.449572998074302,-10.504550882156309],[-65.450196054826279,-10.503793950543979],[-65.45199828567047,-10.501604478245667],[-65.453007492362474,-10.500087644483244],[-65.453395878053641,-10.49685859070928],[-65.453386979014908,-10.495150730993601],[-65.452889274284189,-10.493918385683514],[-65.451840660762514,-10.491321958774961],[-65.449793595108815,-10.489024187035909],[-65.44927666118781,-10.487509965209881],[-65.448858717635233,-10.485497969238338],[-65.448440984531203,-10.483585373342635],[-65.448125049223506,-10.481572596844273],[-65.446792688723178,-10.479666958061671],[-65.445158572950561,-10.478360027351357],[-65.443629429238172,-10.477766188957332],[-65.44159469895294,-10.47757379657736],[-65.439966547126517,-10.477586151844775],[-65.437327607246289,-10.47850983621862],[-65.43549953318626,-10.478921302804395],[-65.433262517692015,-10.479137044921913],[-65.431839099819911,-10.479247216076772],[-65.42960113100429,-10.479155689090021],[-65.427869009001654,-10.478563302595717],[-65.425728216458879,-10.47756732985556],[-65.423885913879303,-10.475556963762642],[-65.422246873562131,-10.473355277627832],[-65.421323854777995,-10.471844030733905],[-65.420296729393669,-10.469944976376667],[-65.419371661367052,-10.468126480839942],[-65.414766323433639,-10.462612392948301],[-65.41323121563579,-10.460906882231825],[-65.41230915985642,-10.459603433106736],[-65.411487678009166,-10.458001008149665],[-65.410457925203559,-10.455686218468827],[-65.409942776326773,-10.454370676549956],[-65.408912909229286,-10.452055877287023],[-65.408294870634336,-10.450451915737233],[-65.407469145031484,-10.44813558170739],[-65.40685128661471,-10.44672138877246],[-65.405513472919324,-10.443613610237946],[-65.404684006057835,-10.440592403051937],[-65.403959573545535,-10.438175886106535],[-65.402926688319383,-10.435147144384587],[-65.401894577593964,-10.432235869883471],[-65.40137761452138,-10.430631125776642],[-65.400959221306437,-10.428311723179263],[-65.400809752631744,-10.42651101611375],[-65.400741819895359,-10.425692604104427],[-65.400824257378417,-10.422059111504723],[-65.400862782293757,-10.421958621489466],[-65.40155187771785,-10.420161155897176],[-65.401828363732648,-10.419439958105045],[-65.403239043225881,-10.416908154593955],[-65.404954095357482,-10.414473494139884],[-65.406872047823299,-10.411639693647146],[-65.407879962923914,-10.410113983921008],[-65.409996156012426,-10.406384041334775],[-65.411100818103932,-10.40385450523604],[-65.412004079374469,-10.401624688081142],[-65.412554718426691,-10.39995723419355],[-65.41290455311389,-10.398897859260444],[-65.413806426208851,-10.396469239762041],[-65.414206217177195,-10.395065535171341],[-65.414416092454701,-10.394490897648154],[-65.414813633124595,-10.393402433162862],[-65.414907846803771,-10.393144476552379],[-65.414998492747827,-10.391128563064171],[-65.414984034809606,-10.388399513696243],[-65.414667746088242,-10.386187816717552],[-65.414049247755258,-10.38457480576028],[-65.412817737772912,-10.382369911556907],[-65.410465755914231,-10.379658224259174],[-65.40842179196261,-10.377748517987925],[-65.406586422533735,-10.376659614410755],[-65.404445465638332,-10.37536510911491],[-65.401385524271006,-10.373462863709165],[-65.398526862273968,-10.371260872104926],[-65.395770733210554,-10.368958682421862],[-65.393421513709882,-10.366752871752453],[-65.39137836805827,-10.364852046525357],[-65.389538667016268,-10.362940670511193],[-65.384728754730986,-10.356523465293037],[-65.379685953064609,-10.344450571383561],[-65.378658920352336,-10.342243962568773],[-65.377019336093042,-10.3397345517198],[-65.375485972392767,-10.337929254914229],[-65.373544539725685,-10.335819653094859],[-65.372318279274907,-10.334617591071776],[-65.370787889812277,-10.333417733966201],[-65.368951639236229,-10.332120679509046],[-65.367322290258642,-10.331418568858112],[-65.365588034323423,-10.330220159262012],[-65.363959522961295,-10.329725879348302],[-65.362635578913853,-10.329229384111727],[-65.360599597973192,-10.328530178218898],[-65.358155102343574,-10.32744530600462],[-65.355399292058507,-10.325133581132263],[-65.35345554993313,-10.322526773984464],[-65.352431257155501,-10.321024919227114],[-65.350687872107017,-10.317811136893567],[-65.348943130164685,-10.314290075841882],[-65.347711292443989,-10.311777499632115],[-65.346274038994125,-10.308859706031626],[-65.345142882192306,-10.306147564693902],[-65.344415324330157,-10.302917388715343],[-65.343484671995157,-10.29959828833239],[-65.342552750400671,-10.296179777937368],[-65.341517793093374,-10.292255900583996],[-65.340484485766979,-10.288729649556387],[-65.339347803391149,-10.28480648005683],[-65.339257023268431,-10.284515516291094],[-65.338624759151003,-10.282489015961801],[-65.337692397688386,-10.278971057865306],[-65.337278022239502,-10.277256893900869],[-65.336348306019204,-10.274136554763629],[-65.334912758820678,-10.271426496949459],[-65.333580987813093,-10.269221788869913],[-65.331741145994442,-10.266803781989495],[-65.32969696771039,-10.264396246534318],[-65.324991932386524,-10.257877386159805],[-65.324272683513641,-10.256255716982537],[-65.323145557918053,-10.254157938247374],[-65.321916395074425,-10.252142211469163],[-65.320380170936915,-10.24953216408278],[-65.318228215286183,-10.245805784004119],[-65.317408239662768,-10.244103457275742],[-65.317297343363009,-10.243814162978254],[-65.316789778719794,-10.24249008311881],[-65.316680867693208,-10.240782741891564],[-65.316672535568898,-10.239065654386764],[-65.317068045382484,-10.236848654609673],[-65.317871671007651,-10.234927022386671],[-65.318673575983496,-10.232707161252961],[-65.319473757678622,-10.229990244419696],[-65.320066754751224,-10.22655177987923],[-65.32074441942973,-10.219696508776622],[-65.321235270734576,-10.21606897672018],[-65.321939640569099,-10.214645114957477],[-65.322841269276353,-10.212026902019829],[-65.324450731202489,-10.208888560723722],[-65.325762557470398,-10.207062763459248],[-65.326870609334946,-10.205148025057554],[-65.328482073583132,-10.202316941344407],[-65.329384569161562,-10.199888509899552],[-65.33168492007826,-10.192524751759322],[-65.332179889574491,-10.189900371460055],[-65.332962362905334,-10.183749322626113],[-65.332949657261622,-10.181128525477845],[-65.332226342518027,-10.178512737990786],[-65.328734492382125,-10.170475822357162],[-65.3281174860428,-10.168961848674542],[-65.327699954897071,-10.166542712669695],[-65.327887138171889,-10.163324019024571],[-65.328381801158798,-10.1604917814077],[-65.328570407502696,-10.157670732045233],[-65.328764341060605,-10.15575340328877],[-65.329157374447789,-10.153039369645967],[-65.329449159705177,-10.15031700998702],[-65.329437254343304,-10.147895022933596],[-65.329521581884251,-10.144261324570152],[-65.329506989455467,-10.141342288791805],[-65.329390172543413,-10.138017278337657],[-65.328340547696996,-10.131165107417644],[-65.327812205694329,-10.126740386486119],[-65.327384292176362,-10.122206506682119],[-65.327467418961646,-10.118572808993292],[-65.328265830419298,-10.115648078743789],[-65.330683078687173,-10.111510020933565],[-65.332700457268402,-10.108874996155748],[-65.33482483107116,-10.107459286953429],[-65.335124620452575,-10.107209483420888],[-65.335537410544816,-10.10686552052681],[-65.336038951209787,-10.106447605024812],[-65.339879768200319,-10.103094834537671],[-65.342909470873394,-10.099946563848732],[-65.344522580447688,-10.097630655798412],[-65.347849847186581,-10.092971006377525],[-65.35026742398702,-10.089230537490209],[-65.351877308805456,-10.086200677745524],[-65.353481613065469,-10.082158659798608],[-65.355380798690703,-10.076207659763782],[-65.355966140001499,-10.07146790740768],[-65.356251147770251,-10.06764305607345],[-65.355821192821736,-10.062802009795803],[-65.354670548004265,-10.055959713580762],[-65.35414753787876,-10.052836427852412],[-65.353111564024118,-10.048505721142476],[-65.352178541756132,-10.044680380805175],[-65.351342244053228,-10.039751779441417],[-65.350822854134435,-10.037342410287181],[-65.349170117764345,-10.031307899828562],[-65.347935918185556,-10.028081107787386],[-65.347319036683757,-10.02647674384383],[-65.34669801259605,-10.023968653275233],[-65.345809198371853,-10.020441188296445],[-65.345731859190323,-10.015552420137908],[-65.34582031451464,-10.015100526549475],[-65.346325298986301,-10.012520701686412],[-65.347017057875746,-10.008891820450572],[-65.349012667223292,-10.002135890151976],[-65.351815124269024,-9.994569989248248],[-65.352816122520323,-9.9921499807646796],[-65.35512469002424,-9.9871993706915987],[-65.356225036228693,-9.9841731552243118],[-65.357317910881534,-9.979538320034635],[-65.357705753079529,-9.9759115768856077],[-65.357896475601478,-9.9734881977543068],[-65.357875858240789,-9.9694666606910118],[-65.357839110476107,-9.9621104017563198],[-65.357824516402616,-9.9589925692550878],[-65.357805074915689,-9.9550704331202837],[-65.357381229922453,-9.9514403162719987],[-65.356754521186531,-9.9478206474916533],[-65.356133005065203,-9.9453125511950589],[-65.355618734114046,-9.9437074558944687],[-65.35459200414698,-9.9411931355970751],[-65.353156420171103,-9.937976723736142],[-65.350188768344083,-9.9324482858476699],[-65.349981289090124,-9.932151652535822],[-65.347942960368641,-9.9292374517766007],[-65.345592174737703,-9.9254308386784373],[-65.34375319894508,-9.9226238316760487],[-65.342629772011833,-9.9209144523002237],[-65.337731270535983,-9.9143959762851068],[-65.334875983333404,-9.9109903668193624],[-65.32937676551461,-9.9056868787698704],[-65.326429184035078,-9.9041977870458595],[-65.323682002592022,-9.9019933125775879],[-65.321338079936879,-9.8993883922482837],[-65.318887088202757,-9.8956725336742579],[-65.317559825446722,-9.8936752012216971],[-65.313982348881041,-9.887445417954666],[-65.313056879312285,-9.884830750670119],[-65.311722546475664,-9.8811162420396386],[-65.31089965608777,-9.8787087334671355],[-65.310588793365469,-9.8772015281836616],[-65.31016529737775,-9.8733814046216253],[-65.310151519634076,-9.8704532448893474],[-65.31054645599113,-9.8683357182777627],[-65.311940248251403,-9.8630933753149179],[-65.312944763295093,-9.8610801710939882],[-65.315155512425576,-9.8571337327142032],[-65.316061748627305,-9.8559255568554249],[-65.317874140222273,-9.8535001647377953],[-65.320093523260027,-9.8512708339160895],[-65.322515031008152,-9.8491395354943165],[-65.324739284633608,-9.847931418650262],[-65.328580382435632,-9.8457904241993788],[-65.332319175749092,-9.84374950985341],[-65.335249815997884,-9.8419219545950796],[-65.33747125568226,-9.8404065129005289],[-65.34282422198288,-9.8365469378439343],[-65.345444075827402,-9.8336188597505156],[-65.346649583441433,-9.8314957872541413],[-65.347550322023892,-9.8290765639512756],[-65.34864759336898,-9.82554436641135],[-65.348735251910341,-9.8228234450700143],[-65.348723247293663,-9.8205098996980382],[-65.348508353176612,-9.8179898803147125],[-65.34829544619123,-9.8158765387454991],[-65.348279786438979,-9.8126682930113702],[-65.34846487405656,-9.8091333172167197],[-65.349157090166784,-9.8057033190844436],[-65.350046537474498,-9.8011784202407171],[-65.352154714949222,-9.7971422408779176],[-65.354270749962041,-9.7949135225601935],[-65.35698995868421,-9.7916684488469059],[-65.359101363622301,-9.788337164391919],[-65.361007962167662,-9.7846096310290704],[-65.362404021377131,-9.7800631888534326],[-65.363901496502194,-9.7757329522842156],[-65.364900818770423,-9.7730057847485909],[-65.366099873811379,-9.7696717299590432],[-65.367803305730092,-9.7658371431194837],[-65.371501640474492,-9.7561596373475368],[-65.372896050743009,-9.7514234291286925],[-65.374592463656143,-9.7462784569848964],[-65.376092329698281,-9.7425446868053882],[-65.378709438857072,-9.7392099040955031],[-65.380621630528765,-9.7367837195519087],[-65.38737121405444,-9.7296969612024213]],[[-67.624057452847524,-14.009213440460314],[-67.623623968182642,-14.010450264081044],[-67.625329218426771,-14.010382745526385],[-67.625762709917808,-14.010399926909031],[-67.624057452847524,-14.009213440460314]],[[-67.638706442236071,-14.027256407816822],[-67.63772695990582,-14.025553055737817],[-67.636877266552631,-14.024469319983893],[-67.636081600074817,-14.023105054202631],[-67.635107471518438,-14.02169008923272],[-67.634134748377107,-14.020320169879653],[-67.633281707249409,-14.019020090975118],[-67.632486679657688,-14.017718901259684],[-67.632105006253312,-14.017409601657846],[-67.631640169598654,-14.019844088055663],[-67.629618883709952,-14.022025832196277],[-67.62621733146392,-14.023631024823203],[-67.624524079998935,-14.028462058758748],[-67.630343081219735,-14.031208355633737],[-67.631977355633808,-14.033739081219721],[-67.632842081219735,-14.034540355633737],[-67.634043992840873,-14.035837444012657],[-67.635437884930695,-14.037129041424805],[-67.635308135418938,-14.040399827313422],[-67.636175301434491,-14.042873609540038],[-67.636110426678613,-14.044507883954054],[-67.637007081219735,-14.046202355633739],[-67.637880755047831,-14.048961668133813],[-67.639734871502981,-14.052465718426788],[-67.638003590008793,-14.05573752116112],[-67.641187537274448,-14.057928416913057],[-67.644760529705991,-14.057786871991141],[-67.643456120038138,-14.061907334149453],[-67.637091072674821,-14.063922518963921],[-67.636574718426687,-14.066626718426789],[-67.637840081219736,-14.067027355633741],[-67.639041992840873,-14.06832444401266],[-67.640398261639575,-14.069581061932638],[-67.642490726727544,-14.076190355633742],[-67.647375043377963,-14.073519712079076],[-67.651040975506817,-14.069563165448244],[-67.653666064374022,-14.069459040448237],[-67.655701992840875,-14.07165644401266],[-67.659001657147485,-14.074713895672858],[-67.662077818768523,-14.07918415275293],[-67.661900277508721,-14.083661934491204],[-67.666091715497032,-14.084760127850586],[-67.669366975506819,-14.081225165448245],[-67.671001656659143,-14.081160290692424],[-67.672826081219739,-14.082021355633742],[-67.675979929852531,-14.085425144940416],[-67.680375241154479,-14.085250891506064],[-67.6797675454157,-14.085069712460552],[-67.678390794389088,-14.084167726081887],[-67.677196707676387,-14.083505618236018],[-67.675762714630764,-14.082676840462568],[-67.67272848300513,-14.081473233542738],[-67.669351034001011,-14.080790082573003],[-67.665050665330341,-14.078348580455724],[-67.662954660583409,-14.07690135672118],[-67.661443267404024,-14.075208453186576],[-67.659695577004243,-14.073511061911745],[-67.65801276649546,-14.072055826931035],[-67.656930111303893,-14.071102938062097],[-67.654882198195025,-14.069140788908896],[-67.652721522609113,-14.0674512487642],[-67.651332382666112,-14.06592719449219],[-67.649509568632993,-14.063482816972169],[-67.648219975395193,-14.061091305630725],[-67.646592277898833,-14.056695728026966],[-67.645959837685666,-14.054751405675233],[-67.645323507131195,-14.052563725294817],[-67.645012534283524,-14.049071531274819],[-67.64409141255743,-14.044590246629241],[-67.64346204386419,-14.040004194846119],[-67.642433453033448,-14.036047858462439],[-67.641931809727112,-14.034614903726322],[-67.641427850856587,-14.033118879100925],[-67.640743176667911,-14.031482048541534],[-67.640185372163558,-14.030212442764139],[-67.638706442236071,-14.027256407816822]],[[-67.683383502791514,-14.085838229161368],[-67.681726969069246,-14.085653897085649],[-67.681227664162122,-14.08550503379638],[-67.682326267254894,-14.087832628827186],[-67.6860296193056,-14.08797946134672],[-67.689567223989741,-14.085266782679696],[-67.683383502791514,-14.085838229161368]]]]},"properties":{"FID":0,"PRO_COR_AR":4.6406000000000001,"NOM_DPTO":"Pando","NOM_PROV":"Federico Roman","NOM_MUN_1":"Villa Nueva","AREA_KM2":16.758700000000001,"VALOR_AREA":77.770399999999995,"VAL_DEP":315721.53320000001,"VAL_PROV":66199.068100000004,"VAL_MUN":14966.2107}}]}